Repère / source,Matériel,Désignation,Qté,Portée,Modèle,Prescription / réserve,Parent,X pixels source,Y pixels source,Pastille,Circuits,Ampères,Pôles,Protection source
E200-0001,Luminaire extérieur encastré,Symbole noir ovale à ouverture centrale; réf. cédule E108,1,IMPLANTATIONS ET RENVOIS — REVUE INDÉPENDANTE ATTENDUE,MODELE NON PRECISE,,RDC extérieur,7932.37,934.62,1,,,,
E200-0002,Luminaire extérieur encastré,Symbole noir ovale à ouverture centrale; réf. cédule E108,1,IMPLANTATIONS ET RENVOIS — REVUE INDÉPENDANTE ATTENDUE,MODELE NON PRECISE,,RDC extérieur,8146.1,934.62,1,,,,
E200-0003,Luminaire extérieur encastré,Symbole noir ovale à ouverture centrale; réf. cédule E108,1,IMPLANTATIONS ET RENVOIS — REVUE INDÉPENDANTE ATTENDUE,MODELE NON PRECISE,,RDC extérieur,1018.03,936.48,1,,,,
E200-0004,Luminaire extérieur encastré,Symbole noir ovale à ouverture centrale; réf. cédule E108,1,IMPLANTATIONS ET RENVOIS — REVUE INDÉPENDANTE ATTENDUE,MODELE NON PRECISE,,RDC extérieur,1231.76,936.48,1,,,,
E200-0005,Luminaire extérieur encastré,Symbole noir ovale à ouverture centrale; réf. cédule E108,1,IMPLANTATIONS ET RENVOIS — REVUE INDÉPENDANTE ATTENDUE,MODELE NON PRECISE,,RDC extérieur,1820.48,936.48,1,,,,
E200-0006,Luminaire extérieur encastré,Symbole noir ovale à ouverture centrale; réf. cédule E108,1,IMPLANTATIONS ET RENVOIS — REVUE INDÉPENDANTE ATTENDUE,MODELE NON PRECISE,,RDC extérieur,2349.18,936.48,1,,,,
E200-0007,Luminaire extérieur encastré,Symbole noir ovale à ouverture centrale; réf. cédule E108,1,IMPLANTATIONS ET RENVOIS — REVUE INDÉPENDANTE ATTENDUE,MODELE NON PRECISE,,RDC extérieur,2562.91,936.48,1,,,,
E200-0008,Luminaire extérieur encastré,Symbole noir ovale à ouverture centrale; réf. cédule E108,1,IMPLANTATIONS ET RENVOIS — REVUE INDÉPENDANTE ATTENDUE,MODELE NON PRECISE,,RDC extérieur,2714.77,936.48,1,,,,
E200-0009,Luminaire extérieur encastré,Symbole noir ovale à ouverture centrale; réf. cédule E108,1,IMPLANTATIONS ET RENVOIS — REVUE INDÉPENDANTE ATTENDUE,MODELE NON PRECISE,,RDC extérieur,2928.5,936.48,1,,,,
E200-0010,Luminaire extérieur encastré,Symbole noir ovale à ouverture centrale; réf. cédule E108,1,IMPLANTATIONS ET RENVOIS — REVUE INDÉPENDANTE ATTENDUE,MODELE NON PRECISE,,RDC extérieur,3080.36,936.48,1,,,,
E200-0011,Luminaire extérieur encastré,Symbole noir ovale à ouverture centrale; réf. cédule E108,1,IMPLANTATIONS ET RENVOIS — REVUE INDÉPENDANTE ATTENDUE,MODELE NON PRECISE,,RDC extérieur,3294.09,936.48,1,,,,
E200-0012,Luminaire extérieur encastré,Symbole noir ovale à ouverture centrale; réf. cédule E108,1,IMPLANTATIONS ET RENVOIS — REVUE INDÉPENDANTE ATTENDUE,MODELE NON PRECISE,,RDC extérieur,3714.01,936.48,1,,,,
E200-0013,Luminaire extérieur encastré,Symbole noir ovale à ouverture centrale; réf. cédule E108,1,IMPLANTATIONS ET RENVOIS — REVUE INDÉPENDANTE ATTENDUE,MODELE NON PRECISE,,RDC extérieur,3927.74,936.48,1,,,,
E200-0014,Luminaire extérieur encastré,Symbole noir ovale à ouverture centrale; réf. cédule E108,1,IMPLANTATIONS ET RENVOIS — REVUE INDÉPENDANTE ATTENDUE,MODELE NON PRECISE,,RDC extérieur,4255.87,936.48,1,,,,
E200-0015,Luminaire extérieur encastré,Symbole noir ovale à ouverture centrale; réf. cédule E108,1,IMPLANTATIONS ET RENVOIS — REVUE INDÉPENDANTE ATTENDUE,MODELE NON PRECISE,,RDC extérieur,4469.6,936.48,1,,,,
E200-0016,Luminaire extérieur encastré,Symbole noir ovale à ouverture centrale; réf. cédule E108,1,IMPLANTATIONS ET RENVOIS — REVUE INDÉPENDANTE ATTENDUE,MODELE NON PRECISE,,RDC extérieur,5390.11,936.48,1,,,,
E200-0017,Luminaire extérieur encastré,Symbole noir ovale à ouverture centrale; réf. cédule E108,1,IMPLANTATIONS ET RENVOIS — REVUE INDÉPENDANTE ATTENDUE,MODELE NON PRECISE,,RDC extérieur,5603.84,936.48,1,,,,
E200-0018,Luminaire extérieur encastré,Symbole noir ovale à ouverture centrale; réf. cédule E108,1,IMPLANTATIONS ET RENVOIS — REVUE INDÉPENDANTE ATTENDUE,MODELE NON PRECISE,,RDC extérieur,5930.06,936.48,1,,,,
E200-0019,Luminaire extérieur encastré,Symbole noir ovale à ouverture centrale; réf. cédule E108,1,IMPLANTATIONS ET RENVOIS — REVUE INDÉPENDANTE ATTENDUE,MODELE NON PRECISE,,RDC extérieur,6143.79,936.48,1,,,,
E200-0020,Luminaire extérieur encastré,Symbole noir ovale à ouverture centrale; réf. cédule E108,1,IMPLANTATIONS ET RENVOIS — REVUE INDÉPENDANTE ATTENDUE,MODELE NON PRECISE,,RDC extérieur,6565.62,936.48,1,,,,
E200-0021,Luminaire extérieur encastré,Symbole noir ovale à ouverture centrale; réf. cédule E108,1,IMPLANTATIONS ET RENVOIS — REVUE INDÉPENDANTE ATTENDUE,MODELE NON PRECISE,,RDC extérieur,6777.5,936.48,1,,,,
E200-0022,Luminaire extérieur encastré,Symbole noir ovale à ouverture centrale; réf. cédule E108,1,IMPLANTATIONS ET RENVOIS — REVUE INDÉPENDANTE ATTENDUE,MODELE NON PRECISE,,RDC extérieur,6931.21,936.48,1,,,,
E200-0023,Luminaire extérieur encastré,Symbole noir ovale à ouverture centrale; réf. cédule E108,1,IMPLANTATIONS ET RENVOIS — REVUE INDÉPENDANTE ATTENDUE,MODELE NON PRECISE,,RDC extérieur,7143.09,936.48,1,,,,
E200-0024,Luminaire extérieur encastré,Symbole noir ovale à ouverture centrale; réf. cédule E108,1,IMPLANTATIONS ET RENVOIS — REVUE INDÉPENDANTE ATTENDUE,MODELE NON PRECISE,,RDC extérieur,7296.81,936.48,1,,,,
E200-0025,Luminaire extérieur encastré,Symbole noir ovale à ouverture centrale; réf. cédule E108,1,IMPLANTATIONS ET RENVOIS — REVUE INDÉPENDANTE ATTENDUE,MODELE NON PRECISE,,RDC extérieur,7510.54,936.48,1,,,,
E200-0026,Luminaire extérieur encastré,Symbole noir ovale à ouverture centrale; réf. cédule E108,1,IMPLANTATIONS ET RENVOIS — REVUE INDÉPENDANTE ATTENDUE,MODELE NON PRECISE,,RDC extérieur,8626.09,936.48,1,,,,
E200-0027,Luminaire extérieur encastré,Symbole noir ovale à ouverture centrale; réf. cédule E108,1,IMPLANTATIONS ET RENVOIS — REVUE INDÉPENDANTE ATTENDUE,MODELE NON PRECISE,,RDC extérieur,8839.83,936.48,1,,,,
E200-0028,Luminaire extérieur encastré,Symbole noir ovale à ouverture centrale; réf. cédule E108,1,IMPLANTATIONS ET RENVOIS — REVUE INDÉPENDANTE ATTENDUE,MODELE NON PRECISE,,RDC extérieur,7930.52,2286.35,1,,,,
E200-0029,Luminaire extérieur encastré,Symbole noir ovale à ouverture centrale; réf. cédule E108,1,IMPLANTATIONS ET RENVOIS — REVUE INDÉPENDANTE ATTENDUE,MODELE NON PRECISE,,RDC extérieur,8144.25,2286.35,1,,,,
E200-0030,Luminaire extérieur encastré,Symbole noir ovale à ouverture centrale; réf. cédule E108,1,IMPLANTATIONS ET RENVOIS — REVUE INDÉPENDANTE ATTENDUE,MODELE NON PRECISE,,RDC extérieur,1021.8,2288.21,1,,,,
E200-0031,Luminaire extérieur encastré,Symbole noir ovale à ouverture centrale; réf. cédule E108,1,IMPLANTATIONS ET RENVOIS — REVUE INDÉPENDANTE ATTENDUE,MODELE NON PRECISE,,RDC extérieur,1235.53,2288.21,1,,,,
E200-0032,Luminaire extérieur encastré,Symbole noir ovale à ouverture centrale; réf. cédule E108,1,IMPLANTATIONS ET RENVOIS — REVUE INDÉPENDANTE ATTENDUE,MODELE NON PRECISE,,RDC extérieur,1719.23,2288.21,1,,,,
E200-0033,Luminaire extérieur encastré,Symbole noir ovale à ouverture centrale; réf. cédule E108,1,IMPLANTATIONS ET RENVOIS — REVUE INDÉPENDANTE ATTENDUE,MODELE NON PRECISE,,RDC extérieur,1932.96,2288.21,1,,,,
E200-0034,Luminaire extérieur encastré,Symbole noir ovale à ouverture centrale; réf. cédule E108,1,IMPLANTATIONS ET RENVOIS — REVUE INDÉPENDANTE ATTENDUE,MODELE NON PRECISE,,RDC extérieur,2339.78,2288.21,1,,,,
E200-0035,Luminaire extérieur encastré,Symbole noir ovale à ouverture centrale; réf. cédule E108,1,IMPLANTATIONS ET RENVOIS — REVUE INDÉPENDANTE ATTENDUE,MODELE NON PRECISE,,RDC extérieur,2553.51,2288.21,1,,,,
E200-0036,Luminaire extérieur encastré,Symbole noir ovale à ouverture centrale; réf. cédule E108,1,IMPLANTATIONS ET RENVOIS — REVUE INDÉPENDANTE ATTENDUE,MODELE NON PRECISE,,RDC extérieur,2712.86,2288.21,1,,,,
E200-0037,Luminaire extérieur encastré,Symbole noir ovale à ouverture centrale; réf. cédule E108,1,IMPLANTATIONS ET RENVOIS — REVUE INDÉPENDANTE ATTENDUE,MODELE NON PRECISE,,RDC extérieur,2926.59,2288.21,1,,,,
E200-0038,Luminaire extérieur encastré,Symbole noir ovale à ouverture centrale; réf. cédule E108,1,IMPLANTATIONS ET RENVOIS — REVUE INDÉPENDANTE ATTENDUE,MODELE NON PRECISE,,RDC extérieur,3084.07,2288.21,1,,,,
E200-0039,Luminaire extérieur encastré,Symbole noir ovale à ouverture centrale; réf. cédule E108,1,IMPLANTATIONS ET RENVOIS — REVUE INDÉPENDANTE ATTENDUE,MODELE NON PRECISE,,RDC extérieur,3297.8,2288.21,1,,,,
E200-0040,Luminaire extérieur encastré,Symbole noir ovale à ouverture centrale; réf. cédule E108,1,IMPLANTATIONS ET RENVOIS — REVUE INDÉPENDANTE ATTENDUE,MODELE NON PRECISE,,RDC extérieur,3706.53,2288.21,1,,,,
E200-0041,Luminaire extérieur encastré,Symbole noir ovale à ouverture centrale; réf. cédule E108,1,IMPLANTATIONS ET RENVOIS — REVUE INDÉPENDANTE ATTENDUE,MODELE NON PRECISE,,RDC extérieur,3918.41,2288.21,1,,,,
E200-0042,Luminaire extérieur encastré,Symbole noir ovale à ouverture centrale; réf. cédule E108,1,IMPLANTATIONS ET RENVOIS — REVUE INDÉPENDANTE ATTENDUE,MODELE NON PRECISE,,RDC extérieur,4253.96,2288.21,1,,,,
E200-0043,Luminaire extérieur encastré,Symbole noir ovale à ouverture centrale; réf. cédule E108,1,IMPLANTATIONS ET RENVOIS — REVUE INDÉPENDANTE ATTENDUE,MODELE NON PRECISE,,RDC extérieur,4467.69,2288.21,1,,,,
E200-0044,Luminaire extérieur encastré,Symbole noir ovale à ouverture centrale; réf. cédule E108,1,IMPLANTATIONS ET RENVOIS — REVUE INDÉPENDANTE ATTENDUE,MODELE NON PRECISE,,RDC extérieur,5388.25,2288.21,1,,,,
E200-0045,Luminaire extérieur encastré,Symbole noir ovale à ouverture centrale; réf. cédule E108,1,IMPLANTATIONS ET RENVOIS — REVUE INDÉPENDANTE ATTENDUE,MODELE NON PRECISE,,RDC extérieur,5601.98,2288.21,1,,,,
E200-0046,Luminaire extérieur encastré,Symbole noir ovale à ouverture centrale; réf. cédule E108,1,IMPLANTATIONS ET RENVOIS — REVUE INDÉPENDANTE ATTENDUE,MODELE NON PRECISE,,RDC extérieur,5928.2,2288.21,1,,,,
E200-0047,Luminaire extérieur encastré,Symbole noir ovale à ouverture centrale; réf. cédule E108,1,IMPLANTATIONS ET RENVOIS — REVUE INDÉPENDANTE ATTENDUE,MODELE NON PRECISE,,RDC extérieur,6141.93,2288.21,1,,,,
E200-0048,Luminaire extérieur encastré,Symbole noir ovale à ouverture centrale; réf. cédule E108,1,IMPLANTATIONS ET RENVOIS — REVUE INDÉPENDANTE ATTENDUE,MODELE NON PRECISE,,RDC extérieur,6563.77,2288.21,1,,,,
E200-0049,Luminaire extérieur encastré,Symbole noir ovale à ouverture centrale; réf. cédule E108,1,IMPLANTATIONS ET RENVOIS — REVUE INDÉPENDANTE ATTENDUE,MODELE NON PRECISE,,RDC extérieur,6777.5,2288.21,1,,,,
E200-0050,Luminaire extérieur encastré,Symbole noir ovale à ouverture centrale; réf. cédule E108,1,IMPLANTATIONS ET RENVOIS — REVUE INDÉPENDANTE ATTENDUE,MODELE NON PRECISE,,RDC extérieur,6929.36,2288.21,1,,,,
E200-0051,Luminaire extérieur encastré,Symbole noir ovale à ouverture centrale; réf. cédule E108,1,IMPLANTATIONS ET RENVOIS — REVUE INDÉPENDANTE ATTENDUE,MODELE NON PRECISE,,RDC extérieur,7141.23,2288.21,1,,,,
E200-0052,Luminaire extérieur encastré,Symbole noir ovale à ouverture centrale; réf. cédule E108,1,IMPLANTATIONS ET RENVOIS — REVUE INDÉPENDANTE ATTENDUE,MODELE NON PRECISE,,RDC extérieur,7294.95,2288.21,1,,,,
E200-0053,Luminaire extérieur encastré,Symbole noir ovale à ouverture centrale; réf. cédule E108,1,IMPLANTATIONS ET RENVOIS — REVUE INDÉPENDANTE ATTENDUE,MODELE NON PRECISE,,RDC extérieur,7508.68,2288.21,1,,,,
E200-0054,Luminaire extérieur encastré,Symbole noir ovale à ouverture centrale; réf. cédule E108,1,IMPLANTATIONS ET RENVOIS — REVUE INDÉPENDANTE ATTENDUE,MODELE NON PRECISE,,RDC extérieur,8626.09,2288.21,1,,,,
E200-0055,Luminaire extérieur encastré,Symbole noir ovale à ouverture centrale; réf. cédule E108,1,IMPLANTATIONS ET RENVOIS — REVUE INDÉPENDANTE ATTENDUE,MODELE NON PRECISE,,RDC extérieur,8839.83,2288.21,1,,,,
E200-0056,Carré diagonal à identifier,Symbole vu au commerce,1,IMPLANTATIONS ET RENVOIS — REVUE INDÉPENDANTE ATTENDUE,MODELE NON PRECISE,Type absent de la cédule E108; éclairage temporaire prescrit dans ces zones. Ne pas choisir de modèle.,RDC commerces,1214.89,1333.0,1,,,,
E200-0057,Carré diagonal à identifier,Symbole vu au commerce,1,IMPLANTATIONS ET RENVOIS — REVUE INDÉPENDANTE ATTENDUE,MODELE NON PRECISE,Type absent de la cédule E108; éclairage temporaire prescrit dans ces zones. Ne pas choisir de modèle.,RDC commerces,1878.58,1333.0,1,,,,
E200-0058,Carré diagonal à identifier,Symbole vu au commerce,1,IMPLANTATIONS ET RENVOIS — REVUE INDÉPENDANTE ATTENDUE,MODELE NON PRECISE,Type absent de la cédule E108; éclairage temporaire prescrit dans ces zones. Ne pas choisir de modèle.,RDC commerces,2621.01,1333.0,1,,,,
E200-0059,Carré diagonal à identifier,Symbole vu au commerce,1,IMPLANTATIONS ET RENVOIS — REVUE INDÉPENDANTE ATTENDUE,MODELE NON PRECISE,Type absent de la cédule E108; éclairage temporaire prescrit dans ces zones. Ne pas choisir de modèle.,RDC commerces,3490.95,1333.0,1,,,,
E200-0060,Carré diagonal à identifier,Symbole vu au commerce,1,IMPLANTATIONS ET RENVOIS — REVUE INDÉPENDANTE ATTENDUE,MODELE NON PRECISE,Type absent de la cédule E108; éclairage temporaire prescrit dans ces zones. Ne pas choisir de modèle.,RDC commerces,4133.99,1333.0,1,,,,
E200-0061,Carré diagonal à identifier,Symbole vu au commerce,1,IMPLANTATIONS ET RENVOIS — REVUE INDÉPENDANTE ATTENDUE,MODELE NON PRECISE,Type absent de la cédule E108; éclairage temporaire prescrit dans ces zones. Ne pas choisir de modèle.,RDC commerces,5538.26,1333.0,1,,,,
E200-0062,Carré diagonal à identifier,Symbole vu au commerce,1,IMPLANTATIONS ET RENVOIS — REVUE INDÉPENDANTE ATTENDUE,MODELE NON PRECISE,Type absent de la cédule E108; éclairage temporaire prescrit dans ces zones. Ne pas choisir de modèle.,RDC commerces,6278.77,1333.0,1,,,,
E200-0063,Carré diagonal à identifier,Symbole vu au commerce,1,IMPLANTATIONS ET RENVOIS — REVUE INDÉPENDANTE ATTENDUE,MODELE NON PRECISE,Type absent de la cédule E108; éclairage temporaire prescrit dans ces zones. Ne pas choisir de modèle.,RDC commerces,7150.57,1333.0,1,,,,
E200-0064,Carré diagonal à identifier,Symbole vu au commerce,1,IMPLANTATIONS ET RENVOIS — REVUE INDÉPENDANTE ATTENDUE,MODELE NON PRECISE,Type absent de la cédule E108; éclairage temporaire prescrit dans ces zones. Ne pas choisir de modèle.,RDC commerces,7791.76,1333.0,1,,,,
E200-0065,Carré diagonal à identifier,Symbole vu au commerce,1,IMPLANTATIONS ET RENVOIS — REVUE INDÉPENDANTE ATTENDUE,MODELE NON PRECISE,Type absent de la cédule E108; éclairage temporaire prescrit dans ces zones. Ne pas choisir de modèle.,RDC commerces,8579.19,1333.0,1,,,,
E200-0066,Carré diagonal à identifier,Symbole vu au commerce,1,IMPLANTATIONS ET RENVOIS — REVUE INDÉPENDANTE ATTENDUE,MODELE NON PRECISE,Type absent de la cédule E108; éclairage temporaire prescrit dans ces zones. Ne pas choisir de modèle.,RDC commerces,1214.89,1826.1,1,,,,
E200-0067,Carré diagonal à identifier,Symbole vu au commerce,1,IMPLANTATIONS ET RENVOIS — REVUE INDÉPENDANTE ATTENDUE,MODELE NON PRECISE,Type absent de la cédule E108; éclairage temporaire prescrit dans ces zones. Ne pas choisir de modèle.,RDC commerces,1878.58,1826.1,1,,,,
E200-0068,Carré diagonal à identifier,Symbole vu au commerce,1,IMPLANTATIONS ET RENVOIS — REVUE INDÉPENDANTE ATTENDUE,MODELE NON PRECISE,Type absent de la cédule E108; éclairage temporaire prescrit dans ces zones. Ne pas choisir de modèle.,RDC commerces,2621.01,1826.1,1,,,,
E200-0069,Carré diagonal à identifier,Symbole vu au commerce,1,IMPLANTATIONS ET RENVOIS — REVUE INDÉPENDANTE ATTENDUE,MODELE NON PRECISE,Type absent de la cédule E108; éclairage temporaire prescrit dans ces zones. Ne pas choisir de modèle.,RDC commerces,3490.95,1826.1,1,,,,
E200-0070,Carré diagonal à identifier,Symbole vu au commerce,1,IMPLANTATIONS ET RENVOIS — REVUE INDÉPENDANTE ATTENDUE,MODELE NON PRECISE,Type absent de la cédule E108; éclairage temporaire prescrit dans ces zones. Ne pas choisir de modèle.,RDC commerces,4133.99,1826.1,1,,,,
E200-0071,Carré diagonal à identifier,Symbole vu au commerce,1,IMPLANTATIONS ET RENVOIS — REVUE INDÉPENDANTE ATTENDUE,MODELE NON PRECISE,Type absent de la cédule E108; éclairage temporaire prescrit dans ces zones. Ne pas choisir de modèle.,RDC commerces,5538.26,1826.1,1,,,,
E200-0072,Carré diagonal à identifier,Symbole vu au commerce,1,IMPLANTATIONS ET RENVOIS — REVUE INDÉPENDANTE ATTENDUE,MODELE NON PRECISE,Type absent de la cédule E108; éclairage temporaire prescrit dans ces zones. Ne pas choisir de modèle.,RDC commerces,6278.77,1826.1,1,,,,
E200-0073,Carré diagonal à identifier,Symbole vu au commerce,1,IMPLANTATIONS ET RENVOIS — REVUE INDÉPENDANTE ATTENDUE,MODELE NON PRECISE,Type absent de la cédule E108; éclairage temporaire prescrit dans ces zones. Ne pas choisir de modèle.,RDC commerces,7150.57,1826.1,1,,,,
E200-0074,Carré diagonal à identifier,Symbole vu au commerce,1,IMPLANTATIONS ET RENVOIS — REVUE INDÉPENDANTE ATTENDUE,MODELE NON PRECISE,Type absent de la cédule E108; éclairage temporaire prescrit dans ces zones. Ne pas choisir de modèle.,RDC commerces,7791.76,1826.1,1,,,,
E200-0075,Carré diagonal à identifier,Symbole vu au commerce,1,IMPLANTATIONS ET RENVOIS — REVUE INDÉPENDANTE ATTENDUE,MODELE NON PRECISE,Type absent de la cédule E108; éclairage temporaire prescrit dans ces zones. Ne pas choisir de modèle.,RDC commerces,8579.19,1826.1,1,,,,
E200-0076,Batterie 2 phares,"Ensemble dessiné, deux phares inclus",1,IMPLANTATIONS ET RENVOIS — REVUE INDÉPENDANTE ATTENDUE,MODELE NON PRECISE,Capacité 144/320 W contradictoire dans la légende E100; ne pas arbitrer.,RDC commerces,1119.27,1045.03,1,,,,
E200-0077,Batterie 2 phares,"Ensemble dessiné, deux phares inclus",1,IMPLANTATIONS ET RENVOIS — REVUE INDÉPENDANTE ATTENDUE,MODELE NON PRECISE,Capacité 144/320 W contradictoire dans la légende E100; ne pas arbitrer.,RDC commerces,1814.85,1045.03,1,,,,
E200-0078,Batterie 2 phares,"Ensemble dessiné, deux phares inclus",1,IMPLANTATIONS ET RENVOIS — REVUE INDÉPENDANTE ATTENDUE,MODELE NON PRECISE,Capacité 144/320 W contradictoire dans la légende E100; ne pas arbitrer.,RDC commerces,2450.42,1045.03,1,,,,
E200-0079,Batterie 2 phares,"Ensemble dessiné, deux phares inclus",1,IMPLANTATIONS ET RENVOIS — REVUE INDÉPENDANTE ATTENDUE,MODELE NON PRECISE,Capacité 144/320 W contradictoire dans la légende E100; ne pas arbitrer.,RDC commerces,2816.01,1045.03,1,,,,
E200-0080,Batterie 2 phares,"Ensemble dessiné, deux phares inclus",1,IMPLANTATIONS ET RENVOIS — REVUE INDÉPENDANTE ATTENDUE,MODELE NON PRECISE,Capacité 144/320 W contradictoire dans la légende E100; ne pas arbitrer.,RDC commerces,3181.6,1045.03,1,,,,
E200-0081,Batterie 2 phares,"Ensemble dessiné, deux phares inclus",1,IMPLANTATIONS ET RENVOIS — REVUE INDÉPENDANTE ATTENDUE,MODELE NON PRECISE,Capacité 144/320 W contradictoire dans la légende E100; ne pas arbitrer.,RDC commerces,3815.25,1045.03,1,,,,
E200-0082,Batterie 2 phares,"Ensemble dessiné, deux phares inclus",1,IMPLANTATIONS ET RENVOIS — REVUE INDÉPENDANTE ATTENDUE,MODELE NON PRECISE,Capacité 144/320 W contradictoire dans la légende E100; ne pas arbitrer.,RDC commerces,4357.12,1045.03,1,,,,
E200-0083,Batterie 2 phares,"Ensemble dessiné, deux phares inclus",1,IMPLANTATIONS ET RENVOIS — REVUE INDÉPENDANTE ATTENDUE,MODELE NON PRECISE,Capacité 144/320 W contradictoire dans la légende E100; ne pas arbitrer.,RDC commerces,5491.35,1045.03,1,,,,
E200-0084,Batterie 2 phares,"Ensemble dessiné, deux phares inclus",1,IMPLANTATIONS ET RENVOIS — REVUE INDÉPENDANTE ATTENDUE,MODELE NON PRECISE,Capacité 144/320 W contradictoire dans la légende E100; ne pas arbitrer.,RDC commerces,6031.3,1045.03,1,,,,
E200-0085,Batterie 2 phares,"Ensemble dessiné, deux phares inclus",1,IMPLANTATIONS ET RENVOIS — REVUE INDÉPENDANTE ATTENDUE,MODELE NON PRECISE,Capacité 144/320 W contradictoire dans la légende E100; ne pas arbitrer.,RDC commerces,6666.86,1045.03,1,,,,
E200-0086,Batterie 2 phares,"Ensemble dessiné, deux phares inclus",1,IMPLANTATIONS ET RENVOIS — REVUE INDÉPENDANTE ATTENDUE,MODELE NON PRECISE,Capacité 144/320 W contradictoire dans la légende E100; ne pas arbitrer.,RDC commerces,7032.46,1045.03,1,,,,
E200-0087,Batterie 2 phares,"Ensemble dessiné, deux phares inclus",1,IMPLANTATIONS ET RENVOIS — REVUE INDÉPENDANTE ATTENDUE,MODELE NON PRECISE,Capacité 144/320 W contradictoire dans la légende E100; ne pas arbitrer.,RDC commerces,7398.05,1045.03,1,,,,
E200-0088,Batterie 2 phares,"Ensemble dessiné, deux phares inclus",1,IMPLANTATIONS ET RENVOIS — REVUE INDÉPENDANTE ATTENDUE,MODELE NON PRECISE,Capacité 144/320 W contradictoire dans la légende E100; ne pas arbitrer.,RDC commerces,8033.61,1045.03,1,,,,
E200-0089,Batterie 2 phares,"Ensemble dessiné, deux phares inclus",1,IMPLANTATIONS ET RENVOIS — REVUE INDÉPENDANTE ATTENDUE,MODELE NON PRECISE,Capacité 144/320 W contradictoire dans la légende E100; ne pas arbitrer.,RDC commerces,8729.19,1045.03,1,,,,
E200-0090,Luminaire A,A — rangement sous-sol,1,IMPLANTATIONS ET RENVOIS — REVUE INDÉPENDANTE ATTENDUE,MODELE NON PRECISE,,Sous-sol rangement,1018.03,5100.28,1,,,,
E200-0091,Luminaire A,A — rangement sous-sol,1,IMPLANTATIONS ET RENVOIS — REVUE INDÉPENDANTE ATTENDUE,MODELE NON PRECISE,,Sous-sol rangement,1018.03,5317.78,1,,,,
E200-0092,Luminaire A,A — rangement sous-sol,1,IMPLANTATIONS ET RENVOIS — REVUE INDÉPENDANTE ATTENDUE,MODELE NON PRECISE,,Sous-sol rangement,1018.03,5535.22,1,,,,
E200-0093,Luminaire A,A — rangement sous-sol,1,IMPLANTATIONS ET RENVOIS — REVUE INDÉPENDANTE ATTENDUE,MODELE NON PRECISE,,Sous-sol rangement,1258.03,5535.22,1,,,,
E200-0094,Luminaire A,A — rangement sous-sol,1,IMPLANTATIONS ET RENVOIS — REVUE INDÉPENDANTE ATTENDUE,MODELE NON PRECISE,,Sous-sol rangement,1018.03,5752.72,1,,,,
E200-0095,Luminaire A,A — rangement sous-sol,1,IMPLANTATIONS ET RENVOIS — REVUE INDÉPENDANTE ATTENDUE,MODELE NON PRECISE,,Sous-sol rangement,1258.03,5752.72,1,,,,
E200-0096,Détecteur de fumée,B1-17,1,IMPLANTATIONS ET RENVOIS — REVUE INDÉPENDANTE ATTENDUE,MODELE NON PRECISE,,Sous-sol vestibule,4791.49,4943.92,1,,,,
E200-0097,Luminaire C hors emprise,C — PPU1-2,1,IMPLANTATIONS ET RENVOIS — REVUE INDÉPENDANTE ATTENDUE,MODELE NON PRECISE,Symboles isolés hors emprise : localisation et doublon possible à clarifier; ne pas ajouter aux appareils implantés.,Hors emprise dessinée,5646.98,3576.21,1,,,,
E200-0098,Luminaire C hors emprise,C — PPU1-2,1,IMPLANTATIONS ET RENVOIS — REVUE INDÉPENDANTE ATTENDUE,MODELE NON PRECISE,Symboles isolés hors emprise : localisation et doublon possible à clarifier; ne pas ajouter aux appareils implantés.,Hors emprise dessinée,5988.21,3576.21,1,,,,
E200-0099,Luminaire C hors emprise,C — PPU1-2,1,IMPLANTATIONS ET RENVOIS — REVUE INDÉPENDANTE ATTENDUE,MODELE NON PRECISE,Symboles isolés hors emprise : localisation et doublon possible à clarifier; ne pas ajouter aux appareils implantés.,Hors emprise dessinée,6327.54,3576.21,1,,,,
E200-0100,Luminaire C hors emprise,C — PPU1-2,1,IMPLANTATIONS ET RENVOIS — REVUE INDÉPENDANTE ATTENDUE,MODELE NON PRECISE,Symboles isolés hors emprise : localisation et doublon possible à clarifier; ne pas ajouter aux appareils implantés.,Hors emprise dessinée,6668.78,3576.21,1,,,,
E200-0101,Luminaire C hors emprise,C — PPU1-2,1,IMPLANTATIONS ET RENVOIS — REVUE INDÉPENDANTE ATTENDUE,MODELE NON PRECISE,Symboles isolés hors emprise : localisation et doublon possible à clarifier; ne pas ajouter aux appareils implantés.,Hors emprise dessinée,7009.96,3576.21,1,,,,
E200-0102,Luminaire C hors emprise,C — PPU1-2,1,IMPLANTATIONS ET RENVOIS — REVUE INDÉPENDANTE ATTENDUE,MODELE NON PRECISE,Symboles isolés hors emprise : localisation et doublon possible à clarifier; ne pas ajouter aux appareils implantés.,Hors emprise dessinée,7349.34,3576.21,1,,,,
E200-0103,Luminaire C hors emprise,C — PPU1-2,1,IMPLANTATIONS ET RENVOIS — REVUE INDÉPENDANTE ATTENDUE,MODELE NON PRECISE,Symboles isolés hors emprise : localisation et doublon possible à clarifier; ne pas ajouter aux appareils implantés.,Hors emprise dessinée,7690.52,3576.21,1,,,,
E200-0104,Luminaire C hors emprise,C — PPU1-2,1,IMPLANTATIONS ET RENVOIS — REVUE INDÉPENDANTE ATTENDUE,MODELE NON PRECISE,Symboles isolés hors emprise : localisation et doublon possible à clarifier; ne pas ajouter aux appareils implantés.,Hors emprise dessinée,8031.76,3576.21,1,,,,
E200-0105,Luminaire C,C — PPU1-2,1,IMPLANTATIONS ET RENVOIS — REVUE INDÉPENDANTE ATTENDUE,MODELE NON PRECISE,Réglages puissance/température non sélectionnés dans E108.,Sous-sol garage,5062.03,4819.22,1,,,,
E200-0106,Luminaire C,C — PPU1-2,1,IMPLANTATIONS ET RENVOIS — REVUE INDÉPENDANTE ATTENDUE,MODELE NON PRECISE,Réglages puissance/température non sélectionnés dans E108.,Sous-sol garage,5062.03,4973.0,1,,,,
E200-0107,Luminaire C,C — PPU1-2,1,IMPLANTATIONS ET RENVOIS — REVUE INDÉPENDANTE ATTENDUE,MODELE NON PRECISE,Réglages puissance/température non sélectionnés dans E108.,Sous-sol garage,5367.61,4995.49,1,,,,
E200-0108,Luminaire C,C — PPU1-2,1,IMPLANTATIONS ET RENVOIS — REVUE INDÉPENDANTE ATTENDUE,MODELE NON PRECISE,Réglages puissance/température non sélectionnés dans E108.,Sous-sol garage,1833.58,4997.35,1,,,,
E200-0109,Luminaire C,C — PPU1-2,1,IMPLANTATIONS ET RENVOIS — REVUE INDÉPENDANTE ATTENDUE,MODELE NON PRECISE,Réglages puissance/température non sélectionnés dans E108.,Sous-sol garage,2172.91,4997.35,1,,,,
E200-0110,Luminaire C,C — PPU1-2,1,IMPLANTATIONS ET RENVOIS — REVUE INDÉPENDANTE ATTENDUE,MODELE NON PRECISE,Réglages puissance/température non sélectionnés dans E108.,Sous-sol garage,2512.29,4997.35,1,,,,
E200-0111,Luminaire C,C — PPU1-2,1,IMPLANTATIONS ET RENVOIS — REVUE INDÉPENDANTE ATTENDUE,MODELE NON PRECISE,Réglages puissance/température non sélectionnés dans E108.,Sous-sol garage,2851.61,4997.35,1,,,,
E200-0112,Luminaire C,C — PPU1-2,1,IMPLANTATIONS ET RENVOIS — REVUE INDÉPENDANTE ATTENDUE,MODELE NON PRECISE,Réglages puissance/température non sélectionnés dans E108.,Sous-sol garage,3192.85,4997.35,1,,,,
E200-0113,Luminaire C,C — PPU1-2,1,IMPLANTATIONS ET RENVOIS — REVUE INDÉPENDANTE ATTENDUE,MODELE NON PRECISE,Réglages puissance/température non sélectionnés dans E108.,Sous-sol garage,3534.03,4997.35,1,,,,
E200-0114,Luminaire C,C — PPU1-2,1,IMPLANTATIONS ET RENVOIS — REVUE INDÉPENDANTE ATTENDUE,MODELE NON PRECISE,Réglages puissance/température non sélectionnés dans E108.,Sous-sol garage,3875.27,4997.35,1,,,,
E200-0115,Luminaire C,C — PPU1-2,1,IMPLANTATIONS ET RENVOIS — REVUE INDÉPENDANTE ATTENDUE,MODELE NON PRECISE,Réglages puissance/température non sélectionnés dans E108.,Sous-sol garage,5646.98,4997.35,1,,,,
E200-0116,Luminaire C,C — PPU1-2,1,IMPLANTATIONS ET RENVOIS — REVUE INDÉPENDANTE ATTENDUE,MODELE NON PRECISE,Réglages puissance/température non sélectionnés dans E108.,Sous-sol garage,5986.3,4997.35,1,,,,
E200-0117,Luminaire C,C — PPU1-2,1,IMPLANTATIONS ET RENVOIS — REVUE INDÉPENDANTE ATTENDUE,MODELE NON PRECISE,Réglages puissance/température non sélectionnés dans E108.,Sous-sol garage,6327.54,4997.35,1,,,,
E200-0118,Luminaire C,C — PPU1-2,1,IMPLANTATIONS ET RENVOIS — REVUE INDÉPENDANTE ATTENDUE,MODELE NON PRECISE,Réglages puissance/température non sélectionnés dans E108.,Sous-sol garage,6668.78,4997.35,1,,,,
E200-0119,Luminaire C,C — PPU1-2,1,IMPLANTATIONS ET RENVOIS — REVUE INDÉPENDANTE ATTENDUE,MODELE NON PRECISE,Réglages puissance/température non sélectionnés dans E108.,Sous-sol garage,7008.1,4997.35,1,,,,
E200-0120,Luminaire C,C — PPU1-2,1,IMPLANTATIONS ET RENVOIS — REVUE INDÉPENDANTE ATTENDUE,MODELE NON PRECISE,Réglages puissance/température non sélectionnés dans E108.,Sous-sol garage,7349.34,4997.35,1,,,,
E200-0121,Luminaire C,C — PPU1-2,1,IMPLANTATIONS ET RENVOIS — REVUE INDÉPENDANTE ATTENDUE,MODELE NON PRECISE,Réglages puissance/température non sélectionnés dans E108.,Sous-sol garage,7690.52,4997.35,1,,,,
E200-0122,Luminaire C,C — PPU1-2,1,IMPLANTATIONS ET RENVOIS — REVUE INDÉPENDANTE ATTENDUE,MODELE NON PRECISE,Réglages puissance/température non sélectionnés dans E108.,Sous-sol garage,8031.76,4997.35,1,,,,
E200-0123,Luminaire C,C — PPU1-2,1,IMPLANTATIONS ET RENVOIS — REVUE INDÉPENDANTE ATTENDUE,MODELE NON PRECISE,Réglages puissance/température non sélectionnés dans E108.,Sous-sol garage,5062.03,5126.71,1,,,,
E200-0124,Luminaire C,C — PPU1-4,1,IMPLANTATIONS ET RENVOIS — REVUE INDÉPENDANTE ATTENDUE,MODELE NON PRECISE,Réglages puissance/température non sélectionnés dans E108.,Sous-sol garage,1833.58,5437.92,1,,,,
E200-0125,Luminaire C,C — PPU1-4,1,IMPLANTATIONS ET RENVOIS — REVUE INDÉPENDANTE ATTENDUE,MODELE NON PRECISE,Réglages puissance/température non sélectionnés dans E108.,Sous-sol garage,2172.91,5437.92,1,,,,
E200-0126,Luminaire C,C — PPU1-4,1,IMPLANTATIONS ET RENVOIS — REVUE INDÉPENDANTE ATTENDUE,MODELE NON PRECISE,Réglages puissance/température non sélectionnés dans E108.,Sous-sol garage,2512.29,5437.92,1,,,,
E200-0127,Luminaire C,C — PPU1-4,1,IMPLANTATIONS ET RENVOIS — REVUE INDÉPENDANTE ATTENDUE,MODELE NON PRECISE,Réglages puissance/température non sélectionnés dans E108.,Sous-sol garage,2851.61,5437.92,1,,,,
E200-0128,Luminaire C,C — PPU1-4,1,IMPLANTATIONS ET RENVOIS — REVUE INDÉPENDANTE ATTENDUE,MODELE NON PRECISE,Réglages puissance/température non sélectionnés dans E108.,Sous-sol garage,3192.85,5437.92,1,,,,
E200-0129,Luminaire C,C — PPU1-4,1,IMPLANTATIONS ET RENVOIS — REVUE INDÉPENDANTE ATTENDUE,MODELE NON PRECISE,Réglages puissance/température non sélectionnés dans E108.,Sous-sol garage,3534.03,5437.92,1,,,,
E200-0130,Luminaire C,C — PPU1-4,1,IMPLANTATIONS ET RENVOIS — REVUE INDÉPENDANTE ATTENDUE,MODELE NON PRECISE,Réglages puissance/température non sélectionnés dans E108.,Sous-sol garage,3873.41,5437.92,1,,,,
E200-0131,Luminaire C,C — PPU1-4,1,IMPLANTATIONS ET RENVOIS — REVUE INDÉPENDANTE ATTENDUE,MODELE NON PRECISE,Réglages puissance/température non sélectionnés dans E108.,Sous-sol garage,4214.59,5437.92,1,,,,
E200-0132,Luminaire C,C — PPU1-4,1,IMPLANTATIONS ET RENVOIS — REVUE INDÉPENDANTE ATTENDUE,MODELE NON PRECISE,Réglages puissance/température non sélectionnés dans E108.,Sous-sol garage,4555.83,5437.92,1,,,,
E200-0133,Luminaire C,C — PPU1-4,1,IMPLANTATIONS ET RENVOIS — REVUE INDÉPENDANTE ATTENDUE,MODELE NON PRECISE,Réglages puissance/température non sélectionnés dans E108.,Sous-sol garage,4895.15,5437.92,1,,,,
E200-0134,Luminaire C,C — PPU1-4,1,IMPLANTATIONS ET RENVOIS — REVUE INDÉPENDANTE ATTENDUE,MODELE NON PRECISE,Réglages puissance/température non sélectionnés dans E108.,Sous-sol garage,5236.39,5437.92,1,,,,
E200-0135,Luminaire C,C — PPU1-4,1,IMPLANTATIONS ET RENVOIS — REVUE INDÉPENDANTE ATTENDUE,MODELE NON PRECISE,Réglages puissance/température non sélectionnés dans E108.,Sous-sol garage,5575.71,5437.92,1,,,,
E200-0136,Luminaire C,C — PPU1-4,1,IMPLANTATIONS ET RENVOIS — REVUE INDÉPENDANTE ATTENDUE,MODELE NON PRECISE,Réglages puissance/température non sélectionnés dans E108.,Sous-sol garage,5916.95,5437.92,1,,,,
E200-0137,Luminaire C,C — PPU1-4,1,IMPLANTATIONS ET RENVOIS — REVUE INDÉPENDANTE ATTENDUE,MODELE NON PRECISE,Réglages puissance/température non sélectionnés dans E108.,Sous-sol garage,6258.19,5437.92,1,,,,
E200-0138,Luminaire C,C — PPU1-4,1,IMPLANTATIONS ET RENVOIS — REVUE INDÉPENDANTE ATTENDUE,MODELE NON PRECISE,Réglages puissance/température non sélectionnés dans E108.,Sous-sol garage,6599.37,5437.92,1,,,,
E200-0139,Luminaire C,C — PPU1-4,1,IMPLANTATIONS ET RENVOIS — REVUE INDÉPENDANTE ATTENDUE,MODELE NON PRECISE,Réglages puissance/température non sélectionnés dans E108.,Sous-sol garage,6938.75,5437.92,1,,,,
E200-0140,Luminaire C,C — PPU1-4,1,IMPLANTATIONS ET RENVOIS — REVUE INDÉPENDANTE ATTENDUE,MODELE NON PRECISE,Réglages puissance/température non sélectionnés dans E108.,Sous-sol garage,7279.93,5437.92,1,,,,
E200-0141,Luminaire C,C — PPU1-4,1,IMPLANTATIONS ET RENVOIS — REVUE INDÉPENDANTE ATTENDUE,MODELE NON PRECISE,Réglages puissance/température non sélectionnés dans E108.,Sous-sol garage,7621.17,5437.92,1,,,,
E200-0142,Luminaire C,C — PPU1-4,1,IMPLANTATIONS ET RENVOIS — REVUE INDÉPENDANTE ATTENDUE,MODELE NON PRECISE,Réglages puissance/température non sélectionnés dans E108.,Sous-sol garage,7960.49,5437.92,1,,,,
E200-0143,Luminaire C,C — PPU1-4,1,IMPLANTATIONS ET RENVOIS — REVUE INDÉPENDANTE ATTENDUE,MODELE NON PRECISE,Réglages puissance/température non sélectionnés dans E108.,Sous-sol garage,8301.73,5437.92,1,,,,
E200-0144,Luminaire C,C — PPU1-4,1,IMPLANTATIONS ET RENVOIS — REVUE INDÉPENDANTE ATTENDUE,MODELE NON PRECISE,Réglages puissance/température non sélectionnés dans E108.,Sous-sol garage,8642.97,5437.92,1,,,,
E200-0145,Luminaire C,C — PPU1-6,1,IMPLANTATIONS ET RENVOIS — REVUE INDÉPENDANTE ATTENDUE,MODELE NON PRECISE,Réglages puissance/température non sélectionnés dans E108.,Sous-sol garage,1537.34,5794.17,1,,,,
E200-0146,Luminaire C,C — PPU1-6,1,IMPLANTATIONS ET RENVOIS — REVUE INDÉPENDANTE ATTENDUE,MODELE NON PRECISE,Réglages puissance/température non sélectionnés dans E108.,Sous-sol garage,1831.72,5794.17,1,,,,
E200-0147,Luminaire C,C — PPU1-6,1,IMPLANTATIONS ET RENVOIS — REVUE INDÉPENDANTE ATTENDUE,MODELE NON PRECISE,Réglages puissance/température non sélectionnés dans E108.,Sous-sol garage,2172.91,5794.17,1,,,,
E200-0148,Luminaire C,C — PPU1-6,1,IMPLANTATIONS ET RENVOIS — REVUE INDÉPENDANTE ATTENDUE,MODELE NON PRECISE,Réglages puissance/température non sélectionnés dans E108.,Sous-sol garage,2512.29,5794.17,1,,,,
E200-0149,Luminaire C,C — PPU1-6,1,IMPLANTATIONS ET RENVOIS — REVUE INDÉPENDANTE ATTENDUE,MODELE NON PRECISE,Réglages puissance/température non sélectionnés dans E108.,Sous-sol garage,2853.47,5794.17,1,,,,
E200-0150,Luminaire C,C — PPU1-6,1,IMPLANTATIONS ET RENVOIS — REVUE INDÉPENDANTE ATTENDUE,MODELE NON PRECISE,Réglages puissance/température non sélectionnés dans E108.,Sous-sol garage,3194.7,5794.17,1,,,,
E200-0151,Luminaire C,C — PPU1-6,1,IMPLANTATIONS ET RENVOIS — REVUE INDÉPENDANTE ATTENDUE,MODELE NON PRECISE,Réglages puissance/température non sélectionnés dans E108.,Sous-sol garage,3534.03,5794.17,1,,,,
E200-0152,Luminaire C,C — PPU1-6,1,IMPLANTATIONS ET RENVOIS — REVUE INDÉPENDANTE ATTENDUE,MODELE NON PRECISE,Réglages puissance/température non sélectionnés dans E108.,Sous-sol garage,3875.27,5794.17,1,,,,
E200-0153,Luminaire C,C — PPU1-6,1,IMPLANTATIONS ET RENVOIS — REVUE INDÉPENDANTE ATTENDUE,MODELE NON PRECISE,Réglages puissance/température non sélectionnés dans E108.,Sous-sol garage,4216.5,5794.17,1,,,,
E200-0154,Luminaire C,C — PPU1-6,1,IMPLANTATIONS ET RENVOIS — REVUE INDÉPENDANTE ATTENDUE,MODELE NON PRECISE,Réglages puissance/température non sélectionnés dans E108.,Sous-sol garage,4484.57,5794.17,1,,,,
E200-0155,Luminaire C,C — PPU1-6,1,IMPLANTATIONS ET RENVOIS — REVUE INDÉPENDANTE ATTENDUE,MODELE NON PRECISE,Réglages puissance/température non sélectionnés dans E108.,Sous-sol garage,5352.65,5794.17,1,,,,
E200-0156,Luminaire C,C — PPU1-6,1,IMPLANTATIONS ET RENVOIS — REVUE INDÉPENDANTE ATTENDUE,MODELE NON PRECISE,Réglages puissance/température non sélectionnés dans E108.,Sous-sol garage,5646.98,5794.17,1,,,,
E200-0157,Luminaire C,C — PPU1-6,1,IMPLANTATIONS ET RENVOIS — REVUE INDÉPENDANTE ATTENDUE,MODELE NON PRECISE,Réglages puissance/température non sélectionnés dans E108.,Sous-sol garage,5988.21,5794.17,1,,,,
E200-0158,Luminaire C,C — PPU1-6,1,IMPLANTATIONS ET RENVOIS — REVUE INDÉPENDANTE ATTENDUE,MODELE NON PRECISE,Réglages puissance/température non sélectionnés dans E108.,Sous-sol garage,6327.54,5794.17,1,,,,
E200-0159,Luminaire C,C — PPU1-6,1,IMPLANTATIONS ET RENVOIS — REVUE INDÉPENDANTE ATTENDUE,MODELE NON PRECISE,Réglages puissance/température non sélectionnés dans E108.,Sous-sol garage,6668.78,5794.17,1,,,,
E200-0160,Luminaire C,C — PPU1-6,1,IMPLANTATIONS ET RENVOIS — REVUE INDÉPENDANTE ATTENDUE,MODELE NON PRECISE,Réglages puissance/température non sélectionnés dans E108.,Sous-sol garage,7009.96,5794.17,1,,,,
E200-0161,Luminaire C,C — PPU1-6,1,IMPLANTATIONS ET RENVOIS — REVUE INDÉPENDANTE ATTENDUE,MODELE NON PRECISE,Réglages puissance/température non sélectionnés dans E108.,Sous-sol garage,7349.34,5794.17,1,,,,
E200-0162,Luminaire C,C — PPU1-6,1,IMPLANTATIONS ET RENVOIS — REVUE INDÉPENDANTE ATTENDUE,MODELE NON PRECISE,Réglages puissance/température non sélectionnés dans E108.,Sous-sol garage,7690.52,5794.17,1,,,,
E200-0163,Luminaire C,C — PPU1-6,1,IMPLANTATIONS ET RENVOIS — REVUE INDÉPENDANTE ATTENDUE,MODELE NON PRECISE,Réglages puissance/température non sélectionnés dans E108.,Sous-sol garage,8031.76,5794.17,1,,,,
E200-0164,Luminaire C,C — PPU1-6,1,IMPLANTATIONS ET RENVOIS — REVUE INDÉPENDANTE ATTENDUE,MODELE NON PRECISE,Réglages puissance/température non sélectionnés dans E108.,Sous-sol garage,8371.08,5794.17,1,,,,
E200-0165,Luminaire C,C — PPU1-6,1,IMPLANTATIONS ET RENVOIS — REVUE INDÉPENDANTE ATTENDUE,MODELE NON PRECISE,Réglages puissance/température non sélectionnés dans E108.,Sous-sol garage,8641.06,5794.17,1,,,,
E200-0166,Luminaire C,C — PPU1-6,1,IMPLANTATIONS ET RENVOIS — REVUE INDÉPENDANTE ATTENDUE,MODELE NON PRECISE,Réglages puissance/température non sélectionnés dans E108.,Sous-sol garage,5020.8,5831.63,1,,,,
E200-0167,Luminaire C hors emprise,C — PPU1-6,1,IMPLANTATIONS ET RENVOIS — REVUE INDÉPENDANTE ATTENDUE,MODELE NON PRECISE,Symboles isolés hors emprise : localisation et doublon possible à clarifier; ne pas ajouter aux appareils implantés.,Hors emprise dessinée,5590.73,6587.22,1,,,,
E200-0168,Luminaire C hors emprise,C — PPU1-6,1,IMPLANTATIONS ET RENVOIS — REVUE INDÉPENDANTE ATTENDUE,MODELE NON PRECISE,Symboles isolés hors emprise : localisation et doublon possible à clarifier; ne pas ajouter aux appareils implantés.,Hors emprise dessinée,6001.32,6594.7,1,,,,
E200-0169,Luminaire C hors emprise,C — PPU1-6,1,IMPLANTATIONS ET RENVOIS — REVUE INDÉPENDANTE ATTENDUE,MODELE NON PRECISE,Symboles isolés hors emprise : localisation et doublon possible à clarifier; ne pas ajouter aux appareils implantés.,Hors emprise dessinée,6327.54,6594.7,1,,,,
E200-0170,Luminaire C hors emprise,C — PPU1-6,1,IMPLANTATIONS ET RENVOIS — REVUE INDÉPENDANTE ATTENDUE,MODELE NON PRECISE,Symboles isolés hors emprise : localisation et doublon possible à clarifier; ne pas ajouter aux appareils implantés.,Hors emprise dessinée,6668.78,6594.7,1,,,,
E200-0171,Luminaire C hors emprise,C — PPU1-6,1,IMPLANTATIONS ET RENVOIS — REVUE INDÉPENDANTE ATTENDUE,MODELE NON PRECISE,Symboles isolés hors emprise : localisation et doublon possible à clarifier; ne pas ajouter aux appareils implantés.,Hors emprise dessinée,7009.96,6594.7,1,,,,
E200-0172,Luminaire C hors emprise,C — PPU1-6,1,IMPLANTATIONS ET RENVOIS — REVUE INDÉPENDANTE ATTENDUE,MODELE NON PRECISE,Symboles isolés hors emprise : localisation et doublon possible à clarifier; ne pas ajouter aux appareils implantés.,Hors emprise dessinée,7349.34,6594.7,1,,,,
E200-0173,Luminaire C hors emprise,C — PPU1-6,1,IMPLANTATIONS ET RENVOIS — REVUE INDÉPENDANTE ATTENDUE,MODELE NON PRECISE,Symboles isolés hors emprise : localisation et doublon possible à clarifier; ne pas ajouter aux appareils implantés.,Hors emprise dessinée,7690.52,6594.7,1,,,,
E200-0174,Luminaire C hors emprise,C — PPU1-6,1,IMPLANTATIONS ET RENVOIS — REVUE INDÉPENDANTE ATTENDUE,MODELE NON PRECISE,Symboles isolés hors emprise : localisation et doublon possible à clarifier; ne pas ajouter aux appareils implantés.,Hors emprise dessinée,8031.76,6594.7,1,,,,
E200-0175,Luminaire C hors emprise,C — PPU1-6,1,IMPLANTATIONS ET RENVOIS — REVUE INDÉPENDANTE ATTENDUE,MODELE NON PRECISE,Symboles isolés hors emprise : localisation et doublon possible à clarifier; ne pas ajouter aux appareils implantés.,Hors emprise dessinée,8371.08,6594.7,1,,,,
E200-0176,Luminaire C hors emprise,C — PPU1-6,1,IMPLANTATIONS ET RENVOIS — REVUE INDÉPENDANTE ATTENDUE,MODELE NON PRECISE,Symboles isolés hors emprise : localisation et doublon possible à clarifier; ne pas ajouter aux appareils implantés.,Hors emprise dessinée,8669.18,6602.18,1,,,,
E200-0177,Batterie 2 phares,"Ensemble dessiné, deux phares inclus",1,IMPLANTATIONS ET RENVOIS — REVUE INDÉPENDANTE ATTENDUE,MODELE NON PRECISE,Capacité 144/320 W contradictoire dans E100.,RDC commerces,1130.52,2199.17,1,,,,
E200-0178,Station manuelle,F,1,IMPLANTATIONS ET RENVOIS — REVUE INDÉPENDANTE ATTENDUE,MODELE NON PRECISE,,RDC commerces,1188.45,2202.55,1,,,,
E200-0179,Klaxon,K,1,IMPLANTATIONS ET RENVOIS — REVUE INDÉPENDANTE ATTENDUE,MODELE NON PRECISE,,RDC commerces,1188.45,2178.36,1,,,,
E200-0180,Batterie 2 phares,"Ensemble dessiné, deux phares inclus",1,IMPLANTATIONS ET RENVOIS — REVUE INDÉPENDANTE ATTENDUE,MODELE NON PRECISE,Capacité 144/320 W contradictoire dans E100.,RDC commerces,1827.96,2199.17,1,,,,
E200-0181,Station manuelle,F,1,IMPLANTATIONS ET RENVOIS — REVUE INDÉPENDANTE ATTENDUE,MODELE NON PRECISE,,RDC commerces,1885.89,2202.55,1,,,,
E200-0182,Klaxon,K,1,IMPLANTATIONS ET RENVOIS — REVUE INDÉPENDANTE ATTENDUE,MODELE NON PRECISE,,RDC commerces,1885.89,2178.36,1,,,,
E200-0183,Batterie 2 phares,"Ensemble dessiné, deux phares inclus",1,IMPLANTATIONS ET RENVOIS — REVUE INDÉPENDANTE ATTENDUE,MODELE NON PRECISE,Capacité 144/320 W contradictoire dans E100.,RDC commerces,2216.04,2199.17,1,,,,
E200-0184,Station manuelle,F,1,IMPLANTATIONS ET RENVOIS — REVUE INDÉPENDANTE ATTENDUE,MODELE NON PRECISE,,RDC commerces,2273.98,2202.55,1,,,,
E200-0185,Klaxon,K,1,IMPLANTATIONS ET RENVOIS — REVUE INDÉPENDANTE ATTENDUE,MODELE NON PRECISE,,RDC commerces,2273.98,2178.36,1,,,,
E200-0186,Batterie 2 phares,"Ensemble dessiné, deux phares inclus",1,IMPLANTATIONS ET RENVOIS — REVUE INDÉPENDANTE ATTENDUE,MODELE NON PRECISE,Capacité 144/320 W contradictoire dans E100.,RDC commerces,2448.5,2199.17,1,,,,
E200-0187,Station manuelle,F,1,IMPLANTATIONS ET RENVOIS — REVUE INDÉPENDANTE ATTENDUE,MODELE NON PRECISE,,RDC commerces,2506.44,2202.55,1,,,,
E200-0188,Klaxon,K,1,IMPLANTATIONS ET RENVOIS — REVUE INDÉPENDANTE ATTENDUE,MODELE NON PRECISE,,RDC commerces,2506.44,2178.36,1,,,,
E200-0189,Batterie 2 phares,"Ensemble dessiné, deux phares inclus",1,IMPLANTATIONS ET RENVOIS — REVUE INDÉPENDANTE ATTENDUE,MODELE NON PRECISE,Capacité 144/320 W contradictoire dans E100.,RDC commerces,2821.63,2199.17,1,,,,
E200-0190,Station manuelle,F,1,IMPLANTATIONS ET RENVOIS — REVUE INDÉPENDANTE ATTENDUE,MODELE NON PRECISE,,RDC commerces,2879.56,2202.55,1,,,,
E200-0191,Klaxon,K,1,IMPLANTATIONS ET RENVOIS — REVUE INDÉPENDANTE ATTENDUE,MODELE NON PRECISE,,RDC commerces,2879.56,2178.36,1,,,,
E200-0192,Batterie 2 phares,"Ensemble dessiné, deux phares inclus",1,IMPLANTATIONS ET RENVOIS — REVUE INDÉPENDANTE ATTENDUE,MODELE NON PRECISE,Capacité 144/320 W contradictoire dans E100.,RDC commerces,3194.7,2199.17,1,,,,
E200-0193,Station manuelle,F,1,IMPLANTATIONS ET RENVOIS — REVUE INDÉPENDANTE ATTENDUE,MODELE NON PRECISE,,RDC commerces,3252.64,2202.55,1,,,,
E200-0194,Klaxon,K,1,IMPLANTATIONS ET RENVOIS — REVUE INDÉPENDANTE ATTENDUE,MODELE NON PRECISE,,RDC commerces,3252.64,2178.36,1,,,,
E200-0195,Batterie 2 phares,"Ensemble dessiné, deux phares inclus",1,IMPLANTATIONS ET RENVOIS — REVUE INDÉPENDANTE ATTENDUE,MODELE NON PRECISE,Capacité 144/320 W contradictoire dans E100.,RDC commerces,3815.25,2199.17,1,,,,
E200-0196,Station manuelle,F,1,IMPLANTATIONS ET RENVOIS — REVUE INDÉPENDANTE ATTENDUE,MODELE NON PRECISE,,RDC commerces,3873.19,2202.55,1,,,,
E200-0197,Klaxon,K,1,IMPLANTATIONS ET RENVOIS — REVUE INDÉPENDANTE ATTENDUE,MODELE NON PRECISE,,RDC commerces,3873.19,2178.36,1,,,,
E200-0198,Batterie 2 phares,"Ensemble dessiné, deux phares inclus",1,IMPLANTATIONS ET RENVOIS — REVUE INDÉPENDANTE ATTENDUE,MODELE NON PRECISE,Capacité 144/320 W contradictoire dans E100.,RDC commerces,4362.74,2199.17,1,,,,
E200-0199,Station manuelle,F,1,IMPLANTATIONS ET RENVOIS — REVUE INDÉPENDANTE ATTENDUE,MODELE NON PRECISE,,RDC commerces,4420.67,2202.55,1,,,,
E200-0200,Klaxon,K,1,IMPLANTATIONS ET RENVOIS — REVUE INDÉPENDANTE ATTENDUE,MODELE NON PRECISE,,RDC commerces,4420.67,2178.36,1,,,,
E200-0201,Batterie 2 phares,"Ensemble dessiné, deux phares inclus",1,IMPLANTATIONS ET RENVOIS — REVUE INDÉPENDANTE ATTENDUE,MODELE NON PRECISE,Capacité 144/320 W contradictoire dans E100.,RDC commerces,5502.6,2199.17,1,,,,
E200-0202,Station manuelle,F,1,IMPLANTATIONS ET RENVOIS — REVUE INDÉPENDANTE ATTENDUE,MODELE NON PRECISE,,RDC commerces,5560.53,2202.55,1,,,,
E200-0203,Klaxon,K,1,IMPLANTATIONS ET RENVOIS — REVUE INDÉPENDANTE ATTENDUE,MODELE NON PRECISE,,RDC commerces,5560.53,2178.36,1,,,,
E200-0204,Batterie 2 phares,"Ensemble dessiné, deux phares inclus",1,IMPLANTATIONS ET RENVOIS — REVUE INDÉPENDANTE ATTENDUE,MODELE NON PRECISE,Capacité 144/320 W contradictoire dans E100.,RDC commerces,6050.08,2199.17,1,,,,
E200-0205,Station manuelle,F,1,IMPLANTATIONS ET RENVOIS — REVUE INDÉPENDANTE ATTENDUE,MODELE NON PRECISE,,RDC commerces,6108.02,2202.55,1,,,,
E200-0206,Klaxon,K,1,IMPLANTATIONS ET RENVOIS — REVUE INDÉPENDANTE ATTENDUE,MODELE NON PRECISE,,RDC commerces,6108.02,2178.36,1,,,,
E200-0207,Batterie 2 phares,"Ensemble dessiné, deux phares inclus",1,IMPLANTATIONS ET RENVOIS — REVUE INDÉPENDANTE ATTENDUE,MODELE NON PRECISE,Capacité 144/320 W contradictoire dans E100.,RDC commerces,6670.63,2199.17,1,,,,
E200-0208,Station manuelle,F,1,IMPLANTATIONS ET RENVOIS — REVUE INDÉPENDANTE ATTENDUE,MODELE NON PRECISE,,RDC commerces,6728.56,2202.55,1,,,,
E200-0209,Klaxon,K,1,IMPLANTATIONS ET RENVOIS — REVUE INDÉPENDANTE ATTENDUE,MODELE NON PRECISE,,RDC commerces,6728.56,2178.36,1,,,,
E200-0210,Batterie 2 phares,"Ensemble dessiné, deux phares inclus",1,IMPLANTATIONS ET RENVOIS — REVUE INDÉPENDANTE ATTENDUE,MODELE NON PRECISE,Capacité 144/320 W contradictoire dans E100.,RDC commerces,7043.7,2199.17,1,,,,
E200-0211,Station manuelle,F,1,IMPLANTATIONS ET RENVOIS — REVUE INDÉPENDANTE ATTENDUE,MODELE NON PRECISE,,RDC commerces,7101.64,2202.55,1,,,,
E200-0212,Klaxon,K,1,IMPLANTATIONS ET RENVOIS — REVUE INDÉPENDANTE ATTENDUE,MODELE NON PRECISE,,RDC commerces,7101.64,2178.36,1,,,,
E200-0213,Batterie 2 phares,"Ensemble dessiné, deux phares inclus",1,IMPLANTATIONS ET RENVOIS — REVUE INDÉPENDANTE ATTENDUE,MODELE NON PRECISE,Capacité 144/320 W contradictoire dans E100.,RDC commerces,7416.83,2199.17,1,,,,
E200-0214,Station manuelle,F,1,IMPLANTATIONS ET RENVOIS — REVUE INDÉPENDANTE ATTENDUE,MODELE NON PRECISE,,RDC commerces,7474.76,2202.55,1,,,,
E200-0215,Klaxon,K,1,IMPLANTATIONS ET RENVOIS — REVUE INDÉPENDANTE ATTENDUE,MODELE NON PRECISE,,RDC commerces,7474.76,2178.36,1,,,,
E200-0216,Batterie 2 phares,"Ensemble dessiné, deux phares inclus",1,IMPLANTATIONS ET RENVOIS — REVUE INDÉPENDANTE ATTENDUE,MODELE NON PRECISE,Capacité 144/320 W contradictoire dans E100.,RDC commerces,8037.38,2199.17,1,,,,
E200-0217,Station manuelle,F,1,IMPLANTATIONS ET RENVOIS — REVUE INDÉPENDANTE ATTENDUE,MODELE NON PRECISE,,RDC commerces,8095.31,2202.55,1,,,,
E200-0218,Klaxon,K,1,IMPLANTATIONS ET RENVOIS — REVUE INDÉPENDANTE ATTENDUE,MODELE NON PRECISE,,RDC commerces,8095.31,2178.36,1,,,,
E200-0219,Batterie 2 phares,"Ensemble dessiné, deux phares inclus",1,IMPLANTATIONS ET RENVOIS — REVUE INDÉPENDANTE ATTENDUE,MODELE NON PRECISE,Capacité 144/320 W contradictoire dans E100.,RDC commerces,8734.82,2199.17,1,,,,
E200-0220,Station manuelle,F,1,IMPLANTATIONS ET RENVOIS — REVUE INDÉPENDANTE ATTENDUE,MODELE NON PRECISE,,RDC commerces,8792.75,2202.55,1,,,,
E200-0221,Klaxon,K,1,IMPLANTATIONS ET RENVOIS — REVUE INDÉPENDANTE ATTENDUE,MODELE NON PRECISE,,RDC commerces,8792.75,2178.36,1,,,,
E200-0222,Station manuelle,F,1,IMPLANTATIONS ET RENVOIS — REVUE INDÉPENDANTE ATTENDUE,MODELE NON PRECISE,,RDC commerces,1191.26,1042.22,1,,,,
E200-0223,Klaxon,K,1,IMPLANTATIONS ET RENVOIS — REVUE INDÉPENDANTE ATTENDUE,MODELE NON PRECISE,,RDC commerces,1191.26,1066.4,1,,,,
E200-0224,Station manuelle,F,1,IMPLANTATIONS ET RENVOIS — REVUE INDÉPENDANTE ATTENDUE,MODELE NON PRECISE,,RDC commerces,1886.84,1042.22,1,,,,
E200-0225,Klaxon,K,1,IMPLANTATIONS ET RENVOIS — REVUE INDÉPENDANTE ATTENDUE,MODELE NON PRECISE,,RDC commerces,1886.84,1066.4,1,,,,
E200-0226,Station manuelle,F,1,IMPLANTATIONS ET RENVOIS — REVUE INDÉPENDANTE ATTENDUE,MODELE NON PRECISE,,RDC commerces,2522.41,1042.22,1,,,,
E200-0227,Klaxon,K,1,IMPLANTATIONS ET RENVOIS — REVUE INDÉPENDANTE ATTENDUE,MODELE NON PRECISE,,RDC commerces,2522.41,1066.4,1,,,,
E200-0228,Station manuelle,F,1,IMPLANTATIONS ET RENVOIS — REVUE INDÉPENDANTE ATTENDUE,MODELE NON PRECISE,,RDC commerces,2888.0,1042.22,1,,,,
E200-0229,Klaxon,K,1,IMPLANTATIONS ET RENVOIS — REVUE INDÉPENDANTE ATTENDUE,MODELE NON PRECISE,,RDC commerces,2888.0,1066.4,1,,,,
E200-0230,Station manuelle,F,1,IMPLANTATIONS ET RENVOIS — REVUE INDÉPENDANTE ATTENDUE,MODELE NON PRECISE,,RDC commerces,3253.59,1042.22,1,,,,
E200-0231,Klaxon,K,1,IMPLANTATIONS ET RENVOIS — REVUE INDÉPENDANTE ATTENDUE,MODELE NON PRECISE,,RDC commerces,3253.59,1066.4,1,,,,
E200-0232,Station manuelle,F,1,IMPLANTATIONS ET RENVOIS — REVUE INDÉPENDANTE ATTENDUE,MODELE NON PRECISE,,RDC commerces,3887.25,1042.22,1,,,,
E200-0233,Klaxon,K,1,IMPLANTATIONS ET RENVOIS — REVUE INDÉPENDANTE ATTENDUE,MODELE NON PRECISE,,RDC commerces,3887.25,1066.4,1,,,,
E200-0234,Station manuelle,F,1,IMPLANTATIONS ET RENVOIS — REVUE INDÉPENDANTE ATTENDUE,MODELE NON PRECISE,,RDC commerces,4429.11,1042.22,1,,,,
E200-0235,Klaxon,K,1,IMPLANTATIONS ET RENVOIS — REVUE INDÉPENDANTE ATTENDUE,MODELE NON PRECISE,,RDC commerces,4429.11,1066.4,1,,,,
E200-0236,Station manuelle,F,1,IMPLANTATIONS ET RENVOIS — REVUE INDÉPENDANTE ATTENDUE,MODELE NON PRECISE,,RDC commerces,5563.34,1042.22,1,,,,
E200-0237,Klaxon,K,1,IMPLANTATIONS ET RENVOIS — REVUE INDÉPENDANTE ATTENDUE,MODELE NON PRECISE,,RDC commerces,5563.34,1066.4,1,,,,
E200-0238,Station manuelle,F,1,IMPLANTATIONS ET RENVOIS — REVUE INDÉPENDANTE ATTENDUE,MODELE NON PRECISE,,RDC commerces,6103.29,1042.22,1,,,,
E200-0239,Klaxon,K,1,IMPLANTATIONS ET RENVOIS — REVUE INDÉPENDANTE ATTENDUE,MODELE NON PRECISE,,RDC commerces,6103.29,1066.4,1,,,,
E200-0240,Station manuelle,F,1,IMPLANTATIONS ET RENVOIS — REVUE INDÉPENDANTE ATTENDUE,MODELE NON PRECISE,,RDC commerces,6738.86,1042.22,1,,,,
E200-0241,Klaxon,K,1,IMPLANTATIONS ET RENVOIS — REVUE INDÉPENDANTE ATTENDUE,MODELE NON PRECISE,,RDC commerces,6738.86,1066.4,1,,,,
E200-0242,Station manuelle,F,1,IMPLANTATIONS ET RENVOIS — REVUE INDÉPENDANTE ATTENDUE,MODELE NON PRECISE,,RDC commerces,7104.45,1042.22,1,,,,
E200-0243,Klaxon,K,1,IMPLANTATIONS ET RENVOIS — REVUE INDÉPENDANTE ATTENDUE,MODELE NON PRECISE,,RDC commerces,7104.45,1066.4,1,,,,
E200-0244,Station manuelle,F,1,IMPLANTATIONS ET RENVOIS — REVUE INDÉPENDANTE ATTENDUE,MODELE NON PRECISE,,RDC commerces,7470.04,1042.22,1,,,,
E200-0245,Klaxon,K,1,IMPLANTATIONS ET RENVOIS — REVUE INDÉPENDANTE ATTENDUE,MODELE NON PRECISE,,RDC commerces,7470.04,1066.4,1,,,,
E200-0246,Station manuelle,F,1,IMPLANTATIONS ET RENVOIS — REVUE INDÉPENDANTE ATTENDUE,MODELE NON PRECISE,,RDC commerces,8105.61,1042.22,1,,,,
E200-0247,Klaxon,K,1,IMPLANTATIONS ET RENVOIS — REVUE INDÉPENDANTE ATTENDUE,MODELE NON PRECISE,,RDC commerces,8105.61,1066.4,1,,,,
E200-0248,Station manuelle,F,1,IMPLANTATIONS ET RENVOIS — REVUE INDÉPENDANTE ATTENDUE,MODELE NON PRECISE,,RDC commerces,8801.18,1042.22,1,,,,
E200-0249,Klaxon,K,1,IMPLANTATIONS ET RENVOIS — REVUE INDÉPENDANTE ATTENDUE,MODELE NON PRECISE,,RDC commerces,8801.18,1066.4,1,,,,
E200-0250,Luminaire A,A,1,IMPLANTATIONS ET RENVOIS — REVUE INDÉPENDANTE ATTENDUE,MODELE NON PRECISE,,Sous-sol,1012.41,4876.42,1,,,,
E200-0251,Luminaire A,A,1,IMPLANTATIONS ET RENVOIS — REVUE INDÉPENDANTE ATTENDUE,MODELE NON PRECISE,,Sous-sol,1259.88,4876.42,1,,,,
E200-0252,Luminaire A,A,1,IMPLANTATIONS ET RENVOIS — REVUE INDÉPENDANTE ATTENDUE,MODELE NON PRECISE,,Sous-sol,1259.88,5095.78,1,,,,
E200-0253,Luminaire A,A,1,IMPLANTATIONS ET RENVOIS — REVUE INDÉPENDANTE ATTENDUE,MODELE NON PRECISE,,Sous-sol,1259.88,5315.13,1,,,,
E200-0254,Luminaire A,A,1,IMPLANTATIONS ET RENVOIS — REVUE INDÉPENDANTE ATTENDUE,MODELE NON PRECISE,,Sous-sol,1012.41,5961.95,1,,,,
E200-0255,Luminaire A,A,1,IMPLANTATIONS ET RENVOIS — REVUE INDÉPENDANTE ATTENDUE,MODELE NON PRECISE,,Sous-sol,1259.88,5961.95,1,,,,
E200-0256,Luminaire A,A,1,IMPLANTATIONS ET RENVOIS — REVUE INDÉPENDANTE ATTENDUE,MODELE NON PRECISE,,Sous-sol,4676.75,5686.35,1,,,,
E200-0257,Luminaire A,A,1,IMPLANTATIONS ET RENVOIS — REVUE INDÉPENDANTE ATTENDUE,MODELE NON PRECISE,,Sous-sol,4676.75,5838.21,1,,,,
E200-0258,Luminaire A,A,1,IMPLANTATIONS ET RENVOIS — REVUE INDÉPENDANTE ATTENDUE,MODELE NON PRECISE,,Sous-sol,4676.75,6012.57,1,,,,
E200-0259,Luminaire A,A,1,IMPLANTATIONS ET RENVOIS — REVUE INDÉPENDANTE ATTENDUE,MODELE NON PRECISE,,Sous-sol,4938.29,6035.07,1,,,,
E200-0260,Luminaire A,A,1,IMPLANTATIONS ET RENVOIS — REVUE INDÉPENDANTE ATTENDUE,MODELE NON PRECISE,,Sous-sol,5135.15,6035.07,1,,,,
E200-0261,Luminaire B,B,1,IMPLANTATIONS ET RENVOIS — REVUE INDÉPENDANTE ATTENDUE,MODELE NON PRECISE,,Sous-sol locaux techniques,4139.62,4904.55,1,,,,
E200-0262,Luminaire B,B,1,IMPLANTATIONS ET RENVOIS — REVUE INDÉPENDANTE ATTENDUE,MODELE NON PRECISE,,Sous-sol locaux techniques,4297.1,4915.79,1,,,,
E200-0263,Luminaire B,B,1,IMPLANTATIONS ET RENVOIS — REVUE INDÉPENDANTE ATTENDUE,MODELE NON PRECISE,,Sous-sol locaux techniques,4493.96,4893.3,1,,,,
E200-0264,Luminaire B,B,1,IMPLANTATIONS ET RENVOIS — REVUE INDÉPENDANTE ATTENDUE,MODELE NON PRECISE,,Sous-sol locaux techniques,4145.24,5123.9,1,,,,
E200-0265,Luminaire B,B,1,IMPLANTATIONS ET RENVOIS — REVUE INDÉPENDANTE ATTENDUE,MODELE NON PRECISE,,Sous-sol locaux techniques,4302.73,5123.9,1,,,,
E200-0266,Luminaire B,B,1,IMPLANTATIONS ET RENVOIS — REVUE INDÉPENDANTE ATTENDUE,MODELE NON PRECISE,,Sous-sol locaux techniques,4493.96,5118.28,1,,,,
E200-0267,Luminaire B,B,1,IMPLANTATIONS ET RENVOIS — REVUE INDÉPENDANTE ATTENDUE,MODELE NON PRECISE,,Sous-sol locaux techniques,8498.59,4820.18,1,,,,
E200-0268,Luminaire B,B,1,IMPLANTATIONS ET RENVOIS — REVUE INDÉPENDANTE ATTENDUE,MODELE NON PRECISE,,Sous-sol locaux techniques,8644.82,4825.8,1,,,,
E200-0269,Luminaire B,B,1,IMPLANTATIONS ET RENVOIS — REVUE INDÉPENDANTE ATTENDUE,MODELE NON PRECISE,,Sous-sol locaux techniques,8650.45,4977.66,1,,,,
E200-0270,Luminaire B,B,1,IMPLANTATIONS ET RENVOIS — REVUE INDÉPENDANTE ATTENDUE,MODELE NON PRECISE,,Sous-sol locaux techniques,8650.45,5095.78,1,,,,
E200-0271,Luminaire B,B,1,IMPLANTATIONS ET RENVOIS — REVUE INDÉPENDANTE ATTENDUE,MODELE NON PRECISE,,Sous-sol locaux techniques,8881.05,4808.93,1,,,,
E200-0272,Luminaire B,B,1,IMPLANTATIONS ET RENVOIS — REVUE INDÉPENDANTE ATTENDUE,MODELE NON PRECISE,,Sous-sol locaux techniques,8852.93,4988.91,1,,,,
E200-0273,Luminaire B,B,1,IMPLANTATIONS ET RENVOIS — REVUE INDÉPENDANTE ATTENDUE,MODELE NON PRECISE,,Sous-sol locaux techniques,8852.93,5135.15,1,,,,
E200-0274,Luminaire B,B,1,IMPLANTATIONS ET RENVOIS — REVUE INDÉPENDANTE ATTENDUE,MODELE NON PRECISE,,Sous-sol locaux techniques,8852.93,5287.01,1,,,,
E200-0275,Luminaire B,B,1,IMPLANTATIONS ET RENVOIS — REVUE INDÉPENDANTE ATTENDUE,MODELE NON PRECISE,,Sous-sol locaux techniques,8852.93,5444.5,1,,,,
E200-0276,Luminaire B,B,1,IMPLANTATIONS ET RENVOIS — REVUE INDÉPENDANTE ATTENDUE,MODELE NON PRECISE,,Sous-sol locaux techniques,8852.93,5573.86,1,,,,
E200-0277,Luminaire B,B,1,IMPLANTATIONS ET RENVOIS — REVUE INDÉPENDANTE ATTENDUE,MODELE NON PRECISE,,Sous-sol locaux techniques,8852.93,5742.59,1,,,,
E200-0278,Luminaire B,B,1,IMPLANTATIONS ET RENVOIS — REVUE INDÉPENDANTE ATTENDUE,MODELE NON PRECISE,,Sous-sol locaux techniques,8875.43,5860.71,1,,,,
E200-0279,Luminaire B,B,1,IMPLANTATIONS ET RENVOIS — REVUE INDÉPENDANTE ATTENDUE,MODELE NON PRECISE,,Sous-sol locaux techniques,8869.8,6001.32,1,,,,
E200-0280,Luminaire C,C,1,IMPLANTATIONS ET RENVOIS — REVUE INDÉPENDANTE ATTENDUE,MODELE NON PRECISE,Réglages puissance/température à déterminer E108.,Sous-sol,1507.36,5275.76,1,,,,
E200-0281,Luminaire C,C,1,IMPLANTATIONS ET RENVOIS — REVUE INDÉPENDANTE ATTENDUE,MODELE NON PRECISE,Réglages puissance/température à déterminer E108.,Sous-sol,8498.59,5247.64,1,,,,
E200-0282,Luminaire H,H,1,IMPLANTATIONS ET RENVOIS — REVUE INDÉPENDANTE ATTENDUE,MODELE NON PRECISE,,RDC espaces communs,4799.37,1081.59,1,,,,
E200-0283,Luminaire H,H,1,IMPLANTATIONS ET RENVOIS — REVUE INDÉPENDANTE ATTENDUE,MODELE NON PRECISE,,RDC espaces communs,4799.37,1241.88,1,,,,
E200-0284,Luminaire H,H,1,IMPLANTATIONS ET RENVOIS — REVUE INDÉPENDANTE ATTENDUE,MODELE NON PRECISE,,RDC espaces communs,4799.37,1397.68,1,,,,
E200-0285,Luminaire H,H,1,IMPLANTATIONS ET RENVOIS — REVUE INDÉPENDANTE ATTENDUE,MODELE NON PRECISE,,RDC espaces communs,4901.73,1096.77,1,,,,
E200-0286,Luminaire H,H,1,IMPLANTATIONS ET RENVOIS — REVUE INDÉPENDANTE ATTENDUE,MODELE NON PRECISE,,RDC espaces communs,5018.16,1096.77,1,,,,
E200-0287,Luminaire H,H,1,IMPLANTATIONS ET RENVOIS — REVUE INDÉPENDANTE ATTENDUE,MODELE NON PRECISE,,RDC espaces communs,4901.73,1254.26,1,,,,
E200-0288,Luminaire H,H,1,IMPLANTATIONS ET RENVOIS — REVUE INDÉPENDANTE ATTENDUE,MODELE NON PRECISE,,RDC espaces communs,5018.16,1254.26,1,,,,
E200-0289,Luminaire H,H,1,IMPLANTATIONS ET RENVOIS — REVUE INDÉPENDANTE ATTENDUE,MODELE NON PRECISE,,RDC espaces communs,4901.73,1411.74,1,,,,
E200-0290,Luminaire H,H,1,IMPLANTATIONS ET RENVOIS — REVUE INDÉPENDANTE ATTENDUE,MODELE NON PRECISE,,RDC espaces communs,5018.16,1411.74,1,,,,
E200-0291,Luminaire H,H,1,IMPLANTATIONS ET RENVOIS — REVUE INDÉPENDANTE ATTENDUE,MODELE NON PRECISE,,RDC espaces communs,4676.75,1482.05,1,,,,
E200-0292,Luminaire H,H,1,IMPLANTATIONS ET RENVOIS — REVUE INDÉPENDANTE ATTENDUE,MODELE NON PRECISE,,RDC espaces communs,4833.11,1529.86,1,,,,
E200-0293,Luminaire H,H,1,IMPLANTATIONS ET RENVOIS — REVUE INDÉPENDANTE ATTENDUE,MODELE NON PRECISE,,RDC espaces communs,5008.6,1529.86,1,,,,
E200-0294,Luminaire H,H,1,IMPLANTATIONS ET RENVOIS — REVUE INDÉPENDANTE ATTENDUE,MODELE NON PRECISE,,RDC espaces communs,5182.96,1529.86,1,,,,
E200-0295,Luminaire H,H,1,IMPLANTATIONS ET RENVOIS — REVUE INDÉPENDANTE ATTENDUE,MODELE NON PRECISE,,RDC espaces communs,4658.76,1647.97,1,,,,
E200-0296,Luminaire H,H,1,IMPLANTATIONS ET RENVOIS — REVUE INDÉPENDANTE ATTENDUE,MODELE NON PRECISE,,RDC espaces communs,4833.11,1647.97,1,,,,
E200-0297,Luminaire H,H,1,IMPLANTATIONS ET RENVOIS — REVUE INDÉPENDANTE ATTENDUE,MODELE NON PRECISE,,RDC espaces communs,5008.6,1647.97,1,,,,
E200-0298,Luminaire H,H,1,IMPLANTATIONS ET RENVOIS — REVUE INDÉPENDANTE ATTENDUE,MODELE NON PRECISE,,RDC espaces communs,5182.96,1647.97,1,,,,
E200-0299,Luminaire H,H,1,IMPLANTATIONS ET RENVOIS — REVUE INDÉPENDANTE ATTENDUE,MODELE NON PRECISE,,RDC espaces communs,4658.76,1802.65,1,,,,
E200-0300,Luminaire H,H,1,IMPLANTATIONS ET RENVOIS — REVUE INDÉPENDANTE ATTENDUE,MODELE NON PRECISE,,RDC espaces communs,4833.11,1802.65,1,,,,
E200-0301,Luminaire H,H,1,IMPLANTATIONS ET RENVOIS — REVUE INDÉPENDANTE ATTENDUE,MODELE NON PRECISE,,RDC espaces communs,5008.6,1802.65,1,,,,
E200-0302,Luminaire H,H,1,IMPLANTATIONS ET RENVOIS — REVUE INDÉPENDANTE ATTENDUE,MODELE NON PRECISE,,RDC espaces communs,5182.96,1802.65,1,,,,
E200-0303,Luminaire H,H,1,IMPLANTATIONS ET RENVOIS — REVUE INDÉPENDANTE ATTENDUE,MODELE NON PRECISE,,RDC espaces communs,4676.75,1948.88,1,,,,
E200-0304,Luminaire H,H,1,IMPLANTATIONS ET RENVOIS — REVUE INDÉPENDANTE ATTENDUE,MODELE NON PRECISE,,RDC espaces communs,4676.75,2047.87,1,,,,
E200-0305,Luminaire H,H,1,IMPLANTATIONS ET RENVOIS — REVUE INDÉPENDANTE ATTENDUE,MODELE NON PRECISE,,RDC espaces communs,4676.75,2144.61,1,,,,
E200-0306,Luminaire H,H,1,IMPLANTATIONS ET RENVOIS — REVUE INDÉPENDANTE ATTENDUE,MODELE NON PRECISE,,RDC espaces communs,4833.11,1948.88,1,,,,
E200-0307,Luminaire H,H,1,IMPLANTATIONS ET RENVOIS — REVUE INDÉPENDANTE ATTENDUE,MODELE NON PRECISE,,RDC espaces communs,5008.6,1948.88,1,,,,
E200-0308,Luminaire H,H,1,IMPLANTATIONS ET RENVOIS — REVUE INDÉPENDANTE ATTENDUE,MODELE NON PRECISE,,RDC espaces communs,5182.96,1948.88,1,,,,
E200-0309,Luminaire H,H,1,IMPLANTATIONS ET RENVOIS — REVUE INDÉPENDANTE ATTENDUE,MODELE NON PRECISE,,RDC espaces communs,4833.11,2047.87,1,,,,
E200-0310,Luminaire H,H,1,IMPLANTATIONS ET RENVOIS — REVUE INDÉPENDANTE ATTENDUE,MODELE NON PRECISE,,RDC espaces communs,5008.6,2047.87,1,,,,
E200-0311,Luminaire H,H,1,IMPLANTATIONS ET RENVOIS — REVUE INDÉPENDANTE ATTENDUE,MODELE NON PRECISE,,RDC espaces communs,5182.96,2047.87,1,,,,
E200-0312,Luminaire H,H,1,IMPLANTATIONS ET RENVOIS — REVUE INDÉPENDANTE ATTENDUE,MODELE NON PRECISE,,RDC espaces communs,4833.11,2144.61,1,,,,
E200-0313,Luminaire H,H,1,IMPLANTATIONS ET RENVOIS — REVUE INDÉPENDANTE ATTENDUE,MODELE NON PRECISE,,RDC espaces communs,5008.6,2144.61,1,,,,
E200-0314,Luminaire H,H,1,IMPLANTATIONS ET RENVOIS — REVUE INDÉPENDANTE ATTENDUE,MODELE NON PRECISE,,RDC espaces communs,5182.96,2144.61,1,,,,
E200-0315,Luminaire E,E,1,IMPLANTATIONS ET RENVOIS — REVUE INDÉPENDANTE ATTENDUE,MODELE NON PRECISE,,Cages escaliers et vestibules,1636.72,1074.28,1,,,,
E200-0316,Luminaire E,E,1,IMPLANTATIONS ET RENVOIS — REVUE INDÉPENDANTE ATTENDUE,MODELE NON PRECISE,,Cages escaliers et vestibules,1642.35,1389.25,1,,,,
E200-0317,Luminaire E,E,1,IMPLANTATIONS ET RENVOIS — REVUE INDÉPENDANTE ATTENDUE,MODELE NON PRECISE,,Cages escaliers et vestibules,5163.27,1074.28,1,,,,
E200-0318,Luminaire E,E,1,IMPLANTATIONS ET RENVOIS — REVUE INDÉPENDANTE ATTENDUE,MODELE NON PRECISE,,Cages escaliers et vestibules,5163.27,1355.5,1,,,,
E200-0319,Luminaire E,E,1,IMPLANTATIONS ET RENVOIS — REVUE INDÉPENDANTE ATTENDUE,MODELE NON PRECISE,,Cages escaliers et vestibules,8222.99,1079.9,1,,,,
E200-0320,Luminaire E,E,1,IMPLANTATIONS ET RENVOIS — REVUE INDÉPENDANTE ATTENDUE,MODELE NON PRECISE,,Cages escaliers et vestibules,8234.24,1389.25,1,,,,
E200-0321,Luminaire E,E,1,IMPLANTATIONS ET RENVOIS — REVUE INDÉPENDANTE ATTENDUE,MODELE NON PRECISE,,Cages escaliers et vestibules,1372.37,5028.28,1,,,,
E200-0322,Luminaire E,E,1,IMPLANTATIONS ET RENVOIS — REVUE INDÉPENDANTE ATTENDUE,MODELE NON PRECISE,,Cages escaliers et vestibules,1473.61,5028.28,1,,,,
E200-0323,Luminaire E,E,1,IMPLANTATIONS ET RENVOIS — REVUE INDÉPENDANTE ATTENDUE,MODELE NON PRECISE,,Cages escaliers et vestibules,1569.23,4943.92,1,,,,
E200-0324,Luminaire E,E,1,IMPLANTATIONS ET RENVOIS — REVUE INDÉPENDANTE ATTENDUE,MODELE NON PRECISE,,Cages escaliers et vestibules,1529.86,5140.77,1,,,,
E200-0325,Luminaire E,E,1,IMPLANTATIONS ET RENVOIS — REVUE INDÉPENDANTE ATTENDUE,MODELE NON PRECISE,,Cages escaliers et vestibules,1372.37,5225.14,1,,,,
E200-0326,Luminaire E,E,1,IMPLANTATIONS ET RENVOIS — REVUE INDÉPENDANTE ATTENDUE,MODELE NON PRECISE,,Cages escaliers et vestibules,4792.06,4831.43,1,,,,
E200-0327,Luminaire E,E,1,IMPLANTATIONS ET RENVOIS — REVUE INDÉPENDANTE ATTENDUE,MODELE NON PRECISE,,Cages escaliers et vestibules,4792.06,4983.29,1,,,,
E200-0328,Luminaire E,E,1,IMPLANTATIONS ET RENVOIS — REVUE INDÉPENDANTE ATTENDUE,MODELE NON PRECISE,,Cages escaliers et vestibules,4792.06,5123.9,1,,,,
E200-0329,Luminaire E,E,1,IMPLANTATIONS ET RENVOIS — REVUE INDÉPENDANTE ATTENDUE,MODELE NON PRECISE,,Cages escaliers et vestibules,8256.74,4966.42,1,,,,
E200-0330,Luminaire E,E,1,IMPLANTATIONS ET RENVOIS — REVUE INDÉPENDANTE ATTENDUE,MODELE NON PRECISE,,Cages escaliers et vestibules,8352.35,5033.91,1,,,,
E200-0331,Luminaire E,E,1,IMPLANTATIONS ET RENVOIS — REVUE INDÉPENDANTE ATTENDUE,MODELE NON PRECISE,,Cages escaliers et vestibules,8307.36,5152.02,1,,,,
E200-0332,Luminaire E,E,1,IMPLANTATIONS ET RENVOIS — REVUE INDÉPENDANTE ATTENDUE,MODELE NON PRECISE,,Cages escaliers et vestibules,8476.09,4988.91,1,,,,
E200-0333,Luminaire E,E,1,IMPLANTATIONS ET RENVOIS — REVUE INDÉPENDANTE ATTENDUE,MODELE NON PRECISE,,Cages escaliers et vestibules,8476.09,5123.9,1,,,,
E200-0334,Luminaire K,K,1,IMPLANTATIONS ET RENVOIS — REVUE INDÉPENDANTE ATTENDUE,MODELE NON PRECISE,,RDC accès,1560.79,1009.59,1,,,,
E200-0335,Luminaire K,K,1,IMPLANTATIONS ET RENVOIS — REVUE INDÉPENDANTE ATTENDUE,MODELE NON PRECISE,,RDC accès,1704.22,1009.59,1,,,,
E200-0336,Luminaire K,K,1,IMPLANTATIONS ET RENVOIS — REVUE INDÉPENDANTE ATTENDUE,MODELE NON PRECISE,,RDC accès,4852.24,984.28,1,,,,
E200-0337,Luminaire K,K,1,IMPLANTATIONS ET RENVOIS — REVUE INDÉPENDANTE ATTENDUE,MODELE NON PRECISE,,RDC accès,5015.91,984.28,1,,,,
E200-0338,Luminaire K,K,1,IMPLANTATIONS ET RENVOIS — REVUE INDÉPENDANTE ATTENDUE,MODELE NON PRECISE,,RDC accès,4620.51,2235.73,1,,,,
E200-0339,Luminaire K,K,1,IMPLANTATIONS ET RENVOIS — REVUE INDÉPENDANTE ATTENDUE,MODELE NON PRECISE,,RDC accès,4769.56,2235.73,1,,,,
E200-0340,Luminaire K,K,1,IMPLANTATIONS ET RENVOIS — REVUE INDÉPENDANTE ATTENDUE,MODELE NON PRECISE,,RDC accès,8161.12,1009.59,1,,,,
E200-0341,Luminaire K,K,1,IMPLANTATIONS ET RENVOIS — REVUE INDÉPENDANTE ATTENDUE,MODELE NON PRECISE,,RDC accès,8301.73,1009.59,1,,,,
E200-0342,Luminaire W,W,1,IMPLANTATIONS ET RENVOIS — REVUE INDÉPENDANTE ATTENDUE,MODELE NON PRECISE,,Sous-sol accès rampe,4769.56,4676.75,1,,,,
E200-0343,Luminaire W,W,1,IMPLANTATIONS ET RENVOIS — REVUE INDÉPENDANTE ATTENDUE,MODELE NON PRECISE,,Sous-sol accès rampe,4867.99,4634.57,1,,,,
E200-0344,Luminaire W,W,1,IMPLANTATIONS ET RENVOIS — REVUE INDÉPENDANTE ATTENDUE,MODELE NON PRECISE,,Sous-sol accès rampe,5225.14,4634.57,1,,,,
E200-0345,Luminaire Q,Q,1,IMPLANTATIONS ET RENVOIS — REVUE INDÉPENDANTE ATTENDUE,MODELE NON PRECISE,,Sous-sol cage ascenseur,4628.95,4797.68,1,,,,
E200-0346,Luminaire Q,Q,1,IMPLANTATIONS ET RENVOIS — REVUE INDÉPENDANTE ATTENDUE,MODELE NON PRECISE,,Sous-sol cage ascenseur,4628.95,4949.54,1,,,,
E200-0347,Luminaire Q,Q,1,IMPLANTATIONS ET RENVOIS — REVUE INDÉPENDANTE ATTENDUE,MODELE NON PRECISE,,Sous-sol cage ascenseur,4626.13,5083.97,1,,,,
E200-0348,Indicateur de sortie,Sortie,1,IMPLANTATIONS ET RENVOIS — REVUE INDÉPENDANTE ATTENDUE,MODELE NON PRECISE,,E200 accès,1304.88,4988.91,1,,,,
E200-0349,Indicateur de sortie,Sortie,1,IMPLANTATIONS ET RENVOIS — REVUE INDÉPENDANTE ATTENDUE,MODELE NON PRECISE,,E200 accès,1417.37,5011.41,1,,,,
E200-0350,Indicateur de sortie,Sortie,1,IMPLANTATIONS ET RENVOIS — REVUE INDÉPENDANTE ATTENDUE,MODELE NON PRECISE,,E200 accès,1445.49,5281.39,1,,,,
E200-0351,Indicateur de sortie,Sortie,1,IMPLANTATIONS ET RENVOIS — REVUE INDÉPENDANTE ATTENDUE,MODELE NON PRECISE,,E200 accès,1445.49,5450.12,1,,,,
E200-0352,Indicateur de sortie,Sortie,1,IMPLANTATIONS ET RENVOIS — REVUE INDÉPENDANTE ATTENDUE,MODELE NON PRECISE,,E200 accès,1372.37,5916.95,1,,,,
E200-0353,Indicateur de sortie,Sortie,1,IMPLANTATIONS ET RENVOIS — REVUE INDÉPENDANTE ATTENDUE,MODELE NON PRECISE,,E200 accès,4690.82,5197.02,1,,,,
E200-0354,Indicateur de sortie,Sortie,1,IMPLANTATIONS ET RENVOIS — REVUE INDÉPENDANTE ATTENDUE,MODELE NON PRECISE,,E200 accès,4724.56,5455.74,1,,,,
E200-0355,Indicateur de sortie,Sortie,1,IMPLANTATIONS ET RENVOIS — REVUE INDÉPENDANTE ATTENDUE,MODELE NON PRECISE,,E200 accès,8521.09,5191.39,1,,,,
E200-0356,Indicateur de sortie,Sortie,1,IMPLANTATIONS ET RENVOIS — REVUE INDÉPENDANTE ATTENDUE,MODELE NON PRECISE,,E200 accès,8470.47,5455.74,1,,,,
E200-0357,Indicateur de sortie,Sortie,1,IMPLANTATIONS ET RENVOIS — REVUE INDÉPENDANTE ATTENDUE,MODELE NON PRECISE,,E200 accès,4966.42,1493.3,1,,,,
E200-0358,Indicateur de sortie,Sortie,1,IMPLANTATIONS ET RENVOIS — REVUE INDÉPENDANTE ATTENDUE,MODELE NON PRECISE,,E200 accès,4696.44,1844.83,1,,,,
E200-0359,Détecteur de fumée,Photoélectrique adressable,1,IMPLANTATIONS ET RENVOIS — REVUE INDÉPENDANTE ATTENDUE,MODELE NON PRECISE,,E200,4797.68,1195.2,1,,,,
E200-0360,Détecteur de fumée,Photoélectrique adressable,1,IMPLANTATIONS ET RENVOIS — REVUE INDÉPENDANTE ATTENDUE,MODELE NON PRECISE,,E200,4957.98,1234.57,1,,,,
E200-0361,Détecteur de fumée,Photoélectrique adressable,1,IMPLANTATIONS ET RENVOIS — REVUE INDÉPENDANTE ATTENDUE,MODELE NON PRECISE,,E200,5140.77,1327.38,1,,,,
E200-0362,Détecteur de fumée,Photoélectrique adressable,1,IMPLANTATIONS ET RENVOIS — REVUE INDÉPENDANTE ATTENDUE,MODELE NON PRECISE,,E200,4775.18,1653.6,1,,,,
E200-0363,Détecteur de fumée,Photoélectrique adressable,1,IMPLANTATIONS ET RENVOIS — REVUE INDÉPENDANTE ATTENDUE,MODELE NON PRECISE,,E200,5129.52,1659.22,1,,,,
E200-0364,Détecteur de fumée,Photoélectrique adressable,1,IMPLANTATIONS ET RENVOIS — REVUE INDÉPENDANTE ATTENDUE,MODELE NON PRECISE,,E200,4682.38,2086.68,1,,,,
E200-0365,Détecteur de fumée,Photoélectrique adressable,1,IMPLANTATIONS ET RENVOIS — REVUE INDÉPENDANTE ATTENDUE,MODELE NON PRECISE,,E200,4862.36,2069.81,1,,,,
E200-0366,Détecteur de fumée,Photoélectrique adressable,1,IMPLANTATIONS ET RENVOIS — REVUE INDÉPENDANTE ATTENDUE,MODELE NON PRECISE,,E200,5129.52,1974.19,1,,,,
E200-0367,Détecteur de fumée,Photoélectrique adressable,1,IMPLANTATIONS ET RENVOIS — REVUE INDÉPENDANTE ATTENDUE,MODELE NON PRECISE,,E200,1372.37,5084.53,1,,,,
E200-0368,Détecteur de fumée,Photoélectrique adressable,1,IMPLANTATIONS ET RENVOIS — REVUE INDÉPENDANTE ATTENDUE,MODELE NON PRECISE,,E200,1473.61,5146.4,1,,,,
E200-0369,Détecteur de fumée,Photoélectrique adressable,1,IMPLANTATIONS ET RENVOIS — REVUE INDÉPENDANTE ATTENDUE,MODELE NON PRECISE,,E200,4223.98,4955.17,1,,,,
E200-0370,Détecteur de fumée,Photoélectrique adressable,1,IMPLANTATIONS ET RENVOIS — REVUE INDÉPENDANTE ATTENDUE,MODELE NON PRECISE,,E200,8461.47,5023.22,1,,,,
E200-0371,Détecteur de fumée,Photoélectrique adressable,1,IMPLANTATIONS ET RENVOIS — REVUE INDÉPENDANTE ATTENDUE,MODELE NON PRECISE,,E200,8330.42,5129.52,1,,,,
E200-0372,Détecteur de fumée,Photoélectrique adressable,1,IMPLANTATIONS ET RENVOIS — REVUE INDÉPENDANTE ATTENDUE,MODELE NON PRECISE,,E200,8522.21,4857.86,1,,,,
E200-0373,Détecteur de fumée,Photoélectrique adressable,1,IMPLANTATIONS ET RENVOIS — REVUE INDÉPENDANTE ATTENDUE,MODELE NON PRECISE,,E200,8888.36,4966.98,1,,,,
E200-0374,Détecteur de fumée,Photoélectrique adressable,1,IMPLANTATIONS ET RENVOIS — REVUE INDÉPENDANTE ATTENDUE,MODELE NON PRECISE,,E200,8857.43,5388.81,1,,,,
E200-0375,Détecteur de fumée,Photoélectrique adressable,1,IMPLANTATIONS ET RENVOIS — REVUE INDÉPENDANTE ATTENDUE,MODELE NON PRECISE,,E200,8854.62,5799.4,1,,,,
E200-0376,Détection en gaine,DNR dessiné,1,IMPLANTATIONS ET RENVOIS — REVUE INDÉPENDANTE ATTENDUE,MODELE NON PRECISE,Raccordement et module séparés; pas de quantité déduite des notes.,RDC,4623.32,1265.51,1,,,,
E200-0377,Détection en gaine,DNR dessiné,1,IMPLANTATIONS ET RENVOIS — REVUE INDÉPENDANTE ATTENDUE,MODELE NON PRECISE,Raccordement et module séparés; pas de quantité déduite des notes.,RDC,4645.82,1333.0,1,,,,
E200-0378,Détecteur présence OS3,OS3,1,IMPLANTATIONS ET RENVOIS — REVUE INDÉPENDANTE ATTENDUE,MODELE NON PRECISE,,E200,4797.68,1299.25,1,,,,
E200-0379,Détecteur présence OS3,OS3,1,IMPLANTATIONS ET RENVOIS — REVUE INDÉPENDANTE ATTENDUE,MODELE NON PRECISE,,E200,4960.79,1198.01,1,,,,
E200-0380,Détecteur présence OS3,OS3,1,IMPLANTATIONS ET RENVOIS — REVUE INDÉPENDANTE ATTENDUE,MODELE NON PRECISE,,E200,4927.04,1678.91,1,,,,
E200-0381,Détecteur présence OS3,OS3,1,IMPLANTATIONS ET RENVOIS — REVUE INDÉPENDANTE ATTENDUE,MODELE NON PRECISE,,E200,4671.13,5916.95,1,,,,
E200-0382,Contrôleur DP2,DP2,1,IMPLANTATIONS ET RENVOIS — REVUE INDÉPENDANTE ATTENDUE,MODELE NON PRECISE,,RDC,4887.67,1670.47,1,,,,
E200-0383,Gradateur SW1,SW1,1,IMPLANTATIONS ET RENVOIS — REVUE INDÉPENDANTE ATTENDUE,MODELE NON PRECISE,,E200,4868.55,1041.65,1,,,,
E200-0384,Gradateur SW1,SW1,1,IMPLANTATIONS ET RENVOIS — REVUE INDÉPENDANTE ATTENDUE,MODELE NON PRECISE,,E200,4623.32,1811.08,1,,,,
E200-0385,Gradateur SW1,SW1,1,IMPLANTATIONS ET RENVOIS — REVUE INDÉPENDANTE ATTENDUE,MODELE NON PRECISE,,E200,5086.78,1897.14,1,,,,
E200-0386,Gradateur SW1,SW1,1,IMPLANTATIONS ET RENVOIS — REVUE INDÉPENDANTE ATTENDUE,MODELE NON PRECISE,,E200,4747.06,2182.3,1,,,,
E200-0387,Gradateur SW1,SW1,1,IMPLANTATIONS ET RENVOIS — REVUE INDÉPENDANTE ATTENDUE,MODELE NON PRECISE,,E200,4766.18,4789.24,1,,,,
E200-0388,Gradateur SW1,SW1,1,IMPLANTATIONS ET RENVOIS — REVUE INDÉPENDANTE ATTENDUE,MODELE NON PRECISE,,E200,8386.66,5039.53,1,,,,
E200-0389,Interrupteur,Symbole interrupteur,1,IMPLANTATIONS ET RENVOIS — REVUE INDÉPENDANTE ATTENDUE,MODELE NON PRECISE,Nombre de mécanismes à confirmer lorsque les symboles se superposent.,E200,4644.13,1483.74,1,,,,
E200-0390,Interrupteur,Symbole interrupteur,1,IMPLANTATIONS ET RENVOIS — REVUE INDÉPENDANTE ATTENDUE,MODELE NON PRECISE,Nombre de mécanismes à confirmer lorsque les symboles se superposent.,E200,4754.37,4782.49,1,,,,
E200-0391,Interrupteur,Symbole interrupteur,1,IMPLANTATIONS ET RENVOIS — REVUE INDÉPENDANTE ATTENDUE,MODELE NON PRECISE,Nombre de mécanismes à confirmer lorsque les symboles se superposent.,E200,8457.53,5141.9,1,,,,
E200-0392,Interrupteur,Symbole interrupteur,1,IMPLANTATIONS ET RENVOIS — REVUE INDÉPENDANTE ATTENDUE,MODELE NON PRECISE,Nombre de mécanismes à confirmer lorsque les symboles se superposent.,E200,8684.2,5141.9,1,,,,
E200-0393,Interrupteur,Symbole interrupteur,1,IMPLANTATIONS ET RENVOIS — REVUE INDÉPENDANTE ATTENDUE,MODELE NON PRECISE,Nombre de mécanismes à confirmer lorsque les symboles se superposent.,E200,8870.93,5605.36,1,,,,
E200-0394,Interrupteur,Symbole interrupteur,1,IMPLANTATIONS ET RENVOIS — REVUE INDÉPENDANTE ATTENDUE,MODELE NON PRECISE,Nombre de mécanismes à confirmer lorsque les symboles se superposent.,E200,8872.62,5642.48,1,,,,
E200-0395,Interrupteur,Symbole interrupteur,1,IMPLANTATIONS ET RENVOIS — REVUE INDÉPENDANTE ATTENDUE,MODELE NON PRECISE,Nombre de mécanismes à confirmer lorsque les symboles se superposent.,E200,4640.2,5641.35,1,,,,
E200-0396,Interrupteur,Symbole interrupteur,1,IMPLANTATIONS ET RENVOIS — REVUE INDÉPENDANTE ATTENDUE,MODELE NON PRECISE,Nombre de mécanismes à confirmer lorsque les symboles se superposent.,E200,5001.85,6015.38,1,,,,
E200-0397,Interrupteur,Symbole interrupteur,1,IMPLANTATIONS ET RENVOIS — REVUE INDÉPENDANTE ATTENDUE,MODELE NON PRECISE,Nombre de mécanismes à confirmer lorsque les symboles se superposent.,E200,5070.47,5998.51,1,,,,
E200-0398,Minuterie MI,MI,1,IMPLANTATIONS ET RENVOIS — REVUE INDÉPENDANTE ATTENDUE,MODELE NON PRECISE,,Sous-sol,1378.0,5860.71,1,,,,
E200-0399,Minuterie MI,MI,1,IMPLANTATIONS ET RENVOIS — REVUE INDÉPENDANTE ATTENDUE,MODELE NON PRECISE,,Sous-sol,4556.95,5220.64,1,,,,
E200-0400,Minuterie MI,MI,1,IMPLANTATIONS ET RENVOIS — REVUE INDÉPENDANTE ATTENDUE,MODELE NON PRECISE,,Sous-sol,4735.81,5630.1,1,,,,
E200-0401,Minuterie MI,MI,1,IMPLANTATIONS ET RENVOIS — REVUE INDÉPENDANTE ATTENDUE,MODELE NON PRECISE,,Sous-sol,4903.42,6020.44,1,,,,
E200-0402,Minuterie MI,MI,1,IMPLANTATIONS ET RENVOIS — REVUE INDÉPENDANTE ATTENDUE,MODELE NON PRECISE,,Sous-sol,5078.9,6012.57,1,,,,
E200-0403,Minuterie MI,MI,1,IMPLANTATIONS ET RENVOIS — REVUE INDÉPENDANTE ATTENDUE,MODELE NON PRECISE,,Sous-sol,8555.96,4915.79,1,,,,
E200-0404,Thermostat,T,1,IMPLANTATIONS ET RENVOIS — REVUE INDÉPENDANTE ATTENDUE,MODELE NON PRECISE,,E200,894.29,5137.96,1,,,,
E200-0405,Thermostat,T,1,IMPLANTATIONS ET RENVOIS — REVUE INDÉPENDANTE ATTENDUE,MODELE NON PRECISE,,E200,1338.63,5860.71,1,,,,
E200-0406,Thermostat,T,1,IMPLANTATIONS ET RENVOIS — REVUE INDÉPENDANTE ATTENDUE,MODELE NON PRECISE,,E200,1975.32,5230.2,1,,,,
E200-0407,Thermostat,T,1,IMPLANTATIONS ET RENVOIS — REVUE INDÉPENDANTE ATTENDUE,MODELE NON PRECISE,,E200,4870.8,5101.4,1,,,,
E200-0408,Thermostat,T,1,IMPLANTATIONS ET RENVOIS — REVUE INDÉPENDANTE ATTENDUE,MODELE NON PRECISE,,E200,8428.28,5257.2,1,,,,
E200-0409,Thermostat,T,1,IMPLANTATIONS ET RENVOIS — REVUE INDÉPENDANTE ATTENDUE,MODELE NON PRECISE,,E200,4794.31,1915.7,1,,,,
E200-0410,Thermostat,T,1,IMPLANTATIONS ET RENVOIS — REVUE INDÉPENDANTE ATTENDUE,MODELE NON PRECISE,,E200,4748.75,1429.18,1,,,,
E200-0411,Thermostat ligne,T carré,1,IMPLANTATIONS ET RENVOIS — REVUE INDÉPENDANTE ATTENDUE,MODELE NON PRECISE,,E200,4718.94,1518.61,1,,,,
E200-0412,Thermostat ligne,T carré,1,IMPLANTATIONS ET RENVOIS — REVUE INDÉPENDANTE ATTENDUE,MODELE NON PRECISE,,E200,5053.59,1448.3,1,,,,
E200-0413,Thermostat ligne,T carré,1,IMPLANTATIONS ET RENVOIS — REVUE INDÉPENDANTE ATTENDUE,MODELE NON PRECISE,,E200,4623.32,2006.81,1,,,,
E200-0414,Thermostat ligne,T carré,1,IMPLANTATIONS ET RENVOIS — REVUE INDÉPENDANTE ATTENDUE,MODELE NON PRECISE,,E200,8566.08,4798.81,1,,,,
E200-0415,Thermostat ligne,T carré,1,IMPLANTATIONS ET RENVOIS — REVUE INDÉPENDANTE ATTENDUE,MODELE NON PRECISE,,E200,8946.86,5775.22,1,,,,
E200-0416,Thermostat ligne,T carré,1,IMPLANTATIONS ET RENVOIS — REVUE INDÉPENDANTE ATTENDUE,MODELE NON PRECISE,,E200,4572.7,4932.67,1,,,,
E200-0417,Thermostat inverse,TA,1,IMPLANTATIONS ET RENVOIS — REVUE INDÉPENDANTE ATTENDUE,MODELE NON PRECISE,,Sous-sol,4285.85,5213.89,1,,,,
E200-0418,Thermostat inverse,TA,1,IMPLANTATIONS ET RENVOIS — REVUE INDÉPENDANTE ATTENDUE,MODELE NON PRECISE,,Sous-sol,8819.18,5292.63,1,,,,
E200-0419,Thermostat inverse,TA,1,IMPLANTATIONS ET RENVOIS — REVUE INDÉPENDANTE ATTENDUE,MODELE NON PRECISE,,Sous-sol,8891.74,5641.92,1,,,,
E200-0420,Prise double,Prise — variante suivant symbole source,1,IMPLANTATIONS ET RENVOIS — REVUE INDÉPENDANTE ATTENDUE,MODELE NON PRECISE,Calibre et variante à confirmer lorsqu’aucune étiquette locale ne tranche.,E200,1557.98,1108.02,1,,,,
E200-0421,Prise double,Prise — variante suivant symbole source,1,IMPLANTATIONS ET RENVOIS — REVUE INDÉPENDANTE ATTENDUE,MODELE NON PRECISE,Calibre et variante à confirmer lorsqu’aucune étiquette locale ne tranche.,E200,8161.12,1102.4,1,,,,
E200-0422,Prise double,Prise — variante suivant symbole source,1,IMPLANTATIONS ET RENVOIS — REVUE INDÉPENDANTE ATTENDUE,MODELE NON PRECISE,Calibre et variante à confirmer lorsqu’aucune étiquette locale ne tranche.,E200,4842.68,1071.46,1,,,,
E200-0423,Prise double,Prise — variante suivant symbole source,1,IMPLANTATIONS ET RENVOIS — REVUE INDÉPENDANTE ATTENDUE,MODELE NON PRECISE,Calibre et variante à confirmer lorsqu’aucune étiquette locale ne tranche.,E200,4876.42,1071.46,1,,,,
E200-0424,Prise double,Prise — variante suivant symbole source,1,IMPLANTATIONS ET RENVOIS — REVUE INDÉPENDANTE ATTENDUE,MODELE NON PRECISE,Calibre et variante à confirmer lorsqu’aucune étiquette locale ne tranche.,E200,4842.68,1442.68,1,,,,
E200-0425,Prise double,Prise — variante suivant symbole source,1,IMPLANTATIONS ET RENVOIS — REVUE INDÉPENDANTE ATTENDUE,MODELE NON PRECISE,Calibre et variante à confirmer lorsqu’aucune étiquette locale ne tranche.,E200,4892.17,1449.99,1,,,,
E200-0426,Prise double,Prise — variante suivant symbole source,1,IMPLANTATIONS ET RENVOIS — REVUE INDÉPENDANTE ATTENDUE,MODELE NON PRECISE,Calibre et variante à confirmer lorsqu’aucune étiquette locale ne tranche.,E200,5098.59,1335.81,1,,,,
E200-0427,Prise double,Prise — variante suivant symbole source,1,IMPLANTATIONS ET RENVOIS — REVUE INDÉPENDANTE ATTENDUE,MODELE NON PRECISE,Calibre et variante à confirmer lorsqu’aucune étiquette locale ne tranche.,E200,5236.39,1487.67,1,,,,
E200-0428,Prise double,Prise — variante suivant symbole source,1,IMPLANTATIONS ET RENVOIS — REVUE INDÉPENDANTE ATTENDUE,MODELE NON PRECISE,Calibre et variante à confirmer lorsqu’aucune étiquette locale ne tranche.,E200,5236.39,1832.46,1,,,,
E200-0429,Prise double,Prise — variante suivant symbole source,1,IMPLANTATIONS ET RENVOIS — REVUE INDÉPENDANTE ATTENDUE,MODELE NON PRECISE,Calibre et variante à confirmer lorsqu’aucune étiquette locale ne tranche.,E200,4628.95,1759.34,1,,,,
E200-0430,Prise double,Prise — variante suivant symbole source,1,IMPLANTATIONS ET RENVOIS — REVUE INDÉPENDANTE ATTENDUE,MODELE NON PRECISE,Calibre et variante à confirmer lorsqu’aucune étiquette locale ne tranche.,E200,4747.06,1884.2,1,,,,
E200-0431,Prise double,Prise — variante suivant symbole source,1,IMPLANTATIONS ET RENVOIS — REVUE INDÉPENDANTE ATTENDUE,MODELE NON PRECISE,Calibre et variante à confirmer lorsqu’aucune étiquette locale ne tranche.,E200,4792.06,1884.2,1,,,,
E200-0432,Prise double,Prise — variante suivant symbole source,1,IMPLANTATIONS ET RENVOIS — REVUE INDÉPENDANTE ATTENDUE,MODELE NON PRECISE,Calibre et variante à confirmer lorsqu’aucune étiquette locale ne tranche.,E200,5242.01,1892.64,1,,,,
E200-0433,Prise double,Prise — variante suivant symbole source,1,IMPLANTATIONS ET RENVOIS — REVUE INDÉPENDANTE ATTENDUE,MODELE NON PRECISE,Calibre et variante à confirmer lorsqu’aucune étiquette locale ne tranche.,E200,5242.01,2152.49,1,,,,
E200-0434,Prise double,Prise — variante suivant symbole source,1,IMPLANTATIONS ET RENVOIS — REVUE INDÉPENDANTE ATTENDUE,MODELE NON PRECISE,Calibre et variante à confirmer lorsqu’aucune étiquette locale ne tranche.,E200,4620.51,2159.8,1,,,,
E200-0435,Prise double,Prise — variante suivant symbole source,1,IMPLANTATIONS ET RENVOIS — REVUE INDÉPENDANTE ATTENDUE,MODELE NON PRECISE,Calibre et variante à confirmer lorsqu’aucune étiquette locale ne tranche.,E200,4780.81,2147.43,1,,,,
E200-0436,Prise double,Prise — variante suivant symbole source,1,IMPLANTATIONS ET RENVOIS — REVUE INDÉPENDANTE ATTENDUE,MODELE NON PRECISE,Calibre et variante à confirmer lorsqu’aucune étiquette locale ne tranche.,E200,1181.14,4783.62,1,,,,
E200-0437,Prise double,Prise — variante suivant symbole source,1,IMPLANTATIONS ET RENVOIS — REVUE INDÉPENDANTE ATTENDUE,MODELE NON PRECISE,Calibre et variante à confirmer lorsqu’aucune étiquette locale ne tranche.,E200,905.54,5168.9,1,,,,
E200-0438,Prise double,Prise — variante suivant symbole source,1,IMPLANTATIONS ET RENVOIS — REVUE INDÉPENDANTE ATTENDUE,MODELE NON PRECISE,Calibre et variante à confirmer lorsqu’aucune étiquette locale ne tranche.,E200,905.54,5717.28,1,,,,
E200-0439,Prise double,Prise — variante suivant symbole source,1,IMPLANTATIONS ET RENVOIS — REVUE INDÉPENDANTE ATTENDUE,MODELE NON PRECISE,Calibre et variante à confirmer lorsqu’aucune étiquette locale ne tranche.,E200,1394.87,5388.25,1,,,,
E200-0440,Prise double,Prise — variante suivant symbole source,1,IMPLANTATIONS ET RENVOIS — REVUE INDÉPENDANTE ATTENDUE,MODELE NON PRECISE,Calibre et variante à confirmer lorsqu’aucune étiquette locale ne tranche.,E200,1394.87,5826.96,1,,,,
E200-0441,Prise double,Prise — variante suivant symbole source,1,IMPLANTATIONS ET RENVOIS — REVUE INDÉPENDANTE ATTENDUE,MODELE NON PRECISE,Calibre et variante à confirmer lorsqu’aucune étiquette locale ne tranche.,E200,4409.59,4955.17,1,,,,
E200-0442,Prise double,Prise — variante suivant symbole source,1,IMPLANTATIONS ET RENVOIS — REVUE INDÉPENDANTE ATTENDUE,MODELE NON PRECISE,Calibre et variante à confirmer lorsqu’aucune étiquette locale ne tranche.,E200,4651.44,4769.56,1,,,,
E200-0443,Prise double,Prise — variante suivant symbole source,1,IMPLANTATIONS ET RENVOIS — REVUE INDÉPENDANTE ATTENDUE,MODELE NON PRECISE,Calibre et variante à confirmer lorsqu’aucune étiquette locale ne tranche.,E200,4840.43,5073.84,1,,,,
E200-0444,Prise double,Prise — variante suivant symbole source,1,IMPLANTATIONS ET RENVOIS — REVUE INDÉPENDANTE ATTENDUE,MODELE NON PRECISE,Calibre et variante à confirmer lorsqu’aucune étiquette locale ne tranche.,E200,4610.95,5680.16,1,,,,
E200-0445,Prise double,Prise — variante suivant symbole source,1,IMPLANTATIONS ET RENVOIS — REVUE INDÉPENDANTE ATTENDUE,MODELE NON PRECISE,Calibre et variante à confirmer lorsqu’aucune étiquette locale ne tranche.,E200,4612.07,5950.14,1,,,,
E200-0446,Prise double,Prise — variante suivant symbole source,1,IMPLANTATIONS ET RENVOIS — REVUE INDÉPENDANTE ATTENDUE,MODELE NON PRECISE,Calibre et variante à confirmer lorsqu’aucune étiquette locale ne tranche.,E200,8401.85,5055.28,1,,,,
E200-0447,Prise double,Prise — variante suivant symbole source,1,IMPLANTATIONS ET RENVOIS — REVUE INDÉPENDANTE ATTENDUE,MODELE NON PRECISE,Calibre et variante à confirmer lorsqu’aucune étiquette locale ne tranche.,E200,8501.96,5060.91,1,,,,
E200-0448,Prise double,Prise — variante suivant symbole source,1,IMPLANTATIONS ET RENVOIS — REVUE INDÉPENDANTE ATTENDUE,MODELE NON PRECISE,Calibre et variante à confirmer lorsqu’aucune étiquette locale ne tranche.,E200,8815.81,4787.56,1,,,,
E200-0449,Prise double,Prise — variante suivant symbole source,1,IMPLANTATIONS ET RENVOIS — REVUE INDÉPENDANTE ATTENDUE,MODELE NON PRECISE,Calibre et variante à confirmer lorsqu’aucune étiquette locale ne tranche.,E200,8839.99,4787.56,1,,,,
E200-0450,Prise double,Prise — variante suivant symbole source,1,IMPLANTATIONS ET RENVOIS — REVUE INDÉPENDANTE ATTENDUE,MODELE NON PRECISE,Calibre et variante à confirmer lorsqu’aucune étiquette locale ne tranche.,E200,8537.96,4901.73,1,,,,
E200-0451,Prise double,Prise — variante suivant symbole source,1,IMPLANTATIONS ET RENVOIS — REVUE INDÉPENDANTE ATTENDUE,MODELE NON PRECISE,Calibre et variante à confirmer lorsqu’aucune étiquette locale ne tranche.,E200,8705.57,5147.52,1,,,,
E200-0452,Prise double,Prise — variante suivant symbole source,1,IMPLANTATIONS ET RENVOIS — REVUE INDÉPENDANTE ATTENDUE,MODELE NON PRECISE,Calibre et variante à confirmer lorsqu’aucune étiquette locale ne tranche.,E200,8942.92,5191.39,1,,,,
E200-0453,Prise double,Prise — variante suivant symbole source,1,IMPLANTATIONS ET RENVOIS — REVUE INDÉPENDANTE ATTENDUE,MODELE NON PRECISE,Calibre et variante à confirmer lorsqu’aucune étiquette locale ne tranche.,E200,8762.94,5596.36,1,,,,
E200-0454,Prise double,Prise — variante suivant symbole source,1,IMPLANTATIONS ET RENVOIS — REVUE INDÉPENDANTE ATTENDUE,MODELE NON PRECISE,Calibre et variante à confirmer lorsqu’aucune étiquette locale ne tranche.,E200,8762.94,5714.47,1,,,,
E200-0455,Prise double,Prise — variante suivant symbole source,1,IMPLANTATIONS ET RENVOIS — REVUE INDÉPENDANTE ATTENDUE,MODELE NON PRECISE,Calibre et variante à confirmer lorsqu’aucune étiquette locale ne tranche.,E200,8953.05,6046.32,1,,,,
E200-0456,Prise extérieure DDFT,Prise avec couvercle intempéries,1,IMPLANTATIONS ET RENVOIS — REVUE INDÉPENDANTE ATTENDUE,MODELE NON PRECISE,Calibre à valider au symbole et à la cédule; aucun disjoncteur déduit.,Sous-sol / extérieur,2007.94,5258.89,1,,,,
E200-0457,Prise extérieure DDFT,Prise avec couvercle intempéries,1,IMPLANTATIONS ET RENVOIS — REVUE INDÉPENDANTE ATTENDUE,MODELE NON PRECISE,Calibre à valider au symbole et à la cédule; aucun disjoncteur déduit.,Sous-sol / extérieur,2680.63,5609.86,1,,,,
E200-0458,Prise extérieure DDFT,Prise avec couvercle intempéries,1,IMPLANTATIONS ET RENVOIS — REVUE INDÉPENDANTE ATTENDUE,MODELE NON PRECISE,Calibre à valider au symbole et à la cédule; aucun disjoncteur déduit.,Sous-sol / extérieur,4044.0,5601.98,1,,,,
E200-0459,Prise extérieure DDFT,Prise avec couvercle intempéries,1,IMPLANTATIONS ET RENVOIS — REVUE INDÉPENDANTE ATTENDUE,MODELE NON PRECISE,Calibre à valider au symbole et à la cédule; aucun disjoncteur déduit.,Sous-sol / extérieur,4825.8,5253.26,1,,,,
E200-0460,Prise extérieure DDFT,Prise avec couvercle intempéries,1,IMPLANTATIONS ET RENVOIS — REVUE INDÉPENDANTE ATTENDUE,MODELE NON PRECISE,Calibre à valider au symbole et à la cédule; aucun disjoncteur déduit.,Sous-sol / extérieur,6158.8,5247.64,1,,,,
E200-0461,Prise extérieure DDFT,Prise avec couvercle intempéries,1,IMPLANTATIONS ET RENVOIS — REVUE INDÉPENDANTE ATTENDUE,MODELE NON PRECISE,Calibre à valider au symbole et à la cédule; aucun disjoncteur déduit.,Sous-sol / extérieur,5474.31,5608.17,1,,,,
E200-0462,Prise extérieure DDFT,Prise avec couvercle intempéries,1,IMPLANTATIONS ET RENVOIS — REVUE INDÉPENDANTE ATTENDUE,MODELE NON PRECISE,Calibre à valider au symbole et à la cédule; aucun disjoncteur déduit.,Sous-sol / extérieur,7179.09,5608.17,1,,,,
E200-0463,Prise extérieure DDFT,Prise avec couvercle intempéries,1,IMPLANTATIONS ET RENVOIS — REVUE INDÉPENDANTE ATTENDUE,MODELE NON PRECISE,Calibre à valider au symbole et à la cédule; aucun disjoncteur déduit.,Sous-sol / extérieur,7860.77,5257.76,1,,,,
E200-0464,Prise extérieure DDFT,Prise avec couvercle intempéries,1,IMPLANTATIONS ET RENVOIS — REVUE INDÉPENDANTE ATTENDUE,MODELE NON PRECISE,Calibre à valider au symbole et à la cédule; aucun disjoncteur déduit.,Sous-sol / extérieur,8549.21,5590.73,1,,,,
E200-0465,Prise extérieure DDFT,Prise avec couvercle intempéries,1,IMPLANTATIONS ET RENVOIS — REVUE INDÉPENDANTE ATTENDUE,MODELE NON PRECISE,Calibre à valider au symbole et à la cédule; aucun disjoncteur déduit.,Sous-sol / extérieur,1659.22,5601.98,1,,,,
E200-0466,Aéroconvecteur mural,Chauffage mural 2 kW,1,IMPLANTATIONS ET RENVOIS — REVUE INDÉPENDANTE ATTENDUE,MODELE NON PRECISE,,RDC cages escaliers,1704.22,1074.28,1,,,,
E200-0467,Aéroconvecteur mural,Chauffage mural 2 kW,1,IMPLANTATIONS ET RENVOIS — REVUE INDÉPENDANTE ATTENDUE,MODELE NON PRECISE,,RDC cages escaliers,8307.36,1074.28,1,,,,
E200-0468,Mini aéroconvecteur,Chauffage plafond 5 kW,1,IMPLANTATIONS ET RENVOIS — REVUE INDÉPENDANTE ATTENDUE,MODELE NON PRECISE,,RDC vestibules,4946.73,1074.28,1,,,,
E200-0469,Mini aéroconvecteur,Chauffage plafond 5 kW,1,IMPLANTATIONS ET RENVOIS — REVUE INDÉPENDANTE ATTENDUE,MODELE NON PRECISE,,RDC vestibules,4679.57,2171.05,1,,,,
E200-0470,Aéroconvecteur mural,Chauffage mural,1,IMPLANTATIONS ET RENVOIS — REVUE INDÉPENDANTE ATTENDUE,MODELE NON PRECISE,Puissance non indiquée près du symbole.,Sous-sol,4842.68,4811.74,1,,,,
E200-0471,Plinthe commune,750 W,1,IMPLANTATIONS ET RENVOIS — REVUE INDÉPENDANTE ATTENDUE,MODELE NON PRECISE,,RDC,4763.93,1032.09,1,,,,
E200-0472,Plinthe commune,750 W,1,IMPLANTATIONS ET RENVOIS — REVUE INDÉPENDANTE ATTENDUE,MODELE NON PRECISE,,RDC,4690.82,1422.99,1,,,,
E200-0473,Plinthe commune,750 W,1,IMPLANTATIONS ET RENVOIS — REVUE INDÉPENDANTE ATTENDUE,MODELE NON PRECISE,,RDC,5168.9,1023.66,1,,,,
E200-0474,Plinthe commune,1750 W,1,IMPLANTATIONS ET RENVOIS — REVUE INDÉPENDANTE ATTENDUE,MODELE NON PRECISE,,RDC,4893.3,2196.36,1,,,,
E200-0475,Plinthe commune,1750 W,1,IMPLANTATIONS ET RENVOIS — REVUE INDÉPENDANTE ATTENDUE,MODELE NON PRECISE,,RDC,5011.41,2196.36,1,,,,
E200-0476,Plinthe commune,1500 W,1,IMPLANTATIONS ET RENVOIS — REVUE INDÉPENDANTE ATTENDUE,MODELE NON PRECISE,,Sous-sol,4583.95,4873.61,1,,,,
E200-0477,Plinthe commune,1500 W,1,IMPLANTATIONS ET RENVOIS — REVUE INDÉPENDANTE ATTENDUE,MODELE NON PRECISE,,Sous-sol,8599.83,4772.37,1,,,,
E200-0478,Plinthe commune,1500 W,1,IMPLANTATIONS ET RENVOIS — REVUE INDÉPENDANTE ATTENDUE,MODELE NON PRECISE,,Sous-sol,8869.8,4763.93,1,,,,
E200-0479,Plinthe commune,1500 W,1,IMPLANTATIONS ET RENVOIS — REVUE INDÉPENDANTE ATTENDUE,MODELE NON PRECISE,,Sous-sol,8914.8,5807.27,1,,,,
E200-0480,Relais chauffage,R,1,IMPLANTATIONS ET RENVOIS — REVUE INDÉPENDANTE ATTENDUE,MODELE NON PRECISE,,RDC,4758.31,1048.97,1,,,,
E200-0481,Station manuelle,F,1,IMPLANTATIONS ET RENVOIS — REVUE INDÉPENDANTE ATTENDUE,MODELE NON PRECISE,,E200,1557.98,1060.21,1,,,,
E200-0482,Station manuelle,F,1,IMPLANTATIONS ET RENVOIS — REVUE INDÉPENDANTE ATTENDUE,MODELE NON PRECISE,,E200,5017.04,1043.34,1,,,,
E200-0483,Station manuelle,F,1,IMPLANTATIONS ET RENVOIS — REVUE INDÉPENDANTE ATTENDUE,MODELE NON PRECISE,,E200,8161.12,1060.21,1,,,,
E200-0484,Station manuelle,F,1,IMPLANTATIONS ET RENVOIS — REVUE INDÉPENDANTE ATTENDUE,MODELE NON PRECISE,,E200,1439.87,5230.77,1,,,,
E200-0485,Station manuelle,F,1,IMPLANTATIONS ET RENVOIS — REVUE INDÉPENDANTE ATTENDUE,MODELE NON PRECISE,,E200,4775.18,4778.0,1,,,,
E200-0486,Station manuelle,F,1,IMPLANTATIONS ET RENVOIS — REVUE INDÉPENDANTE ATTENDUE,MODELE NON PRECISE,,E200,8425.47,5174.52,1,,,,
E200-0487,Klaxon,K,1,IMPLANTATIONS ET RENVOIS — REVUE INDÉPENDANTE ATTENDUE,MODELE NON PRECISE,,E200,5017.04,1068.65,1,,,,
E200-0488,Klaxon,K,1,IMPLANTATIONS ET RENVOIS — REVUE INDÉPENDANTE ATTENDUE,MODELE NON PRECISE,,E200,4626.13,1788.58,1,,,,
E200-0489,Klaxon,K,1,IMPLANTATIONS ET RENVOIS — REVUE INDÉPENDANTE ATTENDUE,MODELE NON PRECISE,,E200,1406.12,5748.22,1,,,,
E200-0490,Klaxon,K,1,IMPLANTATIONS ET RENVOIS — REVUE INDÉPENDANTE ATTENDUE,MODELE NON PRECISE,,E200,1462.36,5230.77,1,,,,
E200-0491,Klaxon,K,1,IMPLANTATIONS ET RENVOIS — REVUE INDÉPENDANTE ATTENDUE,MODELE NON PRECISE,,E200,3020.35,5249.33,1,,,,
E200-0492,Klaxon,K,1,IMPLANTATIONS ET RENVOIS — REVUE INDÉPENDANTE ATTENDUE,MODELE NON PRECISE,,E200,4741.44,5140.77,1,,,,
E200-0493,Klaxon,K,1,IMPLANTATIONS ET RENVOIS — REVUE INDÉPENDANTE ATTENDUE,MODELE NON PRECISE,,E200,6836.55,5249.33,1,,,,
E200-0494,Klaxon,K,1,IMPLANTATIONS ET RENVOIS — REVUE INDÉPENDANTE ATTENDUE,MODELE NON PRECISE,,E200,8543.58,5073.28,1,,,,
E200-0495,Klaxon,K,1,IMPLANTATIONS ET RENVOIS — REVUE INDÉPENDANTE ATTENDUE,MODELE NON PRECISE,,E200,8425.47,5197.02,1,,,,
E200-0496,Klaxon,K,1,IMPLANTATIONS ET RENVOIS — REVUE INDÉPENDANTE ATTENDUE,MODELE NON PRECISE,,E200,8774.19,5287.01,1,,,,
E200-0497,Klaxon,K,1,IMPLANTATIONS ET RENVOIS — REVUE INDÉPENDANTE ATTENDUE,MODELE NON PRECISE,,E200,8942.92,5672.29,1,,,,
E200-0498,Module surveillance double,Mx2,1,IMPLANTATIONS ET RENVOIS — REVUE INDÉPENDANTE ATTENDUE,MODELE NON PRECISE,Portée des entrées et capteurs mécaniques à réconcilier avec E105; ne pas additionner au schéma.,E200,1653.6,1420.18,1,,,,
E200-0499,Module surveillance double,Mx2,1,IMPLANTATIONS ET RENVOIS — REVUE INDÉPENDANTE ATTENDUE,MODELE NON PRECISE,Portée des entrées et capteurs mécaniques à réconcilier avec E105; ne pas additionner au schéma.,E200,5275.76,1393.75,1,,,,
E200-0500,Module surveillance double,Mx2,1,IMPLANTATIONS ET RENVOIS — REVUE INDÉPENDANTE ATTENDUE,MODELE NON PRECISE,Portée des entrées et capteurs mécaniques à réconcilier avec E105; ne pas additionner au schéma.,E200,8200.49,1437.05,1,,,,
E200-0501,Module surveillance double,Mx2,1,IMPLANTATIONS ET RENVOIS — REVUE INDÉPENDANTE ATTENDUE,MODELE NON PRECISE,Portée des entrées et capteurs mécaniques à réconcilier avec E105; ne pas additionner au schéma.,E200,1445.49,4983.29,1,,,,
E200-0502,Module surveillance double,Mx2,1,IMPLANTATIONS ET RENVOIS — REVUE INDÉPENDANTE ATTENDUE,MODELE NON PRECISE,Portée des entrées et capteurs mécaniques à réconcilier avec E105; ne pas additionner au schéma.,E200,8357.98,4980.48,1,,,,
E200-0503,Module relais,MRA,1,IMPLANTATIONS ET RENVOIS — REVUE INDÉPENDANTE ATTENDUE,MODELE NON PRECISE,,RDC,4963.6,1043.34,1,,,,
E200-0504,Module relais,MRA,1,IMPLANTATIONS ET RENVOIS — REVUE INDÉPENDANTE ATTENDUE,MODELE NON PRECISE,,RDC,4688.0,1355.5,1,,,,
E200-0505,Module relais,MRA,1,IMPLANTATIONS ET RENVOIS — REVUE INDÉPENDANTE ATTENDUE,MODELE NON PRECISE,,RDC,4718.94,1465.18,1,,,,
E200-0506,Module relais,MRA,1,IMPLANTATIONS ET RENVOIS — REVUE INDÉPENDANTE ATTENDUE,MODELE NON PRECISE,,RDC,4645.82,1901.07,1,,,,
E200-0507,Module relais,MRA,1,IMPLANTATIONS ET RENVOIS — REVUE INDÉPENDANTE ATTENDUE,MODELE NON PRECISE,,RDC,3762.78,1701.4,1,,,,
E200-0508,Module relais,MRA,1,IMPLANTATIONS ET RENVOIS — REVUE INDÉPENDANTE ATTENDUE,MODELE NON PRECISE,,RDC,3762.78,1788.58,1,,,,
E200-0509,Module relais,MRA,1,IMPLANTATIONS ET RENVOIS — REVUE INDÉPENDANTE ATTENDUE,MODELE NON PRECISE,,RDC,3852.77,1840.89,1,,,,
E200-0510,Module relais,MRA,1,IMPLANTATIONS ET RENVOIS — REVUE INDÉPENDANTE ATTENDUE,MODELE NON PRECISE,,RDC,3909.01,1840.89,1,,,,
E200-0511,Module surveillance double,Mx2,1,IMPLANTATIONS ET RENVOIS — REVUE INDÉPENDANTE ATTENDUE,MODELE NON PRECISE,,E200,4690.82,1304.88,1,,,,
E200-0512,Module surveillance double,Mx2,1,IMPLANTATIONS ET RENVOIS — REVUE INDÉPENDANTE ATTENDUE,MODELE NON PRECISE,,E200,4690.82,1333.0,1,,,,
E200-0513,Module surveillance double,Mx2,1,IMPLANTATIONS ET RENVOIS — REVUE INDÉPENDANTE ATTENDUE,MODELE NON PRECISE,,E200,4718.94,1493.3,1,,,,
E200-0514,Module surveillance double,Mx2,1,IMPLANTATIONS ET RENVOIS — REVUE INDÉPENDANTE ATTENDUE,MODELE NON PRECISE,,E200,3762.78,1813.89,1,,,,
E200-0515,Module surveillance double,Mx2,1,IMPLANTATIONS ET RENVOIS — REVUE INDÉPENDANTE ATTENDUE,MODELE NON PRECISE,,E200,3909.01,1864.51,1,,,,
E200-0516,Module surveillance double,Mx2,1,IMPLANTATIONS ET RENVOIS — REVUE INDÉPENDANTE ATTENDUE,MODELE NON PRECISE,,E200,8462.59,4778.56,1,,,,
E200-0517,Module surveillance double,Mx2,1,IMPLANTATIONS ET RENVOIS — REVUE INDÉPENDANTE ATTENDUE,MODELE NON PRECISE,,E200,8462.59,4800.49,1,,,,
E200-0518,Module surveillance double,Mx2,1,IMPLANTATIONS ET RENVOIS — REVUE INDÉPENDANTE ATTENDUE,MODELE NON PRECISE,,E200,8462.59,4822.43,1,,,,
E200-0519,Module surveillance double,Mx2,1,IMPLANTATIONS ET RENVOIS — REVUE INDÉPENDANTE ATTENDUE,MODELE NON PRECISE,,E200,8462.59,4844.36,1,,,,
E200-0520,Module surveillance double,Mx2,1,IMPLANTATIONS ET RENVOIS — REVUE INDÉPENDANTE ATTENDUE,MODELE NON PRECISE,,E200,8462.59,4865.74,1,,,,
E200-0521,Module surveillance double,Mx2,1,IMPLANTATIONS ET RENVOIS — REVUE INDÉPENDANTE ATTENDUE,MODELE NON PRECISE,,E200,8462.59,4887.67,1,,,,
E200-0522,Module surveillance double,Mx2,1,IMPLANTATIONS ET RENVOIS — REVUE INDÉPENDANTE ATTENDUE,MODELE NON PRECISE,,E200,8462.59,4915.79,1,,,,
E200-0523,Module surveillance double,Mx2,1,IMPLANTATIONS ET RENVOIS — REVUE INDÉPENDANTE ATTENDUE,MODELE NON PRECISE,,E200,8819.18,5095.78,1,,,,
E200-0524,Module surveillance double,Mx2,1,IMPLANTATIONS ET RENVOIS — REVUE INDÉPENDANTE ATTENDUE,MODELE NON PRECISE,,E200,8819.18,5168.9,1,,,,
E200-0525,Module isolateur,ISO,1,IMPLANTATIONS ET RENVOIS — REVUE INDÉPENDANTE ATTENDUE,MODELE NON PRECISE,Module à identifier précisément à la légende incendie.,RDC,4544.58,1704.22,1,,,,
E200-0526,Module isolateur,ISO,1,IMPLANTATIONS ET RENVOIS — REVUE INDÉPENDANTE ATTENDUE,MODELE NON PRECISE,Module à identifier précisément à la légende incendie.,RDC,4651.44,1704.22,1,,,,
E200-0527,Module isolateur,ISO,1,IMPLANTATIONS ET RENVOIS — REVUE INDÉPENDANTE ATTENDUE,MODELE NON PRECISE,Module à identifier précisément à la légende incendie.,RDC,5208.27,1704.22,1,,,,
E200-0528,Module isolateur,ISO,1,IMPLANTATIONS ET RENVOIS — REVUE INDÉPENDANTE ATTENDUE,MODELE NON PRECISE,Module à identifier précisément à la légende incendie.,RDC,5309.51,1704.22,1,,,,
E200-0529,Débit mécanique,"Débit, fourniture mécanique",1,IMPLANTATIONS ET RENVOIS — REVUE INDÉPENDANTE ATTENDUE,MODELE NON PRECISE,Raccordement seulement; ne pas additionner aux schémas.,E200,1704.22,1434.24,1,,,,
E200-0530,Débit mécanique,"Débit, fourniture mécanique",1,IMPLANTATIONS ET RENVOIS — REVUE INDÉPENDANTE ATTENDUE,MODELE NON PRECISE,Raccordement seulement; ne pas additionner aux schémas.,E200,5236.39,1414.56,1,,,,
E200-0531,Débit mécanique,"Débit, fourniture mécanique",1,IMPLANTATIONS ET RENVOIS — REVUE INDÉPENDANTE ATTENDUE,MODELE NON PRECISE,Raccordement seulement; ne pas additionner aux schémas.,E200,8161.12,1417.37,1,,,,
E200-0532,Débit mécanique,"Débit, fourniture mécanique",1,IMPLANTATIONS ET RENVOIS — REVUE INDÉPENDANTE ATTENDUE,MODELE NON PRECISE,Raccordement seulement; ne pas additionner aux schémas.,E200,1484.86,4994.54,1,,,,
E200-0533,Débit mécanique,"Débit, fourniture mécanique",1,IMPLANTATIONS ET RENVOIS — REVUE INDÉPENDANTE ATTENDUE,MODELE NON PRECISE,Raccordement seulement; ne pas additionner aux schémas.,E200,8380.47,4949.54,1,,,,
E200-0534,Soupape mécanique,Soupape / contact à raccorder,1,IMPLANTATIONS ET RENVOIS — REVUE INDÉPENDANTE ATTENDUE,MODELE NON PRECISE,Fourniture mécanique; symbole raccordé via Mx2.,E200,1704.22,1408.93,1,,,,
E200-0535,Soupape mécanique,Soupape / contact à raccorder,1,IMPLANTATIONS ET RENVOIS — REVUE INDÉPENDANTE ATTENDUE,MODELE NON PRECISE,Fourniture mécanique; symbole raccordé via Mx2.,E200,5236.39,1390.37,1,,,,
E200-0536,Soupape mécanique,Soupape / contact à raccorder,1,IMPLANTATIONS ET RENVOIS — REVUE INDÉPENDANTE ATTENDUE,MODELE NON PRECISE,Fourniture mécanique; symbole raccordé via Mx2.,E200,8161.12,1394.87,1,,,,
E200-0537,Soupape mécanique,Soupape / contact à raccorder,1,IMPLANTATIONS ET RENVOIS — REVUE INDÉPENDANTE ATTENDUE,MODELE NON PRECISE,Fourniture mécanique; symbole raccordé via Mx2.,E200,1496.11,4972.04,1,,,,
E200-0538,Soupape mécanique,Soupape / contact à raccorder,1,IMPLANTATIONS ET RENVOIS — REVUE INDÉPENDANTE ATTENDUE,MODELE NON PRECISE,Fourniture mécanique; symbole raccordé via Mx2.,E200,8352.35,4946.73,1,,,,
E200-0539,Ventilateur,VE,1,IMPLANTATIONS ET RENVOIS — REVUE INDÉPENDANTE ATTENDUE,MODELE NON PRECISE,Fourniture mécanique; repères et caractéristiques à contrôler avec mécanique. Pas de calibre supposé.,Sous-sol,1372.37,5992.88,1,,,,
E200-0540,Ventilateur,VE,1,IMPLANTATIONS ET RENVOIS — REVUE INDÉPENDANTE ATTENDUE,MODELE NON PRECISE,Fourniture mécanique; repères et caractéristiques à contrôler avec mécanique. Pas de calibre supposé.,Sous-sol,4344.91,5182.96,1,,,,
E200-0541,Ventilateur,VE,1,IMPLANTATIONS ET RENVOIS — REVUE INDÉPENDANTE ATTENDUE,MODELE NON PRECISE,Fourniture mécanique; repères et caractéristiques à contrôler avec mécanique. Pas de calibre supposé.,Sous-sol,4434.9,5182.96,1,,,,
E200-0542,Ventilateur,VE,1,IMPLANTATIONS ET RENVOIS — REVUE INDÉPENDANTE ATTENDUE,MODELE NON PRECISE,Fourniture mécanique; repères et caractéristiques à contrôler avec mécanique. Pas de calibre supposé.,Sous-sol,4626.13,5990.07,1,,,,
E200-0543,Ventilateur,VE,1,IMPLANTATIONS ET RENVOIS — REVUE INDÉPENDANTE ATTENDUE,MODELE NON PRECISE,Fourniture mécanique; repères et caractéristiques à contrôler avec mécanique. Pas de calibre supposé.,Sous-sol,4977.66,6051.94,1,,,,
E200-0544,Ventilateur,VE,1,IMPLANTATIONS ET RENVOIS — REVUE INDÉPENDANTE ATTENDUE,MODELE NON PRECISE,Fourniture mécanique; repères et caractéristiques à contrôler avec mécanique. Pas de calibre supposé.,Sous-sol,5059.22,6051.94,1,,,,
E200-0545,Ventilateur,VE,1,IMPLANTATIONS ET RENVOIS — REVUE INDÉPENDANTE ATTENDUE,MODELE NON PRECISE,Fourniture mécanique; repères et caractéristiques à contrôler avec mécanique. Pas de calibre supposé.,Sous-sol,8672.95,4912.98,1,,,,
E200-0546,Ventilateur,VE,1,IMPLANTATIONS ET RENVOIS — REVUE INDÉPENDANTE ATTENDUE,MODELE NON PRECISE,Fourniture mécanique; repères et caractéristiques à contrôler avec mécanique. Pas de calibre supposé.,Sous-sol,8816.37,4839.86,1,,,,
E200-0547,Ventilateur,VE,1,IMPLANTATIONS ET RENVOIS — REVUE INDÉPENDANTE ATTENDUE,MODELE NON PRECISE,Fourniture mécanique; repères et caractéristiques à contrôler avec mécanique. Pas de calibre supposé.,Sous-sol,8785.44,5675.1,1,,,,
E200-0548,Ventilateur,VE,1,IMPLANTATIONS ET RENVOIS — REVUE INDÉPENDANTE ATTENDUE,MODELE NON PRECISE,Fourniture mécanique; repères et caractéristiques à contrôler avec mécanique. Pas de calibre supposé.,Sous-sol,5388.25,4863.49,1,,,,
E200-0549,Sectionneur,Sectionneur dessiné sans calibre local,1,IMPLANTATIONS ET RENVOIS — REVUE INDÉPENDANTE ATTENDUE,MODELE NON PRECISE,"Calibre, fusibles et pôles non choisis; confronter aux cédules et schémas.",Sous-sol,1198.01,4848.3,1,,,,
E200-0550,Sectionneur,Sectionneur dessiné sans calibre local,1,IMPLANTATIONS ET RENVOIS — REVUE INDÉPENDANTE ATTENDUE,MODELE NON PRECISE,"Calibre, fusibles et pôles non choisis; confronter aux cédules et schémas.",Sous-sol,1113.65,5945.07,1,,,,
E200-0551,Sectionneur,Sectionneur dessiné sans calibre local,1,IMPLANTATIONS ET RENVOIS — REVUE INDÉPENDANTE ATTENDUE,MODELE NON PRECISE,"Calibre, fusibles et pôles non choisis; confronter aux cédules et schémas.",Sous-sol,1372.37,6029.44,1,,,,
E200-0552,Sectionneur,Sectionneur dessiné sans calibre local,1,IMPLANTATIONS ET RENVOIS — REVUE INDÉPENDANTE ATTENDUE,MODELE NON PRECISE,"Calibre, fusibles et pôles non choisis; confronter aux cédules et schémas.",Sous-sol,1673.28,5377.0,1,,,,
E200-0553,Sectionneur,Sectionneur dessiné sans calibre local,1,IMPLANTATIONS ET RENVOIS — REVUE INDÉPENDANTE ATTENDUE,MODELE NON PRECISE,"Calibre, fusibles et pôles non choisis; confronter aux cédules et schémas.",Sous-sol,4384.28,5184.64,1,,,,
E200-0554,Sectionneur,Sectionneur dessiné sans calibre local,1,IMPLANTATIONS ET RENVOIS — REVUE INDÉPENDANTE ATTENDUE,MODELE NON PRECISE,"Calibre, fusibles et pôles non choisis; confronter aux cédules et schémas.",Sous-sol,4466.96,5219.52,1,,,,
E200-0555,Sectionneur,Sectionneur dessiné sans calibre local,1,IMPLANTATIONS ET RENVOIS — REVUE INDÉPENDANTE ATTENDUE,MODELE NON PRECISE,"Calibre, fusibles et pôles non choisis; confronter aux cédules et schémas.",Sous-sol,4432.09,5084.53,1,,,,
E200-0556,Sectionneur,Sectionneur dessiné sans calibre local,1,IMPLANTATIONS ET RENVOIS — REVUE INDÉPENDANTE ATTENDUE,MODELE NON PRECISE,"Calibre, fusibles et pôles non choisis; confronter aux cédules et schémas.",Sous-sol,4432.09,5045.16,1,,,,
E200-0557,Sectionneur,Sectionneur dessiné sans calibre local,1,IMPLANTATIONS ET RENVOIS — REVUE INDÉPENDANTE ATTENDUE,MODELE NON PRECISE,"Calibre, fusibles et pôles non choisis; confronter aux cédules et schémas.",Sous-sol,4432.09,5011.41,1,,,,
E200-0558,Sectionneur,Sectionneur dessiné sans calibre local,1,IMPLANTATIONS ET RENVOIS — REVUE INDÉPENDANTE ATTENDUE,MODELE NON PRECISE,"Calibre, fusibles et pôles non choisis; confronter aux cédules et schémas.",Sous-sol,5281.39,5168.9,1,,,,
E200-0559,Sectionneur,Sectionneur dessiné sans calibre local,1,IMPLANTATIONS ET RENVOIS — REVUE INDÉPENDANTE ATTENDUE,MODELE NON PRECISE,"Calibre, fusibles et pôles non choisis; confronter aux cédules et schémas.",Sous-sol,4569.89,5990.07,1,,,,
E200-0560,Sectionneur,Sectionneur dessiné sans calibre local,1,IMPLANTATIONS ET RENVOIS — REVUE INDÉPENDANTE ATTENDUE,MODELE NON PRECISE,"Calibre, fusibles et pôles non choisis; confronter aux cédules et schémas.",Sous-sol,4952.35,6051.94,1,,,,
E200-0561,Sectionneur,Sectionneur dessiné sans calibre local,1,IMPLANTATIONS ET RENVOIS — REVUE INDÉPENDANTE ATTENDUE,MODELE NON PRECISE,"Calibre, fusibles et pôles non choisis; confronter aux cédules et schémas.",Sous-sol,5034.47,6051.94,1,,,,
E200-0562,Sectionneur,Sectionneur dessiné sans calibre local,1,IMPLANTATIONS ET RENVOIS — REVUE INDÉPENDANTE ATTENDUE,MODELE NON PRECISE,"Calibre, fusibles et pôles non choisis; confronter aux cédules et schémas.",Sous-sol,8375.41,5303.88,1,,,,
E200-0563,Sectionneur,Sectionneur dessiné sans calibre local,1,IMPLANTATIONS ET RENVOIS — REVUE INDÉPENDANTE ATTENDUE,MODELE NON PRECISE,"Calibre, fusibles et pôles non choisis; confronter aux cédules et schémas.",Sous-sol,8701.07,5230.77,1,,,,
E200-0564,Sectionneur,Sectionneur dessiné sans calibre local,1,IMPLANTATIONS ET RENVOIS — REVUE INDÉPENDANTE ATTENDUE,MODELE NON PRECISE,"Calibre, fusibles et pôles non choisis; confronter aux cédules et schémas.",Sous-sol,8684.2,4925.92,1,,,,
E200-0565,Sectionneur,Sectionneur dessiné sans calibre local,1,IMPLANTATIONS ET RENVOIS — REVUE INDÉPENDANTE ATTENDUE,MODELE NON PRECISE,"Calibre, fusibles et pôles non choisis; confronter aux cédules et schémas.",Sous-sol,8819.18,4806.12,1,,,,
E200-0566,Sectionneur,Sectionneur dessiné sans calibre local,1,IMPLANTATIONS ET RENVOIS — REVUE INDÉPENDANTE ATTENDUE,MODELE NON PRECISE,"Calibre, fusibles et pôles non choisis; confronter aux cédules et schémas.",Sous-sol,8532.33,5534.49,1,,,,
E200-0567,Sectionneur,Sectionneur dessiné sans calibre local,1,IMPLANTATIONS ET RENVOIS — REVUE INDÉPENDANTE ATTENDUE,MODELE NON PRECISE,"Calibre, fusibles et pôles non choisis; confronter aux cédules et schémas.",Sous-sol,8650.45,5675.1,1,,,,
E200-0568,Sectionneur,Sectionneur dessiné sans calibre local,1,IMPLANTATIONS ET RENVOIS — REVUE INDÉPENDANTE ATTENDUE,MODELE NON PRECISE,"Calibre, fusibles et pôles non choisis; confronter aux cédules et schémas.",Sous-sol,8504.21,5911.33,1,,,,
E200-0569,Sectionneur,Sectionneur dessiné sans calibre local,1,IMPLANTATIONS ET RENVOIS — REVUE INDÉPENDANTE ATTENDUE,MODELE NON PRECISE,"Calibre, fusibles et pôles non choisis; confronter aux cédules et schémas.",Sous-sol,8504.21,5961.95,1,,,,
E200-0570,Sectionneur,Sectionneur dessiné sans calibre local,1,IMPLANTATIONS ET RENVOIS — REVUE INDÉPENDANTE ATTENDUE,MODELE NON PRECISE,"Calibre, fusibles et pôles non choisis; confronter aux cédules et schémas.",Sous-sol,8504.21,6012.57,1,,,,
E200-0571,Sectionneur,Sectionneur dessiné sans calibre local,1,IMPLANTATIONS ET RENVOIS — REVUE INDÉPENDANTE ATTENDUE,MODELE NON PRECISE,"Calibre, fusibles et pôles non choisis; confronter aux cédules et schémas.",Sous-sol,8504.21,6051.94,1,,,,
E200-0572,Aérotherme,A05 — 50 kW inscrit,1,IMPLANTATIONS ET RENVOIS — REVUE INDÉPENDANTE ATTENDUE,MODELE NON PRECISE,Repères A01 à A09; distinguer chauffage temporaire et permanent suivant prescriptions.,Sous-sol,1487.67,5348.88,1,,,,
E200-0573,Aérotherme,A04 — 50 kW inscrit,1,IMPLANTATIONS ET RENVOIS — REVUE INDÉPENDANTE ATTENDUE,MODELE NON PRECISE,Repères A01 à A09; distinguer chauffage temporaire et permanent suivant prescriptions.,Sous-sol,1507.36,5590.73,1,,,,
E200-0574,Aérotherme,A08 — 50 kW inscrit,1,IMPLANTATIONS ET RENVOIS — REVUE INDÉPENDANTE ATTENDUE,MODELE NON PRECISE,Repères A01 à A09; distinguer chauffage temporaire et permanent suivant prescriptions.,Sous-sol,1136.14,6023.82,1,,,,
E200-0575,Aérotherme,A09 — 50 kW inscrit,1,IMPLANTATIONS ET RENVOIS — REVUE INDÉPENDANTE ATTENDUE,MODELE NON PRECISE,Repères A01 à A09; distinguer chauffage temporaire et permanent suivant prescriptions.,Sous-sol,1158.64,4814.55,1,,,,
E200-0576,Aérotherme,A06 — 50 kW inscrit,1,IMPLANTATIONS ET RENVOIS — REVUE INDÉPENDANTE ATTENDUE,MODELE NON PRECISE,Repères A01 à A09; distinguer chauffage temporaire et permanent suivant prescriptions.,Sous-sol,2007.94,5350.0,1,,,,
E200-0577,Aérotherme,A07 — 50 kW inscrit,1,IMPLANTATIONS ET RENVOIS — REVUE INDÉPENDANTE ATTENDUE,MODELE NON PRECISE,Repères A01 à A09; distinguer chauffage temporaire et permanent suivant prescriptions.,Sous-sol,5227.95,5146.4,1,,,,
E200-0578,Aérotherme,A03 — 50 kW inscrit,1,IMPLANTATIONS ET RENVOIS — REVUE INDÉPENDANTE ATTENDUE,MODELE NON PRECISE,Repères A01 à A09; distinguer chauffage temporaire et permanent suivant prescriptions.,Sous-sol,8194.87,5253.26,1,,,,
E200-0579,Aérotherme,A01 — 50 kW inscrit,1,IMPLANTATIONS ET RENVOIS — REVUE INDÉPENDANTE ATTENDUE,MODELE NON PRECISE,Repères A01 à A09; distinguer chauffage temporaire et permanent suivant prescriptions.,Sous-sol,8717.94,5253.26,1,,,,
E200-0580,Aérotherme,A02 — 50 kW inscrit,1,IMPLANTATIONS ET RENVOIS — REVUE INDÉPENDANTE ATTENDUE,MODELE NON PRECISE,Repères A01 à A09; distinguer chauffage temporaire et permanent suivant prescriptions.,Sous-sol,8701.07,5556.99,1,,,,
E200-0581,Chauffe-eau,CE01,1,IMPLANTATIONS ET RENVOIS — REVUE INDÉPENDANTE ATTENDUE,MODELE NON PRECISE,Fourniture mécanique; ne pas additionner aux schémas.,Sous-sol M05,8768.56,5900.08,1,,,,
E200-0582,Chauffe-eau,CE02,1,IMPLANTATIONS ET RENVOIS — REVUE INDÉPENDANTE ATTENDUE,MODELE NON PRECISE,Fourniture mécanique; ne pas additionner aux schémas.,Sous-sol M05,8768.56,5956.32,1,,,,
E200-0583,Chauffe-eau,CE03,1,IMPLANTATIONS ET RENVOIS — REVUE INDÉPENDANTE ATTENDUE,MODELE NON PRECISE,Fourniture mécanique; ne pas additionner aux schémas.,Sous-sol M05,8768.56,6006.94,1,,,,
E200-0584,Chauffe-eau,CE04,1,IMPLANTATIONS ET RENVOIS — REVUE INDÉPENDANTE ATTENDUE,MODELE NON PRECISE,Fourniture mécanique; ne pas additionner aux schémas.,Sous-sol M05,8768.56,6051.94,1,,,,
E200-0585,Renvoi alimentation pompes,"POMPE 1&2 — circuits PPU2-1,3,5",1,RENVOI DOCUMENTAIRE — NON ADDITIONNABLE,MODELE NON PRECISE,Une référence d’alimentation vers le sectionneur du local M01; pas une quantité de pompes implantées. Ne pas additionner au schéma.,Sous-sol,4454.59,5298.26,1,,,,
E200-0586,Pompe,Pompe 1/2 ou P07,1,IMPLANTATIONS ET RENVOIS — REVUE INDÉPENDANTE ATTENDUE,MODELE NON PRECISE,Alimentation à raccorder; quantité de groupes représentés seulement.,Sous-sol,8667.32,4799.37,1,,,,
E200-0587,Pompe,Pompe 1/2 ou P07,1,IMPLANTATIONS ET RENVOIS — REVUE INDÉPENDANTE ATTENDUE,MODELE NON PRECISE,Alimentation à raccorder; quantité de groupes représentés seulement.,Sous-sol,8717.94,4799.37,1,,,,
E200-0588,Pompe,Pompe 1/2 ou P07,1,IMPLANTATIONS ET RENVOIS — REVUE INDÉPENDANTE ATTENDUE,MODELE NON PRECISE,Alimentation à raccorder; quantité de groupes représentés seulement.,Sous-sol,8768.56,5866.33,1,,,,
E200-0589,Panneau,PP-TEMPORAIRE 1,1,IMPLANTATIONS ET RENVOIS — REVUE INDÉPENDANTE ATTENDUE,MODELE NON PRECISE,Deux repères distincts PP-TEMPORAIRE 1/2. Ne pas assimiler aux panneaux permanents.,RDC,4561.45,2137.3,1,,,,
E200-0590,Panneau,PP-TEMPORAIRE 2,1,IMPLANTATIONS ET RENVOIS — REVUE INDÉPENDANTE ATTENDUE,MODELE NON PRECISE,Deux repères distincts PP-TEMPORAIRE 1/2. Ne pas assimiler aux panneaux permanents.,RDC,5298.26,2103.56,1,,,,
E200-0591,Panneau,PSU1,1,IMPLANTATIONS ET RENVOIS — REVUE INDÉPENDANTE ATTENDUE,MODELE NON PRECISE,"Instances au plan; renvoi aux appareils du schéma E102, non additionnables.",Sous-sol M01,4055.25,4988.91,1,,,,
E200-0592,Panneau,PSU1A,1,IMPLANTATIONS ET RENVOIS — REVUE INDÉPENDANTE ATTENDUE,MODELE NON PRECISE,"Instances au plan; renvoi aux appareils du schéma E102, non additionnables.",Sous-sol M01,4055.25,5039.53,1,,,,
E200-0593,Panneau,PS1A,1,IMPLANTATIONS ET RENVOIS — REVUE INDÉPENDANTE ATTENDUE,MODELE NON PRECISE,"Instances au plan; renvoi aux appareils du schéma E102, non additionnables.",Sous-sol M01,4055.25,5090.15,1,,,,
E200-0594,Panneau,PP1A,1,IMPLANTATIONS ET RENVOIS — REVUE INDÉPENDANTE ATTENDUE,MODELE NON PRECISE,"Instances au plan; renvoi aux appareils du schéma E102, non additionnables.",Sous-sol M01,4055.25,5135.15,1,,,,
E200-0595,Transformateur,TX6,1,IMPLANTATIONS ET RENVOIS — REVUE INDÉPENDANTE ATTENDUE,MODELE NON PRECISE,"Instances au plan, non additionnables aux schémas.",Sous-sol M01,4100.25,4814.55,1,,,,
E200-0596,Transformateur,TX5,1,IMPLANTATIONS ET RENVOIS — REVUE INDÉPENDANTE ATTENDUE,MODELE NON PRECISE,"Instances au plan, non additionnables aux schémas.",Sous-sol M01,4353.35,4814.55,1,,,,
E200-0597,Transformateur,TX4,1,IMPLANTATIONS ET RENVOIS — REVUE INDÉPENDANTE ATTENDUE,MODELE NON PRECISE,"Instances au plan, non additionnables aux schémas.",Sous-sol M01,4353.35,4859.55,1,,,,
E200-0598,Transformateur,TX-PSU1,1,IMPLANTATIONS ET RENVOIS — REVUE INDÉPENDANTE ATTENDUE,MODELE NON PRECISE,"Instances au plan, non additionnables aux schémas.",Sous-sol M01,4086.18,5000.16,1,,,,
E200-0599,Centre mesurage,CM06,1,IMPLANTATIONS ET RENVOIS — REVUE INDÉPENDANTE ATTENDUE,MODELE NON PRECISE,Ensembles représentés; emplacements de compteurs non comptés ici.,Sous-sol M01,4060.87,4904.55,1,,,,
E200-0600,Centre mesurage,CM05,1,IMPLANTATIONS ET RENVOIS — REVUE INDÉPENDANTE ATTENDUE,MODELE NON PRECISE,Ensembles représentés; emplacements de compteurs non comptés ici.,Sous-sol M01,4223.98,4780.81,1,,,,
E200-0601,Centre mesurage,CM04,1,IMPLANTATIONS ET RENVOIS — REVUE INDÉPENDANTE ATTENDUE,MODELE NON PRECISE,Ensembles représentés; emplacements de compteurs non comptés ici.,Sous-sol M01,4370.22,4960.79,1,,,,
E200-0602,Centre mesurage,CM03,1,IMPLANTATIONS ET RENVOIS — REVUE INDÉPENDANTE ATTENDUE,MODELE NON PRECISE,Ensembles représentés; emplacements de compteurs non comptés ici.,Sous-sol M04,8757.31,4865.17,1,,,,
E200-0603,Centre mesurage,CM02,1,IMPLANTATIONS ET RENVOIS — REVUE INDÉPENDANTE ATTENDUE,MODELE NON PRECISE,Ensembles représentés; emplacements de compteurs non comptés ici.,Sous-sol M04,8948.55,4865.17,1,,,,
E200-0604,Centre mesurage,CM01,1,IMPLANTATIONS ET RENVOIS — REVUE INDÉPENDANTE ATTENDUE,MODELE NON PRECISE,Ensembles représentés; emplacements de compteurs non comptés ici.,Sous-sol M04,8948.55,5039.53,1,,,,
E200-0605,Panneau,PPU,1,IMPLANTATIONS ET RENVOIS — REVUE INDÉPENDANTE ATTENDUE,MODELE NON PRECISE,"Instances au plan, non additionnables aux schémas.",Sous-sol M04,8751.69,5028.28,1,,,,
E200-0606,Panneau,PPU2,1,IMPLANTATIONS ET RENVOIS — REVUE INDÉPENDANTE ATTENDUE,MODELE NON PRECISE,"Instances au plan, non additionnables aux schémas.",Sous-sol M04,8751.69,5135.15,1,,,,
E200-0607,Panneau,PPU1,1,IMPLANTATIONS ET RENVOIS — REVUE INDÉPENDANTE ATTENDUE,MODELE NON PRECISE,"Instances au plan, non additionnables aux schémas.",Sous-sol M04,8751.69,5208.27,1,,,,
E200-0608,Panneau,PS1,1,IMPLANTATIONS ET RENVOIS — REVUE INDÉPENDANTE ATTENDUE,MODELE NON PRECISE,"Instances au plan, non additionnables aux schémas.",Sous-sol M04,8751.69,5258.89,1,,,,
E200-0609,Panneau,PP1,1,IMPLANTATIONS ET RENVOIS — REVUE INDÉPENDANTE ATTENDUE,MODELE NON PRECISE,"Instances au plan, non additionnables aux schémas.",Sous-sol M04,8751.69,5371.38,1,,,,
E200-0610,Inverseur,ATS-2,1,IMPLANTATIONS ET RENVOIS — REVUE INDÉPENDANTE ATTENDUE,MODELE NON PRECISE,Renvois E102; ne pas compter deux fois.,Sous-sol M04,8751.69,5073.28,1,,,,
E200-0611,Inverseur,ATS-1,1,IMPLANTATIONS ET RENVOIS — REVUE INDÉPENDANTE ATTENDUE,MODELE NON PRECISE,Renvois E102; ne pas compter deux fois.,Sous-sol M04,8751.69,5185.77,1,,,,
E200-0612,Transformateur,TX3,1,IMPLANTATIONS ET RENVOIS — REVUE INDÉPENDANTE ATTENDUE,MODELE NON PRECISE,Instances au plan; caractéristiques réservées aux schémas/cédules.,Sous-sol M04,8785.44,4960.79,1,,,,
E200-0613,Transformateur,TX2,1,IMPLANTATIONS ET RENVOIS — REVUE INDÉPENDANTE ATTENDUE,MODELE NON PRECISE,Instances au plan; caractéristiques réservées aux schémas/cédules.,Sous-sol M04,8914.8,4972.04,1,,,,
E200-0614,Transformateur,TX1,1,IMPLANTATIONS ET RENVOIS — REVUE INDÉPENDANTE ATTENDUE,MODELE NON PRECISE,Instances au plan; caractéristiques réservées aux schémas/cédules.,Sous-sol M04,8914.8,5152.02,1,,,,
E200-0615,Transformateur,TX-PS1,1,IMPLANTATIONS ET RENVOIS — REVUE INDÉPENDANTE ATTENDUE,MODELE NON PRECISE,Instances au plan; caractéristiques réservées aux schémas/cédules.,Sous-sol M04,8774.19,5247.64,1,,,,
E200-0616,Panneau incendie,PAI,1,IMPLANTATIONS ET RENVOIS — REVUE INDÉPENDANTE ATTENDUE,MODELE NON PRECISE,"Deux représentations PAI, un renvoi probable entre niveaux; ne pas déduire deux appareils physiques.",E200,4747.06,2097.93,1,,,,
E200-0617,Panneau incendie,PAI,1,IMPLANTATIONS ET RENVOIS — REVUE INDÉPENDANTE ATTENDUE,MODELE NON PRECISE,"Deux représentations PAI, un renvoi probable entre niveaux; ne pas déduire deux appareils physiques.",E200,8765.75,5427.62,1,,,,
E200-0618,Bloc alimentation incendie,BA,1,IMPLANTATIONS ET RENVOIS — REVUE INDÉPENDANTE ATTENDUE,MODELE NON PRECISE,"Renvois aux 12 boîtiers du schéma, sans addition.",Sous-sol locaux électriques,4322.97,5042.91,1,,,,
E200-0619,Bloc alimentation incendie,BA,1,IMPLANTATIONS ET RENVOIS — REVUE INDÉPENDANTE ATTENDUE,MODELE NON PRECISE,"Renvois aux 12 boîtiers du schéma, sans addition.",Sous-sol locaux électriques,4346.6,5042.91,1,,,,
E200-0620,Bloc alimentation incendie,BA,1,IMPLANTATIONS ET RENVOIS — REVUE INDÉPENDANTE ATTENDUE,MODELE NON PRECISE,"Renvois aux 12 boîtiers du schéma, sans addition.",Sous-sol locaux électriques,4370.22,5042.91,1,,,,
E200-0621,Bloc alimentation incendie,BA,1,IMPLANTATIONS ET RENVOIS — REVUE INDÉPENDANTE ATTENDUE,MODELE NON PRECISE,"Renvois aux 12 boîtiers du schéma, sans addition.",Sous-sol locaux électriques,4322.97,5094.65,1,,,,
E200-0622,Bloc alimentation incendie,BA,1,IMPLANTATIONS ET RENVOIS — REVUE INDÉPENDANTE ATTENDUE,MODELE NON PRECISE,"Renvois aux 12 boîtiers du schéma, sans addition.",Sous-sol locaux électriques,4346.6,5094.65,1,,,,
E200-0623,Bloc alimentation incendie,BA,1,IMPLANTATIONS ET RENVOIS — REVUE INDÉPENDANTE ATTENDUE,MODELE NON PRECISE,"Renvois aux 12 boîtiers du schéma, sans addition.",Sous-sol locaux électriques,4370.22,5094.65,1,,,,
E200-0624,Bloc alimentation incendie,BA,1,IMPLANTATIONS ET RENVOIS — REVUE INDÉPENDANTE ATTENDUE,MODELE NON PRECISE,"Renvois aux 12 boîtiers du schéma, sans addition.",Sous-sol locaux électriques,8773.06,5488.37,1,,,,
E200-0625,Bloc alimentation incendie,BA,1,IMPLANTATIONS ET RENVOIS — REVUE INDÉPENDANTE ATTENDUE,MODELE NON PRECISE,"Renvois aux 12 boîtiers du schéma, sans addition.",Sous-sol locaux électriques,8797.25,5488.37,1,,,,
E200-0626,Bloc alimentation incendie,BA,1,IMPLANTATIONS ET RENVOIS — REVUE INDÉPENDANTE ATTENDUE,MODELE NON PRECISE,"Renvois aux 12 boîtiers du schéma, sans addition.",Sous-sol locaux électriques,8821.43,5488.37,1,,,,
E200-0627,Bloc alimentation incendie,BA,1,IMPLANTATIONS ET RENVOIS — REVUE INDÉPENDANTE ATTENDUE,MODELE NON PRECISE,"Renvois aux 12 boîtiers du schéma, sans addition.",Sous-sol locaux électriques,8773.06,5541.24,1,,,,
E200-0628,Bloc alimentation incendie,BA,1,IMPLANTATIONS ET RENVOIS — REVUE INDÉPENDANTE ATTENDUE,MODELE NON PRECISE,"Renvois aux 12 boîtiers du schéma, sans addition.",Sous-sol locaux électriques,8797.25,5541.24,1,,,,
E200-0629,Bloc alimentation incendie,BA,1,IMPLANTATIONS ET RENVOIS — REVUE INDÉPENDANTE ATTENDUE,MODELE NON PRECISE,"Renvois aux 12 boîtiers du schéma, sans addition.",Sous-sol locaux électriques,8821.43,5541.24,1,,,,
E200-0630,Panneau intercom,PIC,1,IMPLANTATIONS ET RENVOIS — REVUE INDÉPENDANTE ATTENDUE,MODELE NON PRECISE,,RDC,4623.32,1951.69,1,,,,
E200-0631,Détection CO/NOx,Panneau de contrôle CO/NOx,1,IMPLANTATIONS ET RENVOIS — REVUE INDÉPENDANTE ATTENDUE,MODELE NON PRECISE,Sondes et raccordements à coordonner; seuls symboles identifiés comptés.,Sous-sol M01,4077.75,5185.77,1,,,,
E200-0632,Groupe borne double,Deux départs dessinés,1,IMPLANTATIONS ET RENVOIS — REVUE INDÉPENDANTE ATTENDUE,MODELE NON PRECISE,Un groupe dessiné = une ligne. Deux bornes selon note type; contrôleurs DCC9 non déduits de ce nombre.,Sous-sol,2007.94,5197.02,1,,,,
E200-0633,Groupe borne double,Deux départs dessinés,1,IMPLANTATIONS ET RENVOIS — REVUE INDÉPENDANTE ATTENDUE,MODELE NON PRECISE,Un groupe dessiné = une ligne. Deux bornes selon note type; contrôleurs DCC9 non déduits de ce nombre.,Sous-sol,2345.41,5197.02,1,,,,
E200-0634,Groupe borne double,Deux départs dessinés,1,IMPLANTATIONS ET RENVOIS — REVUE INDÉPENDANTE ATTENDUE,MODELE NON PRECISE,Un groupe dessiné = une ligne. Deux bornes selon note type; contrôleurs DCC9 non déduits de ce nombre.,Sous-sol,2682.88,5197.02,1,,,,
E200-0635,Groupe borne double,Deux départs dessinés,1,IMPLANTATIONS ET RENVOIS — REVUE INDÉPENDANTE ATTENDUE,MODELE NON PRECISE,Un groupe dessiné = une ligne. Deux bornes selon note type; contrôleurs DCC9 non déduits de ce nombre.,Sous-sol,3020.35,5197.02,1,,,,
E200-0636,Groupe borne double,Deux départs dessinés,1,IMPLANTATIONS ET RENVOIS — REVUE INDÉPENDANTE ATTENDUE,MODELE NON PRECISE,Un groupe dessiné = une ligne. Deux bornes selon note type; contrôleurs DCC9 non déduits de ce nombre.,Sous-sol,3363.44,5197.02,1,,,,
E200-0637,Groupe borne double,Deux départs dessinés,1,IMPLANTATIONS ET RENVOIS — REVUE INDÉPENDANTE ATTENDUE,MODELE NON PRECISE,Un groupe dessiné = une ligne. Deux bornes selon note type; contrôleurs DCC9 non déduits de ce nombre.,Sous-sol,3700.91,5197.02,1,,,,
E200-0638,Groupe borne double,Deux départs dessinés,1,IMPLANTATIONS ET RENVOIS — REVUE INDÉPENDANTE ATTENDUE,MODELE NON PRECISE,Un groupe dessiné = une ligne. Deux bornes selon note type; contrôleurs DCC9 non déduits de ce nombre.,Sous-sol,1659.22,5905.7,1,,,,
E200-0639,Groupe borne double,Deux départs dessinés,1,IMPLANTATIONS ET RENVOIS — REVUE INDÉPENDANTE ATTENDUE,MODELE NON PRECISE,Un groupe dessiné = une ligne. Deux bornes selon note type; contrôleurs DCC9 non déduits de ce nombre.,Sous-sol,2007.94,5905.7,1,,,,
E200-0640,Groupe borne double,Deux départs dessinés,1,IMPLANTATIONS ET RENVOIS — REVUE INDÉPENDANTE ATTENDUE,MODELE NON PRECISE,Un groupe dessiné = une ligne. Deux bornes selon note type; contrôleurs DCC9 non déduits de ce nombre.,Sous-sol,2345.41,5905.7,1,,,,
E200-0641,Groupe borne double,Deux départs dessinés,1,IMPLANTATIONS ET RENVOIS — REVUE INDÉPENDANTE ATTENDUE,MODELE NON PRECISE,Un groupe dessiné = une ligne. Deux bornes selon note type; contrôleurs DCC9 non déduits de ce nombre.,Sous-sol,2682.88,5905.7,1,,,,
E200-0642,Groupe borne double,Deux départs dessinés,1,IMPLANTATIONS ET RENVOIS — REVUE INDÉPENDANTE ATTENDUE,MODELE NON PRECISE,Un groupe dessiné = une ligne. Deux bornes selon note type; contrôleurs DCC9 non déduits de ce nombre.,Sous-sol,3363.44,5905.7,1,,,,
E200-0643,Groupe borne double,Deux départs dessinés,1,IMPLANTATIONS ET RENVOIS — REVUE INDÉPENDANTE ATTENDUE,MODELE NON PRECISE,Un groupe dessiné = une ligne. Deux bornes selon note type; contrôleurs DCC9 non déduits de ce nombre.,Sous-sol,3700.91,5905.7,1,,,,
E200-0644,Groupe borne double,Deux départs dessinés,1,IMPLANTATIONS ET RENVOIS — REVUE INDÉPENDANTE ATTENDUE,MODELE NON PRECISE,Un groupe dessiné = une ligne. Deux bornes selon note type; contrôleurs DCC9 non déduits de ce nombre.,Sous-sol,4044.0,5905.7,1,,,,
E200-0645,Groupe borne double,Deux départs dessinés,1,IMPLANTATIONS ET RENVOIS — REVUE INDÉPENDANTE ATTENDUE,MODELE NON PRECISE,Un groupe dessiné = une ligne. Deux bornes selon note type; contrôleurs DCC9 non déduits de ce nombre.,Sous-sol,4381.47,5905.7,1,,,,
E200-0646,Groupe borne double,Deux départs dessinés,1,IMPLANTATIONS ET RENVOIS — REVUE INDÉPENDANTE ATTENDUE,MODELE NON PRECISE,Un groupe dessiné = une ligne. Deux bornes selon note type; contrôleurs DCC9 non déduits de ce nombre.,Sous-sol,5483.87,5197.02,1,,,,
E200-0647,Groupe borne double,Deux départs dessinés,1,IMPLANTATIONS ET RENVOIS — REVUE INDÉPENDANTE ATTENDUE,MODELE NON PRECISE,Un groupe dessiné = une ligne. Deux bornes selon note type; contrôleurs DCC9 non déduits de ce nombre.,Sous-sol,5821.34,5197.02,1,,,,
E200-0648,Groupe borne double,Deux départs dessinés,1,IMPLANTATIONS ET RENVOIS — REVUE INDÉPENDANTE ATTENDUE,MODELE NON PRECISE,Un groupe dessiné = une ligne. Deux bornes selon note type; contrôleurs DCC9 non déduits de ce nombre.,Sous-sol,6158.8,5197.02,1,,,,
E200-0649,Groupe borne double,Deux départs dessinés,1,IMPLANTATIONS ET RENVOIS — REVUE INDÉPENDANTE ATTENDUE,MODELE NON PRECISE,Un groupe dessiné = une ligne. Deux bornes selon note type; contrôleurs DCC9 non déduits de ce nombre.,Sous-sol,6496.27,5197.02,1,,,,
E200-0650,Groupe borne double,Deux départs dessinés,1,IMPLANTATIONS ET RENVOIS — REVUE INDÉPENDANTE ATTENDUE,MODELE NON PRECISE,Un groupe dessiné = une ligne. Deux bornes selon note type; contrôleurs DCC9 non déduits de ce nombre.,Sous-sol,6833.74,5197.02,1,,,,
E200-0651,Groupe borne double,Deux départs dessinés,1,IMPLANTATIONS ET RENVOIS — REVUE INDÉPENDANTE ATTENDUE,MODELE NON PRECISE,Un groupe dessiné = une ligne. Deux bornes selon note type; contrôleurs DCC9 non déduits de ce nombre.,Sous-sol,7176.84,5197.02,1,,,,
E200-0652,Groupe borne double,Deux départs dessinés,1,IMPLANTATIONS ET RENVOIS — REVUE INDÉPENDANTE ATTENDUE,MODELE NON PRECISE,Un groupe dessiné = une ligne. Deux bornes selon note type; contrôleurs DCC9 non déduits de ce nombre.,Sous-sol,7514.3,5197.02,1,,,,
E200-0653,Groupe borne double,Deux départs dessinés,1,IMPLANTATIONS ET RENVOIS — REVUE INDÉPENDANTE ATTENDUE,MODELE NON PRECISE,Un groupe dessiné = une ligne. Deux bornes selon note type; contrôleurs DCC9 non déduits de ce nombre.,Sous-sol,7851.77,5197.02,1,,,,
E200-0654,Groupe borne double,Deux départs dessinés,1,IMPLANTATIONS ET RENVOIS — REVUE INDÉPENDANTE ATTENDUE,MODELE NON PRECISE,Un groupe dessiné = une ligne. Deux bornes selon note type; contrôleurs DCC9 non déduits de ce nombre.,Sous-sol,5483.87,5905.7,1,,,,
E200-0655,Groupe borne double,Deux départs dessinés,1,IMPLANTATIONS ET RENVOIS — REVUE INDÉPENDANTE ATTENDUE,MODELE NON PRECISE,Un groupe dessiné = une ligne. Deux bornes selon note type; contrôleurs DCC9 non déduits de ce nombre.,Sous-sol,5821.34,5905.7,1,,,,
E200-0656,Groupe borne double,Deux départs dessinés,1,IMPLANTATIONS ET RENVOIS — REVUE INDÉPENDANTE ATTENDUE,MODELE NON PRECISE,Un groupe dessiné = une ligne. Deux bornes selon note type; contrôleurs DCC9 non déduits de ce nombre.,Sous-sol,6158.8,5905.7,1,,,,
E200-0657,Groupe borne double,Deux départs dessinés,1,IMPLANTATIONS ET RENVOIS — REVUE INDÉPENDANTE ATTENDUE,MODELE NON PRECISE,Un groupe dessiné = une ligne. Deux bornes selon note type; contrôleurs DCC9 non déduits de ce nombre.,Sous-sol,6496.27,5905.7,1,,,,
E200-0658,Groupe borne double,Deux départs dessinés,1,IMPLANTATIONS ET RENVOIS — REVUE INDÉPENDANTE ATTENDUE,MODELE NON PRECISE,Un groupe dessiné = une ligne. Deux bornes selon note type; contrôleurs DCC9 non déduits de ce nombre.,Sous-sol,7176.84,5905.7,1,,,,
E200-0659,Groupe borne double,Deux départs dessinés,1,IMPLANTATIONS ET RENVOIS — REVUE INDÉPENDANTE ATTENDUE,MODELE NON PRECISE,Un groupe dessiné = une ligne. Deux bornes selon note type; contrôleurs DCC9 non déduits de ce nombre.,Sous-sol,7514.3,5905.7,1,,,,
E200-0660,Groupe borne double,Deux départs dessinés,1,IMPLANTATIONS ET RENVOIS — REVUE INDÉPENDANTE ATTENDUE,MODELE NON PRECISE,Un groupe dessiné = une ligne. Deux bornes selon note type; contrôleurs DCC9 non déduits de ce nombre.,Sous-sol,7851.77,5905.7,1,,,,
E200-0661,Groupe borne double,Deux départs dessinés,1,IMPLANTATIONS ET RENVOIS — REVUE INDÉPENDANTE ATTENDUE,MODELE NON PRECISE,Un groupe dessiné = une ligne. Deux bornes selon note type; contrôleurs DCC9 non déduits de ce nombre.,Sous-sol,8189.24,5905.7,1,,,,
E200-0662,Groupe borne double,Deux départs dessinés,1,IMPLANTATIONS ET RENVOIS — REVUE INDÉPENDANTE ATTENDUE,MODELE NON PRECISE,Un groupe dessiné = une ligne. Deux bornes selon note type; contrôleurs DCC9 non déduits de ce nombre.,Sous-sol,5011.41,5973.2,1,,,,
E200-0663,Groupe borne simple,Un départ dessiné,1,IMPLANTATIONS ET RENVOIS — REVUE INDÉPENDANTE ATTENDUE,MODELE NON PRECISE,Un groupe dessiné; contrôleur DCC9 non ajouté sans repère individuel.,Sous-sol,1642.35,5180.15,1,,,,
E200-0664,Groupe borne simple,Un départ dessiné,1,IMPLANTATIONS ET RENVOIS — REVUE INDÉPENDANTE ATTENDUE,MODELE NON PRECISE,Un groupe dessiné; contrôleur DCC9 non ajouté sans repère individuel.,Sous-sol,4032.75,5180.15,1,,,,
E200-0665,Groupe borne simple,Un départ dessiné,1,IMPLANTATIONS ET RENVOIS — REVUE INDÉPENDANTE ATTENDUE,MODELE NON PRECISE,Un groupe dessiné; contrôleur DCC9 non ajouté sans repère individuel.,Sous-sol,3020.35,5950.7,1,,,,
E200-0666,Groupe borne simple,Un départ dessiné,1,IMPLANTATIONS ET RENVOIS — REVUE INDÉPENDANTE ATTENDUE,MODELE NON PRECISE,Un groupe dessiné; contrôleur DCC9 non ajouté sans repère individuel.,Sous-sol,3059.72,5950.7,1,,,,
E200-0667,Groupe borne simple,Un départ dessiné,1,IMPLANTATIONS ET RENVOIS — REVUE INDÉPENDANTE ATTENDUE,MODELE NON PRECISE,Un groupe dessiné; contrôleur DCC9 non ajouté sans repère individuel.,Sous-sol,8217.36,5180.15,1,,,,
E200-0668,Groupe borne simple,Un départ dessiné,1,IMPLANTATIONS ET RENVOIS — REVUE INDÉPENDANTE ATTENDUE,MODELE NON PRECISE,Un groupe dessiné; contrôleur DCC9 non ajouté sans repère individuel.,Sous-sol,6822.49,5950.7,1,,,,
E200-0669,Groupe borne simple,Un départ dessiné,1,IMPLANTATIONS ET RENVOIS — REVUE INDÉPENDANTE ATTENDUE,MODELE NON PRECISE,Un groupe dessiné; contrôleur DCC9 non ajouté sans repère individuel.,Sous-sol,6861.86,5950.7,1,,,,
E200-0670,Batterie 2 phares,"Ensemble batterie M01, deux phares inclus",1,IMPLANTATIONS ET RENVOIS — REVUE INDÉPENDANTE ATTENDUE,MODELE NON PRECISE,Capacité 144/320 W contradictoire dans E100; ne pas arbitrer. Aucun ajout des phares inclus.,Sous-sol M01,4215.55,5211.08,1,,,,
E200-0671,Volet coupe-feu,VCF,1,IMPLANTATIONS ET RENVOIS — REVUE INDÉPENDANTE ATTENDUE,MODELE NON PRECISE,Renvoi de coordination mécanique/incendie; non additionnable au schéma.,RDC,3810.58,1709.84,1,,,,
E200-0672,Volet coupe-feu,VCF,1,IMPLANTATIONS ET RENVOIS — REVUE INDÉPENDANTE ATTENDUE,MODELE NON PRECISE,Renvoi de coordination mécanique/incendie; non additionnable au schéma.,RDC,3833.08,1766.09,1,,,,
E200-0673,Volet coupe-feu,VCF,1,IMPLANTATIONS ET RENVOIS — REVUE INDÉPENDANTE ATTENDUE,MODELE NON PRECISE,Renvoi de coordination mécanique/incendie; non additionnable au schéma.,RDC,3858.39,1805.46,1,,,,
E200-0674,Volet coupe-feu,VCF,1,IMPLANTATIONS ET RENVOIS — REVUE INDÉPENDANTE ATTENDUE,MODELE NON PRECISE,Renvoi de coordination mécanique/incendie; non additionnable au schéma.,RDC,3909.01,1805.46,1,,,,
E200-0675,Volet coupe-feu,VCF,1,IMPLANTATIONS ET RENVOIS — REVUE INDÉPENDANTE ATTENDUE,MODELE NON PRECISE,Renvoi de coordination mécanique/incendie; non additionnable au schéma.,RDC,4605.89,1282.38,1,,,,
E200-0676,Volet coupe-feu,VCF,1,IMPLANTATIONS ET RENVOIS — REVUE INDÉPENDANTE ATTENDUE,MODELE NON PRECISE,Renvoi de coordination mécanique/incendie; non additionnable au schéma.,RDC,4605.89,1333.0,1,,,,
E200-0677,Volet coupe-feu,VCF,1,IMPLANTATIONS ET RENVOIS — REVUE INDÉPENDANTE ATTENDUE,MODELE NON PRECISE,Renvoi de coordination mécanique/incendie; non additionnable au schéma.,RDC,4700.94,1396.0,1,,,,
E200-0678,Détection en gaine,Photoélectrique associé VCF,1,IMPLANTATIONS ET RENVOIS — REVUE INDÉPENDANTE ATTENDUE,MODELE NON PRECISE,Renvoi de coordination mécanique/incendie; non additionnable au schéma.,RDC,3798.21,1678.91,1,,,,
E200-0679,Détection en gaine,Photoélectrique associé VCF,1,IMPLANTATIONS ET RENVOIS — REVUE INDÉPENDANTE ATTENDUE,MODELE NON PRECISE,Renvoi de coordination mécanique/incendie; non additionnable au schéma.,RDC,3798.21,1790.27,1,,,,
E200-0680,Détection en gaine,Photoélectrique associé VCF,1,IMPLANTATIONS ET RENVOIS — REVUE INDÉPENDANTE ATTENDUE,MODELE NON PRECISE,Renvoi de coordination mécanique/incendie; non additionnable au schéma.,RDC,3821.83,1822.33,1,,,,
E200-0681,Détection en gaine,Photoélectrique associé VCF,1,IMPLANTATIONS ET RENVOIS — REVUE INDÉPENDANTE ATTENDUE,MODELE NON PRECISE,Renvoi de coordination mécanique/incendie; non additionnable au schéma.,RDC,3928.7,1822.33,1,,,,
