Feuille,Repère / source,Matériel,Désignation,Qté,Portée,Modèle,Prescription / réserve,Parent,X pixels source,Y pixels source,Pastille,Circuits,Ampères,Pôles,Protection source
E200,E200-0001,Luminaire extérieur encastré,Symbole noir ovale à ouverture centrale; réf. cédule E108,1,IMPLANTATIONS ET RENVOIS — REVUE INDÉPENDANTE ATTENDUE,MODELE NON PRECISE,,RDC extérieur,7932.37,934.62,1,,,,
E200,E200-0002,Luminaire extérieur encastré,Symbole noir ovale à ouverture centrale; réf. cédule E108,1,IMPLANTATIONS ET RENVOIS — REVUE INDÉPENDANTE ATTENDUE,MODELE NON PRECISE,,RDC extérieur,8146.1,934.62,1,,,,
E200,E200-0003,Luminaire extérieur encastré,Symbole noir ovale à ouverture centrale; réf. cédule E108,1,IMPLANTATIONS ET RENVOIS — REVUE INDÉPENDANTE ATTENDUE,MODELE NON PRECISE,,RDC extérieur,1018.03,936.48,1,,,,
E200,E200-0004,Luminaire extérieur encastré,Symbole noir ovale à ouverture centrale; réf. cédule E108,1,IMPLANTATIONS ET RENVOIS — REVUE INDÉPENDANTE ATTENDUE,MODELE NON PRECISE,,RDC extérieur,1231.76,936.48,1,,,,
E200,E200-0005,Luminaire extérieur encastré,Symbole noir ovale à ouverture centrale; réf. cédule E108,1,IMPLANTATIONS ET RENVOIS — REVUE INDÉPENDANTE ATTENDUE,MODELE NON PRECISE,,RDC extérieur,1820.48,936.48,1,,,,
E200,E200-0006,Luminaire extérieur encastré,Symbole noir ovale à ouverture centrale; réf. cédule E108,1,IMPLANTATIONS ET RENVOIS — REVUE INDÉPENDANTE ATTENDUE,MODELE NON PRECISE,,RDC extérieur,2349.18,936.48,1,,,,
E200,E200-0007,Luminaire extérieur encastré,Symbole noir ovale à ouverture centrale; réf. cédule E108,1,IMPLANTATIONS ET RENVOIS — REVUE INDÉPENDANTE ATTENDUE,MODELE NON PRECISE,,RDC extérieur,2562.91,936.48,1,,,,
E200,E200-0008,Luminaire extérieur encastré,Symbole noir ovale à ouverture centrale; réf. cédule E108,1,IMPLANTATIONS ET RENVOIS — REVUE INDÉPENDANTE ATTENDUE,MODELE NON PRECISE,,RDC extérieur,2714.77,936.48,1,,,,
E200,E200-0009,Luminaire extérieur encastré,Symbole noir ovale à ouverture centrale; réf. cédule E108,1,IMPLANTATIONS ET RENVOIS — REVUE INDÉPENDANTE ATTENDUE,MODELE NON PRECISE,,RDC extérieur,2928.5,936.48,1,,,,
E200,E200-0010,Luminaire extérieur encastré,Symbole noir ovale à ouverture centrale; réf. cédule E108,1,IMPLANTATIONS ET RENVOIS — REVUE INDÉPENDANTE ATTENDUE,MODELE NON PRECISE,,RDC extérieur,3080.36,936.48,1,,,,
E200,E200-0011,Luminaire extérieur encastré,Symbole noir ovale à ouverture centrale; réf. cédule E108,1,IMPLANTATIONS ET RENVOIS — REVUE INDÉPENDANTE ATTENDUE,MODELE NON PRECISE,,RDC extérieur,3294.09,936.48,1,,,,
E200,E200-0012,Luminaire extérieur encastré,Symbole noir ovale à ouverture centrale; réf. cédule E108,1,IMPLANTATIONS ET RENVOIS — REVUE INDÉPENDANTE ATTENDUE,MODELE NON PRECISE,,RDC extérieur,3714.01,936.48,1,,,,
E200,E200-0013,Luminaire extérieur encastré,Symbole noir ovale à ouverture centrale; réf. cédule E108,1,IMPLANTATIONS ET RENVOIS — REVUE INDÉPENDANTE ATTENDUE,MODELE NON PRECISE,,RDC extérieur,3927.74,936.48,1,,,,
E200,E200-0014,Luminaire extérieur encastré,Symbole noir ovale à ouverture centrale; réf. cédule E108,1,IMPLANTATIONS ET RENVOIS — REVUE INDÉPENDANTE ATTENDUE,MODELE NON PRECISE,,RDC extérieur,4255.87,936.48,1,,,,
E200,E200-0015,Luminaire extérieur encastré,Symbole noir ovale à ouverture centrale; réf. cédule E108,1,IMPLANTATIONS ET RENVOIS — REVUE INDÉPENDANTE ATTENDUE,MODELE NON PRECISE,,RDC extérieur,4469.6,936.48,1,,,,
E200,E200-0016,Luminaire extérieur encastré,Symbole noir ovale à ouverture centrale; réf. cédule E108,1,IMPLANTATIONS ET RENVOIS — REVUE INDÉPENDANTE ATTENDUE,MODELE NON PRECISE,,RDC extérieur,5390.11,936.48,1,,,,
E200,E200-0017,Luminaire extérieur encastré,Symbole noir ovale à ouverture centrale; réf. cédule E108,1,IMPLANTATIONS ET RENVOIS — REVUE INDÉPENDANTE ATTENDUE,MODELE NON PRECISE,,RDC extérieur,5603.84,936.48,1,,,,
E200,E200-0018,Luminaire extérieur encastré,Symbole noir ovale à ouverture centrale; réf. cédule E108,1,IMPLANTATIONS ET RENVOIS — REVUE INDÉPENDANTE ATTENDUE,MODELE NON PRECISE,,RDC extérieur,5930.06,936.48,1,,,,
E200,E200-0019,Luminaire extérieur encastré,Symbole noir ovale à ouverture centrale; réf. cédule E108,1,IMPLANTATIONS ET RENVOIS — REVUE INDÉPENDANTE ATTENDUE,MODELE NON PRECISE,,RDC extérieur,6143.79,936.48,1,,,,
E200,E200-0020,Luminaire extérieur encastré,Symbole noir ovale à ouverture centrale; réf. cédule E108,1,IMPLANTATIONS ET RENVOIS — REVUE INDÉPENDANTE ATTENDUE,MODELE NON PRECISE,,RDC extérieur,6565.62,936.48,1,,,,
E200,E200-0021,Luminaire extérieur encastré,Symbole noir ovale à ouverture centrale; réf. cédule E108,1,IMPLANTATIONS ET RENVOIS — REVUE INDÉPENDANTE ATTENDUE,MODELE NON PRECISE,,RDC extérieur,6777.5,936.48,1,,,,
E200,E200-0022,Luminaire extérieur encastré,Symbole noir ovale à ouverture centrale; réf. cédule E108,1,IMPLANTATIONS ET RENVOIS — REVUE INDÉPENDANTE ATTENDUE,MODELE NON PRECISE,,RDC extérieur,6931.21,936.48,1,,,,
E200,E200-0023,Luminaire extérieur encastré,Symbole noir ovale à ouverture centrale; réf. cédule E108,1,IMPLANTATIONS ET RENVOIS — REVUE INDÉPENDANTE ATTENDUE,MODELE NON PRECISE,,RDC extérieur,7143.09,936.48,1,,,,
E200,E200-0024,Luminaire extérieur encastré,Symbole noir ovale à ouverture centrale; réf. cédule E108,1,IMPLANTATIONS ET RENVOIS — REVUE INDÉPENDANTE ATTENDUE,MODELE NON PRECISE,,RDC extérieur,7296.81,936.48,1,,,,
E200,E200-0025,Luminaire extérieur encastré,Symbole noir ovale à ouverture centrale; réf. cédule E108,1,IMPLANTATIONS ET RENVOIS — REVUE INDÉPENDANTE ATTENDUE,MODELE NON PRECISE,,RDC extérieur,7510.54,936.48,1,,,,
E200,E200-0026,Luminaire extérieur encastré,Symbole noir ovale à ouverture centrale; réf. cédule E108,1,IMPLANTATIONS ET RENVOIS — REVUE INDÉPENDANTE ATTENDUE,MODELE NON PRECISE,,RDC extérieur,8626.09,936.48,1,,,,
E200,E200-0027,Luminaire extérieur encastré,Symbole noir ovale à ouverture centrale; réf. cédule E108,1,IMPLANTATIONS ET RENVOIS — REVUE INDÉPENDANTE ATTENDUE,MODELE NON PRECISE,,RDC extérieur,8839.83,936.48,1,,,,
E200,E200-0028,Luminaire extérieur encastré,Symbole noir ovale à ouverture centrale; réf. cédule E108,1,IMPLANTATIONS ET RENVOIS — REVUE INDÉPENDANTE ATTENDUE,MODELE NON PRECISE,,RDC extérieur,7930.52,2286.35,1,,,,
E200,E200-0029,Luminaire extérieur encastré,Symbole noir ovale à ouverture centrale; réf. cédule E108,1,IMPLANTATIONS ET RENVOIS — REVUE INDÉPENDANTE ATTENDUE,MODELE NON PRECISE,,RDC extérieur,8144.25,2286.35,1,,,,
E200,E200-0030,Luminaire extérieur encastré,Symbole noir ovale à ouverture centrale; réf. cédule E108,1,IMPLANTATIONS ET RENVOIS — REVUE INDÉPENDANTE ATTENDUE,MODELE NON PRECISE,,RDC extérieur,1021.8,2288.21,1,,,,
E200,E200-0031,Luminaire extérieur encastré,Symbole noir ovale à ouverture centrale; réf. cédule E108,1,IMPLANTATIONS ET RENVOIS — REVUE INDÉPENDANTE ATTENDUE,MODELE NON PRECISE,,RDC extérieur,1235.53,2288.21,1,,,,
E200,E200-0032,Luminaire extérieur encastré,Symbole noir ovale à ouverture centrale; réf. cédule E108,1,IMPLANTATIONS ET RENVOIS — REVUE INDÉPENDANTE ATTENDUE,MODELE NON PRECISE,,RDC extérieur,1719.23,2288.21,1,,,,
E200,E200-0033,Luminaire extérieur encastré,Symbole noir ovale à ouverture centrale; réf. cédule E108,1,IMPLANTATIONS ET RENVOIS — REVUE INDÉPENDANTE ATTENDUE,MODELE NON PRECISE,,RDC extérieur,1932.96,2288.21,1,,,,
E200,E200-0034,Luminaire extérieur encastré,Symbole noir ovale à ouverture centrale; réf. cédule E108,1,IMPLANTATIONS ET RENVOIS — REVUE INDÉPENDANTE ATTENDUE,MODELE NON PRECISE,,RDC extérieur,2339.78,2288.21,1,,,,
E200,E200-0035,Luminaire extérieur encastré,Symbole noir ovale à ouverture centrale; réf. cédule E108,1,IMPLANTATIONS ET RENVOIS — REVUE INDÉPENDANTE ATTENDUE,MODELE NON PRECISE,,RDC extérieur,2553.51,2288.21,1,,,,
E200,E200-0036,Luminaire extérieur encastré,Symbole noir ovale à ouverture centrale; réf. cédule E108,1,IMPLANTATIONS ET RENVOIS — REVUE INDÉPENDANTE ATTENDUE,MODELE NON PRECISE,,RDC extérieur,2712.86,2288.21,1,,,,
E200,E200-0037,Luminaire extérieur encastré,Symbole noir ovale à ouverture centrale; réf. cédule E108,1,IMPLANTATIONS ET RENVOIS — REVUE INDÉPENDANTE ATTENDUE,MODELE NON PRECISE,,RDC extérieur,2926.59,2288.21,1,,,,
E200,E200-0038,Luminaire extérieur encastré,Symbole noir ovale à ouverture centrale; réf. cédule E108,1,IMPLANTATIONS ET RENVOIS — REVUE INDÉPENDANTE ATTENDUE,MODELE NON PRECISE,,RDC extérieur,3084.07,2288.21,1,,,,
E200,E200-0039,Luminaire extérieur encastré,Symbole noir ovale à ouverture centrale; réf. cédule E108,1,IMPLANTATIONS ET RENVOIS — REVUE INDÉPENDANTE ATTENDUE,MODELE NON PRECISE,,RDC extérieur,3297.8,2288.21,1,,,,
E200,E200-0040,Luminaire extérieur encastré,Symbole noir ovale à ouverture centrale; réf. cédule E108,1,IMPLANTATIONS ET RENVOIS — REVUE INDÉPENDANTE ATTENDUE,MODELE NON PRECISE,,RDC extérieur,3706.53,2288.21,1,,,,
E200,E200-0041,Luminaire extérieur encastré,Symbole noir ovale à ouverture centrale; réf. cédule E108,1,IMPLANTATIONS ET RENVOIS — REVUE INDÉPENDANTE ATTENDUE,MODELE NON PRECISE,,RDC extérieur,3918.41,2288.21,1,,,,
E200,E200-0042,Luminaire extérieur encastré,Symbole noir ovale à ouverture centrale; réf. cédule E108,1,IMPLANTATIONS ET RENVOIS — REVUE INDÉPENDANTE ATTENDUE,MODELE NON PRECISE,,RDC extérieur,4253.96,2288.21,1,,,,
E200,E200-0043,Luminaire extérieur encastré,Symbole noir ovale à ouverture centrale; réf. cédule E108,1,IMPLANTATIONS ET RENVOIS — REVUE INDÉPENDANTE ATTENDUE,MODELE NON PRECISE,,RDC extérieur,4467.69,2288.21,1,,,,
E200,E200-0044,Luminaire extérieur encastré,Symbole noir ovale à ouverture centrale; réf. cédule E108,1,IMPLANTATIONS ET RENVOIS — REVUE INDÉPENDANTE ATTENDUE,MODELE NON PRECISE,,RDC extérieur,5388.25,2288.21,1,,,,
E200,E200-0045,Luminaire extérieur encastré,Symbole noir ovale à ouverture centrale; réf. cédule E108,1,IMPLANTATIONS ET RENVOIS — REVUE INDÉPENDANTE ATTENDUE,MODELE NON PRECISE,,RDC extérieur,5601.98,2288.21,1,,,,
E200,E200-0046,Luminaire extérieur encastré,Symbole noir ovale à ouverture centrale; réf. cédule E108,1,IMPLANTATIONS ET RENVOIS — REVUE INDÉPENDANTE ATTENDUE,MODELE NON PRECISE,,RDC extérieur,5928.2,2288.21,1,,,,
E200,E200-0047,Luminaire extérieur encastré,Symbole noir ovale à ouverture centrale; réf. cédule E108,1,IMPLANTATIONS ET RENVOIS — REVUE INDÉPENDANTE ATTENDUE,MODELE NON PRECISE,,RDC extérieur,6141.93,2288.21,1,,,,
E200,E200-0048,Luminaire extérieur encastré,Symbole noir ovale à ouverture centrale; réf. cédule E108,1,IMPLANTATIONS ET RENVOIS — REVUE INDÉPENDANTE ATTENDUE,MODELE NON PRECISE,,RDC extérieur,6563.77,2288.21,1,,,,
E200,E200-0049,Luminaire extérieur encastré,Symbole noir ovale à ouverture centrale; réf. cédule E108,1,IMPLANTATIONS ET RENVOIS — REVUE INDÉPENDANTE ATTENDUE,MODELE NON PRECISE,,RDC extérieur,6777.5,2288.21,1,,,,
E200,E200-0050,Luminaire extérieur encastré,Symbole noir ovale à ouverture centrale; réf. cédule E108,1,IMPLANTATIONS ET RENVOIS — REVUE INDÉPENDANTE ATTENDUE,MODELE NON PRECISE,,RDC extérieur,6929.36,2288.21,1,,,,
E200,E200-0051,Luminaire extérieur encastré,Symbole noir ovale à ouverture centrale; réf. cédule E108,1,IMPLANTATIONS ET RENVOIS — REVUE INDÉPENDANTE ATTENDUE,MODELE NON PRECISE,,RDC extérieur,7141.23,2288.21,1,,,,
E200,E200-0052,Luminaire extérieur encastré,Symbole noir ovale à ouverture centrale; réf. cédule E108,1,IMPLANTATIONS ET RENVOIS — REVUE INDÉPENDANTE ATTENDUE,MODELE NON PRECISE,,RDC extérieur,7294.95,2288.21,1,,,,
E200,E200-0053,Luminaire extérieur encastré,Symbole noir ovale à ouverture centrale; réf. cédule E108,1,IMPLANTATIONS ET RENVOIS — REVUE INDÉPENDANTE ATTENDUE,MODELE NON PRECISE,,RDC extérieur,7508.68,2288.21,1,,,,
E200,E200-0054,Luminaire extérieur encastré,Symbole noir ovale à ouverture centrale; réf. cédule E108,1,IMPLANTATIONS ET RENVOIS — REVUE INDÉPENDANTE ATTENDUE,MODELE NON PRECISE,,RDC extérieur,8626.09,2288.21,1,,,,
E200,E200-0055,Luminaire extérieur encastré,Symbole noir ovale à ouverture centrale; réf. cédule E108,1,IMPLANTATIONS ET RENVOIS — REVUE INDÉPENDANTE ATTENDUE,MODELE NON PRECISE,,RDC extérieur,8839.83,2288.21,1,,,,
E200,E200-0056,Carré diagonal à identifier,Symbole vu au commerce,1,IMPLANTATIONS ET RENVOIS — REVUE INDÉPENDANTE ATTENDUE,MODELE NON PRECISE,Type absent de la cédule E108; éclairage temporaire prescrit dans ces zones. Ne pas choisir de modèle.,RDC commerces,1214.89,1333.0,1,,,,
E200,E200-0057,Carré diagonal à identifier,Symbole vu au commerce,1,IMPLANTATIONS ET RENVOIS — REVUE INDÉPENDANTE ATTENDUE,MODELE NON PRECISE,Type absent de la cédule E108; éclairage temporaire prescrit dans ces zones. Ne pas choisir de modèle.,RDC commerces,1878.58,1333.0,1,,,,
E200,E200-0058,Carré diagonal à identifier,Symbole vu au commerce,1,IMPLANTATIONS ET RENVOIS — REVUE INDÉPENDANTE ATTENDUE,MODELE NON PRECISE,Type absent de la cédule E108; éclairage temporaire prescrit dans ces zones. Ne pas choisir de modèle.,RDC commerces,2621.01,1333.0,1,,,,
E200,E200-0059,Carré diagonal à identifier,Symbole vu au commerce,1,IMPLANTATIONS ET RENVOIS — REVUE INDÉPENDANTE ATTENDUE,MODELE NON PRECISE,Type absent de la cédule E108; éclairage temporaire prescrit dans ces zones. Ne pas choisir de modèle.,RDC commerces,3490.95,1333.0,1,,,,
E200,E200-0060,Carré diagonal à identifier,Symbole vu au commerce,1,IMPLANTATIONS ET RENVOIS — REVUE INDÉPENDANTE ATTENDUE,MODELE NON PRECISE,Type absent de la cédule E108; éclairage temporaire prescrit dans ces zones. Ne pas choisir de modèle.,RDC commerces,4133.99,1333.0,1,,,,
E200,E200-0061,Carré diagonal à identifier,Symbole vu au commerce,1,IMPLANTATIONS ET RENVOIS — REVUE INDÉPENDANTE ATTENDUE,MODELE NON PRECISE,Type absent de la cédule E108; éclairage temporaire prescrit dans ces zones. Ne pas choisir de modèle.,RDC commerces,5538.26,1333.0,1,,,,
E200,E200-0062,Carré diagonal à identifier,Symbole vu au commerce,1,IMPLANTATIONS ET RENVOIS — REVUE INDÉPENDANTE ATTENDUE,MODELE NON PRECISE,Type absent de la cédule E108; éclairage temporaire prescrit dans ces zones. Ne pas choisir de modèle.,RDC commerces,6278.77,1333.0,1,,,,
E200,E200-0063,Carré diagonal à identifier,Symbole vu au commerce,1,IMPLANTATIONS ET RENVOIS — REVUE INDÉPENDANTE ATTENDUE,MODELE NON PRECISE,Type absent de la cédule E108; éclairage temporaire prescrit dans ces zones. Ne pas choisir de modèle.,RDC commerces,7150.57,1333.0,1,,,,
E200,E200-0064,Carré diagonal à identifier,Symbole vu au commerce,1,IMPLANTATIONS ET RENVOIS — REVUE INDÉPENDANTE ATTENDUE,MODELE NON PRECISE,Type absent de la cédule E108; éclairage temporaire prescrit dans ces zones. Ne pas choisir de modèle.,RDC commerces,7791.76,1333.0,1,,,,
E200,E200-0065,Carré diagonal à identifier,Symbole vu au commerce,1,IMPLANTATIONS ET RENVOIS — REVUE INDÉPENDANTE ATTENDUE,MODELE NON PRECISE,Type absent de la cédule E108; éclairage temporaire prescrit dans ces zones. Ne pas choisir de modèle.,RDC commerces,8579.19,1333.0,1,,,,
E200,E200-0066,Carré diagonal à identifier,Symbole vu au commerce,1,IMPLANTATIONS ET RENVOIS — REVUE INDÉPENDANTE ATTENDUE,MODELE NON PRECISE,Type absent de la cédule E108; éclairage temporaire prescrit dans ces zones. Ne pas choisir de modèle.,RDC commerces,1214.89,1826.1,1,,,,
E200,E200-0067,Carré diagonal à identifier,Symbole vu au commerce,1,IMPLANTATIONS ET RENVOIS — REVUE INDÉPENDANTE ATTENDUE,MODELE NON PRECISE,Type absent de la cédule E108; éclairage temporaire prescrit dans ces zones. Ne pas choisir de modèle.,RDC commerces,1878.58,1826.1,1,,,,
E200,E200-0068,Carré diagonal à identifier,Symbole vu au commerce,1,IMPLANTATIONS ET RENVOIS — REVUE INDÉPENDANTE ATTENDUE,MODELE NON PRECISE,Type absent de la cédule E108; éclairage temporaire prescrit dans ces zones. Ne pas choisir de modèle.,RDC commerces,2621.01,1826.1,1,,,,
E200,E200-0069,Carré diagonal à identifier,Symbole vu au commerce,1,IMPLANTATIONS ET RENVOIS — REVUE INDÉPENDANTE ATTENDUE,MODELE NON PRECISE,Type absent de la cédule E108; éclairage temporaire prescrit dans ces zones. Ne pas choisir de modèle.,RDC commerces,3490.95,1826.1,1,,,,
E200,E200-0070,Carré diagonal à identifier,Symbole vu au commerce,1,IMPLANTATIONS ET RENVOIS — REVUE INDÉPENDANTE ATTENDUE,MODELE NON PRECISE,Type absent de la cédule E108; éclairage temporaire prescrit dans ces zones. Ne pas choisir de modèle.,RDC commerces,4133.99,1826.1,1,,,,
E200,E200-0071,Carré diagonal à identifier,Symbole vu au commerce,1,IMPLANTATIONS ET RENVOIS — REVUE INDÉPENDANTE ATTENDUE,MODELE NON PRECISE,Type absent de la cédule E108; éclairage temporaire prescrit dans ces zones. Ne pas choisir de modèle.,RDC commerces,5538.26,1826.1,1,,,,
E200,E200-0072,Carré diagonal à identifier,Symbole vu au commerce,1,IMPLANTATIONS ET RENVOIS — REVUE INDÉPENDANTE ATTENDUE,MODELE NON PRECISE,Type absent de la cédule E108; éclairage temporaire prescrit dans ces zones. Ne pas choisir de modèle.,RDC commerces,6278.77,1826.1,1,,,,
E200,E200-0073,Carré diagonal à identifier,Symbole vu au commerce,1,IMPLANTATIONS ET RENVOIS — REVUE INDÉPENDANTE ATTENDUE,MODELE NON PRECISE,Type absent de la cédule E108; éclairage temporaire prescrit dans ces zones. Ne pas choisir de modèle.,RDC commerces,7150.57,1826.1,1,,,,
E200,E200-0074,Carré diagonal à identifier,Symbole vu au commerce,1,IMPLANTATIONS ET RENVOIS — REVUE INDÉPENDANTE ATTENDUE,MODELE NON PRECISE,Type absent de la cédule E108; éclairage temporaire prescrit dans ces zones. Ne pas choisir de modèle.,RDC commerces,7791.76,1826.1,1,,,,
E200,E200-0075,Carré diagonal à identifier,Symbole vu au commerce,1,IMPLANTATIONS ET RENVOIS — REVUE INDÉPENDANTE ATTENDUE,MODELE NON PRECISE,Type absent de la cédule E108; éclairage temporaire prescrit dans ces zones. Ne pas choisir de modèle.,RDC commerces,8579.19,1826.1,1,,,,
E200,E200-0076,Batterie 2 phares,"Ensemble dessiné, deux phares inclus",1,IMPLANTATIONS ET RENVOIS — REVUE INDÉPENDANTE ATTENDUE,MODELE NON PRECISE,Capacité 144/320 W contradictoire dans la légende E100; ne pas arbitrer.,RDC commerces,1119.27,1045.03,1,,,,
E200,E200-0077,Batterie 2 phares,"Ensemble dessiné, deux phares inclus",1,IMPLANTATIONS ET RENVOIS — REVUE INDÉPENDANTE ATTENDUE,MODELE NON PRECISE,Capacité 144/320 W contradictoire dans la légende E100; ne pas arbitrer.,RDC commerces,1814.85,1045.03,1,,,,
E200,E200-0078,Batterie 2 phares,"Ensemble dessiné, deux phares inclus",1,IMPLANTATIONS ET RENVOIS — REVUE INDÉPENDANTE ATTENDUE,MODELE NON PRECISE,Capacité 144/320 W contradictoire dans la légende E100; ne pas arbitrer.,RDC commerces,2450.42,1045.03,1,,,,
E200,E200-0079,Batterie 2 phares,"Ensemble dessiné, deux phares inclus",1,IMPLANTATIONS ET RENVOIS — REVUE INDÉPENDANTE ATTENDUE,MODELE NON PRECISE,Capacité 144/320 W contradictoire dans la légende E100; ne pas arbitrer.,RDC commerces,2816.01,1045.03,1,,,,
E200,E200-0080,Batterie 2 phares,"Ensemble dessiné, deux phares inclus",1,IMPLANTATIONS ET RENVOIS — REVUE INDÉPENDANTE ATTENDUE,MODELE NON PRECISE,Capacité 144/320 W contradictoire dans la légende E100; ne pas arbitrer.,RDC commerces,3181.6,1045.03,1,,,,
E200,E200-0081,Batterie 2 phares,"Ensemble dessiné, deux phares inclus",1,IMPLANTATIONS ET RENVOIS — REVUE INDÉPENDANTE ATTENDUE,MODELE NON PRECISE,Capacité 144/320 W contradictoire dans la légende E100; ne pas arbitrer.,RDC commerces,3815.25,1045.03,1,,,,
E200,E200-0082,Batterie 2 phares,"Ensemble dessiné, deux phares inclus",1,IMPLANTATIONS ET RENVOIS — REVUE INDÉPENDANTE ATTENDUE,MODELE NON PRECISE,Capacité 144/320 W contradictoire dans la légende E100; ne pas arbitrer.,RDC commerces,4357.12,1045.03,1,,,,
E200,E200-0083,Batterie 2 phares,"Ensemble dessiné, deux phares inclus",1,IMPLANTATIONS ET RENVOIS — REVUE INDÉPENDANTE ATTENDUE,MODELE NON PRECISE,Capacité 144/320 W contradictoire dans la légende E100; ne pas arbitrer.,RDC commerces,5491.35,1045.03,1,,,,
E200,E200-0084,Batterie 2 phares,"Ensemble dessiné, deux phares inclus",1,IMPLANTATIONS ET RENVOIS — REVUE INDÉPENDANTE ATTENDUE,MODELE NON PRECISE,Capacité 144/320 W contradictoire dans la légende E100; ne pas arbitrer.,RDC commerces,6031.3,1045.03,1,,,,
E200,E200-0085,Batterie 2 phares,"Ensemble dessiné, deux phares inclus",1,IMPLANTATIONS ET RENVOIS — REVUE INDÉPENDANTE ATTENDUE,MODELE NON PRECISE,Capacité 144/320 W contradictoire dans la légende E100; ne pas arbitrer.,RDC commerces,6666.86,1045.03,1,,,,
E200,E200-0086,Batterie 2 phares,"Ensemble dessiné, deux phares inclus",1,IMPLANTATIONS ET RENVOIS — REVUE INDÉPENDANTE ATTENDUE,MODELE NON PRECISE,Capacité 144/320 W contradictoire dans la légende E100; ne pas arbitrer.,RDC commerces,7032.46,1045.03,1,,,,
E200,E200-0087,Batterie 2 phares,"Ensemble dessiné, deux phares inclus",1,IMPLANTATIONS ET RENVOIS — REVUE INDÉPENDANTE ATTENDUE,MODELE NON PRECISE,Capacité 144/320 W contradictoire dans la légende E100; ne pas arbitrer.,RDC commerces,7398.05,1045.03,1,,,,
E200,E200-0088,Batterie 2 phares,"Ensemble dessiné, deux phares inclus",1,IMPLANTATIONS ET RENVOIS — REVUE INDÉPENDANTE ATTENDUE,MODELE NON PRECISE,Capacité 144/320 W contradictoire dans la légende E100; ne pas arbitrer.,RDC commerces,8033.61,1045.03,1,,,,
E200,E200-0089,Batterie 2 phares,"Ensemble dessiné, deux phares inclus",1,IMPLANTATIONS ET RENVOIS — REVUE INDÉPENDANTE ATTENDUE,MODELE NON PRECISE,Capacité 144/320 W contradictoire dans la légende E100; ne pas arbitrer.,RDC commerces,8729.19,1045.03,1,,,,
E200,E200-0090,Luminaire A,A — rangement sous-sol,1,IMPLANTATIONS ET RENVOIS — REVUE INDÉPENDANTE ATTENDUE,MODELE NON PRECISE,,Sous-sol rangement,1018.03,5100.28,1,,,,
E200,E200-0091,Luminaire A,A — rangement sous-sol,1,IMPLANTATIONS ET RENVOIS — REVUE INDÉPENDANTE ATTENDUE,MODELE NON PRECISE,,Sous-sol rangement,1018.03,5317.78,1,,,,
E200,E200-0092,Luminaire A,A — rangement sous-sol,1,IMPLANTATIONS ET RENVOIS — REVUE INDÉPENDANTE ATTENDUE,MODELE NON PRECISE,,Sous-sol rangement,1018.03,5535.22,1,,,,
E200,E200-0093,Luminaire A,A — rangement sous-sol,1,IMPLANTATIONS ET RENVOIS — REVUE INDÉPENDANTE ATTENDUE,MODELE NON PRECISE,,Sous-sol rangement,1258.03,5535.22,1,,,,
E200,E200-0094,Luminaire A,A — rangement sous-sol,1,IMPLANTATIONS ET RENVOIS — REVUE INDÉPENDANTE ATTENDUE,MODELE NON PRECISE,,Sous-sol rangement,1018.03,5752.72,1,,,,
E200,E200-0095,Luminaire A,A — rangement sous-sol,1,IMPLANTATIONS ET RENVOIS — REVUE INDÉPENDANTE ATTENDUE,MODELE NON PRECISE,,Sous-sol rangement,1258.03,5752.72,1,,,,
E200,E200-0096,Détecteur de fumée,B1-17,1,IMPLANTATIONS ET RENVOIS — REVUE INDÉPENDANTE ATTENDUE,MODELE NON PRECISE,,Sous-sol vestibule,4791.49,4943.92,1,,,,
E200,E200-0097,Luminaire C hors emprise,C — PPU1-2,1,IMPLANTATIONS ET RENVOIS — REVUE INDÉPENDANTE ATTENDUE,MODELE NON PRECISE,Symboles isolés hors emprise : localisation et doublon possible à clarifier; ne pas ajouter aux appareils implantés.,Hors emprise dessinée,5646.98,3576.21,1,,,,
E200,E200-0098,Luminaire C hors emprise,C — PPU1-2,1,IMPLANTATIONS ET RENVOIS — REVUE INDÉPENDANTE ATTENDUE,MODELE NON PRECISE,Symboles isolés hors emprise : localisation et doublon possible à clarifier; ne pas ajouter aux appareils implantés.,Hors emprise dessinée,5988.21,3576.21,1,,,,
E200,E200-0099,Luminaire C hors emprise,C — PPU1-2,1,IMPLANTATIONS ET RENVOIS — REVUE INDÉPENDANTE ATTENDUE,MODELE NON PRECISE,Symboles isolés hors emprise : localisation et doublon possible à clarifier; ne pas ajouter aux appareils implantés.,Hors emprise dessinée,6327.54,3576.21,1,,,,
E200,E200-0100,Luminaire C hors emprise,C — PPU1-2,1,IMPLANTATIONS ET RENVOIS — REVUE INDÉPENDANTE ATTENDUE,MODELE NON PRECISE,Symboles isolés hors emprise : localisation et doublon possible à clarifier; ne pas ajouter aux appareils implantés.,Hors emprise dessinée,6668.78,3576.21,1,,,,
E200,E200-0101,Luminaire C hors emprise,C — PPU1-2,1,IMPLANTATIONS ET RENVOIS — REVUE INDÉPENDANTE ATTENDUE,MODELE NON PRECISE,Symboles isolés hors emprise : localisation et doublon possible à clarifier; ne pas ajouter aux appareils implantés.,Hors emprise dessinée,7009.96,3576.21,1,,,,
E200,E200-0102,Luminaire C hors emprise,C — PPU1-2,1,IMPLANTATIONS ET RENVOIS — REVUE INDÉPENDANTE ATTENDUE,MODELE NON PRECISE,Symboles isolés hors emprise : localisation et doublon possible à clarifier; ne pas ajouter aux appareils implantés.,Hors emprise dessinée,7349.34,3576.21,1,,,,
E200,E200-0103,Luminaire C hors emprise,C — PPU1-2,1,IMPLANTATIONS ET RENVOIS — REVUE INDÉPENDANTE ATTENDUE,MODELE NON PRECISE,Symboles isolés hors emprise : localisation et doublon possible à clarifier; ne pas ajouter aux appareils implantés.,Hors emprise dessinée,7690.52,3576.21,1,,,,
E200,E200-0104,Luminaire C hors emprise,C — PPU1-2,1,IMPLANTATIONS ET RENVOIS — REVUE INDÉPENDANTE ATTENDUE,MODELE NON PRECISE,Symboles isolés hors emprise : localisation et doublon possible à clarifier; ne pas ajouter aux appareils implantés.,Hors emprise dessinée,8031.76,3576.21,1,,,,
E200,E200-0105,Luminaire C,C — PPU1-2,1,IMPLANTATIONS ET RENVOIS — REVUE INDÉPENDANTE ATTENDUE,MODELE NON PRECISE,Réglages puissance/température non sélectionnés dans E108.,Sous-sol garage,5062.03,4819.22,1,,,,
E200,E200-0106,Luminaire C,C — PPU1-2,1,IMPLANTATIONS ET RENVOIS — REVUE INDÉPENDANTE ATTENDUE,MODELE NON PRECISE,Réglages puissance/température non sélectionnés dans E108.,Sous-sol garage,5062.03,4973.0,1,,,,
E200,E200-0107,Luminaire C,C — PPU1-2,1,IMPLANTATIONS ET RENVOIS — REVUE INDÉPENDANTE ATTENDUE,MODELE NON PRECISE,Réglages puissance/température non sélectionnés dans E108.,Sous-sol garage,5367.61,4995.49,1,,,,
E200,E200-0108,Luminaire C,C — PPU1-2,1,IMPLANTATIONS ET RENVOIS — REVUE INDÉPENDANTE ATTENDUE,MODELE NON PRECISE,Réglages puissance/température non sélectionnés dans E108.,Sous-sol garage,1833.58,4997.35,1,,,,
E200,E200-0109,Luminaire C,C — PPU1-2,1,IMPLANTATIONS ET RENVOIS — REVUE INDÉPENDANTE ATTENDUE,MODELE NON PRECISE,Réglages puissance/température non sélectionnés dans E108.,Sous-sol garage,2172.91,4997.35,1,,,,
E200,E200-0110,Luminaire C,C — PPU1-2,1,IMPLANTATIONS ET RENVOIS — REVUE INDÉPENDANTE ATTENDUE,MODELE NON PRECISE,Réglages puissance/température non sélectionnés dans E108.,Sous-sol garage,2512.29,4997.35,1,,,,
E200,E200-0111,Luminaire C,C — PPU1-2,1,IMPLANTATIONS ET RENVOIS — REVUE INDÉPENDANTE ATTENDUE,MODELE NON PRECISE,Réglages puissance/température non sélectionnés dans E108.,Sous-sol garage,2851.61,4997.35,1,,,,
E200,E200-0112,Luminaire C,C — PPU1-2,1,IMPLANTATIONS ET RENVOIS — REVUE INDÉPENDANTE ATTENDUE,MODELE NON PRECISE,Réglages puissance/température non sélectionnés dans E108.,Sous-sol garage,3192.85,4997.35,1,,,,
E200,E200-0113,Luminaire C,C — PPU1-2,1,IMPLANTATIONS ET RENVOIS — REVUE INDÉPENDANTE ATTENDUE,MODELE NON PRECISE,Réglages puissance/température non sélectionnés dans E108.,Sous-sol garage,3534.03,4997.35,1,,,,
E200,E200-0114,Luminaire C,C — PPU1-2,1,IMPLANTATIONS ET RENVOIS — REVUE INDÉPENDANTE ATTENDUE,MODELE NON PRECISE,Réglages puissance/température non sélectionnés dans E108.,Sous-sol garage,3875.27,4997.35,1,,,,
E200,E200-0115,Luminaire C,C — PPU1-2,1,IMPLANTATIONS ET RENVOIS — REVUE INDÉPENDANTE ATTENDUE,MODELE NON PRECISE,Réglages puissance/température non sélectionnés dans E108.,Sous-sol garage,5646.98,4997.35,1,,,,
E200,E200-0116,Luminaire C,C — PPU1-2,1,IMPLANTATIONS ET RENVOIS — REVUE INDÉPENDANTE ATTENDUE,MODELE NON PRECISE,Réglages puissance/température non sélectionnés dans E108.,Sous-sol garage,5986.3,4997.35,1,,,,
E200,E200-0117,Luminaire C,C — PPU1-2,1,IMPLANTATIONS ET RENVOIS — REVUE INDÉPENDANTE ATTENDUE,MODELE NON PRECISE,Réglages puissance/température non sélectionnés dans E108.,Sous-sol garage,6327.54,4997.35,1,,,,
E200,E200-0118,Luminaire C,C — PPU1-2,1,IMPLANTATIONS ET RENVOIS — REVUE INDÉPENDANTE ATTENDUE,MODELE NON PRECISE,Réglages puissance/température non sélectionnés dans E108.,Sous-sol garage,6668.78,4997.35,1,,,,
E200,E200-0119,Luminaire C,C — PPU1-2,1,IMPLANTATIONS ET RENVOIS — REVUE INDÉPENDANTE ATTENDUE,MODELE NON PRECISE,Réglages puissance/température non sélectionnés dans E108.,Sous-sol garage,7008.1,4997.35,1,,,,
E200,E200-0120,Luminaire C,C — PPU1-2,1,IMPLANTATIONS ET RENVOIS — REVUE INDÉPENDANTE ATTENDUE,MODELE NON PRECISE,Réglages puissance/température non sélectionnés dans E108.,Sous-sol garage,7349.34,4997.35,1,,,,
E200,E200-0121,Luminaire C,C — PPU1-2,1,IMPLANTATIONS ET RENVOIS — REVUE INDÉPENDANTE ATTENDUE,MODELE NON PRECISE,Réglages puissance/température non sélectionnés dans E108.,Sous-sol garage,7690.52,4997.35,1,,,,
E200,E200-0122,Luminaire C,C — PPU1-2,1,IMPLANTATIONS ET RENVOIS — REVUE INDÉPENDANTE ATTENDUE,MODELE NON PRECISE,Réglages puissance/température non sélectionnés dans E108.,Sous-sol garage,8031.76,4997.35,1,,,,
E200,E200-0123,Luminaire C,C — PPU1-2,1,IMPLANTATIONS ET RENVOIS — REVUE INDÉPENDANTE ATTENDUE,MODELE NON PRECISE,Réglages puissance/température non sélectionnés dans E108.,Sous-sol garage,5062.03,5126.71,1,,,,
E200,E200-0124,Luminaire C,C — PPU1-4,1,IMPLANTATIONS ET RENVOIS — REVUE INDÉPENDANTE ATTENDUE,MODELE NON PRECISE,Réglages puissance/température non sélectionnés dans E108.,Sous-sol garage,1833.58,5437.92,1,,,,
E200,E200-0125,Luminaire C,C — PPU1-4,1,IMPLANTATIONS ET RENVOIS — REVUE INDÉPENDANTE ATTENDUE,MODELE NON PRECISE,Réglages puissance/température non sélectionnés dans E108.,Sous-sol garage,2172.91,5437.92,1,,,,
E200,E200-0126,Luminaire C,C — PPU1-4,1,IMPLANTATIONS ET RENVOIS — REVUE INDÉPENDANTE ATTENDUE,MODELE NON PRECISE,Réglages puissance/température non sélectionnés dans E108.,Sous-sol garage,2512.29,5437.92,1,,,,
E200,E200-0127,Luminaire C,C — PPU1-4,1,IMPLANTATIONS ET RENVOIS — REVUE INDÉPENDANTE ATTENDUE,MODELE NON PRECISE,Réglages puissance/température non sélectionnés dans E108.,Sous-sol garage,2851.61,5437.92,1,,,,
E200,E200-0128,Luminaire C,C — PPU1-4,1,IMPLANTATIONS ET RENVOIS — REVUE INDÉPENDANTE ATTENDUE,MODELE NON PRECISE,Réglages puissance/température non sélectionnés dans E108.,Sous-sol garage,3192.85,5437.92,1,,,,
E200,E200-0129,Luminaire C,C — PPU1-4,1,IMPLANTATIONS ET RENVOIS — REVUE INDÉPENDANTE ATTENDUE,MODELE NON PRECISE,Réglages puissance/température non sélectionnés dans E108.,Sous-sol garage,3534.03,5437.92,1,,,,
E200,E200-0130,Luminaire C,C — PPU1-4,1,IMPLANTATIONS ET RENVOIS — REVUE INDÉPENDANTE ATTENDUE,MODELE NON PRECISE,Réglages puissance/température non sélectionnés dans E108.,Sous-sol garage,3873.41,5437.92,1,,,,
E200,E200-0131,Luminaire C,C — PPU1-4,1,IMPLANTATIONS ET RENVOIS — REVUE INDÉPENDANTE ATTENDUE,MODELE NON PRECISE,Réglages puissance/température non sélectionnés dans E108.,Sous-sol garage,4214.59,5437.92,1,,,,
E200,E200-0132,Luminaire C,C — PPU1-4,1,IMPLANTATIONS ET RENVOIS — REVUE INDÉPENDANTE ATTENDUE,MODELE NON PRECISE,Réglages puissance/température non sélectionnés dans E108.,Sous-sol garage,4555.83,5437.92,1,,,,
E200,E200-0133,Luminaire C,C — PPU1-4,1,IMPLANTATIONS ET RENVOIS — REVUE INDÉPENDANTE ATTENDUE,MODELE NON PRECISE,Réglages puissance/température non sélectionnés dans E108.,Sous-sol garage,4895.15,5437.92,1,,,,
E200,E200-0134,Luminaire C,C — PPU1-4,1,IMPLANTATIONS ET RENVOIS — REVUE INDÉPENDANTE ATTENDUE,MODELE NON PRECISE,Réglages puissance/température non sélectionnés dans E108.,Sous-sol garage,5236.39,5437.92,1,,,,
E200,E200-0135,Luminaire C,C — PPU1-4,1,IMPLANTATIONS ET RENVOIS — REVUE INDÉPENDANTE ATTENDUE,MODELE NON PRECISE,Réglages puissance/température non sélectionnés dans E108.,Sous-sol garage,5575.71,5437.92,1,,,,
E200,E200-0136,Luminaire C,C — PPU1-4,1,IMPLANTATIONS ET RENVOIS — REVUE INDÉPENDANTE ATTENDUE,MODELE NON PRECISE,Réglages puissance/température non sélectionnés dans E108.,Sous-sol garage,5916.95,5437.92,1,,,,
E200,E200-0137,Luminaire C,C — PPU1-4,1,IMPLANTATIONS ET RENVOIS — REVUE INDÉPENDANTE ATTENDUE,MODELE NON PRECISE,Réglages puissance/température non sélectionnés dans E108.,Sous-sol garage,6258.19,5437.92,1,,,,
E200,E200-0138,Luminaire C,C — PPU1-4,1,IMPLANTATIONS ET RENVOIS — REVUE INDÉPENDANTE ATTENDUE,MODELE NON PRECISE,Réglages puissance/température non sélectionnés dans E108.,Sous-sol garage,6599.37,5437.92,1,,,,
E200,E200-0139,Luminaire C,C — PPU1-4,1,IMPLANTATIONS ET RENVOIS — REVUE INDÉPENDANTE ATTENDUE,MODELE NON PRECISE,Réglages puissance/température non sélectionnés dans E108.,Sous-sol garage,6938.75,5437.92,1,,,,
E200,E200-0140,Luminaire C,C — PPU1-4,1,IMPLANTATIONS ET RENVOIS — REVUE INDÉPENDANTE ATTENDUE,MODELE NON PRECISE,Réglages puissance/température non sélectionnés dans E108.,Sous-sol garage,7279.93,5437.92,1,,,,
E200,E200-0141,Luminaire C,C — PPU1-4,1,IMPLANTATIONS ET RENVOIS — REVUE INDÉPENDANTE ATTENDUE,MODELE NON PRECISE,Réglages puissance/température non sélectionnés dans E108.,Sous-sol garage,7621.17,5437.92,1,,,,
E200,E200-0142,Luminaire C,C — PPU1-4,1,IMPLANTATIONS ET RENVOIS — REVUE INDÉPENDANTE ATTENDUE,MODELE NON PRECISE,Réglages puissance/température non sélectionnés dans E108.,Sous-sol garage,7960.49,5437.92,1,,,,
E200,E200-0143,Luminaire C,C — PPU1-4,1,IMPLANTATIONS ET RENVOIS — REVUE INDÉPENDANTE ATTENDUE,MODELE NON PRECISE,Réglages puissance/température non sélectionnés dans E108.,Sous-sol garage,8301.73,5437.92,1,,,,
E200,E200-0144,Luminaire C,C — PPU1-4,1,IMPLANTATIONS ET RENVOIS — REVUE INDÉPENDANTE ATTENDUE,MODELE NON PRECISE,Réglages puissance/température non sélectionnés dans E108.,Sous-sol garage,8642.97,5437.92,1,,,,
E200,E200-0145,Luminaire C,C — PPU1-6,1,IMPLANTATIONS ET RENVOIS — REVUE INDÉPENDANTE ATTENDUE,MODELE NON PRECISE,Réglages puissance/température non sélectionnés dans E108.,Sous-sol garage,1537.34,5794.17,1,,,,
E200,E200-0146,Luminaire C,C — PPU1-6,1,IMPLANTATIONS ET RENVOIS — REVUE INDÉPENDANTE ATTENDUE,MODELE NON PRECISE,Réglages puissance/température non sélectionnés dans E108.,Sous-sol garage,1831.72,5794.17,1,,,,
E200,E200-0147,Luminaire C,C — PPU1-6,1,IMPLANTATIONS ET RENVOIS — REVUE INDÉPENDANTE ATTENDUE,MODELE NON PRECISE,Réglages puissance/température non sélectionnés dans E108.,Sous-sol garage,2172.91,5794.17,1,,,,
E200,E200-0148,Luminaire C,C — PPU1-6,1,IMPLANTATIONS ET RENVOIS — REVUE INDÉPENDANTE ATTENDUE,MODELE NON PRECISE,Réglages puissance/température non sélectionnés dans E108.,Sous-sol garage,2512.29,5794.17,1,,,,
E200,E200-0149,Luminaire C,C — PPU1-6,1,IMPLANTATIONS ET RENVOIS — REVUE INDÉPENDANTE ATTENDUE,MODELE NON PRECISE,Réglages puissance/température non sélectionnés dans E108.,Sous-sol garage,2853.47,5794.17,1,,,,
E200,E200-0150,Luminaire C,C — PPU1-6,1,IMPLANTATIONS ET RENVOIS — REVUE INDÉPENDANTE ATTENDUE,MODELE NON PRECISE,Réglages puissance/température non sélectionnés dans E108.,Sous-sol garage,3194.7,5794.17,1,,,,
E200,E200-0151,Luminaire C,C — PPU1-6,1,IMPLANTATIONS ET RENVOIS — REVUE INDÉPENDANTE ATTENDUE,MODELE NON PRECISE,Réglages puissance/température non sélectionnés dans E108.,Sous-sol garage,3534.03,5794.17,1,,,,
E200,E200-0152,Luminaire C,C — PPU1-6,1,IMPLANTATIONS ET RENVOIS — REVUE INDÉPENDANTE ATTENDUE,MODELE NON PRECISE,Réglages puissance/température non sélectionnés dans E108.,Sous-sol garage,3875.27,5794.17,1,,,,
E200,E200-0153,Luminaire C,C — PPU1-6,1,IMPLANTATIONS ET RENVOIS — REVUE INDÉPENDANTE ATTENDUE,MODELE NON PRECISE,Réglages puissance/température non sélectionnés dans E108.,Sous-sol garage,4216.5,5794.17,1,,,,
E200,E200-0154,Luminaire C,C — PPU1-6,1,IMPLANTATIONS ET RENVOIS — REVUE INDÉPENDANTE ATTENDUE,MODELE NON PRECISE,Réglages puissance/température non sélectionnés dans E108.,Sous-sol garage,4484.57,5794.17,1,,,,
E200,E200-0155,Luminaire C,C — PPU1-6,1,IMPLANTATIONS ET RENVOIS — REVUE INDÉPENDANTE ATTENDUE,MODELE NON PRECISE,Réglages puissance/température non sélectionnés dans E108.,Sous-sol garage,5352.65,5794.17,1,,,,
E200,E200-0156,Luminaire C,C — PPU1-6,1,IMPLANTATIONS ET RENVOIS — REVUE INDÉPENDANTE ATTENDUE,MODELE NON PRECISE,Réglages puissance/température non sélectionnés dans E108.,Sous-sol garage,5646.98,5794.17,1,,,,
E200,E200-0157,Luminaire C,C — PPU1-6,1,IMPLANTATIONS ET RENVOIS — REVUE INDÉPENDANTE ATTENDUE,MODELE NON PRECISE,Réglages puissance/température non sélectionnés dans E108.,Sous-sol garage,5988.21,5794.17,1,,,,
E200,E200-0158,Luminaire C,C — PPU1-6,1,IMPLANTATIONS ET RENVOIS — REVUE INDÉPENDANTE ATTENDUE,MODELE NON PRECISE,Réglages puissance/température non sélectionnés dans E108.,Sous-sol garage,6327.54,5794.17,1,,,,
E200,E200-0159,Luminaire C,C — PPU1-6,1,IMPLANTATIONS ET RENVOIS — REVUE INDÉPENDANTE ATTENDUE,MODELE NON PRECISE,Réglages puissance/température non sélectionnés dans E108.,Sous-sol garage,6668.78,5794.17,1,,,,
E200,E200-0160,Luminaire C,C — PPU1-6,1,IMPLANTATIONS ET RENVOIS — REVUE INDÉPENDANTE ATTENDUE,MODELE NON PRECISE,Réglages puissance/température non sélectionnés dans E108.,Sous-sol garage,7009.96,5794.17,1,,,,
E200,E200-0161,Luminaire C,C — PPU1-6,1,IMPLANTATIONS ET RENVOIS — REVUE INDÉPENDANTE ATTENDUE,MODELE NON PRECISE,Réglages puissance/température non sélectionnés dans E108.,Sous-sol garage,7349.34,5794.17,1,,,,
E200,E200-0162,Luminaire C,C — PPU1-6,1,IMPLANTATIONS ET RENVOIS — REVUE INDÉPENDANTE ATTENDUE,MODELE NON PRECISE,Réglages puissance/température non sélectionnés dans E108.,Sous-sol garage,7690.52,5794.17,1,,,,
E200,E200-0163,Luminaire C,C — PPU1-6,1,IMPLANTATIONS ET RENVOIS — REVUE INDÉPENDANTE ATTENDUE,MODELE NON PRECISE,Réglages puissance/température non sélectionnés dans E108.,Sous-sol garage,8031.76,5794.17,1,,,,
E200,E200-0164,Luminaire C,C — PPU1-6,1,IMPLANTATIONS ET RENVOIS — REVUE INDÉPENDANTE ATTENDUE,MODELE NON PRECISE,Réglages puissance/température non sélectionnés dans E108.,Sous-sol garage,8371.08,5794.17,1,,,,
E200,E200-0165,Luminaire C,C — PPU1-6,1,IMPLANTATIONS ET RENVOIS — REVUE INDÉPENDANTE ATTENDUE,MODELE NON PRECISE,Réglages puissance/température non sélectionnés dans E108.,Sous-sol garage,8641.06,5794.17,1,,,,
E200,E200-0166,Luminaire C,C — PPU1-6,1,IMPLANTATIONS ET RENVOIS — REVUE INDÉPENDANTE ATTENDUE,MODELE NON PRECISE,Réglages puissance/température non sélectionnés dans E108.,Sous-sol garage,5020.8,5831.63,1,,,,
E200,E200-0167,Luminaire C hors emprise,C — PPU1-6,1,IMPLANTATIONS ET RENVOIS — REVUE INDÉPENDANTE ATTENDUE,MODELE NON PRECISE,Symboles isolés hors emprise : localisation et doublon possible à clarifier; ne pas ajouter aux appareils implantés.,Hors emprise dessinée,5590.73,6587.22,1,,,,
E200,E200-0168,Luminaire C hors emprise,C — PPU1-6,1,IMPLANTATIONS ET RENVOIS — REVUE INDÉPENDANTE ATTENDUE,MODELE NON PRECISE,Symboles isolés hors emprise : localisation et doublon possible à clarifier; ne pas ajouter aux appareils implantés.,Hors emprise dessinée,6001.32,6594.7,1,,,,
E200,E200-0169,Luminaire C hors emprise,C — PPU1-6,1,IMPLANTATIONS ET RENVOIS — REVUE INDÉPENDANTE ATTENDUE,MODELE NON PRECISE,Symboles isolés hors emprise : localisation et doublon possible à clarifier; ne pas ajouter aux appareils implantés.,Hors emprise dessinée,6327.54,6594.7,1,,,,
E200,E200-0170,Luminaire C hors emprise,C — PPU1-6,1,IMPLANTATIONS ET RENVOIS — REVUE INDÉPENDANTE ATTENDUE,MODELE NON PRECISE,Symboles isolés hors emprise : localisation et doublon possible à clarifier; ne pas ajouter aux appareils implantés.,Hors emprise dessinée,6668.78,6594.7,1,,,,
E200,E200-0171,Luminaire C hors emprise,C — PPU1-6,1,IMPLANTATIONS ET RENVOIS — REVUE INDÉPENDANTE ATTENDUE,MODELE NON PRECISE,Symboles isolés hors emprise : localisation et doublon possible à clarifier; ne pas ajouter aux appareils implantés.,Hors emprise dessinée,7009.96,6594.7,1,,,,
E200,E200-0172,Luminaire C hors emprise,C — PPU1-6,1,IMPLANTATIONS ET RENVOIS — REVUE INDÉPENDANTE ATTENDUE,MODELE NON PRECISE,Symboles isolés hors emprise : localisation et doublon possible à clarifier; ne pas ajouter aux appareils implantés.,Hors emprise dessinée,7349.34,6594.7,1,,,,
E200,E200-0173,Luminaire C hors emprise,C — PPU1-6,1,IMPLANTATIONS ET RENVOIS — REVUE INDÉPENDANTE ATTENDUE,MODELE NON PRECISE,Symboles isolés hors emprise : localisation et doublon possible à clarifier; ne pas ajouter aux appareils implantés.,Hors emprise dessinée,7690.52,6594.7,1,,,,
E200,E200-0174,Luminaire C hors emprise,C — PPU1-6,1,IMPLANTATIONS ET RENVOIS — REVUE INDÉPENDANTE ATTENDUE,MODELE NON PRECISE,Symboles isolés hors emprise : localisation et doublon possible à clarifier; ne pas ajouter aux appareils implantés.,Hors emprise dessinée,8031.76,6594.7,1,,,,
E200,E200-0175,Luminaire C hors emprise,C — PPU1-6,1,IMPLANTATIONS ET RENVOIS — REVUE INDÉPENDANTE ATTENDUE,MODELE NON PRECISE,Symboles isolés hors emprise : localisation et doublon possible à clarifier; ne pas ajouter aux appareils implantés.,Hors emprise dessinée,8371.08,6594.7,1,,,,
E200,E200-0176,Luminaire C hors emprise,C — PPU1-6,1,IMPLANTATIONS ET RENVOIS — REVUE INDÉPENDANTE ATTENDUE,MODELE NON PRECISE,Symboles isolés hors emprise : localisation et doublon possible à clarifier; ne pas ajouter aux appareils implantés.,Hors emprise dessinée,8669.18,6602.18,1,,,,
E200,E200-0177,Batterie 2 phares,"Ensemble dessiné, deux phares inclus",1,IMPLANTATIONS ET RENVOIS — REVUE INDÉPENDANTE ATTENDUE,MODELE NON PRECISE,Capacité 144/320 W contradictoire dans E100.,RDC commerces,1130.52,2199.17,1,,,,
E200,E200-0178,Station manuelle,F,1,IMPLANTATIONS ET RENVOIS — REVUE INDÉPENDANTE ATTENDUE,MODELE NON PRECISE,,RDC commerces,1188.45,2202.55,1,,,,
E200,E200-0179,Klaxon,K,1,IMPLANTATIONS ET RENVOIS — REVUE INDÉPENDANTE ATTENDUE,MODELE NON PRECISE,,RDC commerces,1188.45,2178.36,1,,,,
E200,E200-0180,Batterie 2 phares,"Ensemble dessiné, deux phares inclus",1,IMPLANTATIONS ET RENVOIS — REVUE INDÉPENDANTE ATTENDUE,MODELE NON PRECISE,Capacité 144/320 W contradictoire dans E100.,RDC commerces,1827.96,2199.17,1,,,,
E200,E200-0181,Station manuelle,F,1,IMPLANTATIONS ET RENVOIS — REVUE INDÉPENDANTE ATTENDUE,MODELE NON PRECISE,,RDC commerces,1885.89,2202.55,1,,,,
E200,E200-0182,Klaxon,K,1,IMPLANTATIONS ET RENVOIS — REVUE INDÉPENDANTE ATTENDUE,MODELE NON PRECISE,,RDC commerces,1885.89,2178.36,1,,,,
E200,E200-0183,Batterie 2 phares,"Ensemble dessiné, deux phares inclus",1,IMPLANTATIONS ET RENVOIS — REVUE INDÉPENDANTE ATTENDUE,MODELE NON PRECISE,Capacité 144/320 W contradictoire dans E100.,RDC commerces,2216.04,2199.17,1,,,,
E200,E200-0184,Station manuelle,F,1,IMPLANTATIONS ET RENVOIS — REVUE INDÉPENDANTE ATTENDUE,MODELE NON PRECISE,,RDC commerces,2273.98,2202.55,1,,,,
E200,E200-0185,Klaxon,K,1,IMPLANTATIONS ET RENVOIS — REVUE INDÉPENDANTE ATTENDUE,MODELE NON PRECISE,,RDC commerces,2273.98,2178.36,1,,,,
E200,E200-0186,Batterie 2 phares,"Ensemble dessiné, deux phares inclus",1,IMPLANTATIONS ET RENVOIS — REVUE INDÉPENDANTE ATTENDUE,MODELE NON PRECISE,Capacité 144/320 W contradictoire dans E100.,RDC commerces,2448.5,2199.17,1,,,,
E200,E200-0187,Station manuelle,F,1,IMPLANTATIONS ET RENVOIS — REVUE INDÉPENDANTE ATTENDUE,MODELE NON PRECISE,,RDC commerces,2506.44,2202.55,1,,,,
E200,E200-0188,Klaxon,K,1,IMPLANTATIONS ET RENVOIS — REVUE INDÉPENDANTE ATTENDUE,MODELE NON PRECISE,,RDC commerces,2506.44,2178.36,1,,,,
E200,E200-0189,Batterie 2 phares,"Ensemble dessiné, deux phares inclus",1,IMPLANTATIONS ET RENVOIS — REVUE INDÉPENDANTE ATTENDUE,MODELE NON PRECISE,Capacité 144/320 W contradictoire dans E100.,RDC commerces,2821.63,2199.17,1,,,,
E200,E200-0190,Station manuelle,F,1,IMPLANTATIONS ET RENVOIS — REVUE INDÉPENDANTE ATTENDUE,MODELE NON PRECISE,,RDC commerces,2879.56,2202.55,1,,,,
E200,E200-0191,Klaxon,K,1,IMPLANTATIONS ET RENVOIS — REVUE INDÉPENDANTE ATTENDUE,MODELE NON PRECISE,,RDC commerces,2879.56,2178.36,1,,,,
E200,E200-0192,Batterie 2 phares,"Ensemble dessiné, deux phares inclus",1,IMPLANTATIONS ET RENVOIS — REVUE INDÉPENDANTE ATTENDUE,MODELE NON PRECISE,Capacité 144/320 W contradictoire dans E100.,RDC commerces,3194.7,2199.17,1,,,,
E200,E200-0193,Station manuelle,F,1,IMPLANTATIONS ET RENVOIS — REVUE INDÉPENDANTE ATTENDUE,MODELE NON PRECISE,,RDC commerces,3252.64,2202.55,1,,,,
E200,E200-0194,Klaxon,K,1,IMPLANTATIONS ET RENVOIS — REVUE INDÉPENDANTE ATTENDUE,MODELE NON PRECISE,,RDC commerces,3252.64,2178.36,1,,,,
E200,E200-0195,Batterie 2 phares,"Ensemble dessiné, deux phares inclus",1,IMPLANTATIONS ET RENVOIS — REVUE INDÉPENDANTE ATTENDUE,MODELE NON PRECISE,Capacité 144/320 W contradictoire dans E100.,RDC commerces,3815.25,2199.17,1,,,,
E200,E200-0196,Station manuelle,F,1,IMPLANTATIONS ET RENVOIS — REVUE INDÉPENDANTE ATTENDUE,MODELE NON PRECISE,,RDC commerces,3873.19,2202.55,1,,,,
E200,E200-0197,Klaxon,K,1,IMPLANTATIONS ET RENVOIS — REVUE INDÉPENDANTE ATTENDUE,MODELE NON PRECISE,,RDC commerces,3873.19,2178.36,1,,,,
E200,E200-0198,Batterie 2 phares,"Ensemble dessiné, deux phares inclus",1,IMPLANTATIONS ET RENVOIS — REVUE INDÉPENDANTE ATTENDUE,MODELE NON PRECISE,Capacité 144/320 W contradictoire dans E100.,RDC commerces,4362.74,2199.17,1,,,,
E200,E200-0199,Station manuelle,F,1,IMPLANTATIONS ET RENVOIS — REVUE INDÉPENDANTE ATTENDUE,MODELE NON PRECISE,,RDC commerces,4420.67,2202.55,1,,,,
E200,E200-0200,Klaxon,K,1,IMPLANTATIONS ET RENVOIS — REVUE INDÉPENDANTE ATTENDUE,MODELE NON PRECISE,,RDC commerces,4420.67,2178.36,1,,,,
E200,E200-0201,Batterie 2 phares,"Ensemble dessiné, deux phares inclus",1,IMPLANTATIONS ET RENVOIS — REVUE INDÉPENDANTE ATTENDUE,MODELE NON PRECISE,Capacité 144/320 W contradictoire dans E100.,RDC commerces,5502.6,2199.17,1,,,,
E200,E200-0202,Station manuelle,F,1,IMPLANTATIONS ET RENVOIS — REVUE INDÉPENDANTE ATTENDUE,MODELE NON PRECISE,,RDC commerces,5560.53,2202.55,1,,,,
E200,E200-0203,Klaxon,K,1,IMPLANTATIONS ET RENVOIS — REVUE INDÉPENDANTE ATTENDUE,MODELE NON PRECISE,,RDC commerces,5560.53,2178.36,1,,,,
E200,E200-0204,Batterie 2 phares,"Ensemble dessiné, deux phares inclus",1,IMPLANTATIONS ET RENVOIS — REVUE INDÉPENDANTE ATTENDUE,MODELE NON PRECISE,Capacité 144/320 W contradictoire dans E100.,RDC commerces,6050.08,2199.17,1,,,,
E200,E200-0205,Station manuelle,F,1,IMPLANTATIONS ET RENVOIS — REVUE INDÉPENDANTE ATTENDUE,MODELE NON PRECISE,,RDC commerces,6108.02,2202.55,1,,,,
E200,E200-0206,Klaxon,K,1,IMPLANTATIONS ET RENVOIS — REVUE INDÉPENDANTE ATTENDUE,MODELE NON PRECISE,,RDC commerces,6108.02,2178.36,1,,,,
E200,E200-0207,Batterie 2 phares,"Ensemble dessiné, deux phares inclus",1,IMPLANTATIONS ET RENVOIS — REVUE INDÉPENDANTE ATTENDUE,MODELE NON PRECISE,Capacité 144/320 W contradictoire dans E100.,RDC commerces,6670.63,2199.17,1,,,,
E200,E200-0208,Station manuelle,F,1,IMPLANTATIONS ET RENVOIS — REVUE INDÉPENDANTE ATTENDUE,MODELE NON PRECISE,,RDC commerces,6728.56,2202.55,1,,,,
E200,E200-0209,Klaxon,K,1,IMPLANTATIONS ET RENVOIS — REVUE INDÉPENDANTE ATTENDUE,MODELE NON PRECISE,,RDC commerces,6728.56,2178.36,1,,,,
E200,E200-0210,Batterie 2 phares,"Ensemble dessiné, deux phares inclus",1,IMPLANTATIONS ET RENVOIS — REVUE INDÉPENDANTE ATTENDUE,MODELE NON PRECISE,Capacité 144/320 W contradictoire dans E100.,RDC commerces,7043.7,2199.17,1,,,,
E200,E200-0211,Station manuelle,F,1,IMPLANTATIONS ET RENVOIS — REVUE INDÉPENDANTE ATTENDUE,MODELE NON PRECISE,,RDC commerces,7101.64,2202.55,1,,,,
E200,E200-0212,Klaxon,K,1,IMPLANTATIONS ET RENVOIS — REVUE INDÉPENDANTE ATTENDUE,MODELE NON PRECISE,,RDC commerces,7101.64,2178.36,1,,,,
E200,E200-0213,Batterie 2 phares,"Ensemble dessiné, deux phares inclus",1,IMPLANTATIONS ET RENVOIS — REVUE INDÉPENDANTE ATTENDUE,MODELE NON PRECISE,Capacité 144/320 W contradictoire dans E100.,RDC commerces,7416.83,2199.17,1,,,,
E200,E200-0214,Station manuelle,F,1,IMPLANTATIONS ET RENVOIS — REVUE INDÉPENDANTE ATTENDUE,MODELE NON PRECISE,,RDC commerces,7474.76,2202.55,1,,,,
E200,E200-0215,Klaxon,K,1,IMPLANTATIONS ET RENVOIS — REVUE INDÉPENDANTE ATTENDUE,MODELE NON PRECISE,,RDC commerces,7474.76,2178.36,1,,,,
E200,E200-0216,Batterie 2 phares,"Ensemble dessiné, deux phares inclus",1,IMPLANTATIONS ET RENVOIS — REVUE INDÉPENDANTE ATTENDUE,MODELE NON PRECISE,Capacité 144/320 W contradictoire dans E100.,RDC commerces,8037.38,2199.17,1,,,,
E200,E200-0217,Station manuelle,F,1,IMPLANTATIONS ET RENVOIS — REVUE INDÉPENDANTE ATTENDUE,MODELE NON PRECISE,,RDC commerces,8095.31,2202.55,1,,,,
E200,E200-0218,Klaxon,K,1,IMPLANTATIONS ET RENVOIS — REVUE INDÉPENDANTE ATTENDUE,MODELE NON PRECISE,,RDC commerces,8095.31,2178.36,1,,,,
E200,E200-0219,Batterie 2 phares,"Ensemble dessiné, deux phares inclus",1,IMPLANTATIONS ET RENVOIS — REVUE INDÉPENDANTE ATTENDUE,MODELE NON PRECISE,Capacité 144/320 W contradictoire dans E100.,RDC commerces,8734.82,2199.17,1,,,,
E200,E200-0220,Station manuelle,F,1,IMPLANTATIONS ET RENVOIS — REVUE INDÉPENDANTE ATTENDUE,MODELE NON PRECISE,,RDC commerces,8792.75,2202.55,1,,,,
E200,E200-0221,Klaxon,K,1,IMPLANTATIONS ET RENVOIS — REVUE INDÉPENDANTE ATTENDUE,MODELE NON PRECISE,,RDC commerces,8792.75,2178.36,1,,,,
E200,E200-0222,Station manuelle,F,1,IMPLANTATIONS ET RENVOIS — REVUE INDÉPENDANTE ATTENDUE,MODELE NON PRECISE,,RDC commerces,1191.26,1042.22,1,,,,
E200,E200-0223,Klaxon,K,1,IMPLANTATIONS ET RENVOIS — REVUE INDÉPENDANTE ATTENDUE,MODELE NON PRECISE,,RDC commerces,1191.26,1066.4,1,,,,
E200,E200-0224,Station manuelle,F,1,IMPLANTATIONS ET RENVOIS — REVUE INDÉPENDANTE ATTENDUE,MODELE NON PRECISE,,RDC commerces,1886.84,1042.22,1,,,,
E200,E200-0225,Klaxon,K,1,IMPLANTATIONS ET RENVOIS — REVUE INDÉPENDANTE ATTENDUE,MODELE NON PRECISE,,RDC commerces,1886.84,1066.4,1,,,,
E200,E200-0226,Station manuelle,F,1,IMPLANTATIONS ET RENVOIS — REVUE INDÉPENDANTE ATTENDUE,MODELE NON PRECISE,,RDC commerces,2522.41,1042.22,1,,,,
E200,E200-0227,Klaxon,K,1,IMPLANTATIONS ET RENVOIS — REVUE INDÉPENDANTE ATTENDUE,MODELE NON PRECISE,,RDC commerces,2522.41,1066.4,1,,,,
E200,E200-0228,Station manuelle,F,1,IMPLANTATIONS ET RENVOIS — REVUE INDÉPENDANTE ATTENDUE,MODELE NON PRECISE,,RDC commerces,2888.0,1042.22,1,,,,
E200,E200-0229,Klaxon,K,1,IMPLANTATIONS ET RENVOIS — REVUE INDÉPENDANTE ATTENDUE,MODELE NON PRECISE,,RDC commerces,2888.0,1066.4,1,,,,
E200,E200-0230,Station manuelle,F,1,IMPLANTATIONS ET RENVOIS — REVUE INDÉPENDANTE ATTENDUE,MODELE NON PRECISE,,RDC commerces,3253.59,1042.22,1,,,,
E200,E200-0231,Klaxon,K,1,IMPLANTATIONS ET RENVOIS — REVUE INDÉPENDANTE ATTENDUE,MODELE NON PRECISE,,RDC commerces,3253.59,1066.4,1,,,,
E200,E200-0232,Station manuelle,F,1,IMPLANTATIONS ET RENVOIS — REVUE INDÉPENDANTE ATTENDUE,MODELE NON PRECISE,,RDC commerces,3887.25,1042.22,1,,,,
E200,E200-0233,Klaxon,K,1,IMPLANTATIONS ET RENVOIS — REVUE INDÉPENDANTE ATTENDUE,MODELE NON PRECISE,,RDC commerces,3887.25,1066.4,1,,,,
E200,E200-0234,Station manuelle,F,1,IMPLANTATIONS ET RENVOIS — REVUE INDÉPENDANTE ATTENDUE,MODELE NON PRECISE,,RDC commerces,4429.11,1042.22,1,,,,
E200,E200-0235,Klaxon,K,1,IMPLANTATIONS ET RENVOIS — REVUE INDÉPENDANTE ATTENDUE,MODELE NON PRECISE,,RDC commerces,4429.11,1066.4,1,,,,
E200,E200-0236,Station manuelle,F,1,IMPLANTATIONS ET RENVOIS — REVUE INDÉPENDANTE ATTENDUE,MODELE NON PRECISE,,RDC commerces,5563.34,1042.22,1,,,,
E200,E200-0237,Klaxon,K,1,IMPLANTATIONS ET RENVOIS — REVUE INDÉPENDANTE ATTENDUE,MODELE NON PRECISE,,RDC commerces,5563.34,1066.4,1,,,,
E200,E200-0238,Station manuelle,F,1,IMPLANTATIONS ET RENVOIS — REVUE INDÉPENDANTE ATTENDUE,MODELE NON PRECISE,,RDC commerces,6103.29,1042.22,1,,,,
E200,E200-0239,Klaxon,K,1,IMPLANTATIONS ET RENVOIS — REVUE INDÉPENDANTE ATTENDUE,MODELE NON PRECISE,,RDC commerces,6103.29,1066.4,1,,,,
E200,E200-0240,Station manuelle,F,1,IMPLANTATIONS ET RENVOIS — REVUE INDÉPENDANTE ATTENDUE,MODELE NON PRECISE,,RDC commerces,6738.86,1042.22,1,,,,
E200,E200-0241,Klaxon,K,1,IMPLANTATIONS ET RENVOIS — REVUE INDÉPENDANTE ATTENDUE,MODELE NON PRECISE,,RDC commerces,6738.86,1066.4,1,,,,
E200,E200-0242,Station manuelle,F,1,IMPLANTATIONS ET RENVOIS — REVUE INDÉPENDANTE ATTENDUE,MODELE NON PRECISE,,RDC commerces,7104.45,1042.22,1,,,,
E200,E200-0243,Klaxon,K,1,IMPLANTATIONS ET RENVOIS — REVUE INDÉPENDANTE ATTENDUE,MODELE NON PRECISE,,RDC commerces,7104.45,1066.4,1,,,,
E200,E200-0244,Station manuelle,F,1,IMPLANTATIONS ET RENVOIS — REVUE INDÉPENDANTE ATTENDUE,MODELE NON PRECISE,,RDC commerces,7470.04,1042.22,1,,,,
E200,E200-0245,Klaxon,K,1,IMPLANTATIONS ET RENVOIS — REVUE INDÉPENDANTE ATTENDUE,MODELE NON PRECISE,,RDC commerces,7470.04,1066.4,1,,,,
E200,E200-0246,Station manuelle,F,1,IMPLANTATIONS ET RENVOIS — REVUE INDÉPENDANTE ATTENDUE,MODELE NON PRECISE,,RDC commerces,8105.61,1042.22,1,,,,
E200,E200-0247,Klaxon,K,1,IMPLANTATIONS ET RENVOIS — REVUE INDÉPENDANTE ATTENDUE,MODELE NON PRECISE,,RDC commerces,8105.61,1066.4,1,,,,
E200,E200-0248,Station manuelle,F,1,IMPLANTATIONS ET RENVOIS — REVUE INDÉPENDANTE ATTENDUE,MODELE NON PRECISE,,RDC commerces,8801.18,1042.22,1,,,,
E200,E200-0249,Klaxon,K,1,IMPLANTATIONS ET RENVOIS — REVUE INDÉPENDANTE ATTENDUE,MODELE NON PRECISE,,RDC commerces,8801.18,1066.4,1,,,,
E200,E200-0250,Luminaire A,A,1,IMPLANTATIONS ET RENVOIS — REVUE INDÉPENDANTE ATTENDUE,MODELE NON PRECISE,,Sous-sol,1012.41,4876.42,1,,,,
E200,E200-0251,Luminaire A,A,1,IMPLANTATIONS ET RENVOIS — REVUE INDÉPENDANTE ATTENDUE,MODELE NON PRECISE,,Sous-sol,1259.88,4876.42,1,,,,
E200,E200-0252,Luminaire A,A,1,IMPLANTATIONS ET RENVOIS — REVUE INDÉPENDANTE ATTENDUE,MODELE NON PRECISE,,Sous-sol,1259.88,5095.78,1,,,,
E200,E200-0253,Luminaire A,A,1,IMPLANTATIONS ET RENVOIS — REVUE INDÉPENDANTE ATTENDUE,MODELE NON PRECISE,,Sous-sol,1259.88,5315.13,1,,,,
E200,E200-0254,Luminaire A,A,1,IMPLANTATIONS ET RENVOIS — REVUE INDÉPENDANTE ATTENDUE,MODELE NON PRECISE,,Sous-sol,1012.41,5961.95,1,,,,
E200,E200-0255,Luminaire A,A,1,IMPLANTATIONS ET RENVOIS — REVUE INDÉPENDANTE ATTENDUE,MODELE NON PRECISE,,Sous-sol,1259.88,5961.95,1,,,,
E200,E200-0256,Luminaire A,A,1,IMPLANTATIONS ET RENVOIS — REVUE INDÉPENDANTE ATTENDUE,MODELE NON PRECISE,,Sous-sol,4676.75,5686.35,1,,,,
E200,E200-0257,Luminaire A,A,1,IMPLANTATIONS ET RENVOIS — REVUE INDÉPENDANTE ATTENDUE,MODELE NON PRECISE,,Sous-sol,4676.75,5838.21,1,,,,
E200,E200-0258,Luminaire A,A,1,IMPLANTATIONS ET RENVOIS — REVUE INDÉPENDANTE ATTENDUE,MODELE NON PRECISE,,Sous-sol,4676.75,6012.57,1,,,,
E200,E200-0259,Luminaire A,A,1,IMPLANTATIONS ET RENVOIS — REVUE INDÉPENDANTE ATTENDUE,MODELE NON PRECISE,,Sous-sol,4938.29,6035.07,1,,,,
E200,E200-0260,Luminaire A,A,1,IMPLANTATIONS ET RENVOIS — REVUE INDÉPENDANTE ATTENDUE,MODELE NON PRECISE,,Sous-sol,5135.15,6035.07,1,,,,
E200,E200-0261,Luminaire B,B,1,IMPLANTATIONS ET RENVOIS — REVUE INDÉPENDANTE ATTENDUE,MODELE NON PRECISE,,Sous-sol locaux techniques,4139.62,4904.55,1,,,,
E200,E200-0262,Luminaire B,B,1,IMPLANTATIONS ET RENVOIS — REVUE INDÉPENDANTE ATTENDUE,MODELE NON PRECISE,,Sous-sol locaux techniques,4297.1,4915.79,1,,,,
E200,E200-0263,Luminaire B,B,1,IMPLANTATIONS ET RENVOIS — REVUE INDÉPENDANTE ATTENDUE,MODELE NON PRECISE,,Sous-sol locaux techniques,4493.96,4893.3,1,,,,
E200,E200-0264,Luminaire B,B,1,IMPLANTATIONS ET RENVOIS — REVUE INDÉPENDANTE ATTENDUE,MODELE NON PRECISE,,Sous-sol locaux techniques,4145.24,5123.9,1,,,,
E200,E200-0265,Luminaire B,B,1,IMPLANTATIONS ET RENVOIS — REVUE INDÉPENDANTE ATTENDUE,MODELE NON PRECISE,,Sous-sol locaux techniques,4302.73,5123.9,1,,,,
E200,E200-0266,Luminaire B,B,1,IMPLANTATIONS ET RENVOIS — REVUE INDÉPENDANTE ATTENDUE,MODELE NON PRECISE,,Sous-sol locaux techniques,4493.96,5118.28,1,,,,
E200,E200-0267,Luminaire B,B,1,IMPLANTATIONS ET RENVOIS — REVUE INDÉPENDANTE ATTENDUE,MODELE NON PRECISE,,Sous-sol locaux techniques,8498.59,4820.18,1,,,,
E200,E200-0268,Luminaire B,B,1,IMPLANTATIONS ET RENVOIS — REVUE INDÉPENDANTE ATTENDUE,MODELE NON PRECISE,,Sous-sol locaux techniques,8644.82,4825.8,1,,,,
E200,E200-0269,Luminaire B,B,1,IMPLANTATIONS ET RENVOIS — REVUE INDÉPENDANTE ATTENDUE,MODELE NON PRECISE,,Sous-sol locaux techniques,8650.45,4977.66,1,,,,
E200,E200-0270,Luminaire B,B,1,IMPLANTATIONS ET RENVOIS — REVUE INDÉPENDANTE ATTENDUE,MODELE NON PRECISE,,Sous-sol locaux techniques,8650.45,5095.78,1,,,,
E200,E200-0271,Luminaire B,B,1,IMPLANTATIONS ET RENVOIS — REVUE INDÉPENDANTE ATTENDUE,MODELE NON PRECISE,,Sous-sol locaux techniques,8881.05,4808.93,1,,,,
E200,E200-0272,Luminaire B,B,1,IMPLANTATIONS ET RENVOIS — REVUE INDÉPENDANTE ATTENDUE,MODELE NON PRECISE,,Sous-sol locaux techniques,8852.93,4988.91,1,,,,
E200,E200-0273,Luminaire B,B,1,IMPLANTATIONS ET RENVOIS — REVUE INDÉPENDANTE ATTENDUE,MODELE NON PRECISE,,Sous-sol locaux techniques,8852.93,5135.15,1,,,,
E200,E200-0274,Luminaire B,B,1,IMPLANTATIONS ET RENVOIS — REVUE INDÉPENDANTE ATTENDUE,MODELE NON PRECISE,,Sous-sol locaux techniques,8852.93,5287.01,1,,,,
E200,E200-0275,Luminaire B,B,1,IMPLANTATIONS ET RENVOIS — REVUE INDÉPENDANTE ATTENDUE,MODELE NON PRECISE,,Sous-sol locaux techniques,8852.93,5444.5,1,,,,
E200,E200-0276,Luminaire B,B,1,IMPLANTATIONS ET RENVOIS — REVUE INDÉPENDANTE ATTENDUE,MODELE NON PRECISE,,Sous-sol locaux techniques,8852.93,5573.86,1,,,,
E200,E200-0277,Luminaire B,B,1,IMPLANTATIONS ET RENVOIS — REVUE INDÉPENDANTE ATTENDUE,MODELE NON PRECISE,,Sous-sol locaux techniques,8852.93,5742.59,1,,,,
E200,E200-0278,Luminaire B,B,1,IMPLANTATIONS ET RENVOIS — REVUE INDÉPENDANTE ATTENDUE,MODELE NON PRECISE,,Sous-sol locaux techniques,8875.43,5860.71,1,,,,
E200,E200-0279,Luminaire B,B,1,IMPLANTATIONS ET RENVOIS — REVUE INDÉPENDANTE ATTENDUE,MODELE NON PRECISE,,Sous-sol locaux techniques,8869.8,6001.32,1,,,,
E200,E200-0280,Luminaire C,C,1,IMPLANTATIONS ET RENVOIS — REVUE INDÉPENDANTE ATTENDUE,MODELE NON PRECISE,Réglages puissance/température à déterminer E108.,Sous-sol,1507.36,5275.76,1,,,,
E200,E200-0281,Luminaire C,C,1,IMPLANTATIONS ET RENVOIS — REVUE INDÉPENDANTE ATTENDUE,MODELE NON PRECISE,Réglages puissance/température à déterminer E108.,Sous-sol,8498.59,5247.64,1,,,,
E200,E200-0282,Luminaire H,H,1,IMPLANTATIONS ET RENVOIS — REVUE INDÉPENDANTE ATTENDUE,MODELE NON PRECISE,,RDC espaces communs,4799.37,1081.59,1,,,,
E200,E200-0283,Luminaire H,H,1,IMPLANTATIONS ET RENVOIS — REVUE INDÉPENDANTE ATTENDUE,MODELE NON PRECISE,,RDC espaces communs,4799.37,1241.88,1,,,,
E200,E200-0284,Luminaire H,H,1,IMPLANTATIONS ET RENVOIS — REVUE INDÉPENDANTE ATTENDUE,MODELE NON PRECISE,,RDC espaces communs,4799.37,1397.68,1,,,,
E200,E200-0285,Luminaire H,H,1,IMPLANTATIONS ET RENVOIS — REVUE INDÉPENDANTE ATTENDUE,MODELE NON PRECISE,,RDC espaces communs,4901.73,1096.77,1,,,,
E200,E200-0286,Luminaire H,H,1,IMPLANTATIONS ET RENVOIS — REVUE INDÉPENDANTE ATTENDUE,MODELE NON PRECISE,,RDC espaces communs,5018.16,1096.77,1,,,,
E200,E200-0287,Luminaire H,H,1,IMPLANTATIONS ET RENVOIS — REVUE INDÉPENDANTE ATTENDUE,MODELE NON PRECISE,,RDC espaces communs,4901.73,1254.26,1,,,,
E200,E200-0288,Luminaire H,H,1,IMPLANTATIONS ET RENVOIS — REVUE INDÉPENDANTE ATTENDUE,MODELE NON PRECISE,,RDC espaces communs,5018.16,1254.26,1,,,,
E200,E200-0289,Luminaire H,H,1,IMPLANTATIONS ET RENVOIS — REVUE INDÉPENDANTE ATTENDUE,MODELE NON PRECISE,,RDC espaces communs,4901.73,1411.74,1,,,,
E200,E200-0290,Luminaire H,H,1,IMPLANTATIONS ET RENVOIS — REVUE INDÉPENDANTE ATTENDUE,MODELE NON PRECISE,,RDC espaces communs,5018.16,1411.74,1,,,,
E200,E200-0291,Luminaire H,H,1,IMPLANTATIONS ET RENVOIS — REVUE INDÉPENDANTE ATTENDUE,MODELE NON PRECISE,,RDC espaces communs,4676.75,1482.05,1,,,,
E200,E200-0292,Luminaire H,H,1,IMPLANTATIONS ET RENVOIS — REVUE INDÉPENDANTE ATTENDUE,MODELE NON PRECISE,,RDC espaces communs,4833.11,1529.86,1,,,,
E200,E200-0293,Luminaire H,H,1,IMPLANTATIONS ET RENVOIS — REVUE INDÉPENDANTE ATTENDUE,MODELE NON PRECISE,,RDC espaces communs,5008.6,1529.86,1,,,,
E200,E200-0294,Luminaire H,H,1,IMPLANTATIONS ET RENVOIS — REVUE INDÉPENDANTE ATTENDUE,MODELE NON PRECISE,,RDC espaces communs,5182.96,1529.86,1,,,,
E200,E200-0295,Luminaire H,H,1,IMPLANTATIONS ET RENVOIS — REVUE INDÉPENDANTE ATTENDUE,MODELE NON PRECISE,,RDC espaces communs,4658.76,1647.97,1,,,,
E200,E200-0296,Luminaire H,H,1,IMPLANTATIONS ET RENVOIS — REVUE INDÉPENDANTE ATTENDUE,MODELE NON PRECISE,,RDC espaces communs,4833.11,1647.97,1,,,,
E200,E200-0297,Luminaire H,H,1,IMPLANTATIONS ET RENVOIS — REVUE INDÉPENDANTE ATTENDUE,MODELE NON PRECISE,,RDC espaces communs,5008.6,1647.97,1,,,,
E200,E200-0298,Luminaire H,H,1,IMPLANTATIONS ET RENVOIS — REVUE INDÉPENDANTE ATTENDUE,MODELE NON PRECISE,,RDC espaces communs,5182.96,1647.97,1,,,,
E200,E200-0299,Luminaire H,H,1,IMPLANTATIONS ET RENVOIS — REVUE INDÉPENDANTE ATTENDUE,MODELE NON PRECISE,,RDC espaces communs,4658.76,1802.65,1,,,,
E200,E200-0300,Luminaire H,H,1,IMPLANTATIONS ET RENVOIS — REVUE INDÉPENDANTE ATTENDUE,MODELE NON PRECISE,,RDC espaces communs,4833.11,1802.65,1,,,,
E200,E200-0301,Luminaire H,H,1,IMPLANTATIONS ET RENVOIS — REVUE INDÉPENDANTE ATTENDUE,MODELE NON PRECISE,,RDC espaces communs,5008.6,1802.65,1,,,,
E200,E200-0302,Luminaire H,H,1,IMPLANTATIONS ET RENVOIS — REVUE INDÉPENDANTE ATTENDUE,MODELE NON PRECISE,,RDC espaces communs,5182.96,1802.65,1,,,,
E200,E200-0303,Luminaire H,H,1,IMPLANTATIONS ET RENVOIS — REVUE INDÉPENDANTE ATTENDUE,MODELE NON PRECISE,,RDC espaces communs,4676.75,1948.88,1,,,,
E200,E200-0304,Luminaire H,H,1,IMPLANTATIONS ET RENVOIS — REVUE INDÉPENDANTE ATTENDUE,MODELE NON PRECISE,,RDC espaces communs,4676.75,2047.87,1,,,,
E200,E200-0305,Luminaire H,H,1,IMPLANTATIONS ET RENVOIS — REVUE INDÉPENDANTE ATTENDUE,MODELE NON PRECISE,,RDC espaces communs,4676.75,2144.61,1,,,,
E200,E200-0306,Luminaire H,H,1,IMPLANTATIONS ET RENVOIS — REVUE INDÉPENDANTE ATTENDUE,MODELE NON PRECISE,,RDC espaces communs,4833.11,1948.88,1,,,,
E200,E200-0307,Luminaire H,H,1,IMPLANTATIONS ET RENVOIS — REVUE INDÉPENDANTE ATTENDUE,MODELE NON PRECISE,,RDC espaces communs,5008.6,1948.88,1,,,,
E200,E200-0308,Luminaire H,H,1,IMPLANTATIONS ET RENVOIS — REVUE INDÉPENDANTE ATTENDUE,MODELE NON PRECISE,,RDC espaces communs,5182.96,1948.88,1,,,,
E200,E200-0309,Luminaire H,H,1,IMPLANTATIONS ET RENVOIS — REVUE INDÉPENDANTE ATTENDUE,MODELE NON PRECISE,,RDC espaces communs,4833.11,2047.87,1,,,,
E200,E200-0310,Luminaire H,H,1,IMPLANTATIONS ET RENVOIS — REVUE INDÉPENDANTE ATTENDUE,MODELE NON PRECISE,,RDC espaces communs,5008.6,2047.87,1,,,,
E200,E200-0311,Luminaire H,H,1,IMPLANTATIONS ET RENVOIS — REVUE INDÉPENDANTE ATTENDUE,MODELE NON PRECISE,,RDC espaces communs,5182.96,2047.87,1,,,,
E200,E200-0312,Luminaire H,H,1,IMPLANTATIONS ET RENVOIS — REVUE INDÉPENDANTE ATTENDUE,MODELE NON PRECISE,,RDC espaces communs,4833.11,2144.61,1,,,,
E200,E200-0313,Luminaire H,H,1,IMPLANTATIONS ET RENVOIS — REVUE INDÉPENDANTE ATTENDUE,MODELE NON PRECISE,,RDC espaces communs,5008.6,2144.61,1,,,,
E200,E200-0314,Luminaire H,H,1,IMPLANTATIONS ET RENVOIS — REVUE INDÉPENDANTE ATTENDUE,MODELE NON PRECISE,,RDC espaces communs,5182.96,2144.61,1,,,,
E200,E200-0315,Luminaire E,E,1,IMPLANTATIONS ET RENVOIS — REVUE INDÉPENDANTE ATTENDUE,MODELE NON PRECISE,,Cages escaliers et vestibules,1636.72,1074.28,1,,,,
E200,E200-0316,Luminaire E,E,1,IMPLANTATIONS ET RENVOIS — REVUE INDÉPENDANTE ATTENDUE,MODELE NON PRECISE,,Cages escaliers et vestibules,1642.35,1389.25,1,,,,
E200,E200-0317,Luminaire E,E,1,IMPLANTATIONS ET RENVOIS — REVUE INDÉPENDANTE ATTENDUE,MODELE NON PRECISE,,Cages escaliers et vestibules,5163.27,1074.28,1,,,,
E200,E200-0318,Luminaire E,E,1,IMPLANTATIONS ET RENVOIS — REVUE INDÉPENDANTE ATTENDUE,MODELE NON PRECISE,,Cages escaliers et vestibules,5163.27,1355.5,1,,,,
E200,E200-0319,Luminaire E,E,1,IMPLANTATIONS ET RENVOIS — REVUE INDÉPENDANTE ATTENDUE,MODELE NON PRECISE,,Cages escaliers et vestibules,8222.99,1079.9,1,,,,
E200,E200-0320,Luminaire E,E,1,IMPLANTATIONS ET RENVOIS — REVUE INDÉPENDANTE ATTENDUE,MODELE NON PRECISE,,Cages escaliers et vestibules,8234.24,1389.25,1,,,,
E200,E200-0321,Luminaire E,E,1,IMPLANTATIONS ET RENVOIS — REVUE INDÉPENDANTE ATTENDUE,MODELE NON PRECISE,,Cages escaliers et vestibules,1372.37,5028.28,1,,,,
E200,E200-0322,Luminaire E,E,1,IMPLANTATIONS ET RENVOIS — REVUE INDÉPENDANTE ATTENDUE,MODELE NON PRECISE,,Cages escaliers et vestibules,1473.61,5028.28,1,,,,
E200,E200-0323,Luminaire E,E,1,IMPLANTATIONS ET RENVOIS — REVUE INDÉPENDANTE ATTENDUE,MODELE NON PRECISE,,Cages escaliers et vestibules,1569.23,4943.92,1,,,,
E200,E200-0324,Luminaire E,E,1,IMPLANTATIONS ET RENVOIS — REVUE INDÉPENDANTE ATTENDUE,MODELE NON PRECISE,,Cages escaliers et vestibules,1529.86,5140.77,1,,,,
E200,E200-0325,Luminaire E,E,1,IMPLANTATIONS ET RENVOIS — REVUE INDÉPENDANTE ATTENDUE,MODELE NON PRECISE,,Cages escaliers et vestibules,1372.37,5225.14,1,,,,
E200,E200-0326,Luminaire E,E,1,IMPLANTATIONS ET RENVOIS — REVUE INDÉPENDANTE ATTENDUE,MODELE NON PRECISE,,Cages escaliers et vestibules,4792.06,4831.43,1,,,,
E200,E200-0327,Luminaire E,E,1,IMPLANTATIONS ET RENVOIS — REVUE INDÉPENDANTE ATTENDUE,MODELE NON PRECISE,,Cages escaliers et vestibules,4792.06,4983.29,1,,,,
E200,E200-0328,Luminaire E,E,1,IMPLANTATIONS ET RENVOIS — REVUE INDÉPENDANTE ATTENDUE,MODELE NON PRECISE,,Cages escaliers et vestibules,4792.06,5123.9,1,,,,
E200,E200-0329,Luminaire E,E,1,IMPLANTATIONS ET RENVOIS — REVUE INDÉPENDANTE ATTENDUE,MODELE NON PRECISE,,Cages escaliers et vestibules,8256.74,4966.42,1,,,,
E200,E200-0330,Luminaire E,E,1,IMPLANTATIONS ET RENVOIS — REVUE INDÉPENDANTE ATTENDUE,MODELE NON PRECISE,,Cages escaliers et vestibules,8352.35,5033.91,1,,,,
E200,E200-0331,Luminaire E,E,1,IMPLANTATIONS ET RENVOIS — REVUE INDÉPENDANTE ATTENDUE,MODELE NON PRECISE,,Cages escaliers et vestibules,8307.36,5152.02,1,,,,
E200,E200-0332,Luminaire E,E,1,IMPLANTATIONS ET RENVOIS — REVUE INDÉPENDANTE ATTENDUE,MODELE NON PRECISE,,Cages escaliers et vestibules,8476.09,4988.91,1,,,,
E200,E200-0333,Luminaire E,E,1,IMPLANTATIONS ET RENVOIS — REVUE INDÉPENDANTE ATTENDUE,MODELE NON PRECISE,,Cages escaliers et vestibules,8476.09,5123.9,1,,,,
E200,E200-0334,Luminaire K,K,1,IMPLANTATIONS ET RENVOIS — REVUE INDÉPENDANTE ATTENDUE,MODELE NON PRECISE,,RDC accès,1560.79,1009.59,1,,,,
E200,E200-0335,Luminaire K,K,1,IMPLANTATIONS ET RENVOIS — REVUE INDÉPENDANTE ATTENDUE,MODELE NON PRECISE,,RDC accès,1704.22,1009.59,1,,,,
E200,E200-0336,Luminaire K,K,1,IMPLANTATIONS ET RENVOIS — REVUE INDÉPENDANTE ATTENDUE,MODELE NON PRECISE,,RDC accès,4852.24,984.28,1,,,,
E200,E200-0337,Luminaire K,K,1,IMPLANTATIONS ET RENVOIS — REVUE INDÉPENDANTE ATTENDUE,MODELE NON PRECISE,,RDC accès,5015.91,984.28,1,,,,
E200,E200-0338,Luminaire K,K,1,IMPLANTATIONS ET RENVOIS — REVUE INDÉPENDANTE ATTENDUE,MODELE NON PRECISE,,RDC accès,4620.51,2235.73,1,,,,
E200,E200-0339,Luminaire K,K,1,IMPLANTATIONS ET RENVOIS — REVUE INDÉPENDANTE ATTENDUE,MODELE NON PRECISE,,RDC accès,4769.56,2235.73,1,,,,
E200,E200-0340,Luminaire K,K,1,IMPLANTATIONS ET RENVOIS — REVUE INDÉPENDANTE ATTENDUE,MODELE NON PRECISE,,RDC accès,8161.12,1009.59,1,,,,
E200,E200-0341,Luminaire K,K,1,IMPLANTATIONS ET RENVOIS — REVUE INDÉPENDANTE ATTENDUE,MODELE NON PRECISE,,RDC accès,8301.73,1009.59,1,,,,
E200,E200-0342,Luminaire W,W,1,IMPLANTATIONS ET RENVOIS — REVUE INDÉPENDANTE ATTENDUE,MODELE NON PRECISE,,Sous-sol accès rampe,4769.56,4676.75,1,,,,
E200,E200-0343,Luminaire W,W,1,IMPLANTATIONS ET RENVOIS — REVUE INDÉPENDANTE ATTENDUE,MODELE NON PRECISE,,Sous-sol accès rampe,4867.99,4634.57,1,,,,
E200,E200-0344,Luminaire W,W,1,IMPLANTATIONS ET RENVOIS — REVUE INDÉPENDANTE ATTENDUE,MODELE NON PRECISE,,Sous-sol accès rampe,5225.14,4634.57,1,,,,
E200,E200-0345,Luminaire Q,Q,1,IMPLANTATIONS ET RENVOIS — REVUE INDÉPENDANTE ATTENDUE,MODELE NON PRECISE,,Sous-sol cage ascenseur,4628.95,4797.68,1,,,,
E200,E200-0346,Luminaire Q,Q,1,IMPLANTATIONS ET RENVOIS — REVUE INDÉPENDANTE ATTENDUE,MODELE NON PRECISE,,Sous-sol cage ascenseur,4628.95,4949.54,1,,,,
E200,E200-0347,Luminaire Q,Q,1,IMPLANTATIONS ET RENVOIS — REVUE INDÉPENDANTE ATTENDUE,MODELE NON PRECISE,,Sous-sol cage ascenseur,4626.13,5083.97,1,,,,
E200,E200-0348,Indicateur de sortie,Sortie,1,IMPLANTATIONS ET RENVOIS — REVUE INDÉPENDANTE ATTENDUE,MODELE NON PRECISE,,E200 accès,1304.88,4988.91,1,,,,
E200,E200-0349,Indicateur de sortie,Sortie,1,IMPLANTATIONS ET RENVOIS — REVUE INDÉPENDANTE ATTENDUE,MODELE NON PRECISE,,E200 accès,1417.37,5011.41,1,,,,
E200,E200-0350,Indicateur de sortie,Sortie,1,IMPLANTATIONS ET RENVOIS — REVUE INDÉPENDANTE ATTENDUE,MODELE NON PRECISE,,E200 accès,1445.49,5281.39,1,,,,
E200,E200-0351,Indicateur de sortie,Sortie,1,IMPLANTATIONS ET RENVOIS — REVUE INDÉPENDANTE ATTENDUE,MODELE NON PRECISE,,E200 accès,1445.49,5450.12,1,,,,
E200,E200-0352,Indicateur de sortie,Sortie,1,IMPLANTATIONS ET RENVOIS — REVUE INDÉPENDANTE ATTENDUE,MODELE NON PRECISE,,E200 accès,1372.37,5916.95,1,,,,
E200,E200-0353,Indicateur de sortie,Sortie,1,IMPLANTATIONS ET RENVOIS — REVUE INDÉPENDANTE ATTENDUE,MODELE NON PRECISE,,E200 accès,4690.82,5197.02,1,,,,
E200,E200-0354,Indicateur de sortie,Sortie,1,IMPLANTATIONS ET RENVOIS — REVUE INDÉPENDANTE ATTENDUE,MODELE NON PRECISE,,E200 accès,4724.56,5455.74,1,,,,
E200,E200-0355,Indicateur de sortie,Sortie,1,IMPLANTATIONS ET RENVOIS — REVUE INDÉPENDANTE ATTENDUE,MODELE NON PRECISE,,E200 accès,8521.09,5191.39,1,,,,
E200,E200-0356,Indicateur de sortie,Sortie,1,IMPLANTATIONS ET RENVOIS — REVUE INDÉPENDANTE ATTENDUE,MODELE NON PRECISE,,E200 accès,8470.47,5455.74,1,,,,
E200,E200-0357,Indicateur de sortie,Sortie,1,IMPLANTATIONS ET RENVOIS — REVUE INDÉPENDANTE ATTENDUE,MODELE NON PRECISE,,E200 accès,4966.42,1493.3,1,,,,
E200,E200-0358,Indicateur de sortie,Sortie,1,IMPLANTATIONS ET RENVOIS — REVUE INDÉPENDANTE ATTENDUE,MODELE NON PRECISE,,E200 accès,4696.44,1844.83,1,,,,
E200,E200-0359,Détecteur de fumée,Photoélectrique adressable,1,IMPLANTATIONS ET RENVOIS — REVUE INDÉPENDANTE ATTENDUE,MODELE NON PRECISE,,E200,4797.68,1195.2,1,,,,
E200,E200-0360,Détecteur de fumée,Photoélectrique adressable,1,IMPLANTATIONS ET RENVOIS — REVUE INDÉPENDANTE ATTENDUE,MODELE NON PRECISE,,E200,4957.98,1234.57,1,,,,
E200,E200-0361,Détecteur de fumée,Photoélectrique adressable,1,IMPLANTATIONS ET RENVOIS — REVUE INDÉPENDANTE ATTENDUE,MODELE NON PRECISE,,E200,5140.77,1327.38,1,,,,
E200,E200-0362,Détecteur de fumée,Photoélectrique adressable,1,IMPLANTATIONS ET RENVOIS — REVUE INDÉPENDANTE ATTENDUE,MODELE NON PRECISE,,E200,4775.18,1653.6,1,,,,
E200,E200-0363,Détecteur de fumée,Photoélectrique adressable,1,IMPLANTATIONS ET RENVOIS — REVUE INDÉPENDANTE ATTENDUE,MODELE NON PRECISE,,E200,5129.52,1659.22,1,,,,
E200,E200-0364,Détecteur de fumée,Photoélectrique adressable,1,IMPLANTATIONS ET RENVOIS — REVUE INDÉPENDANTE ATTENDUE,MODELE NON PRECISE,,E200,4682.38,2086.68,1,,,,
E200,E200-0365,Détecteur de fumée,Photoélectrique adressable,1,IMPLANTATIONS ET RENVOIS — REVUE INDÉPENDANTE ATTENDUE,MODELE NON PRECISE,,E200,4862.36,2069.81,1,,,,
E200,E200-0366,Détecteur de fumée,Photoélectrique adressable,1,IMPLANTATIONS ET RENVOIS — REVUE INDÉPENDANTE ATTENDUE,MODELE NON PRECISE,,E200,5129.52,1974.19,1,,,,
E200,E200-0367,Détecteur de fumée,Photoélectrique adressable,1,IMPLANTATIONS ET RENVOIS — REVUE INDÉPENDANTE ATTENDUE,MODELE NON PRECISE,,E200,1372.37,5084.53,1,,,,
E200,E200-0368,Détecteur de fumée,Photoélectrique adressable,1,IMPLANTATIONS ET RENVOIS — REVUE INDÉPENDANTE ATTENDUE,MODELE NON PRECISE,,E200,1473.61,5146.4,1,,,,
E200,E200-0369,Détecteur de fumée,Photoélectrique adressable,1,IMPLANTATIONS ET RENVOIS — REVUE INDÉPENDANTE ATTENDUE,MODELE NON PRECISE,,E200,4223.98,4955.17,1,,,,
E200,E200-0370,Détecteur de fumée,Photoélectrique adressable,1,IMPLANTATIONS ET RENVOIS — REVUE INDÉPENDANTE ATTENDUE,MODELE NON PRECISE,,E200,8461.47,5023.22,1,,,,
E200,E200-0371,Détecteur de fumée,Photoélectrique adressable,1,IMPLANTATIONS ET RENVOIS — REVUE INDÉPENDANTE ATTENDUE,MODELE NON PRECISE,,E200,8330.42,5129.52,1,,,,
E200,E200-0372,Détecteur de fumée,Photoélectrique adressable,1,IMPLANTATIONS ET RENVOIS — REVUE INDÉPENDANTE ATTENDUE,MODELE NON PRECISE,,E200,8522.21,4857.86,1,,,,
E200,E200-0373,Détecteur de fumée,Photoélectrique adressable,1,IMPLANTATIONS ET RENVOIS — REVUE INDÉPENDANTE ATTENDUE,MODELE NON PRECISE,,E200,8888.36,4966.98,1,,,,
E200,E200-0374,Détecteur de fumée,Photoélectrique adressable,1,IMPLANTATIONS ET RENVOIS — REVUE INDÉPENDANTE ATTENDUE,MODELE NON PRECISE,,E200,8857.43,5388.81,1,,,,
E200,E200-0375,Détecteur de fumée,Photoélectrique adressable,1,IMPLANTATIONS ET RENVOIS — REVUE INDÉPENDANTE ATTENDUE,MODELE NON PRECISE,,E200,8854.62,5799.4,1,,,,
E200,E200-0376,Détection en gaine,DNR dessiné,1,IMPLANTATIONS ET RENVOIS — REVUE INDÉPENDANTE ATTENDUE,MODELE NON PRECISE,Raccordement et module séparés; pas de quantité déduite des notes.,RDC,4623.32,1265.51,1,,,,
E200,E200-0377,Détection en gaine,DNR dessiné,1,IMPLANTATIONS ET RENVOIS — REVUE INDÉPENDANTE ATTENDUE,MODELE NON PRECISE,Raccordement et module séparés; pas de quantité déduite des notes.,RDC,4645.82,1333.0,1,,,,
E200,E200-0378,Détecteur présence OS3,OS3,1,IMPLANTATIONS ET RENVOIS — REVUE INDÉPENDANTE ATTENDUE,MODELE NON PRECISE,,E200,4797.68,1299.25,1,,,,
E200,E200-0379,Détecteur présence OS3,OS3,1,IMPLANTATIONS ET RENVOIS — REVUE INDÉPENDANTE ATTENDUE,MODELE NON PRECISE,,E200,4960.79,1198.01,1,,,,
E200,E200-0380,Détecteur présence OS3,OS3,1,IMPLANTATIONS ET RENVOIS — REVUE INDÉPENDANTE ATTENDUE,MODELE NON PRECISE,,E200,4927.04,1678.91,1,,,,
E200,E200-0381,Détecteur présence OS3,OS3,1,IMPLANTATIONS ET RENVOIS — REVUE INDÉPENDANTE ATTENDUE,MODELE NON PRECISE,,E200,4671.13,5916.95,1,,,,
E200,E200-0382,Contrôleur DP2,DP2,1,IMPLANTATIONS ET RENVOIS — REVUE INDÉPENDANTE ATTENDUE,MODELE NON PRECISE,,RDC,4887.67,1670.47,1,,,,
E200,E200-0383,Gradateur SW1,SW1,1,IMPLANTATIONS ET RENVOIS — REVUE INDÉPENDANTE ATTENDUE,MODELE NON PRECISE,,E200,4868.55,1041.65,1,,,,
E200,E200-0384,Gradateur SW1,SW1,1,IMPLANTATIONS ET RENVOIS — REVUE INDÉPENDANTE ATTENDUE,MODELE NON PRECISE,,E200,4623.32,1811.08,1,,,,
E200,E200-0385,Gradateur SW1,SW1,1,IMPLANTATIONS ET RENVOIS — REVUE INDÉPENDANTE ATTENDUE,MODELE NON PRECISE,,E200,5086.78,1897.14,1,,,,
E200,E200-0386,Gradateur SW1,SW1,1,IMPLANTATIONS ET RENVOIS — REVUE INDÉPENDANTE ATTENDUE,MODELE NON PRECISE,,E200,4747.06,2182.3,1,,,,
E200,E200-0387,Gradateur SW1,SW1,1,IMPLANTATIONS ET RENVOIS — REVUE INDÉPENDANTE ATTENDUE,MODELE NON PRECISE,,E200,4766.18,4789.24,1,,,,
E200,E200-0388,Gradateur SW1,SW1,1,IMPLANTATIONS ET RENVOIS — REVUE INDÉPENDANTE ATTENDUE,MODELE NON PRECISE,,E200,8386.66,5039.53,1,,,,
E200,E200-0389,Interrupteur,Symbole interrupteur,1,IMPLANTATIONS ET RENVOIS — REVUE INDÉPENDANTE ATTENDUE,MODELE NON PRECISE,Nombre de mécanismes à confirmer lorsque les symboles se superposent.,E200,4644.13,1483.74,1,,,,
E200,E200-0390,Interrupteur,Symbole interrupteur,1,IMPLANTATIONS ET RENVOIS — REVUE INDÉPENDANTE ATTENDUE,MODELE NON PRECISE,Nombre de mécanismes à confirmer lorsque les symboles se superposent.,E200,4754.37,4782.49,1,,,,
E200,E200-0391,Interrupteur,Symbole interrupteur,1,IMPLANTATIONS ET RENVOIS — REVUE INDÉPENDANTE ATTENDUE,MODELE NON PRECISE,Nombre de mécanismes à confirmer lorsque les symboles se superposent.,E200,8457.53,5141.9,1,,,,
E200,E200-0392,Interrupteur,Symbole interrupteur,1,IMPLANTATIONS ET RENVOIS — REVUE INDÉPENDANTE ATTENDUE,MODELE NON PRECISE,Nombre de mécanismes à confirmer lorsque les symboles se superposent.,E200,8684.2,5141.9,1,,,,
E200,E200-0393,Interrupteur,Symbole interrupteur,1,IMPLANTATIONS ET RENVOIS — REVUE INDÉPENDANTE ATTENDUE,MODELE NON PRECISE,Nombre de mécanismes à confirmer lorsque les symboles se superposent.,E200,8870.93,5605.36,1,,,,
E200,E200-0394,Interrupteur,Symbole interrupteur,1,IMPLANTATIONS ET RENVOIS — REVUE INDÉPENDANTE ATTENDUE,MODELE NON PRECISE,Nombre de mécanismes à confirmer lorsque les symboles se superposent.,E200,8872.62,5642.48,1,,,,
E200,E200-0395,Interrupteur,Symbole interrupteur,1,IMPLANTATIONS ET RENVOIS — REVUE INDÉPENDANTE ATTENDUE,MODELE NON PRECISE,Nombre de mécanismes à confirmer lorsque les symboles se superposent.,E200,4640.2,5641.35,1,,,,
E200,E200-0396,Interrupteur,Symbole interrupteur,1,IMPLANTATIONS ET RENVOIS — REVUE INDÉPENDANTE ATTENDUE,MODELE NON PRECISE,Nombre de mécanismes à confirmer lorsque les symboles se superposent.,E200,5001.85,6015.38,1,,,,
E200,E200-0397,Interrupteur,Symbole interrupteur,1,IMPLANTATIONS ET RENVOIS — REVUE INDÉPENDANTE ATTENDUE,MODELE NON PRECISE,Nombre de mécanismes à confirmer lorsque les symboles se superposent.,E200,5070.47,5998.51,1,,,,
E200,E200-0398,Minuterie MI,MI,1,IMPLANTATIONS ET RENVOIS — REVUE INDÉPENDANTE ATTENDUE,MODELE NON PRECISE,,Sous-sol,1378.0,5860.71,1,,,,
E200,E200-0399,Minuterie MI,MI,1,IMPLANTATIONS ET RENVOIS — REVUE INDÉPENDANTE ATTENDUE,MODELE NON PRECISE,,Sous-sol,4556.95,5220.64,1,,,,
E200,E200-0400,Minuterie MI,MI,1,IMPLANTATIONS ET RENVOIS — REVUE INDÉPENDANTE ATTENDUE,MODELE NON PRECISE,,Sous-sol,4735.81,5630.1,1,,,,
E200,E200-0401,Minuterie MI,MI,1,IMPLANTATIONS ET RENVOIS — REVUE INDÉPENDANTE ATTENDUE,MODELE NON PRECISE,,Sous-sol,4903.42,6020.44,1,,,,
E200,E200-0402,Minuterie MI,MI,1,IMPLANTATIONS ET RENVOIS — REVUE INDÉPENDANTE ATTENDUE,MODELE NON PRECISE,,Sous-sol,5078.9,6012.57,1,,,,
E200,E200-0403,Minuterie MI,MI,1,IMPLANTATIONS ET RENVOIS — REVUE INDÉPENDANTE ATTENDUE,MODELE NON PRECISE,,Sous-sol,8555.96,4915.79,1,,,,
E200,E200-0404,Thermostat,T,1,IMPLANTATIONS ET RENVOIS — REVUE INDÉPENDANTE ATTENDUE,MODELE NON PRECISE,,E200,894.29,5137.96,1,,,,
E200,E200-0405,Thermostat,T,1,IMPLANTATIONS ET RENVOIS — REVUE INDÉPENDANTE ATTENDUE,MODELE NON PRECISE,,E200,1338.63,5860.71,1,,,,
E200,E200-0406,Thermostat,T,1,IMPLANTATIONS ET RENVOIS — REVUE INDÉPENDANTE ATTENDUE,MODELE NON PRECISE,,E200,1975.32,5230.2,1,,,,
E200,E200-0407,Thermostat,T,1,IMPLANTATIONS ET RENVOIS — REVUE INDÉPENDANTE ATTENDUE,MODELE NON PRECISE,,E200,4870.8,5101.4,1,,,,
E200,E200-0408,Thermostat,T,1,IMPLANTATIONS ET RENVOIS — REVUE INDÉPENDANTE ATTENDUE,MODELE NON PRECISE,,E200,8428.28,5257.2,1,,,,
E200,E200-0409,Thermostat,T,1,IMPLANTATIONS ET RENVOIS — REVUE INDÉPENDANTE ATTENDUE,MODELE NON PRECISE,,E200,4794.31,1915.7,1,,,,
E200,E200-0410,Thermostat,T,1,IMPLANTATIONS ET RENVOIS — REVUE INDÉPENDANTE ATTENDUE,MODELE NON PRECISE,,E200,4748.75,1429.18,1,,,,
E200,E200-0411,Thermostat ligne,T carré,1,IMPLANTATIONS ET RENVOIS — REVUE INDÉPENDANTE ATTENDUE,MODELE NON PRECISE,,E200,4718.94,1518.61,1,,,,
E200,E200-0412,Thermostat ligne,T carré,1,IMPLANTATIONS ET RENVOIS — REVUE INDÉPENDANTE ATTENDUE,MODELE NON PRECISE,,E200,5053.59,1448.3,1,,,,
E200,E200-0413,Thermostat ligne,T carré,1,IMPLANTATIONS ET RENVOIS — REVUE INDÉPENDANTE ATTENDUE,MODELE NON PRECISE,,E200,4623.32,2006.81,1,,,,
E200,E200-0414,Thermostat ligne,T carré,1,IMPLANTATIONS ET RENVOIS — REVUE INDÉPENDANTE ATTENDUE,MODELE NON PRECISE,,E200,8566.08,4798.81,1,,,,
E200,E200-0415,Thermostat ligne,T carré,1,IMPLANTATIONS ET RENVOIS — REVUE INDÉPENDANTE ATTENDUE,MODELE NON PRECISE,,E200,8946.86,5775.22,1,,,,
E200,E200-0416,Thermostat ligne,T carré,1,IMPLANTATIONS ET RENVOIS — REVUE INDÉPENDANTE ATTENDUE,MODELE NON PRECISE,,E200,4572.7,4932.67,1,,,,
E200,E200-0417,Thermostat inverse,TA,1,IMPLANTATIONS ET RENVOIS — REVUE INDÉPENDANTE ATTENDUE,MODELE NON PRECISE,,Sous-sol,4285.85,5213.89,1,,,,
E200,E200-0418,Thermostat inverse,TA,1,IMPLANTATIONS ET RENVOIS — REVUE INDÉPENDANTE ATTENDUE,MODELE NON PRECISE,,Sous-sol,8819.18,5292.63,1,,,,
E200,E200-0419,Thermostat inverse,TA,1,IMPLANTATIONS ET RENVOIS — REVUE INDÉPENDANTE ATTENDUE,MODELE NON PRECISE,,Sous-sol,8891.74,5641.92,1,,,,
E200,E200-0420,Prise double,Prise — variante suivant symbole source,1,IMPLANTATIONS ET RENVOIS — REVUE INDÉPENDANTE ATTENDUE,MODELE NON PRECISE,Calibre et variante à confirmer lorsqu’aucune étiquette locale ne tranche.,E200,1557.98,1108.02,1,,,,
E200,E200-0421,Prise double,Prise — variante suivant symbole source,1,IMPLANTATIONS ET RENVOIS — REVUE INDÉPENDANTE ATTENDUE,MODELE NON PRECISE,Calibre et variante à confirmer lorsqu’aucune étiquette locale ne tranche.,E200,8161.12,1102.4,1,,,,
E200,E200-0422,Prise double,Prise — variante suivant symbole source,1,IMPLANTATIONS ET RENVOIS — REVUE INDÉPENDANTE ATTENDUE,MODELE NON PRECISE,Calibre et variante à confirmer lorsqu’aucune étiquette locale ne tranche.,E200,4842.68,1071.46,1,,,,
E200,E200-0423,Prise double,Prise — variante suivant symbole source,1,IMPLANTATIONS ET RENVOIS — REVUE INDÉPENDANTE ATTENDUE,MODELE NON PRECISE,Calibre et variante à confirmer lorsqu’aucune étiquette locale ne tranche.,E200,4876.42,1071.46,1,,,,
E200,E200-0424,Prise double,Prise — variante suivant symbole source,1,IMPLANTATIONS ET RENVOIS — REVUE INDÉPENDANTE ATTENDUE,MODELE NON PRECISE,Calibre et variante à confirmer lorsqu’aucune étiquette locale ne tranche.,E200,4842.68,1442.68,1,,,,
E200,E200-0425,Prise double,Prise — variante suivant symbole source,1,IMPLANTATIONS ET RENVOIS — REVUE INDÉPENDANTE ATTENDUE,MODELE NON PRECISE,Calibre et variante à confirmer lorsqu’aucune étiquette locale ne tranche.,E200,4892.17,1449.99,1,,,,
E200,E200-0426,Prise double,Prise — variante suivant symbole source,1,IMPLANTATIONS ET RENVOIS — REVUE INDÉPENDANTE ATTENDUE,MODELE NON PRECISE,Calibre et variante à confirmer lorsqu’aucune étiquette locale ne tranche.,E200,5098.59,1335.81,1,,,,
E200,E200-0427,Prise double,Prise — variante suivant symbole source,1,IMPLANTATIONS ET RENVOIS — REVUE INDÉPENDANTE ATTENDUE,MODELE NON PRECISE,Calibre et variante à confirmer lorsqu’aucune étiquette locale ne tranche.,E200,5236.39,1487.67,1,,,,
E200,E200-0428,Prise double,Prise — variante suivant symbole source,1,IMPLANTATIONS ET RENVOIS — REVUE INDÉPENDANTE ATTENDUE,MODELE NON PRECISE,Calibre et variante à confirmer lorsqu’aucune étiquette locale ne tranche.,E200,5236.39,1832.46,1,,,,
E200,E200-0429,Prise double,Prise — variante suivant symbole source,1,IMPLANTATIONS ET RENVOIS — REVUE INDÉPENDANTE ATTENDUE,MODELE NON PRECISE,Calibre et variante à confirmer lorsqu’aucune étiquette locale ne tranche.,E200,4628.95,1759.34,1,,,,
E200,E200-0430,Prise double,Prise — variante suivant symbole source,1,IMPLANTATIONS ET RENVOIS — REVUE INDÉPENDANTE ATTENDUE,MODELE NON PRECISE,Calibre et variante à confirmer lorsqu’aucune étiquette locale ne tranche.,E200,4747.06,1884.2,1,,,,
E200,E200-0431,Prise double,Prise — variante suivant symbole source,1,IMPLANTATIONS ET RENVOIS — REVUE INDÉPENDANTE ATTENDUE,MODELE NON PRECISE,Calibre et variante à confirmer lorsqu’aucune étiquette locale ne tranche.,E200,4792.06,1884.2,1,,,,
E200,E200-0432,Prise double,Prise — variante suivant symbole source,1,IMPLANTATIONS ET RENVOIS — REVUE INDÉPENDANTE ATTENDUE,MODELE NON PRECISE,Calibre et variante à confirmer lorsqu’aucune étiquette locale ne tranche.,E200,5242.01,1892.64,1,,,,
E200,E200-0433,Prise double,Prise — variante suivant symbole source,1,IMPLANTATIONS ET RENVOIS — REVUE INDÉPENDANTE ATTENDUE,MODELE NON PRECISE,Calibre et variante à confirmer lorsqu’aucune étiquette locale ne tranche.,E200,5242.01,2152.49,1,,,,
E200,E200-0434,Prise double,Prise — variante suivant symbole source,1,IMPLANTATIONS ET RENVOIS — REVUE INDÉPENDANTE ATTENDUE,MODELE NON PRECISE,Calibre et variante à confirmer lorsqu’aucune étiquette locale ne tranche.,E200,4620.51,2159.8,1,,,,
E200,E200-0435,Prise double,Prise — variante suivant symbole source,1,IMPLANTATIONS ET RENVOIS — REVUE INDÉPENDANTE ATTENDUE,MODELE NON PRECISE,Calibre et variante à confirmer lorsqu’aucune étiquette locale ne tranche.,E200,4780.81,2147.43,1,,,,
E200,E200-0436,Prise double,Prise — variante suivant symbole source,1,IMPLANTATIONS ET RENVOIS — REVUE INDÉPENDANTE ATTENDUE,MODELE NON PRECISE,Calibre et variante à confirmer lorsqu’aucune étiquette locale ne tranche.,E200,1181.14,4783.62,1,,,,
E200,E200-0437,Prise double,Prise — variante suivant symbole source,1,IMPLANTATIONS ET RENVOIS — REVUE INDÉPENDANTE ATTENDUE,MODELE NON PRECISE,Calibre et variante à confirmer lorsqu’aucune étiquette locale ne tranche.,E200,905.54,5168.9,1,,,,
E200,E200-0438,Prise double,Prise — variante suivant symbole source,1,IMPLANTATIONS ET RENVOIS — REVUE INDÉPENDANTE ATTENDUE,MODELE NON PRECISE,Calibre et variante à confirmer lorsqu’aucune étiquette locale ne tranche.,E200,905.54,5717.28,1,,,,
E200,E200-0439,Prise double,Prise — variante suivant symbole source,1,IMPLANTATIONS ET RENVOIS — REVUE INDÉPENDANTE ATTENDUE,MODELE NON PRECISE,Calibre et variante à confirmer lorsqu’aucune étiquette locale ne tranche.,E200,1394.87,5388.25,1,,,,
E200,E200-0440,Prise double,Prise — variante suivant symbole source,1,IMPLANTATIONS ET RENVOIS — REVUE INDÉPENDANTE ATTENDUE,MODELE NON PRECISE,Calibre et variante à confirmer lorsqu’aucune étiquette locale ne tranche.,E200,1394.87,5826.96,1,,,,
E200,E200-0441,Prise double,Prise — variante suivant symbole source,1,IMPLANTATIONS ET RENVOIS — REVUE INDÉPENDANTE ATTENDUE,MODELE NON PRECISE,Calibre et variante à confirmer lorsqu’aucune étiquette locale ne tranche.,E200,4409.59,4955.17,1,,,,
E200,E200-0442,Prise double,Prise — variante suivant symbole source,1,IMPLANTATIONS ET RENVOIS — REVUE INDÉPENDANTE ATTENDUE,MODELE NON PRECISE,Calibre et variante à confirmer lorsqu’aucune étiquette locale ne tranche.,E200,4651.44,4769.56,1,,,,
E200,E200-0443,Prise double,Prise — variante suivant symbole source,1,IMPLANTATIONS ET RENVOIS — REVUE INDÉPENDANTE ATTENDUE,MODELE NON PRECISE,Calibre et variante à confirmer lorsqu’aucune étiquette locale ne tranche.,E200,4840.43,5073.84,1,,,,
E200,E200-0444,Prise double,Prise — variante suivant symbole source,1,IMPLANTATIONS ET RENVOIS — REVUE INDÉPENDANTE ATTENDUE,MODELE NON PRECISE,Calibre et variante à confirmer lorsqu’aucune étiquette locale ne tranche.,E200,4610.95,5680.16,1,,,,
E200,E200-0445,Prise double,Prise — variante suivant symbole source,1,IMPLANTATIONS ET RENVOIS — REVUE INDÉPENDANTE ATTENDUE,MODELE NON PRECISE,Calibre et variante à confirmer lorsqu’aucune étiquette locale ne tranche.,E200,4612.07,5950.14,1,,,,
E200,E200-0446,Prise double,Prise — variante suivant symbole source,1,IMPLANTATIONS ET RENVOIS — REVUE INDÉPENDANTE ATTENDUE,MODELE NON PRECISE,Calibre et variante à confirmer lorsqu’aucune étiquette locale ne tranche.,E200,8401.85,5055.28,1,,,,
E200,E200-0447,Prise double,Prise — variante suivant symbole source,1,IMPLANTATIONS ET RENVOIS — REVUE INDÉPENDANTE ATTENDUE,MODELE NON PRECISE,Calibre et variante à confirmer lorsqu’aucune étiquette locale ne tranche.,E200,8501.96,5060.91,1,,,,
E200,E200-0448,Prise double,Prise — variante suivant symbole source,1,IMPLANTATIONS ET RENVOIS — REVUE INDÉPENDANTE ATTENDUE,MODELE NON PRECISE,Calibre et variante à confirmer lorsqu’aucune étiquette locale ne tranche.,E200,8815.81,4787.56,1,,,,
E200,E200-0449,Prise double,Prise — variante suivant symbole source,1,IMPLANTATIONS ET RENVOIS — REVUE INDÉPENDANTE ATTENDUE,MODELE NON PRECISE,Calibre et variante à confirmer lorsqu’aucune étiquette locale ne tranche.,E200,8839.99,4787.56,1,,,,
E200,E200-0450,Prise double,Prise — variante suivant symbole source,1,IMPLANTATIONS ET RENVOIS — REVUE INDÉPENDANTE ATTENDUE,MODELE NON PRECISE,Calibre et variante à confirmer lorsqu’aucune étiquette locale ne tranche.,E200,8537.96,4901.73,1,,,,
E200,E200-0451,Prise double,Prise — variante suivant symbole source,1,IMPLANTATIONS ET RENVOIS — REVUE INDÉPENDANTE ATTENDUE,MODELE NON PRECISE,Calibre et variante à confirmer lorsqu’aucune étiquette locale ne tranche.,E200,8705.57,5147.52,1,,,,
E200,E200-0452,Prise double,Prise — variante suivant symbole source,1,IMPLANTATIONS ET RENVOIS — REVUE INDÉPENDANTE ATTENDUE,MODELE NON PRECISE,Calibre et variante à confirmer lorsqu’aucune étiquette locale ne tranche.,E200,8942.92,5191.39,1,,,,
E200,E200-0453,Prise double,Prise — variante suivant symbole source,1,IMPLANTATIONS ET RENVOIS — REVUE INDÉPENDANTE ATTENDUE,MODELE NON PRECISE,Calibre et variante à confirmer lorsqu’aucune étiquette locale ne tranche.,E200,8762.94,5596.36,1,,,,
E200,E200-0454,Prise double,Prise — variante suivant symbole source,1,IMPLANTATIONS ET RENVOIS — REVUE INDÉPENDANTE ATTENDUE,MODELE NON PRECISE,Calibre et variante à confirmer lorsqu’aucune étiquette locale ne tranche.,E200,8762.94,5714.47,1,,,,
E200,E200-0455,Prise double,Prise — variante suivant symbole source,1,IMPLANTATIONS ET RENVOIS — REVUE INDÉPENDANTE ATTENDUE,MODELE NON PRECISE,Calibre et variante à confirmer lorsqu’aucune étiquette locale ne tranche.,E200,8953.05,6046.32,1,,,,
E200,E200-0456,Prise extérieure DDFT,Prise avec couvercle intempéries,1,IMPLANTATIONS ET RENVOIS — REVUE INDÉPENDANTE ATTENDUE,MODELE NON PRECISE,Calibre à valider au symbole et à la cédule; aucun disjoncteur déduit.,Sous-sol / extérieur,2007.94,5258.89,1,,,,
E200,E200-0457,Prise extérieure DDFT,Prise avec couvercle intempéries,1,IMPLANTATIONS ET RENVOIS — REVUE INDÉPENDANTE ATTENDUE,MODELE NON PRECISE,Calibre à valider au symbole et à la cédule; aucun disjoncteur déduit.,Sous-sol / extérieur,2680.63,5609.86,1,,,,
E200,E200-0458,Prise extérieure DDFT,Prise avec couvercle intempéries,1,IMPLANTATIONS ET RENVOIS — REVUE INDÉPENDANTE ATTENDUE,MODELE NON PRECISE,Calibre à valider au symbole et à la cédule; aucun disjoncteur déduit.,Sous-sol / extérieur,4044.0,5601.98,1,,,,
E200,E200-0459,Prise extérieure DDFT,Prise avec couvercle intempéries,1,IMPLANTATIONS ET RENVOIS — REVUE INDÉPENDANTE ATTENDUE,MODELE NON PRECISE,Calibre à valider au symbole et à la cédule; aucun disjoncteur déduit.,Sous-sol / extérieur,4825.8,5253.26,1,,,,
E200,E200-0460,Prise extérieure DDFT,Prise avec couvercle intempéries,1,IMPLANTATIONS ET RENVOIS — REVUE INDÉPENDANTE ATTENDUE,MODELE NON PRECISE,Calibre à valider au symbole et à la cédule; aucun disjoncteur déduit.,Sous-sol / extérieur,6158.8,5247.64,1,,,,
E200,E200-0461,Prise extérieure DDFT,Prise avec couvercle intempéries,1,IMPLANTATIONS ET RENVOIS — REVUE INDÉPENDANTE ATTENDUE,MODELE NON PRECISE,Calibre à valider au symbole et à la cédule; aucun disjoncteur déduit.,Sous-sol / extérieur,5474.31,5608.17,1,,,,
E200,E200-0462,Prise extérieure DDFT,Prise avec couvercle intempéries,1,IMPLANTATIONS ET RENVOIS — REVUE INDÉPENDANTE ATTENDUE,MODELE NON PRECISE,Calibre à valider au symbole et à la cédule; aucun disjoncteur déduit.,Sous-sol / extérieur,7179.09,5608.17,1,,,,
E200,E200-0463,Prise extérieure DDFT,Prise avec couvercle intempéries,1,IMPLANTATIONS ET RENVOIS — REVUE INDÉPENDANTE ATTENDUE,MODELE NON PRECISE,Calibre à valider au symbole et à la cédule; aucun disjoncteur déduit.,Sous-sol / extérieur,7860.77,5257.76,1,,,,
E200,E200-0464,Prise extérieure DDFT,Prise avec couvercle intempéries,1,IMPLANTATIONS ET RENVOIS — REVUE INDÉPENDANTE ATTENDUE,MODELE NON PRECISE,Calibre à valider au symbole et à la cédule; aucun disjoncteur déduit.,Sous-sol / extérieur,8549.21,5590.73,1,,,,
E200,E200-0465,Prise extérieure DDFT,Prise avec couvercle intempéries,1,IMPLANTATIONS ET RENVOIS — REVUE INDÉPENDANTE ATTENDUE,MODELE NON PRECISE,Calibre à valider au symbole et à la cédule; aucun disjoncteur déduit.,Sous-sol / extérieur,1659.22,5601.98,1,,,,
E200,E200-0466,Aéroconvecteur mural,Chauffage mural 2 kW,1,IMPLANTATIONS ET RENVOIS — REVUE INDÉPENDANTE ATTENDUE,MODELE NON PRECISE,,RDC cages escaliers,1704.22,1074.28,1,,,,
E200,E200-0467,Aéroconvecteur mural,Chauffage mural 2 kW,1,IMPLANTATIONS ET RENVOIS — REVUE INDÉPENDANTE ATTENDUE,MODELE NON PRECISE,,RDC cages escaliers,8307.36,1074.28,1,,,,
E200,E200-0468,Mini aéroconvecteur,Chauffage plafond 5 kW,1,IMPLANTATIONS ET RENVOIS — REVUE INDÉPENDANTE ATTENDUE,MODELE NON PRECISE,,RDC vestibules,4946.73,1074.28,1,,,,
E200,E200-0469,Mini aéroconvecteur,Chauffage plafond 5 kW,1,IMPLANTATIONS ET RENVOIS — REVUE INDÉPENDANTE ATTENDUE,MODELE NON PRECISE,,RDC vestibules,4679.57,2171.05,1,,,,
E200,E200-0470,Aéroconvecteur mural,Chauffage mural,1,IMPLANTATIONS ET RENVOIS — REVUE INDÉPENDANTE ATTENDUE,MODELE NON PRECISE,Puissance non indiquée près du symbole.,Sous-sol,4842.68,4811.74,1,,,,
E200,E200-0471,Plinthe commune,750 W,1,IMPLANTATIONS ET RENVOIS — REVUE INDÉPENDANTE ATTENDUE,MODELE NON PRECISE,,RDC,4763.93,1032.09,1,,,,
E200,E200-0472,Plinthe commune,750 W,1,IMPLANTATIONS ET RENVOIS — REVUE INDÉPENDANTE ATTENDUE,MODELE NON PRECISE,,RDC,4690.82,1422.99,1,,,,
E200,E200-0473,Plinthe commune,750 W,1,IMPLANTATIONS ET RENVOIS — REVUE INDÉPENDANTE ATTENDUE,MODELE NON PRECISE,,RDC,5168.9,1023.66,1,,,,
E200,E200-0474,Plinthe commune,1750 W,1,IMPLANTATIONS ET RENVOIS — REVUE INDÉPENDANTE ATTENDUE,MODELE NON PRECISE,,RDC,4893.3,2196.36,1,,,,
E200,E200-0475,Plinthe commune,1750 W,1,IMPLANTATIONS ET RENVOIS — REVUE INDÉPENDANTE ATTENDUE,MODELE NON PRECISE,,RDC,5011.41,2196.36,1,,,,
E200,E200-0476,Plinthe commune,1500 W,1,IMPLANTATIONS ET RENVOIS — REVUE INDÉPENDANTE ATTENDUE,MODELE NON PRECISE,,Sous-sol,4583.95,4873.61,1,,,,
E200,E200-0477,Plinthe commune,1500 W,1,IMPLANTATIONS ET RENVOIS — REVUE INDÉPENDANTE ATTENDUE,MODELE NON PRECISE,,Sous-sol,8599.83,4772.37,1,,,,
E200,E200-0478,Plinthe commune,1500 W,1,IMPLANTATIONS ET RENVOIS — REVUE INDÉPENDANTE ATTENDUE,MODELE NON PRECISE,,Sous-sol,8869.8,4763.93,1,,,,
E200,E200-0479,Plinthe commune,1500 W,1,IMPLANTATIONS ET RENVOIS — REVUE INDÉPENDANTE ATTENDUE,MODELE NON PRECISE,,Sous-sol,8914.8,5807.27,1,,,,
E200,E200-0480,Relais chauffage,R,1,IMPLANTATIONS ET RENVOIS — REVUE INDÉPENDANTE ATTENDUE,MODELE NON PRECISE,,RDC,4758.31,1048.97,1,,,,
E200,E200-0481,Station manuelle,F,1,IMPLANTATIONS ET RENVOIS — REVUE INDÉPENDANTE ATTENDUE,MODELE NON PRECISE,,E200,1557.98,1060.21,1,,,,
E200,E200-0482,Station manuelle,F,1,IMPLANTATIONS ET RENVOIS — REVUE INDÉPENDANTE ATTENDUE,MODELE NON PRECISE,,E200,5017.04,1043.34,1,,,,
E200,E200-0483,Station manuelle,F,1,IMPLANTATIONS ET RENVOIS — REVUE INDÉPENDANTE ATTENDUE,MODELE NON PRECISE,,E200,8161.12,1060.21,1,,,,
E200,E200-0484,Station manuelle,F,1,IMPLANTATIONS ET RENVOIS — REVUE INDÉPENDANTE ATTENDUE,MODELE NON PRECISE,,E200,1439.87,5230.77,1,,,,
E200,E200-0485,Station manuelle,F,1,IMPLANTATIONS ET RENVOIS — REVUE INDÉPENDANTE ATTENDUE,MODELE NON PRECISE,,E200,4775.18,4778.0,1,,,,
E200,E200-0486,Station manuelle,F,1,IMPLANTATIONS ET RENVOIS — REVUE INDÉPENDANTE ATTENDUE,MODELE NON PRECISE,,E200,8425.47,5174.52,1,,,,
E200,E200-0487,Klaxon,K,1,IMPLANTATIONS ET RENVOIS — REVUE INDÉPENDANTE ATTENDUE,MODELE NON PRECISE,,E200,5017.04,1068.65,1,,,,
E200,E200-0488,Klaxon,K,1,IMPLANTATIONS ET RENVOIS — REVUE INDÉPENDANTE ATTENDUE,MODELE NON PRECISE,,E200,4626.13,1788.58,1,,,,
E200,E200-0489,Klaxon,K,1,IMPLANTATIONS ET RENVOIS — REVUE INDÉPENDANTE ATTENDUE,MODELE NON PRECISE,,E200,1406.12,5748.22,1,,,,
E200,E200-0490,Klaxon,K,1,IMPLANTATIONS ET RENVOIS — REVUE INDÉPENDANTE ATTENDUE,MODELE NON PRECISE,,E200,1462.36,5230.77,1,,,,
E200,E200-0491,Klaxon,K,1,IMPLANTATIONS ET RENVOIS — REVUE INDÉPENDANTE ATTENDUE,MODELE NON PRECISE,,E200,3020.35,5249.33,1,,,,
E200,E200-0492,Klaxon,K,1,IMPLANTATIONS ET RENVOIS — REVUE INDÉPENDANTE ATTENDUE,MODELE NON PRECISE,,E200,4741.44,5140.77,1,,,,
E200,E200-0493,Klaxon,K,1,IMPLANTATIONS ET RENVOIS — REVUE INDÉPENDANTE ATTENDUE,MODELE NON PRECISE,,E200,6836.55,5249.33,1,,,,
E200,E200-0494,Klaxon,K,1,IMPLANTATIONS ET RENVOIS — REVUE INDÉPENDANTE ATTENDUE,MODELE NON PRECISE,,E200,8543.58,5073.28,1,,,,
E200,E200-0495,Klaxon,K,1,IMPLANTATIONS ET RENVOIS — REVUE INDÉPENDANTE ATTENDUE,MODELE NON PRECISE,,E200,8425.47,5197.02,1,,,,
E200,E200-0496,Klaxon,K,1,IMPLANTATIONS ET RENVOIS — REVUE INDÉPENDANTE ATTENDUE,MODELE NON PRECISE,,E200,8774.19,5287.01,1,,,,
E200,E200-0497,Klaxon,K,1,IMPLANTATIONS ET RENVOIS — REVUE INDÉPENDANTE ATTENDUE,MODELE NON PRECISE,,E200,8942.92,5672.29,1,,,,
E200,E200-0498,Module surveillance double,Mx2,1,IMPLANTATIONS ET RENVOIS — REVUE INDÉPENDANTE ATTENDUE,MODELE NON PRECISE,Portée des entrées et capteurs mécaniques à réconcilier avec E105; ne pas additionner au schéma.,E200,1653.6,1420.18,1,,,,
E200,E200-0499,Module surveillance double,Mx2,1,IMPLANTATIONS ET RENVOIS — REVUE INDÉPENDANTE ATTENDUE,MODELE NON PRECISE,Portée des entrées et capteurs mécaniques à réconcilier avec E105; ne pas additionner au schéma.,E200,5275.76,1393.75,1,,,,
E200,E200-0500,Module surveillance double,Mx2,1,IMPLANTATIONS ET RENVOIS — REVUE INDÉPENDANTE ATTENDUE,MODELE NON PRECISE,Portée des entrées et capteurs mécaniques à réconcilier avec E105; ne pas additionner au schéma.,E200,8200.49,1437.05,1,,,,
E200,E200-0501,Module surveillance double,Mx2,1,IMPLANTATIONS ET RENVOIS — REVUE INDÉPENDANTE ATTENDUE,MODELE NON PRECISE,Portée des entrées et capteurs mécaniques à réconcilier avec E105; ne pas additionner au schéma.,E200,1445.49,4983.29,1,,,,
E200,E200-0502,Module surveillance double,Mx2,1,IMPLANTATIONS ET RENVOIS — REVUE INDÉPENDANTE ATTENDUE,MODELE NON PRECISE,Portée des entrées et capteurs mécaniques à réconcilier avec E105; ne pas additionner au schéma.,E200,8357.98,4980.48,1,,,,
E200,E200-0503,Module relais,MRA,1,IMPLANTATIONS ET RENVOIS — REVUE INDÉPENDANTE ATTENDUE,MODELE NON PRECISE,,RDC,4963.6,1043.34,1,,,,
E200,E200-0504,Module relais,MRA,1,IMPLANTATIONS ET RENVOIS — REVUE INDÉPENDANTE ATTENDUE,MODELE NON PRECISE,,RDC,4688.0,1355.5,1,,,,
E200,E200-0505,Module relais,MRA,1,IMPLANTATIONS ET RENVOIS — REVUE INDÉPENDANTE ATTENDUE,MODELE NON PRECISE,,RDC,4718.94,1465.18,1,,,,
E200,E200-0506,Module relais,MRA,1,IMPLANTATIONS ET RENVOIS — REVUE INDÉPENDANTE ATTENDUE,MODELE NON PRECISE,,RDC,4645.82,1901.07,1,,,,
E200,E200-0507,Module relais,MRA,1,IMPLANTATIONS ET RENVOIS — REVUE INDÉPENDANTE ATTENDUE,MODELE NON PRECISE,,RDC,3762.78,1701.4,1,,,,
E200,E200-0508,Module relais,MRA,1,IMPLANTATIONS ET RENVOIS — REVUE INDÉPENDANTE ATTENDUE,MODELE NON PRECISE,,RDC,3762.78,1788.58,1,,,,
E200,E200-0509,Module relais,MRA,1,IMPLANTATIONS ET RENVOIS — REVUE INDÉPENDANTE ATTENDUE,MODELE NON PRECISE,,RDC,3852.77,1840.89,1,,,,
E200,E200-0510,Module relais,MRA,1,IMPLANTATIONS ET RENVOIS — REVUE INDÉPENDANTE ATTENDUE,MODELE NON PRECISE,,RDC,3909.01,1840.89,1,,,,
E200,E200-0511,Module surveillance double,Mx2,1,IMPLANTATIONS ET RENVOIS — REVUE INDÉPENDANTE ATTENDUE,MODELE NON PRECISE,,E200,4690.82,1304.88,1,,,,
E200,E200-0512,Module surveillance double,Mx2,1,IMPLANTATIONS ET RENVOIS — REVUE INDÉPENDANTE ATTENDUE,MODELE NON PRECISE,,E200,4690.82,1333.0,1,,,,
E200,E200-0513,Module surveillance double,Mx2,1,IMPLANTATIONS ET RENVOIS — REVUE INDÉPENDANTE ATTENDUE,MODELE NON PRECISE,,E200,4718.94,1493.3,1,,,,
E200,E200-0514,Module surveillance double,Mx2,1,IMPLANTATIONS ET RENVOIS — REVUE INDÉPENDANTE ATTENDUE,MODELE NON PRECISE,,E200,3762.78,1813.89,1,,,,
E200,E200-0515,Module surveillance double,Mx2,1,IMPLANTATIONS ET RENVOIS — REVUE INDÉPENDANTE ATTENDUE,MODELE NON PRECISE,,E200,3909.01,1864.51,1,,,,
E200,E200-0516,Module surveillance double,Mx2,1,IMPLANTATIONS ET RENVOIS — REVUE INDÉPENDANTE ATTENDUE,MODELE NON PRECISE,,E200,8462.59,4778.56,1,,,,
E200,E200-0517,Module surveillance double,Mx2,1,IMPLANTATIONS ET RENVOIS — REVUE INDÉPENDANTE ATTENDUE,MODELE NON PRECISE,,E200,8462.59,4800.49,1,,,,
E200,E200-0518,Module surveillance double,Mx2,1,IMPLANTATIONS ET RENVOIS — REVUE INDÉPENDANTE ATTENDUE,MODELE NON PRECISE,,E200,8462.59,4822.43,1,,,,
E200,E200-0519,Module surveillance double,Mx2,1,IMPLANTATIONS ET RENVOIS — REVUE INDÉPENDANTE ATTENDUE,MODELE NON PRECISE,,E200,8462.59,4844.36,1,,,,
E200,E200-0520,Module surveillance double,Mx2,1,IMPLANTATIONS ET RENVOIS — REVUE INDÉPENDANTE ATTENDUE,MODELE NON PRECISE,,E200,8462.59,4865.74,1,,,,
E200,E200-0521,Module surveillance double,Mx2,1,IMPLANTATIONS ET RENVOIS — REVUE INDÉPENDANTE ATTENDUE,MODELE NON PRECISE,,E200,8462.59,4887.67,1,,,,
E200,E200-0522,Module surveillance double,Mx2,1,IMPLANTATIONS ET RENVOIS — REVUE INDÉPENDANTE ATTENDUE,MODELE NON PRECISE,,E200,8462.59,4915.79,1,,,,
E200,E200-0523,Module surveillance double,Mx2,1,IMPLANTATIONS ET RENVOIS — REVUE INDÉPENDANTE ATTENDUE,MODELE NON PRECISE,,E200,8819.18,5095.78,1,,,,
E200,E200-0524,Module surveillance double,Mx2,1,IMPLANTATIONS ET RENVOIS — REVUE INDÉPENDANTE ATTENDUE,MODELE NON PRECISE,,E200,8819.18,5168.9,1,,,,
E200,E200-0525,Module isolateur,ISO,1,IMPLANTATIONS ET RENVOIS — REVUE INDÉPENDANTE ATTENDUE,MODELE NON PRECISE,Module à identifier précisément à la légende incendie.,RDC,4544.58,1704.22,1,,,,
E200,E200-0526,Module isolateur,ISO,1,IMPLANTATIONS ET RENVOIS — REVUE INDÉPENDANTE ATTENDUE,MODELE NON PRECISE,Module à identifier précisément à la légende incendie.,RDC,4651.44,1704.22,1,,,,
E200,E200-0527,Module isolateur,ISO,1,IMPLANTATIONS ET RENVOIS — REVUE INDÉPENDANTE ATTENDUE,MODELE NON PRECISE,Module à identifier précisément à la légende incendie.,RDC,5208.27,1704.22,1,,,,
E200,E200-0528,Module isolateur,ISO,1,IMPLANTATIONS ET RENVOIS — REVUE INDÉPENDANTE ATTENDUE,MODELE NON PRECISE,Module à identifier précisément à la légende incendie.,RDC,5309.51,1704.22,1,,,,
E200,E200-0529,Débit mécanique,"Débit, fourniture mécanique",1,IMPLANTATIONS ET RENVOIS — REVUE INDÉPENDANTE ATTENDUE,MODELE NON PRECISE,Raccordement seulement; ne pas additionner aux schémas.,E200,1704.22,1434.24,1,,,,
E200,E200-0530,Débit mécanique,"Débit, fourniture mécanique",1,IMPLANTATIONS ET RENVOIS — REVUE INDÉPENDANTE ATTENDUE,MODELE NON PRECISE,Raccordement seulement; ne pas additionner aux schémas.,E200,5236.39,1414.56,1,,,,
E200,E200-0531,Débit mécanique,"Débit, fourniture mécanique",1,IMPLANTATIONS ET RENVOIS — REVUE INDÉPENDANTE ATTENDUE,MODELE NON PRECISE,Raccordement seulement; ne pas additionner aux schémas.,E200,8161.12,1417.37,1,,,,
E200,E200-0532,Débit mécanique,"Débit, fourniture mécanique",1,IMPLANTATIONS ET RENVOIS — REVUE INDÉPENDANTE ATTENDUE,MODELE NON PRECISE,Raccordement seulement; ne pas additionner aux schémas.,E200,1484.86,4994.54,1,,,,
E200,E200-0533,Débit mécanique,"Débit, fourniture mécanique",1,IMPLANTATIONS ET RENVOIS — REVUE INDÉPENDANTE ATTENDUE,MODELE NON PRECISE,Raccordement seulement; ne pas additionner aux schémas.,E200,8380.47,4949.54,1,,,,
E200,E200-0534,Soupape mécanique,Soupape / contact à raccorder,1,IMPLANTATIONS ET RENVOIS — REVUE INDÉPENDANTE ATTENDUE,MODELE NON PRECISE,Fourniture mécanique; symbole raccordé via Mx2.,E200,1704.22,1408.93,1,,,,
E200,E200-0535,Soupape mécanique,Soupape / contact à raccorder,1,IMPLANTATIONS ET RENVOIS — REVUE INDÉPENDANTE ATTENDUE,MODELE NON PRECISE,Fourniture mécanique; symbole raccordé via Mx2.,E200,5236.39,1390.37,1,,,,
E200,E200-0536,Soupape mécanique,Soupape / contact à raccorder,1,IMPLANTATIONS ET RENVOIS — REVUE INDÉPENDANTE ATTENDUE,MODELE NON PRECISE,Fourniture mécanique; symbole raccordé via Mx2.,E200,8161.12,1394.87,1,,,,
E200,E200-0537,Soupape mécanique,Soupape / contact à raccorder,1,IMPLANTATIONS ET RENVOIS — REVUE INDÉPENDANTE ATTENDUE,MODELE NON PRECISE,Fourniture mécanique; symbole raccordé via Mx2.,E200,1496.11,4972.04,1,,,,
E200,E200-0538,Soupape mécanique,Soupape / contact à raccorder,1,IMPLANTATIONS ET RENVOIS — REVUE INDÉPENDANTE ATTENDUE,MODELE NON PRECISE,Fourniture mécanique; symbole raccordé via Mx2.,E200,8352.35,4946.73,1,,,,
E200,E200-0539,Ventilateur,VE,1,IMPLANTATIONS ET RENVOIS — REVUE INDÉPENDANTE ATTENDUE,MODELE NON PRECISE,Fourniture mécanique; repères et caractéristiques à contrôler avec mécanique. Pas de calibre supposé.,Sous-sol,1372.37,5992.88,1,,,,
E200,E200-0540,Ventilateur,VE,1,IMPLANTATIONS ET RENVOIS — REVUE INDÉPENDANTE ATTENDUE,MODELE NON PRECISE,Fourniture mécanique; repères et caractéristiques à contrôler avec mécanique. Pas de calibre supposé.,Sous-sol,4344.91,5182.96,1,,,,
E200,E200-0541,Ventilateur,VE,1,IMPLANTATIONS ET RENVOIS — REVUE INDÉPENDANTE ATTENDUE,MODELE NON PRECISE,Fourniture mécanique; repères et caractéristiques à contrôler avec mécanique. Pas de calibre supposé.,Sous-sol,4434.9,5182.96,1,,,,
E200,E200-0542,Ventilateur,VE,1,IMPLANTATIONS ET RENVOIS — REVUE INDÉPENDANTE ATTENDUE,MODELE NON PRECISE,Fourniture mécanique; repères et caractéristiques à contrôler avec mécanique. Pas de calibre supposé.,Sous-sol,4626.13,5990.07,1,,,,
E200,E200-0543,Ventilateur,VE,1,IMPLANTATIONS ET RENVOIS — REVUE INDÉPENDANTE ATTENDUE,MODELE NON PRECISE,Fourniture mécanique; repères et caractéristiques à contrôler avec mécanique. Pas de calibre supposé.,Sous-sol,4977.66,6051.94,1,,,,
E200,E200-0544,Ventilateur,VE,1,IMPLANTATIONS ET RENVOIS — REVUE INDÉPENDANTE ATTENDUE,MODELE NON PRECISE,Fourniture mécanique; repères et caractéristiques à contrôler avec mécanique. Pas de calibre supposé.,Sous-sol,5059.22,6051.94,1,,,,
E200,E200-0545,Ventilateur,VE,1,IMPLANTATIONS ET RENVOIS — REVUE INDÉPENDANTE ATTENDUE,MODELE NON PRECISE,Fourniture mécanique; repères et caractéristiques à contrôler avec mécanique. Pas de calibre supposé.,Sous-sol,8672.95,4912.98,1,,,,
E200,E200-0546,Ventilateur,VE,1,IMPLANTATIONS ET RENVOIS — REVUE INDÉPENDANTE ATTENDUE,MODELE NON PRECISE,Fourniture mécanique; repères et caractéristiques à contrôler avec mécanique. Pas de calibre supposé.,Sous-sol,8816.37,4839.86,1,,,,
E200,E200-0547,Ventilateur,VE,1,IMPLANTATIONS ET RENVOIS — REVUE INDÉPENDANTE ATTENDUE,MODELE NON PRECISE,Fourniture mécanique; repères et caractéristiques à contrôler avec mécanique. Pas de calibre supposé.,Sous-sol,8785.44,5675.1,1,,,,
E200,E200-0548,Ventilateur,VE,1,IMPLANTATIONS ET RENVOIS — REVUE INDÉPENDANTE ATTENDUE,MODELE NON PRECISE,Fourniture mécanique; repères et caractéristiques à contrôler avec mécanique. Pas de calibre supposé.,Sous-sol,5388.25,4863.49,1,,,,
E200,E200-0549,Sectionneur,Sectionneur dessiné sans calibre local,1,IMPLANTATIONS ET RENVOIS — REVUE INDÉPENDANTE ATTENDUE,MODELE NON PRECISE,"Calibre, fusibles et pôles non choisis; confronter aux cédules et schémas.",Sous-sol,1198.01,4848.3,1,,,,
E200,E200-0550,Sectionneur,Sectionneur dessiné sans calibre local,1,IMPLANTATIONS ET RENVOIS — REVUE INDÉPENDANTE ATTENDUE,MODELE NON PRECISE,"Calibre, fusibles et pôles non choisis; confronter aux cédules et schémas.",Sous-sol,1113.65,5945.07,1,,,,
E200,E200-0551,Sectionneur,Sectionneur dessiné sans calibre local,1,IMPLANTATIONS ET RENVOIS — REVUE INDÉPENDANTE ATTENDUE,MODELE NON PRECISE,"Calibre, fusibles et pôles non choisis; confronter aux cédules et schémas.",Sous-sol,1372.37,6029.44,1,,,,
E200,E200-0552,Sectionneur,Sectionneur dessiné sans calibre local,1,IMPLANTATIONS ET RENVOIS — REVUE INDÉPENDANTE ATTENDUE,MODELE NON PRECISE,"Calibre, fusibles et pôles non choisis; confronter aux cédules et schémas.",Sous-sol,1673.28,5377.0,1,,,,
E200,E200-0553,Sectionneur,Sectionneur dessiné sans calibre local,1,IMPLANTATIONS ET RENVOIS — REVUE INDÉPENDANTE ATTENDUE,MODELE NON PRECISE,"Calibre, fusibles et pôles non choisis; confronter aux cédules et schémas.",Sous-sol,4384.28,5184.64,1,,,,
E200,E200-0554,Sectionneur,Sectionneur dessiné sans calibre local,1,IMPLANTATIONS ET RENVOIS — REVUE INDÉPENDANTE ATTENDUE,MODELE NON PRECISE,"Calibre, fusibles et pôles non choisis; confronter aux cédules et schémas.",Sous-sol,4466.96,5219.52,1,,,,
E200,E200-0555,Sectionneur,Sectionneur dessiné sans calibre local,1,IMPLANTATIONS ET RENVOIS — REVUE INDÉPENDANTE ATTENDUE,MODELE NON PRECISE,"Calibre, fusibles et pôles non choisis; confronter aux cédules et schémas.",Sous-sol,4432.09,5084.53,1,,,,
E200,E200-0556,Sectionneur,Sectionneur dessiné sans calibre local,1,IMPLANTATIONS ET RENVOIS — REVUE INDÉPENDANTE ATTENDUE,MODELE NON PRECISE,"Calibre, fusibles et pôles non choisis; confronter aux cédules et schémas.",Sous-sol,4432.09,5045.16,1,,,,
E200,E200-0557,Sectionneur,Sectionneur dessiné sans calibre local,1,IMPLANTATIONS ET RENVOIS — REVUE INDÉPENDANTE ATTENDUE,MODELE NON PRECISE,"Calibre, fusibles et pôles non choisis; confronter aux cédules et schémas.",Sous-sol,4432.09,5011.41,1,,,,
E200,E200-0558,Sectionneur,Sectionneur dessiné sans calibre local,1,IMPLANTATIONS ET RENVOIS — REVUE INDÉPENDANTE ATTENDUE,MODELE NON PRECISE,"Calibre, fusibles et pôles non choisis; confronter aux cédules et schémas.",Sous-sol,5281.39,5168.9,1,,,,
E200,E200-0559,Sectionneur,Sectionneur dessiné sans calibre local,1,IMPLANTATIONS ET RENVOIS — REVUE INDÉPENDANTE ATTENDUE,MODELE NON PRECISE,"Calibre, fusibles et pôles non choisis; confronter aux cédules et schémas.",Sous-sol,4569.89,5990.07,1,,,,
E200,E200-0560,Sectionneur,Sectionneur dessiné sans calibre local,1,IMPLANTATIONS ET RENVOIS — REVUE INDÉPENDANTE ATTENDUE,MODELE NON PRECISE,"Calibre, fusibles et pôles non choisis; confronter aux cédules et schémas.",Sous-sol,4952.35,6051.94,1,,,,
E200,E200-0561,Sectionneur,Sectionneur dessiné sans calibre local,1,IMPLANTATIONS ET RENVOIS — REVUE INDÉPENDANTE ATTENDUE,MODELE NON PRECISE,"Calibre, fusibles et pôles non choisis; confronter aux cédules et schémas.",Sous-sol,5034.47,6051.94,1,,,,
E200,E200-0562,Sectionneur,Sectionneur dessiné sans calibre local,1,IMPLANTATIONS ET RENVOIS — REVUE INDÉPENDANTE ATTENDUE,MODELE NON PRECISE,"Calibre, fusibles et pôles non choisis; confronter aux cédules et schémas.",Sous-sol,8375.41,5303.88,1,,,,
E200,E200-0563,Sectionneur,Sectionneur dessiné sans calibre local,1,IMPLANTATIONS ET RENVOIS — REVUE INDÉPENDANTE ATTENDUE,MODELE NON PRECISE,"Calibre, fusibles et pôles non choisis; confronter aux cédules et schémas.",Sous-sol,8701.07,5230.77,1,,,,
E200,E200-0564,Sectionneur,Sectionneur dessiné sans calibre local,1,IMPLANTATIONS ET RENVOIS — REVUE INDÉPENDANTE ATTENDUE,MODELE NON PRECISE,"Calibre, fusibles et pôles non choisis; confronter aux cédules et schémas.",Sous-sol,8684.2,4925.92,1,,,,
E200,E200-0565,Sectionneur,Sectionneur dessiné sans calibre local,1,IMPLANTATIONS ET RENVOIS — REVUE INDÉPENDANTE ATTENDUE,MODELE NON PRECISE,"Calibre, fusibles et pôles non choisis; confronter aux cédules et schémas.",Sous-sol,8819.18,4806.12,1,,,,
E200,E200-0566,Sectionneur,Sectionneur dessiné sans calibre local,1,IMPLANTATIONS ET RENVOIS — REVUE INDÉPENDANTE ATTENDUE,MODELE NON PRECISE,"Calibre, fusibles et pôles non choisis; confronter aux cédules et schémas.",Sous-sol,8532.33,5534.49,1,,,,
E200,E200-0567,Sectionneur,Sectionneur dessiné sans calibre local,1,IMPLANTATIONS ET RENVOIS — REVUE INDÉPENDANTE ATTENDUE,MODELE NON PRECISE,"Calibre, fusibles et pôles non choisis; confronter aux cédules et schémas.",Sous-sol,8650.45,5675.1,1,,,,
E200,E200-0568,Sectionneur,Sectionneur dessiné sans calibre local,1,IMPLANTATIONS ET RENVOIS — REVUE INDÉPENDANTE ATTENDUE,MODELE NON PRECISE,"Calibre, fusibles et pôles non choisis; confronter aux cédules et schémas.",Sous-sol,8504.21,5911.33,1,,,,
E200,E200-0569,Sectionneur,Sectionneur dessiné sans calibre local,1,IMPLANTATIONS ET RENVOIS — REVUE INDÉPENDANTE ATTENDUE,MODELE NON PRECISE,"Calibre, fusibles et pôles non choisis; confronter aux cédules et schémas.",Sous-sol,8504.21,5961.95,1,,,,
E200,E200-0570,Sectionneur,Sectionneur dessiné sans calibre local,1,IMPLANTATIONS ET RENVOIS — REVUE INDÉPENDANTE ATTENDUE,MODELE NON PRECISE,"Calibre, fusibles et pôles non choisis; confronter aux cédules et schémas.",Sous-sol,8504.21,6012.57,1,,,,
E200,E200-0571,Sectionneur,Sectionneur dessiné sans calibre local,1,IMPLANTATIONS ET RENVOIS — REVUE INDÉPENDANTE ATTENDUE,MODELE NON PRECISE,"Calibre, fusibles et pôles non choisis; confronter aux cédules et schémas.",Sous-sol,8504.21,6051.94,1,,,,
E200,E200-0572,Aérotherme,A05 — 50 kW inscrit,1,IMPLANTATIONS ET RENVOIS — REVUE INDÉPENDANTE ATTENDUE,MODELE NON PRECISE,Repères A01 à A09; distinguer chauffage temporaire et permanent suivant prescriptions.,Sous-sol,1487.67,5348.88,1,,,,
E200,E200-0573,Aérotherme,A04 — 50 kW inscrit,1,IMPLANTATIONS ET RENVOIS — REVUE INDÉPENDANTE ATTENDUE,MODELE NON PRECISE,Repères A01 à A09; distinguer chauffage temporaire et permanent suivant prescriptions.,Sous-sol,1507.36,5590.73,1,,,,
E200,E200-0574,Aérotherme,A08 — 50 kW inscrit,1,IMPLANTATIONS ET RENVOIS — REVUE INDÉPENDANTE ATTENDUE,MODELE NON PRECISE,Repères A01 à A09; distinguer chauffage temporaire et permanent suivant prescriptions.,Sous-sol,1136.14,6023.82,1,,,,
E200,E200-0575,Aérotherme,A09 — 50 kW inscrit,1,IMPLANTATIONS ET RENVOIS — REVUE INDÉPENDANTE ATTENDUE,MODELE NON PRECISE,Repères A01 à A09; distinguer chauffage temporaire et permanent suivant prescriptions.,Sous-sol,1158.64,4814.55,1,,,,
E200,E200-0576,Aérotherme,A06 — 50 kW inscrit,1,IMPLANTATIONS ET RENVOIS — REVUE INDÉPENDANTE ATTENDUE,MODELE NON PRECISE,Repères A01 à A09; distinguer chauffage temporaire et permanent suivant prescriptions.,Sous-sol,2007.94,5350.0,1,,,,
E200,E200-0577,Aérotherme,A07 — 50 kW inscrit,1,IMPLANTATIONS ET RENVOIS — REVUE INDÉPENDANTE ATTENDUE,MODELE NON PRECISE,Repères A01 à A09; distinguer chauffage temporaire et permanent suivant prescriptions.,Sous-sol,5227.95,5146.4,1,,,,
E200,E200-0578,Aérotherme,A03 — 50 kW inscrit,1,IMPLANTATIONS ET RENVOIS — REVUE INDÉPENDANTE ATTENDUE,MODELE NON PRECISE,Repères A01 à A09; distinguer chauffage temporaire et permanent suivant prescriptions.,Sous-sol,8194.87,5253.26,1,,,,
E200,E200-0579,Aérotherme,A01 — 50 kW inscrit,1,IMPLANTATIONS ET RENVOIS — REVUE INDÉPENDANTE ATTENDUE,MODELE NON PRECISE,Repères A01 à A09; distinguer chauffage temporaire et permanent suivant prescriptions.,Sous-sol,8717.94,5253.26,1,,,,
E200,E200-0580,Aérotherme,A02 — 50 kW inscrit,1,IMPLANTATIONS ET RENVOIS — REVUE INDÉPENDANTE ATTENDUE,MODELE NON PRECISE,Repères A01 à A09; distinguer chauffage temporaire et permanent suivant prescriptions.,Sous-sol,8701.07,5556.99,1,,,,
E200,E200-0581,Chauffe-eau,CE01,1,IMPLANTATIONS ET RENVOIS — REVUE INDÉPENDANTE ATTENDUE,MODELE NON PRECISE,Fourniture mécanique; ne pas additionner aux schémas.,Sous-sol M05,8768.56,5900.08,1,,,,
E200,E200-0582,Chauffe-eau,CE02,1,IMPLANTATIONS ET RENVOIS — REVUE INDÉPENDANTE ATTENDUE,MODELE NON PRECISE,Fourniture mécanique; ne pas additionner aux schémas.,Sous-sol M05,8768.56,5956.32,1,,,,
E200,E200-0583,Chauffe-eau,CE03,1,IMPLANTATIONS ET RENVOIS — REVUE INDÉPENDANTE ATTENDUE,MODELE NON PRECISE,Fourniture mécanique; ne pas additionner aux schémas.,Sous-sol M05,8768.56,6006.94,1,,,,
E200,E200-0584,Chauffe-eau,CE04,1,IMPLANTATIONS ET RENVOIS — REVUE INDÉPENDANTE ATTENDUE,MODELE NON PRECISE,Fourniture mécanique; ne pas additionner aux schémas.,Sous-sol M05,8768.56,6051.94,1,,,,
E200,E200-0585,Renvoi alimentation pompes,"POMPE 1&2 — circuits PPU2-1,3,5",1,RENVOI DOCUMENTAIRE — NON ADDITIONNABLE,MODELE NON PRECISE,Une référence d’alimentation vers le sectionneur du local M01; pas une quantité de pompes implantées. Ne pas additionner au schéma.,Sous-sol,4454.59,5298.26,1,,,,
E200,E200-0586,Pompe,Pompe 1/2 ou P07,1,IMPLANTATIONS ET RENVOIS — REVUE INDÉPENDANTE ATTENDUE,MODELE NON PRECISE,Alimentation à raccorder; quantité de groupes représentés seulement.,Sous-sol,8667.32,4799.37,1,,,,
E200,E200-0587,Pompe,Pompe 1/2 ou P07,1,IMPLANTATIONS ET RENVOIS — REVUE INDÉPENDANTE ATTENDUE,MODELE NON PRECISE,Alimentation à raccorder; quantité de groupes représentés seulement.,Sous-sol,8717.94,4799.37,1,,,,
E200,E200-0588,Pompe,Pompe 1/2 ou P07,1,IMPLANTATIONS ET RENVOIS — REVUE INDÉPENDANTE ATTENDUE,MODELE NON PRECISE,Alimentation à raccorder; quantité de groupes représentés seulement.,Sous-sol,8768.56,5866.33,1,,,,
E200,E200-0589,Panneau,PP-TEMPORAIRE 1,1,IMPLANTATIONS ET RENVOIS — REVUE INDÉPENDANTE ATTENDUE,MODELE NON PRECISE,Deux repères distincts PP-TEMPORAIRE 1/2. Ne pas assimiler aux panneaux permanents.,RDC,4561.45,2137.3,1,,,,
E200,E200-0590,Panneau,PP-TEMPORAIRE 2,1,IMPLANTATIONS ET RENVOIS — REVUE INDÉPENDANTE ATTENDUE,MODELE NON PRECISE,Deux repères distincts PP-TEMPORAIRE 1/2. Ne pas assimiler aux panneaux permanents.,RDC,5298.26,2103.56,1,,,,
E200,E200-0591,Panneau,PSU1,1,IMPLANTATIONS ET RENVOIS — REVUE INDÉPENDANTE ATTENDUE,MODELE NON PRECISE,"Instances au plan; renvoi aux appareils du schéma E102, non additionnables.",Sous-sol M01,4055.25,4988.91,1,,,,
E200,E200-0592,Panneau,PSU1A,1,IMPLANTATIONS ET RENVOIS — REVUE INDÉPENDANTE ATTENDUE,MODELE NON PRECISE,"Instances au plan; renvoi aux appareils du schéma E102, non additionnables.",Sous-sol M01,4055.25,5039.53,1,,,,
E200,E200-0593,Panneau,PS1A,1,IMPLANTATIONS ET RENVOIS — REVUE INDÉPENDANTE ATTENDUE,MODELE NON PRECISE,"Instances au plan; renvoi aux appareils du schéma E102, non additionnables.",Sous-sol M01,4055.25,5090.15,1,,,,
E200,E200-0594,Panneau,PP1A,1,IMPLANTATIONS ET RENVOIS — REVUE INDÉPENDANTE ATTENDUE,MODELE NON PRECISE,"Instances au plan; renvoi aux appareils du schéma E102, non additionnables.",Sous-sol M01,4055.25,5135.15,1,,,,
E200,E200-0595,Transformateur,TX6,1,IMPLANTATIONS ET RENVOIS — REVUE INDÉPENDANTE ATTENDUE,MODELE NON PRECISE,"Instances au plan, non additionnables aux schémas.",Sous-sol M01,4100.25,4814.55,1,,,,
E200,E200-0596,Transformateur,TX5,1,IMPLANTATIONS ET RENVOIS — REVUE INDÉPENDANTE ATTENDUE,MODELE NON PRECISE,"Instances au plan, non additionnables aux schémas.",Sous-sol M01,4353.35,4814.55,1,,,,
E200,E200-0597,Transformateur,TX4,1,IMPLANTATIONS ET RENVOIS — REVUE INDÉPENDANTE ATTENDUE,MODELE NON PRECISE,"Instances au plan, non additionnables aux schémas.",Sous-sol M01,4353.35,4859.55,1,,,,
E200,E200-0598,Transformateur,TX-PSU1,1,IMPLANTATIONS ET RENVOIS — REVUE INDÉPENDANTE ATTENDUE,MODELE NON PRECISE,"Instances au plan, non additionnables aux schémas.",Sous-sol M01,4086.18,5000.16,1,,,,
E200,E200-0599,Centre mesurage,CM06,1,IMPLANTATIONS ET RENVOIS — REVUE INDÉPENDANTE ATTENDUE,MODELE NON PRECISE,Ensembles représentés; emplacements de compteurs non comptés ici.,Sous-sol M01,4060.87,4904.55,1,,,,
E200,E200-0600,Centre mesurage,CM05,1,IMPLANTATIONS ET RENVOIS — REVUE INDÉPENDANTE ATTENDUE,MODELE NON PRECISE,Ensembles représentés; emplacements de compteurs non comptés ici.,Sous-sol M01,4223.98,4780.81,1,,,,
E200,E200-0601,Centre mesurage,CM04,1,IMPLANTATIONS ET RENVOIS — REVUE INDÉPENDANTE ATTENDUE,MODELE NON PRECISE,Ensembles représentés; emplacements de compteurs non comptés ici.,Sous-sol M01,4370.22,4960.79,1,,,,
E200,E200-0602,Centre mesurage,CM03,1,IMPLANTATIONS ET RENVOIS — REVUE INDÉPENDANTE ATTENDUE,MODELE NON PRECISE,Ensembles représentés; emplacements de compteurs non comptés ici.,Sous-sol M04,8757.31,4865.17,1,,,,
E200,E200-0603,Centre mesurage,CM02,1,IMPLANTATIONS ET RENVOIS — REVUE INDÉPENDANTE ATTENDUE,MODELE NON PRECISE,Ensembles représentés; emplacements de compteurs non comptés ici.,Sous-sol M04,8948.55,4865.17,1,,,,
E200,E200-0604,Centre mesurage,CM01,1,IMPLANTATIONS ET RENVOIS — REVUE INDÉPENDANTE ATTENDUE,MODELE NON PRECISE,Ensembles représentés; emplacements de compteurs non comptés ici.,Sous-sol M04,8948.55,5039.53,1,,,,
E200,E200-0605,Panneau,PPU,1,IMPLANTATIONS ET RENVOIS — REVUE INDÉPENDANTE ATTENDUE,MODELE NON PRECISE,"Instances au plan, non additionnables aux schémas.",Sous-sol M04,8751.69,5028.28,1,,,,
E200,E200-0606,Panneau,PPU2,1,IMPLANTATIONS ET RENVOIS — REVUE INDÉPENDANTE ATTENDUE,MODELE NON PRECISE,"Instances au plan, non additionnables aux schémas.",Sous-sol M04,8751.69,5135.15,1,,,,
E200,E200-0607,Panneau,PPU1,1,IMPLANTATIONS ET RENVOIS — REVUE INDÉPENDANTE ATTENDUE,MODELE NON PRECISE,"Instances au plan, non additionnables aux schémas.",Sous-sol M04,8751.69,5208.27,1,,,,
E200,E200-0608,Panneau,PS1,1,IMPLANTATIONS ET RENVOIS — REVUE INDÉPENDANTE ATTENDUE,MODELE NON PRECISE,"Instances au plan, non additionnables aux schémas.",Sous-sol M04,8751.69,5258.89,1,,,,
E200,E200-0609,Panneau,PP1,1,IMPLANTATIONS ET RENVOIS — REVUE INDÉPENDANTE ATTENDUE,MODELE NON PRECISE,"Instances au plan, non additionnables aux schémas.",Sous-sol M04,8751.69,5371.38,1,,,,
E200,E200-0610,Inverseur,ATS-2,1,IMPLANTATIONS ET RENVOIS — REVUE INDÉPENDANTE ATTENDUE,MODELE NON PRECISE,Renvois E102; ne pas compter deux fois.,Sous-sol M04,8751.69,5073.28,1,,,,
E200,E200-0611,Inverseur,ATS-1,1,IMPLANTATIONS ET RENVOIS — REVUE INDÉPENDANTE ATTENDUE,MODELE NON PRECISE,Renvois E102; ne pas compter deux fois.,Sous-sol M04,8751.69,5185.77,1,,,,
E200,E200-0612,Transformateur,TX3,1,IMPLANTATIONS ET RENVOIS — REVUE INDÉPENDANTE ATTENDUE,MODELE NON PRECISE,Instances au plan; caractéristiques réservées aux schémas/cédules.,Sous-sol M04,8785.44,4960.79,1,,,,
E200,E200-0613,Transformateur,TX2,1,IMPLANTATIONS ET RENVOIS — REVUE INDÉPENDANTE ATTENDUE,MODELE NON PRECISE,Instances au plan; caractéristiques réservées aux schémas/cédules.,Sous-sol M04,8914.8,4972.04,1,,,,
E200,E200-0614,Transformateur,TX1,1,IMPLANTATIONS ET RENVOIS — REVUE INDÉPENDANTE ATTENDUE,MODELE NON PRECISE,Instances au plan; caractéristiques réservées aux schémas/cédules.,Sous-sol M04,8914.8,5152.02,1,,,,
E200,E200-0615,Transformateur,TX-PS1,1,IMPLANTATIONS ET RENVOIS — REVUE INDÉPENDANTE ATTENDUE,MODELE NON PRECISE,Instances au plan; caractéristiques réservées aux schémas/cédules.,Sous-sol M04,8774.19,5247.64,1,,,,
E200,E200-0616,Panneau incendie,PAI,1,IMPLANTATIONS ET RENVOIS — REVUE INDÉPENDANTE ATTENDUE,MODELE NON PRECISE,"Deux représentations PAI, un renvoi probable entre niveaux; ne pas déduire deux appareils physiques.",E200,4747.06,2097.93,1,,,,
E200,E200-0617,Panneau incendie,PAI,1,IMPLANTATIONS ET RENVOIS — REVUE INDÉPENDANTE ATTENDUE,MODELE NON PRECISE,"Deux représentations PAI, un renvoi probable entre niveaux; ne pas déduire deux appareils physiques.",E200,8765.75,5427.62,1,,,,
E200,E200-0618,Bloc alimentation incendie,BA,1,IMPLANTATIONS ET RENVOIS — REVUE INDÉPENDANTE ATTENDUE,MODELE NON PRECISE,"Renvois aux 12 boîtiers du schéma, sans addition.",Sous-sol locaux électriques,4322.97,5042.91,1,,,,
E200,E200-0619,Bloc alimentation incendie,BA,1,IMPLANTATIONS ET RENVOIS — REVUE INDÉPENDANTE ATTENDUE,MODELE NON PRECISE,"Renvois aux 12 boîtiers du schéma, sans addition.",Sous-sol locaux électriques,4346.6,5042.91,1,,,,
E200,E200-0620,Bloc alimentation incendie,BA,1,IMPLANTATIONS ET RENVOIS — REVUE INDÉPENDANTE ATTENDUE,MODELE NON PRECISE,"Renvois aux 12 boîtiers du schéma, sans addition.",Sous-sol locaux électriques,4370.22,5042.91,1,,,,
E200,E200-0621,Bloc alimentation incendie,BA,1,IMPLANTATIONS ET RENVOIS — REVUE INDÉPENDANTE ATTENDUE,MODELE NON PRECISE,"Renvois aux 12 boîtiers du schéma, sans addition.",Sous-sol locaux électriques,4322.97,5094.65,1,,,,
E200,E200-0622,Bloc alimentation incendie,BA,1,IMPLANTATIONS ET RENVOIS — REVUE INDÉPENDANTE ATTENDUE,MODELE NON PRECISE,"Renvois aux 12 boîtiers du schéma, sans addition.",Sous-sol locaux électriques,4346.6,5094.65,1,,,,
E200,E200-0623,Bloc alimentation incendie,BA,1,IMPLANTATIONS ET RENVOIS — REVUE INDÉPENDANTE ATTENDUE,MODELE NON PRECISE,"Renvois aux 12 boîtiers du schéma, sans addition.",Sous-sol locaux électriques,4370.22,5094.65,1,,,,
E200,E200-0624,Bloc alimentation incendie,BA,1,IMPLANTATIONS ET RENVOIS — REVUE INDÉPENDANTE ATTENDUE,MODELE NON PRECISE,"Renvois aux 12 boîtiers du schéma, sans addition.",Sous-sol locaux électriques,8773.06,5488.37,1,,,,
E200,E200-0625,Bloc alimentation incendie,BA,1,IMPLANTATIONS ET RENVOIS — REVUE INDÉPENDANTE ATTENDUE,MODELE NON PRECISE,"Renvois aux 12 boîtiers du schéma, sans addition.",Sous-sol locaux électriques,8797.25,5488.37,1,,,,
E200,E200-0626,Bloc alimentation incendie,BA,1,IMPLANTATIONS ET RENVOIS — REVUE INDÉPENDANTE ATTENDUE,MODELE NON PRECISE,"Renvois aux 12 boîtiers du schéma, sans addition.",Sous-sol locaux électriques,8821.43,5488.37,1,,,,
E200,E200-0627,Bloc alimentation incendie,BA,1,IMPLANTATIONS ET RENVOIS — REVUE INDÉPENDANTE ATTENDUE,MODELE NON PRECISE,"Renvois aux 12 boîtiers du schéma, sans addition.",Sous-sol locaux électriques,8773.06,5541.24,1,,,,
E200,E200-0628,Bloc alimentation incendie,BA,1,IMPLANTATIONS ET RENVOIS — REVUE INDÉPENDANTE ATTENDUE,MODELE NON PRECISE,"Renvois aux 12 boîtiers du schéma, sans addition.",Sous-sol locaux électriques,8797.25,5541.24,1,,,,
E200,E200-0629,Bloc alimentation incendie,BA,1,IMPLANTATIONS ET RENVOIS — REVUE INDÉPENDANTE ATTENDUE,MODELE NON PRECISE,"Renvois aux 12 boîtiers du schéma, sans addition.",Sous-sol locaux électriques,8821.43,5541.24,1,,,,
E200,E200-0630,Panneau intercom,PIC,1,IMPLANTATIONS ET RENVOIS — REVUE INDÉPENDANTE ATTENDUE,MODELE NON PRECISE,,RDC,4623.32,1951.69,1,,,,
E200,E200-0631,Détection CO/NOx,Panneau de contrôle CO/NOx,1,IMPLANTATIONS ET RENVOIS — REVUE INDÉPENDANTE ATTENDUE,MODELE NON PRECISE,Sondes et raccordements à coordonner; seuls symboles identifiés comptés.,Sous-sol M01,4077.75,5185.77,1,,,,
E200,E200-0632,Groupe borne double,Deux départs dessinés,1,IMPLANTATIONS ET RENVOIS — REVUE INDÉPENDANTE ATTENDUE,MODELE NON PRECISE,Un groupe dessiné = une ligne. Deux bornes selon note type; contrôleurs DCC9 non déduits de ce nombre.,Sous-sol,2007.94,5197.02,1,,,,
E200,E200-0633,Groupe borne double,Deux départs dessinés,1,IMPLANTATIONS ET RENVOIS — REVUE INDÉPENDANTE ATTENDUE,MODELE NON PRECISE,Un groupe dessiné = une ligne. Deux bornes selon note type; contrôleurs DCC9 non déduits de ce nombre.,Sous-sol,2345.41,5197.02,1,,,,
E200,E200-0634,Groupe borne double,Deux départs dessinés,1,IMPLANTATIONS ET RENVOIS — REVUE INDÉPENDANTE ATTENDUE,MODELE NON PRECISE,Un groupe dessiné = une ligne. Deux bornes selon note type; contrôleurs DCC9 non déduits de ce nombre.,Sous-sol,2682.88,5197.02,1,,,,
E200,E200-0635,Groupe borne double,Deux départs dessinés,1,IMPLANTATIONS ET RENVOIS — REVUE INDÉPENDANTE ATTENDUE,MODELE NON PRECISE,Un groupe dessiné = une ligne. Deux bornes selon note type; contrôleurs DCC9 non déduits de ce nombre.,Sous-sol,3020.35,5197.02,1,,,,
E200,E200-0636,Groupe borne double,Deux départs dessinés,1,IMPLANTATIONS ET RENVOIS — REVUE INDÉPENDANTE ATTENDUE,MODELE NON PRECISE,Un groupe dessiné = une ligne. Deux bornes selon note type; contrôleurs DCC9 non déduits de ce nombre.,Sous-sol,3363.44,5197.02,1,,,,
E200,E200-0637,Groupe borne double,Deux départs dessinés,1,IMPLANTATIONS ET RENVOIS — REVUE INDÉPENDANTE ATTENDUE,MODELE NON PRECISE,Un groupe dessiné = une ligne. Deux bornes selon note type; contrôleurs DCC9 non déduits de ce nombre.,Sous-sol,3700.91,5197.02,1,,,,
E200,E200-0638,Groupe borne double,Deux départs dessinés,1,IMPLANTATIONS ET RENVOIS — REVUE INDÉPENDANTE ATTENDUE,MODELE NON PRECISE,Un groupe dessiné = une ligne. Deux bornes selon note type; contrôleurs DCC9 non déduits de ce nombre.,Sous-sol,1659.22,5905.7,1,,,,
E200,E200-0639,Groupe borne double,Deux départs dessinés,1,IMPLANTATIONS ET RENVOIS — REVUE INDÉPENDANTE ATTENDUE,MODELE NON PRECISE,Un groupe dessiné = une ligne. Deux bornes selon note type; contrôleurs DCC9 non déduits de ce nombre.,Sous-sol,2007.94,5905.7,1,,,,
E200,E200-0640,Groupe borne double,Deux départs dessinés,1,IMPLANTATIONS ET RENVOIS — REVUE INDÉPENDANTE ATTENDUE,MODELE NON PRECISE,Un groupe dessiné = une ligne. Deux bornes selon note type; contrôleurs DCC9 non déduits de ce nombre.,Sous-sol,2345.41,5905.7,1,,,,
E200,E200-0641,Groupe borne double,Deux départs dessinés,1,IMPLANTATIONS ET RENVOIS — REVUE INDÉPENDANTE ATTENDUE,MODELE NON PRECISE,Un groupe dessiné = une ligne. Deux bornes selon note type; contrôleurs DCC9 non déduits de ce nombre.,Sous-sol,2682.88,5905.7,1,,,,
E200,E200-0642,Groupe borne double,Deux départs dessinés,1,IMPLANTATIONS ET RENVOIS — REVUE INDÉPENDANTE ATTENDUE,MODELE NON PRECISE,Un groupe dessiné = une ligne. Deux bornes selon note type; contrôleurs DCC9 non déduits de ce nombre.,Sous-sol,3363.44,5905.7,1,,,,
E200,E200-0643,Groupe borne double,Deux départs dessinés,1,IMPLANTATIONS ET RENVOIS — REVUE INDÉPENDANTE ATTENDUE,MODELE NON PRECISE,Un groupe dessiné = une ligne. Deux bornes selon note type; contrôleurs DCC9 non déduits de ce nombre.,Sous-sol,3700.91,5905.7,1,,,,
E200,E200-0644,Groupe borne double,Deux départs dessinés,1,IMPLANTATIONS ET RENVOIS — REVUE INDÉPENDANTE ATTENDUE,MODELE NON PRECISE,Un groupe dessiné = une ligne. Deux bornes selon note type; contrôleurs DCC9 non déduits de ce nombre.,Sous-sol,4044.0,5905.7,1,,,,
E200,E200-0645,Groupe borne double,Deux départs dessinés,1,IMPLANTATIONS ET RENVOIS — REVUE INDÉPENDANTE ATTENDUE,MODELE NON PRECISE,Un groupe dessiné = une ligne. Deux bornes selon note type; contrôleurs DCC9 non déduits de ce nombre.,Sous-sol,4381.47,5905.7,1,,,,
E200,E200-0646,Groupe borne double,Deux départs dessinés,1,IMPLANTATIONS ET RENVOIS — REVUE INDÉPENDANTE ATTENDUE,MODELE NON PRECISE,Un groupe dessiné = une ligne. Deux bornes selon note type; contrôleurs DCC9 non déduits de ce nombre.,Sous-sol,5483.87,5197.02,1,,,,
E200,E200-0647,Groupe borne double,Deux départs dessinés,1,IMPLANTATIONS ET RENVOIS — REVUE INDÉPENDANTE ATTENDUE,MODELE NON PRECISE,Un groupe dessiné = une ligne. Deux bornes selon note type; contrôleurs DCC9 non déduits de ce nombre.,Sous-sol,5821.34,5197.02,1,,,,
E200,E200-0648,Groupe borne double,Deux départs dessinés,1,IMPLANTATIONS ET RENVOIS — REVUE INDÉPENDANTE ATTENDUE,MODELE NON PRECISE,Un groupe dessiné = une ligne. Deux bornes selon note type; contrôleurs DCC9 non déduits de ce nombre.,Sous-sol,6158.8,5197.02,1,,,,
E200,E200-0649,Groupe borne double,Deux départs dessinés,1,IMPLANTATIONS ET RENVOIS — REVUE INDÉPENDANTE ATTENDUE,MODELE NON PRECISE,Un groupe dessiné = une ligne. Deux bornes selon note type; contrôleurs DCC9 non déduits de ce nombre.,Sous-sol,6496.27,5197.02,1,,,,
E200,E200-0650,Groupe borne double,Deux départs dessinés,1,IMPLANTATIONS ET RENVOIS — REVUE INDÉPENDANTE ATTENDUE,MODELE NON PRECISE,Un groupe dessiné = une ligne. Deux bornes selon note type; contrôleurs DCC9 non déduits de ce nombre.,Sous-sol,6833.74,5197.02,1,,,,
E200,E200-0651,Groupe borne double,Deux départs dessinés,1,IMPLANTATIONS ET RENVOIS — REVUE INDÉPENDANTE ATTENDUE,MODELE NON PRECISE,Un groupe dessiné = une ligne. Deux bornes selon note type; contrôleurs DCC9 non déduits de ce nombre.,Sous-sol,7176.84,5197.02,1,,,,
E200,E200-0652,Groupe borne double,Deux départs dessinés,1,IMPLANTATIONS ET RENVOIS — REVUE INDÉPENDANTE ATTENDUE,MODELE NON PRECISE,Un groupe dessiné = une ligne. Deux bornes selon note type; contrôleurs DCC9 non déduits de ce nombre.,Sous-sol,7514.3,5197.02,1,,,,
E200,E200-0653,Groupe borne double,Deux départs dessinés,1,IMPLANTATIONS ET RENVOIS — REVUE INDÉPENDANTE ATTENDUE,MODELE NON PRECISE,Un groupe dessiné = une ligne. Deux bornes selon note type; contrôleurs DCC9 non déduits de ce nombre.,Sous-sol,7851.77,5197.02,1,,,,
E200,E200-0654,Groupe borne double,Deux départs dessinés,1,IMPLANTATIONS ET RENVOIS — REVUE INDÉPENDANTE ATTENDUE,MODELE NON PRECISE,Un groupe dessiné = une ligne. Deux bornes selon note type; contrôleurs DCC9 non déduits de ce nombre.,Sous-sol,5483.87,5905.7,1,,,,
E200,E200-0655,Groupe borne double,Deux départs dessinés,1,IMPLANTATIONS ET RENVOIS — REVUE INDÉPENDANTE ATTENDUE,MODELE NON PRECISE,Un groupe dessiné = une ligne. Deux bornes selon note type; contrôleurs DCC9 non déduits de ce nombre.,Sous-sol,5821.34,5905.7,1,,,,
E200,E200-0656,Groupe borne double,Deux départs dessinés,1,IMPLANTATIONS ET RENVOIS — REVUE INDÉPENDANTE ATTENDUE,MODELE NON PRECISE,Un groupe dessiné = une ligne. Deux bornes selon note type; contrôleurs DCC9 non déduits de ce nombre.,Sous-sol,6158.8,5905.7,1,,,,
E200,E200-0657,Groupe borne double,Deux départs dessinés,1,IMPLANTATIONS ET RENVOIS — REVUE INDÉPENDANTE ATTENDUE,MODELE NON PRECISE,Un groupe dessiné = une ligne. Deux bornes selon note type; contrôleurs DCC9 non déduits de ce nombre.,Sous-sol,6496.27,5905.7,1,,,,
E200,E200-0658,Groupe borne double,Deux départs dessinés,1,IMPLANTATIONS ET RENVOIS — REVUE INDÉPENDANTE ATTENDUE,MODELE NON PRECISE,Un groupe dessiné = une ligne. Deux bornes selon note type; contrôleurs DCC9 non déduits de ce nombre.,Sous-sol,7176.84,5905.7,1,,,,
E200,E200-0659,Groupe borne double,Deux départs dessinés,1,IMPLANTATIONS ET RENVOIS — REVUE INDÉPENDANTE ATTENDUE,MODELE NON PRECISE,Un groupe dessiné = une ligne. Deux bornes selon note type; contrôleurs DCC9 non déduits de ce nombre.,Sous-sol,7514.3,5905.7,1,,,,
E200,E200-0660,Groupe borne double,Deux départs dessinés,1,IMPLANTATIONS ET RENVOIS — REVUE INDÉPENDANTE ATTENDUE,MODELE NON PRECISE,Un groupe dessiné = une ligne. Deux bornes selon note type; contrôleurs DCC9 non déduits de ce nombre.,Sous-sol,7851.77,5905.7,1,,,,
E200,E200-0661,Groupe borne double,Deux départs dessinés,1,IMPLANTATIONS ET RENVOIS — REVUE INDÉPENDANTE ATTENDUE,MODELE NON PRECISE,Un groupe dessiné = une ligne. Deux bornes selon note type; contrôleurs DCC9 non déduits de ce nombre.,Sous-sol,8189.24,5905.7,1,,,,
E200,E200-0662,Groupe borne double,Deux départs dessinés,1,IMPLANTATIONS ET RENVOIS — REVUE INDÉPENDANTE ATTENDUE,MODELE NON PRECISE,Un groupe dessiné = une ligne. Deux bornes selon note type; contrôleurs DCC9 non déduits de ce nombre.,Sous-sol,5011.41,5973.2,1,,,,
E200,E200-0663,Groupe borne simple,Un départ dessiné,1,IMPLANTATIONS ET RENVOIS — REVUE INDÉPENDANTE ATTENDUE,MODELE NON PRECISE,Un groupe dessiné; contrôleur DCC9 non ajouté sans repère individuel.,Sous-sol,1642.35,5180.15,1,,,,
E200,E200-0664,Groupe borne simple,Un départ dessiné,1,IMPLANTATIONS ET RENVOIS — REVUE INDÉPENDANTE ATTENDUE,MODELE NON PRECISE,Un groupe dessiné; contrôleur DCC9 non ajouté sans repère individuel.,Sous-sol,4032.75,5180.15,1,,,,
E200,E200-0665,Groupe borne simple,Un départ dessiné,1,IMPLANTATIONS ET RENVOIS — REVUE INDÉPENDANTE ATTENDUE,MODELE NON PRECISE,Un groupe dessiné; contrôleur DCC9 non ajouté sans repère individuel.,Sous-sol,3020.35,5950.7,1,,,,
E200,E200-0666,Groupe borne simple,Un départ dessiné,1,IMPLANTATIONS ET RENVOIS — REVUE INDÉPENDANTE ATTENDUE,MODELE NON PRECISE,Un groupe dessiné; contrôleur DCC9 non ajouté sans repère individuel.,Sous-sol,3059.72,5950.7,1,,,,
E200,E200-0667,Groupe borne simple,Un départ dessiné,1,IMPLANTATIONS ET RENVOIS — REVUE INDÉPENDANTE ATTENDUE,MODELE NON PRECISE,Un groupe dessiné; contrôleur DCC9 non ajouté sans repère individuel.,Sous-sol,8217.36,5180.15,1,,,,
E200,E200-0668,Groupe borne simple,Un départ dessiné,1,IMPLANTATIONS ET RENVOIS — REVUE INDÉPENDANTE ATTENDUE,MODELE NON PRECISE,Un groupe dessiné; contrôleur DCC9 non ajouté sans repère individuel.,Sous-sol,6822.49,5950.7,1,,,,
E200,E200-0669,Groupe borne simple,Un départ dessiné,1,IMPLANTATIONS ET RENVOIS — REVUE INDÉPENDANTE ATTENDUE,MODELE NON PRECISE,Un groupe dessiné; contrôleur DCC9 non ajouté sans repère individuel.,Sous-sol,6861.86,5950.7,1,,,,
E200,E200-0670,Batterie 2 phares,"Ensemble batterie M01, deux phares inclus",1,IMPLANTATIONS ET RENVOIS — REVUE INDÉPENDANTE ATTENDUE,MODELE NON PRECISE,Capacité 144/320 W contradictoire dans E100; ne pas arbitrer. Aucun ajout des phares inclus.,Sous-sol M01,4215.55,5211.08,1,,,,
E200,E200-0671,Volet coupe-feu,VCF,1,IMPLANTATIONS ET RENVOIS — REVUE INDÉPENDANTE ATTENDUE,MODELE NON PRECISE,Renvoi de coordination mécanique/incendie; non additionnable au schéma.,RDC,3810.58,1709.84,1,,,,
E200,E200-0672,Volet coupe-feu,VCF,1,IMPLANTATIONS ET RENVOIS — REVUE INDÉPENDANTE ATTENDUE,MODELE NON PRECISE,Renvoi de coordination mécanique/incendie; non additionnable au schéma.,RDC,3833.08,1766.09,1,,,,
E200,E200-0673,Volet coupe-feu,VCF,1,IMPLANTATIONS ET RENVOIS — REVUE INDÉPENDANTE ATTENDUE,MODELE NON PRECISE,Renvoi de coordination mécanique/incendie; non additionnable au schéma.,RDC,3858.39,1805.46,1,,,,
E200,E200-0674,Volet coupe-feu,VCF,1,IMPLANTATIONS ET RENVOIS — REVUE INDÉPENDANTE ATTENDUE,MODELE NON PRECISE,Renvoi de coordination mécanique/incendie; non additionnable au schéma.,RDC,3909.01,1805.46,1,,,,
E200,E200-0675,Volet coupe-feu,VCF,1,IMPLANTATIONS ET RENVOIS — REVUE INDÉPENDANTE ATTENDUE,MODELE NON PRECISE,Renvoi de coordination mécanique/incendie; non additionnable au schéma.,RDC,4605.89,1282.38,1,,,,
E200,E200-0676,Volet coupe-feu,VCF,1,IMPLANTATIONS ET RENVOIS — REVUE INDÉPENDANTE ATTENDUE,MODELE NON PRECISE,Renvoi de coordination mécanique/incendie; non additionnable au schéma.,RDC,4605.89,1333.0,1,,,,
E200,E200-0677,Volet coupe-feu,VCF,1,IMPLANTATIONS ET RENVOIS — REVUE INDÉPENDANTE ATTENDUE,MODELE NON PRECISE,Renvoi de coordination mécanique/incendie; non additionnable au schéma.,RDC,4700.94,1396.0,1,,,,
E200,E200-0678,Détection en gaine,Photoélectrique associé VCF,1,IMPLANTATIONS ET RENVOIS — REVUE INDÉPENDANTE ATTENDUE,MODELE NON PRECISE,Renvoi de coordination mécanique/incendie; non additionnable au schéma.,RDC,3798.21,1678.91,1,,,,
E200,E200-0679,Détection en gaine,Photoélectrique associé VCF,1,IMPLANTATIONS ET RENVOIS — REVUE INDÉPENDANTE ATTENDUE,MODELE NON PRECISE,Renvoi de coordination mécanique/incendie; non additionnable au schéma.,RDC,3798.21,1790.27,1,,,,
E200,E200-0680,Détection en gaine,Photoélectrique associé VCF,1,IMPLANTATIONS ET RENVOIS — REVUE INDÉPENDANTE ATTENDUE,MODELE NON PRECISE,Renvoi de coordination mécanique/incendie; non additionnable au schéma.,RDC,3821.83,1822.33,1,,,,
E200,E200-0681,Détection en gaine,Photoélectrique associé VCF,1,IMPLANTATIONS ET RENVOIS — REVUE INDÉPENDANTE ATTENDUE,MODELE NON PRECISE,Renvoi de coordination mécanique/incendie; non additionnable au schéma.,RDC,3928.7,1822.33,1,,,,
E202,E202-0001,Condenseur logement,Condenseur condo (typ.),1,INSTANCE AU PLAN — NON CUMULABLE AVEC SCHÉMAS/TYPES,MODELE NON PRECISE,Fourniture mécanique; même appareil que les renvois des logements types. Tension et puissance non inscrites localement.,Toiture,2308.12,1083.67,1,,,,
E202,E202-0002,Condenseur logement,Condenseur condo (typ.),1,INSTANCE AU PLAN — NON CUMULABLE AVEC SCHÉMAS/TYPES,MODELE NON PRECISE,Fourniture mécanique; même appareil que les renvois des logements types. Tension et puissance non inscrites localement.,Toiture,2437.48,1083.67,1,,,,
E202,E202-0003,Condenseur logement,Condenseur condo (typ.),1,INSTANCE AU PLAN — NON CUMULABLE AVEC SCHÉMAS/TYPES,MODELE NON PRECISE,Fourniture mécanique; même appareil que les renvois des logements types. Tension et puissance non inscrites localement.,Toiture,5960.26,1091.15,1,,,,
E202,E202-0004,Condenseur logement,Condenseur condo (typ.),1,INSTANCE AU PLAN — NON CUMULABLE AVEC SCHÉMAS/TYPES,MODELE NON PRECISE,Fourniture mécanique; même appareil que les renvois des logements types. Tension et puissance non inscrites localement.,Toiture,6091.48,1091.15,1,,,,
E202,E202-0005,Condenseur logement,Condenseur condo (typ.),1,INSTANCE AU PLAN — NON CUMULABLE AVEC SCHÉMAS/TYPES,MODELE NON PRECISE,Fourniture mécanique; même appareil que les renvois des logements types. Tension et puissance non inscrites localement.,Toiture,8695.61,1093.01,1,,,,
E202,E202-0006,Condenseur logement,Condenseur condo (typ.),1,INSTANCE AU PLAN — NON CUMULABLE AVEC SCHÉMAS/TYPES,MODELE NON PRECISE,Fourniture mécanique; même appareil que les renvois des logements types. Tension et puissance non inscrites localement.,Toiture,7401.98,1104.25,1,,,,
E202,E202-0007,Condenseur logement,Condenseur condo (typ.),1,INSTANCE AU PLAN — NON CUMULABLE AVEC SCHÉMAS/TYPES,MODELE NON PRECISE,Fourniture mécanique; même appareil que les renvois des logements types. Tension et puissance non inscrites localement.,Toiture,7533.26,1104.25,1,,,,
E202,E202-0008,Condenseur logement,Condenseur condo (typ.),1,INSTANCE AU PLAN — NON CUMULABLE AVEC SCHÉMAS/TYPES,MODELE NON PRECISE,Fourniture mécanique; même appareil que les renvois des logements types. Tension et puissance non inscrites localement.,Toiture,1162.58,1113.65,1,,,,
E202,E202-0009,Condenseur logement,Condenseur condo (typ.),1,INSTANCE AU PLAN — NON CUMULABLE AVEC SCHÉMAS/TYPES,MODELE NON PRECISE,Fourniture mécanique; même appareil que les renvois des logements types. Tension et puissance non inscrites localement.,Toiture,3768.57,1113.65,1,,,,
E202,E202-0010,Condenseur logement,Condenseur condo (typ.),1,INSTANCE AU PLAN — NON CUMULABLE AVEC SCHÉMAS/TYPES,MODELE NON PRECISE,Fourniture mécanique; même appareil que les renvois des logements types. Tension et puissance non inscrites localement.,Toiture,3897.93,1113.65,1,,,,
E202,E202-0011,Condenseur logement,Condenseur condo (typ.),1,INSTANCE AU PLAN — NON CUMULABLE AVEC SCHÉMAS/TYPES,MODELE NON PRECISE,Fourniture mécanique; même appareil que les renvois des logements types. Tension et puissance non inscrites localement.,Toiture,2308.12,1203.64,1,,,,
E202,E202-0012,Condenseur logement,Condenseur condo (typ.),1,INSTANCE AU PLAN — NON CUMULABLE AVEC SCHÉMAS/TYPES,MODELE NON PRECISE,Fourniture mécanique; même appareil que les renvois des logements types. Tension et puissance non inscrites localement.,Toiture,2437.48,1203.64,1,,,,
E202,E202-0013,Condenseur logement,Condenseur condo (typ.),1,INSTANCE AU PLAN — NON CUMULABLE AVEC SCHÉMAS/TYPES,MODELE NON PRECISE,Fourniture mécanique; même appareil que les renvois des logements types. Tension et puissance non inscrites localement.,Toiture,5960.26,1211.12,1,,,,
E202,E202-0014,Condenseur logement,Condenseur condo (typ.),1,INSTANCE AU PLAN — NON CUMULABLE AVEC SCHÉMAS/TYPES,MODELE NON PRECISE,Fourniture mécanique; même appareil que les renvois des logements types. Tension et puissance non inscrites localement.,Toiture,6091.48,1211.12,1,,,,
E202,E202-0015,Condenseur logement,Condenseur condo (typ.),1,INSTANCE AU PLAN — NON CUMULABLE AVEC SCHÉMAS/TYPES,MODELE NON PRECISE,Fourniture mécanique; même appareil que les renvois des logements types. Tension et puissance non inscrites localement.,Toiture,8695.61,1213.03,1,,,,
E202,E202-0016,Condenseur logement,Condenseur condo (typ.),1,INSTANCE AU PLAN — NON CUMULABLE AVEC SCHÉMAS/TYPES,MODELE NON PRECISE,Fourniture mécanique; même appareil que les renvois des logements types. Tension et puissance non inscrites localement.,Toiture,7401.98,1222.37,1,,,,
E202,E202-0017,Condenseur logement,Condenseur condo (typ.),1,INSTANCE AU PLAN — NON CUMULABLE AVEC SCHÉMAS/TYPES,MODELE NON PRECISE,Fourniture mécanique; même appareil que les renvois des logements types. Tension et puissance non inscrites localement.,Toiture,7533.26,1222.37,1,,,,
E202,E202-0018,Condenseur logement,Condenseur condo (typ.),1,INSTANCE AU PLAN — NON CUMULABLE AVEC SCHÉMAS/TYPES,MODELE NON PRECISE,Fourniture mécanique; même appareil que les renvois des logements types. Tension et puissance non inscrites localement.,Toiture,1162.58,1231.76,1,,,,
E202,E202-0019,Condenseur logement,Condenseur condo (typ.),1,INSTANCE AU PLAN — NON CUMULABLE AVEC SCHÉMAS/TYPES,MODELE NON PRECISE,Fourniture mécanique; même appareil que les renvois des logements types. Tension et puissance non inscrites localement.,Toiture,3768.57,1231.76,1,,,,
E202,E202-0020,Condenseur logement,Condenseur condo (typ.),1,INSTANCE AU PLAN — NON CUMULABLE AVEC SCHÉMAS/TYPES,MODELE NON PRECISE,Fourniture mécanique; même appareil que les renvois des logements types. Tension et puissance non inscrites localement.,Toiture,3897.93,1231.76,1,,,,
E202,E202-0021,Condenseur logement,Condenseur condo (typ.),1,INSTANCE AU PLAN — NON CUMULABLE AVEC SCHÉMAS/TYPES,MODELE NON PRECISE,Fourniture mécanique; même appareil que les renvois des logements types. Tension et puissance non inscrites localement.,Toiture,2308.12,1321.75,1,,,,
E202,E202-0022,Condenseur logement,Condenseur condo (typ.),1,INSTANCE AU PLAN — NON CUMULABLE AVEC SCHÉMAS/TYPES,MODELE NON PRECISE,Fourniture mécanique; même appareil que les renvois des logements types. Tension et puissance non inscrites localement.,Toiture,2437.48,1321.75,1,,,,
E202,E202-0023,Condenseur logement,Condenseur condo (typ.),1,INSTANCE AU PLAN — NON CUMULABLE AVEC SCHÉMAS/TYPES,MODELE NON PRECISE,Fourniture mécanique; même appareil que les renvois des logements types. Tension et puissance non inscrites localement.,Toiture,5960.26,1329.23,1,,,,
E202,E202-0024,Condenseur logement,Condenseur condo (typ.),1,INSTANCE AU PLAN — NON CUMULABLE AVEC SCHÉMAS/TYPES,MODELE NON PRECISE,Fourniture mécanique; même appareil que les renvois des logements types. Tension et puissance non inscrites localement.,Toiture,6091.48,1329.23,1,,,,
E202,E202-0025,Condenseur logement,Condenseur condo (typ.),1,INSTANCE AU PLAN — NON CUMULABLE AVEC SCHÉMAS/TYPES,MODELE NON PRECISE,Fourniture mécanique; même appareil que les renvois des logements types. Tension et puissance non inscrites localement.,Toiture,8695.61,1331.15,1,,,,
E202,E202-0026,Condenseur logement,Condenseur condo (typ.),1,INSTANCE AU PLAN — NON CUMULABLE AVEC SCHÉMAS/TYPES,MODELE NON PRECISE,Fourniture mécanique; même appareil que les renvois des logements types. Tension et puissance non inscrites localement.,Toiture,7401.98,1340.48,1,,,,
E202,E202-0027,Condenseur logement,Condenseur condo (typ.),1,INSTANCE AU PLAN — NON CUMULABLE AVEC SCHÉMAS/TYPES,MODELE NON PRECISE,Fourniture mécanique; même appareil que les renvois des logements types. Tension et puissance non inscrites localement.,Toiture,7533.26,1340.48,1,,,,
E202,E202-0028,Condenseur logement,Condenseur condo (typ.),1,INSTANCE AU PLAN — NON CUMULABLE AVEC SCHÉMAS/TYPES,MODELE NON PRECISE,Fourniture mécanique; même appareil que les renvois des logements types. Tension et puissance non inscrites localement.,Toiture,1162.58,1349.88,1,,,,
E202,E202-0029,Condenseur logement,Condenseur condo (typ.),1,INSTANCE AU PLAN — NON CUMULABLE AVEC SCHÉMAS/TYPES,MODELE NON PRECISE,Fourniture mécanique; même appareil que les renvois des logements types. Tension et puissance non inscrites localement.,Toiture,3768.57,1349.88,1,,,,
E202,E202-0030,Condenseur logement,Condenseur condo (typ.),1,INSTANCE AU PLAN — NON CUMULABLE AVEC SCHÉMAS/TYPES,MODELE NON PRECISE,Fourniture mécanique; même appareil que les renvois des logements types. Tension et puissance non inscrites localement.,Toiture,3897.93,1349.88,1,,,,
E202,E202-0031,Condenseur logement,Condenseur condo (typ.),1,INSTANCE AU PLAN — NON CUMULABLE AVEC SCHÉMAS/TYPES,MODELE NON PRECISE,Fourniture mécanique; même appareil que les renvois des logements types. Tension et puissance non inscrites localement.,Toiture,1402.58,1820.48,1,,,,
E202,E202-0032,Condenseur logement,Condenseur condo (typ.),1,INSTANCE AU PLAN — NON CUMULABLE AVEC SCHÉMAS/TYPES,MODELE NON PRECISE,Fourniture mécanique; même appareil que les renvois des logements types. Tension et puissance non inscrites localement.,Toiture,7190.17,1852.31,1,,,,
E202,E202-0033,Condenseur logement,Condenseur condo (typ.),1,INSTANCE AU PLAN — NON CUMULABLE AVEC SCHÉMAS/TYPES,MODELE NON PRECISE,Fourniture mécanique; même appareil que les renvois des logements types. Tension et puissance non inscrites localement.,Toiture,7321.38,1852.31,1,,,,
E202,E202-0034,Condenseur logement,Condenseur condo (typ.),1,INSTANCE AU PLAN — NON CUMULABLE AVEC SCHÉMAS/TYPES,MODELE NON PRECISE,Fourniture mécanique; même appareil que les renvois des logements types. Tension et puissance non inscrites localement.,Toiture,7973.82,1852.31,1,,,,
E202,E202-0035,Condenseur logement,Condenseur condo (typ.),1,INSTANCE AU PLAN — NON CUMULABLE AVEC SCHÉMAS/TYPES,MODELE NON PRECISE,Fourniture mécanique; même appareil que les renvois des logements types. Tension et puissance non inscrites localement.,Toiture,8461.3,1852.31,1,,,,
E202,E202-0036,Condenseur logement,Condenseur condo (typ.),1,INSTANCE AU PLAN — NON CUMULABLE AVEC SCHÉMAS/TYPES,MODELE NON PRECISE,Fourniture mécanique; même appareil que les renvois des logements types. Tension et puissance non inscrites localement.,Toiture,6054.02,1872.95,1,,,,
E202,E202-0037,Condenseur logement,Condenseur condo (typ.),1,INSTANCE AU PLAN — NON CUMULABLE AVEC SCHÉMAS/TYPES,MODELE NON PRECISE,Fourniture mécanique; même appareil que les renvois des logements types. Tension et puissance non inscrites localement.,Toiture,1906.87,1887.97,1,,,,
E202,E202-0038,Condenseur logement,Condenseur condo (typ.),1,INSTANCE AU PLAN — NON CUMULABLE AVEC SCHÉMAS/TYPES,MODELE NON PRECISE,Fourniture mécanique; même appareil que les renvois des logements types. Tension et puissance non inscrites localement.,Toiture,2371.84,1887.97,1,,,,
E202,E202-0039,Condenseur logement,Condenseur condo (typ.),1,INSTANCE AU PLAN — NON CUMULABLE AVEC SCHÉMAS/TYPES,MODELE NON PRECISE,Fourniture mécanique; même appareil que les renvois des logements types. Tension et puissance non inscrites localement.,Toiture,2956.79,1887.97,1,,,,
E202,E202-0040,Condenseur logement,Condenseur condo (typ.),1,INSTANCE AU PLAN — NON CUMULABLE AVEC SCHÉMAS/TYPES,MODELE NON PRECISE,Fourniture mécanique; même appareil que les renvois des logements types. Tension et puissance non inscrites localement.,Toiture,3086.15,1887.97,1,,,,
E202,E202-0041,Condenseur logement,Condenseur condo (typ.),1,INSTANCE AU PLAN — NON CUMULABLE AVEC SCHÉMAS/TYPES,MODELE NON PRECISE,Fourniture mécanique; même appareil que les renvois des logements types. Tension et puissance non inscrites localement.,Toiture,3779.82,1887.97,1,,,,
E202,E202-0042,Condenseur logement,Condenseur condo (typ.),1,INSTANCE AU PLAN — NON CUMULABLE AVEC SCHÉMAS/TYPES,MODELE NON PRECISE,Fourniture mécanique; même appareil que les renvois des logements types. Tension et puissance non inscrites localement.,Toiture,4398.51,1887.97,1,,,,
E202,E202-0043,Condenseur logement,Condenseur condo (typ.),1,INSTANCE AU PLAN — NON CUMULABLE AVEC SCHÉMAS/TYPES,MODELE NON PRECISE,Fourniture mécanique; même appareil que les renvois des logements types. Tension et puissance non inscrites localement.,Toiture,5624.65,1887.97,1,,,,
E202,E202-0044,Condenseur logement,Condenseur condo (typ.),1,INSTANCE AU PLAN — NON CUMULABLE AVEC SCHÉMAS/TYPES,MODELE NON PRECISE,Fourniture mécanique; même appareil que les renvois des logements types. Tension et puissance non inscrites localement.,Toiture,6586.43,1887.97,1,,,,
E202,E202-0045,Condenseur logement,Condenseur condo (typ.),1,INSTANCE AU PLAN — NON CUMULABLE AVEC SCHÉMAS/TYPES,MODELE NON PRECISE,Fourniture mécanique; même appareil que les renvois des logements types. Tension et puissance non inscrites localement.,Toiture,1402.58,1938.59,1,,,,
E202,E202-0046,Condenseur logement,Condenseur condo (typ.),1,INSTANCE AU PLAN — NON CUMULABLE AVEC SCHÉMAS/TYPES,MODELE NON PRECISE,Fourniture mécanique; même appareil que les renvois des logements types. Tension et puissance non inscrites localement.,Toiture,7190.17,1972.34,1,,,,
E202,E202-0047,Condenseur logement,Condenseur condo (typ.),1,INSTANCE AU PLAN — NON CUMULABLE AVEC SCHÉMAS/TYPES,MODELE NON PRECISE,Fourniture mécanique; même appareil que les renvois des logements types. Tension et puissance non inscrites localement.,Toiture,7321.38,1972.34,1,,,,
E202,E202-0048,Condenseur logement,Condenseur condo (typ.),1,INSTANCE AU PLAN — NON CUMULABLE AVEC SCHÉMAS/TYPES,MODELE NON PRECISE,Fourniture mécanique; même appareil que les renvois des logements types. Tension et puissance non inscrites localement.,Toiture,7973.82,1972.34,1,,,,
E202,E202-0049,Condenseur logement,Condenseur condo (typ.),1,INSTANCE AU PLAN — NON CUMULABLE AVEC SCHÉMAS/TYPES,MODELE NON PRECISE,Fourniture mécanique; même appareil que les renvois des logements types. Tension et puissance non inscrites localement.,Toiture,8461.3,1972.34,1,,,,
E202,E202-0050,Condenseur logement,Condenseur condo (typ.),1,INSTANCE AU PLAN — NON CUMULABLE AVEC SCHÉMAS/TYPES,MODELE NON PRECISE,Fourniture mécanique; même appareil que les renvois des logements types. Tension et puissance non inscrites localement.,Toiture,6054.02,1991.07,1,,,,
E202,E202-0051,Condenseur logement,Condenseur condo (typ.),1,INSTANCE AU PLAN — NON CUMULABLE AVEC SCHÉMAS/TYPES,MODELE NON PRECISE,Fourniture mécanique; même appareil que les renvois des logements types. Tension et puissance non inscrites localement.,Toiture,1906.87,2006.08,1,,,,
E202,E202-0052,Condenseur logement,Condenseur condo (typ.),1,INSTANCE AU PLAN — NON CUMULABLE AVEC SCHÉMAS/TYPES,MODELE NON PRECISE,Fourniture mécanique; même appareil que les renvois des logements types. Tension et puissance non inscrites localement.,Toiture,2371.84,2006.08,1,,,,
E202,E202-0053,Condenseur logement,Condenseur condo (typ.),1,INSTANCE AU PLAN — NON CUMULABLE AVEC SCHÉMAS/TYPES,MODELE NON PRECISE,Fourniture mécanique; même appareil que les renvois des logements types. Tension et puissance non inscrites localement.,Toiture,2956.79,2006.08,1,,,,
E202,E202-0054,Condenseur logement,Condenseur condo (typ.),1,INSTANCE AU PLAN — NON CUMULABLE AVEC SCHÉMAS/TYPES,MODELE NON PRECISE,Fourniture mécanique; même appareil que les renvois des logements types. Tension et puissance non inscrites localement.,Toiture,3086.15,2006.08,1,,,,
E202,E202-0055,Condenseur logement,Condenseur condo (typ.),1,INSTANCE AU PLAN — NON CUMULABLE AVEC SCHÉMAS/TYPES,MODELE NON PRECISE,Fourniture mécanique; même appareil que les renvois des logements types. Tension et puissance non inscrites localement.,Toiture,3779.82,2006.08,1,,,,
E202,E202-0056,Condenseur logement,Condenseur condo (typ.),1,INSTANCE AU PLAN — NON CUMULABLE AVEC SCHÉMAS/TYPES,MODELE NON PRECISE,Fourniture mécanique; même appareil que les renvois des logements types. Tension et puissance non inscrites localement.,Toiture,4398.51,2006.08,1,,,,
E202,E202-0057,Condenseur logement,Condenseur condo (typ.),1,INSTANCE AU PLAN — NON CUMULABLE AVEC SCHÉMAS/TYPES,MODELE NON PRECISE,Fourniture mécanique; même appareil que les renvois des logements types. Tension et puissance non inscrites localement.,Toiture,5624.65,2006.08,1,,,,
E202,E202-0058,Condenseur logement,Condenseur condo (typ.),1,INSTANCE AU PLAN — NON CUMULABLE AVEC SCHÉMAS/TYPES,MODELE NON PRECISE,Fourniture mécanique; même appareil que les renvois des logements types. Tension et puissance non inscrites localement.,Toiture,6586.43,2006.08,1,,,,
E202,E202-0059,Condenseur logement,Condenseur condo (typ.),1,INSTANCE AU PLAN — NON CUMULABLE AVEC SCHÉMAS/TYPES,MODELE NON PRECISE,Fourniture mécanique; même appareil que les renvois des logements types. Tension et puissance non inscrites localement.,Toiture,1402.58,2056.7,1,,,,
E202,E202-0060,Condenseur logement,Condenseur condo (typ.),1,INSTANCE AU PLAN — NON CUMULABLE AVEC SCHÉMAS/TYPES,MODELE NON PRECISE,Fourniture mécanique; même appareil que les renvois des logements types. Tension et puissance non inscrites localement.,Toiture,7190.17,2088.54,1,,,,
E202,E202-0061,Condenseur logement,Condenseur condo (typ.),1,INSTANCE AU PLAN — NON CUMULABLE AVEC SCHÉMAS/TYPES,MODELE NON PRECISE,Fourniture mécanique; même appareil que les renvois des logements types. Tension et puissance non inscrites localement.,Toiture,7321.38,2088.54,1,,,,
E202,E202-0062,Condenseur logement,Condenseur condo (typ.),1,INSTANCE AU PLAN — NON CUMULABLE AVEC SCHÉMAS/TYPES,MODELE NON PRECISE,Fourniture mécanique; même appareil que les renvois des logements types. Tension et puissance non inscrites localement.,Toiture,7973.82,2088.54,1,,,,
E202,E202-0063,Condenseur logement,Condenseur condo (typ.),1,INSTANCE AU PLAN — NON CUMULABLE AVEC SCHÉMAS/TYPES,MODELE NON PRECISE,Fourniture mécanique; même appareil que les renvois des logements types. Tension et puissance non inscrites localement.,Toiture,8461.3,2088.54,1,,,,
E202,E202-0064,Condenseur logement,Condenseur condo (typ.),1,INSTANCE AU PLAN — NON CUMULABLE AVEC SCHÉMAS/TYPES,MODELE NON PRECISE,Fourniture mécanique; même appareil que les renvois des logements types. Tension et puissance non inscrites localement.,Toiture,6054.02,2109.18,1,,,,
E202,E202-0065,Condenseur logement,Condenseur condo (typ.),1,INSTANCE AU PLAN — NON CUMULABLE AVEC SCHÉMAS/TYPES,MODELE NON PRECISE,Fourniture mécanique; même appareil que les renvois des logements types. Tension et puissance non inscrites localement.,Toiture,1906.87,2124.2,1,,,,
E202,E202-0066,Condenseur logement,Condenseur condo (typ.),1,INSTANCE AU PLAN — NON CUMULABLE AVEC SCHÉMAS/TYPES,MODELE NON PRECISE,Fourniture mécanique; même appareil que les renvois des logements types. Tension et puissance non inscrites localement.,Toiture,2371.84,2124.2,1,,,,
E202,E202-0067,Condenseur logement,Condenseur condo (typ.),1,INSTANCE AU PLAN — NON CUMULABLE AVEC SCHÉMAS/TYPES,MODELE NON PRECISE,Fourniture mécanique; même appareil que les renvois des logements types. Tension et puissance non inscrites localement.,Toiture,2956.79,2124.2,1,,,,
E202,E202-0068,Condenseur logement,Condenseur condo (typ.),1,INSTANCE AU PLAN — NON CUMULABLE AVEC SCHÉMAS/TYPES,MODELE NON PRECISE,Fourniture mécanique; même appareil que les renvois des logements types. Tension et puissance non inscrites localement.,Toiture,3086.15,2124.2,1,,,,
E202,E202-0069,Condenseur logement,Condenseur condo (typ.),1,INSTANCE AU PLAN — NON CUMULABLE AVEC SCHÉMAS/TYPES,MODELE NON PRECISE,Fourniture mécanique; même appareil que les renvois des logements types. Tension et puissance non inscrites localement.,Toiture,3779.82,2124.2,1,,,,
E202,E202-0070,Condenseur logement,Condenseur condo (typ.),1,INSTANCE AU PLAN — NON CUMULABLE AVEC SCHÉMAS/TYPES,MODELE NON PRECISE,Fourniture mécanique; même appareil que les renvois des logements types. Tension et puissance non inscrites localement.,Toiture,4398.51,2124.2,1,,,,
E202,E202-0071,Condenseur logement,Condenseur condo (typ.),1,INSTANCE AU PLAN — NON CUMULABLE AVEC SCHÉMAS/TYPES,MODELE NON PRECISE,Fourniture mécanique; même appareil que les renvois des logements types. Tension et puissance non inscrites localement.,Toiture,5624.65,2124.2,1,,,,
E202,E202-0072,Condenseur logement,Condenseur condo (typ.),1,INSTANCE AU PLAN — NON CUMULABLE AVEC SCHÉMAS/TYPES,MODELE NON PRECISE,Fourniture mécanique; même appareil que les renvois des logements types. Tension et puissance non inscrites localement.,Toiture,6586.43,2124.2,1,,,,
E202,E202-0073,Sectionneur 30 A 2P,"30A-2P, E.I.",1,INSTANCE AU PLAN — NON CUMULABLE AVEC SCHÉMAS/TYPES,MODELE NON PRECISE,"Calibre du sectionneur, pas du disjoncteur; fusibles non indiqués.",Toiture,2196.92,1105.21,1,,30,2,
E202,E202-0074,Sectionneur 30 A 2P,"30A-2P, E.I.",1,INSTANCE AU PLAN — NON CUMULABLE AVEC SCHÉMAS/TYPES,MODELE NON PRECISE,"Calibre du sectionneur, pas du disjoncteur; fusibles non indiqués.",Toiture,2386.3,1105.21,1,,30,2,
E202,E202-0075,Sectionneur 30 A 2P,"30A-2P, E.I.",1,INSTANCE AU PLAN — NON CUMULABLE AVEC SCHÉMAS/TYPES,MODELE NON PRECISE,"Calibre du sectionneur, pas du disjoncteur; fusibles non indiqués.",Toiture,5849.06,1112.69,1,,30,2,
E202,E202-0076,Sectionneur 30 A 2P,"30A-2P, E.I.",1,INSTANCE AU PLAN — NON CUMULABLE AVEC SCHÉMAS/TYPES,MODELE NON PRECISE,"Calibre du sectionneur, pas du disjoncteur; fusibles non indiqués.",Toiture,6038.44,1112.69,1,,30,2,
E202,E202-0077,Sectionneur 30 A 2P,"30A-2P, E.I.",1,INSTANCE AU PLAN — NON CUMULABLE AVEC SCHÉMAS/TYPES,MODELE NON PRECISE,"Calibre du sectionneur, pas du disjoncteur; fusibles non indiqués.",Toiture,7290.84,1123.94,1,,30,2,
E202,E202-0078,Sectionneur 30 A 2P,"30A-2P, E.I.",1,INSTANCE AU PLAN — NON CUMULABLE AVEC SCHÉMAS/TYPES,MODELE NON PRECISE,"Calibre du sectionneur, pas du disjoncteur; fusibles non indiqués.",Toiture,7480.16,1123.94,1,,30,2,
E202,E202-0079,Sectionneur 30 A 2P,"30A-2P, E.I.",1,INSTANCE AU PLAN — NON CUMULABLE AVEC SCHÉMAS/TYPES,MODELE NON PRECISE,"Calibre du sectionneur, pas du disjoncteur; fusibles non indiqués.",Toiture,8616.31,1127.71,1,,30,2,
E202,E202-0080,Sectionneur 30 A 2P,"30A-2P, E.I.",1,INSTANCE AU PLAN — NON CUMULABLE AVEC SCHÉMAS/TYPES,MODELE NON PRECISE,"Calibre du sectionneur, pas du disjoncteur; fusibles non indiqués.",Toiture,3655.52,1133.33,1,,30,2,
E202,E202-0081,Sectionneur 30 A 2P,"30A-2P, E.I.",1,INSTANCE AU PLAN — NON CUMULABLE AVEC SCHÉMAS/TYPES,MODELE NON PRECISE,"Calibre du sectionneur, pas du disjoncteur; fusibles non indiqués.",Toiture,3844.89,1133.33,1,,30,2,
E202,E202-0082,Sectionneur 30 A 2P,"30A-2P, E.I.",1,INSTANCE AU PLAN — NON CUMULABLE AVEC SCHÉMAS/TYPES,MODELE NON PRECISE,"Calibre du sectionneur, pas du disjoncteur; fusibles non indiqués.",Toiture,1088.9,1172.7,1,,30,2,
E202,E202-0083,Sectionneur 30 A 2P,"30A-2P, E.I.",1,INSTANCE AU PLAN — NON CUMULABLE AVEC SCHÉMAS/TYPES,MODELE NON PRECISE,"Calibre du sectionneur, pas du disjoncteur; fusibles non indiqués.",Toiture,2196.92,1223.32,1,,30,2,
E202,E202-0084,Sectionneur 30 A 2P,"30A-2P, E.I.",1,INSTANCE AU PLAN — NON CUMULABLE AVEC SCHÉMAS/TYPES,MODELE NON PRECISE,"Calibre du sectionneur, pas du disjoncteur; fusibles non indiqués.",Toiture,2386.3,1223.32,1,,30,2,
E202,E202-0085,Sectionneur 30 A 2P,"30A-2P, E.I.",1,INSTANCE AU PLAN — NON CUMULABLE AVEC SCHÉMAS/TYPES,MODELE NON PRECISE,"Calibre du sectionneur, pas du disjoncteur; fusibles non indiqués.",Toiture,5849.06,1230.8,1,,30,2,
E202,E202-0086,Sectionneur 30 A 2P,"30A-2P, E.I.",1,INSTANCE AU PLAN — NON CUMULABLE AVEC SCHÉMAS/TYPES,MODELE NON PRECISE,"Calibre du sectionneur, pas du disjoncteur; fusibles non indiqués.",Toiture,6038.44,1230.8,1,,30,2,
E202,E202-0087,Sectionneur 30 A 2P,"30A-2P, E.I.",1,INSTANCE AU PLAN — NON CUMULABLE AVEC SCHÉMAS/TYPES,MODELE NON PRECISE,"Calibre du sectionneur, pas du disjoncteur; fusibles non indiqués.",Toiture,7290.84,1242.05,1,,30,2,
E202,E202-0088,Sectionneur 30 A 2P,"30A-2P, E.I.",1,INSTANCE AU PLAN — NON CUMULABLE AVEC SCHÉMAS/TYPES,MODELE NON PRECISE,"Calibre du sectionneur, pas du disjoncteur; fusibles non indiqués.",Toiture,7480.16,1242.05,1,,30,2,
E202,E202-0089,Sectionneur 30 A 2P,"30A-2P, E.I.",1,INSTANCE AU PLAN — NON CUMULABLE AVEC SCHÉMAS/TYPES,MODELE NON PRECISE,"Calibre du sectionneur, pas du disjoncteur; fusibles non indiqués.",Toiture,8616.31,1245.82,1,,30,2,
E202,E202-0090,Sectionneur 30 A 2P,"30A-2P, E.I.",1,INSTANCE AU PLAN — NON CUMULABLE AVEC SCHÉMAS/TYPES,MODELE NON PRECISE,"Calibre du sectionneur, pas du disjoncteur; fusibles non indiqués.",Toiture,3844.89,1251.45,1,,30,2,
E202,E202-0091,Sectionneur 30 A 2P,"30A-2P, E.I.",1,INSTANCE AU PLAN — NON CUMULABLE AVEC SCHÉMAS/TYPES,MODELE NON PRECISE,"Calibre du sectionneur, pas du disjoncteur; fusibles non indiqués.",Toiture,3655.52,1253.3,1,,30,2,
E202,E202-0092,Sectionneur 30 A 2P,"30A-2P, E.I.",1,INSTANCE AU PLAN — NON CUMULABLE AVEC SCHÉMAS/TYPES,MODELE NON PRECISE,"Calibre du sectionneur, pas du disjoncteur; fusibles non indiqués.",Toiture,1088.9,1290.82,1,,30,2,
E202,E202-0093,Sectionneur 30 A 2P,"30A-2P, E.I.",1,INSTANCE AU PLAN — NON CUMULABLE AVEC SCHÉMAS/TYPES,MODELE NON PRECISE,"Calibre du sectionneur, pas du disjoncteur; fusibles non indiqués.",Toiture,2196.92,1341.44,1,,30,2,
E202,E202-0094,Sectionneur 30 A 2P,"30A-2P, E.I.",1,INSTANCE AU PLAN — NON CUMULABLE AVEC SCHÉMAS/TYPES,MODELE NON PRECISE,"Calibre du sectionneur, pas du disjoncteur; fusibles non indiqués.",Toiture,2386.3,1341.44,1,,30,2,
E202,E202-0095,Sectionneur 30 A 2P,"30A-2P, E.I.",1,INSTANCE AU PLAN — NON CUMULABLE AVEC SCHÉMAS/TYPES,MODELE NON PRECISE,"Calibre du sectionneur, pas du disjoncteur; fusibles non indiqués.",Toiture,5849.06,1348.92,1,,30,2,
E202,E202-0096,Sectionneur 30 A 2P,"30A-2P, E.I.",1,INSTANCE AU PLAN — NON CUMULABLE AVEC SCHÉMAS/TYPES,MODELE NON PRECISE,"Calibre du sectionneur, pas du disjoncteur; fusibles non indiqués.",Toiture,6038.44,1348.92,1,,30,2,
E202,E202-0097,Sectionneur 30 A 2P,"30A-2P, E.I.",1,INSTANCE AU PLAN — NON CUMULABLE AVEC SCHÉMAS/TYPES,MODELE NON PRECISE,"Calibre du sectionneur, pas du disjoncteur; fusibles non indiqués.",Toiture,7290.84,1360.17,1,,30,2,
E202,E202-0098,Sectionneur 30 A 2P,"30A-2P, E.I.",1,INSTANCE AU PLAN — NON CUMULABLE AVEC SCHÉMAS/TYPES,MODELE NON PRECISE,"Calibre du sectionneur, pas du disjoncteur; fusibles non indiqués.",Toiture,7480.16,1360.17,1,,30,2,
E202,E202-0099,Sectionneur 30 A 2P,"30A-2P, E.I.",1,INSTANCE AU PLAN — NON CUMULABLE AVEC SCHÉMAS/TYPES,MODELE NON PRECISE,"Calibre du sectionneur, pas du disjoncteur; fusibles non indiqués.",Toiture,8616.31,1363.94,1,,30,2,
E202,E202-0100,Sectionneur 30 A 2P,"30A-2P, E.I.",1,INSTANCE AU PLAN — NON CUMULABLE AVEC SCHÉMAS/TYPES,MODELE NON PRECISE,"Calibre du sectionneur, pas du disjoncteur; fusibles non indiqués.",Toiture,3655.52,1369.56,1,,30,2,
E202,E202-0101,Sectionneur 30 A 2P,"30A-2P, E.I.",1,INSTANCE AU PLAN — NON CUMULABLE AVEC SCHÉMAS/TYPES,MODELE NON PRECISE,"Calibre du sectionneur, pas du disjoncteur; fusibles non indiqués.",Toiture,3844.89,1369.56,1,,30,2,
E202,E202-0102,Sectionneur 30 A 2P,"30A-2P, E.I.",1,INSTANCE AU PLAN — NON CUMULABLE AVEC SCHÉMAS/TYPES,MODELE NON PRECISE,"Calibre du sectionneur, pas du disjoncteur; fusibles non indiqués.",Toiture,1088.9,1408.93,1,,30,2,
E202,E202-0103,Sectionneur 30 A 2P,"30A-2P, E.I.",1,INSTANCE AU PLAN — NON CUMULABLE AVEC SCHÉMAS/TYPES,MODELE NON PRECISE,"Calibre du sectionneur, pas du disjoncteur; fusibles non indiqués.",Toiture,1338.23,1849.5,1,,30,2,
E202,E202-0104,Sectionneur 30 A 2P,"30A-2P, E.I.",1,INSTANCE AU PLAN — NON CUMULABLE AVEC SCHÉMAS/TYPES,MODELE NON PRECISE,"Calibre du sectionneur, pas du disjoncteur; fusibles non indiqués.",Toiture,7078.97,1873.91,1,,30,2,
E202,E202-0105,Sectionneur 30 A 2P,"30A-2P, E.I.",1,INSTANCE AU PLAN — NON CUMULABLE AVEC SCHÉMAS/TYPES,MODELE NON PRECISE,"Calibre du sectionneur, pas du disjoncteur; fusibles non indiqués.",Toiture,7268.35,1873.91,1,,30,2,
E202,E202-0106,Sectionneur 30 A 2P,"30A-2P, E.I.",1,INSTANCE AU PLAN — NON CUMULABLE AVEC SCHÉMAS/TYPES,MODELE NON PRECISE,"Calibre du sectionneur, pas du disjoncteur; fusibles non indiqués.",Toiture,7902.0,1873.91,1,,30,2,
E202,E202-0107,Sectionneur 30 A 2P,"30A-2P, E.I.",1,INSTANCE AU PLAN — NON CUMULABLE AVEC SCHÉMAS/TYPES,MODELE NON PRECISE,"Calibre du sectionneur, pas du disjoncteur; fusibles non indiqués.",Toiture,8381.99,1881.39,1,,30,2,
E202,E202-0108,Sectionneur 30 A 2P,"30A-2P, E.I.",1,INSTANCE AU PLAN — NON CUMULABLE AVEC SCHÉMAS/TYPES,MODELE NON PRECISE,"Calibre du sectionneur, pas du disjoncteur; fusibles non indiqués.",Toiture,2845.59,1907.65,1,,30,2,
E202,E202-0109,Sectionneur 30 A 2P,"30A-2P, E.I.",1,INSTANCE AU PLAN — NON CUMULABLE AVEC SCHÉMAS/TYPES,MODELE NON PRECISE,"Calibre du sectionneur, pas du disjoncteur; fusibles non indiqués.",Toiture,3034.97,1907.65,1,,30,2,
E202,E202-0110,Sectionneur 30 A 2P,"30A-2P, E.I.",1,INSTANCE AU PLAN — NON CUMULABLE AVEC SCHÉMAS/TYPES,MODELE NON PRECISE,"Calibre du sectionneur, pas du disjoncteur; fusibles non indiqués.",Toiture,5980.34,1909.51,1,,30,2,
E202,E202-0111,Sectionneur 30 A 2P,"30A-2P, E.I.",1,INSTANCE AU PLAN — NON CUMULABLE AVEC SCHÉMAS/TYPES,MODELE NON PRECISE,"Calibre du sectionneur, pas du disjoncteur; fusibles non indiqués.",Toiture,5562.22,1913.28,1,,30,2,
E202,E202-0112,Sectionneur 30 A 2P,"30A-2P, E.I.",1,INSTANCE AU PLAN — NON CUMULABLE AVEC SCHÉMAS/TYPES,MODELE NON PRECISE,"Calibre du sectionneur, pas du disjoncteur; fusibles non indiqués.",Toiture,2292.54,1915.14,1,,30,2,
E202,E202-0113,Sectionneur 30 A 2P,"30A-2P, E.I.",1,INSTANCE AU PLAN — NON CUMULABLE AVEC SCHÉMAS/TYPES,MODELE NON PRECISE,"Calibre du sectionneur, pas du disjoncteur; fusibles non indiqués.",Toiture,3698.66,1918.9,1,,30,2,
E202,E202-0114,Sectionneur 30 A 2P,"30A-2P, E.I.",1,INSTANCE AU PLAN — NON CUMULABLE AVEC SCHÉMAS/TYPES,MODELE NON PRECISE,"Calibre du sectionneur, pas du disjoncteur; fusibles non indiqués.",Toiture,4315.49,1920.76,1,,30,2,
E202,E202-0115,Sectionneur 30 A 2P,"30A-2P, E.I.",1,INSTANCE AU PLAN — NON CUMULABLE AVEC SCHÉMAS/TYPES,MODELE NON PRECISE,"Calibre du sectionneur, pas du disjoncteur; fusibles non indiqués.",Toiture,1835.1,1922.62,1,,30,2,
E202,E202-0116,Sectionneur 30 A 2P,"30A-2P, E.I.",1,INSTANCE AU PLAN — NON CUMULABLE AVEC SCHÉMAS/TYPES,MODELE NON PRECISE,"Calibre du sectionneur, pas du disjoncteur; fusibles non indiqués.",Toiture,6510.9,1937.63,1,,30,2,
E202,E202-0117,Sectionneur 30 A 2P,"30A-2P, E.I.",1,INSTANCE AU PLAN — NON CUMULABLE AVEC SCHÉMAS/TYPES,MODELE NON PRECISE,"Calibre du sectionneur, pas du disjoncteur; fusibles non indiqués.",Toiture,1338.23,1969.52,1,,30,2,
E202,E202-0118,Sectionneur 30 A 2P,"30A-2P, E.I.",1,INSTANCE AU PLAN — NON CUMULABLE AVEC SCHÉMAS/TYPES,MODELE NON PRECISE,"Calibre du sectionneur, pas du disjoncteur; fusibles non indiqués.",Toiture,7078.97,1992.02,1,,30,2,
E202,E202-0119,Sectionneur 30 A 2P,"30A-2P, E.I.",1,INSTANCE AU PLAN — NON CUMULABLE AVEC SCHÉMAS/TYPES,MODELE NON PRECISE,"Calibre du sectionneur, pas du disjoncteur; fusibles non indiqués.",Toiture,7268.35,1992.02,1,,30,2,
E202,E202-0120,Sectionneur 30 A 2P,"30A-2P, E.I.",1,INSTANCE AU PLAN — NON CUMULABLE AVEC SCHÉMAS/TYPES,MODELE NON PRECISE,"Calibre du sectionneur, pas du disjoncteur; fusibles non indiqués.",Toiture,7902.0,1992.02,1,,30,2,
E202,E202-0121,Sectionneur 30 A 2P,"30A-2P, E.I.",1,INSTANCE AU PLAN — NON CUMULABLE AVEC SCHÉMAS/TYPES,MODELE NON PRECISE,"Calibre du sectionneur, pas du disjoncteur; fusibles non indiqués.",Toiture,8381.99,1999.5,1,,30,2,
E202,E202-0122,Sectionneur 30 A 2P,"30A-2P, E.I.",1,INSTANCE AU PLAN — NON CUMULABLE AVEC SCHÉMAS/TYPES,MODELE NON PRECISE,"Calibre du sectionneur, pas du disjoncteur; fusibles non indiqués.",Toiture,2845.59,2027.62,1,,30,2,
E202,E202-0123,Sectionneur 30 A 2P,"30A-2P, E.I.",1,INSTANCE AU PLAN — NON CUMULABLE AVEC SCHÉMAS/TYPES,MODELE NON PRECISE,"Calibre du sectionneur, pas du disjoncteur; fusibles non indiqués.",Toiture,3034.97,2027.62,1,,30,2,
E202,E202-0124,Sectionneur 30 A 2P,"30A-2P, E.I.",1,INSTANCE AU PLAN — NON CUMULABLE AVEC SCHÉMAS/TYPES,MODELE NON PRECISE,"Calibre du sectionneur, pas du disjoncteur; fusibles non indiqués.",Toiture,5980.34,2027.62,1,,30,2,
E202,E202-0125,Sectionneur 30 A 2P,"30A-2P, E.I.",1,INSTANCE AU PLAN — NON CUMULABLE AVEC SCHÉMAS/TYPES,MODELE NON PRECISE,"Calibre du sectionneur, pas du disjoncteur; fusibles non indiqués.",Toiture,5564.13,2031.39,1,,30,2,
E202,E202-0126,Sectionneur 30 A 2P,"30A-2P, E.I.",1,INSTANCE AU PLAN — NON CUMULABLE AVEC SCHÉMAS/TYPES,MODELE NON PRECISE,"Calibre du sectionneur, pas du disjoncteur; fusibles non indiqués.",Toiture,2292.54,2035.11,1,,30,2,
E202,E202-0127,Sectionneur 30 A 2P,"30A-2P, E.I.",1,INSTANCE AU PLAN — NON CUMULABLE AVEC SCHÉMAS/TYPES,MODELE NON PRECISE,"Calibre du sectionneur, pas du disjoncteur; fusibles non indiqués.",Toiture,3698.66,2037.02,1,,30,2,
E202,E202-0128,Sectionneur 30 A 2P,"30A-2P, E.I.",1,INSTANCE AU PLAN — NON CUMULABLE AVEC SCHÉMAS/TYPES,MODELE NON PRECISE,"Calibre du sectionneur, pas du disjoncteur; fusibles non indiqués.",Toiture,4315.49,2038.87,1,,30,2,
E202,E202-0129,Sectionneur 30 A 2P,"30A-2P, E.I.",1,INSTANCE AU PLAN — NON CUMULABLE AVEC SCHÉMAS/TYPES,MODELE NON PRECISE,"Calibre du sectionneur, pas du disjoncteur; fusibles non indiqués.",Toiture,1835.1,2040.73,1,,30,2,
E202,E202-0130,Sectionneur 30 A 2P,"30A-2P, E.I.",1,INSTANCE AU PLAN — NON CUMULABLE AVEC SCHÉMAS/TYPES,MODELE NON PRECISE,"Calibre du sectionneur, pas du disjoncteur; fusibles non indiqués.",Toiture,6510.9,2055.75,1,,30,2,
E202,E202-0131,Sectionneur 30 A 2P,"30A-2P, E.I.",1,INSTANCE AU PLAN — NON CUMULABLE AVEC SCHÉMAS/TYPES,MODELE NON PRECISE,"Calibre du sectionneur, pas du disjoncteur; fusibles non indiqués.",Toiture,1338.23,2087.64,1,,30,2,
E202,E202-0132,Sectionneur 30 A 2P,"30A-2P, E.I.",1,INSTANCE AU PLAN — NON CUMULABLE AVEC SCHÉMAS/TYPES,MODELE NON PRECISE,"Calibre du sectionneur, pas du disjoncteur; fusibles non indiqués.",Toiture,7078.97,2110.14,1,,30,2,
E202,E202-0133,Sectionneur 30 A 2P,"30A-2P, E.I.",1,INSTANCE AU PLAN — NON CUMULABLE AVEC SCHÉMAS/TYPES,MODELE NON PRECISE,"Calibre du sectionneur, pas du disjoncteur; fusibles non indiqués.",Toiture,7268.35,2110.14,1,,30,2,
E202,E202-0134,Sectionneur 30 A 2P,"30A-2P, E.I.",1,INSTANCE AU PLAN — NON CUMULABLE AVEC SCHÉMAS/TYPES,MODELE NON PRECISE,"Calibre du sectionneur, pas du disjoncteur; fusibles non indiqués.",Toiture,7902.0,2110.14,1,,30,2,
E202,E202-0135,Sectionneur 30 A 2P,"30A-2P, E.I.",1,INSTANCE AU PLAN — NON CUMULABLE AVEC SCHÉMAS/TYPES,MODELE NON PRECISE,"Calibre du sectionneur, pas du disjoncteur; fusibles non indiqués.",Toiture,8381.99,2117.62,1,,30,2,
E202,E202-0136,Sectionneur 30 A 2P,"30A-2P, E.I.",1,INSTANCE AU PLAN — NON CUMULABLE AVEC SCHÉMAS/TYPES,MODELE NON PRECISE,"Calibre du sectionneur, pas du disjoncteur; fusibles non indiqués.",Toiture,2845.59,2145.74,1,,30,2,
E202,E202-0137,Sectionneur 30 A 2P,"30A-2P, E.I.",1,INSTANCE AU PLAN — NON CUMULABLE AVEC SCHÉMAS/TYPES,MODELE NON PRECISE,"Calibre du sectionneur, pas du disjoncteur; fusibles non indiqués.",Toiture,3034.97,2145.74,1,,30,2,
E202,E202-0138,Sectionneur 30 A 2P,"30A-2P, E.I.",1,INSTANCE AU PLAN — NON CUMULABLE AVEC SCHÉMAS/TYPES,MODELE NON PRECISE,"Calibre du sectionneur, pas du disjoncteur; fusibles non indiqués.",Toiture,5980.34,2145.74,1,,30,2,
E202,E202-0139,Sectionneur 30 A 2P,"30A-2P, E.I.",1,INSTANCE AU PLAN — NON CUMULABLE AVEC SCHÉMAS/TYPES,MODELE NON PRECISE,"Calibre du sectionneur, pas du disjoncteur; fusibles non indiqués.",Toiture,5562.22,2149.51,1,,30,2,
E202,E202-0140,Sectionneur 30 A 2P,"30A-2P, E.I.",1,INSTANCE AU PLAN — NON CUMULABLE AVEC SCHÉMAS/TYPES,MODELE NON PRECISE,"Calibre du sectionneur, pas du disjoncteur; fusibles non indiqués.",Toiture,2292.54,2153.22,1,,30,2,
E202,E202-0141,Sectionneur 30 A 2P,"30A-2P, E.I.",1,INSTANCE AU PLAN — NON CUMULABLE AVEC SCHÉMAS/TYPES,MODELE NON PRECISE,"Calibre du sectionneur, pas du disjoncteur; fusibles non indiqués.",Toiture,3698.66,2155.13,1,,30,2,
E202,E202-0142,Sectionneur 30 A 2P,"30A-2P, E.I.",1,INSTANCE AU PLAN — NON CUMULABLE AVEC SCHÉMAS/TYPES,MODELE NON PRECISE,"Calibre du sectionneur, pas du disjoncteur; fusibles non indiqués.",Toiture,4315.49,2156.99,1,,30,2,
E202,E202-0143,Sectionneur 30 A 2P,"30A-2P, E.I.",1,INSTANCE AU PLAN — NON CUMULABLE AVEC SCHÉMAS/TYPES,MODELE NON PRECISE,"Calibre du sectionneur, pas du disjoncteur; fusibles non indiqués.",Toiture,1835.1,2158.84,1,,30,2,
E202,E202-0144,Sectionneur 30 A 2P,"30A-2P, E.I.",1,INSTANCE AU PLAN — NON CUMULABLE AVEC SCHÉMAS/TYPES,MODELE NON PRECISE,"Calibre du sectionneur, pas du disjoncteur; fusibles non indiqués.",Toiture,6510.9,2173.86,1,,30,2,
E202,E202-0145,Luminaire H,"H, réf. E108",1,INSTANCE AU PLAN — NON CUMULABLE AVEC SCHÉMAS/TYPES,MODELE NON PRECISE,Choix fabricant et variation selon cédule; aucun cumul avec schémas.,4e étage,4951.4,4895.15,1,,,,
E202,E202-0146,Luminaire H,"H, réf. E108",1,INSTANCE AU PLAN — NON CUMULABLE AVEC SCHÉMAS/TYPES,MODELE NON PRECISE,Choix fabricant et variation selon cédule; aucun cumul avec schémas.,4e étage,4793.91,5050.78,1,,,,
E202,E202-0147,Luminaire H,"H, réf. E108",1,INSTANCE AU PLAN — NON CUMULABLE AVEC SCHÉMAS/TYPES,MODELE NON PRECISE,Choix fabricant et variation selon cédule; aucun cumul avec schémas.,4e étage,4951.4,5050.78,1,,,,
E202,E202-0148,Luminaire H,"H, réf. E108",1,INSTANCE AU PLAN — NON CUMULABLE AVEC SCHÉMAS/TYPES,MODELE NON PRECISE,Choix fabricant et variation selon cédule; aucun cumul avec schémas.,4e étage,4951.4,5206.41,1,,,,
E202,E202-0149,Luminaire H,"H, réf. E108",1,INSTANCE AU PLAN — NON CUMULABLE AVEC SCHÉMAS/TYPES,MODELE NON PRECISE,Choix fabricant et variation selon cédule; aucun cumul avec schémas.,4e étage,5176.38,5245.78,1,,,,
E202,E202-0150,Luminaire H,"H, réf. E108",1,INSTANCE AU PLAN — NON CUMULABLE AVEC SCHÉMAS/TYPES,MODELE NON PRECISE,Choix fabricant et variation selon cédule; aucun cumul avec schémas.,4e étage,1578.62,5277.62,1,,,,
E202,E202-0151,Luminaire H,"H, réf. E108",1,INSTANCE AU PLAN — NON CUMULABLE AVEC SCHÉMAS/TYPES,MODELE NON PRECISE,Choix fabricant et variation selon cédule; aucun cumul avec schémas.,4e étage,8269.84,5277.62,1,,,,
E202,E202-0152,Luminaire H,"H, réf. E108",1,INSTANCE AU PLAN — NON CUMULABLE AVEC SCHÉMAS/TYPES,MODELE NON PRECISE,Choix fabricant et variation selon cédule; aucun cumul avec schémas.,4e étage,4793.91,5363.9,1,,,,
E202,E202-0153,Luminaire H,"H, réf. E108",1,INSTANCE AU PLAN — NON CUMULABLE AVEC SCHÉMAS/TYPES,MODELE NON PRECISE,Choix fabricant et variation selon cédule; aucun cumul avec schémas.,4e étage,4940.15,5363.9,1,,,,
E202,E202-0154,Luminaire H,"H, réf. E108",1,INSTANCE AU PLAN — NON CUMULABLE AVEC SCHÉMAS/TYPES,MODELE NON PRECISE,Choix fabricant et variation selon cédule; aucun cumul avec schémas.,4e étage,5086.39,5363.9,1,,,,
E202,E202-0155,Luminaire H,"H, réf. E108",1,INSTANCE AU PLAN — NON CUMULABLE AVEC SCHÉMAS/TYPES,MODELE NON PRECISE,Choix fabricant et variation selon cédule; aucun cumul avec schémas.,4e étage,5204.5,5363.9,1,,,,
E202,E202-0156,Luminaire H,"H, réf. E108",1,INSTANCE AU PLAN — NON CUMULABLE AVEC SCHÉMAS/TYPES,MODELE NON PRECISE,Choix fabricant et variation selon cédule; aucun cumul avec schémas.,4e étage,1692.97,5365.75,1,,,,
E202,E202-0157,Luminaire H,"H, réf. E108",1,INSTANCE AU PLAN — NON CUMULABLE AVEC SCHÉMAS/TYPES,MODELE NON PRECISE,Choix fabricant et variation selon cédule; aucun cumul avec schémas.,4e étage,1955.46,5365.75,1,,,,
E202,E202-0158,Luminaire H,"H, réf. E108",1,INSTANCE AU PLAN — NON CUMULABLE AVEC SCHÉMAS/TYPES,MODELE NON PRECISE,Choix fabricant et variation selon cédule; aucun cumul avec schémas.,4e étage,2217.9,5365.75,1,,,,
E202,E202-0159,Luminaire H,"H, réf. E108",1,INSTANCE AU PLAN — NON CUMULABLE AVEC SCHÉMAS/TYPES,MODELE NON PRECISE,Choix fabricant et variation selon cédule; aucun cumul avec schémas.,4e étage,2480.4,5365.75,1,,,,
E202,E202-0160,Luminaire H,"H, réf. E108",1,INSTANCE AU PLAN — NON CUMULABLE AVEC SCHÉMAS/TYPES,MODELE NON PRECISE,Choix fabricant et variation selon cédule; aucun cumul avec schémas.,4e étage,2742.89,5365.75,1,,,,
E202,E202-0161,Luminaire H,"H, réf. E108",1,INSTANCE AU PLAN — NON CUMULABLE AVEC SCHÉMAS/TYPES,MODELE NON PRECISE,Choix fabricant et variation selon cédule; aucun cumul avec schémas.,4e étage,3005.33,5365.75,1,,,,
E202,E202-0162,Luminaire H,"H, réf. E108",1,INSTANCE AU PLAN — NON CUMULABLE AVEC SCHÉMAS/TYPES,MODELE NON PRECISE,Choix fabricant et variation selon cédule; aucun cumul avec schémas.,4e étage,3267.82,5365.75,1,,,,
E202,E202-0163,Luminaire H,"H, réf. E108",1,INSTANCE AU PLAN — NON CUMULABLE AVEC SCHÉMAS/TYPES,MODELE NON PRECISE,Choix fabricant et variation selon cédule; aucun cumul avec schémas.,4e étage,3530.32,5365.75,1,,,,
E202,E202-0164,Luminaire H,"H, réf. E108",1,INSTANCE AU PLAN — NON CUMULABLE AVEC SCHÉMAS/TYPES,MODELE NON PRECISE,Choix fabricant et variation selon cédule; aucun cumul avec schémas.,4e étage,3775.88,5365.75,1,,,,
E202,E202-0165,Luminaire H,"H, réf. E108",1,INSTANCE AU PLAN — NON CUMULABLE AVEC SCHÉMAS/TYPES,MODELE NON PRECISE,Choix fabricant et variation selon cédule; aucun cumul avec schémas.,4e étage,4040.23,5365.75,1,,,,
E202,E202-0166,Luminaire H,"H, réf. E108",1,INSTANCE AU PLAN — NON CUMULABLE AVEC SCHÉMAS/TYPES,MODELE NON PRECISE,Choix fabricant et variation selon cédule; aucun cumul avec schémas.,4e étage,4300.87,5365.75,1,,,,
E202,E202-0167,Luminaire H,"H, réf. E108",1,INSTANCE AU PLAN — NON CUMULABLE AVEC SCHÉMAS/TYPES,MODELE NON PRECISE,Choix fabricant et variation selon cédule; aucun cumul avec schémas.,4e étage,5549.5,5365.75,1,,,,
E202,E202-0168,Luminaire H,"H, réf. E108",1,INSTANCE AU PLAN — NON CUMULABLE AVEC SCHÉMAS/TYPES,MODELE NON PRECISE,Choix fabricant et variation selon cédule; aucun cumul avec schémas.,4e étage,5811.94,5365.75,1,,,,
E202,E202-0169,Luminaire H,"H, réf. E108",1,INSTANCE AU PLAN — NON CUMULABLE AVEC SCHÉMAS/TYPES,MODELE NON PRECISE,Choix fabricant et variation selon cédule; aucun cumul avec schémas.,4e étage,6074.44,5365.75,1,,,,
E202,E202-0170,Luminaire H,"H, réf. E108",1,INSTANCE AU PLAN — NON CUMULABLE AVEC SCHÉMAS/TYPES,MODELE NON PRECISE,Choix fabricant et variation selon cédule; aucun cumul avec schémas.,4e étage,6336.93,5365.75,1,,,,
E202,E202-0171,Luminaire H,"H, réf. E108",1,INSTANCE AU PLAN — NON CUMULABLE AVEC SCHÉMAS/TYPES,MODELE NON PRECISE,Choix fabricant et variation selon cédule; aucun cumul avec schémas.,4e étage,6582.5,5365.75,1,,,,
E202,E202-0172,Luminaire H,"H, réf. E108",1,INSTANCE AU PLAN — NON CUMULABLE AVEC SCHÉMAS/TYPES,MODELE NON PRECISE,Choix fabricant et variation selon cédule; aucun cumul avec schémas.,4e étage,6844.99,5365.75,1,,,,
E202,E202-0173,Luminaire H,"H, réf. E108",1,INSTANCE AU PLAN — NON CUMULABLE AVEC SCHÉMAS/TYPES,MODELE NON PRECISE,Choix fabricant et variation selon cédule; aucun cumul avec schémas.,4e étage,7107.49,5365.75,1,,,,
E202,E202-0174,Luminaire H,"H, réf. E108",1,INSTANCE AU PLAN — NON CUMULABLE AVEC SCHÉMAS/TYPES,MODELE NON PRECISE,Choix fabricant et variation selon cédule; aucun cumul avec schémas.,4e étage,7369.92,5365.75,1,,,,
E202,E202-0175,Luminaire H,"H, réf. E108",1,INSTANCE AU PLAN — NON CUMULABLE AVEC SCHÉMAS/TYPES,MODELE NON PRECISE,Choix fabricant et variation selon cédule; aucun cumul avec schémas.,4e étage,7632.42,5365.75,1,,,,
E202,E202-0176,Luminaire H,"H, réf. E108",1,INSTANCE AU PLAN — NON CUMULABLE AVEC SCHÉMAS/TYPES,MODELE NON PRECISE,Choix fabricant et variation selon cédule; aucun cumul avec schémas.,4e étage,7894.91,5365.75,1,,,,
E202,E202-0177,Luminaire H,"H, réf. E108",1,INSTANCE AU PLAN — NON CUMULABLE AVEC SCHÉMAS/TYPES,MODELE NON PRECISE,Choix fabricant et variation selon cédule; aucun cumul avec schémas.,4e étage,8162.81,5360.13,1,,,,
E202,E202-0178,Détecteur fumée,"Photoélectrique, adresse sur source",1,INSTANCE AU PLAN — NON CUMULABLE AVEC SCHÉMAS/TYPES,MODELE NON PRECISE,Même boucle incendie que schéma; non additionnable.,4e étage,4660.84,4896.11,1,,,,
E202,E202-0179,Détecteur fumée,"Photoélectrique, adresse sur source",1,INSTANCE AU PLAN — NON CUMULABLE AVEC SCHÉMAS/TYPES,MODELE NON PRECISE,Même boucle incendie que schéma; non additionnable.,4e étage,4771.41,4896.11,1,,,,
E202,E202-0180,Détecteur fumée,"Photoélectrique, adresse sur source",1,INSTANCE AU PLAN — NON CUMULABLE AVEC SCHÉMAS/TYPES,MODELE NON PRECISE,Même boucle incendie que schéma; non additionnable.,4e étage,4767.7,5074.24,1,,,,
E202,E202-0181,Détecteur fumée,"Photoélectrique, adresse sur source",1,INSTANCE AU PLAN — NON CUMULABLE AVEC SCHÉMAS/TYPES,MODELE NON PRECISE,Même boucle incendie que schéma; non additionnable.,4e étage,4660.84,5077.95,1,,,,
E202,E202-0182,Détecteur fumée,"Photoélectrique, adresse sur source",1,INSTANCE AU PLAN — NON CUMULABLE AVEC SCHÉMAS/TYPES,MODELE NON PRECISE,Même boucle incendie que schéma; non additionnable.,4e étage,4902.69,5349.84,1,,,,
E202,E202-0183,Détecteur fumée,"Photoélectrique, adresse sur source",1,INSTANCE AU PLAN — NON CUMULABLE AVEC SCHÉMAS/TYPES,MODELE NON PRECISE,Même boucle incendie que schéma; non additionnable.,4e étage,3704.68,5364.8,1,,,,
E202,E202-0184,Détecteur fumée,"Photoélectrique, adresse sur source",1,INSTANCE AU PLAN — NON CUMULABLE AVEC SCHÉMAS/TYPES,MODELE NON PRECISE,Même boucle incendie que schéma; non additionnable.,4e étage,6151.32,5364.8,1,,,,
E202,E202-0185,Détecteur fumée,"Photoélectrique, adresse sur source",1,INSTANCE AU PLAN — NON CUMULABLE AVEC SCHÉMAS/TYPES,MODELE NON PRECISE,Même boucle incendie que schéma; non additionnable.,4e étage,4452.73,5366.71,1,,,,
E202,E202-0186,Détecteur fumée,"Photoélectrique, adresse sur source",1,INSTANCE AU PLAN — NON CUMULABLE AVEC SCHÉMAS/TYPES,MODELE NON PRECISE,Même boucle incendie que schéma; non additionnable.,4e étage,1923.57,5368.57,1,,,,
E202,E202-0187,Détecteur fumée,"Photoélectrique, adresse sur source",1,INSTANCE AU PLAN — NON CUMULABLE AVEC SCHÉMAS/TYPES,MODELE NON PRECISE,Même boucle incendie que schéma; non additionnable.,4e étage,2832.88,5368.57,1,,,,
E202,E202-0188,Détecteur fumée,"Photoélectrique, adresse sur source",1,INSTANCE AU PLAN — NON CUMULABLE AVEC SCHÉMAS/TYPES,MODELE NON PRECISE,Même boucle incendie que schéma; non additionnable.,4e étage,7023.12,5368.57,1,,,,
E202,E202-0189,Détecteur fumée,"Photoélectrique, adresse sur source",1,INSTANCE AU PLAN — NON CUMULABLE AVEC SCHÉMAS/TYPES,MODELE NON PRECISE,Même boucle incendie que schéma; non additionnable.,4e étage,7932.37,5368.57,1,,,,
E202,E202-0190,Présence OS3,OS3,1,INSTANCE AU PLAN — NON CUMULABLE AVEC SCHÉMAS/TYPES,MODELE NON PRECISE,,4e étage,1625.47,5354.5,1,,,,
E202,E202-0191,Présence OS3,OS3,1,INSTANCE AU PLAN — NON CUMULABLE AVEC SCHÉMAS/TYPES,MODELE NON PRECISE,,4e étage,2375.39,5354.5,1,,,,
E202,E202-0192,Présence OS3,OS3,1,INSTANCE AU PLAN — NON CUMULABLE AVEC SCHÉMAS/TYPES,MODELE NON PRECISE,,4e étage,3125.35,5354.5,1,,,,
E202,E202-0193,Présence OS3,OS3,1,INSTANCE AU PLAN — NON CUMULABLE AVEC SCHÉMAS/TYPES,MODELE NON PRECISE,,4e étage,3875.27,5354.5,1,,,,
E202,E202-0194,Présence OS3,OS3,1,INSTANCE AU PLAN — NON CUMULABLE AVEC SCHÉMAS/TYPES,MODELE NON PRECISE,,4e étage,4478.94,5378.86,1,,,,
E202,E202-0195,Luminaire H,"H, réf. E108",1,INSTANCE AU PLAN — NON CUMULABLE AVEC SCHÉMAS/TYPES,MODELE NON PRECISE,,4e étage,4793.74,4894.98,1,,,,
E202,E202-0196,Luminaire H,"H, réf. E108",1,INSTANCE AU PLAN — NON CUMULABLE AVEC SCHÉMAS/TYPES,MODELE NON PRECISE,,4e étage,4793.74,5206.58,1,,,,
E202,E202-0197,Luminaire H,"H, réf. E108",1,INSTANCE AU PLAN — NON CUMULABLE AVEC SCHÉMAS/TYPES,MODELE NON PRECISE,,4e étage,4423.65,5362.94,1,,,,
E202,E202-0198,Luminaire H,"H, réf. E108",1,INSTANCE AU PLAN — NON CUMULABLE AVEC SCHÉMAS/TYPES,MODELE NON PRECISE,,4e étage,4662.69,5362.94,1,,,,
E202,E202-0199,Détecteur fumée,"Photoélectrique, adresse sur source",1,INSTANCE AU PLAN — NON CUMULABLE AVEC SCHÉMAS/TYPES,MODELE NON PRECISE,Non additionnable au schéma incendie.,4e étage,1602.98,5095.78,1,,,,
E202,E202-0200,Détecteur fumée,"Photoélectrique, adresse sur source",1,INSTANCE AU PLAN — NON CUMULABLE AVEC SCHÉMAS/TYPES,MODELE NON PRECISE,Non additionnable au schéma incendie.,4e étage,5140.77,5067.66,1,,,,
E202,E202-0201,Détecteur fumée,"Photoélectrique, adresse sur source",1,INSTANCE AU PLAN — NON CUMULABLE AVEC SCHÉMAS/TYPES,MODELE NON PRECISE,Non additionnable au schéma incendie.,4e étage,8235.92,5092.97,1,,,,
E202,E202-0202,Symbole circulaire lié au MRA,Cercle creux adjacent au MRA,1,INSTANCE AU PLAN — NON CUMULABLE AVEC SCHÉMAS/TYPES,MODELE NON PRECISE,Symbole visible distinct de la fumée photoélectrique diagonale; fonction exacte à clarifier. Ne pas intégrer au total détecteurs sans validation.,4e étage,4518.14,5383.75,1,,,,
E202,E202-0203,Symbole circulaire lié au MRA,Cercle creux adjacent au MRA,1,INSTANCE AU PLAN — NON CUMULABLE AVEC SCHÉMAS/TYPES,MODELE NON PRECISE,Symbole visible distinct de la fumée photoélectrique diagonale; fonction exacte à clarifier. Ne pas intégrer au total détecteurs sans validation.,4e étage,5353.94,5379.81,1,,,,
E202,E202-0204,Luminaire E,"E, réf. E108",1,INSTANCE AU PLAN — NON CUMULABLE AVEC SCHÉMAS/TYPES,MODELE NON PRECISE,,Cages escaliers,1631.1,4837.05,1,,,,
E202,E202-0205,Luminaire E,"E, réf. E108",1,INSTANCE AU PLAN — NON CUMULABLE AVEC SCHÉMAS/TYPES,MODELE NON PRECISE,,Cages escaliers,1659.22,5118.28,1,,,,
E202,E202-0206,Luminaire E,"E, réf. E108",1,INSTANCE AU PLAN — NON CUMULABLE AVEC SCHÉMAS/TYPES,MODELE NON PRECISE,,Cages escaliers,5157.65,4820.18,1,,,,
E202,E202-0207,Luminaire E,"E, réf. E108",1,INSTANCE AU PLAN — NON CUMULABLE AVEC SCHÉMAS/TYPES,MODELE NON PRECISE,,Cages escaliers,5157.65,5095.78,1,,,,
E202,E202-0208,Luminaire E,"E, réf. E108",1,INSTANCE AU PLAN — NON CUMULABLE AVEC SCHÉMAS/TYPES,MODELE NON PRECISE,,Cages escaliers,8211.74,4842.68,1,,,,
E202,E202-0209,Luminaire E,"E, réf. E108",1,INSTANCE AU PLAN — NON CUMULABLE AVEC SCHÉMAS/TYPES,MODELE NON PRECISE,,Cages escaliers,8237.05,5119.96,1,,,,
E202,E202-0210,Présence OS3,OS3,1,INSTANCE AU PLAN — NON CUMULABLE AVEC SCHÉMAS/TYPES,MODELE NON PRECISE,,4e étage,4908.48,4922.54,1,,,,
E202,E202-0211,Présence OS3,OS3,1,INSTANCE AU PLAN — NON CUMULABLE AVEC SCHÉMAS/TYPES,MODELE NON PRECISE,,4e étage,4918.61,5298.26,1,,,,
E202,E202-0212,Présence OS3,OS3,1,INSTANCE AU PLAN — NON CUMULABLE AVEC SCHÉMAS/TYPES,MODELE NON PRECISE,,4e étage,5386.56,5380.94,1,,,,
E202,E202-0213,Présence OS3,OS3,1,INSTANCE AU PLAN — NON CUMULABLE AVEC SCHÉMAS/TYPES,MODELE NON PRECISE,,4e étage,6029.44,5360.13,1,,,,
E202,E202-0214,Présence OS3,OS3,1,INSTANCE AU PLAN — NON CUMULABLE AVEC SCHÉMAS/TYPES,MODELE NON PRECISE,,4e étage,6783.12,5365.75,1,,,,
E202,E202-0215,Présence OS3,OS3,1,INSTANCE AU PLAN — NON CUMULABLE AVEC SCHÉMAS/TYPES,MODELE NON PRECISE,,4e étage,7525.55,5365.75,1,,,,
E202,E202-0216,Présence OS3,OS3,1,INSTANCE AU PLAN — NON CUMULABLE AVEC SCHÉMAS/TYPES,MODELE NON PRECISE,,4e étage,8228.61,5363.5,1,,,,
E202,E202-0217,Contrôleur DP2,DP2,1,INSTANCE AU PLAN — NON CUMULABLE AVEC SCHÉMAS/TYPES,MODELE NON PRECISE,,4e étage,2384.78,5334.82,1,,,,
E202,E202-0218,Contrôleur DP2,DP2,1,INSTANCE AU PLAN — NON CUMULABLE AVEC SCHÉMAS/TYPES,MODELE NON PRECISE,,4e étage,4915.79,4955.17,1,,,,
E202,E202-0219,Contrôleur DP2,DP2,1,INSTANCE AU PLAN — NON CUMULABLE AVEC SCHÉMAS/TYPES,MODELE NON PRECISE,,4e étage,5992.88,5375.88,1,,,,
E202,E202-0220,Prise toiture DDFT,"E.I., circuit PS1A-5",1,INSTANCE AU PLAN — NON CUMULABLE AVEC SCHÉMAS/TYPES,MODELE NON PRECISE,Protection DDFT selon symbole E100; calibre non assimilé au numéro de circuit.,PS1A,1164.27,1456.74,1,,,,
E202,E202-0221,Prise toiture DDFT,"E.I., circuit PS1A-5",1,INSTANCE AU PLAN — NON CUMULABLE AVEC SCHÉMAS/TYPES,MODELE NON PRECISE,Protection DDFT selon symbole E100; calibre non assimilé au numéro de circuit.,PS1A,2339.78,1456.74,1,,,,
E202,E202-0222,Prise toiture DDFT,"E.I., circuit PS1A-5",1,INSTANCE AU PLAN — NON CUMULABLE AVEC SCHÉMAS/TYPES,MODELE NON PRECISE,Protection DDFT selon symbole E100; calibre non assimilé au numéro de circuit.,PS1A,3844.33,1456.74,1,,,,
E202,E202-0223,Prise toiture DDFT,"E.I., circuit PS1A-5",1,INSTANCE AU PLAN — NON CUMULABLE AVEC SCHÉMAS/TYPES,MODELE NON PRECISE,Protection DDFT selon symbole E100; calibre non assimilé au numéro de circuit.,PS1A,4997.35,1507.36,1,,,,
E202,E202-0224,Prise toiture DDFT,"E.I., circuit PS1A-5",1,INSTANCE AU PLAN — NON CUMULABLE AVEC SCHÉMAS/TYPES,MODELE NON PRECISE,Protection DDFT selon symbole E100; calibre non assimilé au numéro de circuit.,PS1A,1687.34,1906.7,1,,,,
E202,E202-0225,Prise toiture DDFT,"E.I., circuit PS1A-5",1,INSTANCE AU PLAN — NON CUMULABLE AVEC SCHÉMAS/TYPES,MODELE NON PRECISE,Protection DDFT selon symbole E100; calibre non assimilé au numéro de circuit.,PS1A,2682.88,1884.2,1,,,,
E202,E202-0226,Prise toiture DDFT,"E.I., circuit PS1A-5",1,INSTANCE AU PLAN — NON CUMULABLE AVEC SCHÉMAS/TYPES,MODELE NON PRECISE,Protection DDFT selon symbole E100; calibre non assimilé au numéro de circuit.,PS1A,4060.87,1991.07,1,,,,
E202,E202-0227,Prise toiture DDFT,"E.I., circuit PS1-3",1,INSTANCE AU PLAN — NON CUMULABLE AVEC SCHÉMAS/TYPES,MODELE NON PRECISE,"Protection DDFT selon symbole E100; tension PS1 contradictoire entre E102 et E105, à clarifier.",PS1,6023.82,1456.74,1,,,,
E202,E202-0228,Prise toiture DDFT,"E.I., circuit PS1-3",1,INSTANCE AU PLAN — NON CUMULABLE AVEC SCHÉMAS/TYPES,MODELE NON PRECISE,"Protection DDFT selon symbole E100; tension PS1 contradictoire entre E102 et E105, à clarifier.",PS1,7421.5,1456.74,1,,,,
E202,E202-0229,Prise toiture DDFT,"E.I., circuit PS1-3",1,INSTANCE AU PLAN — NON CUMULABLE AVEC SCHÉMAS/TYPES,MODELE NON PRECISE,"Protection DDFT selon symbole E100; tension PS1 contradictoire entre E102 et E105, à clarifier.",PS1,8667.32,1456.74,1,,,,
E202,E202-0230,Prise toiture DDFT,"E.I., circuit PS1-3",1,INSTANCE AU PLAN — NON CUMULABLE AVEC SCHÉMAS/TYPES,MODELE NON PRECISE,"Protection DDFT selon symbole E100; tension PS1 contradictoire entre E102 et E105, à clarifier.",PS1,5798.84,2007.94,1,,,,
E202,E202-0231,Prise toiture DDFT,"E.I., circuit PS1-3",1,INSTANCE AU PLAN — NON CUMULABLE AVEC SCHÉMAS/TYPES,MODELE NON PRECISE,"Protection DDFT selon symbole E100; tension PS1 contradictoire entre E102 et E105, à clarifier.",PS1,6327.54,1979.82,1,,,,
E202,E202-0232,Prise toiture DDFT,"E.I., circuit PS1-3",1,INSTANCE AU PLAN — NON CUMULABLE AVEC SCHÉMAS/TYPES,MODELE NON PRECISE,"Protection DDFT selon symbole E100; tension PS1 contradictoire entre E102 et E105, à clarifier.",PS1,7261.2,1805.46,1,,,,
E202,E202-0233,Prise toiture DDFT,"E.I., circuit PS1-3",1,INSTANCE AU PLAN — NON CUMULABLE AVEC SCHÉMAS/TYPES,MODELE NON PRECISE,"Protection DDFT selon symbole E100; tension PS1 contradictoire entre E102 et E105, à clarifier.",PS1,8189.24,1856.08,1,,,,
E202,E202-0234,Unité apport air frais,"UAC01, PP1-38,40,42",1,INSTANCE AU PLAN — NON CUMULABLE AVEC SCHÉMAS/TYPES,MODELE NON PRECISE,"Fourniture mécanique; caractéristiques aux cédules, aucune puissance déduite de l’image.",PP1,5073.28,1614.23,1,,,,
E202,E202-0235,Sectionneur UAC01,"E.I., PP1-38,40,42",1,INSTANCE AU PLAN — NON CUMULABLE AVEC SCHÉMAS/TYPES,MODELE NON PRECISE,Calibre non inscrit localement; ne pas déduire 30A des condenseurs voisins.,PP1,4932.67,1611.41,1,,,,
E202,E202-0236,Détection gaine,B1-139,1,INSTANCE AU PLAN — NON CUMULABLE AVEC SCHÉMAS/TYPES,MODELE NON PRECISE,Détecteur en gaine distinct du module relais; non additionnable au schéma.,UAC01,4988.91,1611.41,1,,,,
E202,E202-0237,Module relais MRA,B1-140,1,INSTANCE AU PLAN — NON CUMULABLE AVEC SCHÉMAS/TYPES,MODELE NON PRECISE,Une instance source; caractéristiques suivant E100.,UAC01,5129.52,1611.41,1,,,,
E202,E202-0238,Évaporateur logement,Évaporateur représenté à l’étage,1,INSTANCE AU PLAN — NON CUMULABLE AVEC SCHÉMAS/TYPES,MODELE NON PRECISE,Même appareil que sur plans types; fourniture mécanique. Aucun multiplicateur des quantités des types appliqué.,Logements 4e étage,2416.84,4868.94,1,,,,
E202,E202-0239,Évaporateur logement,Évaporateur représenté à l’étage,1,INSTANCE AU PLAN — NON CUMULABLE AVEC SCHÉMAS/TYPES,MODELE NON PRECISE,Même appareil que sur plans types; fourniture mécanique. Aucun multiplicateur des quantités des types appliqué.,Logements 4e étage,6046.48,4868.94,1,,,,
E202,E202-0240,Évaporateur logement,Évaporateur représenté à l’étage,1,INSTANCE AU PLAN — NON CUMULABLE AVEC SCHÉMAS/TYPES,MODELE NON PRECISE,Même appareil que sur plans types; fourniture mécanique. Aucun multiplicateur des quantités des types appliqué.,Logements 4e étage,7482.64,4868.94,1,,,,
E202,E202-0241,Évaporateur logement,Évaporateur représenté à l’étage,1,INSTANCE AU PLAN — NON CUMULABLE AVEC SCHÉMAS/TYPES,MODELE NON PRECISE,Même appareil que sur plans types; fourniture mécanique. Aucun multiplicateur des quantités des types appliqué.,Logements 4e étage,1156.96,4897.07,1,,,,
E202,E202-0242,Évaporateur logement,Évaporateur représenté à l’étage,1,INSTANCE AU PLAN — NON CUMULABLE AVEC SCHÉMAS/TYPES,MODELE NON PRECISE,Même appareil que sur plans types; fourniture mécanique. Aucun multiplicateur des quantités des types appliqué.,Logements 4e étage,3847.31,4942.06,1,,,,
E202,E202-0243,Évaporateur logement,Évaporateur représenté à l’étage,1,INSTANCE AU PLAN — NON CUMULABLE AVEC SCHÉMAS/TYPES,MODELE NON PRECISE,Même appareil que sur plans types; fourniture mécanique. Aucun multiplicateur des quantités des types appliqué.,Logements 4e étage,8500.67,5654.46,1,,,,
E202,E202-0244,Évaporateur logement,Évaporateur représenté à l’étage,1,INSTANCE AU PLAN — NON CUMULABLE AVEC SCHÉMAS/TYPES,MODELE NON PRECISE,Même appareil que sur plans types; fourniture mécanique. Aucun multiplicateur des quantités des types appliqué.,Logements 4e étage,7257.66,5763.24,1,,,,
E202,E202-0245,Évaporateur logement,Évaporateur représenté à l’étage,1,INSTANCE AU PLAN — NON CUMULABLE AVEC SCHÉMAS/TYPES,MODELE NON PRECISE,Même appareil que sur plans types; fourniture mécanique. Aucun multiplicateur des quantités des types appliqué.,Logements 4e étage,2401.82,5795.07,1,,,,
E202,E202-0246,Évaporateur logement,Évaporateur représenté à l’étage,1,INSTANCE AU PLAN — NON CUMULABLE AVEC SCHÉMAS/TYPES,MODELE NON PRECISE,Même appareil que sur plans types; fourniture mécanique. Aucun multiplicateur des quantités des types appliqué.,Logements 4e étage,6622.09,5796.98,1,,,,
E202,E202-0247,Évaporateur logement,Évaporateur représenté à l’étage,1,INSTANCE AU PLAN — NON CUMULABLE AVEC SCHÉMAS/TYPES,MODELE NON PRECISE,Même appareil que sur plans types; fourniture mécanique. Aucun multiplicateur des quantités des types appliqué.,Logements 4e étage,7990.7,5798.84,1,,,,
E202,E202-0248,Évaporateur logement,Évaporateur représenté à l’étage,1,INSTANCE AU PLAN — NON CUMULABLE AVEC SCHÉMAS/TYPES,MODELE NON PRECISE,Même appareil que sur plans types; fourniture mécanique. Aucun multiplicateur des quantités des types appliqué.,Logements 4e étage,3770.48,5800.69,1,,,,
E202,E202-0249,Évaporateur logement,Évaporateur représenté à l’étage,1,INSTANCE AU PLAN — NON CUMULABLE AVEC SCHÉMAS/TYPES,MODELE NON PRECISE,Même appareil que sur plans types; fourniture mécanique. Aucun multiplicateur des quantités des types appliqué.,Logements 4e étage,3041.16,5811.94,1,,,,
E202,E202-0250,Évaporateur logement,Évaporateur représenté à l’étage,1,INSTANCE AU PLAN — NON CUMULABLE AVEC SCHÉMAS/TYPES,MODELE NON PRECISE,Même appareil que sur plans types; fourniture mécanique. Aucun multiplicateur des quantités des types appliqué.,Logements 4e étage,2380.84,4868.94,1,,,,
E202,E202-0251,Évaporateur logement,Évaporateur représenté à l’étage,1,INSTANCE AU PLAN — NON CUMULABLE AVEC SCHÉMAS/TYPES,MODELE NON PRECISE,Même appareil que sur plans types; fourniture mécanique. Aucun multiplicateur des quantités des types appliqué.,Logements 4e étage,6010.49,4868.94,1,,,,
E202,E202-0252,Évaporateur logement,Évaporateur représenté à l’étage,1,INSTANCE AU PLAN — NON CUMULABLE AVEC SCHÉMAS/TYPES,MODELE NON PRECISE,Même appareil que sur plans types; fourniture mécanique. Aucun multiplicateur des quantités des types appliqué.,Logements 4e étage,7454.12,4868.94,1,,,,
E202,E202-0253,Évaporateur logement,Évaporateur représenté à l’étage,1,INSTANCE AU PLAN — NON CUMULABLE AVEC SCHÉMAS/TYPES,MODELE NON PRECISE,Même appareil que sur plans types; fourniture mécanique. Aucun multiplicateur des quantités des types appliqué.,Logements 4e étage,8704.61,4895.15,1,,,,
E202,E202-0254,Évaporateur logement,Évaporateur représenté à l’étage,1,INSTANCE AU PLAN — NON CUMULABLE AVEC SCHÉMAS/TYPES,MODELE NON PRECISE,Même appareil que sur plans types; fourniture mécanique. Aucun multiplicateur des quantités des types appliqué.,Logements 4e étage,3813.23,4942.06,1,,,,
E202,E202-0255,Évaporateur logement,Évaporateur représenté à l’étage,1,INSTANCE AU PLAN — NON CUMULABLE AVEC SCHÉMAS/TYPES,MODELE NON PRECISE,Même appareil que sur plans types; fourniture mécanique. Aucun multiplicateur des quantités des types appliqué.,Logements 4e étage,1360.96,5665.71,1,,,,
E202,E202-0256,Évaporateur logement,Évaporateur représenté à l’étage,1,INSTANCE AU PLAN — NON CUMULABLE AVEC SCHÉMAS/TYPES,MODELE NON PRECISE,Même appareil que sur plans types; fourniture mécanique. Aucun multiplicateur des quantités des types appliqué.,Logements 4e étage,7229.14,5761.32,1,,,,
E202,E202-0257,Évaporateur logement,Évaporateur représenté à l’étage,1,INSTANCE AU PLAN — NON CUMULABLE AVEC SCHÉMAS/TYPES,MODELE NON PRECISE,Même appareil que sur plans types; fourniture mécanique. Aucun multiplicateur des quantités des types appliqué.,Logements 4e étage,1870.87,5793.21,1,,,,
E202,E202-0258,Évaporateur logement,Évaporateur représenté à l’étage,1,INSTANCE AU PLAN — NON CUMULABLE AVEC SCHÉMAS/TYPES,MODELE NON PRECISE,Même appareil que sur plans types; fourniture mécanique. Aucun multiplicateur des quantités des types appliqué.,Logements 4e étage,4392.55,5802.61,1,,,,
E202,E202-0259,Évaporateur logement,Évaporateur représenté à l’étage,1,INSTANCE AU PLAN — NON CUMULABLE AVEC SCHÉMAS/TYPES,MODELE NON PRECISE,Même appareil que sur plans types; fourniture mécanique. Aucun multiplicateur des quantités des types appliqué.,Logements 4e étage,5661.77,5802.61,1,,,,
E202,E202-0260,Évaporateur logement,Évaporateur représenté à l’étage,1,INSTANCE AU PLAN — NON CUMULABLE AVEC SCHÉMAS/TYPES,MODELE NON PRECISE,Même appareil que sur plans types; fourniture mécanique. Aucun multiplicateur des quantités des types appliqué.,Logements 4e étage,6089.23,5808.23,1,,,,
E202,E202-0261,Évaporateur logement,Évaporateur représenté à l’étage,1,INSTANCE AU PLAN — NON CUMULABLE AVEC SCHÉMAS/TYPES,MODELE NON PRECISE,Même appareil que sur plans types; fourniture mécanique. Aucun multiplicateur des quantités des types appliqué.,Logements 4e étage,3008.93,5811.94,1,,,,
E202,E202-0262,Prise double,"Prise, circuit selon cartouche de zone",1,INSTANCE AU PLAN — NON CUMULABLE AVEC SCHÉMAS/TYPES,MODELE NON PRECISE,Variante selon symbole; circuit de zone et tension à réconcilier avec les cédules.,4e étage,1757.82,5323.74,1,,,,
E202,E202-0263,Prise double,"Prise, circuit selon cartouche de zone",1,INSTANCE AU PLAN — NON CUMULABLE AVEC SCHÉMAS/TYPES,MODELE NON PRECISE,Variante selon symbole; circuit de zone et tension à réconcilier avec les cédules.,4e étage,2320.27,5323.74,1,,,,
E202,E202-0264,Prise double,"Prise, circuit selon cartouche de zone",1,INSTANCE AU PLAN — NON CUMULABLE AVEC SCHÉMAS/TYPES,MODELE NON PRECISE,Variante selon symbole; circuit de zone et tension à réconcilier avec les cédules.,4e étage,2882.71,5323.74,1,,,,
E202,E202-0265,Prise double,"Prise, circuit selon cartouche de zone",1,INSTANCE AU PLAN — NON CUMULABLE AVEC SCHÉMAS/TYPES,MODELE NON PRECISE,Variante selon symbole; circuit de zone et tension à réconcilier avec les cédules.,4e étage,3580.15,5323.74,1,,,,
E202,E202-0266,Prise double,"Prise, circuit selon cartouche de zone",1,INSTANCE AU PLAN — NON CUMULABLE AVEC SCHÉMAS/TYPES,MODELE NON PRECISE,Variante selon symbole; circuit de zone et tension à réconcilier avec les cédules.,4e étage,4007.61,5323.74,1,,,,
E202,E202-0267,Prise double,"Prise, circuit selon cartouche de zone",1,INSTANCE AU PLAN — NON CUMULABLE AVEC SCHÉMAS/TYPES,MODELE NON PRECISE,Variante selon symbole; circuit de zone et tension à réconcilier avec les cédules.,4e étage,4495.08,5323.74,1,,,,
E202,E202-0268,Prise double,"Prise, circuit selon cartouche de zone",1,INSTANCE AU PLAN — NON CUMULABLE AVEC SCHÉMAS/TYPES,MODELE NON PRECISE,Variante selon symbole; circuit de zone et tension à réconcilier avec les cédules.,4e étage,5017.04,4797.68,1,,,,
E202,E202-0270,Prise double,"Prise, circuit selon cartouche de zone",1,INSTANCE AU PLAN — NON CUMULABLE AVEC SCHÉMAS/TYPES,MODELE NON PRECISE,Variante selon symbole; circuit de zone et tension à réconcilier avec les cédules.,4e étage,4617.7,5226.27,1,,,,
E202,E202-0271,Prise double,"Prise, circuit selon cartouche de zone",1,INSTANCE AU PLAN — NON CUMULABLE AVEC SCHÉMAS/TYPES,MODELE NON PRECISE,Variante selon symbole; circuit de zone et tension à réconcilier avec les cédules.,4e étage,5230.77,5243.7,1,,,,
E202,E202-0272,Prise double,"Prise, circuit selon cartouche de zone",1,INSTANCE AU PLAN — NON CUMULABLE AVEC SCHÉMAS/TYPES,MODELE NON PRECISE,Variante selon symbole; circuit de zone et tension à réconcilier avec les cédules.,4e étage,5359.4,5323.74,1,,,,
E202,E202-0273,Prise double,"Prise, circuit selon cartouche de zone",1,INSTANCE AU PLAN — NON CUMULABLE AVEC SCHÉMAS/TYPES,MODELE NON PRECISE,Variante selon symbole; circuit de zone et tension à réconcilier avec les cédules.,4e étage,5921.85,5323.74,1,,,,
E202,E202-0274,Prise double,"Prise, circuit selon cartouche de zone",1,INSTANCE AU PLAN — NON CUMULABLE AVEC SCHÉMAS/TYPES,MODELE NON PRECISE,Variante selon symbole; circuit de zone et tension à réconcilier avec les cédules.,4e étage,6484.29,5323.74,1,,,,
E202,E202-0275,Prise double,"Prise, circuit selon cartouche de zone",1,INSTANCE AU PLAN — NON CUMULABLE AVEC SCHÉMAS/TYPES,MODELE NON PRECISE,Variante selon symbole; circuit de zone et tension à réconcilier avec les cédules.,4e étage,7046.74,5323.74,1,,,,
E202,E202-0276,Prise double,"Prise, circuit selon cartouche de zone",1,INSTANCE AU PLAN — NON CUMULABLE AVEC SCHÉMAS/TYPES,MODELE NON PRECISE,Variante selon symbole; circuit de zone et tension à réconcilier avec les cédules.,4e étage,7609.19,5323.74,1,,,,
E202,E202-0277,Prise double,"Prise, circuit selon cartouche de zone",1,INSTANCE AU PLAN — NON CUMULABLE AVEC SCHÉMAS/TYPES,MODELE NON PRECISE,Variante selon symbole; circuit de zone et tension à réconcilier avec les cédules.,4e étage,8094.75,5323.74,1,,,,
E202,E202-0278,Prise double,"Prise, circuit selon cartouche de zone",1,INSTANCE AU PLAN — NON CUMULABLE AVEC SCHÉMAS/TYPES,MODELE NON PRECISE,Variante selon symbole; circuit de zone et tension à réconcilier avec les cédules.,4e étage,1704.22,5095.78,1,,,,
E202,E202-0279,Prise double,"Prise, circuit selon cartouche de zone",1,INSTANCE AU PLAN — NON CUMULABLE AVEC SCHÉMAS/TYPES,MODELE NON PRECISE,Variante selon symbole; circuit de zone et tension à réconcilier avec les cédules.,4e étage,5180.15,5163.27,1,,,,
E202,E202-0280,Prise double,"Prise, circuit selon cartouche de zone",1,INSTANCE AU PLAN — NON CUMULABLE AVEC SCHÉMAS/TYPES,MODELE NON PRECISE,Variante selon symbole; circuit de zone et tension à réconcilier avec les cédules.,4e étage,8161.12,5101.4,1,,,,
E202,E202-0281,Thermostat ligne,T carré,1,INSTANCE AU PLAN — NON CUMULABLE AVEC SCHÉMAS/TYPES,MODELE NON PRECISE,,4e étage,1631.1,5185.77,1,,,,
E202,E202-0282,Thermostat ligne,T carré,1,INSTANCE AU PLAN — NON CUMULABLE AVEC SCHÉMAS/TYPES,MODELE NON PRECISE,,4e étage,5155.96,5163.27,1,,,,
E202,E202-0283,Thermostat ligne,T carré,1,INSTANCE AU PLAN — NON CUMULABLE AVEC SCHÉMAS/TYPES,MODELE NON PRECISE,,4e étage,8233.11,5157.65,1,,,,
E202,E202-0284,Thermostat,T rond,1,INSTANCE AU PLAN — NON CUMULABLE AVEC SCHÉMAS/TYPES,MODELE NON PRECISE,,4e étage,1653.6,5236.39,1,,,,
E202,E202-0285,Thermostat,T rond,1,INSTANCE AU PLAN — NON CUMULABLE AVEC SCHÉMAS/TYPES,MODELE NON PRECISE,,4e étage,4747.06,5154.84,1,,,,
E202,E202-0286,Thermostat,T rond,1,INSTANCE AU PLAN — NON CUMULABLE AVEC SCHÉMAS/TYPES,MODELE NON PRECISE,,4e étage,4381.47,5393.88,1,,,,
E202,E202-0287,Thermostat,T rond,1,INSTANCE AU PLAN — NON CUMULABLE AVEC SCHÉMAS/TYPES,MODELE NON PRECISE,,4e étage,5472.62,5393.88,1,,,,
E202,E202-0288,Thermostat,T rond,1,INSTANCE AU PLAN — NON CUMULABLE AVEC SCHÉMAS/TYPES,MODELE NON PRECISE,,4e étage,8135.25,5327.51,1,,,,
E202,E202-0289,Gradateur SW1,SW1,1,INSTANCE AU PLAN — NON CUMULABLE AVEC SCHÉMAS/TYPES,MODELE NON PRECISE,,4e étage,1687.34,5236.39,1,,,,
E202,E202-0290,Gradateur SW1,SW1,1,INSTANCE AU PLAN — NON CUMULABLE AVEC SCHÉMAS/TYPES,MODELE NON PRECISE,,4e étage,8172.37,5236.39,1,,,,
E202,E202-0291,Plinthe commune 750 W,750W inscrit,1,INSTANCE AU PLAN — NON CUMULABLE AVEC SCHÉMAS/TYPES,MODELE NON PRECISE,,4e étage,1636.72,4797.68,1,,,,
E202,E202-0292,Plinthe commune 750 W,750W inscrit,1,INSTANCE AU PLAN — NON CUMULABLE AVEC SCHÉMAS/TYPES,MODELE NON PRECISE,,4e étage,4792.06,4780.81,1,,,,
E202,E202-0293,Plinthe commune 750 W,750W inscrit,1,INSTANCE AU PLAN — NON CUMULABLE AVEC SCHÉMAS/TYPES,MODELE NON PRECISE,,4e étage,5157.65,4780.81,1,,,,
E202,E202-0294,Plinthe commune 750 W,750W inscrit,1,INSTANCE AU PLAN — NON CUMULABLE AVEC SCHÉMAS/TYPES,MODELE NON PRECISE,,4e étage,8211.74,4797.68,1,,,,
E202,E202-0295,Plinthe commune 1750 W,1750W inscrit,1,INSTANCE AU PLAN — NON CUMULABLE AVEC SCHÉMAS/TYPES,MODELE NON PRECISE,,4e étage,4921.42,4780.81,1,,,,
E202,E202-0296,Plinthe commune 1250 W,1250W inscrit,1,INSTANCE AU PLAN — NON CUMULABLE AVEC SCHÉMAS/TYPES,MODELE NON PRECISE,,4e étage,4685.19,5455.74,1,,,,
E202,E202-0297,Plinthe commune 1250 W,1250W inscrit,1,INSTANCE AU PLAN — NON CUMULABLE AVEC SCHÉMAS/TYPES,MODELE NON PRECISE,,4e étage,4803.31,5455.74,1,,,,
E202,E202-0298,Plinthe commune 1250 W,1250W inscrit,1,INSTANCE AU PLAN — NON CUMULABLE AVEC SCHÉMAS/TYPES,MODELE NON PRECISE,,4e étage,4927.04,5455.74,1,,,,
E202,E202-0299,Plinthe commune 1250 W,1250W inscrit,1,INSTANCE AU PLAN — NON CUMULABLE AVEC SCHÉMAS/TYPES,MODELE NON PRECISE,,4e étage,5045.16,5455.74,1,,,,
E202,E202-0300,Plinthe commune 1250 W,1250W inscrit,1,INSTANCE AU PLAN — NON CUMULABLE AVEC SCHÉMAS/TYPES,MODELE NON PRECISE,,4e étage,5157.65,5455.74,1,,,,
E202,E202-0301,Plinthe commune 2000 W,2000W inscrit,1,INSTANCE AU PLAN — NON CUMULABLE AVEC SCHÉMAS/TYPES,MODELE NON PRECISE,,4e étage,1839.2,5315.13,1,,,,
E202,E202-0302,Plinthe commune 2000 W,2000W inscrit,1,INSTANCE AU PLAN — NON CUMULABLE AVEC SCHÉMAS/TYPES,MODELE NON PRECISE,,4e étage,2660.38,5315.13,1,,,,
E202,E202-0303,Plinthe commune 2000 W,2000W inscrit,1,INSTANCE AU PLAN — NON CUMULABLE AVEC SCHÉMAS/TYPES,MODELE NON PRECISE,,4e étage,3475.93,5315.13,1,,,,
E202,E202-0304,Plinthe commune 2000 W,2000W inscrit,1,INSTANCE AU PLAN — NON CUMULABLE AVEC SCHÉMAS/TYPES,MODELE NON PRECISE,,4e étage,4291.48,5315.13,1,,,,
E202,E202-0305,Plinthe commune 2000 W,2000W inscrit,1,INSTANCE AU PLAN — NON CUMULABLE AVEC SCHÉMAS/TYPES,MODELE NON PRECISE,,4e étage,5680.72,5315.13,1,,,,
E202,E202-0306,Plinthe commune 2000 W,2000W inscrit,1,INSTANCE AU PLAN — NON CUMULABLE AVEC SCHÉMAS/TYPES,MODELE NON PRECISE,,4e étage,6243.17,5315.13,1,,,,
E202,E202-0307,Plinthe commune 2000 W,2000W inscrit,1,INSTANCE AU PLAN — NON CUMULABLE AVEC SCHÉMAS/TYPES,MODELE NON PRECISE,,4e étage,6906.86,5315.13,1,,,,
E202,E202-0308,Plinthe commune 2000 W,2000W inscrit,1,INSTANCE AU PLAN — NON CUMULABLE AVEC SCHÉMAS/TYPES,MODELE NON PRECISE,,4e étage,7761.78,5315.13,1,,,,
E202,E202-0309,Relais chauffage,R,1,INSTANCE AU PLAN — NON CUMULABLE AVEC SCHÉMAS/TYPES,MODELE NON PRECISE,,4e étage,1827.96,5326.38,1,,,,
E202,E202-0310,Relais chauffage,R,1,INSTANCE AU PLAN — NON CUMULABLE AVEC SCHÉMAS/TYPES,MODELE NON PRECISE,,4e étage,4184.61,5326.38,1,,,,
E202,E202-0311,Relais chauffage,R,1,INSTANCE AU PLAN — NON CUMULABLE AVEC SCHÉMAS/TYPES,MODELE NON PRECISE,,4e étage,5658.23,5326.38,1,,,,
E202,E202-0312,Relais chauffage,R,1,INSTANCE AU PLAN — NON CUMULABLE AVEC SCHÉMAS/TYPES,MODELE NON PRECISE,,4e étage,7666.17,5326.38,1,,,,
E202,E202-0313,Relais chauffage,R,1,INSTANCE AU PLAN — NON CUMULABLE AVEC SCHÉMAS/TYPES,MODELE NON PRECISE,,4e étage,4831.43,4797.68,1,,,,
E202,E202-0314,Relais chauffage,R,1,INSTANCE AU PLAN — NON CUMULABLE AVEC SCHÉMAS/TYPES,MODELE NON PRECISE,,4e étage,4865.17,5422.0,1,,,,
E202,E202-0315,Relais chauffage,R,1,INSTANCE AU PLAN — NON CUMULABLE AVEC SCHÉMAS/TYPES,MODELE NON PRECISE,,4e étage,5084.53,5435.5,1,,,,
E202,E202-0316,Indicateur de sortie,Sortie,1,INSTANCE AU PLAN — NON CUMULABLE AVEC SCHÉMAS/TYPES,MODELE NON PRECISE,"Sens et faces éclairées conservés dans le plan; deux symboles centraux contigus, ne pas fusionner sans clarification.",4e étage,1557.98,5354.5,1,,,,
E202,E202-0317,Indicateur de sortie,Sortie,1,INSTANCE AU PLAN — NON CUMULABLE AVEC SCHÉMAS/TYPES,MODELE NON PRECISE,"Sens et faces éclairées conservés dans le plan; deux symboles centraux contigus, ne pas fusionner sans clarification.",4e étage,4904.55,5416.37,1,,,,
E202,E202-0318,Indicateur de sortie,Sortie,1,INSTANCE AU PLAN — NON CUMULABLE AVEC SCHÉMAS/TYPES,MODELE NON PRECISE,"Sens et faces éclairées conservés dans le plan; deux symboles centraux contigus, ne pas fusionner sans clarification.",4e étage,4955.17,5416.37,1,,,,
E202,E202-0319,Indicateur de sortie,Sortie,1,INSTANCE AU PLAN — NON CUMULABLE AVEC SCHÉMAS/TYPES,MODELE NON PRECISE,"Sens et faces éclairées conservés dans le plan; deux symboles centraux contigus, ne pas fusionner sans clarification.",4e étage,5129.52,5213.89,1,,,,
E202,E202-0320,Indicateur de sortie,Sortie,1,INSTANCE AU PLAN — NON CUMULABLE AVEC SCHÉMAS/TYPES,MODELE NON PRECISE,"Sens et faces éclairées conservés dans le plan; deux symboles centraux contigus, ne pas fusionner sans clarification.",4e étage,8295.54,5332.57,1,,,,
E202,E202-0321,Station manuelle,F,1,INSTANCE AU PLAN — NON CUMULABLE AVEC SCHÉMAS/TYPES,MODELE NON PRECISE,Portée incendie non additionnable au schéma.,4e étage,1625.47,5236.39,1,,,,
E202,E202-0322,Station manuelle,F,1,INSTANCE AU PLAN — NON CUMULABLE AVEC SCHÉMAS/TYPES,MODELE NON PRECISE,Portée incendie non additionnable au schéma.,4e étage,4634.57,5437.75,1,,,,
E202,E202-0323,Station manuelle,F,1,INSTANCE AU PLAN — NON CUMULABLE AVEC SCHÉMAS/TYPES,MODELE NON PRECISE,Portée incendie non additionnable au schéma.,4e étage,5167.77,5202.64,1,,,,
E202,E202-0324,Station manuelle,F,1,INSTANCE AU PLAN — NON CUMULABLE AVEC SCHÉMAS/TYPES,MODELE NON PRECISE,Portée incendie non additionnable au schéma.,4e étage,5235.27,5287.01,1,,,,
E202,E202-0325,Station manuelle,F,1,INSTANCE AU PLAN — NON CUMULABLE AVEC SCHÉMAS/TYPES,MODELE NON PRECISE,Portée incendie non additionnable au schéma.,4e étage,8211.74,5230.77,1,,,,
E202,E202-0326,Klaxon,K,1,INSTANCE AU PLAN — NON CUMULABLE AVEC SCHÉMAS/TYPES,MODELE NON PRECISE,BA10-2/BA12-2 suivant source; ne pas ajouter des strobes non dessinés.,4e étage,1625.47,5258.89,1,,,,
E202,E202-0327,Klaxon,K,1,INSTANCE AU PLAN — NON CUMULABLE AVEC SCHÉMAS/TYPES,MODELE NON PRECISE,BA10-2/BA12-2 suivant source; ne pas ajouter des strobes non dessinés.,4e étage,3904.51,5326.38,1,,,,
E202,E202-0328,Klaxon,K,1,INSTANCE AU PLAN — NON CUMULABLE AVEC SCHÉMAS/TYPES,MODELE NON PRECISE,BA10-2/BA12-2 suivant source; ne pas ajouter des strobes non dessinés.,4e étage,4634.57,5416.37,1,,,,
E202,E202-0329,Klaxon,K,1,INSTANCE AU PLAN — NON CUMULABLE AVEC SCHÉMAS/TYPES,MODELE NON PRECISE,BA10-2/BA12-2 suivant source; ne pas ajouter des strobes non dessinés.,4e étage,5883.21,5326.38,1,,,,
E202,E202-0330,Klaxon,K,1,INSTANCE AU PLAN — NON CUMULABLE AVEC SCHÉMAS/TYPES,MODELE NON PRECISE,BA10-2/BA12-2 suivant source; ne pas ajouter des strobes non dessinés.,4e étage,8211.74,5253.26,1,,,,
E202,E202-0331,Module surveillance double,Mx2,1,INSTANCE AU PLAN — NON CUMULABLE AVEC SCHÉMAS/TYPES,MODELE NON PRECISE,"Note A et note2 : raccordements mécaniques; capteurs séparés, sans doublon schéma.",4e étage,1653.6,5157.65,1,,,,
E202,E202-0332,Module surveillance double,Mx2,1,INSTANCE AU PLAN — NON CUMULABLE AVEC SCHÉMAS/TYPES,MODELE NON PRECISE,"Note A et note2 : raccordements mécaniques; capteurs séparés, sans doublon schéma.",4e étage,5180.15,5135.15,1,,,,
E202,E202-0333,Module surveillance double,Mx2,1,INSTANCE AU PLAN — NON CUMULABLE AVEC SCHÉMAS/TYPES,MODELE NON PRECISE,"Note A et note2 : raccordements mécaniques; capteurs séparés, sans doublon schéma.",4e étage,8228.61,5185.77,1,,,,
E202,E202-0334,Module surveillance double,Mx2,1,INSTANCE AU PLAN — NON CUMULABLE AVEC SCHÉMAS/TYPES,MODELE NON PRECISE,"Note A et note2 : raccordements mécaniques; capteurs séparés, sans doublon schéma.",4e étage,4685.19,5253.26,1,,,,
E202,E202-0335,Débit mécanique,"Symbole débit, raccordement",1,INSTANCE AU PLAN — NON CUMULABLE AVEC SCHÉMAS/TYPES,MODELE NON PRECISE,Fourniture mécanique; raccordement seulement.,4e étage,1704.22,5185.77,1,,,,
E202,E202-0336,Débit mécanique,"Symbole débit, raccordement",1,INSTANCE AU PLAN — NON CUMULABLE AVEC SCHÉMAS/TYPES,MODELE NON PRECISE,Fourniture mécanique; raccordement seulement.,4e étage,5236.39,5163.27,1,,,,
E202,E202-0337,Débit mécanique,"Symbole débit, raccordement",1,INSTANCE AU PLAN — NON CUMULABLE AVEC SCHÉMAS/TYPES,MODELE NON PRECISE,Fourniture mécanique; raccordement seulement.,4e étage,8161.12,5197.02,1,,,,
E202,E202-0338,Soupape mécanique,Contact soupape,1,INSTANCE AU PLAN — NON CUMULABLE AVEC SCHÉMAS/TYPES,MODELE NON PRECISE,Fourniture mécanique; raccordement seulement.,4e étage,1704.22,5163.27,1,,,,
E202,E202-0339,Soupape mécanique,Contact soupape,1,INSTANCE AU PLAN — NON CUMULABLE AVEC SCHÉMAS/TYPES,MODELE NON PRECISE,Fourniture mécanique; raccordement seulement.,4e étage,5236.39,5140.77,1,,,,
E202,E202-0340,Soupape mécanique,Contact soupape,1,INSTANCE AU PLAN — NON CUMULABLE AVEC SCHÉMAS/TYPES,MODELE NON PRECISE,Fourniture mécanique; raccordement seulement.,4e étage,8161.12,5174.52,1,,,,
E202,E202-0341,Module isolateur,ISO,1,INSTANCE AU PLAN — NON CUMULABLE AVEC SCHÉMAS/TYPES,MODELE NON PRECISE,Désignation ISO lue; modèle non précisé localement.,4e étage,4572.7,5329.19,1,,,,
E202,E202-0342,Module isolateur,ISO,1,INSTANCE AU PLAN — NON CUMULABLE AVEC SCHÉMAS/TYPES,MODELE NON PRECISE,Désignation ISO lue; modèle non précisé localement.,4e étage,4634.57,5346.07,1,,,,
E202,E202-0343,Module isolateur,ISO,1,INSTANCE AU PLAN — NON CUMULABLE AVEC SCHÉMAS/TYPES,MODELE NON PRECISE,Désignation ISO lue; modèle non précisé localement.,4e étage,5303.88,5328.07,1,,,,
E202,E202-0344,Module isolateur,ISO,1,INSTANCE AU PLAN — NON CUMULABLE AVEC SCHÉMAS/TYPES,MODELE NON PRECISE,Désignation ISO lue; modèle non précisé localement.,4e étage,5326.38,5357.32,1,,,,
E202,E202-0345,Module isolateur,ISO,1,INSTANCE AU PLAN — NON CUMULABLE AVEC SCHÉMAS/TYPES,MODELE NON PRECISE,Désignation ISO lue; modèle non précisé localement.,4e étage,5234.7,5353.38,1,,,,
E202,E202-0346,Module RM,RM,1,INSTANCE AU PLAN — NON CUMULABLE AVEC SCHÉMAS/TYPES,MODELE NON PRECISE,Désignation RM conservée; rôle précis à confirmer avec système incendie/quincaillerie.,4e étage,4583.95,5357.32,1,,,,
E202,E202-0347,Module RM,RM,1,INSTANCE AU PLAN — NON CUMULABLE AVEC SCHÉMAS/TYPES,MODELE NON PRECISE,Désignation RM conservée; rôle précis à confirmer avec système incendie/quincaillerie.,4e étage,4632.88,5388.25,1,,,,
E202,E202-0348,Module RM,RM,1,INSTANCE AU PLAN — NON CUMULABLE AVEC SCHÉMAS/TYPES,MODELE NON PRECISE,Désignation RM conservée; rôle précis à confirmer avec système incendie/quincaillerie.,4e étage,5275.76,5356.75,1,,,,
E202,E202-0349,Module RM,RM,1,INSTANCE AU PLAN — NON CUMULABLE AVEC SCHÉMAS/TYPES,MODELE NON PRECISE,Désignation RM conservée; rôle précis à confirmer avec système incendie/quincaillerie.,4e étage,5235.27,5393.88,1,,,,
E202,E202-0350,Module relais MRA,MRA,1,INSTANCE AU PLAN — NON CUMULABLE AVEC SCHÉMAS/TYPES,MODELE NON PRECISE,Renvois de fermeture incendie et coordination mécanique; non cumulable au schéma.,4e étage,4550.2,5382.63,1,,,,
E202,E202-0351,Module relais MRA,MRA,1,INSTANCE AU PLAN — NON CUMULABLE AVEC SCHÉMAS/TYPES,MODELE NON PRECISE,Renvois de fermeture incendie et coordination mécanique; non cumulable au schéma.,4e étage,5315.13,5379.81,1,,,,
E202,E202-0352,Module relais MRA,MRA,1,INSTANCE AU PLAN — NON CUMULABLE AVEC SCHÉMAS/TYPES,MODELE NON PRECISE,Renvois de fermeture incendie et coordination mécanique; non cumulable au schéma.,4e étage,4685.19,5281.39,1,,,,
E202,E202-0353,Boîtier quincaillerie,B,1,INSTANCE AU PLAN — NON CUMULABLE AVEC SCHÉMAS/TYPES,MODELE NON PRECISE,"Note B : alimentation quincaillerie électrifiée; référence de groupe, ne pas ajouter aux appareils du détail.",4e étage,4561.45,5419.19,1,,,,
E202,E202-0354,Boîtier quincaillerie,B,1,INSTANCE AU PLAN — NON CUMULABLE AVEC SCHÉMAS/TYPES,MODELE NON PRECISE,"Note B : alimentation quincaillerie électrifiée; référence de groupe, ne pas ajouter aux appareils du détail.",4e étage,5292.63,5416.37,1,,,,
E202,E202-0355,Détection gaine,Détecteur dessiné près VCF,1,INSTANCE AU PLAN — NON CUMULABLE AVEC SCHÉMAS/TYPES,MODELE NON PRECISE,Renvoi note1; non additionnable à MRA/Mx2.,4e étage,4721.75,5185.77,1,,,,
E202,E202-0356,Volet coupe-feu,VCF,1,INSTANCE AU PLAN — NON CUMULABLE AVEC SCHÉMAS/TYPES,MODELE NON PRECISE,"Fourniture mécanique; raccordement, fermeture incendie et coordination prescrits.",4e étage,4696.44,5160.46,1,,,,
E202,E202-0357,Boîte jonction,"PSU1A-41, carré X",1,INSTANCE AU PLAN — NON CUMULABLE AVEC SCHÉMAS/TYPES,MODELE NON PRECISE,Symbole source; aucun circuit supplémentaire créé.,4e étage,4696.44,5217.83,1,,,,
E203,E203-0001,Spot logement,Cercle à croix débordante — réf. E108,1,PAR LOGEMENT TYPE A — NON MULTIPLIÉ,JUNO JPDZ4 DC 1000LM CWH — E108,JUNO JPDZ4 DC 1000LM CWH : colonne cédule 2000 lm; incohérence de référence conservée.,Logement type A,2870.34,1424.85,1,,,,
E203,E203-0002,Spot logement,Cercle à croix débordante — réf. E108,1,PAR LOGEMENT TYPE A — NON MULTIPLIÉ,JUNO JPDZ4 DC 1000LM CWH — E108,JUNO JPDZ4 DC 1000LM CWH : colonne cédule 2000 lm; incohérence de référence conservée.,Logement type A,3650.29,1424.85,1,,,,
E203,E203-0003,Spot logement,Cercle à croix débordante — réf. E108,1,PAR LOGEMENT TYPE A — NON MULTIPLIÉ,JUNO JPDZ4 DC 1000LM CWH — E108,JUNO JPDZ4 DC 1000LM CWH : colonne cédule 2000 lm; incohérence de référence conservée.,Logement type A,2870.34,1728.57,1,,,,
E203,E203-0004,Spot logement,Cercle à croix débordante — réf. E108,1,PAR LOGEMENT TYPE A — NON MULTIPLIÉ,JUNO JPDZ4 DC 1000LM CWH — E108,JUNO JPDZ4 DC 1000LM CWH : colonne cédule 2000 lm; incohérence de référence conservée.,Logement type A,3650.29,1728.57,1,,,,
E203,E203-0005,Spot logement,Cercle à croix débordante — réf. E108,1,PAR LOGEMENT TYPE B — NON MULTIPLIÉ,JUNO JPDZ4 DC 1000LM CWH — E108,JUNO JPDZ4 DC 1000LM CWH : colonne cédule 2000 lm; incohérence de référence conservée.,Logement type B,5740.74,1874.81,1,,,,
E203,E203-0006,Spot logement,Cercle à croix débordante — réf. E108,1,PAR LOGEMENT TYPE B — NON MULTIPLIÉ,JUNO JPDZ4 DC 1000LM CWH — E108,JUNO JPDZ4 DC 1000LM CWH : colonne cédule 2000 lm; incohérence de référence conservée.,Logement type B,6143.79,1874.81,1,,,,
E203,E203-0007,Spot logement,Cercle à croix débordante — réf. E108,1,PAR LOGEMENT TYPE A — NON MULTIPLIÉ,JUNO JPDZ4 DC 1000LM CWH — E108,JUNO JPDZ4 DC 1000LM CWH : colonne cédule 2000 lm; incohérence de référence conservée.,Logement type A,3650.29,2032.29,1,,,,
E203,E203-0008,Spot logement,Cercle à croix débordante — réf. E108,1,PAR LOGEMENT TYPE A — NON MULTIPLIÉ,JUNO JPDZ4 DC 1000LM CWH — E108,JUNO JPDZ4 DC 1000LM CWH : colonne cédule 2000 lm; incohérence de référence conservée.,Logement type A,3483.41,2129.82,1,,,,
E203,E203-0009,Spot logement,Cercle à croix débordante — réf. E108,1,PAR LOGEMENT TYPE A — NON MULTIPLIÉ,JUNO JPDZ4 DC 1000LM CWH — E108,JUNO JPDZ4 DC 1000LM CWH : colonne cédule 2000 lm; incohérence de référence conservée.,Logement type A,2396.03,2268.52,1,,,,
E203,E203-0010,Spot logement,Cercle à croix débordante — réf. E108,1,PAR LOGEMENT TYPE B — NON MULTIPLIÉ,JUNO JPDZ4 DC 1000LM CWH — E108,JUNO JPDZ4 DC 1000LM CWH : colonne cédule 2000 lm; incohérence de référence conservée.,Logement type B,5740.74,2236.69,1,,,,
E203,E203-0011,Spot logement,Cercle à croix débordante — réf. E108,1,PAR LOGEMENT TYPE B — NON MULTIPLIÉ,JUNO JPDZ4 DC 1000LM CWH — E108,JUNO JPDZ4 DC 1000LM CWH : colonne cédule 2000 lm; incohérence de référence conservée.,Logement type B,6143.79,2236.69,1,,,,
E203,E203-0012,Spot logement,Cercle à croix débordante — réf. E108,1,PAR LOGEMENT TYPE A — NON MULTIPLIÉ,JUNO JPDZ4 DC 1000LM CWH — E108,JUNO JPDZ4 DC 1000LM CWH : colonne cédule 2000 lm; incohérence de référence conservée.,Logement type A,3650.29,2336.01,1,,,,
E203,E203-0013,Spot logement,Cercle à croix débordante — réf. E108,1,PAR LOGEMENT TYPE A — NON MULTIPLIÉ,JUNO JPDZ4 DC 1000LM CWH — E108,JUNO JPDZ4 DC 1000LM CWH : colonne cédule 2000 lm; incohérence de référence conservée.,Logement type A,3483.41,2531.02,1,,,,
E203,E203-0014,Spot logement,Cercle à croix débordante — réf. E108,1,PAR LOGEMENT TYPE A — NON MULTIPLIÉ,JUNO JPDZ4 DC 1000LM CWH — E108,JUNO JPDZ4 DC 1000LM CWH : colonne cédule 2000 lm; incohérence de référence conservée.,Logement type A,3650.29,2639.74,1,,,,
E203,E203-0015,Spot logement,Cercle à croix débordante — réf. E108,1,PAR LOGEMENT TYPE A — NON MULTIPLIÉ,JUNO JPDZ4 DC 1000LM CWH — E108,JUNO JPDZ4 DC 1000LM CWH : colonne cédule 2000 lm; incohérence de référence conservée.,Logement type A,2416.67,2849.75,1,,,,
E203,E203-0016,Spot logement,Cercle à croix débordante — réf. E108,1,PAR LOGEMENT TYPE A — NON MULTIPLIÉ,JUNO JPDZ4 DC 1000LM CWH — E108,JUNO JPDZ4 DC 1000LM CWH : colonne cédule 2000 lm; incohérence de référence conservée.,Logement type A,3065.34,2849.75,1,,,,
E203,E203-0017,Spot logement,Cercle à croix débordante — réf. E108,1,PAR LOGEMENT TYPE A — NON MULTIPLIÉ,JUNO JPDZ4 DC 1000LM CWH — E108,JUNO JPDZ4 DC 1000LM CWH : colonne cédule 2000 lm; incohérence de référence conservée.,Logement type A,3845.29,2849.75,1,,,,
E203,E203-0018,Spot logement,Cercle à croix débordante — réf. E108,1,PAR LOGEMENT TYPE B — NON MULTIPLIÉ,JUNO JPDZ4 DC 1000LM CWH — E108,JUNO JPDZ4 DC 1000LM CWH : colonne cédule 2000 lm; incohérence de référence conservée.,Logement type B,6974.35,2808.47,1,,,,
E203,E203-0019,Spot logement,Cercle à croix débordante — réf. E108,1,PAR LOGEMENT TYPE A — NON MULTIPLIÉ,JUNO JPDZ4 DC 1000LM CWH — E108,JUNO JPDZ4 DC 1000LM CWH : colonne cédule 2000 lm; incohérence de référence conservée.,Logement type A,2712.86,3070.97,1,,,,
E203,E203-0020,Spot logement,Cercle à croix débordante — réf. E108,1,PAR LOGEMENT TYPE B — NON MULTIPLIÉ,JUNO JPDZ4 DC 1000LM CWH — E108,JUNO JPDZ4 DC 1000LM CWH : colonne cédule 2000 lm; incohérence de référence conservée.,Logement type B,7623.03,3055.95,1,,,,
E203,E203-0021,Spot logement,Cercle à croix débordante — réf. E108,1,PAR LOGEMENT TYPE A — NON MULTIPLIÉ,JUNO JPDZ4 DC 1000LM CWH — E108,JUNO JPDZ4 DC 1000LM CWH : colonne cédule 2000 lm; incohérence de référence conservée.,Logement type A,3065.34,3204.1,1,,,,
E203,E203-0022,Spot logement,Cercle à croix débordante — réf. E108,1,PAR LOGEMENT TYPE B — NON MULTIPLIÉ,JUNO JPDZ4 DC 1000LM CWH — E108,JUNO JPDZ4 DC 1000LM CWH : colonne cédule 2000 lm; incohérence de référence conservée.,Logement type B,5495.12,3166.58,1,,,,
E203,E203-0023,Spot logement,Cercle à croix débordante — réf. E108,1,PAR LOGEMENT TYPE B — NON MULTIPLIÉ,JUNO JPDZ4 DC 1000LM CWH — E108,JUNO JPDZ4 DC 1000LM CWH : colonne cédule 2000 lm; incohérence de référence conservée.,Logement type B,5793.21,3166.58,1,,,,
E203,E203-0024,Spot logement,Cercle à croix débordante — réf. E108,1,PAR LOGEMENT TYPE B — NON MULTIPLIÉ,JUNO JPDZ4 DC 1000LM CWH — E108,JUNO JPDZ4 DC 1000LM CWH : colonne cédule 2000 lm; incohérence de référence conservée.,Logement type B,6336.93,3192.85,1,,,,
E203,E203-0025,Spot logement,Cercle à croix débordante — réf. E108,1,PAR LOGEMENT TYPE B — NON MULTIPLIÉ,JUNO JPDZ4 DC 1000LM CWH — E108,JUNO JPDZ4 DC 1000LM CWH : colonne cédule 2000 lm; incohérence de référence conservée.,Logement type B,6651.9,3099.09,1,,,,
E203,E203-0026,Spot logement,Cercle à croix débordante — réf. E108,1,PAR LOGEMENT TYPE B — NON MULTIPLIÉ,JUNO JPDZ4 DC 1000LM CWH — E108,JUNO JPDZ4 DC 1000LM CWH : colonne cédule 2000 lm; incohérence de référence conservée.,Logement type B,6974.35,3189.08,1,,,,
E203,E203-0027,Spot logement,Cercle à croix débordante — réf. E108,1,PAR LOGEMENT TYPE A — NON MULTIPLIÉ,JUNO JPDZ4 DC 1000LM CWH — E108,JUNO JPDZ4 DC 1000LM CWH : colonne cédule 2000 lm; incohérence de référence conservée.,Logement type A,3845.29,3219.06,1,,,,
E203,E203-0028,Spot logement,Cercle à croix débordante — réf. E108,1,PAR LOGEMENT TYPE B — NON MULTIPLIÉ,JUNO JPDZ4 DC 1000LM CWH — E108,JUNO JPDZ4 DC 1000LM CWH : colonne cédule 2000 lm; incohérence de référence conservée.,Logement type B,7426.17,3230.31,1,,,,
E203,E203-0029,Spot logement,Cercle à croix débordante — réf. E108,1,PAR LOGEMENT TYPE B — NON MULTIPLIÉ,JUNO JPDZ4 DC 1000LM CWH — E108,JUNO JPDZ4 DC 1000LM CWH : colonne cédule 2000 lm; incohérence de référence conservée.,Logement type B,5442.64,3393.42,1,,,,
E203,E203-0030,Spot logement,Cercle à croix débordante — réf. E108,1,PAR LOGEMENT TYPE B — NON MULTIPLIÉ,JUNO JPDZ4 DC 1000LM CWH — E108,JUNO JPDZ4 DC 1000LM CWH : colonne cédule 2000 lm; incohérence de référence conservée.,Logement type B,5772.57,3393.42,1,,,,
E203,E203-0031,Spot logement,Cercle à croix débordante — réf. E108,1,PAR LOGEMENT TYPE B — NON MULTIPLIÉ,JUNO JPDZ4 DC 1000LM CWH — E108,JUNO JPDZ4 DC 1000LM CWH : colonne cédule 2000 lm; incohérence de référence conservée.,Logement type B,6059.42,3393.42,1,,,,
E203,E203-0032,Spot logement,Cercle à croix débordante — réf. E108,1,PAR LOGEMENT TYPE A — NON MULTIPLIÉ,JUNO JPDZ4 DC 1000LM CWH — E108,JUNO JPDZ4 DC 1000LM CWH : colonne cédule 2000 lm; incohérence de référence conservée.,Logement type A,2859.09,3505.91,1,,,,
E203,E203-0033,Spot logement,Cercle à croix débordante — réf. E108,1,PAR LOGEMENT TYPE A — NON MULTIPLIÉ,JUNO JPDZ4 DC 1000LM CWH — E108,JUNO JPDZ4 DC 1000LM CWH : colonne cédule 2000 lm; incohérence de référence conservée.,Logement type A,3245.32,3505.91,1,,,,
E203,E203-0034,Spot logement,Cercle à croix débordante — réf. E108,1,PAR LOGEMENT TYPE A — NON MULTIPLIÉ,JUNO JPDZ4 DC 1000LM CWH — E108,JUNO JPDZ4 DC 1000LM CWH : colonne cédule 2000 lm; incohérence de référence conservée.,Logement type A,3783.42,3496.57,1,,,,
E203,E203-0035,Spot logement,Cercle à croix débordante — réf. E108,1,PAR LOGEMENT TYPE B — NON MULTIPLIÉ,JUNO JPDZ4 DC 1000LM CWH — E108,JUNO JPDZ4 DC 1000LM CWH : colonne cédule 2000 lm; incohérence de référence conservée.,Logement type B,6974.35,3534.03,1,,,,
E203,E203-0036,Spot logement,Cercle à croix débordante — réf. E108,1,PAR LOGEMENT TYPE B — NON MULTIPLIÉ,JUNO JPDZ4 DC 1000LM CWH — E108,JUNO JPDZ4 DC 1000LM CWH : colonne cédule 2000 lm; incohérence de référence conservée.,Logement type B,7623.03,3462.82,1,,,,
E203,E203-0037,Spot logement,Cercle à croix débordante — réf. E108,1,PAR LOGEMENT TYPE A — NON MULTIPLIÉ,JUNO JPDZ4 DC 1000LM CWH — E108,JUNO JPDZ4 DC 1000LM CWH : colonne cédule 2000 lm; incohérence de référence conservée.,Logement type A,3783.42,3676.55,1,,,,
E203,E203-0038,Plafonnier,Plafonnier chambre — réf. E108,1,PAR LOGEMENT TYPE A — NON MULTIPLIÉ,ARTIKAPRO 12FLPR-SP3-WHJ-6PK — E108,,Logement type A,2165.42,1651.74,1,,,,
E203,E203-0039,Plafonnier,Plafonnier chambre — réf. E108,1,PAR LOGEMENT TYPE B — NON MULTIPLIÉ,ARTIKAPRO 12FLPR-SP3-WHJ-6PK — E108,,Logement type B,7056.87,2112.95,1,,,,
E203,E203-0040,Plafonnier,Plafonnier chambre — réf. E108,1,PAR LOGEMENT TYPE B — NON MULTIPLIÉ,ARTIKAPRO 12FLPR-SP3-WHJ-6PK — E108,,Logement type B,7390.57,2114.8,1,,,,
E203,E203-0041,Plafonnier,Plafonnier chambre — réf. E108,1,PAR LOGEMENT TYPE A — NON MULTIPLIÉ,ARTIKAPRO 12FLPR-SP3-WHJ-6PK — E108,,Logement type A,1876.72,2397.88,1,,,,
E203,E203-0042,Plafonnier,Plafonnier chambre — réf. E108,1,PAR LOGEMENT TYPE A — NON MULTIPLIÉ,ARTIKAPRO 12FLPR-SP3-WHJ-6PK — E108,,Logement type A,1876.72,3177.83,1,,,,
E203,E203-0043,Avertisseur fumée L,"L, 120 V, circuit 16",1,PAR LOGEMENT TYPE A — NON MULTIPLIÉ,KIDDE P12040CA — E100; CO conditionnel réservé,Note générale : appareil combiné CO/fumée selon adjacence au garage ou gaz; vérifier applicabilité sans ajouter de symbole absent.,Logement type A,2250.75,1855.12,1,16,,,
E203,E203-0044,Avertisseur fumée L,"L, 120 V, circuit 16",1,PAR LOGEMENT TYPE B — NON MULTIPLIÉ,KIDDE P12040CA — E100; CO conditionnel réservé,Note générale : appareil combiné CO/fumée selon adjacence au garage ou gaz; vérifier applicabilité sans ajouter de symbole absent.,Logement type B,6864.68,2280.73,1,16,,,
E203,E203-0045,Avertisseur fumée L,"L, 120 V, circuit 16",1,PAR LOGEMENT TYPE A — NON MULTIPLIÉ,KIDDE P12040CA — E100; CO conditionnel réservé,Note générale : appareil combiné CO/fumée selon adjacence au garage ou gaz; vérifier applicabilité sans ajouter de symbole absent.,Logement type A,2046.35,2411.95,1,16,,,
E203,E203-0046,Avertisseur fumée L,"L, 120 V, circuit 16",1,PAR LOGEMENT TYPE A — NON MULTIPLIÉ,KIDDE P12040CA — E100; CO conditionnel réservé,Note générale : appareil combiné CO/fumée selon adjacence au garage ou gaz; vérifier applicabilité sans ajouter de symbole absent.,Logement type A,2398.84,2355.7,1,16,,,
E203,E203-0047,Avertisseur fumée L,"L, 120 V, circuit 16",1,PAR LOGEMENT TYPE B — NON MULTIPLIÉ,KIDDE P12040CA — E100; CO conditionnel réservé,Note générale : appareil combiné CO/fumée selon adjacence au garage ou gaz; vérifier applicabilité sans ajouter de symbole absent.,Logement type B,7475.89,2505.71,1,16,,,
E203,E203-0048,Avertisseur fumée L,"L, 120 V, circuit 16",1,PAR LOGEMENT TYPE B — NON MULTIPLIÉ,KIDDE P12040CA — E100; CO conditionnel réservé,Note générale : appareil combiné CO/fumée selon adjacence au garage ou gaz; vérifier applicabilité sans ajouter de symbole absent.,Logement type B,7020.31,2674.44,1,16,,,
E203,E203-0049,Avertisseur fumée L,"L, 120 V, circuit 16",1,PAR LOGEMENT TYPE A — NON MULTIPLIÉ,KIDDE P12040CA — E100; CO conditionnel réservé,Note générale : appareil combiné CO/fumée selon adjacence au garage ou gaz; vérifier applicabilité sans ajouter de symbole absent.,Logement type A,2398.84,2938.79,1,16,,,
E203,E203-0050,Avertisseur fumée L,"L, 120 V, circuit 16",1,PAR LOGEMENT TYPE A — NON MULTIPLIÉ,KIDDE P12040CA — E100; CO conditionnel réservé,Note générale : appareil combiné CO/fumée selon adjacence au garage ou gaz; vérifier applicabilité sans ajouter de symbole absent.,Logement type A,2190.73,3191.89,1,16,,,
E203,E203-0051,Prise balcon,"Prise extérieure, circuit 22",1,PAR LOGEMENT TYPE A — NON MULTIPLIÉ,MODELE NON PRECISE,Note E100 : DDFT et couvercle intempéries. Symbole au plan simplifié; confirmer variante 15/20 A au devis.,Logement type A,2591.93,1201.78,1,22,,,
E203,E203-0052,Prise double 15 A,Symbole E100 5-15R,1,PAR LOGEMENT TYPE A — NON MULTIPLIÉ,MODELE NON PRECISE,Protection AFCI/DDFT selon prescriptions E100; aucun disjoncteur supplémentaire compté au plan type.,Logement type A,1559.84,1373.33,1,,15,,
E203,E203-0053,Prise double 15 A,Symbole E100 5-15R,1,PAR LOGEMENT TYPE A — NON MULTIPLIÉ,MODELE NON PRECISE,Protection AFCI/DDFT selon prescriptions E100; aucun disjoncteur supplémentaire compté au plan type.,Logement type A,3098.13,1338.63,1,,15,,
E203,E203-0054,Prise double 15 A,Symbole E100 5-15R,1,PAR LOGEMENT TYPE A — NON MULTIPLIÉ,MODELE NON PRECISE,Protection AFCI/DDFT selon prescriptions E100; aucun disjoncteur supplémentaire compté au plan type.,Logement type A,2538.5,1500.78,1,,15,,
E203,E203-0055,Prise balcon,"Prise extérieure, circuit 22",1,PAR LOGEMENT TYPE B — NON MULTIPLIÉ,MODELE NON PRECISE,Note E100 : DDFT et couvercle intempéries. Symbole au plan simplifié; confirmer variante 15/20 A au devis.,Logement type B,5567.28,1503.59,1,22,,,
E203,E203-0056,Prise double 15 A,Symbole E100 5-15R,1,PAR LOGEMENT TYPE A — NON MULTIPLIÉ,MODELE NON PRECISE,Protection AFCI/DDFT selon prescriptions E100; aucun disjoncteur supplémentaire compté au plan type.,Logement type A,2471.0,1603.93,1,,15,,
E203,E203-0057,Prise double 15 A,Symbole E100 5-15R,1,PAR LOGEMENT TYPE A — NON MULTIPLIÉ,MODELE NON PRECISE,Protection AFCI/DDFT selon prescriptions E100; aucun disjoncteur supplémentaire compté au plan type.,Logement type A,3978.36,1538.3,1,,15,,
E203,E203-0058,Prise double 15 A,Symbole E100 5-15R,1,PAR LOGEMENT TYPE B — NON MULTIPLIÉ,MODELE NON PRECISE,Protection AFCI/DDFT selon prescriptions E100; aucun disjoncteur supplémentaire compté au plan type.,Logement type B,5386.39,1686.39,1,,15,,
E203,E203-0059,Prise double 15 A,Symbole E100 5-15R,1,PAR LOGEMENT TYPE A — NON MULTIPLIÉ,MODELE NON PRECISE,Protection AFCI/DDFT selon prescriptions E100; aucun disjoncteur supplémentaire compté au plan type.,Logement type A,1559.84,1849.5,1,,15,,
E203,E203-0060,Prise double 15 A,Symbole E100 5-15R,1,PAR LOGEMENT TYPE B — NON MULTIPLIÉ,MODELE NON PRECISE,Protection AFCI/DDFT selon prescriptions E100; aucun disjoncteur supplémentaire compté au plan type.,Logement type B,6438.17,1853.27,1,,15,,
E203,E203-0061,Prise double 15 A,Symbole E100 5-15R,1,PAR LOGEMENT TYPE B — NON MULTIPLIÉ,MODELE NON PRECISE,Protection AFCI/DDFT selon prescriptions E100; aucun disjoncteur supplémentaire compté au plan type.,Logement type B,6503.75,1757.65,1,,15,,
E203,E203-0062,Prise double 15 A,Symbole E100 5-15R,1,PAR LOGEMENT TYPE B — NON MULTIPLIÉ,MODELE NON PRECISE,Protection AFCI/DDFT selon prescriptions E100; aucun disjoncteur supplémentaire compté au plan type.,Logement type B,7951.16,1800.79,1,,15,,
E203,E203-0063,Prise double 15 A,Symbole E100 5-15R,1,PAR LOGEMENT TYPE A — NON MULTIPLIÉ,MODELE NON PRECISE,Protection AFCI/DDFT selon prescriptions E100; aucun disjoncteur supplémentaire compté au plan type.,Logement type A,2531.02,1941.4,1,,15,,
E203,E203-0064,Prise double 15 A,Symbole E100 5-15R,1,PAR LOGEMENT TYPE A — NON MULTIPLIÉ,MODELE NON PRECISE,Protection AFCI/DDFT selon prescriptions E100; aucun disjoncteur supplémentaire compté au plan type.,Logement type A,3946.53,1916.99,1,,15,,
E203,E203-0065,Prise double 15 A,Symbole E100 5-15R,1,PAR LOGEMENT TYPE A — NON MULTIPLIÉ,MODELE NON PRECISE,Protection AFCI/DDFT selon prescriptions E100; aucun disjoncteur supplémentaire compté au plan type.,Logement type A,2194.5,1976.05,1,,15,,
E203,E203-0066,Prise comptoir DDFT 20 A,"Symbole E100 5-20R, au-dessus du comptoir",1,PAR LOGEMENT TYPE A — NON MULTIPLIÉ,MODELE NON PRECISE,Protection DDFT selon symbole et prescriptions E100.,Logement type A,3437.51,2026.67,1,,20,,DDFT selon symbole E100; ne vaut pas disjoncteur ajouté
E203,E203-0067,Prise double 15 A,Symbole E100 5-15R,1,PAR LOGEMENT TYPE B — NON MULTIPLIÉ,MODELE NON PRECISE,Protection AFCI/DDFT selon prescriptions E100; aucun disjoncteur supplémentaire compté au plan type.,Logement type B,7133.7,2038.87,1,,15,,
E203,E203-0068,Prise double 15 A,Symbole E100 5-15R,1,PAR LOGEMENT TYPE B — NON MULTIPLIÉ,MODELE NON PRECISE,Protection AFCI/DDFT selon prescriptions E100; aucun disjoncteur supplémentaire compté au plan type.,Logement type B,7214.35,2027.62,1,,15,,
E203,E203-0069,Prise double 15 A,Symbole E100 5-15R,1,PAR LOGEMENT TYPE A — NON MULTIPLIÉ,MODELE NON PRECISE,Protection AFCI/DDFT selon prescriptions E100; aucun disjoncteur supplémentaire compté au plan type.,Logement type A,2257.27,2091.35,1,,15,,
E203,E203-0070,Prise double 15 A,Symbole E100 5-15R,1,PAR LOGEMENT TYPE A — NON MULTIPLIÉ,MODELE NON PRECISE,Protection AFCI/DDFT selon prescriptions E100; aucun disjoncteur supplémentaire compté au plan type.,Logement type A,1821.38,2223.53,1,,15,,
E203,E203-0071,Prise comptoir 20 A,"Symbole E100 5-20R, au-dessus du comptoir",1,PAR LOGEMENT TYPE A — NON MULTIPLIÉ,MODELE NON PRECISE,DDFT selon proximité de l’évier et prescriptions E100.,Logement type A,3944.62,2235.73,1,,20,,
E203,E203-0072,Prise double 15 A,Symbole E100 5-15R,1,PAR LOGEMENT TYPE B — NON MULTIPLIÉ,MODELE NON PRECISE,Protection AFCI/DDFT selon prescriptions E100; aucun disjoncteur supplémentaire compté au plan type.,Logement type B,6503.75,2233.87,1,,15,,
E203,E203-0073,Prise double 15 A,Symbole E100 5-15R,1,PAR LOGEMENT TYPE B — NON MULTIPLIÉ,MODELE NON PRECISE,Protection AFCI/DDFT selon prescriptions E100; aucun disjoncteur supplémentaire compté au plan type.,Logement type B,7958.64,2265.71,1,,15,,
E203,E203-0074,Prise double 15 A,Symbole E100 5-15R,1,PAR LOGEMENT TYPE B — NON MULTIPLIÉ,MODELE NON PRECISE,Protection AFCI/DDFT selon prescriptions E100; aucun disjoncteur supplémentaire compté au plan type.,Logement type B,5386.39,2350.08,1,,15,,
E203,E203-0075,Prise double 15 A,Symbole E100 5-15R,1,PAR LOGEMENT TYPE B — NON MULTIPLIÉ,MODELE NON PRECISE,Protection AFCI/DDFT selon prescriptions E100; aucun disjoncteur supplémentaire compté au plan type.,Logement type B,6438.17,2410.09,1,,15,,
E203,E203-0076,Prise double 15 A,Symbole E100 5-15R,1,PAR LOGEMENT TYPE B — NON MULTIPLIÉ,MODELE NON PRECISE,Protection AFCI/DDFT selon prescriptions E100; aucun disjoncteur supplémentaire compté au plan type.,Logement type B,7208.73,2368.86,1,,15,,
E203,E203-0077,Prise double 15 A,Symbole E100 5-15R,1,PAR LOGEMENT TYPE A — NON MULTIPLIÉ,MODELE NON PRECISE,Protection AFCI/DDFT selon prescriptions E100; aucun disjoncteur supplémentaire compté au plan type.,Logement type A,3436.56,2458.85,1,,15,,
E203,E203-0078,Prise double 15 A,Symbole E100 5-15R,1,PAR LOGEMENT TYPE B — NON MULTIPLIÉ,MODELE NON PRECISE,Protection AFCI/DDFT selon prescriptions E100; aucun disjoncteur supplémentaire compté au plan type.,Logement type B,6806.58,2431.63,1,,15,,
E203,E203-0079,Prise double 15 A,Symbole E100 5-15R,1,PAR LOGEMENT TYPE A — NON MULTIPLIÉ,MODELE NON PRECISE,Protection AFCI/DDFT selon prescriptions E100; aucun disjoncteur supplémentaire compté au plan type.,Logement type A,2186.07,2554.47,1,,15,,
E203,E203-0080,Prise comptoir 20 A,"Symbole E100 5-20R, au-dessus du comptoir",1,PAR LOGEMENT TYPE A — NON MULTIPLIÉ,MODELE NON PRECISE,DDFT selon proximité de l’évier et prescriptions E100.,Logement type A,3952.15,2580.68,1,,20,,
E203,E203-0081,Prise double 15 A,Symbole E100 5-15R,1,PAR LOGEMENT TYPE A — NON MULTIPLIÉ,MODELE NON PRECISE,Protection AFCI/DDFT selon prescriptions E100; aucun disjoncteur supplémentaire compté au plan type.,Logement type A,2261.04,2672.58,1,,15,,
E203,E203-0082,Prise comptoir DDFT 20 A,Symbole E100 5-20R avec DDFT; au-dessus du comptoir selon traverse du symbole E100,1,PAR LOGEMENT TYPE A — NON MULTIPLIÉ,MODELE NON PRECISE,Protection suivant E100; circuit numéroté distinct du calibre.,Logement type A,3448.76,2673.48,1,8,20,,DDFT selon symbole E100; ne vaut pas disjoncteur ajouté
E203,E203-0083,Prise double 15 A,Symbole E100 5-15R,1,PAR LOGEMENT TYPE B — NON MULTIPLIÉ,MODELE NON PRECISE,Protection AFCI/DDFT selon prescriptions E100; aucun disjoncteur supplémentaire compté au plan type.,Logement type B,5386.39,2751.33,1,,15,,
E203,E203-0084,Prise double 15 A,Symbole E100 5-15R,1,PAR LOGEMENT TYPE B — NON MULTIPLIÉ,MODELE NON PRECISE,Protection AFCI/DDFT selon prescriptions E100; aucun disjoncteur supplémentaire compté au plan type.,Logement type B,6664.05,2675.4,1,,15,,
E203,E203-0085,Prise comptoir DDFT 20 A,Symbole E100 5-20R avec DDFT; au-dessus du comptoir selon traverse du symbole E100,1,PAR LOGEMENT TYPE B — NON MULTIPLIÉ,MODELE NON PRECISE,Protection suivant E100; circuit numéroté distinct du calibre.,Logement type B,7533.99,2832.88,1,,20,,DDFT selon symbole E100; ne vaut pas disjoncteur ajouté
E203,E203-0086,Prise double 15 A,Symbole E100 5-15R,1,PAR LOGEMENT TYPE A — NON MULTIPLIÉ,MODELE NON PRECISE,Protection AFCI/DDFT selon prescriptions E100; aucun disjoncteur supplémentaire compté au plan type.,Logement type A,1624.52,2945.37,1,,15,,
E203,E203-0087,Prise double 15 A,Symbole E100 5-15R,1,PAR LOGEMENT TYPE A — NON MULTIPLIÉ,MODELE NON PRECISE,Protection AFCI/DDFT selon prescriptions E100; aucun disjoncteur supplémentaire compté au plan type.,Logement type A,2091.35,2945.37,1,,15,,
E203,E203-0088,Prise double 15 A,Symbole E100 5-15R,1,PAR LOGEMENT TYPE B — NON MULTIPLIÉ,MODELE NON PRECISE,Protection AFCI/DDFT selon prescriptions E100; aucun disjoncteur supplémentaire compté au plan type.,Logement type B,7216.21,2897.56,1,,15,,
E203,E203-0089,Prise double 15 A,Symbole E100 5-15R,1,PAR LOGEMENT TYPE A — NON MULTIPLIÉ,MODELE NON PRECISE,Protection AFCI/DDFT selon prescriptions E100; aucun disjoncteur supplémentaire compté au plan type.,Logement type A,1855.12,3016.58,1,,15,,
E203,E203-0090,Prise double 15 A,Symbole E100 5-15R,1,PAR LOGEMENT TYPE A — NON MULTIPLIÉ,MODELE NON PRECISE,Protection AFCI/DDFT selon prescriptions E100; aucun disjoncteur supplémentaire compté au plan type.,Logement type A,3259.39,2999.7,1,,15,,
E203,E203-0091,Prise double 15 A,Symbole E100 5-15R,1,PAR LOGEMENT TYPE A — NON MULTIPLIÉ,MODELE NON PRECISE,Protection AFCI/DDFT selon prescriptions E100; aucun disjoncteur supplémentaire compté au plan type.,Logement type A,4008.4,3002.52,1,,15,,
E203,E203-0092,Prise double 15 A,Symbole E100 5-15R,1,PAR LOGEMENT TYPE A — NON MULTIPLIÉ,MODELE NON PRECISE,Protection AFCI/DDFT selon prescriptions E100; aucun disjoncteur supplémentaire compté au plan type.,Logement type A,2695.08,3194.7,1,,15,,
E203,E203-0093,Prise double 15 A,Symbole E100 5-15R,1,PAR LOGEMENT TYPE A — NON MULTIPLIÉ,MODELE NON PRECISE,Protection AFCI/DDFT selon prescriptions E100; aucun disjoncteur supplémentaire compté au plan type.,Logement type A,2796.32,3194.7,1,,15,,
E203,E203-0094,Prise comptoir DDFT 20 A,"Symbole E100 5-20R, au-dessus du comptoir",1,PAR LOGEMENT TYPE B — NON MULTIPLIÉ,MODELE NON PRECISE,Protection DDFT selon symbole et prescriptions E100.,Logement type B,5382.63,3152.52,1,,20,,DDFT selon symbole E100; ne vaut pas disjoncteur ajouté
E203,E203-0095,Prise comptoir DDFT 20 A,Symbole E100 5-20R avec DDFT; au-dessus du comptoir selon traverse du symbole E100,1,PAR LOGEMENT TYPE B — NON MULTIPLIÉ,MODELE NON PRECISE,Protection suivant E100; circuit numéroté distinct du calibre.,Logement type B,5982.59,3182.5,1,,20,,DDFT selon symbole E100; ne vaut pas disjoncteur ajouté
E203,E203-0096,Prise double 15 A,Symbole E100 5-15R,1,PAR LOGEMENT TYPE A — NON MULTIPLIÉ,MODELE NON PRECISE,Protection AFCI/DDFT selon prescriptions E100; aucun disjoncteur supplémentaire compté au plan type.,Logement type A,2472.91,3287.51,1,,15,,
E203,E203-0097,Prise double 15 A,Symbole E100 5-15R,1,PAR LOGEMENT TYPE B — NON MULTIPLIÉ,MODELE NON PRECISE,Protection AFCI/DDFT selon prescriptions E100; aucun disjoncteur supplémentaire compté au plan type.,Logement type B,5717.28,3241.56,1,,15,,
E203,E203-0098,Prise double 15 A,Symbole E100 5-15R,1,PAR LOGEMENT TYPE B — NON MULTIPLIÉ,MODELE NON PRECISE,Protection AFCI/DDFT selon prescriptions E100; aucun disjoncteur supplémentaire compté au plan type.,Logement type B,6652.8,3217.2,1,,15,,
E203,E203-0099,Prise double 15 A,Symbole E100 5-15R,1,PAR LOGEMENT TYPE B — NON MULTIPLIÉ,MODELE NON PRECISE,Protection AFCI/DDFT selon prescriptions E100; aucun disjoncteur supplémentaire compté au plan type.,Logement type B,6754.04,3217.2,1,,15,,
E203,E203-0100,Prise comptoir DDFT 20 A,Symbole E100 5-20R avec DDFT; au-dessus du comptoir selon traverse du symbole E100,1,PAR LOGEMENT TYPE A — NON MULTIPLIÉ,MODELE NON PRECISE,Protection suivant E100; circuit numéroté distinct du calibre.,Logement type A,3445.95,3334.36,1,,20,,DDFT selon symbole E100; ne vaut pas disjoncteur ajouté
E203,E203-0101,Prise double 15 A,Symbole E100 5-15R,1,PAR LOGEMENT TYPE A — NON MULTIPLIÉ,MODELE NON PRECISE,Protection AFCI/DDFT selon prescriptions E100; aucun disjoncteur supplémentaire compté au plan type.,Logement type A,3520.92,3523.74,1,,15,,
E203,E203-0102,Prise double 15 A,Symbole E100 5-15R,1,PAR LOGEMENT TYPE B — NON MULTIPLIÉ,MODELE NON PRECISE,Protection AFCI/DDFT selon prescriptions E100; aucun disjoncteur supplémentaire compté au plan type.,Logement type B,6271.29,3489.99,1,,15,,
E203,E203-0103,Prise double 15 A,Symbole E100 5-15R,1,PAR LOGEMENT TYPE B — NON MULTIPLIÉ,MODELE NON PRECISE,Protection AFCI/DDFT selon prescriptions E100; aucun disjoncteur supplémentaire compté au plan type.,Logement type B,7214.35,3439.37,1,,15,,
E203,E203-0104,Prise double 15 A,Symbole E100 5-15R,1,PAR LOGEMENT TYPE A — NON MULTIPLIÉ,MODELE NON PRECISE,Protection AFCI/DDFT selon prescriptions E100; aucun disjoncteur supplémentaire compté au plan type.,Logement type A,4008.4,3649.33,1,,15,,
E203,E203-0105,Prise comptoir 20 A,"Symbole E100 5-20R, au-dessus du comptoir",1,PAR LOGEMENT TYPE B — NON MULTIPLIÉ,MODELE NON PRECISE,DDFT selon proximité de l’évier et prescriptions E100.,Logement type B,5454.79,3654.06,1,,20,,
E203,E203-0106,Prise comptoir 20 A,"Symbole E100 5-20R, au-dessus du comptoir",1,PAR LOGEMENT TYPE B — NON MULTIPLIÉ,MODELE NON PRECISE,DDFT selon proximité de l’évier et prescriptions E100.,Logement type B,5891.64,3654.06,1,,20,,
E203,E203-0107,Prise double 15 A,Symbole E100 5-15R,1,PAR LOGEMENT TYPE B — NON MULTIPLIÉ,MODELE NON PRECISE,Protection AFCI/DDFT selon prescriptions E100; aucun disjoncteur supplémentaire compté au plan type.,Logement type B,6107.23,3655.91,1,,15,,
E203,E203-0108,Prise double 15 A,Symbole E100 5-15R,1,PAR LOGEMENT TYPE A — NON MULTIPLIÉ,MODELE NON PRECISE,Protection AFCI/DDFT selon prescriptions E100; aucun disjoncteur supplémentaire compté au plan type.,Logement type A,1622.66,3762.78,1,,15,,
E203,E203-0109,Prise double 15 A,Symbole E100 5-15R,1,PAR LOGEMENT TYPE A — NON MULTIPLIÉ,MODELE NON PRECISE,Protection AFCI/DDFT selon prescriptions E100; aucun disjoncteur supplémentaire compté au plan type.,Logement type A,2173.86,3762.78,1,,15,,
E203,E203-0110,Prise double 15 A,Symbole E100 5-15R,1,PAR LOGEMENT TYPE B — NON MULTIPLIÉ,MODELE NON PRECISE,Protection AFCI/DDFT selon prescriptions E100; aucun disjoncteur supplémentaire compté au plan type.,Logement type B,6487.84,3678.41,1,,15,,
E203,E203-0111,Thermostat ligne,T carré,1,PAR LOGEMENT TYPE A — NON MULTIPLIÉ,STELPRO (modèle non inscrit) / OUELLET série OTH/TH — E100,,Logement type A,2539.45,1890.95,1,,,,
E203,E203-0112,Thermostat ligne,T carré,1,PAR LOGEMENT TYPE A — NON MULTIPLIÉ,STELPRO (modèle non inscrit) / OUELLET série OTH/TH — E100,,Logement type A,2143.88,1967.84,1,,,,
E203,E203-0113,Thermostat ligne,T carré,1,PAR LOGEMENT TYPE A — NON MULTIPLIÉ,STELPRO (modèle non inscrit) / OUELLET série OTH/TH — E100,,Logement type A,2188.88,2505.87,1,,,,
E203,E203-0114,Thermostat ligne,T carré,1,PAR LOGEMENT TYPE B — NON MULTIPLIÉ,STELPRO (modèle non inscrit) / OUELLET série OTH/TH — E100,,Logement type B,6870.3,2430.9,1,,,,
E203,E203-0115,Thermostat ligne,T carré,1,PAR LOGEMENT TYPE B — NON MULTIPLIÉ,STELPRO (modèle non inscrit) / OUELLET série OTH/TH — E100,,Logement type B,7209.63,2427.13,1,,,,
E203,E203-0116,Thermostat ligne,T carré,1,PAR LOGEMENT TYPE B — NON MULTIPLIÉ,STELPRO (modèle non inscrit) / OUELLET série OTH/TH — E100,,Logement type B,6431.59,2560.26,1,,,,
E203,E203-0117,Thermostat ligne,T carré,1,PAR LOGEMENT TYPE A — NON MULTIPLIÉ,STELPRO (modèle non inscrit) / OUELLET série OTH/TH — E100,,Logement type A,2156.99,3019.61,1,,,,
E203,E203-0118,Thermostat ligne,T carré,1,PAR LOGEMENT TYPE B — NON MULTIPLIÉ,STELPRO (modèle non inscrit) / OUELLET série OTH/TH — E100,,Logement type B,7290.28,3038.34,1,,,,
E203,E203-0119,Thermostat ligne,T carré,1,PAR LOGEMENT TYPE A — NON MULTIPLIÉ,STELPRO (modèle non inscrit) / OUELLET série OTH/TH — E100,,Logement type A,3289.36,3100.21,1,,,,
E203,E203-0120,Sortie TV,TV,1,PAR LOGEMENT TYPE A — NON MULTIPLIÉ,MODELE NON PRECISE,RG58/U suivant E100; longueur non métrée.,Logement type A,2551.66,1435.2,1,,,,
E203,E203-0121,Sortie TV,TV,1,PAR LOGEMENT TYPE A — NON MULTIPLIÉ,MODELE NON PRECISE,RG58/U suivant E100; longueur non métrée.,Logement type A,2469.15,1540.15,1,,,,
E203,E203-0122,Sortie TV,TV,1,PAR LOGEMENT TYPE B — NON MULTIPLIÉ,MODELE NON PRECISE,RG58/U suivant E100; longueur non métrée.,Logement type B,6440.03,1911.37,1,,,,
E203,E203-0123,Sortie TV,TV,1,PAR LOGEMENT TYPE B — NON MULTIPLIÉ,MODELE NON PRECISE,RG58/U suivant E100; longueur non métrée.,Logement type B,7143.09,1963.9,1,,,,
E203,E203-0124,Sortie TV,TV,1,PAR LOGEMENT TYPE B — NON MULTIPLIÉ,MODELE NON PRECISE,RG58/U suivant E100; longueur non métrée.,Logement type B,7219.98,1963.9,1,,,,
E203,E203-0125,Sortie TV,TV,1,PAR LOGEMENT TYPE A — NON MULTIPLIÉ,MODELE NON PRECISE,RG58/U suivant E100; longueur non métrée.,Logement type A,1875.76,2210.42,1,,,,
E203,E203-0126,Sortie TV,TV,1,PAR LOGEMENT TYPE A — NON MULTIPLIÉ,MODELE NON PRECISE,RG58/U suivant E100; longueur non métrée.,Logement type A,1920.76,3009.1,1,,,,
E203,E203-0127,Interrupteur simple,Symbole S sans barre terminale,1,PAR LOGEMENT TYPE A — NON MULTIPLIÉ,MODELE NON PRECISE,Variante lue selon E108; calibre non inscrit.,Logement type A,2581.64,1349.88,1,,,,
E203,E203-0128,Interrupteur simple,Symbole S sans barre terminale,1,PAR LOGEMENT TYPE B — NON MULTIPLIÉ,MODELE NON PRECISE,Variante lue selon E108; calibre non inscrit.,Logement type B,5551.36,1642.35,1,,,,
E203,E203-0129,Gradateur,Symbole S avec barre terminale — E108,1,PAR LOGEMENT TYPE A — NON MULTIPLIÉ,MODELE NON PRECISE,Variante lue selon E108; calibre non inscrit.,Logement type A,2268.52,1976.05,1,,,,
E203,E203-0130,Gradateur,"Symbole S avec barre terminale — E108, commande c",1,PAR LOGEMENT TYPE A — NON MULTIPLIÉ,MODELE NON PRECISE,Variante lue selon E108; calibre non inscrit.,Logement type A,2532.87,2015.42,1,,,,
E203,E203-0131,Gradateur,"Symbole S avec barre terminale — E108, commande b",1,PAR LOGEMENT TYPE A — NON MULTIPLIÉ,MODELE NON PRECISE,Variante lue selon E108; calibre non inscrit.,Logement type A,2549.75,1970.42,1,,,,
E203,E203-0132,Gradateur,"Symbole S avec barre terminale — E108, commande a",1,PAR LOGEMENT TYPE A — NON MULTIPLIÉ,MODELE NON PRECISE,Variante lue selon E108; calibre non inscrit.,Logement type A,2253.56,2129.82,1,,,,
E203,E203-0133,Gradateur,Symbole S avec barre terminale — E108,1,PAR LOGEMENT TYPE A — NON MULTIPLIÉ,MODELE NON PRECISE,Variante lue selon E108; calibre non inscrit.,Logement type A,2193.55,2435.4,1,,,,
E203,E203-0134,Gradateur,"Symbole S avec barre terminale — E108, indice 3, commande a",1,PAR LOGEMENT TYPE B — NON MULTIPLIÉ,MODELE NON PRECISE,Variante lue selon E108; calibre non inscrit. Indice reproduit sans validation de compatibilité ni sélection de mécanisme.,Logement type B,6918.11,2521.62,1,,,,
E203,E203-0135,Gradateur,Symbole S avec barre terminale — E108,1,PAR LOGEMENT TYPE B — NON MULTIPLIÉ,MODELE NON PRECISE,Variante lue selon E108; calibre non inscrit.,Logement type B,6936.84,2437.26,1,,,,
E203,E203-0136,Gradateur,Symbole S avec barre terminale — E108,1,PAR LOGEMENT TYPE B — NON MULTIPLIÉ,MODELE NON PRECISE,Variante lue selon E108; calibre non inscrit.,Logement type B,7201.19,2519.77,1,,,,
E203,E203-0137,Gradateur,"Symbole S avec barre terminale — E108, commande b",1,PAR LOGEMENT TYPE B — NON MULTIPLIÉ,MODELE NON PRECISE,Variante lue selon E108; calibre non inscrit.,Logement type B,6440.03,2621.01,1,,,,
E203,E203-0138,Gradateur,"Symbole S avec barre terminale — E108, commande d",1,PAR LOGEMENT TYPE A — NON MULTIPLIÉ,MODELE NON PRECISE,Variante lue selon E108; calibre non inscrit.,Logement type A,3899.62,2695.98,1,,,,
E203,E203-0139,Gradateur,"Symbole S avec barre terminale — E108, indice 4, commande a",1,PAR LOGEMENT TYPE A — NON MULTIPLIÉ,MODELE NON PRECISE,Variante lue selon E108; calibre non inscrit. Indice reproduit sans validation de compatibilité ni sélection de mécanisme.,Logement type A,2253.56,2922.87,1,,,,
E203,E203-0140,Gradateur,Symbole S avec barre terminale — E108,1,PAR LOGEMENT TYPE A — NON MULTIPLIÉ,MODELE NON PRECISE,Variante lue selon E108; calibre non inscrit.,Logement type A,2217.9,3010.95,1,,,,
E203,E203-0141,Interrupteur simple,Symbole S sans barre terminale,1,PAR LOGEMENT TYPE A — NON MULTIPLIÉ,MODELE NON PRECISE,Variante lue selon E108; calibre non inscrit.,Logement type A,2866.63,3001.62,1,,,,
E203,E203-0142,Gradateur,"Symbole S avec barre terminale — E108, commande d",1,PAR LOGEMENT TYPE B — NON MULTIPLIÉ,MODELE NON PRECISE,Variante lue selon E108; calibre non inscrit.,Logement type B,6207.57,3024.11,1,,,,
E203,E203-0143,Interrupteur simple,Symbole S sans barre terminale,1,PAR LOGEMENT TYPE B — NON MULTIPLIÉ,MODELE NON PRECISE,Variante lue selon E108; calibre non inscrit.,Logement type B,6813.1,3052.24,1,,,,
E203,E203-0144,Gradateur,"Symbole S avec barre terminale — E108, commande f",1,PAR LOGEMENT TYPE A — NON MULTIPLIÉ,MODELE NON PRECISE,Variante lue selon E108; calibre non inscrit.,Logement type A,3237.84,3108.48,1,,,,
E203,E203-0145,Gradateur,"Symbole S avec barre terminale — E108, indice 4, commande a",1,PAR LOGEMENT TYPE A — NON MULTIPLIÉ,MODELE NON PRECISE,Variante lue selon E108; calibre non inscrit. Indice reproduit sans validation de compatibilité ni sélection de mécanisme.,Logement type A,3989.61,3130.98,1,,,,
E203,E203-0146,Gradateur,"Symbole S avec barre terminale — E108, commande e",1,PAR LOGEMENT TYPE B — NON MULTIPLIÉ,MODELE NON PRECISE,Variante lue selon E108; calibre non inscrit.,Logement type B,7281.84,3114.11,1,,,,
E203,E203-0147,Interrupteur simple,Symbole S sans barre terminale,1,PAR LOGEMENT TYPE B — NON MULTIPLIÉ,MODELE NON PRECISE,Variante lue selon E108; calibre non inscrit.,Logement type B,6267.53,3314.67,1,,,,
E203,E203-0148,Interrupteur simple,Symbole S sans barre terminale,1,PAR LOGEMENT TYPE A — NON MULTIPLIÉ,MODELE NON PRECISE,Variante lue selon E108; calibre non inscrit.,Logement type A,3937.14,3487.18,1,,,,
E203,E203-0149,Gradateur,Symbole S avec barre terminale — E108,1,PAR LOGEMENT TYPE B — NON MULTIPLIÉ,MODELE NON PRECISE,Variante lue selon E108; calibre non inscrit.,Logement type B,6801.85,3530.32,1,,,,
E203,E203-0150,Gradateur,"Symbole S avec barre terminale — E108, indice 3, commande a",1,PAR LOGEMENT TYPE B — NON MULTIPLIÉ,MODELE NON PRECISE,Variante lue selon E108; calibre non inscrit. Indice reproduit sans validation de compatibilité ni sélection de mécanisme.,Logement type B,7081.22,3685.89,1,,,,
E203,E203-0151,Sortie téléphone,Triangle plein,1,PAR LOGEMENT TYPE A — NON MULTIPLIÉ,MODELE NON PRECISE,CAT 5e suivant E100; longueur non métrée.,Logement type A,3967.11,1592.68,1,,,,
E203,E203-0152,Sortie téléphone,Triangle plein,1,PAR LOGEMENT TYPE A — NON MULTIPLIÉ,MODELE NON PRECISE,CAT 5e suivant E100; longueur non métrée.,Logement type A,1563.61,1903.89,1,,,,
E203,E203-0153,Sortie téléphone,Triangle plein,1,PAR LOGEMENT TYPE B — NON MULTIPLIÉ,MODELE NON PRECISE,CAT 5e suivant E100; longueur non métrée.,Logement type B,6505.67,2288.21,1,,,,
E203,E203-0154,Sortie téléphone,Triangle plein,1,PAR LOGEMENT TYPE B — NON MULTIPLIÉ,MODELE NON PRECISE,CAT 5e suivant E100; longueur non métrée.,Logement type B,7947.39,2303.22,1,,,,
E203,E203-0155,Sortie téléphone,Triangle plein,1,PAR LOGEMENT TYPE B — NON MULTIPLIÉ,MODELE NON PRECISE,CAT 5e suivant E100; longueur non métrée.,Logement type B,6707.19,2686.64,1,,,,
E203,E203-0156,Sortie téléphone,Triangle plein,1,PAR LOGEMENT TYPE A — NON MULTIPLIÉ,MODELE NON PRECISE,CAT 5e suivant E100; longueur non métrée.,Logement type A,2147.59,2941.6,1,,,,
E203,E203-0157,Sortie téléphone,Triangle plein,1,PAR LOGEMENT TYPE A — NON MULTIPLIÉ,MODELE NON PRECISE,CAT 5e suivant E100; longueur non métrée.,Logement type A,2228.25,3760.92,1,,,,
E203,E203-0158,Luminaire L,Applique extérieure logement L — E108,1,PAR LOGEMENT TYPE A — NON MULTIPLIÉ,ACUITY OLLWDLEDP140K 120DDB — E108,,Logement type A,2514.14,1190.53,1,,,,
E203,E203-0159,Luminaire L,Applique extérieure logement L — E108,1,PAR LOGEMENT TYPE B — NON MULTIPLIÉ,ACUITY OLLWDLEDP140K 120DDB — E108,,Logement type B,5500.74,1501.74,1,,,,
E203,E203-0160,Suspension repas,Suspension salle à manger,1,PAR LOGEMENT TYPE A — NON MULTIPLIÉ,ARTIKA PRO PDT-DEC-BLJ — E108,,Logement type A,2845.99,2390.4,1,,,,
E203,E203-0161,Suspension repas,Suspension salle à manger,1,PAR LOGEMENT TYPE B — NON MULTIPLIÉ,ARTIKA PRO PDT-DEC-BLJ — E108,,Logement type B,5770.72,2643.51,1,,,,
E203,E203-0162,Prise sécheuse,"30 A, 125/250 V, circuit 11-13",1,PAR LOGEMENT TYPE A — NON MULTIPLIÉ,Configuration 14-30R — E100,,Logement type A,2604.13,3194.7,1,11-13,30,,
E203,E203-0163,Prise sécheuse,"30 A, 125/250 V, circuit 11-13",1,PAR LOGEMENT TYPE B — NON MULTIPLIÉ,Configuration 14-30R — E100,,Logement type B,6558.14,3217.2,1,11-13,30,,
E203,E203-0164,Prise cuisinière,"50 A, 125/250 V, circuit 1-3",1,PAR LOGEMENT TYPE A — NON MULTIPLIÉ,Configuration 14-50R — E100,,Logement type A,3948.38,2407.28,1,1-3,50,,
E203,E203-0165,Prise cuisinière,"50 A, 125/250 V, circuit 1-3",1,PAR LOGEMENT TYPE B — NON MULTIPLIÉ,Configuration 14-50R — E100,,Logement type B,5675.1,3650.29,1,1-3,50,,
E203,E203-0166,Moteur hotte,"Symbole moteur monophasé, circuit 14",1,PAR LOGEMENT TYPE A — NON MULTIPLIÉ,MODELE NON PRECISE,Fourniture mécanique; raccordement seulement. Ne pas assimiler à un plafonnier.,Logement type A,3841.52,2407.28,1,14,,,
E203,E203-0167,Moteur hotte,"Symbole moteur monophasé, circuit 14",1,PAR LOGEMENT TYPE B — NON MULTIPLIÉ,MODELE NON PRECISE,Fourniture mécanique; raccordement seulement. Ne pas assimiler à un plafonnier.,Logement type B,5680.72,3554.67,1,14,,,
E203,E203-0168,Gradateur,"Symbole S avec barre terminale — E108, commande e",1,PAR LOGEMENT TYPE A — NON MULTIPLIÉ,MODELE NON PRECISE,Variante lue selon E108; calibre non inscrit.,Logement type A,3189.08,3096.28,1,,,,
E203,E203-0169,Gradateur,"Symbole S avec barre terminale — E108, commande c",1,PAR LOGEMENT TYPE B — NON MULTIPLIÉ,MODELE NON PRECISE,Variante lue selon E108; calibre non inscrit.,Logement type B,6434.4,2584.45,1,,,,
E203,E203-0170,Gradateur,"Symbole S avec barre terminale — E108, commande f",1,PAR LOGEMENT TYPE B — NON MULTIPLIÉ,MODELE NON PRECISE,Variante lue selon E108; calibre non inscrit.,Logement type B,7278.08,3058.59,1,,,,
E203,E203-0171,Plinthe 1500 W,"Plinthe logement, puissance inscrite",1,PAR LOGEMENT TYPE A — NON MULTIPLIÉ,STELPRO B / OUELLET OFM (logement); STELPRO SPDH / OUELLET OPPM (porte-patio) — E100, Série selon variante de plinthe au dessin; alternatives conservées sans choix de marque.,Logement type A,1957.32,1316.13,1,,,,
E203,E203-0172,Plinthe 1500 W,"Plinthe logement, puissance inscrite",1,PAR LOGEMENT TYPE A — NON MULTIPLIÉ,STELPRO B / OUELLET OFM (logement); STELPRO SPDH / OUELLET OPPM (porte-patio) — E100, Série selon variante de plinthe au dessin; alternatives conservées sans choix de marque.,Logement type A,1535.48,2553.51,1,,,,
E203,E203-0173,Plinthe 1500 W,"Plinthe logement, puissance inscrite",1,PAR LOGEMENT TYPE A — NON MULTIPLIÉ,STELPRO B / OUELLET OFM (logement); STELPRO SPDH / OUELLET OPPM (porte-patio) — E100, Série selon variante de plinthe au dessin; alternatives conservées sans choix de marque.,Logement type A,1546.73,3459.05,1,,,,
E203,E203-0174,Plinthe 1500 W,"Plinthe logement, puissance inscrite",1,PAR LOGEMENT TYPE B — NON MULTIPLIÉ,STELPRO B / OUELLET OFM (logement); STELPRO SPDH / OUELLET OPPM (porte-patio) — E100, Série selon variante de plinthe au dessin; alternatives conservées sans choix de marque.,Logement type B,6884.36,1636.72,1,,,,
E203,E203-0175,Plinthe 1500 W,"Plinthe logement, puissance inscrite",1,PAR LOGEMENT TYPE B — NON MULTIPLIÉ,STELPRO B / OUELLET OFM (logement); STELPRO SPDH / OUELLET OPPM (porte-patio) — E100, Série selon variante de plinthe au dessin; alternatives conservées sans choix de marque.,Logement type B,7587.42,1636.72,1,,,,
E203,E203-0176,Plinthe 1000 W,Plinthe porte-patio,1,PAR LOGEMENT TYPE A — NON MULTIPLIÉ,STELPRO B / OUELLET OFM (logement); STELPRO SPDH / OUELLET OPPM (porte-patio) — E100, Série selon variante de plinthe au dessin; alternatives conservées sans choix de marque.,Logement type A,2795.37,1316.13,1,,,,
E203,E203-0177,Plinthe 1750 W,"Plinthe logement, puissance inscrite",1,PAR LOGEMENT TYPE A — NON MULTIPLIÉ,STELPRO B / OUELLET OFM (logement); STELPRO SPDH / OUELLET OPPM (porte-patio) — E100, Série selon variante de plinthe au dessin; alternatives conservées sans choix de marque.,Logement type A,3644.66,1316.13,1,,,,
E203,E203-0178,Plinthe 2000 W,Plinthe porte-patio,1,PAR LOGEMENT TYPE B — NON MULTIPLIÉ,STELPRO B / OUELLET OFM (logement); STELPRO SPDH / OUELLET OPPM (porte-patio) — E100, Série selon variante de plinthe au dessin; alternatives conservées sans choix de marque.,Logement type B,5894.45,1636.72,1,,,,
E203,E203-0179,Convecteur 1000 W,"Chauffage salle de bain, 1 kW inscrit",1,PAR LOGEMENT TYPE A — NON MULTIPLIÉ,STELPRO série MIR / OUELLET série ONC — E100,,Logement type A,2699.75,3487.18,1,,,,
E203,E203-0180,Convecteur 1000 W,"Chauffage salle de bain, 1 kW inscrit",1,PAR LOGEMENT TYPE B — NON MULTIPLIÉ,STELPRO série MIR / OUELLET série ONC — E100,,Logement type B,7435.56,3414.06,1,,,,
E203,E203-0181,Évaporateur,"Évaporateur, renvoi condenseur au toit",1,PAR LOGEMENT TYPE A — NON MULTIPLIÉ,MODELE NON PRECISE,Fourniture mécanique; ne pas ajouter un condenseur à celui de la toiture E202.,Logement type A,2536.64,1715.47,1,,,,
E203,E203-0182,Évaporateur,"Évaporateur, renvoi condenseur au toit",1,PAR LOGEMENT TYPE B — NON MULTIPLIÉ,MODELE NON PRECISE,Fourniture mécanique; ne pas ajouter un condenseur à celui de la toiture E202.,Logement type B,5388.25,2131.68,1,,,,
E203,E203-0183,Relais chauffage,R,1,PAR LOGEMENT TYPE A — NON MULTIPLIÉ,STELPRO série RE306 — E100,,Logement type A,2536.64,1839.2,1,,,,
E203,E203-0184,Relais chauffage,R,1,PAR LOGEMENT TYPE B — NON MULTIPLIÉ,STELPRO série RE306 — E100,,Logement type B,6423.16,2491.64,1,,,,
E203,E203-0185,Klaxon stroboscope 185 cd,185 CD inscrit,1,PAR LOGEMENT TYPE A — NON MULTIPLIÉ,MIRCOM FHS-400-RR — E100,Un ensemble klaxon/stroboscope par symbole; ne pas compter ses composantes une seconde fois.,Logement type A,2469.15,1766.09,1,,,,
E203,E203-0186,Klaxon stroboscope 185 cd,185 CD inscrit,1,PAR LOGEMENT TYPE A — NON MULTIPLIÉ,MIRCOM FHS-400-RR — E100,Un ensemble klaxon/stroboscope par symbole; ne pas compter ses composantes une seconde fois.,Logement type A,1996.69,2216.04,1,,,,
E203,E203-0187,Klaxon stroboscope 185 cd,185 CD inscrit,1,PAR LOGEMENT TYPE A — NON MULTIPLIÉ,MIRCOM FHS-400-RR — E100,Un ensemble klaxon/stroboscope par symbole; ne pas compter ses composantes une seconde fois.,Logement type A,2480.4,3149.71,1,,,,
E203,E203-0188,Klaxon stroboscope 185 cd,185 CD inscrit,1,PAR LOGEMENT TYPE B — NON MULTIPLIÉ,MIRCOM FHS-400-RR — E100,Un ensemble klaxon/stroboscope par symbole; ne pas compter ses composantes une seconde fois.,Logement type B,7131.84,2232.92,1,,,,
E203,E203-0189,Klaxon stroboscope 185 cd,185 CD inscrit,1,PAR LOGEMENT TYPE B — NON MULTIPLIÉ,MIRCOM FHS-400-RR — E100,Un ensemble klaxon/stroboscope par symbole; ne pas compter ses composantes une seconde fois.,Logement type B,7204.96,2232.92,1,,,,
E203,E203-0190,Klaxon stroboscope 15 cd,15 CD inscrit,1,PAR LOGEMENT TYPE A — NON MULTIPLIÉ,MIRCOM FHS-400-RR — E100,"Un ensemble; renvoi au réseau incendie, non additionnable au schéma.",Logement type A,2592.88,1901.07,1,,,,
E203,E203-0191,Klaxon stroboscope 15 cd,15 CD inscrit,1,PAR LOGEMENT TYPE B — NON MULTIPLIÉ,MIRCOM FHS-400-RR — E100,"Un ensemble; renvoi au réseau incendie, non additionnable au schéma.",Logement type B,6434.4,2345.41,1,,,,
E203,E203-0192,Boîte de jonction vanité,"Carré à diagonales, circuit 12 f",1,PAR LOGEMENT TYPE A — NON MULTIPLIÉ,MODELE NON PRECISE,Symbole de boîte E100. Appareil de vanité non précisé dans E108; aucun modèle inventé.,Logement type A,3453.43,3228.45,1,12,,,
E203,E203-0193,Boîte de jonction vanité,"Carré à diagonales, circuit 12 f",1,PAR LOGEMENT TYPE B — NON MULTIPLIÉ,MODELE NON PRECISE,Symbole de boîte E100. Appareil de vanité non précisé dans E108; aucun modèle inventé.,Logement type B,7410.81,2829.11,1,12,,,
E203,E203-0194,Panneau logement,PL,1,PAR LOGEMENT TYPE A — NON MULTIPLIÉ,MODELE NON PRECISE,Une instance par logement type; non cumulable avec E104/E400 et les plans d’implantation.,Logement type A,4015.88,3520.92,1,,,,
E203,E203-0195,Panneau logement,PL,1,PAR LOGEMENT TYPE B — NON MULTIPLIÉ,MODELE NON PRECISE,Une instance par logement type; non cumulable avec E104/E400 et les plans d’implantation.,Logement type B,6462.53,3352.19,1,,,,
E203,E203-0196,Poste intercom,IC,1,PAR LOGEMENT TYPE A — NON MULTIPLIÉ,MODELE NON PRECISE,,Logement type A,3983.26,3058.59,1,,,,
E203,E203-0197,Poste intercom,IC,1,PAR LOGEMENT TYPE B — NON MULTIPLIÉ,MODELE NON PRECISE,,Logement type B,7182.46,3684.03,1,,,,
E203,E203-0198,Boîtier télécom BELL,BELL,1,PAR LOGEMENT TYPE A — NON MULTIPLIÉ,MODELE NON PRECISE,Désignation littérale du plan; équipements internes non déduits.,Logement type A,3594.04,3025.97,1,,,,
E203,E203-0199,Boîtier télécom BELL,BELL,1,PAR LOGEMENT TYPE B — NON MULTIPLIÉ,MODELE NON PRECISE,Désignation littérale du plan; équipements internes non déduits.,Logement type B,6783.12,3622.16,1,,,,
E203,E203-0200,Renvoi condenseur,1 — CONDENSEUR NIVEAU TOIT,1,PAR LOGEMENT TYPE A — NON MULTIPLIÉ,MODELE NON PRECISE,Référence de note uniquement; aucune quantité physique ajoutée à E202.,Logement type A,1991.07,854.92,1,,,,
E203,E203-0201,Renvoi condenseur,1 — CONDENSEUR NIVEAU TOIT,1,PAR LOGEMENT TYPE B — NON MULTIPLIÉ,MODELE NON PRECISE,Référence de note uniquement; aucune quantité physique ajoutée à E202.,Logement type B,7688.66,854.92,1,,,,
E204,E204-0001,Spot logement,Cercle à croix débordante — réf. E108,1,PAR LOGEMENT TYPE D — NON MULTIPLIÉ,JUNO JPDZ4 DC 1000LM CWH — E108,JUNO JPDZ4 DC 1000LM CWH : colonne cédule 2000 lm; incohérence de référence conservée.,Logement type D,7246.19,997.39,1,,,,
E204,E204-0002,Spot logement,Cercle à croix débordante — réf. E108,1,PAR LOGEMENT TYPE D — NON MULTIPLIÉ,JUNO JPDZ4 DC 1000LM CWH — E108,JUNO JPDZ4 DC 1000LM CWH : colonne cédule 2000 lm; incohérence de référence conservée.,Logement type D,7906.16,988.05,1,,,,
E204,E204-0003,Spot logement,Cercle à croix débordante — réf. E108,1,PAR LOGEMENT TYPE D — NON MULTIPLIÉ,JUNO JPDZ4 DC 1000LM CWH — E108,JUNO JPDZ4 DC 1000LM CWH : colonne cédule 2000 lm; incohérence de référence conservée.,Logement type D,6363.14,1098.63,1,,,,
E204,E204-0004,Spot logement,Cercle à croix débordante — réf. E108,1,PAR LOGEMENT TYPE D — NON MULTIPLIÉ,JUNO JPDZ4 DC 1000LM CWH — E108,JUNO JPDZ4 DC 1000LM CWH : colonne cédule 2000 lm; incohérence de référence conservée.,Logement type D,6691.27,1098.63,1,,,,
E204,E204-0005,Spot logement,Cercle à croix débordante — réf. E108,1,PAR LOGEMENT TYPE D — NON MULTIPLIÉ,JUNO JPDZ4 DC 1000LM CWH — E108,JUNO JPDZ4 DC 1000LM CWH : colonne cédule 2000 lm; incohérence de référence conservée.,Logement type D,6979.98,1098.63,1,,,,
E204,E204-0006,Spot logement,Cercle à croix débordante — réf. E108,1,PAR LOGEMENT TYPE D — NON MULTIPLIÉ,JUNO JPDZ4 DC 1000LM CWH — E108,JUNO JPDZ4 DC 1000LM CWH : colonne cédule 2000 lm; incohérence de référence conservée.,Logement type D,6672.49,1321.75,1,,,,
E204,E204-0007,Spot logement,Cercle à croix débordante — réf. E108,1,PAR LOGEMENT TYPE D — NON MULTIPLIÉ,JUNO JPDZ4 DC 1000LM CWH — E108,JUNO JPDZ4 DC 1000LM CWH : colonne cédule 2000 lm; incohérence de référence conservée.,Logement type D,7023.12,1321.75,1,,,,
E204,E204-0008,Spot logement,Cercle à croix débordante — réf. E108,1,PAR LOGEMENT TYPE D — NON MULTIPLIÉ,JUNO JPDZ4 DC 1000LM CWH — E108,JUNO JPDZ4 DC 1000LM CWH : colonne cédule 2000 lm; incohérence de référence conservée.,Logement type D,7521.78,1321.75,1,,,,
E204,E204-0009,Spot logement,Cercle à croix débordante — réf. E108,1,PAR LOGEMENT TYPE D — NON MULTIPLIÉ,JUNO JPDZ4 DC 1000LM CWH — E108,JUNO JPDZ4 DC 1000LM CWH : colonne cédule 2000 lm; incohérence de référence conservée.,Logement type D,7521.78,1559.84,1,,,,
E204,E204-0010,Spot logement,Cercle à croix débordante — réf. E108,1,PAR LOGEMENT TYPE C — NON MULTIPLIÉ,JUNO JPDZ4 DC 1000LM CWH — E108,JUNO JPDZ4 DC 1000LM CWH : colonne cédule 2000 lm; incohérence de référence conservée.,Logement type C,2791.6,1687.34,1,,,,
E204,E204-0011,Spot logement,Cercle à croix débordante — réf. E108,1,PAR LOGEMENT TYPE C — NON MULTIPLIÉ,JUNO JPDZ4 DC 1000LM CWH — E108,JUNO JPDZ4 DC 1000LM CWH : colonne cédule 2000 lm; incohérence de référence conservée.,Logement type C,3196.56,1687.34,1,,,,
E204,E204-0012,Spot logement,Cercle à croix débordante — réf. E108,1,PAR LOGEMENT TYPE C — NON MULTIPLIÉ,JUNO JPDZ4 DC 1000LM CWH — E108,JUNO JPDZ4 DC 1000LM CWH : colonne cédule 2000 lm; incohérence de référence conservée.,Logement type C,3599.67,1687.34,1,,,,
E204,E204-0013,Spot logement,Cercle à croix débordante — réf. E108,1,PAR LOGEMENT TYPE D — NON MULTIPLIÉ,JUNO JPDZ4 DC 1000LM CWH — E108,JUNO JPDZ4 DC 1000LM CWH : colonne cédule 2000 lm; incohérence de référence conservée.,Logement type D,6258.19,1640.49,1,,,,
E204,E204-0014,Spot logement,Cercle à croix débordante — réf. E108,1,PAR LOGEMENT TYPE D — NON MULTIPLIÉ,JUNO JPDZ4 DC 1000LM CWH — E108,JUNO JPDZ4 DC 1000LM CWH : colonne cédule 2000 lm; incohérence de référence conservée.,Logement type D,7521.78,1856.08,1,,,,
E204,E204-0015,Spot logement,Cercle à croix débordante — réf. E108,1,PAR LOGEMENT TYPE D — NON MULTIPLIÉ,JUNO JPDZ4 DC 1000LM CWH — E108,JUNO JPDZ4 DC 1000LM CWH : colonne cédule 2000 lm; incohérence de référence conservée.,Logement type D,8067.36,1749.21,1,,,,
E204,E204-0016,Spot logement,Cercle à croix débordante — réf. E108,1,PAR LOGEMENT TYPE C — NON MULTIPLIÉ,JUNO JPDZ4 DC 1000LM CWH — E108,JUNO JPDZ4 DC 1000LM CWH : colonne cédule 2000 lm; incohérence de référence conservée.,Logement type C,2791.6,2116.66,1,,,,
E204,E204-0017,Spot logement,Cercle à croix débordante — réf. E108,1,PAR LOGEMENT TYPE C — NON MULTIPLIÉ,JUNO JPDZ4 DC 1000LM CWH — E108,JUNO JPDZ4 DC 1000LM CWH : colonne cédule 2000 lm; incohérence de référence conservée.,Logement type C,3196.56,2116.66,1,,,,
E204,E204-0018,Spot logement,Cercle à croix débordante — réf. E108,1,PAR LOGEMENT TYPE C — NON MULTIPLIÉ,JUNO JPDZ4 DC 1000LM CWH — E108,JUNO JPDZ4 DC 1000LM CWH : colonne cédule 2000 lm; incohérence de référence conservée.,Logement type C,3599.67,2116.66,1,,,,
E204,E204-0019,Spot logement,Cercle à croix débordante — réf. E108,1,PAR LOGEMENT TYPE D — NON MULTIPLIÉ,JUNO JPDZ4 DC 1000LM CWH — E108,JUNO JPDZ4 DC 1000LM CWH : colonne cédule 2000 lm; incohérence de référence conservée.,Logement type D,7555.53,2189.78,1,,,,
E204,E204-0020,Spot logement,Cercle à croix débordante — réf. E108,1,PAR LOGEMENT TYPE D — NON MULTIPLIÉ,JUNO JPDZ4 DC 1000LM CWH — E108,JUNO JPDZ4 DC 1000LM CWH : colonne cédule 2000 lm; incohérence de référence conservée.,Logement type D,5594.5,2223.53,1,,,,
E204,E204-0021,Spot logement,Cercle à croix débordante — réf. E108,1,PAR LOGEMENT TYPE D — NON MULTIPLIÉ,JUNO JPDZ4 DC 1000LM CWH — E108,JUNO JPDZ4 DC 1000LM CWH : colonne cédule 2000 lm; incohérence de référence conservée.,Logement type D,5997.55,2223.53,1,,,,
E204,E204-0022,Spot logement,Cercle à croix débordante — réf. E108,1,PAR LOGEMENT TYPE D — NON MULTIPLIÉ,JUNO JPDZ4 DC 1000LM CWH — E108,JUNO JPDZ4 DC 1000LM CWH : colonne cédule 2000 lm; incohérence de référence conservée.,Logement type D,6402.51,2223.53,1,,,,
E204,E204-0023,Spot logement,Cercle à croix débordante — réf. E108,1,PAR LOGEMENT TYPE C — NON MULTIPLIÉ,JUNO JPDZ4 DC 1000LM CWH — E108,JUNO JPDZ4 DC 1000LM CWH : colonne cédule 2000 lm; incohérence de référence conservée.,Logement type C,1955.46,2536.64,1,,,,
E204,E204-0024,Spot logement,Cercle à croix débordante — réf. E108,1,PAR LOGEMENT TYPE C — NON MULTIPLIÉ,JUNO JPDZ4 DC 1000LM CWH — E108,JUNO JPDZ4 DC 1000LM CWH : colonne cédule 2000 lm; incohérence de référence conservée.,Logement type C,2471.0,2692.27,1,,,,
E204,E204-0025,Spot logement,Cercle à croix débordante — réf. E108,1,PAR LOGEMENT TYPE C — NON MULTIPLIÉ,JUNO JPDZ4 DC 1000LM CWH — E108,JUNO JPDZ4 DC 1000LM CWH : colonne cédule 2000 lm; incohérence de référence conservée.,Logement type C,2926.59,2692.27,1,,,,
E204,E204-0026,Spot logement,Cercle à croix débordante — réf. E108,1,PAR LOGEMENT TYPE D — NON MULTIPLIÉ,JUNO JPDZ4 DC 1000LM CWH — E108,JUNO JPDZ4 DC 1000LM CWH : colonne cédule 2000 lm; incohérence de référence conservée.,Logement type D,5594.5,2652.9,1,,,,
E204,E204-0027,Spot logement,Cercle à croix débordante — réf. E108,1,PAR LOGEMENT TYPE D — NON MULTIPLIÉ,JUNO JPDZ4 DC 1000LM CWH — E108,JUNO JPDZ4 DC 1000LM CWH : colonne cédule 2000 lm; incohérence de référence conservée.,Logement type D,5997.55,2652.9,1,,,,
E204,E204-0028,Spot logement,Cercle à croix débordante — réf. E108,1,PAR LOGEMENT TYPE D — NON MULTIPLIÉ,JUNO JPDZ4 DC 1000LM CWH — E108,JUNO JPDZ4 DC 1000LM CWH : colonne cédule 2000 lm; incohérence de référence conservée.,Logement type D,6402.51,2652.9,1,,,,
E204,E204-0029,Spot logement,Cercle à croix débordante — réf. E108,1,PAR LOGEMENT TYPE C — NON MULTIPLIÉ,JUNO JPDZ4 DC 1000LM CWH — E108,JUNO JPDZ4 DC 1000LM CWH : colonne cédule 2000 lm; incohérence de référence conservée.,Logement type C,1334.86,2904.09,1,,,,
E204,E204-0030,Spot logement,Cercle à croix débordante — réf. E108,1,PAR LOGEMENT TYPE C — NON MULTIPLIÉ,JUNO JPDZ4 DC 1000LM CWH — E108,JUNO JPDZ4 DC 1000LM CWH : colonne cédule 2000 lm; incohérence de référence conservée.,Logement type C,2493.5,2979.12,1,,,,
E204,E204-0031,Spot logement,Cercle à croix débordante — réf. E108,1,PAR LOGEMENT TYPE C — NON MULTIPLIÉ,JUNO JPDZ4 DC 1000LM CWH — E108,JUNO JPDZ4 DC 1000LM CWH : colonne cédule 2000 lm; incohérence de référence conservée.,Logement type C,1653.6,3061.57,1,,,,
E204,E204-0032,Spot logement,Cercle à croix débordante — réf. E108,1,PAR LOGEMENT TYPE C — NON MULTIPLIÉ,JUNO JPDZ4 DC 1000LM CWH — E108,JUNO JPDZ4 DC 1000LM CWH : colonne cédule 2000 lm; incohérence de référence conservée.,Logement type C,2056.7,3014.72,1,,,,
E204,E204-0033,Spot logement,Cercle à croix débordante — réf. E108,1,PAR LOGEMENT TYPE C — NON MULTIPLIÉ,JUNO JPDZ4 DC 1000LM CWH — E108,JUNO JPDZ4 DC 1000LM CWH : colonne cédule 2000 lm; incohérence de référence conservée.,Logement type C,3535.94,3024.11,1,,,,
E204,E204-0034,Spot logement,Cercle à croix débordante — réf. E108,1,PAR LOGEMENT TYPE C — NON MULTIPLIÉ,JUNO JPDZ4 DC 1000LM CWH — E108,JUNO JPDZ4 DC 1000LM CWH : colonne cédule 2000 lm; incohérence de référence conservée.,Logement type C,3873.41,3024.11,1,,,,
E204,E204-0035,Spot logement,Cercle à croix débordante — réf. E108,1,PAR LOGEMENT TYPE C — NON MULTIPLIÉ,JUNO JPDZ4 DC 1000LM CWH — E108,JUNO JPDZ4 DC 1000LM CWH : colonne cédule 2000 lm; incohérence de référence conservée.,Logement type C,3033.45,3099.09,1,,,,
E204,E204-0036,Spot logement,Cercle à croix débordante — réf. E108,1,PAR LOGEMENT TYPE C — NON MULTIPLIÉ,JUNO JPDZ4 DC 1000LM CWH — E108,JUNO JPDZ4 DC 1000LM CWH : colonne cédule 2000 lm; incohérence de référence conservée.,Logement type C,1334.86,3309.05,1,,,,
E204,E204-0037,Spot logement,Cercle à croix débordante — réf. E108,1,PAR LOGEMENT TYPE C — NON MULTIPLIÉ,JUNO JPDZ4 DC 1000LM CWH — E108,JUNO JPDZ4 DC 1000LM CWH : colonne cédule 2000 lm; incohérence de référence conservée.,Logement type C,3279.07,3239.7,1,,,,
E204,E204-0038,Spot logement,Cercle à croix débordante — réf. E108,1,PAR LOGEMENT TYPE C — NON MULTIPLIÉ,JUNO JPDZ4 DC 1000LM CWH — E108,JUNO JPDZ4 DC 1000LM CWH : colonne cédule 2000 lm; incohérence de référence conservée.,Logement type C,3609.06,3239.7,1,,,,
E204,E204-0039,Spot logement,Cercle à croix débordante — réf. E108,1,PAR LOGEMENT TYPE C — NON MULTIPLIÉ,JUNO JPDZ4 DC 1000LM CWH — E108,JUNO JPDZ4 DC 1000LM CWH : colonne cédule 2000 lm; incohérence de référence conservée.,Logement type C,3895.91,3239.7,1,,,,
E204,E204-0040,Spot logement,Cercle à croix débordante — réf. E108,1,PAR LOGEMENT TYPE C — NON MULTIPLIÉ,JUNO JPDZ4 DC 1000LM CWH — E108,JUNO JPDZ4 DC 1000LM CWH : colonne cédule 2000 lm; incohérence de référence conservée.,Logement type C,2056.7,3385.94,1,,,,
E204,E204-0041,Spot logement,Cercle à croix débordante — réf. E108,1,PAR LOGEMENT TYPE C — NON MULTIPLIÉ,JUNO JPDZ4 DC 1000LM CWH — E108,JUNO JPDZ4 DC 1000LM CWH : colonne cédule 2000 lm; incohérence de référence conservée.,Logement type C,2471.0,3339.08,1,,,,
E204,E204-0042,Spot logement,Cercle à croix débordante — réf. E108,1,PAR LOGEMENT TYPE C — NON MULTIPLIÉ,JUNO JPDZ4 DC 1000LM CWH — E108,JUNO JPDZ4 DC 1000LM CWH : colonne cédule 2000 lm; incohérence de référence conservée.,Logement type C,2754.14,3339.08,1,,,,
E204,E204-0043,Plafonnier,Plafonnier chambre — réf. E108,1,PAR LOGEMENT TYPE D — NON MULTIPLIÉ,ARTIKAPRO 12FLPR-SP3-WHJ-6PK — E108,,Logement type D,5618.85,1557.98,1,,,,
E204,E204-0044,Plafonnier,Plafonnier chambre — réf. E108,1,PAR LOGEMENT TYPE C — NON MULTIPLIÉ,ARTIKAPRO 12FLPR-SP3-WHJ-6PK — E108,,Logement type C,1409.89,2126.05,1,,,,
E204,E204-0045,Plafonnier,Plafonnier chambre — réf. E108,1,PAR LOGEMENT TYPE C — NON MULTIPLIÉ,ARTIKAPRO 12FLPR-SP3-WHJ-6PK — E108,,Logement type C,2079.2,2126.05,1,,,,
E204,E204-0046,Plafonnier,Plafonnier chambre — réf. E108,1,PAR LOGEMENT TYPE D — NON MULTIPLIÉ,ARTIKAPRO 12FLPR-SP3-WHJ-6PK — E108,,Logement type D,7308.05,2774.72,1,,,,
E204,E204-0047,Plafonnier,Plafonnier chambre — réf. E108,1,PAR LOGEMENT TYPE D — NON MULTIPLIÉ,ARTIKAPRO 12FLPR-SP3-WHJ-6PK — E108,,Logement type D,7791.76,2774.72,1,,,,
E204,E204-0048,Avertisseur fumée L,"L, 120 V, circuit 16",1,PAR LOGEMENT TYPE D — NON MULTIPLIÉ,KIDDE P12040CA — E100; CO conditionnel réservé,"Note générale : appareil combiné CO/fumée selon adjacence au garage ou gaz; vérifier applicabilité sans ajouter de symbole absent. Si CO applicable : E204 prescrit BRK SC9120, E100 SC7010B; divergence non arbitrée.",Logement type D,5974.15,1467.03,1,16,,,
E204,E204-0049,Avertisseur fumée L,"L, 120 V, circuit 16",1,PAR LOGEMENT TYPE D — NON MULTIPLIÉ,KIDDE P12040CA — E100; CO conditionnel réservé,"Note générale : appareil combiné CO/fumée selon adjacence au garage ou gaz; vérifier applicabilité sans ajouter de symbole absent. Si CO applicable : E204 prescrit BRK SC9120, E100 SC7010B; divergence non arbitrée.",Logement type D,6259.09,1767.04,1,16,,,
E204,E204-0050,Avertisseur fumée L,"L, 120 V, circuit 16",1,PAR LOGEMENT TYPE C — NON MULTIPLIÉ,KIDDE P12040CA — E100; CO conditionnel réservé,"Note générale : appareil combiné CO/fumée selon adjacence au garage ou gaz; vérifier applicabilité sans ajouter de symbole absent. Si CO applicable : E204 prescrit BRK SC9120, E100 SC7010B; divergence non arbitrée.",Logement type C,2183.25,2149.51,1,16,,,
E204,E204-0051,Avertisseur fumée L,"L, 120 V, circuit 16",1,PAR LOGEMENT TYPE D — NON MULTIPLIÉ,KIDDE P12040CA — E100; CO conditionnel réservé,"Note générale : appareil combiné CO/fumée selon adjacence au garage ou gaz; vérifier applicabilité sans ajouter de symbole absent. Si CO applicable : E204 prescrit BRK SC9120, E100 SC7010B; divergence non arbitrée.",Logement type D,7560.26,2282.58,1,16,,,
E204,E204-0052,Avertisseur fumée L,"L, 120 V, circuit 16",1,PAR LOGEMENT TYPE C — NON MULTIPLIÉ,KIDDE P12040CA — E100; CO conditionnel réservé,"Note générale : appareil combiné CO/fumée selon adjacence au garage ou gaz; vérifier applicabilité sans ajouter de symbole absent. Si CO applicable : E204 prescrit BRK SC9120, E100 SC7010B; divergence non arbitrée.",Logement type C,1504.55,2336.97,1,16,,,
E204,E204-0053,Avertisseur fumée L,"L, 120 V, circuit 16",1,PAR LOGEMENT TYPE C — NON MULTIPLIÉ,KIDDE P12040CA — E100; CO conditionnel réservé,"Note générale : appareil combiné CO/fumée selon adjacence au garage ou gaz; vérifier applicabilité sans ajouter de symbole absent. Si CO applicable : E204 prescrit BRK SC9120, E100 SC7010B; divergence non arbitrée.",Logement type C,1993.88,2646.32,1,16,,,
E204,E204-0054,Avertisseur fumée L,"L, 120 V, circuit 16",1,PAR LOGEMENT TYPE D — NON MULTIPLIÉ,KIDDE P12040CA — E100; CO conditionnel réservé,"Note générale : appareil combiné CO/fumée selon adjacence au garage ou gaz; vérifier applicabilité sans ajouter de symbole absent. Si CO applicable : E204 prescrit BRK SC9120, E100 SC7010B; divergence non arbitrée.",Logement type D,7318.4,2661.33,1,16,,,
E204,E204-0055,Avertisseur fumée L,"L, 120 V, circuit 16",1,PAR LOGEMENT TYPE D — NON MULTIPLIÉ,KIDDE P12040CA — E100; CO conditionnel réservé,"Note générale : appareil combiné CO/fumée selon adjacence au garage ou gaz; vérifier applicabilité sans ajouter de symbole absent. Si CO applicable : E204 prescrit BRK SC9120, E100 SC7010B; divergence non arbitrée.",Logement type D,7800.2,2644.46,1,16,,,
E204,E204-0056,Prise double 15 A,Symbole E100 5-15R,1,PAR LOGEMENT TYPE D — NON MULTIPLIÉ,MODELE NON PRECISE,Protection AFCI/DDFT selon prescriptions E100; aucun disjoncteur supplémentaire compté au plan type.,Logement type D,5387.29,834.28,1,,15,,
E204,E204-0057,Prise double 15 A,Symbole E100 5-15R,1,PAR LOGEMENT TYPE D — NON MULTIPLIÉ,MODELE NON PRECISE,Protection AFCI/DDFT selon prescriptions E100; aucun disjoncteur supplémentaire compté au plan type.,Logement type D,5852.27,826.8,1,,15,,
E204,E204-0058,Prise double 15 A,Symbole E100 5-15R,1,PAR LOGEMENT TYPE D — NON MULTIPLIÉ,MODELE NON PRECISE,Protection AFCI/DDFT selon prescriptions E100; aucun disjoncteur supplémentaire compté au plan type.,Logement type D,7798.34,830.57,1,,15,,
E204,E204-0059,Prise double 15 A,Symbole E100 5-15R,1,PAR LOGEMENT TYPE D — NON MULTIPLIÉ,MODELE NON PRECISE,Protection AFCI/DDFT selon prescriptions E100; aucun disjoncteur supplémentaire compté au plan type.,Logement type D,6390.36,856.78,1,,15,,
E204,E204-0060,Prise comptoir 20 A,"Symbole E100 5-20R, au-dessus du comptoir",1,PAR LOGEMENT TYPE D — NON MULTIPLIÉ,MODELE NON PRECISE,DDFT selon proximité de l’évier et prescriptions E100.,Logement type D,6643.47,856.78,1,,20,,
E204,E204-0061,Prise comptoir 20 A,"Symbole E100 5-20R, au-dessus du comptoir",1,PAR LOGEMENT TYPE D — NON MULTIPLIÉ,MODELE NON PRECISE,DDFT selon proximité de l’évier et prescriptions E100.,Logement type D,6999.66,856.78,1,,20,,
E204,E204-0062,Prise double 15 A,Symbole E100 5-15R,1,PAR LOGEMENT TYPE D — NON MULTIPLIÉ,MODELE NON PRECISE,Protection AFCI/DDFT selon prescriptions E100; aucun disjoncteur supplémentaire compté au plan type.,Logement type D,7414.92,863.36,1,,15,,
E204,E204-0063,Prise double 15 A,Symbole E100 5-15R,1,PAR LOGEMENT TYPE D — NON MULTIPLIÉ,MODELE NON PRECISE,Protection AFCI/DDFT selon prescriptions E100; aucun disjoncteur supplémentaire compté au plan type.,Logement type D,7414.92,1086.48,1,,15,,
E204,E204-0064,Prise double 15 A,Symbole E100 5-15R,1,PAR LOGEMENT TYPE D — NON MULTIPLIÉ,MODELE NON PRECISE,Protection AFCI/DDFT selon prescriptions E100; aucun disjoncteur supplémentaire compté au plan type.,Logement type D,7414.92,1138.96,1,,15,,
E204,E204-0065,Prise balcon,"Prise extérieure, circuit 22",1,PAR LOGEMENT TYPE C — NON MULTIPLIÉ,MODELE NON PRECISE,Note E100 : DDFT et couvercle intempéries. Symbole au plan simplifié; confirmer variante 15/20 A au devis.,Logement type C,2698.79,1353.64,1,22,,,
E204,E204-0066,Prise comptoir DDFT 20 A,"Symbole E100 5-20R, au-dessus du comptoir",1,PAR LOGEMENT TYPE D — NON MULTIPLIÉ,MODELE NON PRECISE,Protection DDFT selon symbole et prescriptions E100.,Logement type D,6511.29,1363.94,1,,20,,DDFT selon symbole E100; ne vaut pas disjoncteur ajouté
E204,E204-0067,Prise double 15 A,Symbole E100 5-15R,1,PAR LOGEMENT TYPE D — NON MULTIPLIÉ,MODELE NON PRECISE,Protection AFCI/DDFT selon prescriptions E100; aucun disjoncteur supplémentaire compté au plan type.,Logement type D,6769.06,1374.23,1,,15,,
E204,E204-0068,Prise comptoir DDFT 20 A,Symbole E100 5-20R avec DDFT; au-dessus du comptoir selon traverse du symbole E100,1,PAR LOGEMENT TYPE D — NON MULTIPLIÉ,MODELE NON PRECISE,Protection suivant E100; circuit numéroté distinct du calibre.,Logement type D,7113.11,1313.32,1,,20,,DDFT selon symbole E100; ne vaut pas disjoncteur ajouté
E204,E204-0069,Prise double 15 A,Symbole E100 5-15R,1,PAR LOGEMENT TYPE D — NON MULTIPLIÉ,MODELE NON PRECISE,Protection AFCI/DDFT selon prescriptions E100; aucun disjoncteur supplémentaire compté au plan type.,Logement type D,6040.69,1425.81,1,,15,,
E204,E204-0070,Prise double 15 A,Symbole E100 5-15R,1,PAR LOGEMENT TYPE C — NON MULTIPLIÉ,MODELE NON PRECISE,Protection AFCI/DDFT selon prescriptions E100; aucun disjoncteur supplémentaire compté au plan type.,Logement type C,1057.4,1602.02,1,,15,,
E204,E204-0071,Prise double 15 A,Symbole E100 5-15R,1,PAR LOGEMENT TYPE C — NON MULTIPLIÉ,MODELE NON PRECISE,Protection AFCI/DDFT selon prescriptions E100; aucun disjoncteur supplémentaire compté au plan type.,Logement type C,2504.75,1592.68,1,,15,,
E204,E204-0072,Prise double 15 A,Symbole E100 5-15R,1,PAR LOGEMENT TYPE D — NON MULTIPLIÉ,MODELE NON PRECISE,Protection AFCI/DDFT selon prescriptions E100; aucun disjoncteur supplémentaire compté au plan type.,Logement type D,8222.99,1587.06,1,,15,,
E204,E204-0073,Prise double 15 A,Symbole E100 5-15R,1,PAR LOGEMENT TYPE C — NON MULTIPLIÉ,MODELE NON PRECISE,Protection AFCI/DDFT selon prescriptions E100; aucun disjoncteur supplémentaire compté au plan type.,Logement type C,4000.86,1658.27,1,,15,,
E204,E204-0074,Prise double 15 A,Symbole E100 5-15R,1,PAR LOGEMENT TYPE C — NON MULTIPLIÉ,MODELE NON PRECISE,Protection AFCI/DDFT selon prescriptions E100; aucun disjoncteur supplémentaire compté au plan type.,Logement type C,2570.39,1838.25,1,,15,,
E204,E204-0075,Prise double 15 A,Symbole E100 5-15R,1,PAR LOGEMENT TYPE D — NON MULTIPLIÉ,MODELE NON PRECISE,Protection AFCI/DDFT selon prescriptions E100; aucun disjoncteur supplémentaire compté au plan type.,Logement type D,5544.78,1833.58,1,,15,,
E204,E204-0076,Prise double 15 A,Symbole E100 5-15R,1,PAR LOGEMENT TYPE D — NON MULTIPLIÉ,MODELE NON PRECISE,Protection AFCI/DDFT selon prescriptions E100; aucun disjoncteur supplémentaire compté au plan type.,Logement type D,5619.81,1760.46,1,,15,,
E204,E204-0077,Prise comptoir DDFT 20 A,Symbole E100 5-20R avec DDFT; au-dessus du comptoir selon traverse du symbole E100,1,PAR LOGEMENT TYPE D — NON MULTIPLIÉ,MODELE NON PRECISE,Protection suivant E100; circuit numéroté distinct du calibre.,Logement type D,7894.91,1806.41,1,,20,,DDFT selon symbole E100; ne vaut pas disjoncteur ajouté
E204,E204-0078,Prise double 15 A,Symbole E100 5-15R,1,PAR LOGEMENT TYPE C — NON MULTIPLIÉ,MODELE NON PRECISE,Protection AFCI/DDFT selon prescriptions E100; aucun disjoncteur supplémentaire compté au plan type.,Logement type C,1796.06,1875.76,1,,15,,
E204,E204-0079,Prise double 15 A,Symbole E100 5-15R,1,PAR LOGEMENT TYPE C — NON MULTIPLIÉ,MODELE NON PRECISE,Protection AFCI/DDFT selon prescriptions E100; aucun disjoncteur supplémentaire compté au plan type.,Logement type C,1867.33,1875.76,1,,15,,
E204,E204-0080,Prise double 15 A,Symbole E100 5-15R,1,PAR LOGEMENT TYPE D — NON MULTIPLIÉ,MODELE NON PRECISE,Protection AFCI/DDFT selon prescriptions E100; aucun disjoncteur supplémentaire compté au plan type.,Logement type D,7111.2,1960.13,1,,15,,
E204,E204-0081,Prise double 15 A,Symbole E100 5-15R,1,PAR LOGEMENT TYPE C — NON MULTIPLIÉ,MODELE NON PRECISE,Protection AFCI/DDFT selon prescriptions E100; aucun disjoncteur supplémentaire compté au plan type.,Logement type C,1057.4,2078.25,1,,15,,
E204,E204-0082,Prise double 15 A,Symbole E100 5-15R,1,PAR LOGEMENT TYPE C — NON MULTIPLIÉ,MODELE NON PRECISE,Protection AFCI/DDFT selon prescriptions E100; aucun disjoncteur supplémentaire compté au plan type.,Logement type C,2504.75,2068.85,1,,15,,
E204,E204-0083,Prise double 15 A,Symbole E100 5-15R,1,PAR LOGEMENT TYPE C — NON MULTIPLIÉ,MODELE NON PRECISE,Protection AFCI/DDFT selon prescriptions E100; aucun disjoncteur supplémentaire compté au plan type.,Logement type C,1801.69,2226.34,1,,15,,
E204,E204-0084,Prise double 15 A,Symbole E100 5-15R,1,PAR LOGEMENT TYPE C — NON MULTIPLIÉ,MODELE NON PRECISE,Protection AFCI/DDFT selon prescriptions E100; aucun disjoncteur supplémentaire compté au plan type.,Logement type C,2207.61,2279.77,1,,15,,
E204,E204-0085,Prise double 15 A,Symbole E100 5-15R,1,PAR LOGEMENT TYPE C — NON MULTIPLIÉ,MODELE NON PRECISE,Protection AFCI/DDFT selon prescriptions E100; aucun disjoncteur supplémentaire compté au plan type.,Logement type C,2570.39,2258.23,1,,15,,
E204,E204-0086,Prise double 15 A,Symbole E100 5-15R,1,PAR LOGEMENT TYPE C — NON MULTIPLIÉ,MODELE NON PRECISE,Protection AFCI/DDFT selon prescriptions E100; aucun disjoncteur supplémentaire compté au plan type.,Logement type C,4000.86,2357.61,1,,15,,
E204,E204-0087,Prise double 15 A,Symbole E100 5-15R,1,PAR LOGEMENT TYPE D — NON MULTIPLIÉ,MODELE NON PRECISE,Protection AFCI/DDFT selon prescriptions E100; aucun disjoncteur supplémentaire compté au plan type.,Logement type D,7102.76,2336.01,1,,15,,
E204,E204-0088,Prise double 15 A,Symbole E100 5-15R,1,PAR LOGEMENT TYPE D — NON MULTIPLIÉ,MODELE NON PRECISE,Protection AFCI/DDFT selon prescriptions E100; aucun disjoncteur supplémentaire compté au plan type.,Logement type D,8017.7,2336.01,1,,15,,
E204,E204-0089,Prise double 15 A,Symbole E100 5-15R,1,PAR LOGEMENT TYPE D — NON MULTIPLIÉ,MODELE NON PRECISE,Protection AFCI/DDFT selon prescriptions E100; aucun disjoncteur supplémentaire compté au plan type.,Logement type D,5298.26,2425.11,1,,15,,
E204,E204-0090,Prise double 15 A,Symbole E100 5-15R,1,PAR LOGEMENT TYPE D — NON MULTIPLIÉ,MODELE NON PRECISE,Protection AFCI/DDFT selon prescriptions E100; aucun disjoncteur supplémentaire compté au plan type.,Logement type D,7317.45,2522.58,1,,15,,
E204,E204-0091,Prise double 15 A,Symbole E100 5-15R,1,PAR LOGEMENT TYPE D — NON MULTIPLIÉ,MODELE NON PRECISE,Protection AFCI/DDFT selon prescriptions E100; aucun disjoncteur supplémentaire compté au plan type.,Logement type D,7819.88,2528.2,1,,15,,
E204,E204-0092,Prise double 15 A,Symbole E100 5-15R,1,PAR LOGEMENT TYPE C — NON MULTIPLIÉ,MODELE NON PRECISE,Protection AFCI/DDFT selon prescriptions E100; aucun disjoncteur supplémentaire compté au plan type.,Logement type C,2286.35,2532.87,1,,15,,
E204,E204-0093,Prise comptoir DDFT 20 A,Symbole E100 5-20R avec DDFT; au-dessus du comptoir selon traverse du symbole E100,1,PAR LOGEMENT TYPE C — NON MULTIPLIÉ,MODELE NON PRECISE,Protection suivant E100; circuit numéroté distinct du calibre.,Logement type C,1748.26,2682.88,1,,20,,DDFT selon symbole E100; ne vaut pas disjoncteur ajouté
E204,E204-0094,Prise double 15 A,Symbole E100 5-15R,1,PAR LOGEMENT TYPE D — NON MULTIPLIÉ,MODELE NON PRECISE,Protection AFCI/DDFT selon prescriptions E100; aucun disjoncteur supplémentaire compté au plan type.,Logement type D,6837.51,2678.21,1,,15,,
E204,E204-0095,Prise double 15 A,Symbole E100 5-15R,1,PAR LOGEMENT TYPE C — NON MULTIPLIÉ,MODELE NON PRECISE,Protection AFCI/DDFT selon prescriptions E100; aucun disjoncteur supplémentaire compté au plan type.,Logement type C,2965.06,2864.72,1,,15,,
E204,E204-0096,Prise double 15 A,Symbole E100 5-15R,1,PAR LOGEMENT TYPE D — NON MULTIPLIÉ,MODELE NON PRECISE,Protection AFCI/DDFT selon prescriptions E100; aucun disjoncteur supplémentaire compté au plan type.,Logement type D,6919.97,2788.79,1,,15,,
E204,E204-0097,Prise double 15 A,Symbole E100 5-15R,1,PAR LOGEMENT TYPE D — NON MULTIPLIÉ,MODELE NON PRECISE,Protection AFCI/DDFT selon prescriptions E100; aucun disjoncteur supplémentaire compté au plan type.,Logement type D,8222.99,2805.66,1,,15,,
E204,E204-0098,Prise double 15 A,Symbole E100 5-15R,1,PAR LOGEMENT TYPE D — NON MULTIPLIÉ,MODELE NON PRECISE,Protection AFCI/DDFT selon prescriptions E100; aucun disjoncteur supplémentaire compté au plan type.,Logement type D,5788.55,2883.5,1,,15,,
E204,E204-0099,Prise comptoir DDFT 20 A,"Symbole E100 5-20R, au-dessus du comptoir",1,PAR LOGEMENT TYPE C — NON MULTIPLIÉ,MODELE NON PRECISE,Protection DDFT selon symbole et prescriptions E100.,Logement type C,3400.95,3015.68,1,,20,,DDFT selon symbole E100; ne vaut pas disjoncteur ajouté
E204,E204-0100,Prise double 15 A,Symbole E100 5-15R,1,PAR LOGEMENT TYPE C — NON MULTIPLIÉ,MODELE NON PRECISE,Protection AFCI/DDFT selon prescriptions E100; aucun disjoncteur supplémentaire compté au plan type.,Logement type C,3651.24,3089.7,1,,15,,
E204,E204-0101,Prise comptoir DDFT 20 A,Symbole E100 5-20R avec DDFT; au-dessus du comptoir selon traverse du symbole E100,1,PAR LOGEMENT TYPE C — NON MULTIPLIÉ,MODELE NON PRECISE,Protection suivant E100; circuit numéroté distinct du calibre.,Logement type C,4000.86,3047.51,1,,20,,DDFT selon symbole E100; ne vaut pas disjoncteur ajouté
E204,E204-0102,Prise balcon,"Prise extérieure, circuit 22",1,PAR LOGEMENT TYPE D — NON MULTIPLIÉ,MODELE NON PRECISE,Note E100 : DDFT et couvercle intempéries. Symbole au plan simplifié; confirmer variante 15/20 A au devis.,Logement type D,6013.52,3020.35,1,22,,,
E204,E204-0103,Prise double 15 A,Symbole E100 5-15R,1,PAR LOGEMENT TYPE D — NON MULTIPLIÉ,MODELE NON PRECISE,Protection AFCI/DDFT selon prescriptions E100; aucun disjoncteur supplémentaire compté au plan type.,Logement type D,7525.55,3041.89,1,,15,,
E204,E204-0104,Prise double 15 A,Symbole E100 5-15R,1,PAR LOGEMENT TYPE D — NON MULTIPLIÉ,MODELE NON PRECISE,Protection AFCI/DDFT selon prescriptions E100; aucun disjoncteur supplémentaire compté au plan type.,Logement type D,7606.15,3032.55,1,,15,,
E204,E204-0105,Prise double 15 A,Symbole E100 5-15R,1,PAR LOGEMENT TYPE C — NON MULTIPLIÉ,MODELE NON PRECISE,Protection AFCI/DDFT selon prescriptions E100; aucun disjoncteur supplémentaire compté au plan type.,Logement type C,2490.69,3114.11,1,,15,,
E204,E204-0106,Prise double 15 A,Symbole E100 5-15R,1,PAR LOGEMENT TYPE C — NON MULTIPLIÉ,MODELE NON PRECISE,Protection AFCI/DDFT selon prescriptions E100; aucun disjoncteur supplémentaire compté au plan type.,Logement type C,2591.93,3114.11,1,,15,,
E204,E204-0107,Prise double 15 A,Symbole E100 5-15R,1,PAR LOGEMENT TYPE C — NON MULTIPLIÉ,MODELE NON PRECISE,Protection AFCI/DDFT selon prescriptions E100; aucun disjoncteur supplémentaire compté au plan type.,Logement type C,1869.18,3268.78,1,,15,,
E204,E204-0108,Prise double 15 A,Symbole E100 5-15R,1,PAR LOGEMENT TYPE C — NON MULTIPLIÉ,MODELE NON PRECISE,Protection AFCI/DDFT selon prescriptions E100; aucun disjoncteur supplémentaire compté au plan type.,Logement type C,2892.84,3265.01,1,,15,,
E204,E204-0109,Prise double 15 A,Symbole E100 5-15R,1,PAR LOGEMENT TYPE D — NON MULTIPLIÉ,MODELE NON PRECISE,Protection AFCI/DDFT selon prescriptions E100; aucun disjoncteur supplémentaire compté au plan type.,Logement type D,6919.97,3263.15,1,,15,,
E204,E204-0110,Prise double 15 A,Symbole E100 5-15R,1,PAR LOGEMENT TYPE D — NON MULTIPLIÉ,MODELE NON PRECISE,Protection AFCI/DDFT selon prescriptions E100; aucun disjoncteur supplémentaire compté au plan type.,Logement type D,8230.47,3270.63,1,,15,,
E204,E204-0111,Prise double 15 A,Symbole E100 5-15R,1,PAR LOGEMENT TYPE C — NON MULTIPLIÉ,MODELE NON PRECISE,Protection AFCI/DDFT selon prescriptions E100; aucun disjoncteur supplémentaire compté au plan type.,Logement type C,3108.48,3407.48,1,,15,,
E204,E204-0112,Prise double 15 A,Symbole E100 5-15R,1,PAR LOGEMENT TYPE C — NON MULTIPLIÉ,MODELE NON PRECISE,Protection AFCI/DDFT selon prescriptions E100; aucun disjoncteur supplémentaire compté au plan type.,Logement type C,3276.26,3504.05,1,,15,,
E204,E204-0113,Prise comptoir 20 A,"Symbole E100 5-20R, au-dessus du comptoir",1,PAR LOGEMENT TYPE C — NON MULTIPLIÉ,MODELE NON PRECISE,DDFT selon proximité de l’évier et prescriptions E100.,Logement type C,3471.26,3502.19,1,,20,,
E204,E204-0114,Prise comptoir 20 A,"Symbole E100 5-20R, au-dessus du comptoir",1,PAR LOGEMENT TYPE C — NON MULTIPLIÉ,MODELE NON PRECISE,DDFT selon proximité de l’évier et prescriptions E100.,Logement type C,3909.97,3502.19,1,,20,,
E204,E204-0115,Thermostat ligne,T carré,1,PAR LOGEMENT TYPE D — NON MULTIPLIÉ,STELPRO (modèle non inscrit) / OUELLET série OTH/TH — E100,,Logement type D,6041.65,1495.38,1,,,,
E204,E204-0116,Thermostat ligne,T carré,1,PAR LOGEMENT TYPE D — NON MULTIPLIÉ,STELPRO (modèle non inscrit) / OUELLET série OTH/TH — E100,,Logement type D,5908.52,1834.71,1,,,,
E204,E204-0117,Thermostat ligne,T carré,1,PAR LOGEMENT TYPE D — NON MULTIPLIÉ,STELPRO (modèle non inscrit) / OUELLET série OTH/TH — E100,,Logement type D,7742.1,1952.82,1,,,,
E204,E204-0118,Thermostat ligne,T carré,1,PAR LOGEMENT TYPE C — NON MULTIPLIÉ,STELPRO (modèle non inscrit) / OUELLET série OTH/TH — E100,,Logement type C,1795.17,2282.81,1,,,,
E204,E204-0119,Thermostat ligne,T carré,1,PAR LOGEMENT TYPE C — NON MULTIPLIÉ,STELPRO (modèle non inscrit) / OUELLET série OTH/TH — E100,,Logement type C,2145.74,2279.04,1,,,,
E204,E204-0120,Thermostat ligne,T carré,1,PAR LOGEMENT TYPE C — NON MULTIPLIÉ,STELPRO (modèle non inscrit) / OUELLET série OTH/TH — E100,,Logement type C,2573.2,2399.01,1,,,,
E204,E204-0121,Thermostat ligne,T carré,1,PAR LOGEMENT TYPE D — NON MULTIPLIÉ,STELPRO (modèle non inscrit) / OUELLET série OTH/TH — E100,,Logement type D,7322.12,2449.63,1,,,,
E204,E204-0122,Thermostat ligne,T carré,1,PAR LOGEMENT TYPE D — NON MULTIPLIÉ,STELPRO (modèle non inscrit) / OUELLET série OTH/TH — E100,,Logement type D,7820.84,2464.65,1,,,,
E204,E204-0123,Thermostat ligne,T carré,1,PAR LOGEMENT TYPE C — NON MULTIPLIÉ,STELPRO (modèle non inscrit) / OUELLET série OTH/TH — E100,,Logement type C,1795.17,2856.5,1,,,,
E204,E204-0124,Sortie TV,TV,1,PAR LOGEMENT TYPE C — NON MULTIPLIÉ,MODELE NON PRECISE,RG58/U suivant E100; longueur non métrée.,Logement type C,1796.06,1812.04,1,,,,
E204,E204-0125,Sortie TV,TV,1,PAR LOGEMENT TYPE C — NON MULTIPLIÉ,MODELE NON PRECISE,RG58/U suivant E100; longueur non métrée.,Logement type C,1872.95,1812.04,1,,,,
E204,E204-0126,Sortie TV,TV,1,PAR LOGEMENT TYPE C — NON MULTIPLIÉ,MODELE NON PRECISE,RG58/U suivant E100; longueur non métrée.,Logement type C,2576.01,1774.52,1,,,,
E204,E204-0127,Sortie TV,TV,1,PAR LOGEMENT TYPE D — NON MULTIPLIÉ,MODELE NON PRECISE,RG58/U suivant E100; longueur non métrée.,Logement type D,5552.32,1754.84,1,,,,
E204,E204-0128,Sortie TV,TV,1,PAR LOGEMENT TYPE D — NON MULTIPLIÉ,MODELE NON PRECISE,RG58/U suivant E100; longueur non métrée.,Logement type D,6844.99,2603.18,1,,,,
E204,E204-0129,Sortie TV,TV,1,PAR LOGEMENT TYPE D — NON MULTIPLIÉ,MODELE NON PRECISE,RG58/U suivant E100; longueur non métrée.,Logement type D,7533.03,2966.91,1,,,,
E204,E204-0130,Sortie TV,TV,1,PAR LOGEMENT TYPE D — NON MULTIPLIÉ,MODELE NON PRECISE,RG58/U suivant E100; longueur non métrée.,Logement type D,7611.78,2966.91,1,,,,
E204,E204-0131,Gradateur,"Symbole S avec barre terminale — E108, indice 4, commande a",1,PAR LOGEMENT TYPE D — NON MULTIPLIÉ,MODELE NON PRECISE,Variante lue selon E108; calibre non inscrit. Indice reproduit sans validation de compatibilité ni sélection de mécanisme.,Logement type D,7953.01,823.03,1,,,,
E204,E204-0132,Interrupteur simple,Symbole S sans barre terminale,1,PAR LOGEMENT TYPE D — NON MULTIPLIÉ,MODELE NON PRECISE,Variante lue selon E108; calibre non inscrit.,Logement type D,7176.84,967.41,1,,,,
E204,E204-0133,Gradateur,"Symbole S avec barre terminale — E108, commande d",1,PAR LOGEMENT TYPE D — NON MULTIPLIÉ,MODELE NON PRECISE,Variante lue selon E108; calibre non inscrit.,Logement type D,6286.31,1344.25,1,,,,
E204,E204-0134,Gradateur,"Symbole S avec barre terminale — E108, indice 4, commande a",1,PAR LOGEMENT TYPE D — NON MULTIPLIÉ,MODELE NON PRECISE,Variante lue selon E108; calibre non inscrit. Indice reproduit sans validation de compatibilité ni sélection de mécanisme.,Logement type D,6183.16,1507.36,1,,,,
E204,E204-0135,Interrupteur simple,Symbole S sans barre terminale,1,PAR LOGEMENT TYPE C — NON MULTIPLIÉ,MODELE NON PRECISE,Variante lue selon E108; calibre non inscrit.,Logement type C,2581.64,1529.86,1,,,,
E204,E204-0136,Gradateur,Symbole S avec barre terminale — E108,1,PAR LOGEMENT TYPE D — NON MULTIPLIÉ,MODELE NON PRECISE,Variante lue selon E108; calibre non inscrit.,Logement type D,6029.44,1546.73,1,,,,
E204,E204-0137,Gradateur,"Symbole S avec barre terminale — E108, commande c",1,PAR LOGEMENT TYPE D — NON MULTIPLIÉ,MODELE NON PRECISE,Variante lue selon E108; calibre non inscrit.,Logement type D,6040.69,1827.96,1,,,,
E204,E204-0138,Gradateur,"Symbole S avec barre terminale — E108, commande b",1,PAR LOGEMENT TYPE D — NON MULTIPLIÉ,MODELE NON PRECISE,Variante lue selon E108; calibre non inscrit.,Logement type D,6083.83,1844.83,1,,,,
E204,E204-0139,Gradateur,"Symbole S avec barre terminale — E108, commande e",1,PAR LOGEMENT TYPE D — NON MULTIPLIÉ,MODELE NON PRECISE,Variante lue selon E108; calibre non inscrit.,Logement type D,7641.81,1944.21,1,,,,
E204,E204-0140,Gradateur,"Symbole S avec barre terminale — E108, commande f",1,PAR LOGEMENT TYPE D — NON MULTIPLIÉ,MODELE NON PRECISE,Variante lue selon E108; calibre non inscrit.,Logement type D,7690.52,1961.09,1,,,,
E204,E204-0141,Gradateur,"Symbole S avec barre terminale — E108, indice 3",1,PAR LOGEMENT TYPE C — NON MULTIPLIÉ,MODELE NON PRECISE,Variante lue selon E108; calibre non inscrit. Indice reproduit sans validation de compatibilité ni sélection de mécanisme.,Logement type C,1878.58,2341.64,1,,,,
E204,E204-0142,Gradateur,Symbole S avec barre terminale — E108,1,PAR LOGEMENT TYPE D — NON MULTIPLIÉ,MODELE NON PRECISE,Variante lue selon E108; calibre non inscrit.,Logement type D,7328.7,2401.65,1,,,,
E204,E204-0143,Gradateur,"Symbole S avec barre terminale — E108, indice 4, commande a",1,PAR LOGEMENT TYPE D — NON MULTIPLIÉ,MODELE NON PRECISE,Variante lue selon E108; calibre non inscrit. Indice reproduit sans validation de compatibilité ni sélection de mécanisme.,Logement type D,7576.17,2347.26,1,,,,
E204,E204-0144,Gradateur,Symbole S avec barre terminale — E108,1,PAR LOGEMENT TYPE D — NON MULTIPLIÉ,MODELE NON PRECISE,Variante lue selon E108; calibre non inscrit.,Logement type D,7827.42,2411.05,1,,,,
E204,E204-0145,Gradateur,"Symbole S avec barre terminale — E108, commande b",1,PAR LOGEMENT TYPE C — NON MULTIPLIÉ,MODELE NON PRECISE,Variante lue selon E108; calibre non inscrit.,Logement type C,2564.76,2487.88,1,,,,
E204,E204-0146,Gradateur,"Symbole S avec barre terminale — E108, commande e",1,PAR LOGEMENT TYPE C — NON MULTIPLIÉ,MODELE NON PRECISE,Variante lue selon E108; calibre non inscrit.,Logement type C,1799.83,2917.25,1,,,,
E204,E204-0147,Gradateur,"Symbole S avec barre terminale — E108, commande d",1,PAR LOGEMENT TYPE C — NON MULTIPLIÉ,MODELE NON PRECISE,Variante lue selon E108; calibre non inscrit.,Logement type C,3192.85,2945.37,1,,,,
E204,E204-0148,Interrupteur simple,Symbole S sans barre terminale,1,PAR LOGEMENT TYPE D — NON MULTIPLIÉ,MODELE NON PRECISE,Variante lue selon E108; calibre non inscrit.,Logement type D,6108.18,2874.11,1,,,,
E204,E204-0149,Interrupteur simple,Symbole S sans barre terminale,1,PAR LOGEMENT TYPE C — NON MULTIPLIÉ,MODELE NON PRECISE,Variante lue selon E108; calibre non inscrit.,Logement type C,3100.94,3005.33,1,,,,
E204,E204-0150,Gradateur,Symbole S avec barre terminale — E108,1,PAR LOGEMENT TYPE C — NON MULTIPLIÉ,MODELE NON PRECISE,Variante lue selon E108; calibre non inscrit.,Logement type C,2339.78,3412.2,1,,,,
E204,E204-0151,Gradateur,"Symbole S avec barre terminale — E108, indice 3, commande a",1,PAR LOGEMENT TYPE C — NON MULTIPLIÉ,MODELE NON PRECISE,Variante lue selon E108; calibre non inscrit. Indice reproduit sans validation de compatibilité ni sélection de mécanisme.,Logement type C,1989.21,3517.16,1,,,,
E204,E204-0152,Sortie téléphone,Triangle plein,1,PAR LOGEMENT TYPE D — NON MULTIPLIÉ,MODELE NON PRECISE,CAT 5e suivant E100; longueur non métrée.,Logement type D,5887.87,836.19,1,,,,
E204,E204-0153,Sortie téléphone,Triangle plein,1,PAR LOGEMENT TYPE D — NON MULTIPLIÉ,MODELE NON PRECISE,CAT 5e suivant E100; longueur non métrée.,Logement type D,5599.17,1837.35,1,,,,
E204,E204-0154,Sortie téléphone,Triangle plein,1,PAR LOGEMENT TYPE C — NON MULTIPLIÉ,MODELE NON PRECISE,CAT 5e suivant E100; longueur non métrée.,Logement type C,1059.26,2132.63,1,,,,
E204,E204-0155,Sortie téléphone,Triangle plein,1,PAR LOGEMENT TYPE C — NON MULTIPLIÉ,MODELE NON PRECISE,CAT 5e suivant E100; longueur non métrée.,Logement type C,2495.41,2104.51,1,,,,
E204,E204-0156,Sortie téléphone,Triangle plein,1,PAR LOGEMENT TYPE C — NON MULTIPLIÉ,MODELE NON PRECISE,CAT 5e suivant E100; longueur non métrée.,Logement type C,3026.93,2861.0,1,,,,
E204,E204-0157,Sortie téléphone,Triangle plein,1,PAR LOGEMENT TYPE D — NON MULTIPLIÉ,MODELE NON PRECISE,CAT 5e suivant E100; longueur non métrée.,Logement type D,8219.22,3306.24,1,,,,
E204,E204-0158,Sortie téléphone,Triangle plein,1,PAR LOGEMENT TYPE D — NON MULTIPLIÉ,MODELE NON PRECISE,CAT 5e suivant E100; longueur non métrée.,Logement type D,6923.73,3319.4,1,,,,
E204,E204-0159,Luminaire L,Applique extérieure logement L — E108,1,PAR LOGEMENT TYPE C — NON MULTIPLIÉ,ACUITY OLLWDLEDP140K 120DDB — E108,,Logement type C,2632.26,1349.88,1,,,,
E204,E204-0160,Suspension repas,Suspension salle à manger,1,PAR LOGEMENT TYPE C — NON MULTIPLIÉ,ARTIKA PRO PDT-DEC-BLJ — E108,,Logement type C,3622.16,2497.27,1,,,,
E204,E204-0161,Suspension repas,Suspension salle à manger,1,PAR LOGEMENT TYPE D — NON MULTIPLIÉ,ARTIKA PRO PDT-DEC-BLJ — E108,,Logement type D,6614.39,1889.82,1,,,,
E204,E204-0162,Prise sécheuse,"30 A, 125/250 V, circuit 11-13",1,PAR LOGEMENT TYPE C — NON MULTIPLIÉ,Configuration 14-30R — E100,,Logement type C,2401.65,3115.96,1,11-13,30,,
E204,E204-0163,Prise sécheuse,"30 A, 125/250 V, circuit 11-13",1,PAR LOGEMENT TYPE D — NON MULTIPLIÉ,Configuration 14-30R — E100,,Logement type D,7413.06,1034.9,1,11-13,30,,
E204,E204-0164,Prise cuisinière,"50 A, 125/250 V, circuit 1-3",1,PAR LOGEMENT TYPE C — NON MULTIPLIÉ,Configuration 14-50R — E100,,Logement type C,3700.91,3504.05,1,1-3,50,,
E204,E204-0165,Prise cuisinière,"50 A, 125/250 V, circuit 1-3",1,PAR LOGEMENT TYPE D — NON MULTIPLIÉ,Configuration 14-50R — E100,,Logement type D,6816.87,854.92,1,1-3,50,,
E204,E204-0166,Moteur hotte,"Symbole moteur monophasé, circuit 14",1,PAR LOGEMENT TYPE C — NON MULTIPLIÉ,MODELE NON PRECISE,Fourniture mécanique; raccordement seulement.,Logement type C,3699.05,3415.91,1,14,,,
E204,E204-0167,Moteur hotte,"Symbole moteur monophasé, circuit 14",1,PAR LOGEMENT TYPE D — NON MULTIPLIÉ,MODELE NON PRECISE,Fourniture mécanique; raccordement seulement.,Logement type D,6820.64,946.77,1,14,,,
E204,E204-0168,Gradateur,"Symbole S avec barre terminale — E108, commande c",1,PAR LOGEMENT TYPE C — NON MULTIPLIÉ,MODELE NON PRECISE,Variante lue selon E108; calibre non inscrit.,Logement type C,2570.39,2441.02,1,,,,
E204,E204-0169,Gradateur,"Symbole S avec barre terminale — E108, commande f",1,PAR LOGEMENT TYPE C — NON MULTIPLIÉ,MODELE NON PRECISE,Variante lue selon E108; calibre non inscrit.,Logement type C,1794.21,2879.73,1,,,,
E204,E204-0170,Commande S/T à clarifier,S et T superposés; variante de commande réservée,1,PAR LOGEMENT TYPE C — NON MULTIPLIÉ,MODELE NON PRECISE,"Symboles S et T superposés au plan; implantation à clarifier, deux fonctions visibles.",Logement type C,2142.93,2283.54,1,,,,
E204,E204-0171,Plinthe 1500 W,Puissance inscrite,1,PAR LOGEMENT TYPE C — NON MULTIPLIÉ,STELPRO B / OUELLET OFM (logement); STELPRO SPDH / OUELLET OPPM (porte-patio) — E100, Série selon variante de plinthe au dessin; alternatives conservées sans choix de marque.,Logement type C,1406.12,1479.24,1,,,,
E204,E204-0172,Plinthe 1500 W,Puissance inscrite,1,PAR LOGEMENT TYPE C — NON MULTIPLIÉ,STELPRO B / OUELLET OFM (logement); STELPRO SPDH / OUELLET OPPM (porte-patio) — E100, Série selon variante de plinthe au dessin; alternatives conservées sans choix de marque.,Logement type C,2131.68,1479.24,1,,,,
E204,E204-0173,Plinthe 1500 W,Puissance inscrite,1,PAR LOGEMENT TYPE C — NON MULTIPLIÉ,STELPRO B / OUELLET OFM (logement); STELPRO SPDH / OUELLET OPPM (porte-patio) — E100, Série selon variante de plinthe au dessin; alternatives conservées sans choix de marque.,Logement type C,3729.03,1479.24,1,,,,
E204,E204-0174,Plinthe 1500 W,Puissance inscrite,1,PAR LOGEMENT TYPE D — NON MULTIPLIÉ,STELPRO B / OUELLET OFM (logement); STELPRO SPDH / OUELLET OPPM (porte-patio) — E100, Série selon variante de plinthe au dessin; alternatives conservées sans choix de marque.,Logement type D,5287.01,1327.38,1,,,,
E204,E204-0175,Plinthe 1500 W,Puissance inscrite,1,PAR LOGEMENT TYPE D — NON MULTIPLIÉ,STELPRO B / OUELLET OFM (logement); STELPRO SPDH / OUELLET OPPM (porte-patio) — E100, Série selon variante de plinthe au dessin; alternatives conservées sans choix de marque.,Logement type D,5500.74,2896.61,1,,,,
E204,E204-0176,Plinthe 1500 W,Puissance inscrite,1,PAR LOGEMENT TYPE D — NON MULTIPLIÉ,STELPRO B / OUELLET OFM (logement); STELPRO SPDH / OUELLET OPPM (porte-patio) — E100, Série selon variante de plinthe au dessin; alternatives conservées sans choix de marque.,Logement type D,7176.84,3380.31,1,,,,
E204,E204-0177,Plinthe 1500 W,Puissance inscrite,1,PAR LOGEMENT TYPE D — NON MULTIPLIÉ,STELPRO B / OUELLET OFM (logement); STELPRO SPDH / OUELLET OPPM (porte-patio) — E100, Série selon variante de plinthe au dessin; alternatives conservées sans choix de marque.,Logement type D,7913.64,3380.31,1,,,,
E204,E204-0178,Plinthe 1000 W,Puissance inscrite,1,PAR LOGEMENT TYPE C — NON MULTIPLIÉ,STELPRO B / OUELLET OFM (logement); STELPRO SPDH / OUELLET OPPM (porte-patio) — E100, Série selon variante de plinthe au dessin; alternatives conservées sans choix de marque.,Logement type C,2733.5,1479.24,1,,,,
E204,E204-0179,Plinthe 500 W,Puissance inscrite,1,PAR LOGEMENT TYPE D — NON MULTIPLIÉ,STELPRO B / OUELLET OFM (logement); STELPRO SPDH / OUELLET OPPM (porte-patio) — E100, Série selon variante de plinthe au dessin; alternatives conservées sans choix de marque.,Logement type D,6378.16,2896.61,1,,,,
E204,E204-0180,Plinthe 500 W,Puissance inscrite,1,PAR LOGEMENT TYPE D — NON MULTIPLIÉ,STELPRO B / OUELLET OFM (logement); STELPRO SPDH / OUELLET OPPM (porte-patio) — E100, Série selon variante de plinthe au dessin; alternatives conservées sans choix de marque.,Logement type D,5292.63,2199.17,1,,,,
E204,E204-0181,Convecteur 1000 W,"Salle de bain, 1 kW inscrit",1,PAR LOGEMENT TYPE C — NON MULTIPLIÉ,STELPRO série MIR / OUELLET série ONC — E100,,Logement type C,1344.25,3537.8,1,,,,
E204,E204-0182,Convecteur 1000 W,"Salle de bain, 1 kW inscrit",1,PAR LOGEMENT TYPE D — NON MULTIPLIÉ,STELPRO série MIR / OUELLET série ONC — E100,,Logement type D,7744.91,1479.24,1,,,,
E204,E204-0183,Évaporateur,Renvoi au condenseur au toit,1,PAR LOGEMENT TYPE C — NON MULTIPLIÉ,MODELE NON PRECISE,Fourniture mécanique; non additionnable au condenseur E202.,Logement type C,4004.63,2109.18,1,,,,
E204,E204-0184,Évaporateur,Renvoi au condenseur au toit,1,PAR LOGEMENT TYPE D — NON MULTIPLIÉ,MODELE NON PRECISE,Fourniture mécanique; non additionnable au condenseur E202.,Logement type D,7120.59,1839.2,1,,,,
E204,E204-0185,Relais chauffage,R,1,PAR LOGEMENT TYPE C — NON MULTIPLIÉ,STELPRO série RE306 — E100,,Logement type C,2632.26,2401.65,1,,,,
E204,E204-0186,Relais chauffage,R,1,PAR LOGEMENT TYPE D — NON MULTIPLIÉ,STELPRO série RE306 — E100,,Logement type D,5967.57,1844.83,1,,,,
E204,E204-0187,Klaxon stroboscope 185 cd,185 CD inscrit,1,PAR LOGEMENT TYPE C — NON MULTIPLIÉ,MIRCOM FHS-400-RR — E100,Un ensemble par symbole; non additionnable au schéma incendie.,Logement type C,1794.21,2092.31,1,,,,
E204,E204-0188,Klaxon stroboscope 185 cd,185 CD inscrit,1,PAR LOGEMENT TYPE C — NON MULTIPLIÉ,MIRCOM FHS-400-RR — E100,Un ensemble par symbole; non additionnable au schéma incendie.,Logement type C,1867.33,2092.31,1,,,,
E204,E204-0189,Klaxon stroboscope 185 cd,185 CD inscrit,1,PAR LOGEMENT TYPE D — NON MULTIPLIÉ,MIRCOM FHS-400-RR — E100,Un ensemble par symbole; non additionnable au schéma incendie.,Logement type D,6040.69,1366.75,1,,,,
E204,E204-0190,Klaxon stroboscope 185 cd,185 CD inscrit,1,PAR LOGEMENT TYPE D — NON MULTIPLIÉ,MIRCOM FHS-400-RR — E100,Un ensemble par symbole; non additionnable au schéma incendie.,Logement type D,7525.55,2733.5,1,,,,
E204,E204-0191,Klaxon stroboscope 185 cd,185 CD inscrit,1,PAR LOGEMENT TYPE D — NON MULTIPLIÉ,MIRCOM FHS-400-RR — E100,Un ensemble par symbole; non additionnable au schéma incendie.,Logement type D,7598.67,2733.5,1,,,,
E204,E204-0192,Klaxon stroboscope 15 cd,15 CD inscrit,1,PAR LOGEMENT TYPE C — NON MULTIPLIÉ,MIRCOM FHS-400-RR — E100,Un ensemble par symbole.,Logement type C,2570.39,2311.66,1,,,,
E204,E204-0193,Klaxon stroboscope 15 cd,15 CD inscrit,1,PAR LOGEMENT TYPE D — NON MULTIPLIÉ,MIRCOM FHS-400-RR — E100,Un ensemble par symbole.,Logement type D,6918.11,2339.78,1,,,,
E204,E204-0194,Boîte de jonction vanité,"Carré à diagonales, circuit 12 f",1,PAR LOGEMENT TYPE C — NON MULTIPLIÉ,MODELE NON PRECISE,Symbole E100; modèle appareil vanité non précisé E108.,Logement type C,1659.22,2682.88,1,12,,,
E204,E204-0195,Boîte de jonction vanité,"Carré à diagonales, circuit 12 f",1,PAR LOGEMENT TYPE D — NON MULTIPLIÉ,MODELE NON PRECISE,Symbole E100; modèle appareil vanité non précisé E108.,Logement type D,7891.14,1704.22,1,12,,,
E204,E204-0196,Panneau logement,PL,1,PAR LOGEMENT TYPE C — NON MULTIPLIÉ,MODELE NON PRECISE,Instance par logement type; non cumulable avec E104/E400.,Logement type C,2705.37,3093.46,1,,,,
E204,E204-0197,Panneau logement,PL,1,PAR LOGEMENT TYPE D — NON MULTIPLIÉ,MODELE NON PRECISE,Instance par logement type; non cumulable avec E104/E400.,Logement type D,7823.65,1198.01,1,,,,
E204,E204-0198,Poste intercom,IC,1,PAR LOGEMENT TYPE C — NON MULTIPLIÉ,MODELE NON PRECISE,,Logement type C,1906.7,3532.17,1,,,,
E204,E204-0199,Poste intercom,IC,1,PAR LOGEMENT TYPE D — NON MULTIPLIÉ,MODELE NON PRECISE,,Logement type D,7863.02,832.42,1,,,,
E204,E204-0200,Boîtier télécom BELL,BELL,1,PAR LOGEMENT TYPE C — NON MULTIPLIÉ,MODELE NON PRECISE,Équipements internes non déduits.,Logement type C,2294.79,3481.55,1,,,,
E204,E204-0201,Boîtier télécom BELL,BELL,1,PAR LOGEMENT TYPE D — NON MULTIPLIÉ,MODELE NON PRECISE,Équipements internes non déduits.,Logement type D,7840.52,1541.11,1,,,,
E204,E204-0202,Luminaire L,Applique extérieure logement L — E108,1,PAR LOGEMENT TYPE D — NON MULTIPLIÉ,ACUITY OLLWDLEDP140K 120DDB — E108,,Logement type D,5950.7,3031.59,1,,,,
E204,E204-0203,Renvoi condenseur,1 — CONDENSEUR NIVEAU TOIT,1,PAR LOGEMENT TYPE C — NON MULTIPLIÉ,MODELE NON PRECISE,Référence de note; aucune quantité physique ajoutée à E202.,Logement type C,1428.62,854.92,1,,,,
E204,E204-0204,Renvoi condenseur,1 — CONDENSEUR NIVEAU TOIT,1,PAR LOGEMENT TYPE D — NON MULTIPLIÉ,MODELE NON PRECISE,Référence de note; aucune quantité physique ajoutée à E202.,Logement type D,5669.47,742.43,1,,,,
E205,E205-0001,Spot logement,Cercle à croix débordante — réf. E108,1,PAR LOGEMENT TYPE E — NON MULTIPLIÉ,JUNO JPDZ4 DC 1000LM CWH — E108,JUNO JPDZ4 DC 1000LM CWH : colonne cédule 2000 lm; incohérence de référence conservée.,Logement type E,1863.56,1128.66,1,,,,
E205,E205-0002,Spot logement,Cercle à croix débordante — réf. E108,1,PAR LOGEMENT TYPE E — NON MULTIPLIÉ,JUNO JPDZ4 DC 1000LM CWH — E108,JUNO JPDZ4 DC 1000LM CWH : colonne cédule 2000 lm; incohérence de référence conservée.,Logement type E,2401.65,1087.38,1,,,,
E205,E205-0003,Spot logement,Cercle à croix débordante — réf. E108,1,PAR LOGEMENT TYPE E — NON MULTIPLIÉ,JUNO JPDZ4 DC 1000LM CWH — E108,JUNO JPDZ4 DC 1000LM CWH : colonne cédule 2000 lm; incohérence de référence conservée.,Logement type E,2785.97,1258.03,1,,,,
E205,E205-0004,Spot logement,Cercle à croix débordante — réf. E108,1,PAR LOGEMENT TYPE E — NON MULTIPLIÉ,JUNO JPDZ4 DC 1000LM CWH — E108,JUNO JPDZ4 DC 1000LM CWH : colonne cédule 2000 lm; incohérence de référence conservée.,Logement type E,3114.11,1258.03,1,,,,
E205,E205-0005,Spot logement,Cercle à croix débordante — réf. E108,1,PAR LOGEMENT TYPE E — NON MULTIPLIÉ,JUNO JPDZ4 DC 1000LM CWH — E108,JUNO JPDZ4 DC 1000LM CWH : colonne cédule 2000 lm; incohérence de référence conservée.,Logement type E,3402.81,1258.03,1,,,,
E205,E205-0006,Spot logement,Cercle à croix débordante — réf. E108,1,PAR LOGEMENT TYPE E — NON MULTIPLIÉ,JUNO JPDZ4 DC 1000LM CWH — E108,JUNO JPDZ4 DC 1000LM CWH : colonne cédule 2000 lm; incohérence de référence conservée.,Logement type E,1863.56,1366.75,1,,,,
E205,E205-0007,Spot logement,Cercle à croix débordante — réf. E108,1,PAR LOGEMENT TYPE F — NON MULTIPLIÉ,JUNO JPDZ4 DC 1000LM CWH — E108,JUNO JPDZ4 DC 1000LM CWH : colonne cédule 2000 lm; incohérence de référence conservée.,Logement type F,6014.42,1351.73,1,,,,
E205,E205-0008,Spot logement,Cercle à croix débordante — réf. E108,1,PAR LOGEMENT TYPE F — NON MULTIPLIÉ,JUNO JPDZ4 DC 1000LM CWH — E108,JUNO JPDZ4 DC 1000LM CWH : colonne cédule 2000 lm; incohérence de référence conservée.,Logement type F,6327.54,1295.49,1,,,,
E205,E205-0009,Spot logement,Cercle à croix débordante — réf. E108,1,PAR LOGEMENT TYPE F — NON MULTIPLIÉ,JUNO JPDZ4 DC 1000LM CWH — E108,JUNO JPDZ4 DC 1000LM CWH : colonne cédule 2000 lm; incohérence de référence conservée.,Logement type F,6657.53,1295.49,1,,,,
E205,E205-0010,Spot logement,Cercle à croix débordante — réf. E108,1,PAR LOGEMENT TYPE F — NON MULTIPLIÉ,JUNO JPDZ4 DC 1000LM CWH — E108,JUNO JPDZ4 DC 1000LM CWH : colonne cédule 2000 lm; incohérence de référence conservée.,Logement type F,6946.23,1295.49,1,,,,
E205,E205-0011,Spot logement,Cercle à croix débordante — réf. E108,1,PAR LOGEMENT TYPE F — NON MULTIPLIÉ,JUNO JPDZ4 DC 1000LM CWH — E108,JUNO JPDZ4 DC 1000LM CWH : colonne cédule 2000 lm; incohérence de référence conservée.,Logement type F,7255.58,1344.25,1,,,,
E205,E205-0012,Spot logement,Cercle à croix débordante — réf. E108,1,PAR LOGEMENT TYPE F — NON MULTIPLIÉ,JUNO JPDZ4 DC 1000LM CWH — E108,JUNO JPDZ4 DC 1000LM CWH : colonne cédule 2000 lm; incohérence de référence conservée.,Logement type F,7521.78,1344.25,1,,,,
E205,E205-0013,Spot logement,Cercle à croix débordante — réf. E108,1,PAR LOGEMENT TYPE F — NON MULTIPLIÉ,JUNO JPDZ4 DC 1000LM CWH — E108,JUNO JPDZ4 DC 1000LM CWH : colonne cédule 2000 lm; incohérence de référence conservée.,Logement type F,7758.01,1344.25,1,,,,
E205,E205-0014,Spot logement,Cercle à croix débordante — réf. E108,1,PAR LOGEMENT TYPE E — NON MULTIPLIÉ,JUNO JPDZ4 DC 1000LM CWH — E108,JUNO JPDZ4 DC 1000LM CWH : colonne cédule 2000 lm; incohérence de référence conservée.,Logement type E,3114.11,1456.74,1,,,,
E205,E205-0015,Spot logement,Cercle à croix débordante — réf. E108,1,PAR LOGEMENT TYPE E — NON MULTIPLIÉ,JUNO JPDZ4 DC 1000LM CWH — E108,JUNO JPDZ4 DC 1000LM CWH : colonne cédule 2000 lm; incohérence de référence conservée.,Logement type E,3402.81,1452.97,1,,,,
E205,E205-0016,Spot logement,Cercle à croix débordante — réf. E108,1,PAR LOGEMENT TYPE F — NON MULTIPLIÉ,JUNO JPDZ4 DC 1000LM CWH — E108,JUNO JPDZ4 DC 1000LM CWH : colonne cédule 2000 lm; incohérence de référence conservée.,Logement type F,6395.03,1484.86,1,,,,
E205,E205-0017,Spot logement,Cercle à croix débordante — réf. E108,1,PAR LOGEMENT TYPE F — NON MULTIPLIÉ,JUNO JPDZ4 DC 1000LM CWH — E108,JUNO JPDZ4 DC 1000LM CWH : colonne cédule 2000 lm; incohérence de référence conservée.,Logement type F,6711.86,1484.86,1,,,,
E205,E205-0018,Spot logement,Cercle à croix débordante — réf. E108,1,PAR LOGEMENT TYPE E — NON MULTIPLIÉ,JUNO JPDZ4 DC 1000LM CWH — E108,JUNO JPDZ4 DC 1000LM CWH : colonne cédule 2000 lm; incohérence de référence conservée.,Logement type E,2559.14,1528.0,1,,,,
E205,E205-0019,Spot logement,Cercle à croix débordante — réf. E108,1,PAR LOGEMENT TYPE E — NON MULTIPLIÉ,JUNO JPDZ4 DC 1000LM CWH — E108,JUNO JPDZ4 DC 1000LM CWH : colonne cédule 2000 lm; incohérence de référence conservée.,Logement type E,1968.57,1842.97,1,,,,
E205,E205-0020,Spot logement,Cercle à croix débordante — réf. E108,1,PAR LOGEMENT TYPE E — NON MULTIPLIÉ,JUNO JPDZ4 DC 1000LM CWH — E108,JUNO JPDZ4 DC 1000LM CWH : colonne cédule 2000 lm; incohérence de référence conservée.,Logement type E,2234.77,1842.97,1,,,,
E205,E205-0021,Spot logement,Cercle à croix débordante — réf. E108,1,PAR LOGEMENT TYPE F — NON MULTIPLIÉ,JUNO JPDZ4 DC 1000LM CWH — E108,JUNO JPDZ4 DC 1000LM CWH : colonne cédule 2000 lm; incohérence de référence conservée.,Logement type F,7613.69,1826.1,1,,,,
E205,E205-0022,Spot logement,Cercle à croix débordante — réf. E108,1,PAR LOGEMENT TYPE E — NON MULTIPLIÉ,JUNO JPDZ4 DC 1000LM CWH — E108,JUNO JPDZ4 DC 1000LM CWH : colonne cédule 2000 lm; incohérence de référence conservée.,Logement type E,2559.14,2056.7,1,,,,
E205,E205-0023,Spot logement,Cercle à croix débordante — réf. E108,1,PAR LOGEMENT TYPE F — NON MULTIPLIÉ,JUNO JPDZ4 DC 1000LM CWH — E108,JUNO JPDZ4 DC 1000LM CWH : colonne cédule 2000 lm; incohérence de référence conservée.,Logement type F,7613.69,2077.29,1,,,,
E205,E205-0024,Spot logement,Cercle à croix débordante — réf. E108,1,PAR LOGEMENT TYPE F — NON MULTIPLIÉ,JUNO JPDZ4 DC 1000LM CWH — E108,JUNO JPDZ4 DC 1000LM CWH : colonne cédule 2000 lm; incohérence de référence conservée.,Logement type F,6128.83,2084.83,1,,,,
E205,E205-0025,Spot logement,Cercle à croix débordante — réf. E108,1,PAR LOGEMENT TYPE F — NON MULTIPLIÉ,JUNO JPDZ4 DC 1000LM CWH — E108,JUNO JPDZ4 DC 1000LM CWH : colonne cédule 2000 lm; incohérence de référence conservée.,Logement type F,7251.81,2084.83,1,,,,
E205,E205-0026,Spot logement,Cercle à croix débordante — réf. E108,1,PAR LOGEMENT TYPE E — NON MULTIPLIÉ,JUNO JPDZ4 DC 1000LM CWH — E108,JUNO JPDZ4 DC 1000LM CWH : colonne cédule 2000 lm; incohérence de référence conservée.,Logement type E,2859.09,2414.76,1,,,,
E205,E205-0027,Spot logement,Cercle à croix débordante — réf. E108,1,PAR LOGEMENT TYPE E — NON MULTIPLIÉ,JUNO JPDZ4 DC 1000LM CWH — E108,JUNO JPDZ4 DC 1000LM CWH : colonne cédule 2000 lm; incohérence de référence conservée.,Logement type E,3262.2,2414.76,1,,,,
E205,E205-0028,Spot logement,Cercle à croix débordante — réf. E108,1,PAR LOGEMENT TYPE F — NON MULTIPLIÉ,JUNO JPDZ4 DC 1000LM CWH — E108,JUNO JPDZ4 DC 1000LM CWH : colonne cédule 2000 lm; incohérence de référence conservée.,Logement type F,6481.26,2474.77,1,,,,
E205,E205-0029,Spot logement,Cercle à croix débordante — réf. E108,1,PAR LOGEMENT TYPE F — NON MULTIPLIÉ,JUNO JPDZ4 DC 1000LM CWH — E108,JUNO JPDZ4 DC 1000LM CWH : colonne cédule 2000 lm; incohérence de référence conservée.,Logement type F,6886.22,2474.77,1,,,,
E205,E205-0030,Spot logement,Cercle à croix débordante — réf. E108,1,PAR LOGEMENT TYPE F — NON MULTIPLIÉ,JUNO JPDZ4 DC 1000LM CWH — E108,JUNO JPDZ4 DC 1000LM CWH : colonne cédule 2000 lm; incohérence de référence conservée.,Logement type F,7643.67,2474.77,1,,,,
E205,E205-0031,Spot logement,Cercle à croix débordante — réf. E108,1,PAR LOGEMENT TYPE E — NON MULTIPLIÉ,JUNO JPDZ4 DC 1000LM CWH — E108,JUNO JPDZ4 DC 1000LM CWH : colonne cédule 2000 lm; incohérence de référence conservée.,Logement type E,2859.09,2845.99,1,,,,
E205,E205-0032,Spot logement,Cercle à croix débordante — réf. E108,1,PAR LOGEMENT TYPE E — NON MULTIPLIÉ,JUNO JPDZ4 DC 1000LM CWH — E108,JUNO JPDZ4 DC 1000LM CWH : colonne cédule 2000 lm; incohérence de référence conservée.,Logement type E,3262.2,2845.99,1,,,,
E205,E205-0033,Spot logement,Cercle à croix débordante — réf. E108,1,PAR LOGEMENT TYPE F — NON MULTIPLIÉ,JUNO JPDZ4 DC 1000LM CWH — E108,JUNO JPDZ4 DC 1000LM CWH : colonne cédule 2000 lm; incohérence de référence conservée.,Logement type F,6481.26,2904.09,1,,,,
E205,E205-0034,Spot logement,Cercle à croix débordante — réf. E108,1,PAR LOGEMENT TYPE F — NON MULTIPLIÉ,JUNO JPDZ4 DC 1000LM CWH — E108,JUNO JPDZ4 DC 1000LM CWH : colonne cédule 2000 lm; incohérence de référence conservée.,Logement type F,6886.22,2904.09,1,,,,
E205,E205-0035,Plafonnier,Plafonnier chambre — réf. E108,1,PAR LOGEMENT TYPE E — NON MULTIPLIÉ,ARTIKAPRO 12FLPR-SP3-WHJ-6PK — E108,,Logement type E,2208.56,2452.27,1,,,,
E205,E205-0036,Plafonnier,Plafonnier chambre — réf. E108,1,PAR LOGEMENT TYPE F — NON MULTIPLIÉ,ARTIKAPRO 12FLPR-SP3-WHJ-6PK — E108,,Logement type F,6068.81,2459.75,1,,,,
E205,E205-0037,Plafonnier,Plafonnier chambre — réf. E108,1,PAR LOGEMENT TYPE F — NON MULTIPLIÉ,ARTIKAPRO 12FLPR-SP3-WHJ-6PK — E108,,Logement type F,7401.81,2930.35,1,,,,
E205,E205-0038,Avertisseur fumée L,"L, 120 V, circuit 16",1,PAR LOGEMENT TYPE E — NON MULTIPLIÉ,KIDDE P12040CA — E100; CO conditionnel réservé,Note générale : appareil combiné CO/fumée selon adjacence au garage ou gaz; vérifier applicabilité sans ajouter de symbole absent.,Logement type E,2563.81,2149.51,1,16,,,
E205,E205-0039,Avertisseur fumée L,"L, 120 V, circuit 16",1,PAR LOGEMENT TYPE F — NON MULTIPLIÉ,KIDDE P12040CA — E100; CO conditionnel réservé,Note générale : appareil combiné CO/fumée selon adjacence au garage ou gaz; vérifier applicabilité sans ajouter de symbole absent.,Logement type F,6287.21,2083.87,1,16,,,
E205,E205-0040,Avertisseur fumée L,"L, 120 V, circuit 16",1,PAR LOGEMENT TYPE F — NON MULTIPLIÉ,KIDDE P12040CA — E100; CO conditionnel réservé,Note générale : appareil combiné CO/fumée selon adjacence au garage ou gaz; vérifier applicabilité sans ajouter de symbole absent.,Logement type F,7423.36,2083.87,1,16,,,
E205,E205-0041,Avertisseur fumée L,"L, 120 V, circuit 16",1,PAR LOGEMENT TYPE F — NON MULTIPLIÉ,KIDDE P12040CA — E100; CO conditionnel réservé,Note générale : appareil combiné CO/fumée selon adjacence au garage ou gaz; vérifier applicabilité sans ajouter de symbole absent.,Logement type F,5976.01,2359.47,1,16,,,
E205,E205-0042,Avertisseur fumée L,"L, 120 V, circuit 16",1,PAR LOGEMENT TYPE E — NON MULTIPLIÉ,KIDDE P12040CA — E100; CO conditionnel réservé,Note générale : appareil combiné CO/fumée selon adjacence au garage ou gaz; vérifier applicabilité sans ajouter de symbole absent.,Logement type E,2333.2,2464.48,1,16,,,
E205,E205-0043,Avertisseur fumée L,"L, 120 V, circuit 16",1,PAR LOGEMENT TYPE F — NON MULTIPLIÉ,KIDDE P12040CA — E100; CO conditionnel réservé,Note générale : appareil combiné CO/fumée selon adjacence au garage ou gaz; vérifier applicabilité sans ajouter de symbole absent.,Logement type F,7382.13,2719.44,1,16,,,
E205,E205-0044,Prise double 15 A,Symbole E100 5-15R,1,PAR LOGEMENT TYPE E — NON MULTIPLIÉ,MODELE NON PRECISE,Protection AFCI/DDFT selon prescriptions E100; aucun disjoncteur supplémentaire compté au plan type.,Logement type E,1707.99,1003.97,1,,15,,
E205,E205-0045,Prise double 15 A,Symbole E100 5-15R,1,PAR LOGEMENT TYPE E — NON MULTIPLIÉ,MODELE NON PRECISE,Protection AFCI/DDFT selon prescriptions E100; aucun disjoncteur supplémentaire compté au plan type.,Logement type E,2263.85,963.64,1,,15,,
E205,E205-0046,Prise double 15 A,Symbole E100 5-15R,1,PAR LOGEMENT TYPE E — NON MULTIPLIÉ,MODELE NON PRECISE,Protection AFCI/DDFT selon prescriptions E100; aucun disjoncteur supplémentaire compté au plan type.,Logement type E,2807.57,995.53,1,,15,,
E205,E205-0047,Prise comptoir 20 A,"Symbole E100 5-20R, au-dessus du comptoir",1,PAR LOGEMENT TYPE E — NON MULTIPLIÉ,MODELE NON PRECISE,DDFT selon proximité de l’évier et prescriptions E100.,Logement type E,3130.02,988.05,1,,20,,
E205,E205-0048,Prise comptoir 20 A,"Symbole E100 5-20R, au-dessus du comptoir",1,PAR LOGEMENT TYPE E — NON MULTIPLIÉ,MODELE NON PRECISE,DDFT selon proximité de l’évier et prescriptions E100.,Logement type E,3488.13,988.05,1,,20,,
E205,E205-0049,Prise comptoir 20 A,"Symbole E100 5-20R, au-dessus du comptoir",1,PAR LOGEMENT TYPE F — NON MULTIPLIÉ,MODELE NON PRECISE,DDFT selon proximité de l’évier et prescriptions E100.,Logement type F,6322.87,1027.42,1,,20,,
E205,E205-0050,Prise comptoir 20 A,"Symbole E100 5-20R, au-dessus du comptoir",1,PAR LOGEMENT TYPE F — NON MULTIPLIÉ,MODELE NON PRECISE,DDFT selon proximité de l’évier et prescriptions E100.,Logement type F,6680.93,1027.42,1,,20,,
E205,E205-0051,Prise double 15 A,Symbole E100 5-15R,1,PAR LOGEMENT TYPE F — NON MULTIPLIÉ,MODELE NON PRECISE,Protection AFCI/DDFT selon prescriptions E100; aucun disjoncteur supplémentaire compté au plan type.,Logement type F,6982.79,1004.93,1,,15,,
E205,E205-0052,Prise double 15 A,Symbole E100 5-15R,1,PAR LOGEMENT TYPE E — NON MULTIPLIÉ,MODELE NON PRECISE,Protection AFCI/DDFT selon prescriptions E100; aucun disjoncteur supplémentaire compté au plan type.,Logement type E,1706.07,1260.84,1,,15,,
E205,E205-0053,Prise comptoir DDFT 20 A,"Symbole E100 5-20R, au-dessus du comptoir",1,PAR LOGEMENT TYPE E — NON MULTIPLIÉ,MODELE NON PRECISE,Protection DDFT selon symbole et prescriptions E100.,Logement type E,2920.96,1497.07,1,,20,,DDFT selon symbole E100; ne vaut pas disjoncteur ajouté
E205,E205-0054,Prise double 15 A,Symbole E100 5-15R,1,PAR LOGEMENT TYPE E — NON MULTIPLIÉ,MODELE NON PRECISE,Protection AFCI/DDFT selon prescriptions E100; aucun disjoncteur supplémentaire compté au plan type.,Logement type E,3041.89,1507.36,1,,15,,
E205,E205-0055,Prise comptoir DDFT 20 A,"Symbole E100 5-20R, au-dessus du comptoir",1,PAR LOGEMENT TYPE F — NON MULTIPLIÉ,MODELE NON PRECISE,Protection DDFT selon symbole et prescriptions E100.,Logement type F,6256.28,1485.82,1,,20,,DDFT selon symbole E100; ne vaut pas disjoncteur ajouté
E205,E205-0056,Prise double 15 A,Symbole E100 5-15R,1,PAR LOGEMENT TYPE E — NON MULTIPLIÉ,MODELE NON PRECISE,Protection AFCI/DDFT selon prescriptions E100; aucun disjoncteur supplémentaire compté au plan type.,Logement type E,1864.51,1604.83,1,,15,,
E205,E205-0057,Prise double 15 A,Symbole E100 5-15R,1,PAR LOGEMENT TYPE E — NON MULTIPLIÉ,MODELE NON PRECISE,Protection AFCI/DDFT selon prescriptions E100; aucun disjoncteur supplémentaire compté au plan type.,Logement type E,1930.15,1604.83,1,,15,,
E205,E205-0058,Prise comptoir DDFT 20 A,Symbole E100 5-20R avec DDFT; au-dessus du comptoir selon traverse du symbole E100,1,PAR LOGEMENT TYPE E — NON MULTIPLIÉ,MODELE NON PRECISE,Protection suivant E100; circuit numéroté distinct du calibre.,Logement type E,2140.11,1529.86,1,,20,,DDFT selon symbole E100; ne vaut pas disjoncteur ajouté
E205,E205-0059,Prise double 15 A,Symbole E100 5-15R,1,PAR LOGEMENT TYPE F — NON MULTIPLIÉ,MODELE NON PRECISE,Protection AFCI/DDFT selon prescriptions E100; aucun disjoncteur supplémentaire compté au plan type.,Logement type F,5625.44,1576.71,1,,15,,
E205,E205-0060,Prise double 15 A,Symbole E100 5-15R,1,PAR LOGEMENT TYPE F — NON MULTIPLIÉ,MODELE NON PRECISE,Protection AFCI/DDFT selon prescriptions E100; aucun disjoncteur supplémentaire compté au plan type.,Logement type F,5871.0,1574.85,1,,15,,
E205,E205-0061,Prise double 15 A,Symbole E100 5-15R,1,PAR LOGEMENT TYPE F — NON MULTIPLIÉ,MODELE NON PRECISE,Protection AFCI/DDFT selon prescriptions E100; aucun disjoncteur supplémentaire compté au plan type.,Logement type F,5934.78,1574.85,1,,15,,
E205,E205-0062,Prise double 15 A,Symbole E100 5-15R,1,PAR LOGEMENT TYPE F — NON MULTIPLIÉ,MODELE NON PRECISE,Protection AFCI/DDFT selon prescriptions E100; aucun disjoncteur supplémentaire compté au plan type.,Logement type F,6510.33,1544.88,1,,15,,
E205,E205-0063,Prise double 15 A,Symbole E100 5-15R,1,PAR LOGEMENT TYPE E — NON MULTIPLIÉ,MODELE NON PRECISE,Protection AFCI/DDFT selon prescriptions E100; aucun disjoncteur supplémentaire compté au plan type.,Logement type E,2439.17,1690.16,1,,15,,
E205,E205-0064,Prise comptoir DDFT 20 A,Symbole E100 5-20R avec DDFT; au-dessus du comptoir selon traverse du symbole E100,1,PAR LOGEMENT TYPE F — NON MULTIPLIÉ,MODELE NON PRECISE,Protection suivant E100; circuit numéroté distinct du calibre.,Logement type F,7520.88,1661.08,1,,20,,DDFT selon symbole E100; ne vaut pas disjoncteur ajouté
E205,E205-0065,Prise double 15 A,Symbole E100 5-15R,1,PAR LOGEMENT TYPE F — NON MULTIPLIÉ,MODELE NON PRECISE,Protection AFCI/DDFT selon prescriptions E100; aucun disjoncteur supplémentaire compté au plan type.,Logement type F,7766.45,1730.48,1,,15,,
E205,E205-0066,Prise double 15 A,Symbole E100 5-15R,1,PAR LOGEMENT TYPE F — NON MULTIPLIÉ,MODELE NON PRECISE,Protection AFCI/DDFT selon prescriptions E100; aucun disjoncteur supplémentaire compté au plan type.,Logement type F,6005.09,1767.04,1,,15,,
E205,E205-0067,Prise double 15 A,Symbole E100 5-15R,1,PAR LOGEMENT TYPE F — NON MULTIPLIÉ,MODELE NON PRECISE,Protection AFCI/DDFT selon prescriptions E100; aucun disjoncteur supplémentaire compté au plan type.,Logement type F,5607.61,1892.64,1,,15,,
E205,E205-0068,Prise double 15 A,Symbole E100 5-15R,1,PAR LOGEMENT TYPE E — NON MULTIPLIÉ,MODELE NON PRECISE,Protection AFCI/DDFT selon prescriptions E100; aucun disjoncteur supplémentaire compté au plan type.,Logement type E,3520.92,2141.97,1,,15,,
E205,E205-0069,Prise double 15 A,Symbole E100 5-15R,1,PAR LOGEMENT TYPE E — NON MULTIPLIÉ,MODELE NON PRECISE,Protection AFCI/DDFT selon prescriptions E100; aucun disjoncteur supplémentaire compté au plan type.,Logement type E,2190.73,2274.15,1,,15,,
E205,E205-0070,Prise double 15 A,Symbole E100 5-15R,1,PAR LOGEMENT TYPE F — NON MULTIPLIÉ,MODELE NON PRECISE,Protection AFCI/DDFT selon prescriptions E100; aucun disjoncteur supplémentaire compté au plan type.,Logement type F,5916.0,2268.52,1,,15,,
E205,E205-0071,Prise double 15 A,Symbole E100 5-15R,1,PAR LOGEMENT TYPE F — NON MULTIPLIÉ,MODELE NON PRECISE,Protection AFCI/DDFT selon prescriptions E100; aucun disjoncteur supplémentaire compté au plan type.,Logement type F,7504.01,2208.56,1,,15,,
E205,E205-0072,Prise double 15 A,Symbole E100 5-15R,1,PAR LOGEMENT TYPE E — NON MULTIPLIÉ,MODELE NON PRECISE,Protection AFCI/DDFT selon prescriptions E100; aucun disjoncteur supplémentaire compté au plan type.,Logement type E,2709.14,2331.35,1,,15,,
E205,E205-0073,Prise double 15 A,Symbole E100 5-15R,1,PAR LOGEMENT TYPE F — NON MULTIPLIÉ,MODELE NON PRECISE,Protection AFCI/DDFT selon prescriptions E100; aucun disjoncteur supplémentaire compté au plan type.,Logement type F,6305.04,2404.46,1,,15,,
E205,E205-0074,Prise double 15 A,Symbole E100 5-15R,1,PAR LOGEMENT TYPE F — NON MULTIPLIÉ,MODELE NON PRECISE,Protection AFCI/DDFT selon prescriptions E100; aucun disjoncteur supplémentaire compté au plan type.,Logement type F,7105.57,2331.35,1,,15,,
E205,E205-0075,Prise double 15 A,Symbole E100 5-15R,1,PAR LOGEMENT TYPE E — NON MULTIPLIÉ,MODELE NON PRECISE,Protection AFCI/DDFT selon prescriptions E100; aucun disjoncteur supplémentaire compté au plan type.,Logement type E,1722.95,2434.44,1,,15,,
E205,E205-0076,Prise double 15 A,Symbole E100 5-15R,1,PAR LOGEMENT TYPE F — NON MULTIPLIÉ,MODELE NON PRECISE,Protection AFCI/DDFT selon prescriptions E100; aucun disjoncteur supplémentaire compté au plan type.,Logement type F,5615.09,2458.85,1,,15,,
E205,E205-0077,Prise double 15 A,Symbole E100 5-15R,1,PAR LOGEMENT TYPE F — NON MULTIPLIÉ,MODELE NON PRECISE,Protection AFCI/DDFT selon prescriptions E100; aucun disjoncteur supplémentaire compté au plan type.,Logement type F,7173.07,2565.72,1,,15,,
E205,E205-0078,Prise double 15 A,Symbole E100 5-15R,1,PAR LOGEMENT TYPE F — NON MULTIPLIÉ,MODELE NON PRECISE,Protection AFCI/DDFT selon prescriptions E100; aucun disjoncteur supplémentaire compté au plan type.,Logement type F,7476.79,2575.06,1,,15,,
E205,E205-0079,Prise double 15 A,Symbole E100 5-15R,1,PAR LOGEMENT TYPE E — NON MULTIPLIÉ,MODELE NON PRECISE,Protection AFCI/DDFT selon prescriptions E100; aucun disjoncteur supplémentaire compté au plan type.,Logement type E,2636.02,2708.19,1,,15,,
E205,E205-0080,Prise double 15 A,Symbole E100 5-15R,1,PAR LOGEMENT TYPE E — NON MULTIPLIÉ,MODELE NON PRECISE,Protection AFCI/DDFT selon prescriptions E100; aucun disjoncteur supplémentaire compté au plan type.,Logement type E,3515.3,2691.31,1,,15,,
E205,E205-0081,Prise double 15 A,Symbole E100 5-15R,1,PAR LOGEMENT TYPE F — NON MULTIPLIÉ,MODELE NON PRECISE,Protection AFCI/DDFT selon prescriptions E100; aucun disjoncteur supplémentaire compté au plan type.,Logement type F,6237.55,2730.68,1,,15,,
E205,E205-0082,Prise double 15 A,Symbole E100 5-15R,1,PAR LOGEMENT TYPE E — NON MULTIPLIÉ,MODELE NON PRECISE,Protection AFCI/DDFT selon prescriptions E100; aucun disjoncteur supplémentaire compté au plan type.,Logement type E,1722.95,2910.67,1,,15,,
E205,E205-0083,Prise double 15 A,Symbole E100 5-15R,1,PAR LOGEMENT TYPE F — NON MULTIPLIÉ,MODELE NON PRECISE,Protection AFCI/DDFT selon prescriptions E100; aucun disjoncteur supplémentaire compté au plan type.,Logement type F,5615.09,2935.02,1,,15,,
E205,E205-0084,Prise double 15 A,Symbole E100 5-15R,1,PAR LOGEMENT TYPE F — NON MULTIPLIÉ,MODELE NON PRECISE,Protection AFCI/DDFT selon prescriptions E100; aucun disjoncteur supplémentaire compté au plan type.,Logement type F,7105.57,2972.54,1,,15,,
E205,E205-0085,Prise double 15 A,Symbole E100 5-15R,1,PAR LOGEMENT TYPE F — NON MULTIPLIÉ,MODELE NON PRECISE,Protection AFCI/DDFT selon prescriptions E100; aucun disjoncteur supplémentaire compté au plan type.,Logement type F,7879.9,2944.41,1,,15,,
E205,E205-0086,Prise balcon,"Prise extérieure, circuit 22",1,PAR LOGEMENT TYPE E — NON MULTIPLIÉ,MODELE NON PRECISE,Note E100 : DDFT et couvercle intempéries. Symbole au plan simplifié; confirmer variante 15/20 A au devis.,Logement type E,2708.19,3160.96,1,22,,,
E205,E205-0087,Prise balcon,"Prise extérieure, circuit 22",1,PAR LOGEMENT TYPE F — NON MULTIPLIÉ,MODELE NON PRECISE,Note E100 : DDFT et couvercle intempéries. Symbole au plan simplifié; confirmer variante 15/20 A au devis.,Logement type F,7035.27,3198.47,1,22,,,
E205,E205-0088,Prise double 15 A,Symbole E100 5-15R,1,PAR LOGEMENT TYPE F — NON MULTIPLIÉ,MODELE NON PRECISE,Protection AFCI/DDFT selon prescriptions E100; aucun disjoncteur supplémentaire compté au plan type.,Logement type F,7180.6,3212.53,1,,15,,
E205,E205-0089,Prise double 15 A,Symbole E100 5-15R,1,PAR LOGEMENT TYPE F — NON MULTIPLIÉ,MODELE NON PRECISE,Protection AFCI/DDFT selon prescriptions E100; aucun disjoncteur supplémentaire compté au plan type.,Logement type F,7887.38,3407.48,1,,15,,
E205,E205-0090,Thermostat ligne,T carré,1,PAR LOGEMENT TYPE F — NON MULTIPLIÉ,STELPRO (modèle non inscrit) / OUELLET série OTH/TH — E100,,Logement type F,7464.64,1523.5,1,,,,
E205,E205-0091,Thermostat ligne,T carré,1,PAR LOGEMENT TYPE E — NON MULTIPLIÉ,STELPRO (modèle non inscrit) / OUELLET série OTH/TH — E100,,Logement type E,2366.95,1714.73,1,,,,
E205,E205-0092,Thermostat ligne,T carré,1,PAR LOGEMENT TYPE E — NON MULTIPLIÉ,STELPRO (modèle non inscrit) / OUELLET série OTH/TH — E100,,Logement type E,2331.35,2273.41,1,,,,
E205,E205-0093,Thermostat ligne,T carré,1,PAR LOGEMENT TYPE E — NON MULTIPLIÉ,STELPRO (modèle non inscrit) / OUELLET série OTH/TH — E100,,Logement type E,2713.81,2292.14,1,,,,
E205,E205-0094,Thermostat ligne,T carré,1,PAR LOGEMENT TYPE F — NON MULTIPLIÉ,STELPRO (modèle non inscrit) / OUELLET série OTH/TH — E100,,Logement type F,5974.15,2275.27,1,,,,
E205,E205-0095,Thermostat ligne,T carré,1,PAR LOGEMENT TYPE F — NON MULTIPLIÉ,STELPRO (modèle non inscrit) / OUELLET série OTH/TH — E100,,Logement type F,6313.48,2301.54,1,,,,
E205,E205-0096,Thermostat ligne,T carré,1,PAR LOGEMENT TYPE F — NON MULTIPLIÉ,STELPRO (modèle non inscrit) / OUELLET série OTH/TH — E100,,Logement type F,7400.86,2507.79,1,,,,
E205,E205-0097,Sortie TV,TV,1,PAR LOGEMENT TYPE E — NON MULTIPLIÉ,MODELE NON PRECISE,RG58/U suivant E100; longueur non métrée.,Logement type E,2645.36,2635.07,1,,,,
E205,E205-0098,Sortie TV,TV,1,PAR LOGEMENT TYPE E — NON MULTIPLIÉ,MODELE NON PRECISE,RG58/U suivant E100; longueur non métrée.,Logement type E,3522.78,2616.34,1,,,,
E205,E205-0099,Sortie TV,TV,1,PAR LOGEMENT TYPE F — NON MULTIPLIÉ,MODELE NON PRECISE,RG58/U suivant E100; longueur non métrée.,Logement type F,6246.94,2655.71,1,,,,
E205,E205-0100,Sortie TV,TV,1,PAR LOGEMENT TYPE F — NON MULTIPLIÉ,MODELE NON PRECISE,RG58/U suivant E100; longueur non métrée.,Logement type F,7186.23,3146.9,1,,,,
E205,E205-0101,Gradateur,"Symbole S avec barre terminale — E108, indice 3, commande a",1,PAR LOGEMENT TYPE E — NON MULTIPLIÉ,MODELE NON PRECISE,Variante lue selon E108; calibre non inscrit. Indice reproduit sans validation de compatibilité ni sélection de mécanisme.,Logement type E,2382.92,973.03,1,,,,
E205,E205-0102,Interrupteur simple,Symbole S sans barre terminale,1,PAR LOGEMENT TYPE E — NON MULTIPLIÉ,MODELE NON PRECISE,Variante lue selon E108; calibre non inscrit.,Logement type E,2043.54,1288.01,1,,,,
E205,E205-0103,Gradateur,"Symbole S avec barre terminale — E108, indice 4, commande a",1,PAR LOGEMENT TYPE F — NON MULTIPLIÉ,MODELE NON PRECISE,Variante lue selon E108; calibre non inscrit. Indice reproduit sans validation de compatibilité ni sélection de mécanisme.,Logement type F,5894.45,1188.62,1,,,,
E205,E205-0104,Gradateur,"Symbole S avec barre terminale — E108, commande d",1,PAR LOGEMENT TYPE E — NON MULTIPLIÉ,MODELE NON PRECISE,Variante lue selon E108; calibre non inscrit.,Logement type E,2433.54,1346.11,1,,,,
E205,E205-0105,Gradateur,"Symbole S avec barre terminale — E108, commande d",1,PAR LOGEMENT TYPE F — NON MULTIPLIÉ,MODELE NON PRECISE,Variante lue selon E108; calibre non inscrit.,Logement type F,6070.67,1537.34,1,,,,
E205,E205-0106,Gradateur,"Symbole S avec barre terminale — E108, commande e",1,PAR LOGEMENT TYPE F — NON MULTIPLIÉ,MODELE NON PRECISE,Variante lue selon E108; calibre non inscrit.,Logement type F,7399.96,1531.71,1,,,,
E205,E205-0107,Gradateur,"Symbole S avec barre terminale — E108, commande e",1,PAR LOGEMENT TYPE E — NON MULTIPLIÉ,MODELE NON PRECISE,Variante lue selon E108; calibre non inscrit.,Logement type E,2403.51,1790.44,1,,,,
E205,E205-0108,Gradateur,"Symbole S avec barre terminale — E108, commande f",1,PAR LOGEMENT TYPE E — NON MULTIPLIÉ,MODELE NON PRECISE,Variante lue selon E108; calibre non inscrit.,Logement type E,2420.38,1743.59,1,,,,
E205,E205-0109,Interrupteur simple,Symbole S sans barre terminale,1,PAR LOGEMENT TYPE F — NON MULTIPLIÉ,MODELE NON PRECISE,Variante lue selon E108; calibre non inscrit.,Logement type F,5945.07,1796.06,1,,,,
E205,E205-0110,Gradateur,"Symbole S avec barre terminale — E108, indice 3, commande a",1,PAR LOGEMENT TYPE E — NON MULTIPLIÉ,MODELE NON PRECISE,Variante lue selon E108; calibre non inscrit. Indice reproduit sans validation de compatibilité ni sélection de mécanisme.,Logement type E,2446.65,2142.93,1,,,,
E205,E205-0111,Gradateur,"Symbole S avec barre terminale — E108, indice 4, commande a",1,PAR LOGEMENT TYPE F — NON MULTIPLIÉ,MODELE NON PRECISE,Variante lue selon E108; calibre non inscrit. Indice reproduit sans validation de compatibilité ni sélection de mécanisme.,Logement type F,6005.09,2191.69,1,,,,
E205,E205-0112,Gradateur,Symbole S avec barre terminale — E108,1,PAR LOGEMENT TYPE E — NON MULTIPLIÉ,MODELE NON PRECISE,Variante lue selon E108; calibre non inscrit.,Logement type E,2416.67,2266.67,1,,,,
E205,E205-0113,Gradateur,"Symbole S avec barre terminale — E108, commande b",1,PAR LOGEMENT TYPE E — NON MULTIPLIÉ,MODELE NON PRECISE,Variante lue selon E108; calibre non inscrit.,Logement type E,2722.25,2219.81,1,,,,
E205,E205-0114,Gradateur,Symbole S avec barre terminale — E108,1,PAR LOGEMENT TYPE F — NON MULTIPLIÉ,MODELE NON PRECISE,Variante lue selon E108; calibre non inscrit.,Logement type F,6023.82,2264.81,1,,,,
E205,E205-0115,Gradateur,"Symbole S avec barre terminale — E108, commande b",1,PAR LOGEMENT TYPE F — NON MULTIPLIÉ,MODELE NON PRECISE,Variante lue selon E108; calibre non inscrit.,Logement type F,6321.91,2229.15,1,,,,
E205,E205-0116,Gradateur,Symbole S avec barre terminale — E108,1,PAR LOGEMENT TYPE F — NON MULTIPLIÉ,MODELE NON PRECISE,Variante lue selon E108; calibre non inscrit.,Logement type F,7411.21,2289.16,1,,,,
E205,E205-0117,Gradateur,"Symbole S avec barre terminale — E108, indice 4, commande a",1,PAR LOGEMENT TYPE F — NON MULTIPLIÉ,MODELE NON PRECISE,Variante lue selon E108; calibre non inscrit. Indice reproduit sans validation de compatibilité ni sélection de mécanisme.,Logement type F,7433.71,2216.04,1,,,,
E205,E205-0118,Gradateur,"Symbole S avec barre terminale — E108, commande g",1,PAR LOGEMENT TYPE F — NON MULTIPLIÉ,MODELE NON PRECISE,Variante lue selon E108; calibre non inscrit.,Logement type F,7474.93,2216.04,1,,,,
E205,E205-0119,Interrupteur simple,Symbole S sans barre terminale,1,PAR LOGEMENT TYPE F — NON MULTIPLIÉ,MODELE NON PRECISE,Variante lue selon E108; calibre non inscrit.,Logement type F,7782.42,2602.28,1,,,,
E205,E205-0120,Interrupteur simple,Symbole S sans barre terminale,1,PAR LOGEMENT TYPE E — NON MULTIPLIÉ,MODELE NON PRECISE,Variante lue selon E108; calibre non inscrit.,Logement type E,2720.39,2924.73,1,,,,
E205,E205-0121,Interrupteur simple,Symbole S sans barre terminale,1,PAR LOGEMENT TYPE F — NON MULTIPLIÉ,MODELE NON PRECISE,Variante lue selon E108; calibre non inscrit.,Logement type F,7090.61,3022.2,1,,,,
E205,E205-0122,Sortie téléphone,Triangle plein,1,PAR LOGEMENT TYPE F — NON MULTIPLIÉ,MODELE NON PRECISE,CAT 5e suivant E100; longueur non métrée.,Logement type F,7802.11,1734.2,1,,,,
E205,E205-0123,Sortie téléphone,Triangle plein,1,PAR LOGEMENT TYPE E — NON MULTIPLIÉ,MODELE NON PRECISE,CAT 5e suivant E100; longueur non métrée.,Logement type E,1726.72,2966.91,1,,,,
E205,E205-0124,Sortie téléphone,Triangle plein,1,PAR LOGEMENT TYPE F — NON MULTIPLIÉ,MODELE NON PRECISE,CAT 5e suivant E100; longueur non métrée.,Logement type F,5617.0,2989.41,1,,,,
E205,E205-0125,Sortie téléphone,Triangle plein,1,PAR LOGEMENT TYPE F — NON MULTIPLIÉ,MODELE NON PRECISE,CAT 5e suivant E100; longueur non métrée.,Logement type F,7876.13,3444.99,1,,,,
E205,E205-0126,Suspension repas,Suspension salle à manger,1,PAR LOGEMENT TYPE E — NON MULTIPLIÉ,ARTIKA PRO PDT-DEC-BLJ — E108,,Logement type E,3166.58,1985.44,1,,,,
E205,E205-0127,Suspension repas,Suspension salle à manger,1,PAR LOGEMENT TYPE F — NON MULTIPLIÉ,ARTIKA PRO PDT-DEC-BLJ — E108,,Logement type F,6707.19,2041.69,1,,,,
E205,E205-0128,Prise sécheuse,"30 A, 125/250 V, circuit 11-13",1,PAR LOGEMENT TYPE E — NON MULTIPLIÉ,Configuration 14-30R — E100,,Logement type E,1794.21,1602.98,1,11-13,30,,
E205,E205-0129,Prise sécheuse,"30 A, 125/250 V, circuit 11-13",1,PAR LOGEMENT TYPE F — NON MULTIPLIÉ,Configuration 14-30R — E100,,Logement type F,5703.22,1574.85,1,11-13,30,,
E205,E205-0130,Prise cuisinière,"50 A, 125/250 V, circuit 1-3",1,PAR LOGEMENT TYPE E — NON MULTIPLIÉ,Configuration 14-50R — E100,,Logement type E,3307.19,984.28,1,1-3,50,,
E205,E205-0131,Prise cuisinière,"50 A, 125/250 V, circuit 1-3",1,PAR LOGEMENT TYPE F — NON MULTIPLIÉ,Configuration 14-50R — E100,,Logement type F,6496.27,1018.03,1,1-3,50,,
E205,E205-0132,Moteur hotte,"Symbole moteur monophasé, circuit 14",1,PAR LOGEMENT TYPE E — NON MULTIPLIÉ,MODELE NON PRECISE,Fourniture mécanique; raccordement seulement.,Logement type E,3307.19,1079.9,1,14,,,
E205,E205-0133,Moteur hotte,"Symbole moteur monophasé, circuit 14",1,PAR LOGEMENT TYPE F — NON MULTIPLIÉ,MODELE NON PRECISE,Fourniture mécanique; raccordement seulement.,Logement type F,6496.27,1113.65,1,14,,,
E205,E205-0134,Gradateur,"Symbole S avec barre terminale — E108, commande c",1,PAR LOGEMENT TYPE E — NON MULTIPLIÉ,MODELE NON PRECISE,Variante lue selon E108; calibre non inscrit.,Logement type E,2711.0,2255.42,1,,,,
E205,E205-0135,Gradateur,"Symbole S avec barre terminale — E108, commande c",1,PAR LOGEMENT TYPE F — NON MULTIPLIÉ,MODELE NON PRECISE,Variante lue selon E108; calibre non inscrit.,Logement type F,6316.29,2266.67,1,,,,
E205,E205-0136,Gradateur,"Symbole S avec barre terminale — E108, commande f",1,PAR LOGEMENT TYPE F — NON MULTIPLIÉ,MODELE NON PRECISE,Variante lue selon E108; calibre non inscrit.,Logement type F,7435.56,1529.86,1,,,,
E205,E205-0137,Plinthe 750 W,Puissance inscrite,1,PAR LOGEMENT TYPE E — NON MULTIPLIÉ,STELPRO B / OUELLET OFM (logement); STELPRO SPDH / OUELLET OPPM (porte-patio) — E100, Série selon variante de plinthe au dessin; alternatives conservées sans choix de marque.,Logement type E,1839.2,3025.97,1,,,,
E205,E205-0138,Plinthe 750 W,Puissance inscrite,1,PAR LOGEMENT TYPE E — NON MULTIPLIÉ,STELPRO B / OUELLET OFM (logement); STELPRO SPDH / OUELLET OPPM (porte-patio) — E100, Série selon variante de plinthe au dessin; alternatives conservées sans choix de marque.,Logement type E,2379.15,3025.97,1,,,,
E205,E205-0139,Plinthe 1500 W,Puissance inscrite,1,PAR LOGEMENT TYPE F — NON MULTIPLIÉ,STELPRO B / OUELLET OFM (logement); STELPRO SPDH / OUELLET OPPM (porte-patio) — E100, Série selon variante de plinthe au dessin; alternatives conservées sans choix de marque.,Logement type F,5933.83,3070.97,1,,,,
E205,E205-0140,Plinthe 1500 W,Puissance inscrite,1,PAR LOGEMENT TYPE F — NON MULTIPLIÉ,STELPRO B / OUELLET OFM (logement); STELPRO SPDH / OUELLET OPPM (porte-patio) — E100, Série selon variante de plinthe au dessin; alternatives conservées sans choix de marque.,Logement type F,7536.8,3560.3,1,,,,
E205,E205-0141,Plinthe 1000 W,Puissance inscrite,1,PAR LOGEMENT TYPE E — NON MULTIPLIÉ,STELPRO B / OUELLET OFM (logement); STELPRO SPDH / OUELLET OPPM (porte-patio) — E100, Série selon variante de plinthe au dessin; alternatives conservées sans choix de marque.,Logement type E,2851.61,3025.97,1,,,,
E205,E205-0142,Plinthe 1000 W,Puissance inscrite,1,PAR LOGEMENT TYPE E — NON MULTIPLIÉ,STELPRO B / OUELLET OFM (logement); STELPRO SPDH / OUELLET OPPM (porte-patio) — E100, Série selon variante de plinthe au dessin; alternatives conservées sans choix de marque.,Logement type E,3526.55,2890.98,1,,,,
E205,E205-0143,Plinthe 1000 W,Puissance inscrite,1,PAR LOGEMENT TYPE F — NON MULTIPLIÉ,STELPRO B / OUELLET OFM (logement); STELPRO SPDH / OUELLET OPPM (porte-patio) — E100, Série selon variante de plinthe au dessin; alternatives conservées sans choix de marque.,Logement type F,6299.42,2885.36,1,,,,
E205,E205-0144,Plinthe 1000 W,Puissance inscrite,1,PAR LOGEMENT TYPE F — NON MULTIPLIÉ,STELPRO B / OUELLET OFM (logement); STELPRO SPDH / OUELLET OPPM (porte-patio) — E100, Série selon variante de plinthe au dessin; alternatives conservées sans choix de marque.,Logement type F,6957.48,3065.34,1,,,,
E205,E205-0145,Convecteur 1000 W,"Salle de bain, 1 kW inscrit",1,PAR LOGEMENT TYPE E — NON MULTIPLIÉ,STELPRO série MIR / OUELLET série ONC — E100,,Logement type E,2126.05,2047.31,1,,,,
E205,E205-0146,Convecteur 1000 W,"Salle de bain, 1 kW inscrit",1,PAR LOGEMENT TYPE F — NON MULTIPLIÉ,STELPRO série MIR / OUELLET série ONC — E100,,Logement type F,7891.14,1462.36,1,,,,
E205,E205-0147,Évaporateur,Renvoi au condenseur au toit,1,PAR LOGEMENT TYPE E — NON MULTIPLIÉ,MODELE NON PRECISE,Fourniture mécanique; non additionnable au condenseur E202.,Logement type E,3520.92,2367.91,1,,,,
E205,E205-0148,Évaporateur,Renvoi au condenseur au toit,1,PAR LOGEMENT TYPE F — NON MULTIPLIÉ,MODELE NON PRECISE,Fourniture mécanique; non additionnable au condenseur E202.,Logement type F,7114.97,2463.52,1,,,,
E205,E205-0149,Relais chauffage,R,1,PAR LOGEMENT TYPE E — NON MULTIPLIÉ,STELPRO série RE306 — E100,,Logement type E,2778.49,2269.48,1,,,,
E205,E205-0150,Relais chauffage,R,1,PAR LOGEMENT TYPE F — NON MULTIPLIÉ,STELPRO série RE306 — E100,,Logement type F,6372.53,2294.79,1,,,,
E205,E205-0151,Klaxon stroboscope 185 cd,185 CD inscrit,1,PAR LOGEMENT TYPE E — NON MULTIPLIÉ,MIRCOM FHS-400-RR — E100,Un ensemble par symbole; non additionnable au schéma incendie.,Logement type E,2283.54,2272.29,1,,,,
E205,E205-0152,Klaxon stroboscope 185 cd,185 CD inscrit,1,PAR LOGEMENT TYPE F — NON MULTIPLIÉ,MIRCOM FHS-400-RR — E100,Un ensemble par symbole; non additionnable au schéma incendie.,Logement type F,6226.3,2536.64,1,,,,
E205,E205-0153,Klaxon stroboscope 185 cd,185 CD inscrit,1,PAR LOGEMENT TYPE F — NON MULTIPLIÉ,MIRCOM FHS-400-RR — E100,Un ensemble par symbole; non additionnable au schéma incendie.,Logement type F,7176.84,2727.87,1,,,,
E205,E205-0154,Klaxon stroboscope 15 cd,15 CD inscrit,1,PAR LOGEMENT TYPE E — NON MULTIPLIÉ,MIRCOM FHS-400-RR — E100,Un ensemble par symbole.,Logement type E,2711.0,2390.4,1,,,,
E205,E205-0155,Klaxon stroboscope 15 cd,15 CD inscrit,1,PAR LOGEMENT TYPE F — NON MULTIPLIÉ,MIRCOM FHS-400-RR — E100,Un ensemble par symbole.,Logement type F,6316.29,2362.28,1,,,,
E205,E205-0156,Boîte de jonction vanité,"Carré à diagonales, circuit 12 f",1,PAR LOGEMENT TYPE E — NON MULTIPLIÉ,MODELE NON PRECISE,Symbole E100; modèle appareil vanité non précisé E108.,Logement type E,2255.42,1518.61,1,12,,,
E205,E205-0157,Boîte de jonction vanité,"Carré à diagonales, circuit 12 f",1,PAR LOGEMENT TYPE F — NON MULTIPLIÉ,MODELE NON PRECISE,Symbole E100; modèle appareil vanité non précisé E108.,Logement type F,7638.04,1659.22,1,12,,,
E205,E205-0158,Panneau logement,PL,1,PAR LOGEMENT TYPE E — NON MULTIPLIÉ,MODELE NON PRECISE,Instance par logement type; non cumulable avec E104/E400.,Logement type E,2064.18,995.53,1,,,,
E205,E205-0159,Panneau logement,PL,1,PAR LOGEMENT TYPE F — NON MULTIPLIÉ,MODELE NON PRECISE,Instance par logement type; non cumulable avec E104/E400.,Logement type F,5877.58,2058.56,1,,,,
E205,E205-0160,Poste intercom,IC,1,PAR LOGEMENT TYPE E — NON MULTIPLIÉ,MODELE NON PRECISE,,Logement type E,2317.29,973.03,1,,,,
E205,E205-0161,Poste intercom,IC,1,PAR LOGEMENT TYPE F — NON MULTIPLIÉ,MODELE NON PRECISE,,Logement type F,5821.34,1186.77,1,,,,
E205,E205-0162,Boîtier télécom BELL,BELL,1,PAR LOGEMENT TYPE E — NON MULTIPLIÉ,MODELE NON PRECISE,Équipements internes non déduits.,Logement type E,2390.4,1411.74,1,,,,
E205,E205-0163,Boîtier télécom BELL,BELL,1,PAR LOGEMENT TYPE F — NON MULTIPLIÉ,MODELE NON PRECISE,Équipements internes non déduits.,Logement type F,5686.35,2058.56,1,,,,
E205,E205-0164,Luminaire L,Applique extérieure logement L — E108,1,PAR LOGEMENT TYPE E — NON MULTIPLIÉ,ACUITY OLLWDLEDP140K 120DDB — E108,,Logement type E,2649.13,3177.83,1,,,,
E205,E205-0165,Luminaire L,Applique extérieure logement L — E108,1,PAR LOGEMENT TYPE F — NON MULTIPLIÉ,ACUITY OLLWDLEDP140K 120DDB — E108,,Logement type F,6968.73,3211.58,1,,,,
E205,E205-0166,Renvoi condenseur,1 — CONDENSEUR NIVEAU TOIT,1,PAR LOGEMENT TYPE E — NON MULTIPLIÉ,MODELE NON PRECISE,Référence de note; aucune quantité physique ajoutée à E202.,Logement type E,1771.71,680.56,1,,,,
E205,E205-0167,Renvoi condenseur,1 — CONDENSEUR NIVEAU TOIT,1,PAR LOGEMENT TYPE F — NON MULTIPLIÉ,MODELE NON PRECISE,Référence de note; aucune quantité physique ajoutée à E202.,Logement type F,5793.21,674.94,1,,,,
E205,E205-0168,Prise comptoir DDFT 20 A,"Symbole E100, circuit 8; au-dessus du comptoir selon traverse du symbole E100",1,PAR LOGEMENT TYPE E — NON MULTIPLIÉ,MODELE NON PRECISE,Protection selon symbole et prescriptions E100.,Logement type E,3520.92,1462.36,1,8,20,,DDFT selon symbole E100; ne vaut pas disjoncteur ajouté
E205,E205-0169,Prise comptoir DDFT 20 A,"Symbole E100, circuit 8; au-dessus du comptoir selon traverse du symbole E100",1,PAR LOGEMENT TYPE F — NON MULTIPLIÉ,MODELE NON PRECISE,Protection selon symbole et prescriptions E100.,Logement type F,6901.24,1496.11,1,8,20,,DDFT selon symbole E100; ne vaut pas disjoncteur ajouté
E206,E206-0001,Spot logement,Cercle à croix débordante — réf. E108,1,PAR LOGEMENT TYPE G — NON MULTIPLIÉ,JUNO JPDZ4 DC 1000LM CWH — E108,JUNO JPDZ4 DC 1000LM CWH : colonne cédule 2000 lm; incohérence de référence conservée.,Logement type G,7092.47,1018.03,1,,,,
E206,E206-0002,Spot logement,Cercle à croix débordante — réf. E108,1,PAR LOGEMENT TYPE G — NON MULTIPLIÉ,JUNO JPDZ4 DC 1000LM CWH — E108,JUNO JPDZ4 DC 1000LM CWH : colonne cédule 2000 lm; incohérence de référence conservée.,Logement type G,6263.81,1134.29,1,,,,
E206,E206-0003,Spot logement,Cercle à croix débordante — réf. E108,1,PAR LOGEMENT TYPE G — NON MULTIPLIÉ,JUNO JPDZ4 DC 1000LM CWH — E108,JUNO JPDZ4 DC 1000LM CWH : colonne cédule 2000 lm; incohérence de référence conservée.,Logement type G,6591.89,1134.29,1,,,,
E206,E206-0004,Spot logement,Cercle à croix débordante — réf. E108,1,PAR LOGEMENT TYPE G — NON MULTIPLIÉ,JUNO JPDZ4 DC 1000LM CWH — E108,JUNO JPDZ4 DC 1000LM CWH : colonne cédule 2000 lm; incohérence de référence conservée.,Logement type G,6880.59,1134.29,1,,,,
E206,E206-0005,Spot logement,Cercle à croix débordante — réf. E108,1,PAR LOGEMENT TYPE G — NON MULTIPLIÉ,JUNO JPDZ4 DC 1000LM CWH — E108,JUNO JPDZ4 DC 1000LM CWH : colonne cédule 2000 lm; incohérence de référence conservée.,Logement type G,7536.8,1078.04,1,,,,
E206,E206-0006,Spot logement,Cercle à croix débordante — réf. E108,1,PAR LOGEMENT TYPE F inversé — NON MULTIPLIÉ,JUNO JPDZ4 DC 1000LM CWH — E108,JUNO JPDZ4 DC 1000LM CWH : colonne cédule 2000 lm; incohérence de référence conservée.,Logement type F inversé,2650.99,1258.03,1,,,,
E206,E206-0007,Spot logement,Cercle à croix débordante — réf. E108,1,PAR LOGEMENT TYPE F inversé — NON MULTIPLIÉ,JUNO JPDZ4 DC 1000LM CWH — E108,JUNO JPDZ4 DC 1000LM CWH : colonne cédule 2000 lm; incohérence de référence conservée.,Logement type F inversé,2980.97,1258.03,1,,,,
E206,E206-0008,Spot logement,Cercle à croix débordante — réf. E108,1,PAR LOGEMENT TYPE F inversé — NON MULTIPLIÉ,JUNO JPDZ4 DC 1000LM CWH — E108,JUNO JPDZ4 DC 1000LM CWH : colonne cédule 2000 lm; incohérence de référence conservée.,Logement type F inversé,3267.82,1258.03,1,,,,
E206,E206-0009,Spot logement,Cercle à croix débordante — réf. E108,1,PAR LOGEMENT TYPE F inversé — NON MULTIPLIÉ,JUNO JPDZ4 DC 1000LM CWH — E108,JUNO JPDZ4 DC 1000LM CWH : colonne cédule 2000 lm; incohérence de référence conservée.,Logement type F inversé,3564.06,1263.65,1,,,,
E206,E206-0010,Spot logement,Cercle à croix débordante — réf. E108,1,PAR LOGEMENT TYPE F inversé — NON MULTIPLIÉ,JUNO JPDZ4 DC 1000LM CWH — E108,JUNO JPDZ4 DC 1000LM CWH : colonne cédule 2000 lm; incohérence de référence conservée.,Logement type F inversé,1850.45,1344.25,1,,,,
E206,E206-0011,Spot logement,Cercle à croix débordante — réf. E108,1,PAR LOGEMENT TYPE F inversé — NON MULTIPLIÉ,JUNO JPDZ4 DC 1000LM CWH — E108,JUNO JPDZ4 DC 1000LM CWH : colonne cédule 2000 lm; incohérence de référence conservée.,Logement type F inversé,2116.66,1344.25,1,,,,
E206,E206-0012,Spot logement,Cercle à croix débordante — réf. E108,1,PAR LOGEMENT TYPE F inversé — NON MULTIPLIÉ,JUNO JPDZ4 DC 1000LM CWH — E108,JUNO JPDZ4 DC 1000LM CWH : colonne cédule 2000 lm; incohérence de référence conservée.,Logement type F inversé,2352.89,1344.25,1,,,,
E206,E206-0013,Spot logement,Cercle à croix débordante — réf. E108,1,PAR LOGEMENT TYPE G — NON MULTIPLIÉ,JUNO JPDZ4 DC 1000LM CWH — E108,JUNO JPDZ4 DC 1000LM CWH : colonne cédule 2000 lm; incohérence de référence conservée.,Logement type G,6327.54,1362.98,1,,,,
E206,E206-0014,Spot logement,Cercle à croix débordante — réf. E108,1,PAR LOGEMENT TYPE G — NON MULTIPLIÉ,JUNO JPDZ4 DC 1000LM CWH — E108,JUNO JPDZ4 DC 1000LM CWH : colonne cédule 2000 lm; incohérence de référence conservée.,Logement type G,6610.62,1362.98,1,,,,
E206,E206-0015,Spot logement,Cercle à croix débordante — réf. E108,1,PAR LOGEMENT TYPE F inversé — NON MULTIPLIÉ,JUNO JPDZ4 DC 1000LM CWH — E108,JUNO JPDZ4 DC 1000LM CWH : colonne cédule 2000 lm; incohérence de référence conservée.,Logement type F inversé,2900.38,1481.09,1,,,,
E206,E206-0016,Spot logement,Cercle à croix débordante — réf. E108,1,PAR LOGEMENT TYPE F inversé — NON MULTIPLIÉ,JUNO JPDZ4 DC 1000LM CWH — E108,JUNO JPDZ4 DC 1000LM CWH : colonne cédule 2000 lm; incohérence de référence conservée.,Logement type F inversé,3215.35,1481.09,1,,,,
E206,E206-0017,Spot logement,Cercle à croix débordante — réf. E108,1,PAR LOGEMENT TYPE F inversé — NON MULTIPLIÉ,JUNO JPDZ4 DC 1000LM CWH — E108,JUNO JPDZ4 DC 1000LM CWH : colonne cédule 2000 lm; incohérence de référence conservée.,Logement type F inversé,3457.2,1677.95,1,,,,
E206,E206-0018,Spot logement,Cercle à croix débordante — réf. E108,1,PAR LOGEMENT TYPE G — NON MULTIPLIÉ,JUNO JPDZ4 DC 1000LM CWH — E108,JUNO JPDZ4 DC 1000LM CWH : colonne cédule 2000 lm; incohérence de référence conservée.,Logement type G,6936.84,1721.09,1,,,,
E206,E206-0019,Spot logement,Cercle à croix débordante — réf. E108,1,PAR LOGEMENT TYPE G — NON MULTIPLIÉ,JUNO JPDZ4 DC 1000LM CWH — E108,JUNO JPDZ4 DC 1000LM CWH : colonne cédule 2000 lm; incohérence de référence conservée.,Logement type G,7195.56,1662.99,1,,,,
E206,E206-0020,Spot logement,Cercle à croix débordante — réf. E108,1,PAR LOGEMENT TYPE G — NON MULTIPLIÉ,JUNO JPDZ4 DC 1000LM CWH — E108,JUNO JPDZ4 DC 1000LM CWH : colonne cédule 2000 lm; incohérence de référence conservée.,Logement type G,7516.16,1662.99,1,,,,
E206,E206-0021,Spot logement,Cercle à croix débordante — réf. E108,1,PAR LOGEMENT TYPE F inversé — NON MULTIPLIÉ,JUNO JPDZ4 DC 1000LM CWH — E108,JUNO JPDZ4 DC 1000LM CWH : colonne cédule 2000 lm; incohérence de référence conservée.,Logement type F inversé,2064.18,1807.31,1,,,,
E206,E206-0022,Spot logement,Cercle à croix débordante — réf. E108,1,PAR LOGEMENT TYPE F inversé — NON MULTIPLIÉ,JUNO JPDZ4 DC 1000LM CWH — E108,JUNO JPDZ4 DC 1000LM CWH : colonne cédule 2000 lm; incohérence de référence conservée.,Logement type F inversé,3886.52,1869.18,1,,,,
E206,E206-0023,Spot logement,Cercle à croix débordante — réf. E108,1,PAR LOGEMENT TYPE F inversé — NON MULTIPLIÉ,JUNO JPDZ4 DC 1000LM CWH — E108,JUNO JPDZ4 DC 1000LM CWH : colonne cédule 2000 lm; incohérence de référence conservée.,Logement type F inversé,2064.18,2056.7,1,,,,
E206,E206-0024,Spot logement,Cercle à croix débordante — réf. E108,1,PAR LOGEMENT TYPE F inversé — NON MULTIPLIÉ,JUNO JPDZ4 DC 1000LM CWH — E108,JUNO JPDZ4 DC 1000LM CWH : colonne cédule 2000 lm; incohérence de référence conservée.,Logement type F inversé,3457.2,2047.31,1,,,,
E206,E206-0025,Spot logement,Cercle à croix débordante — réf. E108,1,PAR LOGEMENT TYPE F inversé — NON MULTIPLIÉ,JUNO JPDZ4 DC 1000LM CWH — E108,JUNO JPDZ4 DC 1000LM CWH : colonne cédule 2000 lm; incohérence de référence conservée.,Logement type F inversé,2373.53,2141.07,1,,,,
E206,E206-0026,Spot logement,Cercle à croix débordante — réf. E108,1,PAR LOGEMENT TYPE G — NON MULTIPLIÉ,JUNO JPDZ4 DC 1000LM CWH — E108,JUNO JPDZ4 DC 1000LM CWH : colonne cédule 2000 lm; incohérence de référence conservée.,Logement type G,6391.26,2272.29,1,,,,
E206,E206-0027,Spot logement,Cercle à croix débordante — réf. E108,1,PAR LOGEMENT TYPE G — NON MULTIPLIÉ,JUNO JPDZ4 DC 1000LM CWH — E108,JUNO JPDZ4 DC 1000LM CWH : colonne cédule 2000 lm; incohérence de référence conservée.,Logement type G,6794.37,2272.29,1,,,,
E206,E206-0028,Spot logement,Cercle à croix débordante — réf. E108,1,PAR LOGEMENT TYPE F inversé — NON MULTIPLIÉ,JUNO JPDZ4 DC 1000LM CWH — E108,JUNO JPDZ4 DC 1000LM CWH : colonne cédule 2000 lm; incohérence de référence conservée.,Logement type F inversé,2720.39,2416.67,1,,,,
E206,E206-0029,Spot logement,Cercle à croix débordante — réf. E108,1,PAR LOGEMENT TYPE F inversé — NON MULTIPLIÉ,JUNO JPDZ4 DC 1000LM CWH — E108,JUNO JPDZ4 DC 1000LM CWH : colonne cédule 2000 lm; incohérence de référence conservée.,Logement type F inversé,3125.35,2416.67,1,,,,
E206,E206-0030,Spot logement,Cercle à croix débordante — réf. E108,1,PAR LOGEMENT TYPE F inversé — NON MULTIPLIÉ,JUNO JPDZ4 DC 1000LM CWH — E108,JUNO JPDZ4 DC 1000LM CWH : colonne cédule 2000 lm; incohérence de référence conservée.,Logement type F inversé,1955.46,2461.67,1,,,,
E206,E206-0031,Spot logement,Cercle à croix débordante — réf. E108,1,PAR LOGEMENT TYPE G — NON MULTIPLIÉ,JUNO JPDZ4 DC 1000LM CWH — E108,JUNO JPDZ4 DC 1000LM CWH : colonne cédule 2000 lm; incohérence de référence conservée.,Logement type G,6391.26,2701.61,1,,,,
E206,E206-0032,Spot logement,Cercle à croix débordante — réf. E108,1,PAR LOGEMENT TYPE G — NON MULTIPLIÉ,JUNO JPDZ4 DC 1000LM CWH — E108,JUNO JPDZ4 DC 1000LM CWH : colonne cédule 2000 lm; incohérence de référence conservée.,Logement type G,6794.37,2701.61,1,,,,
E206,E206-0033,Spot logement,Cercle à croix débordante — réf. E108,1,PAR LOGEMENT TYPE F inversé — NON MULTIPLIÉ,JUNO JPDZ4 DC 1000LM CWH — E108,JUNO JPDZ4 DC 1000LM CWH : colonne cédule 2000 lm; incohérence de référence conservée.,Logement type F inversé,2720.39,2845.99,1,,,,
E206,E206-0034,Spot logement,Cercle à croix débordante — réf. E108,1,PAR LOGEMENT TYPE F inversé — NON MULTIPLIÉ,JUNO JPDZ4 DC 1000LM CWH — E108,JUNO JPDZ4 DC 1000LM CWH : colonne cédule 2000 lm; incohérence de référence conservée.,Logement type F inversé,3125.35,2845.99,1,,,,
E206,E206-0035,Plafonnier,Plafonnier chambre — réf. E108,1,PAR LOGEMENT TYPE G — NON MULTIPLIÉ,ARTIKAPRO 12FLPR-SP3-WHJ-6PK — E108,,Logement type G,7137.46,2345.41,1,,,,
E206,E206-0036,Plafonnier,Plafonnier chambre — réf. E108,1,PAR LOGEMENT TYPE F inversé — NON MULTIPLIÉ,ARTIKAPRO 12FLPR-SP3-WHJ-6PK — E108,,Logement type F inversé,3588.42,2491.64,1,,,,
E206,E206-0037,Plafonnier,Plafonnier chambre — réf. E108,1,PAR LOGEMENT TYPE F inversé — NON MULTIPLIÉ,ARTIKAPRO 12FLPR-SP3-WHJ-6PK — E108,,Logement type F inversé,2255.42,2851.61,1,,,,
E206,E206-0038,Avertisseur fumée L,"L, 120 V, circuit 16",1,PAR LOGEMENT TYPE F inversé — NON MULTIPLIÉ,KIDDE P12040CA — E100; CO conditionnel réservé,Note générale : appareil combiné CO/fumée selon adjacence au garage ou gaz; vérifier applicabilité sans ajouter de symbole absent.,Logement type F inversé,2531.97,2136.35,1,16,,,
E206,E206-0039,Avertisseur fumée L,"L, 120 V, circuit 16",1,PAR LOGEMENT TYPE F inversé — NON MULTIPLIÉ,KIDDE P12040CA — E100; CO conditionnel réservé,Note générale : appareil combiné CO/fumée selon adjacence au garage ou gaz; vérifier applicabilité sans ajouter de symbole absent.,Logement type F inversé,3454.39,2155.13,1,16,,,
E206,E206-0040,Avertisseur fumée L,"L, 120 V, circuit 16",1,PAR LOGEMENT TYPE F inversé — NON MULTIPLIÉ,KIDDE P12040CA — E100; CO conditionnel réservé,Note générale : appareil combiné CO/fumée selon adjacence au garage ou gaz; vérifier applicabilité sans ajouter de symbole absent.,Logement type F inversé,3660.58,2351.99,1,16,,,
E206,E206-0041,Avertisseur fumée L,"L, 120 V, circuit 16",1,PAR LOGEMENT TYPE G — NON MULTIPLIÉ,KIDDE P12040CA — E100; CO conditionnel réservé,Note générale : appareil combiné CO/fumée selon adjacence au garage ou gaz; vérifier applicabilité sans ajouter de symbole absent.,Logement type G,7076.55,2466.33,1,16,,,
E206,E206-0042,Avertisseur fumée L,"L, 120 V, circuit 16",1,PAR LOGEMENT TYPE F inversé — NON MULTIPLIÉ,KIDDE P12040CA — E100; CO conditionnel réservé,Note générale : appareil combiné CO/fumée selon adjacence au garage ou gaz; vérifier applicabilité sans ajouter de symbole absent.,Logement type F inversé,2262.0,2704.42,1,16,,,
E206,E206-0043,Prise comptoir 20 A,"Symbole E100 5-20R, au-dessus du comptoir",1,PAR LOGEMENT TYPE G — NON MULTIPLIÉ,MODELE NON PRECISE,DDFT selon proximité de l’évier et prescriptions E100.,Logement type G,6259.09,884.9,1,,20,,
E206,E206-0044,Prise comptoir 20 A,"Symbole E100 5-20R, au-dessus du comptoir",1,PAR LOGEMENT TYPE G — NON MULTIPLIÉ,MODELE NON PRECISE,DDFT selon proximité de l’évier et prescriptions E100.,Logement type G,6626.59,892.44,1,,20,,
E206,E206-0045,Prise double 15 A,Symbole E100 5-15R,1,PAR LOGEMENT TYPE G — NON MULTIPLIÉ,MODELE NON PRECISE,Protection AFCI/DDFT selon prescriptions E100; aucun disjoncteur supplémentaire compté au plan type.,Logement type G,6785.93,884.9,1,,15,,
E206,E206-0046,Prise double 15 A,Symbole E100 5-15R,1,PAR LOGEMENT TYPE G — NON MULTIPLIÉ,MODELE NON PRECISE,Protection AFCI/DDFT selon prescriptions E100; aucun disjoncteur supplémentaire compté au plan type.,Logement type G,7333.36,866.17,1,,15,,
E206,E206-0047,Prise double 15 A,Symbole E100 5-15R,1,PAR LOGEMENT TYPE G — NON MULTIPLIÉ,MODELE NON PRECISE,Protection AFCI/DDFT selon prescriptions E100; aucun disjoncteur supplémentaire compté au plan type.,Logement type G,7722.41,908.35,1,,15,,
E206,E206-0048,Prise double 15 A,Symbole E100 5-15R,1,PAR LOGEMENT TYPE F inversé — NON MULTIPLIÉ,MODELE NON PRECISE,Protection AFCI/DDFT selon prescriptions E100; aucun disjoncteur supplémentaire compté au plan type.,Logement type F inversé,2663.19,1021.8,1,,15,,
E206,E206-0049,Prise comptoir 20 A,"Symbole E100 5-20R, au-dessus du comptoir",1,PAR LOGEMENT TYPE F inversé — NON MULTIPLIÉ,MODELE NON PRECISE,DDFT selon proximité de l’évier et prescriptions E100.,Logement type F inversé,2985.64,1016.17,1,,20,,
E206,E206-0050,Prise comptoir 20 A,"Symbole E100 5-20R, au-dessus du comptoir",1,PAR LOGEMENT TYPE F inversé — NON MULTIPLIÉ,MODELE NON PRECISE,DDFT selon proximité de l’évier et prescriptions E100.,Logement type F inversé,3332.5,1008.64,1,,20,,
E206,E206-0051,Prise double 15 A,Symbole E100 5-15R,1,PAR LOGEMENT TYPE G — NON MULTIPLIÉ,MODELE NON PRECISE,Protection AFCI/DDFT selon prescriptions E100; aucun disjoncteur supplémentaire compté au plan type.,Logement type G,7726.18,1116.46,1,,15,,
E206,E206-0052,Prise comptoir DDFT 20 A,"Symbole E100 5-20R, au-dessus du comptoir",1,PAR LOGEMENT TYPE G — NON MULTIPLIÉ,MODELE NON PRECISE,Protection DDFT selon symbole et prescriptions E100.,Logement type G,6216.91,1341.44,1,,20,,DDFT selon symbole E100; ne vaut pas disjoncteur ajouté
E206,E206-0053,Prise comptoir DDFT 20 A,Symbole E100 5-20R avec DDFT; au-dessus du comptoir selon traverse du symbole E100,1,PAR LOGEMENT TYPE G — NON MULTIPLIÉ,MODELE NON PRECISE,Protection suivant E100; circuit numéroté distinct du calibre.,Logement type G,6741.89,1360.17,1,,20,,DDFT selon symbole E100; ne vaut pas disjoncteur ajouté
E206,E206-0054,Prise comptoir DDFT 20 A,Symbole E100 5-20R avec DDFT; au-dessus du comptoir selon traverse du symbole E100,1,PAR LOGEMENT TYPE G — NON MULTIPLIÉ,MODELE NON PRECISE,Protection suivant E100; circuit numéroté distinct du calibre.,Logement type G,7492.76,1295.49,1,,20,,DDFT selon symbole E100; ne vaut pas disjoncteur ajouté
E206,E206-0055,Prise comptoir DDFT 20 A,"Symbole E100 5-20R, au-dessus du comptoir",1,PAR LOGEMENT TYPE F inversé — NON MULTIPLIÉ,MODELE NON PRECISE,Protection DDFT selon symbole et prescriptions E100.,Logement type F inversé,2742.89,1482.05,1,,20,,DDFT selon symbole E100; ne vaut pas disjoncteur ajouté
E206,E206-0056,Prise comptoir DDFT 20 A,Symbole E100 5-20R avec DDFT; au-dessus du comptoir selon traverse du symbole E100,1,PAR LOGEMENT TYPE F inversé — NON MULTIPLIÉ,MODELE NON PRECISE,Protection suivant E100; circuit numéroté distinct du calibre.,Logement type F inversé,3385.94,1482.05,1,,20,,DDFT selon symbole E100; ne vaut pas disjoncteur ajouté
E206,E206-0057,Prise double 15 A,Symbole E100 5-15R,1,PAR LOGEMENT TYPE G — NON MULTIPLIÉ,MODELE NON PRECISE,Protection AFCI/DDFT selon prescriptions E100; aucun disjoncteur supplémentaire compté au plan type.,Logement type G,6673.44,1417.37,1,,15,,
E206,E206-0058,Prise double 15 A,Symbole E100 5-15R,1,PAR LOGEMENT TYPE G — NON MULTIPLIÉ,MODELE NON PRECISE,Protection AFCI/DDFT selon prescriptions E100; aucun disjoncteur supplémentaire compté au plan type.,Logement type G,7650.25,1422.99,1,,15,,
E206,E206-0059,Prise double 15 A,Symbole E100 5-15R,1,PAR LOGEMENT TYPE G — NON MULTIPLIÉ,MODELE NON PRECISE,Protection AFCI/DDFT selon prescriptions E100; aucun disjoncteur supplémentaire compté au plan type.,Logement type G,7708.35,1422.99,1,,15,,
E206,E206-0060,Prise double 15 A,Symbole E100 5-15R,1,PAR LOGEMENT TYPE F inversé — NON MULTIPLIÉ,MODELE NON PRECISE,Protection AFCI/DDFT selon prescriptions E100; aucun disjoncteur supplémentaire compté au plan type.,Logement type F inversé,3133.79,1541.11,1,,15,,
E206,E206-0061,Prise double 15 A,Symbole E100 5-15R,1,PAR LOGEMENT TYPE F inversé — NON MULTIPLIÉ,MODELE NON PRECISE,Protection AFCI/DDFT selon prescriptions E100; aucun disjoncteur supplémentaire compté au plan type.,Logement type F inversé,3812.44,1563.61,1,,15,,
E206,E206-0062,Prise double 15 A,Symbole E100 5-15R,1,PAR LOGEMENT TYPE F inversé — NON MULTIPLIÉ,MODELE NON PRECISE,Protection AFCI/DDFT selon prescriptions E100; aucun disjoncteur supplémentaire compté au plan type.,Logement type F inversé,3866.83,1556.12,1,,15,,
E206,E206-0063,Prise double 15 A,Symbole E100 5-15R,1,PAR LOGEMENT TYPE F inversé — NON MULTIPLIÉ,MODELE NON PRECISE,Protection AFCI/DDFT selon prescriptions E100; aucun disjoncteur supplémentaire compté au plan type.,Logement type F inversé,3928.7,1557.98,1,,15,,
E206,E206-0064,Prise double 15 A,Symbole E100 5-15R,1,PAR LOGEMENT TYPE F inversé — NON MULTIPLIÉ,MODELE NON PRECISE,Protection AFCI/DDFT selon prescriptions E100; aucun disjoncteur supplémentaire compté au plan type.,Logement type F inversé,1864.51,1711.7,1,,15,,
E206,E206-0065,Prise comptoir DDFT 20 A,Symbole E100 5-20R avec DDFT; au-dessus du comptoir selon traverse du symbole E100,1,PAR LOGEMENT TYPE F inversé — NON MULTIPLIÉ,MODELE NON PRECISE,Protection suivant E100; circuit numéroté distinct du calibre.,Logement type F inversé,1892.64,1644.2,1,,20,,DDFT selon symbole E100; ne vaut pas disjoncteur ajouté
E206,E206-0066,Prise double 15 A,Symbole E100 5-15R,1,PAR LOGEMENT TYPE F inversé — NON MULTIPLIÉ,MODELE NON PRECISE,Protection AFCI/DDFT selon prescriptions E100; aucun disjoncteur supplémentaire compté au plan type.,Logement type F inversé,3642.81,1722.05,1,,15,,
E206,E206-0067,Prise double 15 A,Symbole E100 5-15R,1,PAR LOGEMENT TYPE G — NON MULTIPLIÉ,MODELE NON PRECISE,Protection AFCI/DDFT selon prescriptions E100; aucun disjoncteur supplémentaire compté au plan type.,Logement type G,6216.91,1767.04,1,,15,,
E206,E206-0068,Prise double 15 A,Symbole E100 5-15R,1,PAR LOGEMENT TYPE F inversé — NON MULTIPLIÉ,MODELE NON PRECISE,Protection AFCI/DDFT selon prescriptions E100; aucun disjoncteur supplémentaire compté au plan type.,Logement type F inversé,4040.23,1877.62,1,,15,,
E206,E206-0069,Prise double 15 A,Symbole E100 5-15R,1,PAR LOGEMENT TYPE G — NON MULTIPLIÉ,MODELE NON PRECISE,Protection AFCI/DDFT selon prescriptions E100; aucun disjoncteur supplémentaire compté au plan type.,Logement type G,7030.6,1905.74,1,,15,,
E206,E206-0070,Prise double 15 A,Symbole E100 5-15R,1,PAR LOGEMENT TYPE G — NON MULTIPLIÉ,MODELE NON PRECISE,Protection AFCI/DDFT selon prescriptions E100; aucun disjoncteur supplémentaire compté au plan type.,Logement type G,7419.64,2084.83,1,,15,,
E206,E206-0071,Prise double 15 A,Symbole E100 5-15R,1,PAR LOGEMENT TYPE F inversé — NON MULTIPLIÉ,MODELE NON PRECISE,Protection AFCI/DDFT selon prescriptions E100; aucun disjoncteur supplémentaire compté au plan type.,Logement type F inversé,2115.76,2197.32,1,,15,,
E206,E206-0072,Prise double 15 A,Symbole E100 5-15R,1,PAR LOGEMENT TYPE F inversé — NON MULTIPLIÉ,MODELE NON PRECISE,Protection AFCI/DDFT selon prescriptions E100; aucun disjoncteur supplémentaire compté au plan type.,Logement type F inversé,3716.82,2262.9,1,,15,,
E206,E206-0073,Prise double 15 A,Symbole E100 5-15R,1,PAR LOGEMENT TYPE G — NON MULTIPLIÉ,MODELE NON PRECISE,Protection AFCI/DDFT selon prescriptions E100; aucun disjoncteur supplémentaire compté au plan type.,Logement type G,7726.18,2230.11,1,,15,,
E206,E206-0074,Prise double 15 A,Symbole E100 5-15R,1,PAR LOGEMENT TYPE F inversé — NON MULTIPLIÉ,MODELE NON PRECISE,Protection AFCI/DDFT selon prescriptions E100; aucun disjoncteur supplémentaire compté au plan type.,Logement type F inversé,2531.02,2353.84,1,,15,,
E206,E206-0075,Prise double 15 A,Symbole E100 5-15R,1,PAR LOGEMENT TYPE F inversé — NON MULTIPLIÉ,MODELE NON PRECISE,Protection AFCI/DDFT selon prescriptions E100; aucun disjoncteur supplémentaire compté au plan type.,Logement type F inversé,3335.32,2376.34,1,,15,,
E206,E206-0076,Prise double 15 A,Symbole E100 5-15R,1,PAR LOGEMENT TYPE F inversé — NON MULTIPLIÉ,MODELE NON PRECISE,Protection AFCI/DDFT selon prescriptions E100; aucun disjoncteur supplémentaire compté au plan type.,Logement type F inversé,4038.38,2440.07,1,,15,,
E206,E206-0077,Prise double 15 A,Symbole E100 5-15R,1,PAR LOGEMENT TYPE G — NON MULTIPLIÉ,MODELE NON PRECISE,Protection AFCI/DDFT selon prescriptions E100; aucun disjoncteur supplémentaire compté au plan type.,Logement type G,6959.34,2511.33,1,,15,,
E206,E206-0078,Prise double 15 A,Symbole E100 5-15R,1,PAR LOGEMENT TYPE F inversé — NON MULTIPLIÉ,MODELE NON PRECISE,Protection AFCI/DDFT selon prescriptions E100; aucun disjoncteur supplémentaire compté au plan type.,Logement type F inversé,2169.19,2541.31,1,,15,,
E206,E206-0079,Prise double 15 A,Symbole E100 5-15R,1,PAR LOGEMENT TYPE F inversé — NON MULTIPLIÉ,MODELE NON PRECISE,Protection AFCI/DDFT selon prescriptions E100; aucun disjoncteur supplémentaire compté au plan type.,Logement type F inversé,2472.91,2531.97,1,,15,,
E206,E206-0080,Prise double 15 A,Symbole E100 5-15R,1,PAR LOGEMENT TYPE G — NON MULTIPLIÉ,MODELE NON PRECISE,Protection AFCI/DDFT selon prescriptions E100; aucun disjoncteur supplémentaire compté au plan type.,Logement type G,7032.46,2591.93,1,,15,,
E206,E206-0081,Prise double 15 A,Symbole E100 5-15R,1,PAR LOGEMENT TYPE F inversé — NON MULTIPLIÉ,MODELE NON PRECISE,Protection AFCI/DDFT selon prescriptions E100; aucun disjoncteur supplémentaire compté au plan type.,Logement type F inversé,3335.32,2644.46,1,,15,,
E206,E206-0082,Prise double 15 A,Symbole E100 5-15R,1,PAR LOGEMENT TYPE F inversé — NON MULTIPLIÉ,MODELE NON PRECISE,Protection AFCI/DDFT selon prescriptions E100; aucun disjoncteur supplémentaire compté au plan type.,Logement type F inversé,3410.29,2704.42,1,,15,,
E206,E206-0083,Prise double 15 A,Symbole E100 5-15R,1,PAR LOGEMENT TYPE G — NON MULTIPLIÉ,MODELE NON PRECISE,Protection AFCI/DDFT selon prescriptions E100; aucun disjoncteur supplémentaire compté au plan type.,Logement type G,7733.66,2695.08,1,,15,,
E206,E206-0084,Prise double 15 A,Symbole E100 5-15R,1,PAR LOGEMENT TYPE F inversé — NON MULTIPLIÉ,MODELE NON PRECISE,Protection AFCI/DDFT selon prescriptions E100; aucun disjoncteur supplémentaire compté au plan type.,Logement type F inversé,1764.23,2923.77,1,,15,,
E206,E206-0085,Prise double 15 A,Symbole E100 5-15R,1,PAR LOGEMENT TYPE F inversé — NON MULTIPLIÉ,MODELE NON PRECISE,Protection AFCI/DDFT selon prescriptions E100; aucun disjoncteur supplémentaire compté au plan type.,Logement type F inversé,2538.5,2938.79,1,,15,,
E206,E206-0086,Prise double 15 A,Symbole E100 5-15R,1,PAR LOGEMENT TYPE F inversé — NON MULTIPLIÉ,MODELE NON PRECISE,Protection AFCI/DDFT selon prescriptions E100; aucun disjoncteur supplémentaire compté au plan type.,Logement type F inversé,4045.86,2905.04,1,,15,,
E206,E206-0087,Prise double 15 A,Symbole E100 5-15R,1,PAR LOGEMENT TYPE G — NON MULTIPLIÉ,MODELE NON PRECISE,Protection AFCI/DDFT selon prescriptions E100; aucun disjoncteur supplémentaire compté au plan type.,Logement type G,6287.21,2915.34,1,,15,,
E206,E206-0088,Prise balcon,"Prise extérieure, circuit 22",1,PAR LOGEMENT TYPE G — NON MULTIPLIÉ,MODELE NON PRECISE,Note E100 : DDFT et couvercle intempéries. Symbole au plan simplifié; confirmer variante 15/20 A au devis.,Logement type G,7639.0,3057.86,1,22,,,
E206,E206-0089,Prise double 15 A,Symbole E100 5-15R,1,PAR LOGEMENT TYPE F inversé — NON MULTIPLIÉ,MODELE NON PRECISE,Protection AFCI/DDFT selon prescriptions E100; aucun disjoncteur supplémentaire compté au plan type.,Logement type F inversé,2472.91,3197.52,1,,15,,
E206,E206-0090,Prise balcon,"Prise extérieure, circuit 22",1,PAR LOGEMENT TYPE F inversé — NON MULTIPLIÉ,MODELE NON PRECISE,Note E100 : DDFT et couvercle intempéries. Symbole au plan simplifié; confirmer variante 15/20 A au devis.,Logement type F inversé,3962.45,3211.58,1,22,,,
E206,E206-0091,Prise double 15 A,Symbole E100 5-15R,1,PAR LOGEMENT TYPE F inversé — NON MULTIPLIÉ,MODELE NON PRECISE,Protection AFCI/DDFT selon prescriptions E100; aucun disjoncteur supplémentaire compté au plan type.,Logement type F inversé,1764.23,3400.0,1,,15,,
E206,E206-0092,Thermostat ligne,T carré,1,PAR LOGEMENT TYPE G — NON MULTIPLIÉ,STELPRO (modèle non inscrit) / OUELLET série OTH/TH — E100,,Logement type G,7106.53,1504.72,1,,,,
E206,E206-0093,Thermostat ligne,T carré,1,PAR LOGEMENT TYPE F inversé — NON MULTIPLIÉ,STELPRO (modèle non inscrit) / OUELLET série OTH/TH — E100,,Logement type F inversé,2186.97,1510.34,1,,,,
E206,E206-0094,Thermostat ligne,T carré,1,PAR LOGEMENT TYPE F inversé — NON MULTIPLIÉ,STELPRO (modèle non inscrit) / OUELLET série OTH/TH — E100,,Logement type F inversé,3662.49,2262.17,1,,,,
E206,E206-0095,Thermostat ligne,T carré,1,PAR LOGEMENT TYPE F inversé — NON MULTIPLIÉ,STELPRO (modèle non inscrit) / OUELLET série OTH/TH — E100,,Logement type F inversé,2541.31,2305.31,1,,,,
E206,E206-0096,Thermostat ligne,T carré,1,PAR LOGEMENT TYPE F inversé — NON MULTIPLIÉ,STELPRO (modèle non inscrit) / OUELLET série OTH/TH — E100,,Logement type F inversé,2245.12,2440.29,1,,,,
E206,E206-0097,Thermostat ligne,T carré,1,PAR LOGEMENT TYPE G — NON MULTIPLIÉ,STELPRO (modèle non inscrit) / OUELLET série OTH/TH — E100,,Logement type G,6960.29,2654.02,1,,,,
E206,E206-0098,Sortie TV,TV,1,PAR LOGEMENT TYPE G — NON MULTIPLIÉ,MODELE NON PRECISE,RG58/U suivant E100; longueur non métrée.,Logement type G,6968.73,2436.36,1,,,,
E206,E206-0099,Sortie TV,TV,1,PAR LOGEMENT TYPE G — NON MULTIPLIÉ,MODELE NON PRECISE,RG58/U suivant E100; longueur non métrée.,Logement type G,7038.08,2526.35,1,,,,
E206,E206-0100,Sortie TV,TV,1,PAR LOGEMENT TYPE F inversé — NON MULTIPLIÉ,MODELE NON PRECISE,RG58/U suivant E100; longueur non métrée.,Logement type F inversé,3344.71,2576.97,1,,,,
E206,E206-0101,Sortie TV,TV,1,PAR LOGEMENT TYPE F inversé — NON MULTIPLIÉ,MODELE NON PRECISE,RG58/U suivant E100; longueur non métrée.,Logement type F inversé,3415.91,2640.69,1,,,,
E206,E206-0102,Sortie TV,TV,1,PAR LOGEMENT TYPE F inversé — NON MULTIPLIÉ,MODELE NON PRECISE,RG58/U suivant E100; longueur non métrée.,Logement type F inversé,2472.91,3133.79,1,,,,
E206,E206-0103,Gradateur,"Symbole S avec barre terminale — E108, indice 3, commande a",1,PAR LOGEMENT TYPE G — NON MULTIPLIÉ,MODELE NON PRECISE,Variante lue selon E108; calibre non inscrit. Indice reproduit sans validation de compatibilité ni sélection de mécanisme.,Logement type G,7210.58,860.55,1,,,,
E206,E206-0104,Interrupteur simple,Symbole S sans barre terminale,1,PAR LOGEMENT TYPE G — NON MULTIPLIÉ,MODELE NON PRECISE,Variante lue selon E108; calibre non inscrit.,Logement type G,7431.79,1001.16,1,,,,
E206,E206-0105,Gradateur,"Symbole S avec barre terminale — E108, indice 4, commande a",1,PAR LOGEMENT TYPE F inversé — NON MULTIPLIÉ,MODELE NON PRECISE,Variante lue selon E108; calibre non inscrit. Indice reproduit sans validation de compatibilité ni sélection de mécanisme.,Logement type F inversé,3755.3,1194.25,1,,,,
E206,E206-0106,Gradateur,"Symbole S avec barre terminale — E108, indice 3, commande d",1,PAR LOGEMENT TYPE G — NON MULTIPLIÉ,MODELE NON PRECISE,Variante lue selon E108; calibre non inscrit. Indice reproduit sans validation de compatibilité ni sélection de mécanisme.,Logement type G,7021.21,1327.38,1,,,,
E206,E206-0107,Gradateur,"Symbole S avec barre terminale — E108, commande d",1,PAR LOGEMENT TYPE F inversé — NON MULTIPLIÉ,MODELE NON PRECISE,Variante lue selon E108; calibre non inscrit.,Logement type F inversé,2555.37,1505.5,1,,,,
E206,E206-0108,Gradateur,"Symbole S avec barre terminale — E108, commande f",1,PAR LOGEMENT TYPE F inversé — NON MULTIPLIÉ,MODELE NON PRECISE,Variante lue selon E108; calibre non inscrit.,Logement type F inversé,2262.9,1520.47,1,,,,
E206,E206-0109,Gradateur,"Symbole S avec barre terminale — E108, commande e",1,PAR LOGEMENT TYPE G — NON MULTIPLIÉ,MODELE NON PRECISE,Variante lue selon E108; calibre non inscrit.,Logement type G,7098.09,1582.33,1,,,,
E206,E206-0110,Interrupteur simple,Symbole S sans barre terminale,1,PAR LOGEMENT TYPE F inversé — NON MULTIPLIÉ,MODELE NON PRECISE,Variante lue selon E108; calibre non inscrit.,Logement type F inversé,3704.68,1796.06,1,,,,
E206,E206-0111,Gradateur,"Symbole S avec barre terminale — E108, indice 3, commande a",1,PAR LOGEMENT TYPE G — NON MULTIPLIÉ,MODELE NON PRECISE,Variante lue selon E108; calibre non inscrit. Indice reproduit sans validation de compatibilité ni sélection de mécanisme.,Logement type G,7021.21,2058.56,1,,,,
E206,E206-0112,Gradateur,"Symbole S avec barre terminale — E108, commande c",1,PAR LOGEMENT TYPE G — NON MULTIPLIÉ,MODELE NON PRECISE,Variante lue selon E108; calibre non inscrit.,Logement type G,7021.21,2021.04,1,,,,
E206,E206-0113,Gradateur,"Symbole S avec barre terminale — E108, commande b",1,PAR LOGEMENT TYPE G — NON MULTIPLIÉ,MODELE NON PRECISE,Variante lue selon E108; calibre non inscrit.,Logement type G,7038.08,1987.3,1,,,,
E206,E206-0114,Gradateur,"Symbole S avec barre terminale — E108, indice 4, commande a",1,PAR LOGEMENT TYPE F inversé — NON MULTIPLIÉ,MODELE NON PRECISE,Variante lue selon E108; calibre non inscrit. Indice reproduit sans validation de compatibilité ni sélection de mécanisme.,Logement type F inversé,3625.93,2182.3,1,,,,
E206,E206-0115,Gradateur,"Symbole S avec barre terminale — E108, commande g",1,PAR LOGEMENT TYPE F inversé — NON MULTIPLIÉ,MODELE NON PRECISE,Variante lue selon E108; calibre non inscrit.,Logement type F inversé,2214.19,2204.8,1,,,,
E206,E206-0116,Gradateur,Symbole S avec barre terminale — E108,1,PAR LOGEMENT TYPE F inversé — NON MULTIPLIÉ,MODELE NON PRECISE,Variante lue selon E108; calibre non inscrit.,Logement type F inversé,2236.69,2289.16,1,,,,
E206,E206-0117,Gradateur,"Symbole S avec barre terminale — E108, indice 4, commande a",1,PAR LOGEMENT TYPE F inversé — NON MULTIPLIÉ,MODELE NON PRECISE,Variante lue selon E108; calibre non inscrit. Indice reproduit sans validation de compatibilité ni sélection de mécanisme.,Logement type F inversé,2255.42,2204.8,1,,,,
E206,E206-0118,Gradateur,"Symbole S avec barre terminale — E108, commande b",1,PAR LOGEMENT TYPE F inversé — NON MULTIPLIÉ,MODELE NON PRECISE,Variante lue selon E108; calibre non inscrit.,Logement type F inversé,2549.75,2231.06,1,,,,
E206,E206-0119,Gradateur,Symbole S avec barre terminale — E108,1,PAR LOGEMENT TYPE F inversé — NON MULTIPLIÉ,MODELE NON PRECISE,Variante lue selon E108; calibre non inscrit.,Logement type F inversé,3610.92,2255.42,1,,,,
E206,E206-0120,Interrupteur simple,Symbole S sans barre terminale,1,PAR LOGEMENT TYPE F inversé — NON MULTIPLIÉ,MODELE NON PRECISE,Variante lue selon E108; calibre non inscrit.,Logement type F inversé,2094.16,2591.03,1,,,,
E206,E206-0121,Interrupteur simple,Symbole S sans barre terminale,1,PAR LOGEMENT TYPE G — NON MULTIPLIÉ,MODELE NON PRECISE,Variante lue selon E108; calibre non inscrit.,Logement type G,7714.93,2883.5,1,,,,
E206,E206-0122,Interrupteur simple,Symbole S sans barre terminale,1,PAR LOGEMENT TYPE F inversé — NON MULTIPLIÉ,MODELE NON PRECISE,Variante lue selon E108; calibre non inscrit.,Logement type F inversé,4028.98,3029.74,1,,,,
E206,E206-0123,Sortie téléphone,Triangle plein,1,PAR LOGEMENT TYPE F inversé — NON MULTIPLIÉ,MODELE NON PRECISE,CAT 5e suivant E100; longueur non métrée.,Logement type F inversé,1909.51,1721.09,1,,,,
E206,E206-0124,Sortie téléphone,Triangle plein,1,PAR LOGEMENT TYPE G — NON MULTIPLIÉ,MODELE NON PRECISE,CAT 5e suivant E100; longueur non métrée.,Logement type G,7722.41,2730.68,1,,,,
E206,E206-0125,Sortie téléphone,Triangle plein,1,PAR LOGEMENT TYPE F inversé — NON MULTIPLIÉ,MODELE NON PRECISE,CAT 5e suivant E100; longueur non métrée.,Logement type F inversé,4034.61,2940.65,1,,,,
E206,E206-0126,Sortie téléphone,Triangle plein,1,PAR LOGEMENT TYPE F inversé — NON MULTIPLIÉ,MODELE NON PRECISE,CAT 5e suivant E100; longueur non métrée.,Logement type F inversé,1767.94,3456.24,1,,,,
E206,E206-0127,Suspension repas,Suspension salle à manger,1,PAR LOGEMENT TYPE F inversé — NON MULTIPLIÉ,ARTIKA PRO PDT-DEC-BLJ — E108,,Logement type F inversé,2941.6,2024.81,1,,,,
E206,E206-0128,Suspension repas,Suspension salle à manger,1,PAR LOGEMENT TYPE G — NON MULTIPLIÉ,ARTIKA PRO PDT-DEC-BLJ — E108,,Logement type G,6569.39,1839.2,1,,,,
E206,E206-0129,Prise sécheuse,"30 A, 125/250 V, circuit 11-13",1,PAR LOGEMENT TYPE F inversé — NON MULTIPLIÉ,Configuration 14-30R — E100,,Logement type F inversé,3993.38,1563.61,1,11-13,30,,
E206,E206-0130,Prise sécheuse,"30 A, 125/250 V, circuit 11-13",1,PAR LOGEMENT TYPE G — NON MULTIPLIÉ,Configuration 14-30R — E100,,Logement type G,7581.8,1422.99,1,11-13,30,,
E206,E206-0131,Prise cuisinière,"50 A, 125/250 V, circuit 1-3",1,PAR LOGEMENT TYPE F inversé — NON MULTIPLIÉ,Configuration 14-50R — E100,,Logement type F inversé,3155.33,1018.03,1,1-3,50,,
E206,E206-0132,Prise cuisinière,"50 A, 125/250 V, circuit 1-3",1,PAR LOGEMENT TYPE G — NON MULTIPLIÉ,Configuration 14-50R — E100,,Logement type G,6440.03,888.67,1,1-3,50,,
E206,E206-0133,Moteur hotte,"Symbole moteur monophasé, circuit 14",1,PAR LOGEMENT TYPE F inversé — NON MULTIPLIÉ,MODELE NON PRECISE,Fourniture mécanique; raccordement seulement.,Logement type F inversé,3162.81,1106.17,1,14,,,
E206,E206-0134,Moteur hotte,"Symbole moteur monophasé, circuit 14",1,PAR LOGEMENT TYPE G — NON MULTIPLIÉ,MODELE NON PRECISE,Fourniture mécanique; raccordement seulement.,Logement type G,6447.51,984.28,1,14,,,
E206,E206-0135,Gradateur,"Symbole S avec barre terminale — E108, commande e",1,PAR LOGEMENT TYPE F inversé — NON MULTIPLIÉ,MODELE NON PRECISE,Variante lue selon E108; calibre non inscrit.,Logement type F inversé,2221.67,1518.61,1,,,,
E206,E206-0136,Gradateur,"Symbole S avec barre terminale — E108, commande f",1,PAR LOGEMENT TYPE G — NON MULTIPLIÉ,MODELE NON PRECISE,Variante lue selon E108; calibre non inscrit.,Logement type G,7103.72,1546.73,1,,,,
E206,E206-0137,Gradateur,"Symbole S avec barre terminale — E108, commande c",1,PAR LOGEMENT TYPE F inversé — NON MULTIPLIÉ,MODELE NON PRECISE,Variante lue selon E108; calibre non inscrit.,Logement type F inversé,2536.64,2266.67,1,,,,
E206,E206-0138,Plinthe 750 W,Puissance inscrite,1,PAR LOGEMENT TYPE G — NON MULTIPLIÉ,STELPRO B / OUELLET OFM (logement); STELPRO SPDH / OUELLET OPPM (porte-patio) — E100, Série selon variante de plinthe au dessin; alternatives conservées sans choix de marque.,Logement type G,6203.8,2064.18,1,,,,
E206,E206-0139,Plinthe 1500 W,Puissance inscrite,1,PAR LOGEMENT TYPE F inversé — NON MULTIPLIÉ,STELPRO B / OUELLET OFM (logement); STELPRO SPDH / OUELLET OPPM (porte-patio) — E100, Série selon variante de plinthe au dessin; alternatives conservées sans choix de marque.,Logement type F inversé,2131.68,3543.42,1,,,,
E206,E206-0140,Plinthe 1500 W,Puissance inscrite,1,PAR LOGEMENT TYPE F inversé — NON MULTIPLIÉ,STELPRO B / OUELLET OFM (logement); STELPRO SPDH / OUELLET OPPM (porte-patio) — E100, Série selon variante de plinthe au dessin; alternatives conservées sans choix de marque.,Logement type F inversé,3723.41,3048.47,1,,,,
E206,E206-0141,Plinthe 1500 W,Puissance inscrite,1,PAR LOGEMENT TYPE G — NON MULTIPLIÉ,STELPRO B / OUELLET OFM (logement); STELPRO SPDH / OUELLET OPPM (porte-patio) — E100, Série selon variante de plinthe au dessin; alternatives conservées sans choix de marque.,Logement type G,7480.56,2924.73,1,,,,
E206,E206-0142,Plinthe 1000 W,Puissance inscrite,1,PAR LOGEMENT TYPE F inversé — NON MULTIPLIÉ,STELPRO B / OUELLET OFM (logement); STELPRO SPDH / OUELLET OPPM (porte-patio) — E100, Série selon variante de plinthe au dessin; alternatives conservées sans choix de marque.,Logement type F inversé,2682.88,3042.84,1,,,,
E206,E206-0143,Plinthe 1000 W,Puissance inscrite,1,PAR LOGEMENT TYPE F inversé — NON MULTIPLIÉ,STELPRO B / OUELLET OFM (logement); STELPRO SPDH / OUELLET OPPM (porte-patio) — E100, Série selon variante de plinthe au dessin; alternatives conservées sans choix de marque.,Logement type F inversé,3340.94,2896.61,1,,,,
E206,E206-0144,Plinthe 1000 W,Puissance inscrite,1,PAR LOGEMENT TYPE G — NON MULTIPLIÉ,STELPRO B / OUELLET OFM (logement); STELPRO SPDH / OUELLET OPPM (porte-patio) — E100, Série selon variante de plinthe au dessin; alternatives conservées sans choix de marque.,Logement type G,6485.02,2919.1,1,,,,
E206,E206-0145,Convecteur 1000 W,"Salle de bain, 1 kW inscrit",1,PAR LOGEMENT TYPE F inversé — NON MULTIPLIÉ,STELPRO série MIR / OUELLET série ONC — E100,,Logement type F inversé,1754.84,1428.62,1,,,,
E206,E206-0146,Convecteur 1000 W,"Salle de bain, 1 kW inscrit",1,PAR LOGEMENT TYPE G — NON MULTIPLIÉ,STELPRO série MIR / OUELLET série ONC — E100,,Logement type G,7294.95,1844.83,1,,,,
E206,E206-0147,Évaporateur,Renvoi au condenseur au toit,1,PAR LOGEMENT TYPE F inversé — NON MULTIPLIÉ,MODELE NON PRECISE,Fourniture mécanique; non additionnable au condenseur E202.,Logement type F inversé,2531.02,2457.9,1,,,,
E206,E206-0148,Évaporateur,Renvoi au condenseur au toit,1,PAR LOGEMENT TYPE G — NON MULTIPLIÉ,MODELE NON PRECISE,Fourniture mécanique; non additionnable au condenseur E202.,Logement type G,7722.41,2474.77,1,,,,
E206,E206-0149,Relais chauffage,R,1,PAR LOGEMENT TYPE F inversé — NON MULTIPLIÉ,STELPRO série RE306 — E100,,Logement type F inversé,2592.88,2311.66,1,,,,
E206,E206-0150,Relais chauffage,R,1,PAR LOGEMENT TYPE G — NON MULTIPLIÉ,STELPRO série RE306 — E100,,Logement type G,6957.48,2694.13,1,,,,
E206,E206-0151,Klaxon stroboscope 185 cd,185 CD inscrit,1,PAR LOGEMENT TYPE F inversé — NON MULTIPLIÉ,MIRCOM FHS-400-RR — E100,Un ensemble par symbole; non additionnable au schéma incendie.,Logement type F inversé,3408.43,2519.77,1,,,,
E206,E206-0152,Klaxon stroboscope 185 cd,185 CD inscrit,1,PAR LOGEMENT TYPE G — NON MULTIPLIÉ,MIRCOM FHS-400-RR — E100,Un ensemble par symbole; non additionnable au schéma incendie.,Logement type G,7030.6,2351.03,1,,,,
E206,E206-0153,Klaxon stroboscope 15 cd,15 CD inscrit,1,PAR LOGEMENT TYPE F inversé — NON MULTIPLIÉ,MIRCOM FHS-400-RR — E100,Un ensemble par symbole.,Logement type F inversé,3340.94,2289.16,1,,,,
E206,E206-0154,Klaxon stroboscope 15 cd,15 CD inscrit,1,PAR LOGEMENT TYPE G — NON MULTIPLIÉ,MIRCOM FHS-400-RR — E100,Un ensemble par symbole.,Logement type G,7030.6,1951.69,1,,,,
E206,E206-0155,Boîte de jonction vanité,"Carré à diagonales, circuit 12 f",1,PAR LOGEMENT TYPE F inversé — NON MULTIPLIÉ,MODELE NON PRECISE,Symbole E100; modèle appareil vanité non précisé E108.,Logement type F inversé,1991.07,1642.35,1,12,,,
E206,E206-0156,Boîte de jonction vanité,"Carré à diagonales, circuit 12 f",1,PAR LOGEMENT TYPE G — NON MULTIPLIÉ,MODELE NON PRECISE,Symbole E100; modèle appareil vanité non précisé E108.,Logement type G,7379.32,1293.63,1,12,,,
E206,E206-0157,Panneau logement,PL,1,PAR LOGEMENT TYPE F inversé — NON MULTIPLIÉ,MODELE NON PRECISE,Instance par logement type; non cumulable avec E104/E400.,Logement type F inversé,3757.15,2047.31,1,,,,
E206,E206-0158,Panneau logement,PL,1,PAR LOGEMENT TYPE G — NON MULTIPLIÉ,MODELE NON PRECISE,Instance par logement type; non cumulable avec E104/E400.,Logement type G,7542.43,860.55,1,,,,
E206,E206-0159,Symbole P à clarifier,"P dans carré avec triangle plein, mur chambre principale",1,PAR LOGEMENT TYPE F inversé — NON MULTIPLIÉ,MODELE NON PRECISE,"Fonction non identifiée dans la légende E100 consultée. Ne pas assimiler au panneau PL représenté à l’entrée, ni au klaxon K. Symbole source conservé sans modèle ni affectation inventés.",Logement type F inversé,2474.77,2587.26,1,,,,
E206,E206-0160,Poste intercom,IC,1,PAR LOGEMENT TYPE F inversé — NON MULTIPLIÉ,MODELE NON PRECISE,,Logement type F inversé,3813.4,1192.39,1,,,,
E206,E206-0161,Poste intercom,IC,1,PAR LOGEMENT TYPE G — NON MULTIPLIÉ,MODELE NON PRECISE,,Logement type G,7272.45,866.17,1,,,,
E206,E206-0162,Boîtier télécom BELL,BELL,1,PAR LOGEMENT TYPE F inversé — NON MULTIPLIÉ,MODELE NON PRECISE,Équipements internes non déduits.,Logement type F inversé,3976.51,2041.69,1,,,,
E206,E206-0163,Boîtier télécom BELL,BELL,1,PAR LOGEMENT TYPE G — NON MULTIPLIÉ,MODELE NON PRECISE,Équipements internes non déduits.,Logement type G,7390.57,956.16,1,,,,
E206,E206-0164,Luminaire L,Applique extérieure logement L — E108,1,PAR LOGEMENT TYPE F inversé — NON MULTIPLIÉ,ACUITY OLLWDLEDP140K 120DDB — E108,,Logement type F inversé,3897.76,3222.83,1,,,,
E206,E206-0165,Luminaire L,Applique extérieure logement L — E108,1,PAR LOGEMENT TYPE G — NON MULTIPLIÉ,ACUITY OLLWDLEDP140K 120DDB — E108,,Logement type G,7576.17,3070.97,1,,,,
E206,E206-0166,Renvoi condenseur,1 — CONDENSEUR NIVEAU TOIT,1,PAR LOGEMENT TYPE F inversé — NON MULTIPLIÉ,MODELE NON PRECISE,Référence de note; aucune quantité physique ajoutée à E202.,Logement type F inversé,1996.69,686.19,1,,,,
E206,E206-0167,Renvoi condenseur,1 — CONDENSEUR NIVEAU TOIT,1,PAR LOGEMENT TYPE G — NON MULTIPLIÉ,MODELE NON PRECISE,Référence de note; aucune quantité physique ajoutée à E202.,Logement type G,6299.42,697.44,1,,,,
E300,E300-0001,Socle transformateur,"Socle préfabriqué TSS, 1900 × 1900 mm",1,Instance au plan,MODELE NON PRECISE,"Une seule installation représentée aux vues 1, 2 et 3. Référence 03-3120 en E301, non additionnable.",TSS,5067.66,1186.77,1,,,,
E300,E300-0002,Groupe électrogène,Groupe sur dalle béton,1,Instance au plan,MODELE NON PRECISE,Instance du groupe des schémas : ne pas additionner E102/E107. Dalle par entrepreneur général; puissance non indiquée sur E300.,Génératrice,3391.56,3115.96,1,,,,
E300,E300-0003,Poteau H.Q. neuf,NOUV. POTEAU H.Q.,1,Instance au plan,MODELE NON PRECISE,Ne pas compter les poteaux existants ni les renvois LAS comme poteaux neufs supplémentaires. Fourniture/portée à coordonner avec H.Q.,Réseau,8917.61,984.28,1,,,,
E300,E300-0004,Conduits MT,4 conduits PVC DB2 75 mm — poteau vers TSS,4,"4 conduits dans un massif, longueur source approximative 20 m",MODELE NON PRECISE,20 m lu au tableau de mandrinage; longueur réelle vide. Ne pas additionner la coupe 4 conduits.,MT,7649.29,1479.24,1,,,,
E300,E300-0005,Conduits BT,6 conduits PVC DB2 100 mm — TSS vers cabinet,6,"6 conduits dans un massif, longueur source approximative 15 m",MODELE NON PRECISE,"Conduits : environ 15 m au tableau, longueur réelle vide. Câbles BT : note de test pour plus de 15 m et dépassement 2 m du socle (N6); grandeurs distinctes, aucune incompatibilité démontrée. Massif : divergence E300/E301, voir coupe 6.",BT,7536.8,1085.52,1,,,,
E300,E300-0006,Conduits télécom,2 nouveaux conduits 75 mm,2,2 conduits — longueur non cotée,MODELE NON PRECISE,"Longueur non déduite de l’échelle. Groupe ancré au symbole TC, couvre ensemble TC/TV; coupe non additionnable.",Télécom,8093.63,579.32,1,,,,
E300,E300-0007,Ceinture équipotentielle,"Ceinture continue, soudures aluminothermiques",1,Instance au plan,MODELE NON PRECISE,"Prescriptions N1/N2 : à 1 m du socle, profondeur 300 mm; longueur non métrée. Même ensemble que E301.",TSS,4595.2,1434.24,1,,,,
E300,E300-0008,Tige de terre H.Q.,"Tige installée par H.Q., repère détaillé",1,Fourniture H.Q. — distinct des piquets du socle,MODELE NON PRECISE,Repère dans le détail de liaison aérienne; dimensions non indiquées localement.,Poteau H.Q.,8560.46,1850.45,1,,,,
E300,E300-0009,Bollard TSS,"Bollard de protection, renvoi A3",1,Instance au plan,MODELE NON PRECISE,Sept positions distinctes vues dans le détail 3; ne pas ajouter leurs reprises dans les autres vues. Détail E301 03-3425.,TSS,5081.15,701.93,1,,,,
E300,E300-0010,Bollard TSS,"Bollard de protection, renvoi A3",1,Instance au plan,MODELE NON PRECISE,Sept positions distinctes vues dans le détail 3; ne pas ajouter leurs reprises dans les autres vues. Détail E301 03-3425.,TSS,4789.24,979.22,1,,,,
E300,E300-0011,Bollard TSS,"Bollard de protection, renvoi A3",1,Instance au plan,MODELE NON PRECISE,Sept positions distinctes vues dans le détail 3; ne pas ajouter leurs reprises dans les autres vues. Détail E301 03-3425.,TSS,4499.58,1251.45,1,,,,
E300,E300-0012,Bollard TSS,"Bollard de protection, renvoi A3",1,Instance au plan,MODELE NON PRECISE,Sept positions distinctes vues dans le détail 3; ne pas ajouter leurs reprises dans les autres vues. Détail E301 03-3425.,TSS,4776.31,1542.23,1,,,,
E300,E300-0013,Bollard TSS,"Bollard de protection, renvoi A3",1,Instance au plan,MODELE NON PRECISE,Sept positions distinctes vues dans le détail 3; ne pas ajouter leurs reprises dans les autres vues. Détail E301 03-3425.,TSS,5051.34,1832.46,1,,,,
E300,E300-0014,Bollard TSS,"Bollard de protection, renvoi A3",1,Instance au plan,MODELE NON PRECISE,Sept positions distinctes vues dans le détail 3; ne pas ajouter leurs reprises dans les autres vues. Détail E301 03-3425.,TSS,5339.32,1564.17,1,,,,
E300,E300-0015,Bollard TSS,"Bollard de protection, renvoi A3",1,Instance au plan,MODELE NON PRECISE,Sept positions distinctes vues dans le détail 3; ne pas ajouter leurs reprises dans les autres vues. Détail E301 03-3425.,TSS,5631.23,1289.13,1,,,,
E300,E300-0016,Bollard génératrice,Bollard pointé au plan d’implantation,1,Instance au plan,MODELE NON PRECISE,Trois cercles pointés visibles; détail de fondation et répartition contractuelle à coordonner.,Génératrice,3458.0,3139.0,1,,,,
E300,E300-0017,Bollard génératrice,Bollard pointé au plan d’implantation,1,Instance au plan,MODELE NON PRECISE,Trois cercles pointés visibles; détail de fondation et répartition contractuelle à coordonner.,Génératrice,3433.0,3164.0,1,,,,
E300,E300-0018,Bollard génératrice,Bollard pointé au plan d’implantation,1,Instance au plan,MODELE NON PRECISE,Trois cercles pointés visibles; détail de fondation et répartition contractuelle à coordonner.,Génératrice,3402.81,3189.08,1,,,,
E300,E300-0019,Piquet de terre TSS,Point de la ceinture; 19 × 3000 mm suivant E301,1,Instance au plan,MODELE NON PRECISE,"Quatre points de ceinture au détail 3, confirmés par 03-3610; une seule série, non cumulable avec E301.",TSS,5087.34,633.88,1,,,,
E300,E300-0020,Piquet de terre TSS,Point de la ceinture; 19 × 3000 mm suivant E301,1,Instance au plan,MODELE NON PRECISE,"Quatre points de ceinture au détail 3, confirmés par 03-3610; une seule série, non cumulable avec E301.",TSS,4429.28,1254.26,1,,,,
E300,E300-0021,Piquet de terre TSS,Point de la ceinture; 19 × 3000 mm suivant E301,1,Instance au plan,MODELE NON PRECISE,"Quatre points de ceinture au détail 3, confirmés par 03-3610; une seule série, non cumulable avec E301.",TSS,5703.22,1288.01,1,,,,
E300,E300-0022,Piquet de terre TSS,Point de la ceinture; 19 × 3000 mm suivant E301,1,Instance au plan,MODELE NON PRECISE,"Quatre points de ceinture au détail 3, confirmés par 03-3610; une seule série, non cumulable avec E301.",TSS,5047.41,1905.01,1,,,,
E300,E300-0023,Coupe type 6 conduits,"6 conduits de 100 mm, massif 550 × 405 mm",1,Référence dimensionnelle — NON ADDITIONNABLE,MODELE NON PRECISE,"Dimensions lues; recouvrement 750 mm min., ruban, sable et armature prescrits. Aucun volume ni longueur calculé. Divergence : E300 indique 550 × 405 mm pour 6 × 100 mm; tableau armé 01-1120 B E301 indique 625 × 455 mm. 550 × 405 mm correspond à 6 × 75 mm dans ce tableau. Clarification technique requise.",Renvoi aux conduits déjà relevés,6074.44,4780.81,1,,,,
E300,E300-0024,Coupe type 4 conduits,"4 conduits de 75 mm, massif 415 × 405 mm",1,Référence dimensionnelle — NON ADDITIONNABLE,MODELE NON PRECISE,"Dimensions lues; recouvrement 750 mm min., ruban, sable et armature prescrits. Aucun volume ni longueur calculé.",Renvoi aux conduits déjà relevés,5995.69,6355.66,1,,,,
E300,E300-0025,Coupe type 2 conduits,"2 conduits de 75 mm, massif 285 × 405 mm",1,Référence dimensionnelle — NON ADDITIONNABLE,MODELE NON PRECISE,"Dimensions lues; recouvrement 750 mm min., ruban, sable et armature prescrits. Aucun volume ni longueur calculé.",Renvoi aux conduits déjà relevés,8093.63,6355.66,1,,,,
E301,E301-0001,Canalisation non armée,01-1110 rév. B — configurations générales; conduits bétonnés,1,1 référence documentaire — NON ADDITIONNABLE,MODELE NON PRECISE,Diamètres intérieurs 50/75/100/115 mm; recouvrement 750 mm min. Tableau de variantes : aucune variante comptée comme installation.,Détail H.Q. — pas un appareil supplémentaire,1406.12,2688.5,1,,,,
E301,E301-0002,Canalisation armée,01-1120 rév. B — configurations générales; conduits bétonnés armés,1,1 référence documentaire — NON ADDITIONNABLE,MODELE NON PRECISE,"Armature 15M, acier 400 MPa; cales 3000 mm. Divergence : 6 conduits 100 mm (3 × 2) = 625 × 455 mm ici, contre 550 × 405 mm E300. Cette dernière dimension correspond à 75 mm dans ce tableau. Clarification technique requise, sans arbitrage.",Détail H.Q. — pas un appareil supplémentaire,3115.96,2688.5,1,,,,
E301,E301-0003,Arrêt de conduits,01-1310 rév. E — arrêt de conduits,1,1 référence documentaire — NON ADDITIONNABLE,MODELE NON PRECISE,"Barres : 2 pour 3 conduits ou moins, 4 pour 4 à 9, 6 pour 10 et plus. Plaque acier seulement pour arrêt remblayé futur; pas de quantité projet déduite.",Détail H.Q. — pas un appareil supplémentaire,4825.8,2688.5,1,,,,
E301,E301-0004,Nettoyage / mandrinage,01-1510 rév. D — nettoyage et vérification des conduits,1,1 référence documentaire — NON ADDITIONNABLE,MODELE NON PRECISE,"Filin polypropylène 6 mm min.; mandrin et brosse suivant diamètre. Opération reprise au tableau E300, ne pas ajouter une installation.",Détail H.Q. — pas un appareil supplémentaire,6468.15,2688.5,1,,,,
E301,E301-0005,Socle — vue en plan,03-3120 rév. G — page 1/3,1,1 référence documentaire — NON ADDITIONNABLE,MODELE NON PRECISE,"Socle préfabriqué; 1900 × 1900 mm; cavité 1350 × 450 mm. Conduits selon projet, dessins génériques non cumulables.",Détail H.Q. — pas un appareil supplémentaire,1422.99,5258.89,1,,,,
E301,E301-0006,Socle — coupe B-B,03-3120 rév. G — page 2/3,1,1 référence documentaire — NON ADDITIONNABLE,MODELE NON PRECISE,"Même socle que la vue en plan. Coudes BT/MT illustratifs; drainage à coordonner, aucune longueur mesurée.",Détail H.Q. — pas un appareil supplémentaire,3121.59,5258.89,1,,,,
E301,E301-0007,Socle — ancrages,03-3120 rév. G — page 3/3,1,1 référence documentaire — NON ADDITIONNABLE,MODELE NON PRECISE,"Même socle. Détail : 8 boulons et chevilles pour fixation des barres; 4 barres 15M de 1580 mm; 4 ancrages de contreplaqué. Prescriptions par socle, pas de quantité supplémentaire de socles.",Détail H.Q. — pas un appareil supplémentaire,4820.18,5258.89,1,,,,
E301,E301-0008,Bollard — détail type,03-3425 rév. A — circulation lourde,1,1 référence documentaire — NON ADDITIONNABLE,MODELE NON PRECISE,"Acier galvanisé diamètre 150 mm, paroi 6 mm min.; 1500 mm hors sol / 1500 mm enfoui, coffrage diamètre 400 mm. Quantité implantée relevée en E300.",Détail H.Q. — pas un appareil supplémentaire,6507.52,5258.89,1,,,,
E301,E301-0009,Mise à la terre — type,03-3610 rév. A — installation pour un socle,1,1 référence documentaire — NON ADDITIONNABLE,MODELE NON PRECISE,"4 piquets acier cuivré 19 × 3000 mm reliés; ceinture à 1000 mm du socle et profondeur 300 mm. Même ensemble que E300, non additionnable.",Détail H.Q. — pas un appareil supplémentaire,8222.99,5258.89,1,,,,
