cote,page_humaine,feuille_ia,libelle,x_px,y_px,x_norm,y_norm,x_px_ia,y_px_ia,statut,id,id_apparie,libelle_apparie,distance_px_ia
humain,E400,E400,Accumulateur 36W,1796,2926,0.3154,0.7275,1796,2926,appariée,H:E400:1,IA:E400:1,Accumulateur c/a 2 phares,12.7
humain,E400,E400,Accumulateur 36W,2097,3164,0.3683,0.7867,2097,3165,appariée,H:E400:2,IA:E400:3,Accumulateur c/a 2 phares,12.9
humain,E400,E400,Accumulateur 36W,1819,3058,0.3195,0.7603,1819,3058,appariée,H:E400:3,IA:E400:2,Accumulateur c/a 2 phares,12.6
humain,E400,E400,Accumulateur 36W + enseigne,1365,2978,0.2397,0.7404,1365,2978,appariée,H:E400:4,IA:E400:5,Accumulateur c/a 2 phares + enseigne,16.6
humain,E400,E400,Accumulateur 36W + enseigne,2014,1595,0.3537,0.3966,2014,1594,appariée,H:E400:5,IA:E400:6,Accumulateur c/a 2 phares + enseigne (flèche),35.9
humain,E400,E400,Accumulateur 36W + enseigne,1390,1739,0.2441,0.4324,1390,1738,appariée,H:E400:6,IA:E400:4,Accumulateur c/a 2 phares + enseigne,50.3
humain,E400,E400,Bouton-poussoir B,1366,2932,0.2399,0.7290,1366,2932,appariée,H:E400:7,IA:E400:7,Bouton-poussoir (B),0.5
humain,E400,E400,Détecteur inoccupation Do,2284,1800,0.4011,0.4475,2284,1799,appariée,H:E400:8,IA:E400:8,Détecteur inoccupation mural (Do),0.7
humain,E400,E400,Détecteur inoccupation Do,2065,2285,0.3627,0.5681,2065,2285,appariée,H:E400:9,IA:E400:9,Détecteur inoccupation mural (Do),0.3
humain,E400,E400,Détecteur inoccupation Do,1470,2387,0.2582,0.5935,1470,2387,appariée,H:E400:10,IA:E400:10,Détecteur inoccupation mural (Do),0.4
humain,E400,E400,Détecteur inoccupation Do,1773,2460,0.3114,0.6116,1773,2460,appariée,H:E400:11,IA:E400:11,Détecteur inoccupation mural (Do),0.2
humain,E400,E400,Détecteur inoccupation Do,1809,2458,0.3177,0.6111,1809,2458,appariée,H:E400:12,IA:E400:12,Détecteur inoccupation mural (Do),0.1
humain,E400,E400,Détecteur inoccupation Do,2065,2454,0.3627,0.6101,2065,2454,appariée,H:E400:13,IA:E400:13,Détecteur inoccupation mural (Do),0.1
humain,E400,E400,Détecteur inoccupation Do,1529,2692,0.2685,0.6693,1529,2692,appariée,H:E400:14,IA:E400:14,Détecteur inoccupation mural (Do),0.3
humain,E400,E400,Détecteur inoccupation Do,1775,3058,0.3117,0.7603,1775,3058,appariée,H:E400:15,IA:E400:15,Détecteur inoccupation mural (Do),0.5
humain,E400,E400,Détecteur inoccupation Do,1563,3134,0.2745,0.7792,1563,3134,appariée,H:E400:16,IA:E400:16,Détecteur inoccupation mural (Do),0.6
humain,E400,E400,Détecteur inoccupation Do,1367,3263,0.2401,0.8113,1367,3264,appariée,H:E400:17,IA:E400:17,Détecteur inoccupation mural (Do),0.7
humain,E400,E400,Détecteur inoccupation Do,1147,2652,0.2014,0.6594,1146,2652,appariée,H:E400:18,IA:E400:20,Détecteur inoccupation plafond (Do),0.6
humain,E400,E400,Détecteur inoccupation Do,1502,2888,0.2638,0.7181,1502,2888,appariée,H:E400:19,IA:E400:18,Détecteur inoccupation mural (Do),0.4
humain,E400,E400,Détecteur inoccupation Do,1147,2984,0.2014,0.7419,1146,2984,appariée,H:E400:20,IA:E400:21,Détecteur inoccupation plafond (Do),0.7
humain,E400,E400,Détecteur inoccupation Do,1682,2888,0.2954,0.7181,1682,2888,appariée,H:E400:21,IA:E400:19,Détecteur inoccupation mural (Do),0.3
humain,E400,E400,Enseigne de sortie,1485,1716,0.2608,0.4267,1485,1715,appariée,H:E400:22,IA:E400:23,Enseigne issue 1 face murale tout droit,2.8
humain,E400,E400,Enseigne de sortie,2067,2939,0.3630,0.7307,2067,2939,appariée,H:E400:23,IA:E400:25,Enseigne issue 2 faces murale,8.9
humain,E400,E400,Enseigne de sortie,2230,2958,0.3916,0.7355,2230,2958,appariée,H:E400:24,IA:E400:22,Enseigne issue 1 face murale (flèche),3.2
humain,E400,E400,Enseigne de sortie,2213,2999,0.3887,0.7456,2213,2999,appariée,H:E400:25,IA:E400:24,Enseigne issue 1 face murale tout droit,1.6
humain,E400,E400,Interrupteur,2132,1754,0.3744,0.4361,2132,1753,appariée,H:E400:26,IA:E400:26,Interrupteur unipolaire,0.7
humain,E400,E400,Luminaire DR2,2136,1687,0.3751,0.4194,2136,1686,appariée,H:E400:27,IA:E400:27,Luminaire DR2,0.8
humain,E400,E400,Luminaire DR5,2370,1762,0.4162,0.4381,2370,1761,appariée,H:E400:28,IA:E400:28,Luminaire DR5,0.8
humain,E400,E400,Luminaire DR5,2525,1762,0.4434,0.4381,2525,1761,appariée,H:E400:29,IA:E400:29,Luminaire DR5,0.8
humain,E400,E400,Luminaire DR5,2678,1762,0.4703,0.4381,2679,1761,appariée,H:E400:30,IA:E400:30,Luminaire DR5,0.9
humain,E400,E400,Luminaire DR5,1957,2323,0.3437,0.5776,1957,2323,appariée,H:E400:31,IA:E400:31,Luminaire DR5,0.2
humain,E400,E400,Luminaire DR5,1489,2528,0.2615,0.6285,1489,2528,appariée,H:E400:32,IA:E400:32,Luminaire DR5,0.3
humain,E400,E400,Luminaire DR5,1436,2707,0.2522,0.6730,1436,2707,appariée,H:E400:33,IA:E400:33,Luminaire DR5,0.4
humain,E400,E400,Luminaire DR5,1717,3178,0.3015,0.7902,1717,3179,appariée,H:E400:34,IA:E400:34,Luminaire DR5,0.6
humain,E400,E400,Luminaire DR5,1975,3178,0.3469,0.7902,1975,3179,appariée,H:E400:35,IA:E400:35,Luminaire DR5,0.5
humain,E400,E400,Luminaire DR5,1717,3396,0.3015,0.8444,1717,3397,appariée,H:E400:36,IA:E400:36,Luminaire DR5,0.7
humain,E400,E400,Luminaire DR5,1975,3396,0.3469,0.8444,1975,3397,appariée,H:E400:37,IA:E400:37,Luminaire DR5,0.7
humain,E400,E400,Luminaire DR5,1508,3409,0.2648,0.8476,1508,3410,appariée,H:E400:38,IA:E400:38,Luminaire DR5,0.8
humain,E400,E400,Luminaire DR5,1508,3166,0.2648,0.7872,1508,3167,appariée,H:E400:39,IA:E400:39,Luminaire DR5,0.6
humain,E400,E400,Luminaire DR5,1047,3174,0.1839,0.7892,1046,3175,appariée,H:E400:40,IA:E400:40,Luminaire DR5,0.9
humain,E400,E400,Luminaire DR5,1283,3174,0.2253,0.7892,1283,3175,appariée,H:E400:41,IA:E400:41,Luminaire DR5,0.7
humain,E400,E400,Luminaire DR5,1047,3379,0.1839,0.8401,1046,3380,appariée,H:E400:42,IA:E400:42,Luminaire DR5,1.0
humain,E400,E400,Luminaire DR5,1283,3379,0.2253,0.8401,1283,3380,appariée,H:E400:43,IA:E400:43,Luminaire DR5,0.9
humain,E400,E400,Luminaire DR5,990,3016,0.1739,0.7499,989,3016,appariée,H:E400:44,IA:E400:44,Luminaire DR5,0.8
humain,E400,E400,Luminaire DR5,1229,3012,0.2158,0.7489,1228,3012,appariée,H:E400:45,IA:E400:45,Luminaire DR5,0.7
humain,E400,E400,Luminaire DR5,999,2483,0.1754,0.6174,998,2483,appariée,H:E400:46,IA:E400:46,Luminaire DR5,0.7
humain,E400,E400,Luminaire DR5,999,2673,0.1754,0.6646,998,2673,appariée,H:E400:47,IA:E400:47,Luminaire DR5,0.7
humain,E400,E400,Luminaire DR5,999,2857,0.1754,0.7103,998,2857,appariée,H:E400:48,IA:E400:48,Luminaire DR5,0.7
humain,E400,E400,Luminaire DR5,1232,2490,0.2164,0.6191,1231,2490,appariée,H:E400:49,IA:E400:49,Luminaire DR5,0.5
humain,E400,E400,Luminaire DR5,1232,2673,0.2164,0.6646,1231,2673,appariée,H:E400:50,IA:E400:50,Luminaire DR5,0.5
humain,E400,E400,Luminaire DR5,1232,2857,0.2164,0.7103,1231,2857,appariée,H:E400:51,IA:E400:51,Luminaire DR5,0.6
humain,E400,E400,Luminaire DR5,1493,2819,0.2622,0.7009,1493,2819,appariée,H:E400:52,IA:E400:52,Luminaire DR5,0.4
humain,E400,E400,Luminaire DR5,1932,2849,0.3393,0.7084,1932,2849,appariée,H:E400:53,IA:E400:53,Luminaire DR5,0.2
humain,E400,E400,Luminaire DR5,1644,2724,0.2887,0.6773,1644,2724,appariée,H:E400:54,IA:E400:54,Luminaire DR5,0.3
humain,E400,E400,Luminaire DR5,1644,2849,0.2887,0.7084,1644,2849,appariée,H:E400:55,IA:E400:55,Luminaire DR5,0.3
humain,E400,E400,Luminaire DR5,1934,2724,0.3397,0.6773,1934,2724,appariée,H:E400:56,IA:E400:56,Luminaire DR5,0.1
humain,E400,E400,Luminaire DR51,2267,3317,0.3981,0.8247,2267,3318,appariée,H:E400:57,IA:E400:57,Luminaire DR51,0.7
humain,E400,E400,Luminaire DR51,1996,1768,0.3505,0.4396,1996,1767,appariée,H:E400:58,IA:E400:58,Luminaire DR51,0.7
humain,E400,E400,Luminaire DR51,1980,2093,0.3477,0.5204,1980,2093,appariée,H:E400:59,IA:E400:59,Luminaire DR51,0.4
humain,E400,E400,Luminaire DR51,2189,2231,0.3844,0.5547,2189,2231,appariée,H:E400:60,IA:E400:60,Luminaire DR51,0.3
humain,E400,E400,Luminaire DR51,2169,2555,0.3809,0.6353,2169,2555,appariée,H:E400:61,IA:E400:61,Luminaire DR51,0.2
humain,E400,E400,Luminaire DR51,2190,2795,0.3846,0.6949,2190,2795,appariée,H:E400:62,IA:E400:62,Luminaire DR51,0.3
humain,E400,E400,Luminaire DR51,1512,2991,0.2655,0.7437,1512,2991,appariée,H:E400:63,IA:E400:63,Luminaire DR51,0.5
humain,E400,E400,Luminaire DR51,1796,2993,0.3154,0.7442,1796,2993,appariée,H:E400:64,IA:E400:64,Luminaire DR51,0.4
humain,E400,E400,Luminaire DR52,1411,1641,0.2478,0.4080,1411,1640,appariée,H:E400:65,IA:E400:65,Luminaire DR52,0.9
humain,E400,E400,Luminaire DR52,2146,3126,0.3769,0.7772,2146,3126,appariée,H:E400:66,IA:E400:66,Luminaire DR52 service continu,0.5
humain,E400,E400,Luminaire DR52,1731,1694,0.3040,0.4212,1731,1693,appariée,H:E400:67,IA:E400:67,Luminaire DR52 service continu,0.8
humain,E400,E400,Luminaire DR52,2190,1943,0.3846,0.4831,2190,1942,appariée,H:E400:68,IA:E400:68,Luminaire DR52 service continu,0.6
humain,E400,E400,Luminaire DR52,2083,2993,0.3658,0.7442,2083,2993,appariée,H:E400:69,IA:E400:69,Luminaire DR52 service continu,0.4
humain,E400,E400,Luminaire DW4,1632,2525,0.2866,0.6278,1632,2525,appariée,H:E400:70,IA:E400:70,Luminaire DW4,0.2
humain,E400,E400,Luminaire DW4,1841,2506,0.3233,0.6231,1841,2506,appariée,H:E400:71,IA:E400:71,Luminaire DW4,0.1
humain,E400,E400,Luminaire DW4,1975,2511,0.3469,0.6243,1975,2511,appariée,H:E400:72,IA:E400:72,Luminaire DW4,0.1
humain,E400,E400,Phare double,2232,2478,0.3920,0.6161,2232,2478,appariée,H:E400:73,IA:E400:73,Phare urgence double mural,2.8
humain,E400,E400,Phare simple PH1,1427,2900,0.2506,0.7210,1427,2900,appariée,H:E400:74,IA:E400:74,Phare urgence simple mural,0.5
humain,E400,E400,Phare simple PH1,1742,2867,0.3059,0.7128,1742,2867,appariée,H:E400:75,IA:E400:75,Phare urgence simple mural,0.3
humain,E400,E400,Phare simple PH1,1742,2376,0.3059,0.5908,1742,2376,appariée,H:E400:76,IA:E400:76,Phare urgence simple mural,0.2
humain,E400,E400,Phare simple PH1,2044,2540,0.3590,0.6315,2044,2540,appariée,H:E400:77,IA:E400:77,Phare urgence simple mural,0.1
humain,E401,E401,Accumulateur 18W + enseigne,2758,1986,0.4844,0.4938,2755,2004,appariée,H:E401:1,IA:E401:3,Accumulateur c/a 2 phares + enseigne,26.3
humain,E401,E401,Accumulateur 18W + enseigne,2001,2927,0.3514,0.7277,2011,2928,appariée,H:E401:2,IA:E401:6,Accumulateur c/a 2 phares + enseigne,13.6
humain,E401,E401,Accumulateur 36W,2247,2402,0.3946,0.5972,2253,2413,appariée,H:E401:3,IA:E401:2,Accumulateur c/a 2 phares,21.0
humain,E401,E401,Accumulateur 36W,1156,1787,0.2030,0.4443,1182,1809,appariée,H:E401:4,IA:E401:1,Accumulateur c/a 2 phares,27.9
humain,E401,E401,Accumulateur 36W + enseigne,2014,2412,0.3537,0.5997,2024,2423,appariée,H:E401:5,IA:E401:4,Accumulateur c/a 2 phares + enseigne,28.7
humain,E401,E401,Accumulateur 36W + enseigne,2346,2674,0.4120,0.6648,2350,2680,appariée,H:E401:6,IA:E401:5,Accumulateur c/a 2 phares + enseigne,12.2
humain,E401,E401,Accumulateur 36W + enseigne,2799,3112,0.4916,0.7737,2795,3110,appariée,H:E401:7,IA:E401:7,Accumulateur c/a 2 phares + enseigne (flèche),38.7
humain,E401,E401,Bouton-poussoir B,2014,2370,0.3537,0.5893,2024,2381,appariée,H:E401:8,IA:E401:8,Bouton-poussoir (B),15.3
humain,E401,E401,Bouton-poussoir B,1424,2679,0.2501,0.6661,1445,2685,appariée,H:E401:9,IA:E401:9,Bouton-poussoir (B),21.6
humain,E401,E401,Bouton-poussoir B,1670,3057,0.2933,0.7601,1686,3056,appariée,H:E401:10,IA:E401:10,Bouton-poussoir (B),16.4
humain,E401,E401,Bouton-poussoir B,1851,3057,0.3251,0.7601,1864,3056,appariée,H:E401:11,IA:E401:11,Bouton-poussoir (B),13.2
humain,E401,E401,Bouton-poussoir B,2720,3011,0.4777,0.7486,2718,3011,appariée,H:E401:12,IA:E401:12,Bouton-poussoir (B),2.3
humain,E401,E401,Bouton-poussoir B,3372,2976,0.5922,0.7399,3358,2977,appariée,H:E401:13,IA:E401:13,Bouton-poussoir (B),13.9
humain,E401,E401,Bouton-poussoir B,3083,3250,0.5414,0.8081,3074,3246,appariée,H:E401:14,IA:E401:14,Bouton-poussoir (B),9.8
humain,E401,E401,Bouton-poussoir B,3372,3271,0.5922,0.8133,3358,3266,appariée,H:E401:15,IA:E401:15,Bouton-poussoir (B),14.7
humain,E401,E401,Bouton-poussoir B,2799,3251,0.4916,0.8083,2795,3247,appariée,H:E401:16,IA:E401:16,Bouton-poussoir (B),5.8
humain,E401,E401,Bouton-poussoir B,2985,2758,0.5242,0.6857,2978,2762,appariée,H:E401:17,IA:E401:17,Bouton-poussoir (B),8.3
humain,E401,E401,Bouton-poussoir B,2909,2490,0.5109,0.6191,2903,2499,appariée,H:E401:18,IA:E401:18,Bouton-poussoir (B),10.8
humain,E401,E401,Bouton-poussoir B,2757,2060,0.4842,0.5122,2754,2077,appariée,H:E401:19,IA:E401:19,Bouton-poussoir (B),17.1
humain,E401,E401,Bouton-poussoir B,2838,2379,0.4984,0.5915,2834,2390,appariée,H:E401:20,IA:E401:20,Bouton-poussoir (B),12.0
humain,E401,E401,Bouton-poussoir B,1772,2684,0.3112,0.6673,1787,2690,appariée,H:E401:21,IA:E401:21,Bouton-poussoir (B),15.6
humain,E401,E401,Bouton-poussoir B,1896,2718,0.3330,0.6758,1908,2723,appariée,H:E401:22,IA:E401:22,Bouton-poussoir (B),13.4
humain,E401,E401,Bouton-poussoir B,1131,3256,0.1986,0.8095,1157,3252,appariée,H:E401:23,IA:E401:23,Bouton-poussoir (B),26.4
humain,E401,E401,Bouton-poussoir B,1029,2103,0.1807,0.5229,1057,2119,appariée,H:E401:24,IA:E401:24,Bouton-poussoir (B),32.1
humain,E401,E401,Détecteur inoccupation Do,1588,1659,0.2789,0.4125,1606,1683,appariée,H:E401:25,IA:E401:41,Détecteur inoccupation mural (Do),29.9
humain,E401,E401,Détecteur inoccupation Do,1811,2517,0.3181,0.6258,1825,2526,appariée,H:E401:26,IA:E401:48,Détecteur inoccupation plafond (Do),16.4
humain,E401,E401,Détecteur inoccupation Do,1540,2517,0.2705,0.6258,1559,2526,appariée,H:E401:27,IA:E401:49,Détecteur inoccupation plafond (Do),20.6
humain,E401,E401,Détecteur inoccupation Do,1154,2557,0.2027,0.6358,1180,2565,appariée,H:E401:28,IA:E401:50,Détecteur inoccupation plafond (Do),26.8
humain,E401,E401,Détecteur inoccupation Do,1019,2733,0.1790,0.6795,1047,2738,appariée,H:E401:29,IA:E401:51,Détecteur inoccupation plafond (Do),28.4
humain,E401,E401,Détecteur inoccupation Do,1223,2766,0.2148,0.6877,1247,2770,appariée,H:E401:30,IA:E401:42,Détecteur inoccupation mural (Do),24.7
humain,E401,E401,Détecteur inoccupation Do,1437,3254,0.2524,0.8091,1458,3250,appariée,H:E401:31,IA:E401:52,Détecteur inoccupation plafond (Do),21.0
humain,E401,E401,Détecteur inoccupation Do,1599,3254,0.2808,0.8091,1617,3250,appariée,H:E401:32,IA:E401:53,Détecteur inoccupation plafond (Do),18.2
humain,E401,E401,Détecteur inoccupation Do,1919,3268,0.3370,0.8125,1931,3263,appariée,H:E401:33,IA:E401:54,Détecteur inoccupation plafond (Do),12.8
humain,E401,E401,Détecteur inoccupation Do,2515,3113,0.4417,0.7740,2516,3111,appariée,H:E401:34,IA:E401:55,Détecteur inoccupation plafond (Do),2.3
humain,E401,E401,Détecteur inoccupation Do,2515,3330,0.4417,0.8279,2516,3324,appariée,H:E401:35,IA:E401:56,Détecteur inoccupation plafond (Do),5.9
humain,E401,E401,Détecteur inoccupation Do,3459,2954,0.6075,0.7345,3444,2955,appariée,H:E401:36,IA:E401:57,Détecteur inoccupation plafond (Do),15.5
humain,E401,E401,Détecteur inoccupation Do,3226,2956,0.5666,0.7350,3215,2957,appariée,H:E401:37,IA:E401:58,Détecteur inoccupation plafond (Do),11.4
humain,E401,E401,Détecteur inoccupation Do,2986,2794,0.5244,0.6947,2979,2798,appariée,H:E401:38,IA:E401:43,Détecteur inoccupation mural (Do),8.0
humain,E401,E401,Détecteur inoccupation Do,3457,3291,0.6071,0.8182,3442,3286,appariée,H:E401:39,IA:E401:59,Détecteur inoccupation plafond (Do),16.3
humain,E401,E401,Détecteur inoccupation Do,3172,3332,0.5571,0.8284,3162,3326,appariée,H:E401:40,IA:E401:60,Détecteur inoccupation plafond (Do),11.9
humain,E401,E401,Détecteur inoccupation Do,2885,3340,0.5067,0.8304,2880,3334,appariée,H:E401:41,IA:E401:61,Détecteur inoccupation plafond (Do),8.0
humain,E401,E401,Détecteur inoccupation Do,3091,2578,0.5429,0.6410,3082,2586,appariée,H:E401:42,IA:E401:62,Détecteur inoccupation plafond (Do),11.7
humain,E401,E401,Détecteur inoccupation Do,3375,2578,0.5927,0.6410,3361,2586,appariée,H:E401:43,IA:E401:63,Détecteur inoccupation plafond (Do),15.9
humain,E401,E401,Détecteur inoccupation Do,2840,2145,0.4988,0.5333,2836,2160,appariée,H:E401:44,IA:E401:64,Détecteur inoccupation plafond (Do),15.9
humain,E401,E401,Détecteur inoccupation Do,3145,2138,0.5523,0.5316,3135,2153,appariée,H:E401:45,IA:E401:65,Détecteur inoccupation plafond (Do),18.3
humain,E401,E401,Détecteur inoccupation Do,3457,2131,0.6071,0.5298,3442,2147,appariée,H:E401:46,IA:E401:66,Détecteur inoccupation plafond (Do),21.9
humain,E401,E401,Détecteur inoccupation Do,2722,2489,0.4780,0.6188,2720,2498,appariée,H:E401:47,IA:E401:44,Détecteur inoccupation mural (Do),9.5
humain,E401,E401,Détecteur inoccupation Do,2365,1755,0.4153,0.4364,2369,1777,appariée,H:E401:48,IA:E401:45,Détecteur inoccupation mural (Do),22.6
humain,E401,E401,Détecteur inoccupation Do,1654,2774,0.2905,0.6897,1671,2778,appariée,H:E401:49,IA:E401:67,Détecteur inoccupation plafond (Do),17.2
humain,E401,E401,Détecteur inoccupation Do,1984,2809,0.3484,0.6984,1995,2812,appariée,H:E401:50,IA:E401:68,Détecteur inoccupation plafond (Do),11.3
humain,E401,E401,Détecteur inoccupation Do,1137,3350,0.1997,0.8329,1163,3344,appariée,H:E401:51,IA:E401:69,Détecteur inoccupation plafond (Do),26.6
humain,E401,E401,Détecteur inoccupation Do,1697,1670,0.2980,0.4152,1713,1694,appariée,H:E401:52,IA:E401:46,Détecteur inoccupation mural (Do),28.6
humain,E401,E401,Détecteur inoccupation Do,2908,2977,0.5107,0.7402,2902,2977,appariée,H:E401:53,IA:E401:47,Détecteur inoccupation mural (Do),5.7
humain,E401,E401,Détecteur occupation Di,3016,3120,0.5297,0.7757,3008,3118,appariée,H:E401:54,IA:E401:27,Détecteur infrarouge plafond (Di),7.9
humain,E401,E401,Détecteur occupation Di,3301,3120,0.5797,0.7757,3288,3118,appariée,H:E401:55,IA:E401:28,Détecteur infrarouge plafond (Di),12.8
humain,E401,E401,Détecteur occupation Di,2388,2140,0.4194,0.5321,2392,2155,appariée,H:E401:56,IA:E401:29,Détecteur infrarouge plafond (Di),15.8
humain,E401,E401,Détecteur occupation Di,2580,2114,0.4531,0.5256,2580,2130,appariée,H:E401:57,IA:E401:30,Détecteur infrarouge plafond (Di),15.9
humain,E401,E401,Détecteur occupation Di,2302,2255,0.4043,0.5607,2307,2268,appariée,H:E401:58,IA:E401:31,Détecteur infrarouge plafond (Di),14.3
humain,E401,E401,Détecteur occupation Di,2378,2255,0.4176,0.5607,2382,2268,appariée,H:E401:59,IA:E401:32,Détecteur infrarouge plafond (Di),13.9
humain,E401,E401,Détecteur occupation Di,2462,2255,0.4324,0.5607,2464,2268,appariée,H:E401:60,IA:E401:33,Détecteur infrarouge plafond (Di),13.5
humain,E401,E401,Détecteur occupation Di,2539,2255,0.4459,0.5607,2540,2268,appariée,H:E401:61,IA:E401:34,Détecteur infrarouge plafond (Di),13.4
humain,E401,E401,Détecteur occupation Di,2614,2255,0.4591,0.5607,2614,2268,appariée,H:E401:62,IA:E401:35,Détecteur infrarouge plafond (Di),13.4
humain,E401,E401,Détecteur occupation Di,2696,2256,0.4735,0.5609,2694,2269,appariée,H:E401:63,IA:E401:36,Détecteur infrarouge plafond (Di),13.5
humain,E401,E401,Détecteur occupation Di,2528,2747,0.4440,0.6830,2529,2752,appariée,H:E401:64,IA:E401:37,Détecteur infrarouge plafond (Di),4.7
humain,E401,E401,Détecteur occupation Di,2789,2873,0.4898,0.7143,2785,2875,appariée,H:E401:65,IA:E401:38,Détecteur infrarouge plafond (Di),4.2
humain,E401,E401,Détecteur occupation Di,2820,2618,0.4953,0.6509,2816,2625,appariée,H:E401:66,IA:E401:39,Détecteur infrarouge plafond (Di),8.0
humain,E401,E401,Détecteur occupation Di,2539,1738,0.4459,0.4321,2540,1761,appariée,H:E401:67,IA:E401:40,Détecteur infrarouge plafond (Di),22.6
humain,E401,E401,Enseigne de sortie,1411,1797,0.2478,0.4468,1432,1819,appariée,H:E401:68,IA:E401:70,Enseigne issue 1 face murale tout droit,33.0
humain,E401,E401,Enseigne de sortie,990,1917,0.1739,0.4766,1018,1936,appariée,H:E401:69,IA:E401:75,Enseigne issue 1 face plafond tout droit,34.5
humain,E401,E401,Enseigne de sortie,1119,1917,0.1965,0.4766,1145,1936,appariée,H:E401:70,IA:E401:76,Enseigne issue 1 face plafond tout droit,32.6
humain,E401,E401,Enseigne de sortie,2464,1931,0.4327,0.4801,2466,1950,appariée,H:E401:71,IA:E401:72,Enseigne issue 1 face murale tout droit,21.2
humain,E401,E401,Enseigne de sortie,2703,1805,0.4747,0.4488,2701,1826,appariée,H:E401:72,IA:E401:71,Enseigne issue 1 face murale tout droit,25.5
humain,E401,E401,Enseigne de sortie,2118,2070,0.3720,0.5147,2126,2087,appariée,H:E401:73,IA:E401:79,Enseigne issue 2 faces plafond,23.2
humain,E401,E401,Enseigne de sortie,2237,2072,0.3929,0.5152,2243,2089,appariée,H:E401:74,IA:E401:77,Enseigne issue 2 faces murale,21.6
humain,E401,E401,Enseigne de sortie,2208,3032,0.3878,0.7539,2215,3032,appariée,H:E401:75,IA:E401:73,Enseigne issue 1 face murale tout droit,6.8
humain,E401,E401,Enseigne de sortie,2213,3426,0.3887,0.8518,2220,3418,appariée,H:E401:76,IA:E401:74,Enseigne issue 1 face murale tout droit,13.4
humain,E401,E401,Enseigne de sortie,2863,2882,0.5028,0.7166,2858,2884,appariée,H:E401:77,IA:E401:78,Enseigne issue 2 faces murale,10.4
humain,E401,E401,Interrupteur,2626,2641,0.4612,0.6566,2625,2647,appariée,H:E401:78,IA:E401:80,Interrupteur unipolaire,7.4
humain,E401,E401,Luminaire DR2,1729,1622,0.3037,0.4033,1744,1647,appariée,H:E401:79,IA:E401:86,Luminaire DR2,29.0
humain,E401,E401,Luminaire DR5,1518,1699,0.2666,0.4224,1537,1722,appariée,H:E401:80,IA:E401:87,Luminaire DR5,30.1
humain,E401,E401,Luminaire DR5,1272,2835,0.2234,0.7049,1295,2838,appariée,H:E401:81,IA:E401:88,Luminaire DR5,23.7
humain,E401,E401,Luminaire DR5,2965,2870,0.5207,0.7136,2958,2872,appariée,H:E401:82,IA:E401:89,Luminaire DR5,7.1
humain,E401,E401,Luminaire DR5,2965,3007,0.5207,0.7476,2958,3007,appariée,H:E401:83,IA:E401:90,Luminaire DR5,6.7
humain,E401,E401,Luminaire DR5,2363,2369,0.4150,0.5890,2367,2380,appariée,H:E401:84,IA:E401:91,Luminaire DR5,12.0
humain,E401,E401,Luminaire DR5,2363,2477,0.4150,0.6159,2367,2486,appariée,H:E401:85,IA:E401:92,Luminaire DR5,10.2
humain,E401,E401,Luminaire DR5,2363,2585,0.4150,0.6427,2367,2592,appariée,H:E401:86,IA:E401:93,Luminaire DR5,8.5
humain,E401,E401,Luminaire DR5,2594,2585,0.4556,0.6427,2594,2592,appariée,H:E401:87,IA:E401:94,Luminaire DR5,7.5
humain,E401,E401,Luminaire DR5,2594,2477,0.4556,0.6159,2594,2486,appariée,H:E401:88,IA:E401:95,Luminaire DR5,9.4
humain,E401,E401,Luminaire DR5,2594,2369,0.4556,0.5890,2594,2380,appariée,H:E401:89,IA:E401:96,Luminaire DR5,11.3
humain,E401,E401,Luminaire DR5,2349,1719,0.4125,0.4274,2353,1742,appariée,H:E401:90,IA:E401:97,Luminaire DR5,23.3
humain,E401,E401,Luminaire DR51,1185,1649,0.2081,0.4100,1210,1673,appariée,H:E401:91,IA:E401:98,Luminaire DR51,34.8
humain,E401,E401,Luminaire DR51,2137,3443,0.3753,0.8560,2145,3435,appariée,H:E401:92,IA:E401:99,Luminaire DR51,11.2
humain,E401,E401,Luminaire DR52,1409,1649,0.2475,0.4100,1430,1673,appariée,H:E401:93,IA:E401:100,Luminaire DR52 service continu,32.0
humain,E401,E401,Luminaire DR52,2150,3181,0.3776,0.7909,2158,3178,appariée,H:E401:94,IA:E401:101,Luminaire DR52 service continu,8.4
humain,E401,E401,Luminaire DS0,3408,3037,0.5985,0.7551,3393,3036,appariée,H:E401:95,IA:E401:102,Luminaire DS0,14.6
humain,E401,E401,Luminaire DS0,3507,3037,0.6159,0.7551,3491,3036,appariée,H:E401:96,IA:E401:103,Luminaire DS0,16.3
humain,E401,E401,Luminaire DS0,3408,2834,0.5985,0.7046,3393,2837,appariée,H:E401:97,IA:E401:104,Luminaire DS0,14.9
humain,E401,E401,Luminaire DS0,3507,2834,0.6159,0.7046,3491,2837,appariée,H:E401:98,IA:E401:105,Luminaire DS0,16.6
humain,E401,E401,Luminaire DS0,3136,3037,0.5508,0.7551,3126,3036,appariée,H:E401:99,IA:E401:106,Luminaire DS0,9.7
humain,E401,E401,Luminaire DS0,3136,2834,0.5508,0.7046,3126,2837,appariée,H:E401:100,IA:E401:107,Luminaire DS0,10.2
humain,E401,E401,Luminaire DS0,3308,3037,0.5810,0.7551,3295,3036,appariée,H:E401:101,IA:E401:108,Luminaire DS0,12.8
humain,E401,E401,Luminaire DS0,3308,2834,0.5810,0.7046,3295,2837,appariée,H:E401:102,IA:E401:109,Luminaire DS0,13.1
humain,E401,E401,Luminaire DS0,3410,3257,0.5989,0.8098,3395,3253,appariée,H:E401:103,IA:E401:110,Luminaire DS0,15.3
humain,E401,E401,Luminaire DS0,3410,3435,0.5989,0.8541,3395,3427,appariée,H:E401:104,IA:E401:111,Luminaire DS0,16.5
humain,E401,E401,Luminaire DS0,3512,3435,0.6168,0.8541,3496,3427,appariée,H:E401:105,IA:E401:112,Luminaire DS0,18.1
humain,E401,E401,Luminaire DS0,3512,3256,0.6168,0.8095,3496,3252,appariée,H:E401:106,IA:E401:113,Luminaire DS0,17.0
humain,E401,E401,Luminaire DS0,3115,3434,0.5471,0.8538,3106,3426,appariée,H:E401:107,IA:E401:114,Luminaire DS0,12.1
humain,E401,E401,Luminaire DS0,3115,3258,0.5471,0.8100,3106,3253,appariée,H:E401:108,IA:E401:115,Luminaire DS0,10.4
humain,E401,E401,Luminaire DS0,3303,3434,0.5801,0.8538,3290,3426,appariée,H:E401:109,IA:E401:116,Luminaire DS0,14.8
humain,E401,E401,Luminaire DS0,3303,3258,0.5801,0.8100,3290,3253,appariée,H:E401:110,IA:E401:117,Luminaire DS0,13.5
humain,E401,E401,Luminaire DS0,2831,3256,0.4972,0.8095,2827,3252,appariée,H:E401:111,IA:E401:118,Luminaire DS0,6.2
humain,E401,E401,Luminaire DS0,3012,3259,0.5290,0.8103,3004,3254,appariée,H:E401:112,IA:E401:119,Luminaire DS0,8.8
humain,E401,E401,Luminaire DS0,2327,2214,0.4087,0.5505,2332,2228,appariée,H:E401:113,IA:E401:120,Luminaire DS0,14.8
humain,E401,E401,Luminaire DS0,2398,2214,0.4211,0.5505,2401,2228,appariée,H:E401:114,IA:E401:121,Luminaire DS0,14.5
humain,E401,E401,Luminaire DS0,2481,2214,0.4357,0.5505,2483,2228,appariée,H:E401:115,IA:E401:122,Luminaire DS0,14.2
humain,E401,E401,Luminaire DS0,2557,2214,0.4491,0.5505,2558,2228,appariée,H:E401:116,IA:E401:123,Luminaire DS0,14.1
humain,E401,E401,Luminaire DS0,2638,2214,0.4633,0.5505,2637,2228,appariée,H:E401:117,IA:E401:124,Luminaire DS0,14.1
humain,E401,E401,Luminaire DS0,2714,2214,0.4766,0.5505,2712,2228,appariée,H:E401:118,IA:E401:125,Luminaire DS0,14.2
humain,E401,E401,Luminaire DS0,1503,2725,0.2640,0.6775,1522,2730,appariée,H:E401:119,IA:E401:126,Luminaire DS0,20.0
humain,E401,E401,Luminaire DS0,1610,2725,0.2828,0.6775,1627,2730,appariée,H:E401:120,IA:E401:127,Luminaire DS0,18.1
humain,E401,E401,Luminaire DS0,1717,2725,0.3015,0.6775,1733,2730,appariée,H:E401:121,IA:E401:128,Luminaire DS0,16.3
humain,E401,E401,Luminaire DS0,1843,2730,0.3237,0.6788,1856,2735,appariée,H:E401:122,IA:E401:129,Luminaire DS0,14.2
humain,E401,E401,Luminaire DS0,1503,2863,0.2640,0.7118,1522,2866,appariée,H:E401:123,IA:E401:130,Luminaire DS0,19.5
humain,E401,E401,Luminaire DS0,1610,2863,0.2828,0.7118,1627,2866,appariée,H:E401:124,IA:E401:131,Luminaire DS0,17.6
humain,E401,E401,Luminaire DS0,1717,2863,0.3015,0.7118,1733,2866,appariée,H:E401:125,IA:E401:132,Luminaire DS0,15.7
humain,E401,E401,Luminaire DS0,1819,2823,0.3195,0.7019,1833,2826,appariée,H:E401:126,IA:E401:133,Luminaire DS0,14.1
humain,E401,E401,Luminaire DS0,1935,2722,0.3398,0.6768,1947,2727,appariée,H:E401:127,IA:E401:134,Luminaire DS0,12.7
humain,E401,E401,Luminaire DS0,2039,2722,0.3581,0.6768,2049,2727,appariée,H:E401:128,IA:E401:135,Luminaire DS0,11.0
humain,E401,E401,Luminaire DS0,1935,2862,0.3398,0.7116,1947,2865,appariée,H:E401:129,IA:E401:136,Luminaire DS0,11.9
humain,E401,E401,Luminaire DS0,2039,2862,0.3581,0.7116,2049,2865,appariée,H:E401:130,IA:E401:137,Luminaire DS0,10.1
humain,E401,E401,Luminaire DS0,949,3259,0.1667,0.8103,978,3254,appariée,H:E401:131,IA:E401:138,Luminaire DS0,29.6
humain,E401,E401,Luminaire DS0,1025,3259,0.1800,0.8103,1053,3254,appariée,H:E401:132,IA:E401:139,Luminaire DS0,28.2
humain,E401,E401,Luminaire DS0,1101,3259,0.1934,0.8103,1128,3254,appariée,H:E401:133,IA:E401:140,Luminaire DS0,26.9
humain,E401,E401,Luminaire DS0,1176,3259,0.2065,0.8103,1201,3254,appariée,H:E401:134,IA:E401:141,Luminaire DS0,25.6
humain,E401,E401,Luminaire DS0,949,3405,0.1667,0.8466,978,3398,appariée,H:E401:135,IA:E401:142,Luminaire DS0,30.1
humain,E401,E401,Luminaire DS0,1025,3405,0.1800,0.8466,1053,3398,appariée,H:E401:136,IA:E401:143,Luminaire DS0,28.8
humain,E401,E401,Luminaire DS0,1101,3405,0.1934,0.8466,1128,3398,appariée,H:E401:137,IA:E401:144,Luminaire DS0,27.5
humain,E401,E401,Luminaire DS0,1176,3405,0.2065,0.8466,1201,3398,appariée,H:E401:138,IA:E401:145,Luminaire DS0,26.2
humain,E401,E401,Luminaire DS0,962,2153,0.1689,0.5353,991,2168,appariée,H:E401:139,IA:E401:146,Luminaire DS0,32.7
humain,E401,E401,Luminaire DS0,1058,2153,0.1858,0.5353,1085,2168,appariée,H:E401:140,IA:E401:147,Luminaire DS0,31.2
humain,E401,E401,Luminaire DS0,958,2326,0.1682,0.5783,987,2338,appariée,H:E401:141,IA:E401:148,Luminaire DS0,31.5
humain,E401,E401,Luminaire DS0,1054,2326,0.1851,0.5783,1081,2338,appariée,H:E401:142,IA:E401:149,Luminaire DS0,29.9
humain,E401,E401,Luminaire DS0,3017,3435,0.5299,0.8541,3009,3427,appariée,H:E401:143,IA:E401:150,Luminaire DS0,10.8
humain,E401,E401,Luminaire DS0,2831,3435,0.4972,0.8541,2827,3427,appariée,H:E401:144,IA:E401:151,Luminaire DS0,8.8
humain,E401,E401,Luminaire DS1,1054,1954,0.1851,0.4858,1081,1973,appariée,H:E401:145,IA:E401:226,Luminaire DS1 service continu,33.1
humain,E401,E401,Luminaire DS1,1259,2670,0.2211,0.6638,1283,2676,appariée,H:E401:146,IA:E401:152,Luminaire DS1,24.4
humain,E401,E401,Luminaire DS1,1259,2476,0.2211,0.6156,1283,2485,appariée,H:E401:147,IA:E401:153,Luminaire DS1,25.5
humain,E401,E401,Luminaire DS1,1002,2478,0.1760,0.6161,1030,2487,appariée,H:E401:148,IA:E401:154,Luminaire DS1,29.8
humain,E401,E401,Luminaire DS1,997,2669,0.1751,0.6636,1025,2675,appariée,H:E401:149,IA:E401:155,Luminaire DS1,29.0
humain,E401,E401,Luminaire DS1,998,2822,0.1753,0.7016,1026,2825,appariée,H:E401:150,IA:E401:156,Luminaire DS1,28.5
humain,E401,E401,Luminaire DS1,1967,2520,0.3455,0.6266,1978,2529,appariée,H:E401:151,IA:E401:157,Luminaire DS1,14.1
humain,E401,E401,Luminaire DS1,1538,2604,0.2701,0.6474,1557,2611,appariée,H:E401:152,IA:E401:158,Luminaire DS1,20.0
humain,E401,E401,Luminaire DS1,1540,2454,0.2705,0.6101,1559,2464,appariée,H:E401:153,IA:E401:159,Luminaire DS1,21.1
humain,E401,E401,Luminaire DS1,1750,2454,0.3073,0.6101,1765,2464,appariée,H:E401:154,IA:E401:160,Luminaire DS1,17.9
humain,E401,E401,Luminaire DS1,1750,2604,0.3073,0.6474,1765,2611,appariée,H:E401:155,IA:E401:161,Luminaire DS1,16.6
humain,E401,E401,Luminaire DS1,1381,3375,0.2425,0.8391,1403,3368,appariée,H:E401:156,IA:E401:162,Luminaire DS1,22.5
humain,E401,E401,Luminaire DS1,1381,3152,0.2425,0.7837,1403,3149,appariée,H:E401:157,IA:E401:163,Luminaire DS1,21.7
humain,E401,E401,Luminaire DS1,1541,3152,0.2706,0.7837,1560,3149,appariée,H:E401:158,IA:E401:164,Luminaire DS1,18.9
humain,E401,E401,Luminaire DS1,1541,3375,0.2706,0.8391,1560,3368,appariée,H:E401:159,IA:E401:165,Luminaire DS1,19.8
humain,E401,E401,Luminaire DS1,1701,3375,0.2987,0.8391,1717,3368,appariée,H:E401:160,IA:E401:166,Luminaire DS1,17.2
humain,E401,E401,Luminaire DS1,1701,3152,0.2987,0.7837,1717,3149,appariée,H:E401:161,IA:E401:167,Luminaire DS1,16.0
humain,E401,E401,Luminaire DS1,1865,3191,0.3275,0.7934,1878,3188,appariée,H:E401:162,IA:E401:168,Luminaire DS1,13.3
humain,E401,E401,Luminaire DS1,2011,3191,0.3532,0.7934,2021,3188,appariée,H:E401:163,IA:E401:169,Luminaire DS1,10.8
humain,E401,E401,Luminaire DS1,1866,3379,0.3277,0.8401,1879,3372,appariée,H:E401:164,IA:E401:170,Luminaire DS1,14.5
humain,E401,E401,Luminaire DS1,2013,3379,0.3535,0.8401,2023,3372,appariée,H:E401:165,IA:E401:171,Luminaire DS1,12.2
humain,E401,E401,Luminaire DS1,2360,3033,0.4145,0.7541,2364,3032,appariée,H:E401:166,IA:E401:172,Luminaire DS1,4.1
humain,E401,E401,Luminaire DS1,2360,3208,0.4145,0.7976,2364,3204,appariée,H:E401:167,IA:E401:173,Luminaire DS1,5.5
humain,E401,E401,Luminaire DS1,2360,3383,0.4145,0.8411,2364,3376,appariée,H:E401:168,IA:E401:174,Luminaire DS1,7.9
humain,E401,E401,Luminaire DS1,2590,3033,0.4549,0.7541,2590,3032,appariée,H:E401:169,IA:E401:175,Luminaire DS1,0.5
humain,E401,E401,Luminaire DS1,2590,3208,0.4549,0.7976,2590,3204,appariée,H:E401:170,IA:E401:176,Luminaire DS1,3.6
humain,E401,E401,Luminaire DS1,2590,3383,0.4549,0.8411,2590,3376,appariée,H:E401:171,IA:E401:177,Luminaire DS1,6.7
humain,E401,E401,Luminaire DS1,2855,3141,0.5014,0.7810,2850,3139,appariée,H:E401:172,IA:E401:178,Luminaire DS1,5.3
humain,E401,E401,Luminaire DS1,3126,3141,0.5490,0.7810,3116,3139,appariée,H:E401:173,IA:E401:179,Luminaire DS1,9.8
humain,E401,E401,Luminaire DS1,3398,3141,0.5968,0.7810,3384,3139,appariée,H:E401:174,IA:E401:180,Luminaire DS1,14.6
humain,E401,E401,Luminaire DS1,3434,2935,0.6031,0.7297,3419,2936,appariée,H:E401:175,IA:E401:181,Luminaire DS1,15.1
humain,E401,E401,Luminaire DS1,3198,2935,0.5616,0.7297,3187,2936,appariée,H:E401:176,IA:E401:182,Luminaire DS1,10.9
humain,E401,E401,Luminaire DS1,3433,3347,0.6029,0.8322,3418,3341,appariée,H:E401:177,IA:E401:183,Luminaire DS1,16.2
humain,E401,E401,Luminaire DS1,3230,3336,0.5673,0.8294,3219,3330,appariée,H:E401:178,IA:E401:184,Luminaire DS1,12.8
humain,E401,E401,Luminaire DS1,2943,3336,0.5169,0.8294,2937,3330,appariée,H:E401:179,IA:E401:185,Luminaire DS1,8.6
humain,E401,E401,Luminaire DS1,2865,2297,0.5032,0.5711,2860,2310,appariée,H:E401:180,IA:E401:186,Luminaire DS1,13.5
humain,E401,E401,Luminaire DS1,2865,2055,0.5032,0.5109,2860,2072,appariée,H:E401:181,IA:E401:187,Luminaire DS1,17.6
humain,E401,E401,Luminaire DS1,3069,2055,0.5390,0.5109,3060,2072,appariée,H:E401:182,IA:E401:188,Luminaire DS1,18.9
humain,E401,E401,Luminaire DS1,3069,2297,0.5390,0.5711,3060,2310,appariée,H:E401:183,IA:E401:189,Luminaire DS1,15.2
humain,E401,E401,Luminaire DS1,3272,2055,0.5746,0.5109,3260,2072,appariée,H:E401:184,IA:E401:190,Luminaire DS1,20.8
humain,E401,E401,Luminaire DS1,3272,2297,0.5746,0.5711,3260,2310,appariée,H:E401:185,IA:E401:191,Luminaire DS1,17.5
humain,E401,E401,Luminaire DS1,3476,2055,0.6105,0.5109,3460,2072,appariée,H:E401:186,IA:E401:192,Luminaire DS1,23.1
humain,E401,E401,Luminaire DS1,3476,2297,0.6105,0.5711,3460,2310,appariée,H:E401:187,IA:E401:193,Luminaire DS1,20.2
humain,E401,E401,Luminaire DS1,2315,2132,0.4066,0.5301,2320,2148,appariée,H:E401:188,IA:E401:194,Luminaire DS1,16.3
humain,E401,E401,Luminaire DS1,2474,2132,0.4345,0.5301,2476,2148,appariée,H:E401:189,IA:E401:195,Luminaire DS1,15.7
humain,E401,E401,Luminaire DS1,2628,2132,0.4615,0.5301,2627,2148,appariée,H:E401:190,IA:E401:196,Luminaire DS1,15.6
humain,E401,E401,Luminaire DS1,2357,2869,0.4139,0.7133,2361,2871,appariée,H:E401:191,IA:E401:197,Luminaire DS1,4.8
humain,E401,E401,Luminaire DS1,2478,2745,0.4352,0.6825,2480,2750,appariée,H:E401:192,IA:E401:227,Luminaire DS1 service continu,5.0
humain,E401,E401,Luminaire DS1,2641,2745,0.4638,0.6825,2640,2750,appariée,H:E401:193,IA:E401:198,Luminaire DS1,4.7
humain,E401,E401,Luminaire DS1,2594,2869,0.4556,0.7133,2594,2871,appariée,H:E401:194,IA:E401:199,Luminaire DS1,2.4
humain,E401,E401,Luminaire DS1,2837,2979,0.4982,0.7407,2833,2979,appariée,H:E401:195,IA:E401:200,Luminaire DS1,4.4
humain,E401,E401,Luminaire DS1,2837,2759,0.4982,0.6860,2833,2763,appariée,H:E401:196,IA:E401:201,Luminaire DS1,6.2
humain,E401,E401,Luminaire DS1,2834,2540,0.4977,0.6315,2830,2548,appariée,H:E401:197,IA:E401:202,Luminaire DS1,9.3
humain,E401,E401,Luminaire DS1,2350,1853,0.4127,0.4607,2354,1874,appariée,H:E401:198,IA:E401:228,Luminaire DS1 service continu,20.9
humain,E401,E401,Luminaire DS1,2596,1853,0.4559,0.4607,2596,1874,appariée,H:E401:199,IA:E401:229,Luminaire DS1 service continu,20.5
humain,E401,E401,Luminaire DS1,2482,1711,0.4359,0.4254,2484,1734,appariée,H:E401:200,IA:E401:203,Luminaire DS1,23.1
humain,E401,E401,Luminaire DS1,2677,1711,0.4701,0.4254,2675,1734,appariée,H:E401:201,IA:E401:204,Luminaire DS1,23.1
humain,E401,E401,Luminaire DS1,2352,1997,0.4131,0.4965,2356,2015,appariée,H:E401:202,IA:E401:205,Luminaire DS1,18.4
humain,E401,E401,Luminaire DS1,2589,1997,0.4547,0.4965,2589,2015,appariée,H:E401:203,IA:E401:206,Luminaire DS1,17.9
humain,E401,E401,Luminaire DS1,2198,2988,0.3860,0.7429,2205,2988,appariée,H:E401:204,IA:E401:207,Luminaire DS1,7.0
humain,E401,E401,Luminaire DS1,2198,2724,0.3860,0.6773,2205,2729,appariée,H:E401:205,IA:E401:208,Luminaire DS1,8.6
humain,E401,E401,Luminaire DS1,2180,2502,0.3829,0.6221,2187,2511,appariée,H:E401:206,IA:E401:209,Luminaire DS1,11.5
humain,E401,E401,Luminaire DS1,2198,2203,0.3860,0.5477,2205,2217,appariée,H:E401:207,IA:E401:210,Luminaire DS1,15.9
humain,E401,E401,Luminaire DS1,2198,1942,0.3860,0.4828,2205,1961,appariée,H:E401:208,IA:E401:211,Luminaire DS1,20.2
humain,E401,E401,Luminaire DS1,2013,1942,0.3535,0.4828,2023,1961,appariée,H:E401:209,IA:E401:212,Luminaire DS1,21.5
humain,E401,E401,Luminaire DS1,1524,2793,0.2677,0.6944,1543,2797,appariée,H:E401:210,IA:E401:213,Luminaire DS1,19.4
humain,E401,E401,Luminaire DS1,1738,2793,0.3052,0.6944,1753,2797,appariée,H:E401:211,IA:E401:214,Luminaire DS1,15.6
humain,E401,E401,Luminaire DS1,2042,2772,0.3586,0.6892,2052,2776,appariée,H:E401:212,IA:E401:215,Luminaire DS1,10.6
humain,E401,E401,Luminaire DS1,1033,3331,0.1814,0.8282,1061,3325,appariée,H:E401:213,IA:E401:216,Luminaire DS1,28.3
humain,E401,E401,Luminaire DS1,998,3179,0.1753,0.7904,1026,3176,appariée,H:E401:214,IA:E401:217,Luminaire DS1,28.5
humain,E401,E401,Luminaire DS1,998,3034,0.1753,0.7544,1026,3033,appariée,H:E401:215,IA:E401:218,Luminaire DS1,28.4
humain,E401,E401,Luminaire DS1,1222,3002,0.2146,0.7464,1246,3002,appariée,H:E401:216,IA:E401:219,Luminaire DS1,24.4
humain,E401,E401,Luminaire DS1,1224,3173,0.2150,0.7889,1248,3170,appariée,H:E401:217,IA:E401:220,Luminaire DS1,24.5
humain,E401,E401,Luminaire DS1,1342,2980,0.2357,0.7409,1364,2980,appariée,H:E401:218,IA:E401:221,Luminaire DS1,22.2
humain,E401,E401,Luminaire DS1,1534,2980,0.2694,0.7409,1553,2980,appariée,H:E401:219,IA:E401:222,Luminaire DS1,18.8
humain,E401,E401,Luminaire DS1,1731,2990,0.3040,0.7434,1746,2990,appariée,H:E401:220,IA:E401:223,Luminaire DS1,15.3
humain,E401,E401,Luminaire DS1,1911,2990,0.3356,0.7434,1923,2990,appariée,H:E401:221,IA:E401:224,Luminaire DS1,12.1
humain,E401,E401,Luminaire DS1,983,2239,0.1726,0.5567,1012,2253,appariée,H:E401:222,IA:E401:225,Luminaire DS1,31.7
humain,E401,E401,Luminaire DS2,1942,1719,0.3411,0.4274,1954,1742,appariée,H:E401:223,IA:E401:230,Luminaire DS2,25.6
humain,E401,E401,Luminaire DS2,1833,1713,0.3219,0.4259,1846,1736,appariée,H:E401:224,IA:E401:231,Luminaire DS2,26.7
humain,E401,E401,Luminaire DW4,2981,2697,0.5235,0.6706,2974,2702,appariée,H:E401:225,IA:E401:232,Luminaire DW4,8.9
humain,E401,E401,Luminaire DW4,3202,2512,0.5623,0.6246,3191,2521,appariée,H:E401:226,IA:E401:233,Luminaire DW4,14.0
humain,E401,E401,Luminaire DW4,3202,2697,0.5623,0.6706,3191,2702,appariée,H:E401:227,IA:E401:234,Luminaire DW4,12.2
humain,E401,E401,Luminaire DW4,3423,2697,0.6012,0.6706,3408,2702,appariée,H:E401:228,IA:E401:235,Luminaire DW4,15.8
humain,E401,E401,Luminaire DW4,3423,2512,0.6012,0.6246,3408,2521,appariée,H:E401:229,IA:E401:236,Luminaire DW4,17.2
humain,E401,E401,Luminaire DW42,2991,2521,0.5253,0.6268,2984,2530,appariée,H:E401:230,IA:E401:237,Luminaire DW42 service continu,11.2
humain,E401,E401,Luminaire extérieur — à classer,1389,3505,0.2439,0.8715,1410,3496,appariée,H:E401:231,IA:E401:25,Cellule photoélectrique,21.3
humain,E401,E401,Luminaire mural DMW1,1163,1523,0.2043,0.3787,1188,1549,appariée,H:E401:232,IA:E401:81,Luminaire DMW1,36.6
humain,E401,E401,Luminaire mural DMW1,2216,3471,0.3892,0.8630,2223,3463,appariée,H:E401:233,IA:E401:82,Luminaire DMW1,10.6
humain,E401,E401,Luminaire mural DMW1,871,1793,0.1530,0.4458,902,1815,appariée,H:E401:234,IA:E401:84,Luminaire DMW1,33.5
humain,E401,E401,Luminaire mural DMW1,871,2070,0.1530,0.5147,902,2087,appariée,H:E401:235,IA:E401:85,Luminaire DMW1,30.5
humain,E401,E401,Luminaire mural DMW1,2782,1733,0.4886,0.4309,2779,1756,appariée,H:E401:236,IA:E401:83,Luminaire DMW1,22.9
humain,E401,E401,Luminaire ovale — à classer,1317,1929,0.2313,0.4796,1340,1948,appariée,H:E401:237,IA:E401:238,Luminaire ovale suspendu — à classer,29.7
humain,E401,E401,Luminaire ovale — à classer,1695,1929,0.2977,0.4796,1711,1948,appariée,H:E401:238,IA:E401:239,Luminaire ovale suspendu — à classer,24.9
humain,E401,E401,Phare double,1131,1676,0.1986,0.4167,1157,1700,appariée,H:E401:239,IA:E401:240,Phare urgence double mural,37.2
humain,E401,E401,Phare double,2285,2027,0.4013,0.5040,2290,2044,appariée,H:E401:240,IA:E401:241,Phare urgence double mural,25.0
humain,E401,E401,Phare double,3171,2418,0.5569,0.6012,3161,2428,appariée,H:E401:241,IA:E401:242,Phare urgence double mural,14.7
humain,E401,E401,Phare double,1473,2645,0.2587,0.6576,1493,2651,appariée,H:E401:242,IA:E401:243,Phare urgence double mural,20.9
humain,E401,E401,Phare double,1666,3087,0.2926,0.7675,1682,3086,appariée,H:E401:243,IA:E401:244,Phare urgence double mural,13.5
humain,E401,E401,Phare double,1783,3145,0.3131,0.7819,1797,3142,appariée,H:E401:244,IA:E401:245,Phare urgence double mural,11.6
humain,E401,E401,Phare double,2232,3288,0.3920,0.8175,2238,3283,appariée,H:E401:245,IA:E401:246,Phare urgence double mural,6.1
humain,E401,E401,Phare simple PH1,1603,1697,0.2815,0.4219,1621,1720,appariée,H:E401:246,IA:E401:247,Phare urgence simple mural,29.2
humain,E401,E401,Phare simple PH1,2533,2045,0.4449,0.5085,2534,2062,appariée,H:E401:247,IA:E401:248,Phare urgence simple mural,17.1
humain,E401,E401,Phare simple PH1,2665,2936,0.4680,0.7300,2664,2937,appariée,H:E401:248,IA:E401:249,Phare urgence simple mural,1.8
humain,E402,E402,Accumulateur 18W + enseigne,1303,1819,0.2288,0.4523,1303,1819,appariée,H:E402:1,IA:E402:1,Accumulateur c/a 2 phares + enseigne,1.8
humain,E402,E402,Accumulateur 36W + enseigne,2285,2981,0.4013,0.7412,2285,2981,appariée,H:E402:2,IA:E402:6,Accumulateur c/a 2 phares + enseigne,16.1
humain,E402,E402,Accumulateur 36W + enseigne,2346,1998,0.4120,0.4968,2346,1998,appariée,H:E402:3,IA:E402:2,Accumulateur c/a 2 phares + enseigne,15.1
humain,E402,E402,Accumulateur 36W + enseigne,2014,2417,0.3537,0.6009,2014,2417,appariée,H:E402:4,IA:E402:4,Accumulateur c/a 2 phares + enseigne,15.9
humain,E402,E402,Accumulateur 36W + enseigne,2247,2398,0.3946,0.5962,2247,2398,appariée,H:E402:5,IA:E402:3,Accumulateur c/a 2 phares + enseigne,15.0
humain,E402,E402,Accumulateur 36W + enseigne,2014,2956,0.3537,0.7350,2014,2956,appariée,H:E402:6,IA:E402:5,Accumulateur c/a 2 phares + enseigne,15.9
humain,E402,E402,Bloc d'alimentation Ba,3172,3049,0.5571,0.7581,3172,3049,appariée,H:E402:7,IA:E402:7,Bloc d'alimentation (Ba),0.1
humain,E402,E402,Bloc d'alimentation Ba,2584,2320,0.4538,0.5768,2584,2320,appariée,H:E402:8,IA:E402:8,Bloc d'alimentation (Ba),0.1
humain,E402,E402,Bouton-poussoir B,1252,1787,0.2199,0.4443,1252,1787,appariée,H:E402:9,IA:E402:9,Bouton-poussoir (B),0.2
humain,E402,E402,Bouton-poussoir B,2014,2523,0.3537,0.6273,2014,2523,appariée,H:E402:10,IA:E402:10,Bouton-poussoir (B),0.1
humain,E402,E402,Bouton-poussoir B,1941,2934,0.3409,0.7295,1941,2934,appariée,H:E402:11,IA:E402:11,Bouton-poussoir (B),0.1
humain,E402,E402,Bouton-poussoir B,1139,3074,0.2000,0.7643,1139,3074,appariée,H:E402:12,IA:E402:12,Bouton-poussoir (B),0.2
humain,E402,E402,Bouton-poussoir B,1139,3258,0.2000,0.8100,1139,3258,appariée,H:E402:13,IA:E402:13,Bouton-poussoir (B),0.2
humain,E402,E402,Bouton-poussoir B,1465,3281,0.2573,0.8158,1465,3281,appariée,H:E402:14,IA:E402:14,Bouton-poussoir (B),0.2
humain,E402,E402,Bouton-poussoir B,1782,3281,0.3130,0.8158,1782,3281,appariée,H:E402:15,IA:E402:15,Bouton-poussoir (B),0.1
humain,E402,E402,Bouton-poussoir B,1962,3281,0.3446,0.8158,1962,3281,appariée,H:E402:16,IA:E402:16,Bouton-poussoir (B),0.1
humain,E402,E402,Bouton-poussoir B,2491,3238,0.4375,0.8051,2491,3238,appariée,H:E402:17,IA:E402:17,Bouton-poussoir (B),0.1
humain,E402,E402,Bouton-poussoir B,2674,3254,0.4696,0.8091,2674,3254,appariée,H:E402:18,IA:E402:18,Bouton-poussoir (B),0.1
humain,E402,E402,Bouton-poussoir B,2860,3237,0.5023,0.8048,2860,3237,appariée,H:E402:19,IA:E402:19,Bouton-poussoir (B),0.1
humain,E402,E402,Bouton-poussoir B,3042,3238,0.5342,0.8051,3042,3238,appariée,H:E402:20,IA:E402:20,Bouton-poussoir (B),0.1
humain,E402,E402,Bouton-poussoir B,3227,3238,0.5667,0.8051,3227,3238,appariée,H:E402:21,IA:E402:21,Bouton-poussoir (B),0.1
humain,E402,E402,Bouton-poussoir B,3309,3209,0.5811,0.7979,3309,3209,appariée,H:E402:22,IA:E402:22,Bouton-poussoir (B),0.1
humain,E402,E402,Bouton-poussoir B,3409,3025,0.5987,0.7521,3409,3025,appariée,H:E402:23,IA:E402:23,Bouton-poussoir (B),0.1
humain,E402,E402,Bouton-poussoir B,3367,2987,0.5913,0.7427,3367,2987,appariée,H:E402:24,IA:E402:24,Bouton-poussoir (B),0.1
humain,E402,E402,Bouton-poussoir B,3370,2791,0.5919,0.6939,3370,2791,appariée,H:E402:25,IA:E402:25,Bouton-poussoir (B),0.1
humain,E402,E402,Bouton-poussoir B,3366,2595,0.5911,0.6452,3366,2595,appariée,H:E402:26,IA:E402:26,Bouton-poussoir (B),0.1
humain,E402,E402,Bouton-poussoir B,2322,1885,0.4078,0.4687,2322,1885,appariée,H:E402:27,IA:E402:27,Bouton-poussoir (B),0.1
humain,E402,E402,Bouton-poussoir B,3366,2242,0.5911,0.5574,3366,2242,appariée,H:E402:28,IA:E402:28,Bouton-poussoir (B),0.1
humain,E402,E402,Bouton-poussoir B,3366,2204,0.5911,0.5480,3366,2204,appariée,H:E402:29,IA:E402:29,Bouton-poussoir (B),0.1
humain,E402,E402,Bouton-poussoir B,3172,2124,0.5571,0.5281,3172,2124,appariée,H:E402:30,IA:E402:30,Bouton-poussoir (B),0.0
humain,E402,E402,Bouton-poussoir B,2910,2128,0.5111,0.5291,2910,2128,appariée,H:E402:31,IA:E402:31,Bouton-poussoir (B),0.1
humain,E402,E402,Bouton-poussoir B,2873,2128,0.5046,0.5291,2873,2128,appariée,H:E402:32,IA:E402:32,Bouton-poussoir (B),0.1
humain,E402,E402,Bouton-poussoir B,2380,2391,0.4180,0.5945,2380,2391,appariée,H:E402:33,IA:E402:33,Bouton-poussoir (B),0.1
humain,E402,E402,Bouton-poussoir B,2381,2429,0.4182,0.6039,2381,2429,appariée,H:E402:34,IA:E402:34,Bouton-poussoir (B),0.1
humain,E402,E402,Bouton-poussoir B,3141,2937,0.5516,0.7302,3141,2937,appariée,H:E402:35,IA:E402:35,Bouton-poussoir (B),0.1
humain,E402,E402,Bouton-poussoir B,2677,2359,0.4701,0.5865,2677,2359,appariée,H:E402:36,IA:E402:36,Bouton-poussoir (B),0.1
humain,E402,E402,Bouton-poussoir B,2291,3038,0.4024,0.7553,2291,3038,appariée,H:E402:37,IA:E402:37,Bouton-poussoir (B),0.1
humain,E402,E402,Bouton-poussoir B,2346,1917,0.4120,0.4766,2346,1917,appariée,H:E402:38,IA:E402:38,Bouton-poussoir (B),0.1
humain,E402,E402,Bouton-poussoir B,2075,1769,0.3644,0.4398,2075,1769,appariée,H:E402:39,IA:E402:39,Bouton-poussoir (B),0.1
humain,E402,E402,Détecteur inoccupation Do,999,2125,0.1754,0.5283,999,2125,appariée,H:E402:40,IA:E402:61,Détecteur inoccupation plafond (Do),0.2
humain,E402,E402,Détecteur inoccupation Do,1283,2125,0.2253,0.5283,1283,2125,appariée,H:E402:41,IA:E402:62,Détecteur inoccupation plafond (Do),0.2
humain,E402,E402,Détecteur inoccupation Do,1547,2115,0.2717,0.5259,1547,2115,appariée,H:E402:42,IA:E402:63,Détecteur inoccupation plafond (Do),0.1
humain,E402,E402,Détecteur inoccupation Do,1121,1910,0.1969,0.4749,1121,1910,appariée,H:E402:43,IA:E402:64,Détecteur inoccupation plafond (Do),0.2
humain,E402,E402,Détecteur inoccupation Do,1100,2632,0.1932,0.6544,1100,2632,appariée,H:E402:44,IA:E402:65,Détecteur inoccupation plafond (Do),0.2
humain,E402,E402,Détecteur inoccupation Do,1479,2632,0.2597,0.6544,1479,2632,appariée,H:E402:45,IA:E402:66,Détecteur inoccupation plafond (Do),0.2
humain,E402,E402,Détecteur inoccupation Do,1838,2632,0.3228,0.6544,1838,2632,appariée,H:E402:46,IA:E402:67,Détecteur inoccupation plafond (Do),0.1
humain,E402,E402,Détecteur inoccupation Do,1323,3086,0.2323,0.7673,1323,3086,appariée,H:E402:47,IA:E402:68,Détecteur inoccupation plafond (Do),0.2
humain,E402,E402,Détecteur inoccupation Do,1906,3086,0.3347,0.7673,1906,3086,appariée,H:E402:48,IA:E402:69,Détecteur inoccupation plafond (Do),0.1
humain,E402,E402,Détecteur inoccupation Do,1601,3086,0.2812,0.7673,1601,3086,appariée,H:E402:49,IA:E402:70,Détecteur inoccupation plafond (Do),0.1
humain,E402,E402,Détecteur inoccupation Do,998,3056,0.1753,0.7598,998,3056,appariée,H:E402:50,IA:E402:71,Détecteur inoccupation plafond (Do),0.2
humain,E402,E402,Détecteur inoccupation Do,996,3317,0.1749,0.8247,996,3317,appariée,H:E402:51,IA:E402:72,Détecteur inoccupation plafond (Do),0.2
humain,E402,E402,Détecteur inoccupation Do,1298,3365,0.2280,0.8366,1298,3365,appariée,H:E402:52,IA:E402:73,Détecteur inoccupation plafond (Do),0.2
humain,E402,E402,Détecteur inoccupation Do,1711,3377,0.3005,0.8396,1711,3377,appariée,H:E402:53,IA:E402:74,Détecteur inoccupation plafond (Do),0.1
humain,E402,E402,Détecteur inoccupation Do,1980,3322,0.3477,0.8260,1980,3322,appariée,H:E402:54,IA:E402:75,Détecteur inoccupation plafond (Do),0.1
humain,E402,E402,Détecteur inoccupation Do,2424,3280,0.4257,0.8155,2424,3280,appariée,H:E402:55,IA:E402:76,Détecteur inoccupation plafond (Do),0.1
humain,E402,E402,Détecteur inoccupation Do,2603,3281,0.4571,0.8158,2603,3281,appariée,H:E402:56,IA:E402:77,Détecteur inoccupation plafond (Do),0.1
humain,E402,E402,Détecteur inoccupation Do,2786,3372,0.4893,0.8384,2786,3372,appariée,H:E402:57,IA:E402:78,Détecteur inoccupation plafond (Do),0.1
humain,E402,E402,Détecteur inoccupation Do,2971,3374,0.5218,0.8389,2971,3374,appariée,H:E402:58,IA:E402:79,Détecteur inoccupation plafond (Do),0.1
humain,E402,E402,Détecteur inoccupation Do,3154,3372,0.5539,0.8384,3154,3372,appariée,H:E402:59,IA:E402:80,Détecteur inoccupation plafond (Do),0.1
humain,E402,E402,Détecteur inoccupation Do,3401,3359,0.5973,0.8352,3401,3359,appariée,H:E402:60,IA:E402:81,Détecteur inoccupation plafond (Do),0.1
humain,E402,E402,Détecteur inoccupation Do,3412,3133,0.5992,0.7790,3412,3133,appariée,H:E402:61,IA:E402:82,Détecteur inoccupation plafond (Do),0.1
humain,E402,E402,Détecteur inoccupation Do,3400,2907,0.5971,0.7228,3400,2907,appariée,H:E402:62,IA:E402:83,Détecteur inoccupation plafond (Do),0.1
humain,E402,E402,Détecteur inoccupation Do,3397,2712,0.5966,0.6743,3397,2712,appariée,H:E402:63,IA:E402:84,Détecteur inoccupation plafond (Do),0.1
humain,E402,E402,Détecteur inoccupation Do,3404,2520,0.5978,0.6266,3404,2520,appariée,H:E402:64,IA:E402:85,Détecteur inoccupation plafond (Do),0.1
humain,E402,E402,Détecteur inoccupation Do,2312,1743,0.4060,0.4334,2312,1743,appariée,H:E402:65,IA:E402:86,Détecteur inoccupation plafond (Do),0.1
humain,E402,E402,Détecteur inoccupation Do,2691,1743,0.4726,0.4334,2691,1743,appariée,H:E402:66,IA:E402:87,Détecteur inoccupation plafond (Do),0.1
humain,E402,E402,Détecteur inoccupation Do,3397,2331,0.5966,0.5796,3397,2331,appariée,H:E402:67,IA:E402:88,Détecteur inoccupation plafond (Do),0.1
humain,E402,E402,Détecteur inoccupation Do,3442,2036,0.6045,0.5062,3442,2036,appariée,H:E402:68,IA:E402:89,Détecteur inoccupation plafond (Do),0.1
humain,E402,E402,Détecteur inoccupation Do,3193,1999,0.5608,0.4970,3193,1999,appariée,H:E402:69,IA:E402:90,Détecteur inoccupation plafond (Do),0.0
humain,E402,E402,Détecteur inoccupation Do,2991,2029,0.5253,0.5045,2991,2029,appariée,H:E402:70,IA:E402:91,Détecteur inoccupation plafond (Do),0.0
humain,E402,E402,Détecteur inoccupation Do,2807,2033,0.4930,0.5055,2807,2033,appariée,H:E402:71,IA:E402:92,Détecteur inoccupation plafond (Do),0.1
humain,E402,E402,Détecteur inoccupation Do,2359,2237,0.4143,0.5562,2359,2237,appariée,H:E402:72,IA:E402:93,Détecteur inoccupation plafond (Do),0.1
humain,E402,E402,Détecteur inoccupation Do,2354,2537,0.4134,0.6308,2354,2537,appariée,H:E402:73,IA:E402:94,Détecteur inoccupation plafond (Do),0.1
humain,E402,E402,Détecteur inoccupation Do,2959,2856,0.5197,0.7101,2959,2856,appariée,H:E402:74,IA:E402:95,Détecteur inoccupation plafond (Do),0.1
humain,E402,E402,Détecteur inoccupation Do,2595,2952,0.4557,0.7340,2595,2952,appariée,H:E402:75,IA:E402:56,Détecteur inoccupation mural (Do),0.1
humain,E402,E402,Détecteur inoccupation Do,2759,2516,0.4845,0.6256,2759,2516,appariée,H:E402:76,IA:E402:96,Détecteur inoccupation plafond (Do),0.1
humain,E402,E402,Détecteur inoccupation Do,2975,2516,0.5225,0.6256,2975,2516,appariée,H:E402:77,IA:E402:97,Détecteur inoccupation plafond (Do),0.1
humain,E402,E402,Détecteur inoccupation Do,2404,2908,0.4222,0.7230,2404,2908,appariée,H:E402:78,IA:E402:57,Détecteur inoccupation mural (Do),0.1
humain,E402,E402,Détecteur inoccupation Do,2428,2794,0.4264,0.6947,2428,2794,appariée,H:E402:79,IA:E402:58,Détecteur inoccupation mural (Do),0.1
humain,E402,E402,Détecteur inoccupation Do,1540,1719,0.2705,0.4274,1540,1719,appariée,H:E402:80,IA:E402:59,Détecteur inoccupation mural (Do),0.1
humain,E402,E402,Détecteur inoccupation Do,1649,1714,0.2896,0.4262,1649,1714,appariée,H:E402:81,IA:E402:60,Détecteur inoccupation mural (Do),0.1
humain,E402,E402,Détecteur occupation Di,2508,3011,0.4405,0.7486,2508,3011,appariée,H:E402:82,IA:E402:40,Détecteur infrarouge plafond (Di),0.1
humain,E402,E402,Détecteur occupation Di,2929,3062,0.5144,0.7613,2929,3062,appariée,H:E402:83,IA:E402:41,Détecteur infrarouge plafond (Di),0.1
humain,E402,E402,Détecteur occupation Di,3227,2991,0.5667,0.7437,3227,2991,appariée,H:E402:84,IA:E402:42,Détecteur infrarouge plafond (Di),0.1
humain,E402,E402,Détecteur occupation Di,3227,2584,0.5667,0.6425,3227,2584,appariée,H:E402:85,IA:E402:43,Détecteur infrarouge plafond (Di),0.1
humain,E402,E402,Détecteur occupation Di,3191,2212,0.5604,0.5500,3191,2212,appariée,H:E402:86,IA:E402:44,Détecteur infrarouge plafond (Di),0.1
humain,E402,E402,Détecteur occupation Di,2833,2307,0.4975,0.5736,2833,2307,appariée,H:E402:87,IA:E402:45,Détecteur infrarouge plafond (Di),0.1
humain,E402,E402,Détecteur occupation Di,2511,2326,0.4410,0.5783,2511,2326,appariée,H:E402:88,IA:E402:46,Détecteur infrarouge plafond (Di),0.1
humain,E402,E402,Détecteur occupation Di,2514,2659,0.4415,0.6611,2514,2659,appariée,H:E402:89,IA:E402:47,Détecteur infrarouge plafond (Di),0.1
humain,E402,E402,Détecteur occupation Di,1784,1935,0.3133,0.4811,1784,1935,appariée,H:E402:90,IA:E402:48,Détecteur infrarouge plafond (Di),0.1
humain,E402,E402,Détecteur occupation Di,1680,2081,0.2950,0.5174,1680,2081,appariée,H:E402:91,IA:E402:49,Détecteur infrarouge plafond (Di),0.1
humain,E402,E402,Détecteur occupation Di,1680,1998,0.2950,0.4968,1680,1998,appariée,H:E402:92,IA:E402:50,Détecteur infrarouge plafond (Di),0.1
humain,E402,E402,Détecteur occupation Di,1680,1929,0.2950,0.4796,1680,1929,appariée,H:E402:93,IA:E402:51,Détecteur infrarouge plafond (Di),0.1
humain,E402,E402,Détecteur occupation Di,1680,2159,0.2950,0.5368,1680,2159,appariée,H:E402:94,IA:E402:52,Détecteur infrarouge plafond (Di),0.1
humain,E402,E402,Détecteur occupation Di,1682,2237,0.2954,0.5562,1682,2237,appariée,H:E402:95,IA:E402:53,Détecteur infrarouge plafond (Di),0.1
humain,E402,E402,Détecteur occupation Di,1680,2319,0.2950,0.5766,1680,2319,appariée,H:E402:96,IA:E402:54,Détecteur infrarouge plafond (Di),0.1
humain,E402,E402,Détecteur occupation Di,1829,2190,0.3212,0.5445,1829,2190,appariée,H:E402:97,IA:E402:55,Détecteur infrarouge plafond (Di),0.1
humain,E402,E402,Enseigne de sortie,1413,1793,0.2482,0.4458,1413,1793,appariée,H:E402:98,IA:E402:101,Enseigne issue 1 face murale tout droit,0.1
humain,E402,E402,Enseigne de sortie,1879,1833,0.3300,0.4557,1879,1833,appariée,H:E402:99,IA:E402:105,Enseigne issue 1 face plafond tout droit,0.1
humain,E402,E402,Enseigne de sortie,1912,2041,0.3358,0.5075,1912,2041,appariée,H:E402:100,IA:E402:98,Enseigne issue 1 face murale (flèche),0.1
humain,E402,E402,Enseigne de sortie,2473,2266,0.4343,0.5634,2473,2266,appariée,H:E402:101,IA:E402:99,Enseigne issue 1 face murale (flèche),10.1
humain,E402,E402,Enseigne de sortie,2473,2292,0.4343,0.5699,2473,2292,appariée,H:E402:102,IA:E402:100,Enseigne issue 1 face murale (flèche),11.9
humain,E402,E402,Enseigne de sortie,3221,2285,0.5657,0.5681,3221,2285,appariée,H:E402:103,IA:E402:103,Enseigne issue 1 face plafond (flèche),4.9
humain,E402,E402,Enseigne de sortie,2514,2942,0.4415,0.7315,2514,2942,appariée,H:E402:104,IA:E402:106,Enseigne issue 1 face plafond tout droit,2.1
humain,E402,E402,Enseigne de sortie,2215,3030,0.3890,0.7534,2215,3030,appariée,H:E402:105,IA:E402:102,Enseigne issue 1 face murale tout droit,3.6
humain,E402,E402,Enseigne de sortie,3226,3085,0.5666,0.7670,3226,3085,appariée,H:E402:106,IA:E402:104,Enseigne issue 1 face plafond (flèche),3.7
humain,E402,E402,Interrupteur,2373,1917,0.4168,0.4766,2373,1917,appariée,H:E402:107,IA:E402:107,Interrupteur unipolaire,13.9
humain,E402,E402,Luminaire DR2,1472,1694,0.2585,0.4212,1472,1694,appariée,H:E402:108,IA:E402:108,Luminaire DR2,0.1
humain,E402,E402,Luminaire DR5,2677,2899,0.4701,0.7208,2677,2899,appariée,H:E402:109,IA:E402:109,Luminaire DR5,0.1
humain,E402,E402,Luminaire DR5,2332,2792,0.4096,0.6942,2332,2792,appariée,H:E402:110,IA:E402:110,Luminaire DR5,0.1
humain,E402,E402,Luminaire DR5,1661,1643,0.2917,0.4085,1661,1643,appariée,H:E402:111,IA:E402:111,Luminaire DR5,0.1
humain,E402,E402,Luminaire DR51,1182,1696,0.2076,0.4217,1182,1696,appariée,H:E402:112,IA:E402:112,Luminaire DR51,0.2
humain,E402,E402,Luminaire DR51,2154,3448,0.3783,0.8573,2154,3448,appariée,H:E402:113,IA:E402:113,Luminaire DR51,0.1
humain,E402,E402,Luminaire DR51,1097,1856,0.1927,0.4615,1097,1856,appariée,H:E402:114,IA:E402:114,Luminaire DR51,0.2
humain,E402,E402,Luminaire DR51,1024,2035,0.1798,0.5060,1024,2035,appariée,H:E402:115,IA:E402:115,Luminaire DR51,0.2
humain,E402,E402,Luminaire DR51,1207,2035,0.2120,0.5060,1207,2035,appariée,H:E402:116,IA:E402:116,Luminaire DR51,0.2
humain,E402,E402,Luminaire DR51,1024,2260,0.1798,0.5619,1024,2260,appariée,H:E402:117,IA:E402:117,Luminaire DR51,0.2
humain,E402,E402,Luminaire DR51,1207,2260,0.2120,0.5619,1207,2260,appariée,H:E402:118,IA:E402:118,Luminaire DR51,0.2
humain,E402,E402,Luminaire DR51,1390,2035,0.2441,0.5060,1390,2035,appariée,H:E402:119,IA:E402:119,Luminaire DR51,0.2
humain,E402,E402,Luminaire DR51,1383,2260,0.2429,0.5619,1383,2260,appariée,H:E402:120,IA:E402:120,Luminaire DR51,0.2
humain,E402,E402,Luminaire DR51,1572,2260,0.2761,0.5619,1572,2260,appariée,H:E402:121,IA:E402:121,Luminaire DR51,0.1
humain,E402,E402,Luminaire DR51,1572,2035,0.2761,0.5060,1572,2035,appariée,H:E402:122,IA:E402:122,Luminaire DR51,0.1
humain,E402,E402,Luminaire DR51,1029,2521,0.1807,0.6268,1029,2521,appariée,H:E402:123,IA:E402:123,Luminaire DR51,0.2
humain,E402,E402,Luminaire DR51,1220,2521,0.2143,0.6268,1220,2521,appariée,H:E402:124,IA:E402:124,Luminaire DR51,0.2
humain,E402,E402,Luminaire DR51,1411,2521,0.2478,0.6268,1411,2521,appariée,H:E402:125,IA:E402:125,Luminaire DR51,0.2
humain,E402,E402,Luminaire DR51,1602,2521,0.2813,0.6268,1602,2521,appariée,H:E402:126,IA:E402:126,Luminaire DR51,0.1
humain,E402,E402,Luminaire DR51,1793,2521,0.3149,0.6268,1793,2521,appariée,H:E402:127,IA:E402:127,Luminaire DR51,0.1
humain,E402,E402,Luminaire DR51,1965,2565,0.3451,0.6377,1965,2565,appariée,H:E402:128,IA:E402:128,Luminaire DR51,0.1
humain,E402,E402,Luminaire DR51,1029,2795,0.1807,0.6949,1029,2795,appariée,H:E402:129,IA:E402:129,Luminaire DR51,0.2
humain,E402,E402,Luminaire DR51,1220,2795,0.2143,0.6949,1220,2795,appariée,H:E402:130,IA:E402:130,Luminaire DR51,0.2
humain,E402,E402,Luminaire DR51,1411,2795,0.2478,0.6949,1411,2795,appariée,H:E402:131,IA:E402:131,Luminaire DR51,0.2
humain,E402,E402,Luminaire DR51,1602,2795,0.2813,0.6949,1602,2795,appariée,H:E402:132,IA:E402:132,Luminaire DR51,0.1
humain,E402,E402,Luminaire DR51,1793,2795,0.3149,0.6949,1793,2795,appariée,H:E402:133,IA:E402:133,Luminaire DR51,0.1
humain,E402,E402,Luminaire DR51,1984,2795,0.3484,0.6949,1984,2795,appariée,H:E402:134,IA:E402:134,Luminaire DR51,0.1
humain,E402,E402,Luminaire DR51,1253,3184,0.2201,0.7916,1253,3184,appariée,H:E402:135,IA:E402:135,Luminaire DR51,0.2
humain,E402,E402,Luminaire DR51,1253,3031,0.2201,0.7536,1253,3031,appariée,H:E402:136,IA:E402:136,Luminaire DR51,0.2
humain,E402,E402,Luminaire DR51,1478,3031,0.2596,0.7536,1478,3031,appariée,H:E402:137,IA:E402:137,Luminaire DR51,0.2
humain,E402,E402,Luminaire DR51,1478,3184,0.2596,0.7916,1478,3184,appariée,H:E402:138,IA:E402:138,Luminaire DR51,0.2
humain,E402,E402,Luminaire DR51,1704,3184,0.2993,0.7916,1704,3184,appariée,H:E402:139,IA:E402:139,Luminaire DR51,0.1
humain,E402,E402,Luminaire DR51,1704,3031,0.2993,0.7536,1704,3031,appariée,H:E402:140,IA:E402:140,Luminaire DR51,0.1
humain,E402,E402,Luminaire DR51,1929,3031,0.3388,0.7536,1929,3031,appariée,H:E402:141,IA:E402:141,Luminaire DR51,0.1
humain,E402,E402,Luminaire DR51,1929,3184,0.3388,0.7916,1929,3184,appariée,H:E402:142,IA:E402:142,Luminaire DR51,0.1
humain,E402,E402,Luminaire DR52,1392,1736,0.2445,0.4316,1392,1736,appariée,H:E402:143,IA:E402:143,Luminaire DR52 service continu,0.1
humain,E402,E402,Luminaire DR52,2157,3179,0.3788,0.7904,2157,3179,appariée,H:E402:144,IA:E402:144,Luminaire DR52 service continu,0.1
humain,E402,E402,Luminaire DS0,1111,3145,0.1951,0.7819,1111,3145,appariée,H:E402:145,IA:E402:145,Luminaire DS0,0.2
humain,E402,E402,Luminaire DS0,951,3145,0.1670,0.7819,951,3145,appariée,H:E402:146,IA:E402:146,Luminaire DS0,0.2
humain,E402,E402,Luminaire DS0,951,3000,0.1670,0.7459,951,3000,appariée,H:E402:147,IA:E402:147,Luminaire DS0,0.2
humain,E402,E402,Luminaire DS0,1111,3000,0.1951,0.7459,1111,3000,appariée,H:E402:148,IA:E402:148,Luminaire DS0,0.2
humain,E402,E402,Luminaire DS0,950,3246,0.1668,0.8071,950,3246,appariée,H:E402:149,IA:E402:149,Luminaire DS0,0.2
humain,E402,E402,Luminaire DS0,950,3438,0.1668,0.8548,950,3438,appariée,H:E402:150,IA:E402:150,Luminaire DS0,0.2
humain,E402,E402,Luminaire DS0,1111,3246,0.1951,0.8071,1111,3246,appariée,H:E402:151,IA:E402:151,Luminaire DS0,0.2
humain,E402,E402,Luminaire DS0,1111,3438,0.1951,0.8548,1111,3438,appariée,H:E402:152,IA:E402:152,Luminaire DS0,0.2
humain,E402,E402,Luminaire DS0,1609,3336,0.2826,0.8294,1609,3336,appariée,H:E402:153,IA:E402:153,Luminaire DS0,0.2
humain,E402,E402,Luminaire DS0,1609,3433,0.2826,0.8536,1609,3433,appariée,H:E402:154,IA:E402:154,Luminaire DS0,0.2
humain,E402,E402,Luminaire DS0,1712,3336,0.3007,0.8294,1712,3336,appariée,H:E402:155,IA:E402:155,Luminaire DS0,0.1
humain,E402,E402,Luminaire DS0,1712,3433,0.3007,0.8536,1712,3433,appariée,H:E402:156,IA:E402:156,Luminaire DS0,0.1
humain,E402,E402,Luminaire DS0,1815,3336,0.3188,0.8294,1815,3336,appariée,H:E402:157,IA:E402:157,Luminaire DS0,0.1
humain,E402,E402,Luminaire DS0,1815,3433,0.3188,0.8536,1815,3433,appariée,H:E402:158,IA:E402:158,Luminaire DS0,0.1
humain,E402,E402,Luminaire DS0,1907,3448,0.3349,0.8573,1907,3448,appariée,H:E402:159,IA:E402:159,Luminaire DS0,0.1
humain,E402,E402,Luminaire DS0,1907,3319,0.3349,0.8252,1907,3319,appariée,H:E402:160,IA:E402:160,Luminaire DS0,0.1
humain,E402,E402,Luminaire DS0,2033,3319,0.3570,0.8252,2033,3319,appariée,H:E402:161,IA:E402:161,Luminaire DS0,0.1
humain,E402,E402,Luminaire DS0,2033,3448,0.3570,0.8573,2033,3448,appariée,H:E402:162,IA:E402:162,Luminaire DS0,0.1
humain,E402,E402,Luminaire DS0,2311,3236,0.4059,0.8046,2311,3236,appariée,H:E402:163,IA:E402:163,Luminaire DS0,0.1
humain,E402,E402,Luminaire DS0,2484,3205,0.4362,0.7969,2484,3205,appariée,H:E402:164,IA:E402:164,Luminaire DS0,0.1
humain,E402,E402,Luminaire DS0,2311,3432,0.4059,0.8533,2311,3432,appariée,H:E402:165,IA:E402:165,Luminaire DS0,0.1
humain,E402,E402,Luminaire DS0,2466,3432,0.4331,0.8533,2466,3432,appariée,H:E402:166,IA:E402:166,Luminaire DS0,0.1
humain,E402,E402,Luminaire DS0,2545,3431,0.4470,0.8531,2545,3431,appariée,H:E402:167,IA:E402:167,Luminaire DS0,0.1
humain,E402,E402,Luminaire DS0,2660,3431,0.4672,0.8531,2660,3431,appariée,H:E402:168,IA:E402:168,Luminaire DS0,0.1
humain,E402,E402,Luminaire DS0,2545,3235,0.4470,0.8043,2545,3235,appariée,H:E402:169,IA:E402:169,Luminaire DS0,0.1
humain,E402,E402,Luminaire DS0,2677,3217,0.4701,0.7999,2677,3217,appariée,H:E402:170,IA:E402:170,Luminaire DS0,0.1
humain,E402,E402,Luminaire DS0,2729,3431,0.4793,0.8531,2729,3431,appariée,H:E402:171,IA:E402:171,Luminaire DS0,0.1
humain,E402,E402,Luminaire DS0,2845,3431,0.4996,0.8531,2845,3431,appariée,H:E402:172,IA:E402:172,Luminaire DS0,0.1
humain,E402,E402,Luminaire DS0,2729,3234,0.4793,0.8041,2729,3234,appariée,H:E402:173,IA:E402:173,Luminaire DS0,0.1
humain,E402,E402,Luminaire DS0,2861,3206,0.5025,0.7971,2861,3206,appariée,H:E402:174,IA:E402:174,Luminaire DS0,0.1
humain,E402,E402,Luminaire DS0,2915,3431,0.5119,0.8531,2915,3431,appariée,H:E402:175,IA:E402:175,Luminaire DS0,0.1
humain,E402,E402,Luminaire DS0,3026,3430,0.5314,0.8528,3026,3430,appariée,H:E402:176,IA:E402:176,Luminaire DS0,0.1
humain,E402,E402,Luminaire DS0,2915,3235,0.5119,0.8043,2915,3235,appariée,H:E402:177,IA:E402:177,Luminaire DS0,0.1
humain,E402,E402,Luminaire DS0,3046,3206,0.5349,0.7971,3046,3206,appariée,H:E402:178,IA:E402:178,Luminaire DS0,0.1
humain,E402,E402,Luminaire DS0,3098,3430,0.5441,0.8528,3098,3430,appariée,H:E402:179,IA:E402:179,Luminaire DS0,0.1
humain,E402,E402,Luminaire DS0,3213,3430,0.5643,0.8528,3213,3430,appariée,H:E402:180,IA:E402:180,Luminaire DS0,0.1
humain,E402,E402,Luminaire DS0,3098,3233,0.5441,0.8038,3098,3233,appariée,H:E402:181,IA:E402:181,Luminaire DS0,0.1
humain,E402,E402,Luminaire DS0,3230,3206,0.5673,0.7971,3230,3206,appariée,H:E402:182,IA:E402:182,Luminaire DS0,0.1
humain,E402,E402,Luminaire DS0,3301,3313,0.5797,0.8237,3301,3313,appariée,H:E402:183,IA:E402:183,Luminaire DS0,0.1
humain,E402,E402,Luminaire DS0,3404,3313,0.5978,0.8237,3404,3313,appariée,H:E402:184,IA:E402:184,Luminaire DS0,0.1
humain,E402,E402,Luminaire DS0,3507,3313,0.6159,0.8237,3507,3313,appariée,H:E402:185,IA:E402:185,Luminaire DS0,0.1
humain,E402,E402,Luminaire DS0,3301,3423,0.5797,0.8511,3301,3423,appariée,H:E402:186,IA:E402:186,Luminaire DS0,0.1
humain,E402,E402,Luminaire DS0,3404,3423,0.5978,0.8511,3404,3423,appariée,H:E402:187,IA:E402:187,Luminaire DS0,0.1
humain,E402,E402,Luminaire DS0,3507,3423,0.6159,0.8511,3507,3423,appariée,H:E402:188,IA:E402:188,Luminaire DS0,0.1
humain,E402,E402,Luminaire DS0,3369,3216,0.5917,0.7996,3369,3216,appariée,H:E402:189,IA:E402:189,Luminaire DS0,0.1
humain,E402,E402,Luminaire DS0,3369,3071,0.5917,0.7636,3369,3071,appariée,H:E402:190,IA:E402:190,Luminaire DS0,0.1
humain,E402,E402,Luminaire DS0,3519,3067,0.6180,0.7626,3519,3067,appariée,H:E402:191,IA:E402:191,Luminaire DS0,0.1
humain,E402,E402,Luminaire DS0,3519,3213,0.6180,0.7989,3519,3213,appariée,H:E402:192,IA:E402:192,Luminaire DS0,0.1
humain,E402,E402,Luminaire DS0,3340,2865,0.5866,0.7123,3340,2865,appariée,H:E402:193,IA:E402:193,Luminaire DS0,0.1
humain,E402,E402,Luminaire DS0,3514,2865,0.6171,0.7123,3514,2865,appariée,H:E402:194,IA:E402:194,Luminaire DS0,0.1
humain,E402,E402,Luminaire DS0,3514,2989,0.6171,0.7432,3514,2989,appariée,H:E402:195,IA:E402:195,Luminaire DS0,0.1
humain,E402,E402,Luminaire DS0,3356,2956,0.5894,0.7350,3356,2956,appariée,H:E402:196,IA:E402:196,Luminaire DS0,0.1
humain,E402,E402,Luminaire DS0,3345,2671,0.5875,0.6641,3345,2671,appariée,H:E402:197,IA:E402:197,Luminaire DS0,0.1
humain,E402,E402,Luminaire DS0,3335,2750,0.5857,0.6837,3335,2750,appariée,H:E402:198,IA:E402:198,Luminaire DS0,0.1
humain,E402,E402,Luminaire DS0,3519,2669,0.6180,0.6636,3519,2669,appariée,H:E402:199,IA:E402:199,Luminaire DS0,0.1
humain,E402,E402,Luminaire DS0,3514,2792,0.6171,0.6942,3514,2792,appariée,H:E402:200,IA:E402:200,Luminaire DS0,0.1
humain,E402,E402,Luminaire DS0,3340,2472,0.5866,0.6146,3340,2472,appariée,H:E402:201,IA:E402:201,Luminaire DS0,0.1
humain,E402,E402,Luminaire DS0,3359,2564,0.5899,0.6375,3359,2564,appariée,H:E402:202,IA:E402:202,Luminaire DS0,0.1
humain,E402,E402,Luminaire DS0,3514,2597,0.6171,0.6457,3514,2597,appariée,H:E402:203,IA:E402:203,Luminaire DS0,0.1
humain,E402,E402,Luminaire DS0,3514,2472,0.6171,0.6146,3514,2472,appariée,H:E402:204,IA:E402:204,Luminaire DS0,0.1
humain,E402,E402,Luminaire DS0,3343,2279,0.5871,0.5666,3343,2279,appariée,H:E402:205,IA:E402:205,Luminaire DS0,0.1
humain,E402,E402,Luminaire DS0,3514,2280,0.6171,0.5669,3514,2280,appariée,H:E402:206,IA:E402:206,Luminaire DS0,0.1
humain,E402,E402,Luminaire DS0,3343,2407,0.5871,0.5985,3343,2407,appariée,H:E402:207,IA:E402:207,Luminaire DS0,0.1
humain,E402,E402,Luminaire DS0,3514,2404,0.6171,0.5977,3514,2404,appariée,H:E402:208,IA:E402:208,Luminaire DS0,0.1
humain,E402,E402,Luminaire DS0,3356,1982,0.5894,0.4928,3356,1982,appariée,H:E402:209,IA:E402:209,Luminaire DS0,0.0
humain,E402,E402,Luminaire DS0,3376,2160,0.5929,0.5370,3376,2160,appariée,H:E402:210,IA:E402:210,Luminaire DS0,0.1
humain,E402,E402,Luminaire DS0,3517,2188,0.6177,0.5440,3517,2188,appariée,H:E402:211,IA:E402:211,Luminaire DS0,0.1
humain,E402,E402,Luminaire DS0,3517,1982,0.6177,0.4928,3517,1982,appariée,H:E402:212,IA:E402:212,Luminaire DS0,0.1
humain,E402,E402,Luminaire DS0,3126,1967,0.5490,0.4891,3126,1967,appariée,H:E402:213,IA:E402:213,Luminaire DS0,0.0
humain,E402,E402,Luminaire DS0,3127,2125,0.5492,0.5283,3127,2125,appariée,H:E402:214,IA:E402:214,Luminaire DS0,0.0
humain,E402,E402,Luminaire DS0,3267,2119,0.5738,0.5269,3267,2119,appariée,H:E402:215,IA:E402:215,Luminaire DS0,0.0
humain,E402,E402,Luminaire DS0,3270,1967,0.5743,0.4891,3270,1967,appariée,H:E402:216,IA:E402:216,Luminaire DS0,0.0
humain,E402,E402,Luminaire DS0,2933,1976,0.5151,0.4913,2933,1976,appariée,H:E402:217,IA:E402:217,Luminaire DS0,0.0
humain,E402,E402,Luminaire DS0,3050,1976,0.5357,0.4913,3050,1976,appariée,H:E402:218,IA:E402:218,Luminaire DS0,0.0
humain,E402,E402,Luminaire DS0,2929,2172,0.5144,0.5400,2929,2172,appariée,H:E402:219,IA:E402:219,Luminaire DS0,0.1
humain,E402,E402,Luminaire DS0,3050,2171,0.5357,0.5398,3050,2171,appariée,H:E402:220,IA:E402:220,Luminaire DS0,0.1
humain,E402,E402,Luminaire DS0,2731,1978,0.4796,0.4918,2731,1978,appariée,H:E402:221,IA:E402:221,Luminaire DS0,0.1
humain,E402,E402,Luminaire DS0,2731,2169,0.4796,0.5393,2731,2169,appariée,H:E402:222,IA:E402:222,Luminaire DS0,0.1
humain,E402,E402,Luminaire DS0,2855,2172,0.5014,0.5400,2855,2172,appariée,H:E402:223,IA:E402:223,Luminaire DS0,0.1
humain,E402,E402,Luminaire DS0,2855,1978,0.5014,0.4918,2855,1978,appariée,H:E402:224,IA:E402:224,Luminaire DS0,0.1
humain,E402,E402,Luminaire DS0,2502,1659,0.4394,0.4125,2502,1659,appariée,H:E402:225,IA:E402:225,Luminaire DS0,0.1
humain,E402,E402,Luminaire DS0,2656,1659,0.4665,0.4125,2656,1659,appariée,H:E402:226,IA:E402:226,Luminaire DS0,0.1
humain,E402,E402,Luminaire DS0,2501,1866,0.4392,0.4639,2501,1866,appariée,H:E402:227,IA:E402:227,Luminaire DS0,0.1
humain,E402,E402,Luminaire DS0,2655,1866,0.4663,0.4639,2655,1866,appariée,H:E402:228,IA:E402:228,Luminaire DS0,0.1
humain,E402,E402,Luminaire DS0,2303,2374,0.4045,0.5903,2303,2374,appariée,H:E402:229,IA:E402:229,Luminaire DS0,0.1
humain,E402,E402,Luminaire DS0,2303,2176,0.4045,0.5410,2303,2176,appariée,H:E402:230,IA:E402:230,Luminaire DS0,0.1
humain,E402,E402,Luminaire DS0,2415,2176,0.4241,0.5410,2415,2176,appariée,H:E402:231,IA:E402:231,Luminaire DS0,0.1
humain,E402,E402,Luminaire DS0,2415,2374,0.4241,0.5903,2415,2374,appariée,H:E402:232,IA:E402:232,Luminaire DS0,0.1
humain,E402,E402,Luminaire DS0,2299,2484,0.4038,0.6176,2299,2484,appariée,H:E402:233,IA:E402:233,Luminaire DS0,0.1
humain,E402,E402,Luminaire DS0,2412,2484,0.4236,0.6176,2412,2484,appariée,H:E402:234,IA:E402:234,Luminaire DS0,0.1
humain,E402,E402,Luminaire DS0,2300,2681,0.4039,0.6666,2300,2681,appariée,H:E402:235,IA:E402:235,Luminaire DS0,0.1
humain,E402,E402,Luminaire DS0,2413,2681,0.4238,0.6666,2413,2681,appariée,H:E402:236,IA:E402:236,Luminaire DS0,0.1
humain,E402,E402,Luminaire DS0,2346,1659,0.4120,0.4125,2346,1659,appariée,H:E402:237,IA:E402:237,Luminaire DS0,0.1
humain,E402,E402,Luminaire DS0,2372,1846,0.4166,0.4590,2372,1846,appariée,H:E402:238,IA:E402:238,Luminaire DS0,0.1
humain,E402,E402,Luminaire DS0,1732,1950,0.3042,0.4848,1732,1950,appariée,H:E402:239,IA:E402:239,Luminaire DS0,0.1
humain,E402,E402,Luminaire DS0,1733,2020,0.3044,0.5022,1733,2020,appariée,H:E402:240,IA:E402:240,Luminaire DS0,0.1
humain,E402,E402,Luminaire DS0,1733,2103,0.3044,0.5229,1733,2103,appariée,H:E402:241,IA:E402:241,Luminaire DS0,0.1
humain,E402,E402,Luminaire DS0,1734,2181,0.3045,0.5423,1734,2181,appariée,H:E402:242,IA:E402:242,Luminaire DS0,0.1
humain,E402,E402,Luminaire DS0,1734,2259,0.3045,0.5617,1734,2259,appariée,H:E402:243,IA:E402:243,Luminaire DS0,0.1
humain,E402,E402,Luminaire DS0,1733,2337,0.3044,0.5811,1733,2337,appariée,H:E402:244,IA:E402:244,Luminaire DS0,0.1
humain,E402,E402,Luminaire DS1,1050,3080,0.1844,0.7658,1050,3080,appariée,H:E402:245,IA:E402:245,Luminaire DS1,0.2
humain,E402,E402,Luminaire DS1,1050,3344,0.1844,0.8314,1050,3344,appariée,H:E402:246,IA:E402:246,Luminaire DS1,0.2
humain,E402,E402,Luminaire DS1,1245,3389,0.2187,0.8426,1245,3389,appariée,H:E402:247,IA:E402:247,Luminaire DS1,0.2
humain,E402,E402,Luminaire DS1,1373,3389,0.2411,0.8426,1373,3389,appariée,H:E402:248,IA:E402:248,Luminaire DS1,0.2
humain,E402,E402,Luminaire DS1,1501,3389,0.2636,0.8426,1501,3389,appariée,H:E402:249,IA:E402:249,Luminaire DS1,0.2
humain,E402,E402,Luminaire DS1,1942,3382,0.3411,0.8409,1942,3382,appariée,H:E402:250,IA:E402:250,Luminaire DS1,0.1
humain,E402,E402,Luminaire DS1,2363,3335,0.4150,0.8292,2363,3335,appariée,H:E402:251,IA:E402:251,Luminaire DS1,0.1
humain,E402,E402,Luminaire DS1,2574,3334,0.4521,0.8289,2574,3334,appariée,H:E402:252,IA:E402:252,Luminaire DS1,0.1
humain,E402,E402,Luminaire DS1,2759,3332,0.4845,0.8284,2759,3332,appariée,H:E402:253,IA:E402:253,Luminaire DS1,0.1
humain,E402,E402,Luminaire DS1,2943,3335,0.5169,0.8292,2943,3335,appariée,H:E402:254,IA:E402:254,Luminaire DS1,0.1
humain,E402,E402,Luminaire DS1,3127,3333,0.5492,0.8287,3127,3333,appariée,H:E402:255,IA:E402:255,Luminaire DS1,0.1
humain,E402,E402,Luminaire DS1,3465,3149,0.6085,0.7829,3465,3149,appariée,H:E402:256,IA:E402:256,Luminaire DS1,0.1
humain,E402,E402,Luminaire DS1,3445,2937,0.6050,0.7302,3445,2937,appariée,H:E402:257,IA:E402:257,Luminaire DS1,0.1
humain,E402,E402,Luminaire DS1,3444,2740,0.6048,0.6813,3444,2740,appariée,H:E402:258,IA:E402:258,Luminaire DS1,0.1
humain,E402,E402,Luminaire DS1,3445,2544,0.6050,0.6325,3445,2544,appariée,H:E402:259,IA:E402:259,Luminaire DS1,0.1
humain,E402,E402,Luminaire DS1,3448,2349,0.6055,0.5840,3448,2349,appariée,H:E402:260,IA:E402:260,Luminaire DS1,0.1
humain,E402,E402,Luminaire DS1,3410,2080,0.5989,0.5172,3410,2080,appariée,H:E402:261,IA:E402:261,Luminaire DS1,0.1
humain,E402,E402,Luminaire DS1,3173,2042,0.5573,0.5077,3173,2042,appariée,H:E402:262,IA:E402:262,Luminaire DS1,0.0
humain,E402,E402,Luminaire DS1,2960,2075,0.5198,0.5159,2960,2075,appariée,H:E402:263,IA:E402:263,Luminaire DS1,0.0
humain,E402,E402,Luminaire DS1,2768,2075,0.4861,0.5159,2768,2075,appariée,H:E402:264,IA:E402:264,Luminaire DS1,0.1
humain,E402,E402,Luminaire DS1,2331,2274,0.4094,0.5654,2331,2274,appariée,H:E402:265,IA:E402:265,Luminaire DS1,0.1
humain,E402,E402,Luminaire DS1,2327,2581,0.4087,0.6417,2327,2581,appariée,H:E402:266,IA:E402:266,Luminaire DS1,0.1
humain,E402,E402,Luminaire DS1,2830,2817,0.4970,0.7004,2830,2817,appariée,H:E402:267,IA:E402:267,Luminaire DS1,0.1
humain,E402,E402,Luminaire DS1,2830,2969,0.4970,0.7382,2830,2969,appariée,H:E402:268,IA:E402:268,Luminaire DS1,0.1
humain,E402,E402,Luminaire DS1,3029,2817,0.5320,0.7004,3029,2817,appariée,H:E402:269,IA:E402:269,Luminaire DS1,0.1
humain,E402,E402,Luminaire DS1,3029,2969,0.5320,0.7382,3029,2969,appariée,H:E402:270,IA:E402:270,Luminaire DS1,0.1
humain,E402,E402,Luminaire DS1,2697,2462,0.4737,0.6121,2697,2462,appariée,H:E402:271,IA:E402:271,Luminaire DS1,0.1
humain,E402,E402,Luminaire DS1,2697,2646,0.4737,0.6579,2697,2646,appariée,H:E402:272,IA:E402:272,Luminaire DS1,0.1
humain,E402,E402,Luminaire DS1,2888,2462,0.5072,0.6121,2888,2462,appariée,H:E402:273,IA:E402:273,Luminaire DS1,0.1
humain,E402,E402,Luminaire DS1,2888,2646,0.5072,0.6579,2888,2646,appariée,H:E402:274,IA:E402:274,Luminaire DS1,0.1
humain,E402,E402,Luminaire DS1,3078,2646,0.5406,0.6579,3078,2646,appariée,H:E402:275,IA:E402:275,Luminaire DS1,0.1
humain,E402,E402,Luminaire DS1,3078,2462,0.5406,0.6121,3078,2462,appariée,H:E402:276,IA:E402:276,Luminaire DS1,0.1
humain,E402,E402,Luminaire DS1,2398,3077,0.4211,0.7650,2398,3077,appariée,H:E402:277,IA:E402:303,Luminaire DS1 service continu,0.1
humain,E402,E402,Luminaire DS1,2638,3113,0.4633,0.7740,2638,3113,appariée,H:E402:278,IA:E402:277,Luminaire DS1,0.1
humain,E402,E402,Luminaire DS1,2849,3093,0.5004,0.7690,2849,3093,appariée,H:E402:279,IA:E402:278,Luminaire DS1,0.1
humain,E402,E402,Luminaire DS1,3140,3113,0.5515,0.7740,3140,3113,appariée,H:E402:280,IA:E402:279,Luminaire DS1,0.1
humain,E402,E402,Luminaire DS1,2638,2293,0.4633,0.5701,2638,2293,appariée,H:E402:281,IA:E402:280,Luminaire DS1,0.1
humain,E402,E402,Luminaire DS1,2890,2293,0.5076,0.5701,2890,2293,appariée,H:E402:282,IA:E402:281,Luminaire DS1,0.1
humain,E402,E402,Luminaire DS1,3143,2293,0.5520,0.5701,3143,2293,appariée,H:E402:283,IA:E402:282,Luminaire DS1,0.1
humain,E402,E402,Luminaire DS1,2531,2888,0.4445,0.7181,2531,2888,appariée,H:E402:284,IA:E402:283,Luminaire DS1,0.1
humain,E402,E402,Luminaire DS1,2531,2537,0.4445,0.6308,2531,2537,appariée,H:E402:285,IA:E402:284,Luminaire DS1,0.1
humain,E402,E402,Luminaire DS1,2329,2907,0.4090,0.7228,2329,2907,appariée,H:E402:286,IA:E402:285,Luminaire DS1,0.1
humain,E402,E402,Luminaire DS1,2398,2019,0.4211,0.5020,2398,2019,appariée,H:E402:287,IA:E402:304,Luminaire DS1 service continu,0.1
humain,E402,E402,Luminaire DS1,2597,2019,0.4561,0.5020,2597,2019,appariée,H:E402:288,IA:E402:286,Luminaire DS1,0.1
humain,E402,E402,Luminaire DS1,1840,1999,0.3231,0.4970,1840,1999,appariée,H:E402:289,IA:E402:287,Luminaire DS1,0.1
humain,E402,E402,Luminaire DS1,1844,2147,0.3238,0.5338,1844,2147,appariée,H:E402:290,IA:E402:288,Luminaire DS1,0.1
humain,E402,E402,Luminaire DS1,1844,2302,0.3238,0.5724,1844,2302,appariée,H:E402:291,IA:E402:289,Luminaire DS1,0.1
humain,E402,E402,Luminaire DS1,2199,2989,0.3862,0.7432,2199,2989,appariée,H:E402:292,IA:E402:290,Luminaire DS1,0.1
humain,E402,E402,Luminaire DS1,2199,2724,0.3862,0.6773,2199,2724,appariée,H:E402:293,IA:E402:291,Luminaire DS1,0.1
humain,E402,E402,Luminaire DS1,2199,2469,0.3862,0.6139,2199,2469,appariée,H:E402:294,IA:E402:292,Luminaire DS1,0.1
humain,E402,E402,Luminaire DS1,2203,2203,0.3869,0.5477,2203,2203,appariée,H:E402:295,IA:E402:293,Luminaire DS1,0.1
humain,E402,E402,Luminaire DS1,2203,1942,0.3869,0.4828,2203,1942,appariée,H:E402:296,IA:E402:294,Luminaire DS1,0.1
humain,E402,E402,Luminaire DS1,2013,1942,0.3535,0.4828,2013,1942,appariée,H:E402:297,IA:E402:295,Luminaire DS1,0.1
humain,E402,E402,Luminaire DS1,2012,2203,0.3534,0.5477,2012,2203,appariée,H:E402:298,IA:E402:296,Luminaire DS1,0.1
humain,E402,E402,Luminaire DS1,1451,1849,0.2548,0.4597,1451,1849,appariée,H:E402:299,IA:E402:297,Luminaire DS1,0.1
humain,E402,E402,Luminaire DS1,1725,1849,0.3030,0.4597,1725,1849,appariée,H:E402:300,IA:E402:298,Luminaire DS1,0.1
humain,E402,E402,Luminaire DS1,1822,1699,0.3200,0.4224,1822,1699,appariée,H:E402:301,IA:E402:299,Luminaire DS1,0.1
humain,E402,E402,Luminaire DS1,1958,1699,0.3439,0.4224,1958,1699,appariée,H:E402:302,IA:E402:300,Luminaire DS1,0.1
humain,E402,E402,Luminaire DS1,3243,2888,0.5695,0.7181,3243,2888,appariée,H:E402:303,IA:E402:301,Luminaire DS1,0.1
humain,E402,E402,Luminaire DS1,3243,2537,0.5695,0.6308,3243,2537,appariée,H:E402:304,IA:E402:302,Luminaire DS1,0.1
humain,E402,E402,Luminaire DS4,2372,1764,0.4166,0.4386,2372,1764,appariée,H:E402:305,IA:E402:305,Luminaire DS4,0.1
humain,E402,E402,Phare double,1425,1673,0.2503,0.4160,1425,1673,appariée,H:E402:306,IA:E402:306,Phare urgence double mural,2.0
humain,E402,E402,Phare double,1872,1872,0.3288,0.4654,1872,1872,appariée,H:E402:307,IA:E402:307,Phare urgence double mural,2.9
humain,E402,E402,Phare double,1905,2280,0.3346,0.5669,1905,2280,appariée,H:E402:308,IA:E402:309,Phare urgence double mural,2.0
humain,E402,E402,Phare double,2891,2227,0.5077,0.5537,2891,2227,appariée,H:E402:309,IA:E402:308,Phare urgence double mural,0.1
humain,E402,E402,Phare double,2466,2669,0.4331,0.6636,2466,2669,appariée,H:E402:310,IA:E402:310,Phare urgence double mural,2.9
humain,E402,E402,Phare double,2235,3216,0.3925,0.7996,2235,3216,appariée,H:E402:311,IA:E402:313,Phare urgence double mural,4.9
humain,E402,E402,Phare double,3180,2703,0.5585,0.6721,3180,2703,appariée,H:E402:312,IA:E402:311,Phare urgence double mural,1.9
humain,E402,E402,Phare double,2922,3137,0.5132,0.7800,2922,3137,appariée,H:E402:313,IA:E402:312,Phare urgence double mural,4.9
humain,E402,E402,Phare simple PH1,1886,2185,0.3312,0.5433,1886,2185,appariée,H:E402:314,IA:E402:314,Phare urgence simple mural,0.1
humain,E402,E402,Phare simple PH1,1553,1772,0.2727,0.4406,1553,1772,appariée,H:E402:315,IA:E402:315,Phare urgence simple mural,0.1
humain,E402,E402,Phare simple PH1,1648,1772,0.2894,0.4406,1648,1772,appariée,H:E402:316,IA:E402:316,Phare urgence simple mural,0.1
humain,E402,E402,Phare simple — sans étiquette,2423,2922,0.4255,0.7265,2423,2922,appariée,H:E402:317,IA:E402:317,Phare urgence simple mural,3.7
humain,E600,E402,Raccord borne VE,2380,2019,0.4180,0.5019,2483,2734,exclue (doublon),H:E600:1,H:E402:310,,
humain,E600,E402,Raccord borne VE,2380,2076,0.4180,0.5160,2483,2772,exclue (doublon),H:E600:2,H:E402:79,,
humain,E600,E402,Raccord chauffage,2950,1886,0.5181,0.4688,2860,2646,exclue (doublon),H:E600:3,H:E402:274,,
humain,E600,E402,Raccord chauffage,2950,1915,0.5181,0.4760,2860,2665,exclue (version remplacée),H:E600:4,version remplacée par E402,,
humain,E600,E402,Raccord chauffage,2950,1943,0.5181,0.4830,2860,2684,exclue (version remplacée),H:E600:5,version remplacée par E402,,
humain,E600,E402,Raccord chauffage,3634,1886,0.6382,0.4688,3312,2646,exclue (doublon),H:E600:6,H:E402:197,,
humain,E600,E402,Raccord chauffage,3634,2655,0.6382,0.6600,3312,3154,exclue (doublon),H:E600:7,H:E402:22,,
humain,E600,E402,Raccord pompe,2950,2171,0.5181,0.5396,2860,2834,exclue (doublon),H:E600:8,H:E402:267,,
humain,E600,E402,Raccord pompe,2950,2257,0.5181,0.5610,2860,2891,exclue (version remplacée),H:E600:9,version remplacée par E402,,
humain,E600,E402,Raccord pompe,2950,2342,0.5181,0.5822,2860,2947,exclue (doublon),H:E600:10,H:E402:268,,
humain,E600,E402,Raccord pompe,3634,2152,0.6382,0.5349,3312,2822,exclue (doublon),H:E600:11,H:E402:25,,
humain,E600,E402,Raccord pompe,3634,2323,0.6382,0.5774,3312,2935,exclue (doublon),H:E600:12,H:E402:303,,
humain,E600,E402,Raccord pompe,3634,2409,0.6382,0.5988,3312,2992,exclue (doublon),H:E600:13,H:E402:196,,
humain,E600,E402,Raccord pompe,3634,2238,0.6382,0.5563,3312,2879,exclue (doublon),H:E600:14,H:E402:193,,
humain,E600,E402,Raccord équipement — cédule,2950,2428,0.5181,0.6035,2860,3004,exclue (version remplacée),H:E600:15,version remplacée par E402,,
humain,E600,E402,Raccord équipement — cédule,2950,2513,0.5181,0.6247,2860,3060,exclue (doublon),H:E600:16,H:E402:279,,
humain,E600,E402,Raccord équipement — cédule,3634,2494,0.6382,0.6199,3312,3048,exclue (doublon),H:E600:17,H:E402:24,,
humain,E600,E402,Raccord équipement — cédule,3634,2579,0.6382,0.6411,3312,3104,exclue (doublon),H:E600:18,H:E402:190,,
humain,E600,E402,Raccord équipement — cédule,2950,2684,0.5181,0.6672,2860,3173,exclue (doublon),H:E600:19,H:E402:174,,
humain,E600,E402,Raccord équipement — cédule,3634,2826,0.6382,0.7025,3312,3267,exclue (doublon),H:E600:20,H:E402:183,,
humain,E600,E402,Raccord équipement — cédule,2380,2655,0.4180,0.6600,2483,3154,exclue (doublon),H:E600:21,H:E402:164,,
humain,E600,E402,Raccord équipement — cédule,2380,2443,0.4180,0.6073,2483,3014,exclue (doublon),H:E600:22,H:E402:104,,
humain,E600,E402,Raccord équipement — cédule,2380,2504,0.4180,0.6224,2483,3054,exclue (doublon),H:E600:23,H:E402:82,,
humain,E600,E402,Raccord équipement — cédule,1051,350,0.1846,0.0870,1605,1631,exclue (doublon),H:E600:24,H:E402:111,,
humain,E600,E402,Raccord équipement — cédule,614,665,0.1078,0.1653,1316,1839,exclue (doublon),H:E600:25,H:E402:1,,
humain,E600,E402,Raccord équipement — cédule,1694,694,0.2975,0.1725,2030,1858,exclue (version remplacée),H:E600:26,version remplacée par E402,,
humain,E600,E402,Raccord équipement — cédule,1694,823,0.2975,0.2046,2030,1943,exclue (doublon),H:E600:27,H:E402:297,,
humain,E600,E402,Raccord équipement — cédule,2950,549,0.5181,0.1365,2860,1762,exclue (version remplacée),H:E600:28,version remplacée par E402,,
humain,E600,E402,Raccord équipement — cédule,443,2146,0.0778,0.5334,1203,2818,exclue (doublon),H:E600:29,H:E402:130,,
humain,E600,E402,Raccord équipement — cédule,1070,2346,0.1879,0.5831,1617,2950,exclue (version remplacée),H:E600:30,version remplacée par E402,,
humain,E600,E402,Raccord évier électrique,1070,492,0.1879,0.1223,1617,1725,exclue (doublon),H:E600:31,H:E402:81,,
humain,E600,E402,Raccord évier électrique,1624,348,0.2852,0.0865,1984,1629,exclue (doublon),H:E600:32,H:E402:302,,
humain,E600,E402,Raccord évier électrique,3605,340,0.6331,0.0845,3293,1624,exclue (version remplacée),H:E600:33,version remplacée par E402,,
humain,E600,E402,Raccord évier électrique,3605,355,0.6331,0.0882,3293,1634,exclue (version remplacée),H:E600:34,version remplacée par E402,,
humain,E600,E402,Raccord évier électrique,386,1882,0.0678,0.4678,1165,2643,exclue (doublon),H:E600:35,H:E402:44,,
humain,E600,E402,Raccord évier électrique,386,1898,0.0678,0.4718,1165,2654,exclue (version remplacée),H:E600:36,version remplacée par E402,,
humain,E403,E403,Accumulateur 36W,2452,2426,0.4306,0.6032,2452,2426,appariée,H:E403:1,IA:E403:1,Accumulateur c/a 2 phares,13.9
humain,E403,E403,Accumulateur 36W + enseigne,2550,2295,0.4478,0.5706,2550,2295,appariée,H:E403:2,IA:E403:2,Accumulateur c/a 2 phares + enseigne,17.1
humain,E403,E403,Accumulateur 36W + enseigne,2489,2962,0.4371,0.7364,2489,2962,appariée,H:E403:3,IA:E403:5,Accumulateur c/a 2 phares + enseigne,15.1
humain,E403,E403,Accumulateur 36W + enseigne,2218,2888,0.3895,0.7181,2218,2888,appariée,H:E403:4,IA:E403:4,Accumulateur c/a 2 phares + enseigne,16.9
humain,E403,E403,Accumulateur 36W + enseigne,2218,2445,0.3895,0.6079,2218,2445,appariée,H:E403:5,IA:E403:3,Accumulateur c/a 2 phares + enseigne,16.9
humain,E403,E403,Bouton-poussoir B,2280,1776,0.4004,0.4416,2280,1776,appariée,H:E403:6,IA:E403:6,Bouton-poussoir (B),0.1
humain,E403,E403,Bouton-poussoir B,2943,2179,0.5169,0.5418,2943,2179,appariée,H:E403:7,IA:E403:7,Bouton-poussoir (B),0.1
humain,E403,E403,Bouton-poussoir B,2151,2858,0.3778,0.7106,2151,2858,appariée,H:E403:8,IA:E403:8,Bouton-poussoir (B),0.2
humain,E403,E403,Bouton-poussoir B,1979,2642,0.3476,0.6569,1979,2642,appariée,H:E403:9,IA:E403:9,Bouton-poussoir (B),0.2
humain,E403,E403,Bouton-poussoir B,2181,2586,0.3830,0.6430,2181,2586,appariée,H:E403:10,IA:E403:10,Bouton-poussoir (B),0.1
humain,E403,E403,Bouton-poussoir B,1571,2656,0.2759,0.6604,1571,2656,appariée,H:E403:11,IA:E403:11,Bouton-poussoir (B),0.2
humain,E403,E403,Bouton-poussoir B,1573,2406,0.2763,0.5982,1573,2406,appariée,H:E403:12,IA:E403:12,Bouton-poussoir (B),0.2
humain,E403,E403,Bouton-poussoir B,2218,2406,0.3895,0.5982,2218,2406,appariée,H:E403:13,IA:E403:13,Bouton-poussoir (B),0.1
humain,E403,E403,Bouton-poussoir B,1580,2290,0.2775,0.5694,1580,2290,appariée,H:E403:14,IA:E403:14,Bouton-poussoir (B),0.2
humain,E403,E403,Cercle barré fléché — à classer,1468,2201,0.2578,0.5472,1468,2201,appariée,H:E403:15,IA:E403:43,Gradateur 120V,0.2
humain,E403,E403,Cercle barré fléché — à classer,2545,2225,0.4470,0.5532,2545,2225,appariée,H:E403:16,IA:E403:44,Gradateur 3 voies,2.1
humain,E403,E403,Cercle barré fléché — à classer,2485,2887,0.4364,0.7178,2485,2887,appariée,H:E403:17,IA:E403:45,Gradateur 3 voies,3.8
humain,E403,E403,Détecteur inoccupation Do,2109,1725,0.3704,0.4289,2109,1725,appariée,H:E403:18,IA:E403:26,Détecteur inoccupation plafond (Do),0.2
humain,E403,E403,Détecteur inoccupation Do,2828,2058,0.4967,0.5117,2828,2058,appariée,H:E403:19,IA:E403:27,Détecteur inoccupation plafond (Do),0.1
humain,E403,E403,Détecteur inoccupation Do,1304,3012,0.2290,0.7489,1304,3012,appariée,H:E403:20,IA:E403:28,Détecteur inoccupation plafond (Do),0.3
humain,E403,E403,Détecteur inoccupation Do,1304,3337,0.2290,0.8297,1304,3337,appariée,H:E403:21,IA:E403:29,Détecteur inoccupation plafond (Do),0.3
humain,E403,E403,Détecteur inoccupation Do,2083,3004,0.3658,0.7469,2083,3004,appariée,H:E403:22,IA:E403:30,Détecteur inoccupation plafond (Do),0.2
humain,E403,E403,Détecteur inoccupation Do,2083,3337,0.3658,0.8297,2083,3337,appariée,H:E403:23,IA:E403:31,Détecteur inoccupation plafond (Do),0.3
humain,E403,E403,Détecteur inoccupation Do,1677,3012,0.2945,0.7489,1677,3012,appariée,H:E403:24,IA:E403:32,Détecteur inoccupation plafond (Do),0.2
humain,E403,E403,Détecteur inoccupation Do,1677,3337,0.2945,0.8297,1677,3337,appariée,H:E403:25,IA:E403:33,Détecteur inoccupation plafond (Do),0.3
humain,E403,E403,Détecteur inoccupation Do,2121,2717,0.3725,0.6755,2121,2717,appariée,H:E403:26,IA:E403:34,Détecteur inoccupation plafond (Do),0.2
humain,E403,E403,Détecteur inoccupation Do,1680,2641,0.2950,0.6566,1680,2641,appariée,H:E403:27,IA:E403:25,Détecteur inoccupation mural (Do),0.2
humain,E403,E403,Détecteur inoccupation Do,1347,2667,0.2366,0.6631,1347,2667,appariée,H:E403:28,IA:E403:35,Détecteur inoccupation plafond (Do),0.2
humain,E403,E403,Détecteur inoccupation Do,1314,2274,0.2308,0.5654,1314,2274,appariée,H:E403:29,IA:E403:36,Détecteur inoccupation plafond (Do),0.2
humain,E403,E403,Détecteur inoccupation Do,1310,2449,0.2301,0.6089,1310,2449,appariée,H:E403:30,IA:E403:37,Détecteur inoccupation plafond (Do),0.2
humain,E403,E403,Détecteur occupation Di,1846,1689,0.3242,0.4199,1846,1689,appariée,H:E403:31,IA:E403:15,Détecteur infrarouge plafond (Di),0.2
humain,E403,E403,Détecteur occupation Di,3180,2058,0.5585,0.5117,3180,2058,appariée,H:E403:32,IA:E403:16,Détecteur infrarouge plafond (Di),0.1
humain,E403,E403,Détecteur occupation Di,1992,2194,0.3498,0.5455,1992,2194,appariée,H:E403:33,IA:E403:17,Détecteur infrarouge plafond (Di),0.1
humain,E403,E403,Détecteur occupation Di,1889,2010,0.3318,0.4998,1889,2010,appariée,H:E403:34,IA:E403:18,Détecteur infrarouge plafond (Di),0.1
humain,E403,E403,Détecteur occupation Di,1889,2078,0.3318,0.5167,1889,2078,appariée,H:E403:35,IA:E403:19,Détecteur infrarouge plafond (Di),0.1
humain,E403,E403,Détecteur occupation Di,1889,2149,0.3318,0.5343,1889,2149,appariée,H:E403:36,IA:E403:20,Détecteur infrarouge plafond (Di),0.1
humain,E403,E403,Détecteur occupation Di,1889,2216,0.3318,0.5510,1889,2216,appariée,H:E403:37,IA:E403:21,Détecteur infrarouge plafond (Di),0.1
humain,E403,E403,Détecteur occupation Di,1889,2285,0.3318,0.5681,1889,2285,appariée,H:E403:38,IA:E403:22,Détecteur infrarouge plafond (Di),0.1
humain,E403,E403,Détecteur occupation Di,1889,2352,0.3318,0.5848,1889,2352,appariée,H:E403:39,IA:E403:23,Détecteur infrarouge plafond (Di),0.1
humain,E403,E403,Détecteur occupation Di,1702,1694,0.2989,0.4212,1702,1694,appariée,H:E403:40,IA:E403:24,Détecteur infrarouge plafond (Di),0.2
humain,E403,E403,Enseigne de sortie,1606,1800,0.2821,0.4475,1606,1800,appariée,H:E403:41,IA:E403:38,Enseigne issue 1 face murale tout droit,0.2
humain,E403,E403,Enseigne de sortie,2438,1864,0.4282,0.4635,2438,1864,appariée,H:E403:42,IA:E403:39,Enseigne issue 1 face murale tout droit,1.9
humain,E403,E403,Enseigne de sortie,2082,1907,0.3656,0.4741,2082,1907,appariée,H:E403:43,IA:E403:41,Enseigne issue 1 face plafond tout droit,2.1
humain,E403,E403,Enseigne de sortie,2438,1917,0.4282,0.4766,2438,1917,appariée,H:E403:44,IA:E403:42,Enseigne issue 2 faces murale,7.9
humain,E403,E403,Enseigne de sortie,2418,3037,0.4247,0.7551,2418,3037,appariée,H:E403:45,IA:E403:40,Enseigne issue 1 face murale tout droit,4.8
humain,E403,E403,Interrupteur,2328,1759,0.4089,0.4373,2328,1759,appariée,H:E403:46,IA:E403:47,Interrupteur unipolaire,3.1
humain,E403,E403,Interrupteur,2442,1812,0.4289,0.4505,2442,1812,appariée,H:E403:47,IA:E403:46,Interrupteur c/a lampe témoin,0.1
humain,E403,E403,Luminaire DR2,2340,1703,0.4110,0.4234,2340,1703,appariée,H:E403:48,IA:E403:53,Luminaire DR2,0.2
humain,E403,E403,Luminaire DR5,2521,2086,0.4427,0.5186,2521,2086,appariée,H:E403:49,IA:E403:54,Luminaire DR5,0.1
humain,E403,E403,Luminaire DR5,2633,2086,0.4624,0.5186,2633,2086,appariée,H:E403:50,IA:E403:55,Luminaire DR5,0.1
humain,E403,E403,Luminaire DR5,2784,2086,0.4889,0.5186,2784,2086,appariée,H:E403:51,IA:E403:56,Luminaire DR5,0.1
humain,E403,E403,Luminaire DR5,2935,2086,0.5155,0.5186,2935,2086,appariée,H:E403:52,IA:E403:57,Luminaire DR5,0.1
humain,E403,E403,Luminaire DR5,3107,2086,0.5457,0.5186,3107,2086,appariée,H:E403:53,IA:E403:58,Luminaire DR5,0.1
humain,E403,E403,Luminaire DR5,3285,2086,0.5769,0.5186,3285,2086,appariée,H:E403:54,IA:E403:59,Luminaire DR5,0.1
humain,E403,E403,Luminaire DR5,1696,2803,0.2979,0.6969,1696,2803,appariée,H:E403:55,IA:E403:60,Luminaire DR5,0.2
humain,E403,E403,Luminaire DR51,2358,3455,0.4141,0.8590,2358,3455,appariée,H:E403:56,IA:E403:61,Luminaire DR51,0.3
humain,E403,E403,Luminaire DR51,1388,1702,0.2438,0.4232,1388,1702,appariée,H:E403:57,IA:E403:62,Luminaire DR51,0.2
humain,E403,E403,Luminaire DR52,2358,3186,0.4141,0.7921,2358,3186,appariée,H:E403:58,IA:E403:63,Luminaire DR52 service continu,0.2
humain,E403,E403,Luminaire DR52,1591,1748,0.2794,0.4346,1591,1748,appariée,H:E403:59,IA:E403:64,Luminaire DR52 service continu,0.2
humain,E403,E403,Luminaire DS0,2115,2637,0.3714,0.6556,2115,2637,appariée,H:E403:60,IA:E403:65,Luminaire DS0,0.2
humain,E403,E403,Luminaire DS0,2257,2637,0.3964,0.6556,2257,2637,appariée,H:E403:61,IA:E403:66,Luminaire DS0,0.2
humain,E403,E403,Luminaire DS0,2112,2809,0.3709,0.6984,2112,2809,appariée,H:E403:62,IA:E403:67,Luminaire DS0,0.2
humain,E403,E403,Luminaire DS0,2254,2809,0.3959,0.6984,2254,2809,appariée,H:E403:63,IA:E403:68,Luminaire DS0,0.2
humain,E403,E403,Luminaire DS0,1815,2680,0.3188,0.6663,1815,2680,appariée,H:E403:64,IA:E403:69,Luminaire DS0,0.2
humain,E403,E403,Luminaire DS0,1815,2818,0.3188,0.7006,1815,2818,appariée,H:E403:65,IA:E403:70,Luminaire DS0,0.2
humain,E403,E403,Luminaire DS0,2020,2818,0.3548,0.7006,2020,2818,appariée,H:E403:66,IA:E403:71,Luminaire DS0,0.2
humain,E403,E403,Luminaire DS0,2020,2680,0.3548,0.6663,2020,2680,appariée,H:E403:67,IA:E403:72,Luminaire DS0,0.2
humain,E403,E403,Luminaire DS0,1934,2026,0.3397,0.5037,1934,2026,appariée,H:E403:68,IA:E403:73,Luminaire DS0,0.1
humain,E403,E403,Luminaire DS0,1934,2094,0.3397,0.5206,1934,2094,appariée,H:E403:69,IA:E403:74,Luminaire DS0,0.1
humain,E403,E403,Luminaire DS0,1934,2168,0.3397,0.5390,1934,2168,appariée,H:E403:70,IA:E403:75,Luminaire DS0,0.1
humain,E403,E403,Luminaire DS0,1934,2243,0.3397,0.5577,1934,2243,appariée,H:E403:71,IA:E403:76,Luminaire DS0,0.1
humain,E403,E403,Luminaire DS0,1934,2303,0.3397,0.5726,1934,2303,appariée,H:E403:72,IA:E403:77,Luminaire DS0,0.1
humain,E403,E403,Luminaire DS0,1934,2373,0.3397,0.5900,1934,2373,appariée,H:E403:73,IA:E403:78,Luminaire DS0,0.1
humain,E403,E403,Luminaire DS0,1615,2058,0.2836,0.5117,1615,2058,appariée,H:E403:74,IA:E403:79,Luminaire DS0,0.2
humain,E403,E403,Luminaire DS0,1804,2058,0.3168,0.5117,1804,2058,appariée,H:E403:75,IA:E403:80,Luminaire DS0,0.1
humain,E403,E403,Luminaire DS0,1804,2195,0.3168,0.5457,1804,2195,appariée,H:E403:76,IA:E403:81,Luminaire DS0,0.1
humain,E403,E403,Luminaire DS0,1804,2332,0.3168,0.5798,1804,2332,appariée,H:E403:77,IA:E403:82,Luminaire DS0,0.1
humain,E403,E403,Luminaire DS0,1615,2332,0.2836,0.5798,1615,2332,appariée,H:E403:78,IA:E403:83,Luminaire DS0,0.2
humain,E403,E403,Luminaire DS0,1615,2195,0.2836,0.5457,1615,2195,appariée,H:E403:79,IA:E403:84,Luminaire DS0,0.2
humain,E403,E403,Luminaire DS0,1813,1743,0.3184,0.4334,1813,1743,appariée,H:E403:80,IA:E403:85,Luminaire DS0,0.2
humain,E403,E403,Luminaire DS0,1883,1743,0.3307,0.4334,1883,1743,appariée,H:E403:81,IA:E403:86,Luminaire DS0,0.2
humain,E403,E403,Luminaire DS0,1787,1638,0.3138,0.4073,1787,1638,appariée,H:E403:82,IA:E403:87,Luminaire DS0,0.2
humain,E403,E403,Luminaire DS0,1883,1656,0.3307,0.4117,1883,1656,appariée,H:E403:83,IA:E403:88,Luminaire DS0,0.2
humain,E403,E403,Luminaire DS0,1719,1743,0.3019,0.4334,1719,1743,appariée,H:E403:84,IA:E403:89,Luminaire DS0,0.2
humain,E403,E403,Luminaire DS0,1719,1655,0.3019,0.4115,1719,1655,appariée,H:E403:85,IA:E403:90,Luminaire DS0,0.2
humain,E403,E403,Luminaire DS1,2023,1751,0.3553,0.4354,2023,1751,appariée,H:E403:86,IA:E403:91,Luminaire DS1,0.2
humain,E403,E403,Luminaire DS1,2218,1751,0.3895,0.4354,2218,1751,appariée,H:E403:87,IA:E403:92,Luminaire DS1,0.2
humain,E403,E403,Luminaire DS1,2890,2860,0.5076,0.7111,2890,2860,appariée,H:E403:88,IA:E403:93,Luminaire DS1,0.2
humain,E403,E403,Luminaire DS1,3183,2860,0.5590,0.7111,3183,2860,appariée,H:E403:89,IA:E403:94,Luminaire DS1,0.2
humain,E403,E403,Luminaire DS1,2890,3040,0.5076,0.7558,2890,3040,appariée,H:E403:90,IA:E403:95,Luminaire DS1,0.2
humain,E403,E403,Luminaire DS1,3183,3040,0.5590,0.7558,3183,3040,appariée,H:E403:91,IA:E403:96,Luminaire DS1,0.2
humain,E403,E403,Luminaire DS1,2890,3219,0.5076,0.8003,2890,3219,appariée,H:E403:92,IA:E403:97,Luminaire DS1,0.2
humain,E403,E403,Luminaire DS1,3183,3219,0.5590,0.8003,3183,3219,appariée,H:E403:93,IA:E403:98,Luminaire DS1,0.2
humain,E403,E403,Luminaire DS1,2890,3398,0.5076,0.8449,2890,3398,appariée,H:E403:94,IA:E403:99,Luminaire DS1,0.3
humain,E403,E403,Luminaire DS1,3183,3398,0.5590,0.8449,3183,3398,appariée,H:E403:95,IA:E403:100,Luminaire DS1,0.3
humain,E403,E403,Luminaire DS1,2602,2860,0.4570,0.7111,2602,2860,appariée,H:E403:96,IA:E403:101,Luminaire DS1,0.2
humain,E403,E403,Luminaire DS1,2602,3040,0.4570,0.7558,2602,3040,appariée,H:E403:97,IA:E403:102,Luminaire DS1,0.2
humain,E403,E403,Luminaire DS1,2602,3219,0.4570,0.8003,2602,3219,appariée,H:E403:98,IA:E403:103,Luminaire DS1,0.2
humain,E403,E403,Luminaire DS1,2602,3398,0.4570,0.8449,2602,3398,appariée,H:E403:99,IA:E403:104,Luminaire DS1,0.3
humain,E403,E403,Luminaire DS1,2890,2681,0.5076,0.6666,2890,2681,appariée,H:E403:100,IA:E403:105,Luminaire DS1,0.1
humain,E403,E403,Luminaire DS1,3182,2681,0.5588,0.6666,3182,2681,appariée,H:E403:101,IA:E403:106,Luminaire DS1,0.1
humain,E403,E403,Luminaire DS1,2890,2502,0.5076,0.6221,2890,2502,appariée,H:E403:102,IA:E403:107,Luminaire DS1,0.1
humain,E403,E403,Luminaire DS1,3182,2502,0.5588,0.6221,3182,2502,appariée,H:E403:103,IA:E403:108,Luminaire DS1,0.1
humain,E403,E403,Luminaire DS1,2890,2323,0.5076,0.5776,2890,2323,appariée,H:E403:104,IA:E403:109,Luminaire DS1,0.1
humain,E403,E403,Luminaire DS1,3182,2323,0.5588,0.5776,3182,2323,appariée,H:E403:105,IA:E403:110,Luminaire DS1,0.1
humain,E403,E403,Luminaire DS1,2601,2681,0.4568,0.6666,2601,2681,appariée,H:E403:106,IA:E403:111,Luminaire DS1,0.1
humain,E403,E403,Luminaire DS1,2601,2502,0.4568,0.6221,2601,2502,appariée,H:E403:107,IA:E403:112,Luminaire DS1,0.1
humain,E403,E403,Luminaire DS1,2638,2323,0.4633,0.5776,2638,2323,appariée,H:E403:108,IA:E403:113,Luminaire DS1,0.1
humain,E403,E403,Luminaire DS1,1235,3366,0.2169,0.8369,1235,3366,appariée,H:E403:109,IA:E403:114,Luminaire DS1,0.3
humain,E403,E403,Luminaire DS1,1427,3366,0.2506,0.8369,1427,3366,appariée,H:E403:110,IA:E403:115,Luminaire DS1,0.3
humain,E403,E403,Luminaire DS1,1621,3366,0.2847,0.8369,1621,3366,appariée,H:E403:111,IA:E403:116,Luminaire DS1,0.3
humain,E403,E403,Luminaire DS1,2192,3366,0.3850,0.8369,2192,3366,appariée,H:E403:112,IA:E403:117,Luminaire DS1,0.3
humain,E403,E403,Luminaire DS1,1999,3366,0.3511,0.8369,1999,3366,appariée,H:E403:113,IA:E403:118,Luminaire DS1,0.3
humain,E403,E403,Luminaire DS1,1807,3366,0.3174,0.8369,1807,3366,appariée,H:E403:114,IA:E403:119,Luminaire DS1,0.3
humain,E403,E403,Luminaire DS1,1229,3108,0.2158,0.7727,1229,3108,appariée,H:E403:115,IA:E403:120,Luminaire DS1,0.3
humain,E403,E403,Luminaire DS1,1421,3108,0.2496,0.7727,1421,3108,appariée,H:E403:116,IA:E403:121,Luminaire DS1,0.3
humain,E403,E403,Luminaire DS1,1615,3133,0.2836,0.7790,1615,3133,appariée,H:E403:117,IA:E403:122,Luminaire DS1,0.3
humain,E403,E403,Luminaire DS1,2195,3108,0.3855,0.7727,2195,3108,appariée,H:E403:118,IA:E403:123,Luminaire DS1,0.2
humain,E403,E403,Luminaire DS1,2003,3108,0.3518,0.7727,2003,3108,appariée,H:E403:119,IA:E403:124,Luminaire DS1,0.2
humain,E403,E403,Luminaire DS1,1811,3108,0.3181,0.7727,1811,3108,appariée,H:E403:120,IA:E403:125,Luminaire DS1,0.2
humain,E403,E403,Luminaire DS1,1460,2919,0.2564,0.7258,1460,2919,appariée,H:E403:121,IA:E403:126,Luminaire DS1,0.2
humain,E403,E403,Luminaire DS1,1758,2919,0.3087,0.7258,1758,2919,appariée,H:E403:122,IA:E403:127,Luminaire DS1,0.2
humain,E403,E403,Luminaire DS1,2056,2919,0.3611,0.7258,2056,2919,appariée,H:E403:123,IA:E403:128,Luminaire DS1,0.2
humain,E403,E403,Luminaire DS1,2162,2722,0.3797,0.6768,2162,2722,appariée,H:E403:124,IA:E403:129,Luminaire DS1,0.2
humain,E403,E403,Luminaire DS1,1936,2757,0.3400,0.6855,1936,2757,appariée,H:E403:125,IA:E403:130,Luminaire DS1,0.2
humain,E403,E403,Luminaire DS1,1198,2296,0.2104,0.5709,1198,2296,appariée,H:E403:126,IA:E403:131,Luminaire DS1,0.2
humain,E403,E403,Luminaire DS1,1199,2468,0.2106,0.6136,1199,2468,appariée,H:E403:127,IA:E403:132,Luminaire DS1,0.2
humain,E403,E403,Luminaire DS1,1418,2296,0.2490,0.5709,1418,2296,appariée,H:E403:128,IA:E403:133,Luminaire DS1,0.2
humain,E403,E403,Luminaire DS1,1419,2468,0.2492,0.6136,1419,2468,appariée,H:E403:129,IA:E403:134,Luminaire DS1,0.2
humain,E403,E403,Luminaire DS1,1660,2532,0.2915,0.6295,1660,2532,appariée,H:E403:130,IA:E403:135,Luminaire DS1,0.2
humain,E403,E403,Luminaire DS1,1828,2532,0.3210,0.6295,1828,2532,appariée,H:E403:131,IA:E403:136,Luminaire DS1,0.2
humain,E403,E403,Luminaire DS1,1997,2532,0.3507,0.6295,1997,2532,appariée,H:E403:132,IA:E403:137,Luminaire DS1,0.2
humain,E403,E403,Luminaire DS1,2149,2540,0.3774,0.6315,2149,2540,appariée,H:E403:133,IA:E403:138,Luminaire DS1,0.1
humain,E403,E403,Luminaire DS1,2169,2304,0.3809,0.5728,2169,2304,appariée,H:E403:134,IA:E403:139,Luminaire DS1,0.1
humain,E403,E403,Luminaire DS1,2028,2242,0.3562,0.5574,2028,2242,appariée,H:E403:135,IA:E403:140,Luminaire DS1,0.1
humain,E403,E403,Luminaire DS1,2048,2343,0.3597,0.5825,2048,2343,appariée,H:E403:136,IA:E403:141,Luminaire DS1,0.1
humain,E403,E403,Luminaire DS1,1199,2178,0.2106,0.5415,1199,2178,appariée,H:E403:137,IA:E403:142,Luminaire DS1,0.2
humain,E403,E403,Luminaire DS1,1386,2157,0.2434,0.5363,1386,2157,appariée,H:E403:138,IA:E403:143,Luminaire DS1,0.2
humain,E403,E403,Luminaire DS1,2402,2996,0.4218,0.7449,2402,2996,appariée,H:E403:139,IA:E403:144,Luminaire DS1,0.2
humain,E403,E403,Luminaire DS1,2402,2732,0.4218,0.6793,2402,2732,appariée,H:E403:140,IA:E403:145,Luminaire DS1,0.2
humain,E403,E403,Luminaire DS1,2402,2476,0.4218,0.6156,2402,2476,appariée,H:E403:141,IA:E403:146,Luminaire DS1,0.1
humain,E403,E403,Luminaire DS1,2402,2211,0.4218,0.5497,2402,2211,appariée,H:E403:142,IA:E403:147,Luminaire DS1,0.1
humain,E403,E403,Luminaire DS1,2384,1982,0.4187,0.4928,2384,1982,appariée,H:E403:143,IA:E403:148,Luminaire DS1,0.1
humain,E403,E403,Luminaire DS1,2172,1923,0.3815,0.4781,2172,1923,appariée,H:E403:144,IA:E403:149,Luminaire DS1,0.1
humain,E403,E403,Luminaire DS1,2169,2129,0.3809,0.5293,2169,2129,appariée,H:E403:145,IA:E403:150,Luminaire DS1,0.1
humain,E403,E403,Luminaire DS1,1905,1923,0.3346,0.4781,1905,1923,appariée,H:E403:146,IA:E403:151,Luminaire DS1,0.2
humain,E403,E403,Luminaire DS1,1643,1923,0.2885,0.4781,1643,1923,appariée,H:E403:147,IA:E403:152,Luminaire DS1,0.2
humain,E403,E403,Luminaire DS1,2043,2072,0.3588,0.5152,2043,2072,appariée,H:E403:148,IA:E403:153,Luminaire DS1,0.1
humain,E403,E403,Luminaire DS4,1218,2750,0.2139,0.6837,1218,2750,appariée,H:E403:149,IA:E403:154,Luminaire DS4,0.2
humain,E403,E403,Luminaire DS4,1734,2326,0.3045,0.5783,1734,2326,appariée,H:E403:150,IA:E403:155,Luminaire DS4,0.2
humain,E403,E403,Luminaire mural DMW1,2500,1665,0.4391,0.4140,2500,1665,appariée,H:E403:151,IA:E403:48,Luminaire DMW1,0.2
humain,E403,E403,Luminaire mural DMW1,1490,1941,0.2617,0.4826,1490,1941,appariée,H:E403:152,IA:E403:49,Luminaire DMW1,0.2
humain,E403,E403,Luminaire mural DMW1,2536,1862,0.4454,0.4630,2536,1862,appariée,H:E403:153,IA:E403:50,Luminaire DMW1,0.1
humain,E403,E403,Luminaire mural DMW1,3423,3001,0.6012,0.7461,3423,3001,appariée,H:E403:154,IA:E403:51,Luminaire DMW1,0.2
humain,E403,E403,Luminaire mural DMW1,3423,2452,0.6012,0.6096,3423,2452,appariée,H:E403:155,IA:E403:52,Luminaire DMW1,0.1
humain,E403,E403,Phare double,1633,1680,0.2868,0.4177,1633,1680,appariée,H:E403:156,IA:E403:156,Phare urgence double mural,0.2
humain,E403,E403,Phare double,2084,1950,0.3660,0.4848,2084,1950,appariée,H:E403:157,IA:E403:157,Phare urgence double mural,2.0
humain,E403,E403,Phare double,2629,1936,0.4617,0.4814,2629,1936,appariée,H:E403:158,IA:E403:158,Phare urgence double mural,1.9
humain,E403,E403,Phare double,1590,3075,0.2792,0.7645,1590,3075,appariée,H:E403:159,IA:E403:159,Phare urgence double mural,0.3
humain,E403,E403,Phare double,2440,3211,0.4285,0.7984,2440,3211,appariée,H:E403:160,IA:E403:160,Phare urgence double mural,2.8
humain,E403,E403,Phare simple PH1,2090,2197,0.3671,0.5462,2090,2197,appariée,H:E403:161,IA:E403:161,Phare urgence simple mural,0.1
humain,E408,E403,Avertisseur visuel,1296,1829,0.2276,0.4547,1563,2732,exclue (version remplacée),H:E408:1,version remplacée par E403,,
humain,E408,E403,Avertisseur visuel,2507,2524,0.4403,0.6275,2421,2279,exclue (version remplacée),H:E408:2,version remplacée par E403,,
humain,E408,E403,Avertisseur visuel,2507,3123,0.4403,0.7765,2421,1889,exclue (doublon),H:E408:3,H:E403:44,,
humain,E408,E403,Avertisseur visuel,3197,2196,0.5615,0.5460,2909,2493,exclue (version remplacée),H:E408:4,version remplacée par E403,,
humain,E408,E403,Détecteur de fumée,2170,3166,0.3811,0.7872,2182,1861,exclue (version remplacée),H:E408:5,version remplacée par E403,,
humain,E408,E403,Détecteur de fumée,1403,1667,0.2464,0.4145,1638,2838,exclue (version remplacée),H:E408:6,version remplacée par E403,,
humain,E408,E403,Détecteur de fumée,2167,1880,0.3806,0.4674,2180,2699,exclue (doublon),H:E408:7,H:E403:124,,
humain,E408,E403,Détecteur thermique,2170,1686,0.3811,0.4192,2182,2826,exclue (doublon),H:E408:8,H:E403:8,,
humain,E408,E403,Klaxon,1522,2851,0.2673,0.7089,1723,2066,exclue (version remplacée),H:E408:9,version remplacée par E403,,
humain,E408,E403,Klaxon,3034,2179,0.5328,0.5418,2794,2504,exclue (version remplacée),H:E408:10,version remplacée par E403,,
humain,E408,E403,Klaxon,2574,2179,0.4521,0.5418,2468,2504,exclue (doublon),H:E408:11,H:E403:141,,
humain,E408,E403,Klaxon,2246,2020,0.3945,0.5022,2236,2608,exclue (doublon),H:E408:12,H:E403:61,,
humain,E408,E403,Klaxon,2246,2700,0.3945,0.6713,2236,2164,exclue (version remplacée),H:E408:13,version remplacée par E403,,
humain,E408,E403,Klaxon,1973,2579,0.3465,0.6412,2042,2243,exclue (doublon),H:E408:14,H:E403:33,,
humain,E408,E403,Klaxon,1778,2634,0.3123,0.6549,1904,2208,exclue (doublon),H:E408:15,H:E403:71,,
humain,E408,E403,Klaxon,1465,2634,0.2573,0.6549,1682,2208,exclue (version remplacée),H:E408:16,version remplacée par E403,,
humain,E408,E403,Klaxon,1370,2399,0.2406,0.5965,1615,2361,exclue (doublon),H:E408:17,H:E403:12,,
humain,E408,E403,Klaxon,1437,2359,0.2524,0.5865,1663,2387,exclue (doublon),H:E408:18,H:E403:78,,
humain,E408,E403,Klaxon,1864,2071,0.3274,0.5149,1965,2575,exclue (doublon),H:E408:19,H:E403:9,,
humain,E408,E403,Klaxon,2074,1667,0.3642,0.4145,2114,2838,exclue (doublon),H:E408:20,H:E403:62,,
humain,E408,E403,Klaxon,1973,2335,0.3465,0.5806,2042,2402,exclue (doublon),H:E408:21,H:E403:136,,
humain,E408,E403,Klaxon,2510,3149,0.4408,0.7829,2423,1872,exclue (doublon),H:E408:22,H:E403:42,,
humain,E408,E403,Klaxon,2910,3149,0.5111,0.7829,2706,1872,exclue (version remplacée),H:E408:23,version remplacée par E403,,
humain,E408,E403,Klaxon,2910,2547,0.5111,0.6333,2706,2264,exclue (version remplacée),H:E408:24,version remplacée par E403,,
humain,E408,E403,Klaxon,2510,2553,0.4408,0.6348,2423,2260,exclue (doublon),H:E408:25,H:E403:142,,
humain,E408,E403,Klaxon,1247,2186,0.2190,0.5435,1528,2500,exclue (version remplacée),H:E408:26,version remplacée par E403,,
humain,E408,E403,Klaxon Ei,3193,2190,0.5608,0.5445,2907,2497,exclue (doublon),H:E408:27,H:E403:102,,
humain,E408,E403,Klaxon Ei,1322,1829,0.2322,0.4547,1581,2732,exclue (version remplacée),H:E408:28,version remplacée par E403,,
humain,E408,E403,Panneau,1379,2645,0.2422,0.6576,1621,2200,exclue (doublon),H:E408:29,H:E403:79,,
humain,E408,E403,Poste manuel,2169,3087,0.3809,0.7675,2181,1912,exclue (doublon),H:E408:30,H:E403:144,,
humain,E408,E403,Poste manuel,1448,1788,0.2543,0.4446,1670,2759,exclue (doublon),H:E408:31,H:E403:55,,
humain,E408,E403,Prise DDFT Ei,1676,1855,0.2943,0.4612,1832,2715,exclue (doublon),H:E408:32,H:E403:64,,
humain,E408,E403,Prise DDFT Ei,3178,2313,0.5581,0.5751,2896,2417,exclue (version remplacée),H:E408:33,version remplacée par E403,,
humain,E408,E403,Prise DDFT Ei,3178,3269,0.5581,0.8128,2896,1794,exclue (version remplacée),H:E408:34,version remplacée par E403,,
humain,E408,E403,Prise duplex,1561,1618,0.2741,0.4023,1750,2870,exclue (doublon),H:E408:35,H:E403:122,,
humain,E408,E403,Prise duplex,1635,1700,0.2871,0.4227,1803,2816,exclue (doublon),H:E408:36,H:E403:65,,
humain,E408,E403,Prise duplex,1721,1721,0.3022,0.4279,1864,2803,exclue (version remplacée),H:E408:37,version remplacée par E403,,
humain,E408,E403,Prise duplex,1745,1673,0.3065,0.4160,1881,2834,exclue (version remplacée),H:E408:38,version remplacée par E403,,
humain,E408,E403,Prise duplex,1915,1821,0.3363,0.4528,2001,2738,exclue (doublon),H:E408:39,H:E403:66,,
humain,E408,E403,Prise duplex,2172,1986,0.3815,0.4938,2183,2630,exclue (doublon),H:E408:40,H:E403:10,,
humain,E408,E403,Prise duplex,1399,2132,0.2457,0.5301,1636,2535,exclue (doublon),H:E408:41,H:E403:130,,
humain,E408,E403,Prise duplex,1633,2368,0.2868,0.5888,1801,2381,exclue (doublon),H:E408:42,H:E403:77,,
humain,E408,E403,Prise duplex,1776,2146,0.3119,0.5336,1903,2526,exclue (doublon),H:E408:43,H:E403:131,,
humain,E408,E403,Prise duplex,1105,2139,0.1941,0.5318,1427,2530,exclue (version remplacée),H:E408:44,version remplacée par E403,,
humain,E408,E403,Prise duplex,1993,1934,0.3500,0.4809,2056,2664,exclue (doublon),H:E408:45,H:E403:67,,
humain,E408,E403,Prise duplex,2483,1917,0.4361,0.4766,2404,2675,exclue (doublon),H:E408:46,H:E403:140,,
humain,E408,E403,Prise duplex,2696,1831,0.4735,0.4552,2555,2731,exclue (version remplacée),H:E408:47,version remplacée par E403,,
humain,E408,E403,Prise duplex,2696,1872,0.4735,0.4654,2555,2704,exclue (doublon),H:E408:48,H:E403:106,,
humain,E408,E403,Prise duplex,3147,2020,0.5527,0.5022,2874,2608,exclue (doublon),H:E408:49,H:E403:100,,
humain,E408,E403,Prise duplex,3104,2450,0.5451,0.6091,2844,2327,exclue (doublon),H:E408:50,H:E403:104,,
humain,E408,E403,Prise duplex,1153,2719,0.2025,0.6760,1461,2152,exclue (doublon),H:E408:51,H:E403:15,,
humain,E408,E403,Prise duplex,1294,2846,0.2273,0.7076,1561,2069,exclue (doublon),H:E408:52,H:E403:74,,
humain,E408,E403,Prise duplex,1368,2676,0.2403,0.6653,1614,2180,exclue (version remplacée),H:E408:53,version remplacée par E403,,
humain,E408,E403,Prise duplex,1461,2724,0.2566,0.6773,1680,2149,exclue (version remplacée),H:E408:54,version remplacée par E403,,
humain,E408,E403,Prise duplex,1571,2727,0.2759,0.6780,1758,2147,exclue (doublon),H:E408:55,H:E403:76,,
humain,E408,E403,Prise duplex,1702,2598,0.2989,0.6459,1850,2231,exclue (doublon),H:E408:56,H:E403:38,,
humain,E408,E403,Prise duplex,1707,2631,0.2998,0.6542,1854,2209,exclue (doublon),H:E408:57,H:E403:37,,
humain,E408,E403,Prise duplex,1886,2727,0.3312,0.6780,1981,2147,exclue (doublon),H:E408:58,H:E403:70,,
humain,E408,E403,Prise duplex,1671,2815,0.2935,0.6999,1828,2090,exclue (doublon),H:E408:59,H:E403:35,,
humain,E408,E403,Prise duplex,1731,2815,0.3040,0.6999,1871,2090,exclue (doublon),H:E408:60,H:E403:34,,
humain,E408,E403,Prise duplex,1544,2846,0.2712,0.7076,1738,2069,exclue (doublon),H:E408:61,H:E403:75,,
humain,E408,E403,Prise duplex,1879,2846,0.3300,0.7076,1976,2069,exclue (doublon),H:E408:62,H:E403:68,,
humain,E408,E403,Prise duplex,2020,2576,0.3548,0.6405,2076,2245,exclue (doublon),H:E408:63,H:E403:135,,
humain,E408,E403,Prise duplex,2077,2590,0.3648,0.6440,2116,2236,exclue (doublon),H:E408:64,H:E403:161,,
humain,E408,E403,Prise duplex,2249,2586,0.3950,0.6430,2238,2239,exclue (version remplacée),H:E408:65,version remplacée par E403,,
humain,E408,E403,Prise duplex,2015,2980,0.3539,0.7409,2072,1982,exclue (doublon),H:E408:66,H:E403:157,,
humain,E408,E403,Prise duplex,2015,3211,0.3539,0.7984,2072,1831,exclue (doublon),H:E408:67,H:E403:43,,
humain,E408,E403,Prise duplex,1200,3450,0.2107,0.8578,1495,1676,exclue (version remplacée),H:E408:68,version remplacée par E403,,
humain,E408,E403,Prise duplex,1547,3450,0.2717,0.8578,1741,1676,exclue (doublon),H:E408:69,H:E403:85,,
humain,E408,E403,Prise duplex,1917,3450,0.3367,0.8578,2003,1676,exclue (doublon),H:E408:70,H:E403:86,,
humain,E408,E403,Prise duplex DDFT,1370,1869,0.2406,0.4647,1615,2706,exclue (doublon),H:E408:71,H:E403:11,,
humain,E408,E403,Prise duplex DDFT,3715,1891,0.6524,0.4702,3276,2692,exclue (version remplacée),H:E408:72,version remplacée par E403,,
humain,E408,E403,Prise micro-onde,1731,1824,0.3040,0.4535,1871,2736,exclue (doublon),H:E408:73,H:E403:125,,
humain,E408,E403,Prise micro-onde,2681,1967,0.4708,0.4891,2544,2642,exclue (version remplacée),H:E408:74,version remplacée par E403,,
humain,E408,E403,Prise mobilier,1508,2118,0.2648,0.5266,1713,2544,exclue (version remplacée),H:E408:75,version remplacée par E403,,
humain,E408,E403,Prise mobilier,1508,2215,0.2648,0.5507,1713,2481,exclue (version remplacée),H:E408:76,version remplacée par E403,,
humain,E408,E403,Prise mobilier,1081,2724,0.1898,0.6773,1410,2149,exclue (doublon),H:E408:77,H:E403:138,,
humain,E408,E403,Prise mobilier,1176,2724,0.2065,0.6773,1478,2149,exclue (version remplacée),H:E408:78,version remplacée par E403,,
humain,E408,E403,Raccord lave-vaisselle,2421,1936,0.4252,0.4814,2360,2663,exclue (version remplacée),H:E408:79,version remplacée par E403,,
humain,E408,E403,Raccord sèche-main,1865,2108,0.3275,0.5241,1966,2550,exclue (version remplacée),H:E408:80,version remplacée par E403,,
humain,E408,E403,Raccord sèche-main,1865,2144,0.3275,0.5331,1966,2527,exclue (doublon),H:E408:81,H:E403:132,,
humain,E408,E403,Sortie data,1088,2220,0.1911,0.5520,1415,2477,exclue (doublon),H:E408:82,H:E403:129,,
humain,E408,E403,Sortie data,1196,2220,0.2100,0.5520,1492,2477,exclue (version remplacée),H:E408:83,version remplacée par E403,,
humain,E408,E403,Sortie data,1692,2815,0.2972,0.6999,1843,2090,exclue (doublon),H:E408:84,H:E403:36,,
humain,E408,E403,Sortie data,1752,2815,0.3077,0.6999,1886,2090,exclue (doublon),H:E408:85,H:E403:69,,
humain,E408,E403,Sortie data,2075,2698,0.3644,0.6708,2115,2166,exclue (doublon),H:E408:86,H:E403:145,,
humain,E408,E403,Sortie data mobilier,1508,2146,0.2648,0.5336,1713,2526,exclue (version remplacée),H:E408:87,version remplacée par E403,,
humain,E408,E403,Sortie data mobilier,1508,2239,0.2648,0.5567,1713,2465,exclue (version remplacée),H:E408:88,version remplacée par E403,,
humain,E408,E403,Sortie data mobilier,1105,2724,0.1941,0.6773,1427,2149,exclue (version remplacée),H:E408:89,version remplacée par E403,,
humain,E408,E403,Sortie data mobilier,1200,2724,0.2107,0.6773,1495,2149,exclue (version remplacée),H:E408:90,version remplacée par E403,,
humain,E405,E405,Avertisseur visuel,1315,2767,0.2309,0.6880,1315,2766,manquante IA,H:E405:1,,,
humain,E405,E405,Détecteur de fumée,2167,1885,0.3806,0.4687,2167,1885,appariée,H:E405:2,IA:E405:3,Détecteur de fumée (F),0.2
humain,E405,E405,Indicateur de débit ID,2934,734,0.5153,0.1825,2934,735,appariée,H:E405:3,IA:E405:4,Indicateur de débit (ID),0.9
humain,E405,E405,Indicateur de débit ID,3002,734,0.5272,0.1825,3002,735,appariée,H:E405:4,IA:E405:5,Indicateur de débit (ID),0.9
humain,E405,E405,Indicateur de débit ID,3070,734,0.5392,0.1825,3070,735,appariée,H:E405:5,IA:E405:6,Indicateur de débit (ID),0.9
humain,E405,E405,Indicateur de débit ID,3140,734,0.5515,0.1825,3140,735,appariée,H:E405:6,IA:E405:7,Indicateur de débit (ID),0.9
humain,E405,E405,Indicateur de débit ID,3303,664,0.5801,0.1651,3303,665,appariée,H:E405:7,IA:E405:8,Indicateur de débit (ID),1.0
humain,E405,E405,Interrupteur fin de course Ls,2897,734,0.5088,0.1825,2897,735,appariée,H:E405:8,IA:E405:9,Interrupteur fin de course (Ls),0.9
humain,E405,E405,Interrupteur fin de course Ls,2965,734,0.5207,0.1825,2965,735,appariée,H:E405:9,IA:E405:10,Interrupteur fin de course (Ls),0.9
humain,E405,E405,Interrupteur fin de course Ls,3033,734,0.5327,0.1825,3033,735,appariée,H:E405:10,IA:E405:11,Interrupteur fin de course (Ls),0.9
humain,E405,E405,Interrupteur fin de course Ls,3103,734,0.5450,0.1825,3103,735,appariée,H:E405:11,IA:E405:12,Interrupteur fin de course (Ls),0.9
humain,E405,E405,Interrupteur fin de course Ls,3178,734,0.5581,0.1825,3178,735,appariée,H:E405:12,IA:E405:13,Interrupteur fin de course (Ls),0.9
humain,E405,E405,Interrupteur fin de course Ls,3303,580,0.5801,0.1442,3303,581,appariée,H:E405:13,IA:E405:14,Interrupteur fin de course (Ls),1.1
humain,E405,E405,Klaxon,1775,3067,0.3117,0.7626,1775,3066,appariée,H:E405:14,IA:E405:15,Klaxon alarme (K),1.3
humain,E405,E405,Klaxon,1470,2895,0.2582,0.7198,1470,2894,appariée,H:E405:15,IA:E405:16,Klaxon alarme (K),1.2
humain,E405,E405,Klaxon,1682,2894,0.2954,0.7195,1682,2893,appariée,H:E405:16,IA:E405:17,Klaxon alarme (K),1.2
humain,E405,E405,Klaxon,2063,2547,0.3623,0.6333,2063,2546,appariée,H:E405:17,IA:E405:18,Klaxon alarme (K),0.8
humain,E405,E405,Klaxon,2236,2792,0.3927,0.6942,2236,2791,appariée,H:E405:18,IA:E405:19,Klaxon alarme (K),1.1
humain,E405,E405,Klaxon,2236,1912,0.3927,0.4754,2236,1912,appariée,H:E405:19,IA:E405:20,Klaxon alarme (K),0.2
humain,E405,E405,Klaxon,2290,1810,0.4022,0.4500,2290,1810,appariée,H:E405:20,IA:E405:21,Klaxon alarme (K),0.1
humain,E405,E405,Klaxon,1365,2755,0.2397,0.6850,1365,2754,appariée,H:E405:21,IA:E405:1,Avertisseur sonore/visuel (K),1.0
humain,E405,E405,Klaxon,1771,2457,0.3110,0.6109,1771,2456,appariée,H:E405:22,IA:E405:22,Klaxon alarme (K),0.8
humain,E405,E405,Klaxon,1405,2581,0.2468,0.6417,1405,2580,appariée,H:E405:23,IA:E405:23,Klaxon alarme (K),0.9
humain,E405,E405,Klaxon,1365,3085,0.2397,0.7670,1365,3084,appariée,H:E405:24,IA:E405:24,Klaxon alarme (K),1.4
humain,E405,E405,Klaxon,1406,3085,0.2469,0.7670,1406,3084,appariée,H:E405:25,IA:E405:25,Klaxon alarme (K),1.4
humain,E405,E405,Klaxon,2063,2282,0.3623,0.5674,2063,2281,appariée,H:E405:26,IA:E405:26,Klaxon alarme (K),0.6
humain,E405,E405,Mesurage Hydro-Québec,1403,3410,0.2464,0.8478,1403,3408,appariée,H:E405:27,IA:E405:2,Boîte de mesurage HQ (MHQ),13.3
humain,E405,E405,Module de supervision Sx,2915,691,0.5119,0.1718,2915,692,appariée,H:E405:28,IA:E405:27,Module de supervision (Sx),1.0
humain,E405,E405,Module de supervision Sx,2984,691,0.5241,0.1718,2984,692,appariée,H:E405:29,IA:E405:28,Module de supervision (Sx),1.0
humain,E405,E405,Module de supervision Sx,3051,691,0.5358,0.1718,3051,692,appariée,H:E405:30,IA:E405:29,Module de supervision (Sx),1.0
humain,E405,E405,Module de supervision Sx,3122,691,0.5483,0.1718,3122,692,appariée,H:E405:31,IA:E405:30,Module de supervision (Sx),1.0
humain,E405,E405,Module de supervision Sx,3196,691,0.5613,0.1718,3196,692,appariée,H:E405:32,IA:E405:31,Module de supervision (Sx),1.0
humain,E405,E405,Module de supervision Sx,3321,622,0.5832,0.1546,3321,623,appariée,H:E405:33,IA:E405:32,Module de supervision (Sx),1.0
humain,E405,E405,Panneau,1556,3307,0.2733,0.8222,1556,3305,appariée,H:E405:34,IA:E405:33,Panneau de dérivation,23.0
humain,E405,E405,Panneau,1568,3247,0.2754,0.8073,1568,3245,appariée,H:E405:35,IA:E405:34,Panneau de dérivation,20.9
humain,E405,E405,Poste manuel,2165,3077,0.3802,0.7650,2165,3076,appariée,H:E405:36,IA:E405:35,Poste manuel (M),1.3
humain,E405,E405,Poste manuel,1479,1674,0.2597,0.4162,1479,1674,appariée,H:E405:37,IA:E405:36,Poste manuel (M),0.1
humain,E405,E405,Prise DDFT Ei,1723,2457,0.3026,0.6109,1723,2456,appariée,H:E405:38,IA:E405:43,Prise DDFT intempéries,2.7
humain,E405,E405,Prise DDFT Ei,2067,2454,0.3630,0.6101,2067,2453,appariée,H:E405:39,IA:E405:42,Prise DDFT intempéries,2.7
humain,E405,E405,Prise duplex,1136,2392,0.1995,0.5947,1136,2391,appariée,H:E405:40,IA:E405:58,Prise duplex 20A,2.0
humain,E405,E405,Prise duplex,919,2502,0.1614,0.6221,919,2501,appariée,H:E405:41,IA:E405:59,Prise duplex 20A,1.1
humain,E405,E405,Prise duplex,2285,1778,0.4013,0.4421,2285,1778,appariée,H:E405:42,IA:E405:44,Prise duplex 20A,3.3
humain,E405,E405,Prise duplex,2605,1881,0.4575,0.4677,2605,1881,appariée,H:E405:43,IA:E405:45,Prise duplex 20A,1.6
humain,E405,E405,Prise duplex,1903,1969,0.3342,0.4896,1903,1969,appariée,H:E405:44,IA:E405:46,Prise duplex 20A,2.5
humain,E405,E405,Prise duplex,1903,2079,0.3342,0.5169,1903,2079,appariée,H:E405:45,IA:E405:47,Prise duplex 20A,2.6
humain,E405,E405,Prise duplex,1903,2184,0.3342,0.5430,1903,2184,appariée,H:E405:46,IA:E405:48,Prise duplex 20A,3.7
humain,E405,E405,Prise duplex,2020,2275,0.3548,0.5656,2020,2274,appariée,H:E405:47,IA:E405:49,Prise duplex 20A,2.6
humain,E405,E405,Prise duplex,2239,2376,0.3932,0.5908,2239,2375,appariée,H:E405:48,IA:E405:50,Prise duplex 20A,2.9
humain,E405,E405,Prise duplex,1449,2583,0.2545,0.6422,1449,2582,appariée,H:E405:49,IA:E405:51,Prise duplex 20A,1.2
humain,E405,E405,Prise duplex,1532,2708,0.2691,0.6733,1532,2707,appariée,H:E405:50,IA:E405:52,Prise duplex 20A,0.9
humain,E405,E405,Prise duplex,919,2796,0.1614,0.6952,919,2795,appariée,H:E405:51,IA:E405:60,Prise duplex 20A,2.2
humain,E405,E405,Prise duplex,1368,2798,0.2403,0.6957,1368,2797,appariée,H:E405:52,IA:E405:57,Prise duplex 20A,1.1
humain,E405,E405,Prise duplex,1563,2782,0.2745,0.6917,1563,2781,appariée,H:E405:53,IA:E405:69,Prise duplex 20A à 1070mm,2.3
humain,E405,E405,Prise duplex,1809,2932,0.3177,0.7290,1809,2931,appariée,H:E405:54,IA:E405:56,Prise duplex 20A,1.2
humain,E405,E405,Prise duplex,1176,3030,0.2065,0.7534,1176,3029,appariée,H:E405:55,IA:E405:61,Prise duplex 20A,2.6
humain,E405,E405,Prise duplex,969,3063,0.1702,0.7616,969,3062,appariée,H:E405:56,IA:E405:62,Prise duplex 20A,2.5
humain,E405,E405,Prise duplex,1566,3135,0.2750,0.7795,1566,3134,appariée,H:E405:57,IA:E405:65,Prise duplex 20A,2.6
humain,E405,E405,Prise duplex,1776,3114,0.3119,0.7742,1776,3113,appariée,H:E405:58,IA:E405:64,Prise duplex 20A,1.4
humain,E405,E405,Prise duplex,1368,3274,0.2403,0.8140,1368,3272,appariée,H:E405:59,IA:E405:63,Prise duplex 20A,1.9
humain,E405,E405,Prise duplex,1597,3262,0.2805,0.8110,1597,3260,appariée,H:E405:60,IA:E405:66,Prise duplex 20A,2.8
humain,E405,E405,Prise duplex,1788,3462,0.3140,0.8608,1788,3460,appariée,H:E405:61,IA:E405:67,Prise duplex 20A,1.7
humain,E405,E405,Prise duplex,1838,2643,0.3228,0.6571,1838,2642,appariée,H:E405:62,IA:E405:53,Prise duplex 20A,1.4
humain,E405,E405,Prise duplex,2067,2770,0.3630,0.6887,2067,2769,appariée,H:E405:63,IA:E405:54,Prise duplex 20A,1.1
humain,E405,E405,Prise duplex,1838,2899,0.3228,0.7208,1838,2898,appariée,H:E405:64,IA:E405:55,Prise duplex 20A,1.2
humain,E405,E405,Prise duplex,2053,3312,0.3606,0.8235,2053,3310,appariée,H:E405:65,IA:E405:68,Prise duplex 20A,1.9
humain,E405,E405,Prise duplex DDFT,2120,1690,0.3723,0.4202,2120,1690,appariée,H:E405:66,IA:E405:39,Prise DDFT 20A,1.0
humain,E405,E405,Prise duplex DDFT,1532,2848,0.2691,0.7081,1532,2847,appariée,H:E405:67,IA:E405:41,Prise DDFT 20A,1.4
humain,E405,E405,Prise duplex DDFT,1563,2848,0.2745,0.7081,1563,2847,appariée,H:E405:68,IA:E405:40,Prise DDFT 20A,3.3
humain,E405,E405,Prise mobilier,1766,2772,0.3102,0.6892,1766,2771,appariée,H:E405:69,IA:E405:37,Prise 20A dans mobilier,2.1
humain,E405,E405,Prise mobilier,1800,2772,0.3161,0.6892,1800,2771,appariée,H:E405:70,IA:E405:38,Prise 20A dans mobilier,2.1
humain,E405,E405,Raccord CC équipement,1040,3134,0.1826,0.7792,1040,3133,appariée,H:E405:71,IA:E405:80,Raccord direct équipement (▲CC),16.6
humain,E405,E405,Raccord CC équipement,1107,3135,0.1944,0.7795,1107,3134,appariée,H:E405:72,IA:E405:81,Raccord direct équipement (▲CC),17.6
humain,E405,E405,Raccord CC équipement,921,3267,0.1617,0.8123,921,3265,appariée,H:E405:73,IA:E405:70,Raccord chauffe-eau (CE),27.5
humain,E405,E405,Raccord CC équipement,921,3333,0.1617,0.8287,921,3331,appariée,H:E405:74,IA:E405:71,Raccord chauffe-eau (CE),27.4
humain,E405,E405,Raccord CC équipement,1943,2438,0.3412,0.6062,1943,2437,appariée,H:E405:75,IA:E405:72,Raccord direct équipement (▲CC),0.7
humain,E405,E405,Raccord CC équipement,2008,2392,0.3527,0.5947,2008,2391,appariée,H:E405:76,IA:E405:73,Raccord direct équipement (▲CC),0.7
humain,E405,E405,Raccord CC équipement,1576,2498,0.2768,0.6211,1576,2497,appariée,H:E405:77,IA:E405:74,Raccord direct équipement (▲CC),0.9
humain,E405,E405,Raccord CC équipement,1920,2568,0.3372,0.6385,1920,2567,appariée,H:E405:78,IA:E405:75,Raccord direct équipement (▲CC),0.9
humain,E405,E405,Raccord CC équipement,1511,3408,0.2654,0.8473,1511,3406,appariée,H:E405:79,IA:E405:77,Raccord direct équipement (▲CC),0.7
humain,E405,E405,Raccord CC équipement,947,3388,0.1663,0.8424,947,3386,appariée,H:E405:80,IA:E405:78,Raccord direct équipement (▲CC),1.7
humain,E405,E405,Raccord CC équipement,2505,1789,0.4399,0.4448,2505,1789,appariée,H:E405:81,IA:E405:79,Raccord direct équipement (▲CC),1.3
humain,E405,E405,Raccord CC équipement,1863,2508,0.3272,0.6236,1863,2507,appariée,H:E405:82,IA:E405:76,Raccord direct équipement (▲CC),0.9
humain,E405,E405,Raccord pompe,2395,1604,0.4206,0.3988,2395,1604,appariée,H:E405:83,IA:E405:83,Raccord pompe (▼) — à classer,2.1
humain,E405,E405,Raccord pompe,2497,1604,0.4385,0.3988,2497,1604,appariée,H:E405:84,IA:E405:84,Raccord pompe (▼) — à classer,3.1
humain,E405,E405,Raccord pompe,1265,3066,0.2222,0.7623,1265,3065,appariée,H:E405:85,IA:E405:82,Raccord pompe (▼) — à classer,16.9
humain,E405,E405,Sectionneur,1401,3319,0.2460,0.8252,1401,3317,appariée,H:E405:86,IA:E405:86,Sectionneur 600A,19.0
humain,E405,E405,Sectionneur,1458,3465,0.2561,0.8615,1458,3463,appariée,H:E405:87,IA:E405:85,Sectionneur 600A,18.4
humain,E405,E405,Sortie data mobilier,1857,2772,0.3261,0.6892,1857,2771,appariée,H:E405:88,IA:E405:87,Sortie data dans mobilier,2.4
humain,E405,E405,Sortie data mobilier,1893,2772,0.3325,0.6892,1893,2771,appariée,H:E405:89,IA:E405:88,Sortie data dans mobilier,1.1
humain,E405,E405,Transformateur,1542,3207,0.2708,0.7974,1542,3206,appariée,H:E405:90,IA:E405:90,Transformateur (Xfo),62.0
humain,E405,E405,Transformateur,1542,3391,0.2708,0.8431,1542,3389,appariée,H:E405:91,IA:E405:89,Transformateur (Xfo),61.9
humain,E406,E406,Détecteur de fumée,2167,1885,0.3806,0.4687,2167,1885,appariée,H:E406:1,IA:E406:6,Détecteur de fumée (F),0.5
humain,E406,E406,Klaxon,1133,3265,0.1990,0.8118,1133,3266,appariée,H:E406:2,IA:E406:7,Klaxon alarme (K),0.7
humain,E406,E406,Klaxon,1746,3155,0.3066,0.7844,1746,3156,appariée,H:E406:3,IA:E406:8,Klaxon alarme (K),0.7
humain,E406,E406,Klaxon,1785,3147,0.3135,0.7824,1785,3148,appariée,H:E406:4,IA:E406:9,Klaxon alarme (K),0.7
humain,E406,E406,Klaxon,1228,2775,0.2157,0.6900,1228,2776,appariée,H:E406:5,IA:E406:10,Klaxon alarme (K),0.6
humain,E406,E406,Klaxon,1340,2736,0.2353,0.6803,1340,2737,appariée,H:E406:6,IA:E406:11,Klaxon alarme (K),0.5
humain,E406,E406,Klaxon,1765,2693,0.3100,0.6696,1765,2694,appariée,H:E406:7,IA:E406:12,Klaxon alarme (K),0.6
humain,E406,E406,Klaxon,1899,2726,0.3335,0.6778,1899,2727,appariée,H:E406:8,IA:E406:13,Klaxon alarme (K),0.6
humain,E406,E406,Klaxon,2013,2529,0.3535,0.6288,2013,2529,appariée,H:E406:9,IA:E406:14,Klaxon alarme (K),0.6
humain,E406,E406,Klaxon,2613,2951,0.4589,0.7337,2612,2952,appariée,H:E406:10,IA:E406:15,Klaxon alarme (K),0.9
humain,E406,E406,Klaxon,2904,3194,0.5100,0.7941,2903,3195,appariée,H:E406:11,IA:E406:16,Klaxon alarme (K),1.0
humain,E406,E406,Klaxon,3191,3194,0.5604,0.7941,3190,3195,appariée,H:E406:12,IA:E406:17,Klaxon alarme (K),1.1
humain,E406,E406,Klaxon,3474,3194,0.6101,0.7941,3473,3195,appariée,H:E406:13,IA:E406:18,Klaxon alarme (K),1.2
humain,E406,E406,Klaxon,3473,3045,0.6099,0.7571,3472,3046,appariée,H:E406:14,IA:E406:19,Klaxon alarme (K),1.2
humain,E406,E406,Klaxon,3235,3045,0.5681,0.7571,3234,3046,appariée,H:E406:15,IA:E406:20,Klaxon alarme (K),1.1
humain,E406,E406,Klaxon,2982,2764,0.5237,0.6872,2981,2765,appariée,H:E406:16,IA:E406:21,Klaxon alarme (K),1.0
humain,E406,E406,Klaxon,2365,2082,0.4153,0.5177,2364,2082,appariée,H:E406:17,IA:E406:22,Klaxon alarme (K),0.6
humain,E406,E406,Klaxon,2977,2803,0.5228,0.6969,2976,2804,appariée,H:E406:18,IA:E406:23,Klaxon alarme (K),1.0
humain,E406,E406,Klaxon,2541,1891,0.4463,0.4702,2540,1891,appariée,H:E406:19,IA:E406:24,Klaxon alarme (K),0.7
humain,E406,E406,Klaxon,1559,1795,0.2738,0.4463,1559,1795,appariée,H:E406:20,IA:E406:25,Klaxon alarme (K),0.3
humain,E406,E406,Klaxon,1586,1689,0.2785,0.4199,1586,1689,appariée,H:E406:21,IA:E406:26,Klaxon alarme (K),0.3
humain,E406,E406,Klaxon,1701,1676,0.2987,0.4167,1701,1676,appariée,H:E406:22,IA:E406:27,Klaxon alarme (K),0.3
humain,E406,E406,Klaxon,1024,2112,0.1798,0.5251,1024,2112,appariée,H:E406:23,IA:E406:28,Klaxon alarme (K),0.4
humain,E406,E406,Klaxon,2114,2790,0.3713,0.6937,2114,2791,appariée,H:E406:24,IA:E406:29,Klaxon alarme (K),0.7
humain,E406,E406,Klaxon,2720,2497,0.4777,0.6208,2719,2497,appariée,H:E406:25,IA:E406:30,Klaxon alarme (K),0.8
humain,E406,E406,Klaxon,2871,2867,0.5042,0.7128,2870,2868,appariée,H:E406:26,IA:E406:31,Klaxon alarme (K),0.9
humain,E406,E406,Klaxon,1245,2910,0.2187,0.7235,1245,2911,appariée,H:E406:27,IA:E406:32,Klaxon alarme (K),0.6
humain,E406,E406,Klaxon,2848,2385,0.5002,0.5930,2847,2385,appariée,H:E406:28,IA:E406:33,Klaxon alarme (K),0.9
humain,E406,E406,Klaxon,1951,3050,0.3426,0.7583,1951,3051,appariée,H:E406:29,IA:E406:34,Klaxon alarme (K),0.7
humain,E406,E406,Klaxon,2246,2081,0.3945,0.5174,2246,2081,appariée,H:E406:30,IA:E406:35,Klaxon alarme (K),0.6
humain,E406,E406,Klaxon,2364,1760,0.4152,0.4376,2363,1760,appariée,H:E406:31,IA:E406:36,Klaxon alarme (K),0.6
humain,E406,E406,Klaxon,2911,2977,0.5112,0.7402,2910,2978,appariée,H:E406:32,IA:E406:37,Klaxon alarme (K),1.0
humain,E406,E406,Module transmission TRA,1002,2029,0.1760,0.5045,1002,2029,appariée,H:E406:33,IA:E406:38,Module de transmission (TRA),1.9
humain,E406,E406,Panneau,1563,2891,0.2745,0.7188,1563,2892,appariée,H:E406:34,IA:E406:41,Panneau de dérivation,18.8
humain,E406,E406,Panneau,1626,2891,0.2856,0.7188,1626,2892,appariée,H:E406:35,IA:E406:40,Panneau de dérivation,16.4
humain,E406,E406,Panneau d'alarme PAI,1002,2058,0.1760,0.5117,1002,2058,appariée,H:E406:36,IA:E406:39,Panneau alarme incendie (PAI),1.9
humain,E406,E406,Poste manuel,2168,3094,0.3808,0.7693,2168,3095,appariée,H:E406:37,IA:E406:42,Poste manuel (M),0.8
humain,E406,E406,Poste manuel,2717,1741,0.4772,0.4329,2716,1741,appariée,H:E406:38,IA:E406:43,Poste manuel (M),0.7
humain,E406,E406,Poste manuel,1195,1796,0.2099,0.4465,1195,1796,appariée,H:E406:39,IA:E406:44,Poste manuel (M),0.3
humain,E406,E406,Poste manuel,1126,2083,0.1978,0.5179,1126,2083,appariée,H:E406:40,IA:E406:45,Poste manuel (M),0.4
humain,E406,E406,Poste-maître intercom PMI,1055,2058,0.1853,0.5117,1055,2058,appariée,H:E406:41,IA:E406:46,Poste maître intercom (PMI),1.0
humain,E406,E406,Prise DDFT Ei,2784,1738,0.4889,0.4321,2783,1738,appariée,H:E406:42,IA:E406:73,Prise DDFT intempéries,1.3
humain,E406,E406,Prise cuisinière C,3190,2421,0.5602,0.6019,3189,2421,appariée,H:E406:43,IA:E406:75,Prise cuisinière 50A (C),3.2
humain,E406,E406,Prise cuisinière C,3257,2421,0.5720,0.6019,3256,2421,appariée,H:E406:44,IA:E406:76,Prise cuisinière 50A (C),2.7
humain,E406,E406,Prise cuisinière C,1024,2872,0.1798,0.7141,1024,2873,appariée,H:E406:45,IA:E406:74,Prise cuisinière 50A (C),0.6
humain,E406,E406,Prise duplex,1700,1633,0.2986,0.4060,1700,1633,appariée,H:E406:46,IA:E406:98,Prise duplex 20A,1.4
humain,E406,E406,Prise duplex,1489,1793,0.2615,0.4458,1489,1793,appariée,H:E406:47,IA:E406:102,Prise duplex 20A,2.5
humain,E406,E406,Prise duplex,976,2108,0.1714,0.5241,976,2108,appariée,H:E406:48,IA:E406:168,Prise duplex 20A,0.9
humain,E406,E406,Prise duplex,1007,2347,0.1769,0.5835,1007,2347,appariée,H:E406:49,IA:E406:108,Prise duplex 20A,1.0
humain,E406,E406,Prise duplex,1294,2347,0.2273,0.5835,1294,2347,appariée,H:E406:50,IA:E406:106,Prise duplex 20A,1.1
humain,E406,E406,Prise duplex,1528,2347,0.2684,0.5835,1528,2347,appariée,H:E406:51,IA:E406:103,Prise duplex 20A,1.0
humain,E406,E406,Prise duplex,1633,2347,0.2868,0.5835,1633,2347,appariée,H:E406:52,IA:E406:104,Prise duplex 20A,1.3
humain,E406,E406,Prise duplex,1747,2347,0.3068,0.5835,1747,2347,appariée,H:E406:53,IA:E406:105,Prise duplex 20A,1.3
humain,E406,E406,Prise duplex,1807,1606,0.3174,0.3993,1807,1606,appariée,H:E406:54,IA:E406:99,Prise duplex 20A,1.3
humain,E406,E406,Prise duplex,1907,1606,0.3349,0.3993,1907,1606,appariée,H:E406:55,IA:E406:100,Prise duplex 20A,1.3
humain,E406,E406,Prise duplex,2008,1606,0.3527,0.3993,2008,1606,appariée,H:E406:56,IA:E406:101,Prise duplex 20A,0.7
humain,E406,E406,Prise duplex,2435,1606,0.4276,0.3993,2434,1606,appariée,H:E406:57,IA:E406:158,Prise duplex 20A,1.6
humain,E406,E406,Prise duplex,2552,1606,0.4482,0.3993,2551,1606,appariée,H:E406:58,IA:E406:160,Prise duplex 20A,0.7
humain,E406,E406,Prise duplex,2653,1606,0.4659,0.3993,2652,1606,appariée,H:E406:59,IA:E406:159,Prise duplex 20A,0.7
humain,E406,E406,Prise duplex,2519,2046,0.4424,0.5087,2518,2046,appariée,H:E406:60,IA:E406:161,Prise duplex 20A,1.6
humain,E406,E406,Prise duplex,2304,2313,0.4046,0.5751,2304,2313,appariée,H:E406:61,IA:E406:174,Prise duplex 20A à 1070mm,0.7
humain,E406,E406,Prise duplex,2249,2364,0.3950,0.5878,2249,2364,appariée,H:E406:62,IA:E406:162,Prise duplex 20A,2.1
humain,E406,E406,Prise duplex,1817,2380,0.3191,0.5917,1817,2380,appariée,H:E406:63,IA:E406:107,Prise duplex 20A,1.4
humain,E406,E406,Prise duplex,2674,2495,0.4696,0.6203,2673,2495,appariée,H:E406:64,IA:E406:163,Prise duplex 20A,2.7
humain,E406,E406,Prise duplex,2899,1929,0.5091,0.4796,2898,1929,appariée,H:E406:65,IA:E406:155,Prise duplex 20A,1.5
humain,E406,E406,Prise duplex,3305,1929,0.5804,0.4796,3304,1929,appariée,H:E406:66,IA:E406:156,Prise duplex 20A,1.3
humain,E406,E406,Prise duplex,2755,2101,0.4838,0.5224,2754,2101,appariée,H:E406:67,IA:E406:154,Prise duplex 20A,1.6
humain,E406,E406,Prise duplex,3546,2151,0.6228,0.5348,3545,2151,appariée,H:E406:68,IA:E406:157,Prise duplex 20A,2.6
humain,E406,E406,Prise duplex,2755,2292,0.4838,0.5699,2754,2292,appariée,H:E406:69,IA:E406:153,Prise duplex 20A,0.8
humain,E406,E406,Prise duplex,2930,2390,0.5146,0.5942,2929,2390,appariée,H:E406:70,IA:E406:85,Prise duplex 15A,0.9
humain,E406,E406,Prise duplex,3004,2390,0.5276,0.5942,3003,2390,appariée,H:E406:71,IA:E406:84,Prise duplex 15A,0.9
humain,E406,E406,Prise duplex,3066,2390,0.5385,0.5942,3065,2390,appariée,H:E406:72,IA:E406:79,Prise duplex 15A,1.0
humain,E406,E406,Prise duplex,3125,2390,0.5488,0.5942,3124,2390,appariée,H:E406:73,IA:E406:83,Prise duplex 15A,1.0
humain,E406,E406,Prise duplex,3211,2390,0.5639,0.5942,3210,2390,appariée,H:E406:74,IA:E406:82,Prise duplex 15A,3.9
humain,E406,E406,Prise duplex,3329,2390,0.5847,0.5942,3328,2390,appariée,H:E406:75,IA:E406:81,Prise duplex 15A,1.1
humain,E406,E406,Prise duplex,3443,2390,0.6047,0.5942,3442,2390,appariée,H:E406:76,IA:E406:80,Prise duplex 15A,3.1
humain,E406,E406,Prise duplex,3329,2421,0.5847,0.6019,3328,2421,appariée,H:E406:77,IA:E406:89,Prise duplex 15A,2.0
humain,E406,E406,Prise duplex,1420,2612,0.2494,0.6494,1420,2613,appariée,H:E406:78,IA:E406:109,Prise duplex 20A,1.2
humain,E406,E406,Prise duplex,1759,2657,0.3089,0.6606,1759,2658,appariée,H:E406:79,IA:E406:110,Prise duplex 20A,2.7
humain,E406,E406,Prise duplex,1661,2688,0.2917,0.6683,1661,2689,appariée,H:E406:80,IA:E406:111,Prise duplex 20A,0.5
humain,E406,E406,Prise duplex,1126,2779,0.1978,0.6909,1126,2780,appariée,H:E406:81,IA:E406:78,Prise duplex 15A,2.5
humain,E406,E406,Prise duplex,1071,2875,0.1881,0.7148,1071,2876,appariée,H:E406:82,IA:E406:173,Prise duplex 20A à 1070mm,1.8
humain,E406,E406,Prise duplex,1227,2820,0.2155,0.7011,1227,2821,appariée,H:E406:83,IA:E406:167,Prise duplex 20A,1.8
humain,E406,E406,Prise duplex,1458,2750,0.2561,0.6837,1458,2751,appariée,H:E406:84,IA:E406:112,Prise duplex 20A,1.7
humain,E406,E406,Prise duplex,1458,2825,0.2561,0.7024,1458,2826,appariée,H:E406:85,IA:E406:113,Prise duplex 20A,1.1
humain,E406,E406,Prise duplex,1642,2875,0.2884,0.7148,1642,2876,appariée,H:E406:86,IA:E406:114,Prise duplex 20A,1.6
humain,E406,E406,Prise duplex,1413,2906,0.2482,0.7225,1413,2907,appariée,H:E406:87,IA:E406:166,Prise duplex 20A,1.0
humain,E406,E406,Prise duplex,1145,2949,0.2011,0.7332,1145,2950,appariée,H:E406:88,IA:E406:131,Prise duplex 20A,0.6
humain,E406,E406,Prise duplex,950,2963,0.1668,0.7367,950,2964,appariée,H:E406:89,IA:E406:129,Prise duplex 20A,0.4
humain,E406,E406,Prise duplex,1062,2963,0.1865,0.7367,1062,2964,appariée,H:E406:90,IA:E406:130,Prise duplex 20A,1.2
humain,E406,E406,Prise duplex,1021,3231,0.1793,0.8033,1021,3232,appariée,H:E406:91,IA:E406:128,Prise duplex 20A,1.9
humain,E406,E406,Prise duplex,1059,3262,0.1860,0.8110,1059,3263,appariée,H:E406:92,IA:E406:127,Prise duplex 20A,1.7
humain,E406,E406,Prise duplex,1231,3286,0.2162,0.8170,1231,3287,appariée,H:E406:93,IA:E406:77,Prise duplex 15A,1.0
humain,E406,E406,Prise duplex,1231,3424,0.2162,0.8513,1231,3425,appariée,H:E406:94,IA:E406:170,Prise duplex 20A,1.2
humain,E406,E406,Prise duplex,1547,3419,0.2717,0.8501,1547,3420,appariée,H:E406:95,IA:E406:124,Prise duplex 20A,1.9
humain,E406,E406,Prise duplex,1511,3059,0.2654,0.7606,1511,3060,appariée,H:E406:96,IA:E406:72,Prise DDFT 20A,3.5
humain,E406,E406,Prise duplex,1678,3063,0.2947,0.7616,1678,3064,appariée,H:E406:97,IA:E406:125,Prise duplex 20A,1.6
humain,E406,E406,Prise duplex,1750,3233,0.3073,0.8038,1750,3234,appariée,H:E406:98,IA:E406:126,Prise duplex 20A,0.4
humain,E406,E406,Prise duplex,1781,3281,0.3128,0.8158,1781,3282,appariée,H:E406:99,IA:E406:121,Prise duplex 20A,1.7
humain,E406,E406,Prise duplex,1967,2528,0.3455,0.6285,1967,2528,appariée,H:E406:100,IA:E406:118,Prise duplex 20A,2.4
humain,E406,E406,Prise duplex,2311,2614,0.4059,0.6499,2311,2615,appariée,H:E406:101,IA:E406:95,Prise duplex 15A,1.6
humain,E406,E406,Prise duplex,2380,2614,0.4180,0.6499,2379,2615,appariée,H:E406:102,IA:E406:94,Prise duplex 15A,0.7
humain,E406,E406,Prise duplex,2450,2614,0.4303,0.6499,2449,2615,appariée,H:E406:103,IA:E406:93,Prise duplex 15A,0.7
humain,E406,E406,Prise duplex,2512,2614,0.4412,0.6499,2511,2615,appariée,H:E406:104,IA:E406:92,Prise duplex 15A,1.5
humain,E406,E406,Prise duplex,2576,2614,0.4524,0.6499,2575,2615,appariée,H:E406:105,IA:E406:91,Prise duplex 15A,0.8
humain,E406,E406,Prise duplex,2665,2614,0.4680,0.6499,2664,2615,appariée,H:E406:106,IA:E406:90,Prise duplex 15A,1.7
humain,E406,E406,Prise duplex,2610,2645,0.4584,0.6576,2609,2646,appariée,H:E406:107,IA:E406:164,Prise duplex 20A,0.8
humain,E406,E406,Prise duplex,2077,2748,0.3648,0.6832,2077,2749,appariée,H:E406:108,IA:E406:115,Prise duplex 20A,0.7
humain,E406,E406,Prise duplex,2110,2758,0.3706,0.6857,2110,2759,appariée,H:E406:109,IA:E406:117,Prise duplex 20A,1.6
humain,E406,E406,Prise duplex,1893,2786,0.3325,0.6927,1893,2787,appariée,H:E406:110,IA:E406:172,Prise duplex 20A à 1070mm,1.4
humain,E406,E406,Prise duplex,1864,2805,0.3274,0.6974,1864,2806,appariée,H:E406:111,IA:E406:171,Prise duplex 20A à 1070mm,1.4
humain,E406,E406,Prise duplex,2022,2875,0.3551,0.7148,2022,2876,appariée,H:E406:112,IA:E406:116,Prise duplex 20A,2.1
humain,E406,E406,Prise duplex,1838,2906,0.3228,0.7225,1838,2907,appariée,H:E406:113,IA:E406:119,Prise duplex 20A,1.3
humain,E406,E406,Prise duplex,2478,2915,0.4352,0.7248,2477,2916,appariée,H:E406:114,IA:E406:165,Prise duplex 20A,0.7
humain,E406,E406,Prise duplex,2299,2946,0.4038,0.7325,2299,2947,appariée,H:E406:115,IA:E406:175,Prise duplex 20A à 1070mm,1.5
humain,E406,E406,Prise duplex,2536,2946,0.4454,0.7325,2535,2947,appariée,H:E406:116,IA:E406:87,Prise duplex 15A,0.7
humain,E406,E406,Prise duplex,2588,2946,0.4545,0.7325,2587,2947,appariée,H:E406:117,IA:E406:86,Prise duplex 15A,0.7
humain,E406,E406,Prise duplex,1886,3085,0.3312,0.7670,1886,3086,appariée,H:E406:118,IA:E406:120,Prise duplex 20A,0.7
humain,E406,E406,Prise duplex,2282,3078,0.4008,0.7653,2282,3079,appariée,H:E406:119,IA:E406:133,Prise duplex 20A,1.6
humain,E406,E406,Prise duplex,2053,3276,0.3606,0.8145,2053,3277,appariée,H:E406:120,IA:E406:122,Prise duplex 20A,1.7
humain,E406,E406,Prise duplex,2282,3360,0.4008,0.8354,2282,3361,appariée,H:E406:121,IA:E406:135,Prise duplex 20A,1.6
humain,E406,E406,Prise duplex,1917,3457,0.3367,0.8595,1917,3458,appariée,H:E406:122,IA:E406:123,Prise duplex 20A,0.4
humain,E406,E406,Prise duplex,2906,2543,0.5104,0.6323,2905,2543,appariée,H:E406:123,IA:E406:178,Prise duplex 20A à 1070mm,1.7
humain,E406,E406,Prise duplex,2906,2674,0.5104,0.6648,2905,2675,appariée,H:E406:124,IA:E406:177,Prise duplex 20A à 1070mm,0.9
humain,E406,E406,Prise duplex,2875,2758,0.5049,0.6857,2874,2759,appariée,H:E406:125,IA:E406:152,Prise duplex 20A,1.8
humain,E406,E406,Prise duplex,2982,2722,0.5237,0.6768,2981,2723,appariée,H:E406:126,IA:E406:169,Prise duplex 20A,1.0
humain,E406,E406,Prise duplex,3032,2770,0.5325,0.6887,3031,2771,appariée,H:E406:127,IA:E406:88,Prise duplex 15A,2.4
humain,E406,E406,Prise duplex,3269,2770,0.5741,0.6887,3268,2771,appariée,H:E406:128,IA:E406:176,Prise duplex 20A à 1070mm,1.8
humain,E406,E406,Prise duplex,3219,2798,0.5653,0.6957,3218,2799,appariée,H:E406:129,IA:E406:147,Prise duplex 20A,2.4
humain,E406,E406,Prise duplex,2977,2846,0.5228,0.7076,2976,2847,appariée,H:E406:130,IA:E406:151,Prise duplex 20A,1.8
humain,E406,E406,Prise duplex,3369,2875,0.5917,0.7148,3368,2876,appariée,H:E406:131,IA:E406:148,Prise duplex 20A,2.1
humain,E406,E406,Prise duplex,3546,2877,0.6228,0.7153,3545,2878,appariée,H:E406:132,IA:E406:150,Prise duplex 20A,2.5
humain,E406,E406,Prise duplex,3073,2989,0.5397,0.7432,3072,2990,appariée,H:E406:133,IA:E406:96,Prise duplex 15A,1.4
humain,E406,E406,Prise duplex,3106,2999,0.5455,0.7456,3105,3000,appariée,H:E406:134,IA:E406:97,Prise duplex 15A,1.0
humain,E406,E406,Prise duplex,3073,3035,0.5397,0.7546,3072,3036,appariée,H:E406:135,IA:E406:179,Prise sécheuse 30A (S),1.4
humain,E406,E406,Prise duplex,3235,3001,0.5681,0.7461,3234,3002,appariée,H:E406:136,IA:E406:146,Prise duplex 20A,2.0
humain,E406,E406,Prise duplex,3474,3001,0.6101,0.7461,3473,3002,appariée,H:E406:137,IA:E406:149,Prise duplex 20A,1.7
humain,E406,E406,Prise duplex,3152,3080,0.5536,0.7658,3151,3081,appariée,H:E406:138,IA:E406:145,Prise duplex 20A,0.4
humain,E406,E406,Prise duplex,2765,3090,0.4856,0.7683,2764,3091,appariée,H:E406:139,IA:E406:134,Prise duplex 20A,1.8
humain,E406,E406,Prise duplex,2906,3238,0.5104,0.8051,2905,3239,appariée,H:E406:140,IA:E406:136,Prise duplex 20A,1.3
humain,E406,E406,Prise duplex,3192,3238,0.5606,0.8051,3191,3239,appariée,H:E406:141,IA:E406:140,Prise duplex 20A,1.6
humain,E406,E406,Prise duplex,3474,3238,0.6101,0.8051,3473,3239,appariée,H:E406:142,IA:E406:143,Prise duplex 20A,2.4
humain,E406,E406,Prise duplex,2765,3283,0.4856,0.8163,2764,3284,appariée,H:E406:143,IA:E406:132,Prise duplex 20A,1.7
humain,E406,E406,Prise duplex,3546,3302,0.6228,0.8210,3545,3303,appariée,H:E406:144,IA:E406:144,Prise duplex 20A,2.2
humain,E406,E406,Prise duplex,2796,3345,0.4910,0.8317,2795,3346,appariée,H:E406:145,IA:E406:137,Prise duplex 20A,0.8
humain,E406,E406,Prise duplex,3049,3343,0.5355,0.8312,3048,3344,appariée,H:E406:146,IA:E406:138,Prise duplex 20A,2.2
humain,E406,E406,Prise duplex,3080,3355,0.5409,0.8342,3079,3356,appariée,H:E406:147,IA:E406:139,Prise duplex 20A,2.0
humain,E406,E406,Prise duplex,3338,3343,0.5862,0.8312,3337,3344,appariée,H:E406:148,IA:E406:141,Prise duplex 20A,2.1
humain,E406,E406,Prise duplex,3369,3355,0.5917,0.8342,3368,3356,appariée,H:E406:149,IA:E406:142,Prise duplex 20A,2.1
humain,E406,E406,Prise duplex DDFT,1473,1716,0.2587,0.4267,1473,1716,appariée,H:E406:150,IA:E406:64,Prise DDFT 20A,2.1
humain,E406,E406,Prise duplex DDFT,940,2872,0.1651,0.7141,940,2873,appariée,H:E406:151,IA:E406:66,Prise DDFT 20A,1.4
humain,E406,E406,Prise duplex DDFT,1346,3063,0.2364,0.7616,1346,3064,appariée,H:E406:152,IA:E406:71,Prise DDFT 20A,1.2
humain,E406,E406,Prise duplex DDFT,1626,3063,0.2856,0.7616,1626,3064,appariée,H:E406:153,IA:E406:65,Prise DDFT 20A,1.0
humain,E406,E406,Prise duplex DDFT,2559,2079,0.4494,0.5169,2558,2079,appariée,H:E406:154,IA:E406:69,Prise DDFT 20A,1.6
humain,E406,E406,Prise duplex DDFT,2485,2946,0.4364,0.7325,2484,2947,appariée,H:E406:155,IA:E406:68,Prise DDFT 20A,2.1
humain,E406,E406,Prise duplex DDFT,3111,2770,0.5464,0.6887,3110,2771,appariée,H:E406:156,IA:E406:67,Prise DDFT 20A,1.8
humain,E406,E406,Prise duplex DDFT,2956,2977,0.5191,0.7402,2955,2978,appariée,H:E406:157,IA:E406:70,Prise DDFT 20A,1.0
humain,E406,E406,Prise micro-onde,3087,2421,0.5421,0.6019,3086,2421,appariée,H:E406:158,IA:E406:61,Prise 20A micro-onde (MO),2.9
humain,E406,E406,Prise micro-onde,3125,2421,0.5488,0.6019,3124,2421,appariée,H:E406:159,IA:E406:62,Prise 20A micro-onde (MO),1.9
humain,E406,E406,Prise micro-onde,1126,2829,0.1978,0.7034,1126,2830,appariée,H:E406:160,IA:E406:59,Prise 20A micro-onde (MO),1.8
humain,E406,E406,Prise micro-onde,1305,3063,0.2292,0.7616,1305,3064,appariée,H:E406:161,IA:E406:63,Prise 20A micro-onde (MO),1.9
humain,E406,E406,Prise micro-onde,2366,2946,0.4155,0.7325,2365,2947,appariée,H:E406:162,IA:E406:60,Prise 20A micro-onde (MO),1.5
humain,E406,E406,Prise mobilier,1384,1934,0.2431,0.4809,1384,1934,appariée,H:E406:163,IA:E406:56,Prise 20A dans mobilier,1.2
humain,E406,E406,Prise mobilier,1360,1974,0.2388,0.4908,1360,1974,appariée,H:E406:164,IA:E406:50,Prise 20A dans mobilier,1.9
humain,E406,E406,Prise mobilier,1520,1979,0.2669,0.4920,1520,1979,appariée,H:E406:165,IA:E406:57,Prise 20A dans mobilier,2.0
humain,E406,E406,Prise mobilier,1360,2046,0.2388,0.5087,1360,2046,appariée,H:E406:166,IA:E406:55,Prise 20A dans mobilier,1.2
humain,E406,E406,Prise mobilier,1520,2046,0.2669,0.5087,1520,2046,appariée,H:E406:167,IA:E406:58,Prise 20A dans mobilier,2.6
humain,E406,E406,Prise mobilier,981,2242,0.1723,0.5574,981,2242,appariée,H:E406:168,IA:E406:47,Prise 20A au plancher,1.9
humain,E406,E406,Prise mobilier,945,3137,0.1660,0.7800,945,3138,appariée,H:E406:169,IA:E406:48,Prise 20A au plancher,1.8
humain,E406,E406,Prise mobilier,1055,3137,0.1853,0.7800,1055,3138,appariée,H:E406:170,IA:E406:49,Prise 20A au plancher,2.0
humain,E406,E406,Prise mobilier,1669,2793,0.2931,0.6944,1669,2794,appariée,H:E406:171,IA:E406:53,Prise 20A dans mobilier,0.5
humain,E406,E406,Prise mobilier,1733,2793,0.3044,0.6944,1733,2794,appariée,H:E406:172,IA:E406:54,Prise 20A dans mobilier,2.3
humain,E406,E406,Prise mobilier,1012,3360,0.1777,0.8354,1012,3361,appariée,H:E406:173,IA:E406:51,Prise 20A dans mobilier,0.9
humain,E406,E406,Prise mobilier,1081,3360,0.1898,0.8354,1081,3361,appariée,H:E406:174,IA:E406:52,Prise 20A dans mobilier,1.0
humain,E406,E406,Raccord CC équipement,3007,1717,0.5281,0.4269,3006,1717,appariée,H:E406:175,IA:E406:5,Coupe-circuit NEMA 3R (CC),1.3
humain,E406,E406,Raccord CC équipement,3007,1638,0.5281,0.4073,3006,1638,appariée,H:E406:176,IA:E406:4,Coupe-circuit NEMA 3R (CC),1.3
humain,E406,E406,Raccord CC équipement,3246,2456,0.5701,0.6106,3245,2456,appariée,H:E406:177,IA:E406:180,Raccord direct équipement (▲CC),29.1
humain,E406,E406,Raccord CC équipement,1449,3074,0.2545,0.7643,1449,3075,appariée,H:E406:178,IA:E406:181,Raccord direct équipement (▲CC),28.9
humain,E406,E406,Raccord CC équipement,3025,3037,0.5313,0.7551,3024,3038,appariée,H:E406:179,IA:E406:182,Raccord direct équipement (▲CC),27.2
humain,E406,E406,Raccord CC équipement,2820,1655,0.4953,0.4115,2819,1655,appariée,H:E406:180,IA:E406:183,Raccord direct équipement (▲CC),28.3
humain,E406,E406,Raccord CC équipement,951,3557,0.1670,0.8844,951,3558,appariée,H:E406:181,IA:E406:185,Raccord direct équipement (▲CC),28.3
humain,E406,E406,Raccord CC équipement,2913,1863,0.5116,0.4632,2912,1863,appariée,H:E406:182,IA:E406:184,Raccord direct équipement (▲CC),28.3
humain,E406,E406,Raccord hotte Ht,1024,2827,0.1798,0.7029,1024,2828,appariée,H:E406:183,IA:E406:186,Raccord hotte (Ht),0.5
humain,E406,E406,Raccord lave-vaisselle,1482,2030,0.2603,0.5047,1482,2030,appariée,H:E406:184,IA:E406:187,Raccord lave-vaisselle (LV),0.4
humain,E406,E406,Raccord lave-vaisselle,1489,3082,0.2615,0.7663,1489,3083,appariée,H:E406:185,IA:E406:188,Raccord lave-vaisselle (LV),0.6
humain,E406,E406,Raccord lave-vaisselle,3110,2733,0.5462,0.6795,3109,2734,appariée,H:E406:186,IA:E406:189,Raccord lave-vaisselle (LV),1.0
humain,E406,E406,Raccord lave-vaisselle,1056,2827,0.1855,0.7029,1056,2828,appariée,H:E406:187,IA:E406:190,Raccord lave-vaisselle (LV),0.6
humain,E406,E406,Raccord sèche-main,2394,2081,0.4204,0.5174,2393,2081,appariée,H:E406:188,IA:E406:216,Sèche-mains (SM),0.6
humain,E406,E406,Raccord sèche-main,2433,2081,0.4273,0.5174,2432,2081,appariée,H:E406:189,IA:E406:217,Sèche-mains (SM),0.7
humain,E406,E406,Sortie data,1547,2347,0.2717,0.5835,1547,2347,appariée,H:E406:190,IA:E406:194,Sortie data,0.6
humain,E406,E406,Sortie data,1654,2347,0.2905,0.5835,1654,2347,appariée,H:E406:191,IA:E406:195,Sortie data,1.3
humain,E406,E406,Sortie data,1769,2347,0.3107,0.5835,1769,2347,appariée,H:E406:192,IA:E406:196,Sortie data,0.9
humain,E406,E406,Sortie data,1829,1606,0.3212,0.3993,1829,1606,appariée,H:E406:193,IA:E406:191,Sortie data,1.0
humain,E406,E406,Sortie data,1926,1606,0.3383,0.3993,1926,1606,appariée,H:E406:194,IA:E406:192,Sortie data,2.4
humain,E406,E406,Sortie data,2027,1606,0.3560,0.3993,2027,1606,appariée,H:E406:195,IA:E406:193,Sortie data,1.5
humain,E406,E406,Sortie data,1838,2380,0.3228,0.5917,1838,2380,appariée,H:E406:196,IA:E406:197,Sortie data,2.3
humain,E406,E406,Sortie data,1458,2772,0.2561,0.6892,1458,2773,appariée,H:E406:197,IA:E406:198,Sortie data,0.6
humain,E406,E406,Sortie data,1458,2805,0.2561,0.6974,1458,2806,appariée,H:E406:198,IA:E406:199,Sortie data,0.6
humain,E406,E406,Sortie data,1145,2930,0.2011,0.7285,1145,2931,appariée,H:E406:199,IA:E406:203,Sortie data,1.1
humain,E406,E406,Sortie data,969,2963,0.1702,0.7367,969,2964,appariée,H:E406:200,IA:E406:201,Sortie data,0.4
humain,E406,E406,Sortie data,1081,2963,0.1898,0.7367,1081,2964,appariée,H:E406:201,IA:E406:202,Sortie data,1.2
humain,E406,E406,Sortie data,2631,2645,0.4621,0.6576,2630,2646,appariée,H:E406:202,IA:E406:206,Sortie data,0.6
humain,E406,E406,Sortie data,2077,2727,0.3648,0.6780,2077,2728,appariée,H:E406:203,IA:E406:200,Sortie data,0.7
humain,E406,E406,Sortie data,3243,2798,0.5695,0.6957,3242,2799,appariée,H:E406:204,IA:E406:211,Sortie data,1.7
humain,E406,E406,Sortie data,3546,2901,0.6228,0.7213,3545,2902,appariée,H:E406:205,IA:E406:205,Sortie data,2.6
humain,E406,E406,Sortie data,2765,3257,0.4856,0.8098,2764,3258,appariée,H:E406:206,IA:E406:207,Sortie data,0.8
humain,E406,E406,Sortie data,3546,3321,0.6228,0.8257,3545,3322,appariée,H:E406:207,IA:E406:204,Sortie data,2.4
humain,E406,E406,Sortie data mobilier,1019,2242,0.1790,0.5574,1019,2242,appariée,H:E406:208,IA:E406:212,Sortie data dans mobilier,0.6
humain,E406,E406,Sortie data mobilier,990,3137,0.1739,0.7800,990,3138,appariée,H:E406:209,IA:E406:213,Sortie data dans mobilier,1.6
humain,E406,E406,Sortie data mobilier,1098,3137,0.1928,0.7800,1098,3138,appariée,H:E406:210,IA:E406:214,Sortie data dans mobilier,1.9
humain,E406,E406,Sortie data mobilier,1692,2793,0.2972,0.6944,1692,2794,appariée,H:E406:211,IA:E406:209,Sortie data,2.2
humain,E406,E406,Sortie data mobilier,1759,2793,0.3089,0.6944,1759,2794,appariée,H:E406:212,IA:E406:210,Sortie data,1.3
humain,E406,E406,Sortie data mobilier,1036,3360,0.1819,0.8354,1036,3361,appariée,H:E406:213,IA:E406:208,Sortie data,0.9
humain,E406,E406,Sortie data mobilier,1105,3360,0.1941,0.8354,1105,3361,appariée,H:E406:214,IA:E406:215,Sortie data dans mobilier,1.1
humain,E406,E406,Symbole vert pointillé — à classer,1033,1931,0.1814,0.4801,1033,1931,appariée,H:E406:215,IA:E406:1,Aéroconvecteur plafond (ACP),3.3
humain,E406,E406,TS — à classer,988,1797,0.1735,0.4468,988,1797,appariée,H:E406:216,IA:E406:218,Thermostat tension secteur (Ts),0.9
humain,E407,E407,Détecteur de fumée,2167,1877,0.3806,0.4667,2178,1892,appariée,H:E407:1,IA:E407:1,Détecteur de fumée (F),18.6
humain,E407,E407,Klaxon,1138,3261,0.1999,0.8108,1167,3252,appariée,H:E407:2,IA:E407:2,Klaxon alarme (K),30.4
humain,E407,E407,Klaxon,1138,3080,0.1999,0.7658,1167,3074,appariée,H:E407:3,IA:E407:3,Klaxon alarme (K),29.6
humain,E407,E407,Klaxon,1464,3281,0.2571,0.8158,1487,3271,appariée,H:E407:4,IA:E407:4,Klaxon alarme (K),25.1
humain,E407,E407,Klaxon,1786,3281,0.3137,0.8158,1803,3271,appariée,H:E407:5,IA:E407:5,Klaxon alarme (K),19.9
humain,E407,E407,Klaxon,1961,3281,0.3444,0.8158,1975,3271,appariée,H:E407:6,IA:E407:6,Klaxon alarme (K),17.3
humain,E407,E407,Klaxon,2013,3056,0.3535,0.7598,2026,3050,appariée,H:E407:7,IA:E407:7,Klaxon alarme (K),14.5
humain,E407,E407,Klaxon,2426,2916,0.4261,0.7250,2432,2913,appariée,H:E407:8,IA:E407:8,Klaxon alarme (K),6.8
humain,E407,E407,Klaxon,2426,2804,0.4261,0.6972,2432,2803,appariée,H:E407:9,IA:E407:9,Klaxon alarme (K),6.1
humain,E407,E407,Klaxon,2598,2940,0.4563,0.7310,2601,2936,appariée,H:E407:10,IA:E407:10,Klaxon alarme (K),4.7
humain,E407,E407,Klaxon,2426,2497,0.4261,0.6208,2432,2501,appariée,H:E407:11,IA:E407:11,Klaxon alarme (K),7.3
humain,E407,E407,Klaxon,2426,2322,0.4261,0.5773,2432,2329,appariée,H:E407:12,IA:E407:12,Klaxon alarme (K),9.5
humain,E407,E407,Klaxon,2466,2267,0.4331,0.5636,2471,2275,appariée,H:E407:13,IA:E407:13,Klaxon alarme (K),9.9
humain,E407,E407,Klaxon,2246,2412,0.3945,0.5997,2255,2418,appariée,H:E407:14,IA:E407:14,Klaxon alarme (K),10.8
humain,E407,E407,Klaxon,2888,2697,0.5072,0.6706,2886,2698,appariée,H:E407:15,IA:E407:15,Klaxon alarme (K),2.3
humain,E407,E407,Klaxon,3139,2943,0.5513,0.7317,3132,2939,appariée,H:E407:16,IA:E407:16,Klaxon alarme (K),7.7
humain,E407,E407,Klaxon,2393,3182,0.4203,0.7911,2400,3174,appariée,H:E407:17,IA:E407:17,Klaxon alarme (K),10.3
humain,E407,E407,Klaxon,2576,3182,0.4524,0.7911,2579,3174,appariée,H:E407:18,IA:E407:18,Klaxon alarme (K),8.6
humain,E407,E407,Klaxon,2763,3182,0.4852,0.7911,2763,3174,appariée,H:E407:19,IA:E407:19,Klaxon alarme (K),8.0
humain,E407,E407,Klaxon,2943,3182,0.5169,0.7911,2940,3174,appariée,H:E407:20,IA:E407:20,Klaxon alarme (K),8.6
humain,E407,E407,Klaxon,3128,3182,0.5494,0.7911,3122,3174,appariée,H:E407:21,IA:E407:21,Klaxon alarme (K),10.3
humain,E407,E407,Klaxon,3308,3183,0.5810,0.7914,3298,3175,appariée,H:E407:22,IA:E407:22,Klaxon alarme (K),12.6
humain,E407,E407,Klaxon,3348,3126,0.5880,0.7772,3338,3119,appariée,H:E407:23,IA:E407:23,Klaxon alarme (K),12.5
humain,E407,E407,Klaxon,3312,2887,0.5817,0.7178,3302,2884,appariée,H:E407:24,IA:E407:24,Klaxon alarme (K),10.1
humain,E407,E407,Klaxon,3312,2695,0.5817,0.6701,3302,2696,appariée,H:E407:25,IA:E407:25,Klaxon alarme (K),9.8
humain,E407,E407,Klaxon,3312,2499,0.5817,0.6213,3302,2503,appariée,H:E407:26,IA:E407:26,Klaxon alarme (K),10.6
humain,E407,E407,Klaxon,3312,2338,0.5817,0.5813,3302,2345,appariée,H:E407:27,IA:E407:27,Klaxon alarme (K),12.1
humain,E407,E407,Klaxon,3332,2136,0.5852,0.5311,3322,2147,appariée,H:E407:28,IA:E407:28,Klaxon alarme (K),14.7
humain,E407,E407,Klaxon,3168,2124,0.5564,0.5281,3161,2135,appariée,H:E407:29,IA:E407:29,Klaxon alarme (K),13.0
humain,E407,E407,Klaxon,3007,2187,0.5281,0.5438,3003,2197,appariée,H:E407:30,IA:E407:30,Klaxon alarme (K),10.7
humain,E407,E407,Klaxon,2775,2187,0.4874,0.5438,2775,2197,appariée,H:E407:31,IA:E407:31,Klaxon alarme (K),9.7
humain,E407,E407,Klaxon,2318,1883,0.4071,0.4682,2326,1898,appariée,H:E407:32,IA:E407:32,Klaxon alarme (K),17.1
humain,E407,E407,Klaxon,1836,1876,0.3224,0.4664,1853,1891,appariée,H:E407:33,IA:E407:33,Klaxon alarme (K),22.5
humain,E407,E407,Klaxon,1654,1743,0.2905,0.4334,1674,1761,appariée,H:E407:34,IA:E407:34,Klaxon alarme (K),26.5
humain,E407,E407,Klaxon,1551,1743,0.2724,0.4334,1573,1761,appariée,H:E407:35,IA:E407:35,Klaxon alarme (K),27.9
humain,E407,E407,Klaxon,1833,2003,0.3219,0.4980,1850,2016,appariée,H:E407:36,IA:E407:36,Klaxon alarme (K),21.1
humain,E407,E407,Klaxon,1329,2335,0.2334,0.5806,1355,2342,appariée,H:E407:37,IA:E407:37,Klaxon alarme (K),26.5
humain,E407,E407,Klaxon,1118,2376,0.1963,0.5908,1147,2382,appariée,H:E407:38,IA:E407:38,Klaxon alarme (K),30.0
humain,E407,E407,Klaxon,1736,2376,0.3049,0.5908,1754,2382,appariée,H:E407:39,IA:E407:39,Klaxon alarme (K),19.4
humain,E407,E407,Panneau,1549,3297,0.2720,0.8197,1571,3287,appariée,H:E407:40,IA:E407:40,Panneau de dérivation,46.2
humain,E407,E407,Poste manuel,2171,3086,0.3813,0.7673,2182,3080,appariée,H:E407:41,IA:E407:41,Poste manuel (M),12.3
humain,E407,E407,Poste manuel,1448,1788,0.2543,0.4446,1471,1805,appariée,H:E407:42,IA:E407:42,Poste manuel (M),28.8
humain,E407,E407,Poste manuel,1904,2103,0.3344,0.5229,1919,2114,appariée,H:E407:43,IA:E407:43,Poste manuel (M),19.0
humain,E407,E407,Prise duplex,1549,1700,0.2720,0.4227,1571,1718,appariée,H:E407:44,IA:E407:58,Prise duplex 20A,27.0
humain,E407,E407,Prise duplex,1640,1876,0.2880,0.4664,1660,1891,appariée,H:E407:45,IA:E407:139,Prise duplex 20A,45.4
humain,E407,E407,Prise duplex,1492,1912,0.2620,0.4754,1515,1927,appariée,H:E407:46,IA:E407:134,Prise duplex 20A,26.4
humain,E407,E407,Prise duplex,921,2165,0.1617,0.5383,954,2175,appariée,H:E407:47,IA:E407:133,Prise duplex 20A,32.8
humain,E407,E407,Prise duplex,1628,2039,0.2859,0.5070,1648,2051,appariée,H:E407:48,IA:E407:135,Prise duplex 20A,21.2
humain,E407,E407,Prise duplex,1628,2237,0.2859,0.5562,1648,2246,appariée,H:E407:49,IA:E407:136,Prise duplex 20A,21.2
humain,E407,E407,Prise duplex,1110,2344,0.1949,0.5828,1139,2351,appariée,H:E407:50,IA:E407:138,Prise duplex 20A,34.2
humain,E407,E407,Prise duplex,1165,2373,0.2046,0.5900,1193,2379,appariée,H:E407:51,IA:E407:130,Prise duplex 20A,32.1
humain,E407,E407,Prise duplex,1492,2344,0.2620,0.5828,1515,2351,appariée,H:E407:52,IA:E407:137,Prise duplex 20A,24.2
humain,E407,E407,Prise duplex,1511,2373,0.2654,0.5900,1533,2379,appariée,H:E407:53,IA:E407:131,Prise duplex 20A,22.2
humain,E407,E407,Prise duplex,1879,1599,0.3300,0.3976,1895,1619,appariée,H:E407:54,IA:E407:59,Prise duplex 20A,67.2
humain,E407,E407,Prise duplex,2376,1685,0.4173,0.4189,2383,1704,manquante IA,H:E407:55,,,
humain,E407,E407,Prise duplex,2402,2127,0.4218,0.5288,2408,2138,appariée,H:E407:56,IA:E407:119,Prise duplex 20A,24.2
humain,E407,E407,Prise duplex,2352,2218,0.4131,0.5515,2359,2227,appariée,H:E407:57,IA:E407:118,Prise duplex 20A,76.3
humain,E407,E407,Prise duplex,2440,2321,0.4285,0.5771,2446,2328,appariée,H:E407:58,IA:E407:117,Prise duplex 20A,62.9
humain,E407,E407,Prise duplex,1895,2368,0.3328,0.5888,1910,2375,appariée,H:E407:59,IA:E407:132,Prise duplex 20A,61.5
humain,E407,E407,Prise duplex,2715,2368,0.4768,0.5888,2716,2375,manquante IA,H:E407:60,,,
humain,E407,E407,Prise duplex,2805,2321,0.4926,0.5771,2804,2328,manquante IA,H:E407:61,,,
humain,E407,E407,Prise duplex,2376,2383,0.4173,0.5925,2383,2389,manquante IA,H:E407:62,,,
humain,E407,E407,Prise duplex,2435,2493,0.4276,0.6198,2441,2497,manquante IA,H:E407:63,,,
humain,E407,E407,Prise duplex,2719,1750,0.4775,0.4351,2720,1768,appariée,H:E407:64,IA:E407:61,Prise duplex 20A,17.6
humain,E407,E407,Prise duplex,2712,1984,0.4763,0.4933,2713,1997,appariée,H:E407:65,IA:E407:63,Prise duplex 20A,11.4
humain,E407,E407,Prise duplex,2906,1984,0.5104,0.4933,2903,1997,appariée,H:E407:66,IA:E407:66,Prise duplex 20A,11.9
humain,E407,E407,Prise duplex,2834,1991,0.4977,0.4950,2833,2004,appariée,H:E407:67,IA:E407:65,Prise duplex 20A,56.0
humain,E407,E407,Prise duplex,3068,2001,0.5388,0.4975,3063,2014,appariée,H:E407:68,IA:E407:67,Prise duplex 20A,28.2
humain,E407,E407,Prise duplex,3345,1991,0.5875,0.4950,3335,2004,appariée,H:E407:69,IA:E407:72,Prise duplex 20A,37.4
humain,E407,E407,Prise duplex,3532,2022,0.6203,0.5027,3518,2035,appariée,H:E407:70,IA:E407:73,Prise duplex 20A,31.0
humain,E407,E407,Prise duplex,2762,2129,0.4851,0.5293,2762,2140,appariée,H:E407:71,IA:E407:64,Prise duplex 20A,13.0
humain,E407,E407,Prise duplex,2999,2144,0.5267,0.5331,2995,2155,appariée,H:E407:72,IA:E407:68,Prise duplex 20A,16.9
humain,E407,E407,Prise duplex,3171,2072,0.5569,0.5152,3164,2084,appariée,H:E407:73,IA:E407:70,Prise duplex 20A,74.1
humain,E407,E407,Prise duplex,3429,2091,0.6022,0.5199,3417,2102,appariée,H:E407:74,IA:E407:74,Prise duplex 20A,53.9
humain,E407,E407,Prise duplex,3424,2239,0.6013,0.5567,3412,2248,appariée,H:E407:75,IA:E407:77,Prise duplex 20A,16.7
humain,E407,E407,Prise duplex,2710,2321,0.4759,0.5771,2711,2328,appariée,H:E407:76,IA:E407:115,Prise duplex 20A,5.4
humain,E407,E407,Prise duplex,2710,2354,0.4759,0.5853,2711,2361,appariée,H:E407:77,IA:E407:112,Prise duplex 20A,4.9
humain,E407,E407,Prise duplex,3094,2354,0.5434,0.5853,3088,2361,appariée,H:E407:78,IA:E407:113,Prise duplex 20A,5.6
humain,E407,E407,Prise duplex,921,2590,0.1617,0.6440,954,2593,appariée,H:E407:79,IA:E407:129,Prise duplex 20A,31.8
humain,E407,E407,Prise duplex,1162,2896,0.2041,0.7200,1191,2893,appariée,H:E407:80,IA:E407:128,Prise duplex 20A,28.1
humain,E407,E407,Prise duplex,1551,2896,0.2724,0.7200,1573,2893,appariée,H:E407:81,IA:E407:127,Prise duplex 20A,22.4
humain,E407,E407,Prise duplex,990,2958,0.1739,0.7355,1022,2954,appariée,H:E407:82,IA:E407:141,Prise duplex 20A,37.6
humain,E407,E407,Prise duplex,1045,2958,0.1835,0.7355,1076,2954,appariée,H:E407:83,IA:E407:142,Prise duplex 20A,34.7
humain,E407,E407,Prise duplex,959,3188,0.1684,0.7926,991,3180,appariée,H:E407:84,IA:E407:143,Prise duplex 20A,34.4
humain,E407,E407,Prise duplex,1088,3188,0.1911,0.7926,1118,3180,appariée,H:E407:85,IA:E407:146,Prise duplex 20A,83.6
humain,E407,E407,Prise duplex,1090,3367,0.1914,0.8371,1120,3356,appariée,H:E407:86,IA:E407:54,Prise DDFT 20A,58.0
humain,E407,E407,Prise duplex,993,3453,0.1744,0.8585,1025,3440,appariée,H:E407:87,IA:E407:144,Prise duplex 20A,32.1
humain,E407,E407,Prise duplex,1043,3453,0.1832,0.8585,1074,3440,appariée,H:E407:88,IA:E407:145,Prise duplex 20A,31.2
humain,E407,E407,Prise duplex,1399,3278,0.2457,0.8150,1423,3268,appariée,H:E407:89,IA:E407:147,Prise duplex 20A,31.8
humain,E407,E407,Prise duplex,1399,3362,0.2457,0.8359,1423,3351,manquante IA,H:E407:90,,,
humain,E407,E407,Prise duplex,1391,3448,0.2443,0.8573,1415,3435,manquante IA,H:E407:91,,,
humain,E407,E407,Prise duplex,1719,3278,0.3019,0.8150,1738,3268,appariée,H:E407:92,IA:E407:148,Prise duplex 20A,69.3
humain,E407,E407,Prise duplex,1695,3450,0.2977,0.8578,1714,3437,appariée,H:E407:93,IA:E407:149,Prise duplex 20A,23.7
humain,E407,E407,Prise duplex,2383,2495,0.4185,0.6203,2390,2499,appariée,H:E407:94,IA:E407:121,Prise duplex 20A,8.4
humain,E407,E407,Prise duplex,2220,2574,0.3899,0.6400,2230,2577,appariée,H:E407:95,IA:E407:120,Prise duplex 20A,53.5
humain,E407,E407,Prise duplex,2512,2622,0.4412,0.6519,2516,2624,appariée,H:E407:96,IA:E407:123,Prise duplex 20A,54.5
humain,E407,E407,Prise duplex,2378,2700,0.4176,0.6713,2385,2701,appariée,H:E407:97,IA:E407:122,Prise duplex 20A,11.2
humain,E407,E407,Prise duplex,2122,2669,0.3727,0.6636,2133,2670,appariée,H:E407:98,IA:E407:125,Prise duplex 20A,56.4
humain,E407,E407,Prise duplex,2156,2758,0.3786,0.6857,2167,2758,appariée,H:E407:99,IA:E407:124,Prise duplex 20A,57.1
humain,E407,E407,Prise duplex,1852,2899,0.3253,0.7208,1868,2896,appariée,H:E407:100,IA:E407:126,Prise duplex 20A,29.4
humain,E407,E407,Prise duplex,1969,3056,0.3458,0.7598,1983,3050,appariée,H:E407:101,IA:E407:153,Prise duplex 20A,14.9
humain,E407,E407,Prise duplex,2247,3266,0.3946,0.8120,2256,3257,manquante IA,H:E407:102,,,
humain,E407,E407,Prise duplex,2342,3266,0.4113,0.8120,2349,3257,appariée,H:E407:103,IA:E407:107,Prise duplex 20A,54.0
humain,E407,E407,Prise duplex,2044,3364,0.3590,0.8364,2057,3353,appariée,H:E407:104,IA:E407:152,Prise duplex 20A,13.8
humain,E407,E407,Prise duplex,2101,3367,0.3690,0.8371,2113,3356,manquante IA,H:E407:105,,,
humain,E407,E407,Prise duplex,2256,3374,0.3962,0.8389,2265,3363,manquante IA,H:E407:106,,,
humain,E407,E407,Prise duplex,2502,3376,0.4394,0.8394,2507,3365,appariée,H:E407:107,IA:E407:105,Prise duplex 20A,52.4
humain,E407,E407,Prise duplex,2519,3383,0.4424,0.8411,2523,3371,appariée,H:E407:108,IA:E407:103,Prise duplex 20A,64.5
humain,E407,E407,Prise duplex,2669,3415,0.4687,0.8491,2671,3403,appariée,H:E407:109,IA:E407:104,Prise duplex 20A,81.1
humain,E407,E407,Prise duplex,2665,2493,0.4680,0.6198,2667,2497,manquante IA,H:E407:110,,,
humain,E407,E407,Prise duplex,2674,2939,0.4696,0.7307,2676,2935,appariée,H:E407:111,IA:E407:109,Prise duplex 20A,35.0
humain,E407,E407,Prise duplex,2700,2700,0.4742,0.6713,2701,2701,appariée,H:E407:112,IA:E407:110,Prise duplex 20A,1.4
humain,E407,E407,Prise duplex,2987,2700,0.5246,0.6713,2983,2701,manquante IA,H:E407:113,,,
humain,E407,E407,Prise duplex,3116,2715,0.5472,0.6750,3110,2715,appariée,H:E407:114,IA:E407:111,Prise duplex 20A,57.3
humain,E407,E407,Prise duplex,2841,2734,0.4989,0.6798,2840,2734,appariée,H:E407:115,IA:E407:55,Prise duplex 15A,67.6
humain,E407,E407,Prise duplex,2913,2734,0.5116,0.6798,2910,2734,appariée,H:E407:116,IA:E407:56,Prise duplex 15A,83.3
humain,E407,E407,Prise duplex,2946,2734,0.5174,0.6798,2943,2734,manquante IA,H:E407:117,,,
humain,E407,E407,Prise duplex,3164,2719,0.5557,0.6760,3157,2719,appariée,H:E407:118,IA:E407:114,Prise duplex 20A,18.1
humain,E407,E407,Prise duplex,2944,3047,0.5170,0.7576,2941,3041,appariée,H:E407:119,IA:E407:108,Prise duplex 20A,12.1
humain,E407,E407,Prise duplex,3429,2500,0.6022,0.6216,3417,2504,appariée,H:E407:120,IA:E407:80,Prise duplex 20A,63.5
humain,E407,E407,Prise duplex,3429,2617,0.6022,0.6507,3417,2619,appariée,H:E407:121,IA:E407:81,Prise duplex 20A,16.8
humain,E407,E407,Prise duplex,3434,2786,0.6031,0.6927,3422,2785,appariée,H:E407:122,IA:E407:82,Prise duplex 20A,10.2
humain,E407,E407,Prise duplex,3429,2989,0.6022,0.7432,3417,2984,appariée,H:E407:123,IA:E407:86,Prise duplex 20A,16.8
humain,E407,E407,Prise duplex,3443,3056,0.6047,0.7598,3431,3050,appariée,H:E407:124,IA:E407:88,Prise duplex 20A,28.7
humain,E407,E407,Prise duplex,3352,2629,0.5887,0.6537,3342,2631,appariée,H:E407:125,IA:E407:83,Prise duplex 20A,65.5
humain,E407,E407,Prise duplex,3352,2891,0.5887,0.7188,3342,2888,appariée,H:E407:126,IA:E407:84,Prise duplex 20A,14.5
humain,E407,E407,Prise duplex,3395,3125,0.5962,0.7770,3384,3118,appariée,H:E407:127,IA:E407:89,Prise duplex 20A,11.6
humain,E407,E407,Prise duplex,3441,3221,0.6043,0.8008,3429,3212,appariée,H:E407:128,IA:E407:87,Prise duplex 20A,13.8
humain,E407,E407,Prise duplex,3412,3305,0.5992,0.8217,3400,3295,appariée,H:E407:129,IA:E407:92,Prise duplex 20A,43.5
humain,E407,E407,Prise duplex,2760,3247,0.4847,0.8073,2760,3238,appariée,H:E407:130,IA:E407:101,Prise duplex 20A,12.5
humain,E407,E407,Prise duplex,2760,3309,0.4847,0.8227,2760,3299,appariée,H:E407:131,IA:E407:99,Prise duplex 20A,51.3
humain,E407,E407,Prise duplex,2939,3247,0.5162,0.8073,2936,3238,appariée,H:E407:132,IA:E407:98,Prise duplex 20A,13.8
humain,E407,E407,Prise duplex,2939,3309,0.5162,0.8227,2936,3299,appariée,H:E407:133,IA:E407:96,Prise duplex 20A,41.9
humain,E407,E407,Prise duplex,2863,3326,0.5028,0.8270,2861,3315,appariée,H:E407:134,IA:E407:100,Prise duplex 20A,16.5
humain,E407,E407,Prise duplex,3125,3247,0.5488,0.8073,3119,3238,appariée,H:E407:135,IA:E407:95,Prise duplex 20A,15.2
humain,E407,E407,Prise duplex,3125,3309,0.5488,0.8227,3119,3299,appariée,H:E407:136,IA:E407:97,Prise duplex 20A,79.9
humain,E407,E407,Prise duplex,3226,3317,0.5666,0.8247,3218,3307,appariée,H:E407:137,IA:E407:94,Prise duplex 20A,13.5
humain,E407,E407,Prise duplex,3262,3317,0.5729,0.8247,3253,3307,appariée,H:E407:138,IA:E407:90,Prise duplex 20A,11.6
humain,E407,E407,Prise duplex,3522,3450,0.6185,0.8578,3508,3437,appariée,H:E407:139,IA:E407:91,Prise duplex 20A,19.3
humain,E407,E407,Prise duplex DDFT,1673,1688,0.2938,0.4197,1692,1707,appariée,H:E407:140,IA:E407:50,Prise DDFT 20A,13.7
humain,E407,E407,Prise duplex DDFT,985,3331,0.1730,0.8282,1017,3320,manquante IA,H:E407:141,,,
humain,E407,E407,Prise duplex DDFT,2387,2918,0.4192,0.7255,2394,2915,appariée,H:E407:142,IA:E407:52,Prise DDFT 20A,48.8
humain,E407,E407,Prise duplex DDFT,3075,2739,0.5400,0.6810,3069,2739,appariée,H:E407:143,IA:E407:51,Prise DDFT 20A,13.5
humain,E407,E407,Prise micro-onde,1353,3453,0.2376,0.8585,1378,3440,appariée,H:E407:144,IA:E407:46,Prise 20A micro-onde (MO),22.4
humain,E407,E407,Prise micro-onde,2922,2734,0.5132,0.6798,2919,2734,appariée,H:E407:145,IA:E407:47,Prise 20A micro-onde (MO),2.8
humain,E407,E407,Prise micro-onde,2958,2734,0.5195,0.6798,2955,2734,appariée,H:E407:146,IA:E407:48,Prise 20A micro-onde (MO),3.5
humain,E407,E407,Prise micro-onde,2994,2734,0.5258,0.6798,2990,2734,appariée,H:E407:147,IA:E407:49,Prise 20A micro-onde (MO),3.1
humain,E407,E407,Prise mobilier,2440,1738,0.4285,0.4321,2446,1756,appariée,H:E407:148,IA:E407:44,Prise 20A dans mobilier,16.4
humain,E407,E407,Prise mobilier,2536,1738,0.4454,0.4321,2540,1756,appariée,H:E407:149,IA:E407:45,Prise 20A dans mobilier,16.0
humain,E407,E407,Prise mobilier,2490,2266,0.4373,0.5634,2495,2274,manquante IA,H:E407:150,,,
humain,E407,E407,Raccord lave-vaisselle,3113,2749,0.5467,0.6835,3107,2749,appariée,H:E407:151,IA:E407:154,Raccord lave-vaisselle (LV),14.3
humain,E407,E407,Raccord lave-vaisselle,1232,3436,0.2164,0.8543,1259,3423,appariée,H:E407:152,IA:E407:155,Raccord lave-vaisselle (LV),33.9
humain,E407,E407,Raccord sèche-main,1865,2055,0.3275,0.5109,1881,2067,appariée,H:E407:153,IA:E407:169,Sèche-mains (SM),20.0
humain,E407,E407,Raccord sèche-main,1865,2017,0.3275,0.5015,1881,2030,appariée,H:E407:154,IA:E407:170,Sèche-mains (SM),20.5
humain,E407,E407,Sortie data,2266,2249,0.3980,0.5592,2275,2258,appariée,H:E407:155,IA:E407:158,Sortie data,12.6
humain,E407,E407,Sortie data,3066,2115,0.5385,0.5259,3061,2126,appariée,H:E407:156,IA:E407:157,Sortie data,60.8
humain,E407,E407,Sortie data,3118,2115,0.5476,0.5259,3112,2126,manquante IA,H:E407:157,,,
humain,E407,E407,Sortie data,3168,2108,0.5564,0.5241,3161,2119,appariée,H:E407:158,IA:E407:71,Prise duplex 20A,38.7
humain,E407,E407,Sortie data,3415,2115,0.5998,0.5259,3403,2126,manquante IA,H:E407:159,,,
humain,E407,E407,Sortie data,3407,2378,0.5983,0.5912,3396,2384,appariée,H:E407:160,IA:E407:75,Prise duplex 20A,34.9
humain,E407,E407,Sortie data,3407,2447,0.5983,0.6084,3396,2452,appariée,H:E407:161,IA:E407:79,Prise duplex 20A,35.8
humain,E407,E407,Sortie data,1002,2958,0.1760,0.7355,1033,2954,appariée,H:E407:162,IA:E407:160,Sortie data,28.4
humain,E407,E407,Sortie data,1057,2958,0.1856,0.7355,1087,2954,appariée,H:E407:163,IA:E407:161,Sortie data,25.5
humain,E407,E407,Sortie data,973,3188,0.1709,0.7926,1005,3180,appariée,H:E407:164,IA:E407:164,Sortie data,27.2
humain,E407,E407,Sortie data,1012,3448,0.1777,0.8573,1043,3435,appariée,H:E407:165,IA:E407:162,Sortie data,34.1
humain,E407,E407,Sortie data,1069,3448,0.1877,0.8573,1099,3435,appariée,H:E407:166,IA:E407:163,Sortie data,37.7
humain,E407,E407,Sortie data,2194,3448,0.3853,0.8573,2204,3435,manquante IA,H:E407:167,,,
humain,E407,E407,Sortie data,2282,2574,0.4008,0.6400,2291,2577,appariée,H:E407:168,IA:E407:159,Sortie data,18.7
humain,E407,E407,Sortie data,2275,3288,0.3995,0.8175,2284,3278,appariée,H:E407:169,IA:E407:106,Prise duplex 20A,25.9
humain,E407,E407,Sortie data,2519,3290,0.4424,0.8180,2523,3280,appariée,H:E407:170,IA:E407:102,Prise duplex 20A,74.8
humain,E407,E407,Sortie data,2710,3257,0.4759,0.8098,2711,3248,manquante IA,H:E407:171,,,
humain,E407,E407,Sortie data,3082,2617,0.5413,0.6507,3076,2619,manquante IA,H:E407:172,,,
humain,E407,E407,Sortie data,3082,2810,0.5413,0.6987,3076,2809,manquante IA,H:E407:173,,,
humain,E407,E407,Sortie data,3111,3226,0.5464,0.8021,3105,3217,manquante IA,H:E407:174,,,
humain,E407,E407,Sortie data,2758,3283,0.4844,0.8163,2758,3273,manquante IA,H:E407:175,,,
humain,E407,E407,Sortie data,2937,3283,0.5158,0.8163,2934,3273,manquante IA,H:E407:176,,,
humain,E407,E407,Sortie data,3123,3283,0.5485,0.8163,3117,3273,appariée,H:E407:177,IA:E407:93,Prise duplex 20A,51.4
humain,E407,E407,Sortie data mobilier,2473,1738,0.4343,0.4321,2478,1756,appariée,H:E407:178,IA:E407:165,Sortie data,20.1
humain,E407,E407,Sortie data mobilier,2569,1738,0.4512,0.4321,2572,1756,appariée,H:E407:179,IA:E407:168,Sortie data dans mobilier,19.2
humain,E407,E407,Sortie data mobilier,2490,2304,0.4373,0.5728,2495,2312,manquante IA,H:E407:180,,,
humain,E409,,Avertisseur visuel,1888,2201,0.3316,0.5472,,,manquante IA (page non appariée),H:E409:1,,,
humain,E409,,Klaxon Ei,1888,2225,0.3316,0.5532,,,manquante IA (page non appariée),H:E409:2,,,
humain,E409,,Raccord CC équipement,1831,2992,0.3216,0.7439,,,manquante IA (page non appariée),H:E409:3,,,
humain,E409,,Raccord CC équipement,1483,3119,0.2604,0.7755,,,manquante IA (page non appariée),H:E409:4,,,
humain,E200,,Raccord équipement — cédule,3465,2700,0.6085,0.6713,,,manquante IA (page non appariée),H:E200:1,,,
ia,E400,E400,Accumulateur c/a 2 phares,1795,2939,0.3152,0.7307,1795,2939,appariée,IA:E400:1,H:E400:1,Accumulateur 36W,12.7
ia,E400,E400,Accumulateur c/a 2 phares,1819,3071,0.3195,0.7636,1819,3071,appariée,IA:E400:2,H:E400:3,Accumulateur 36W,12.6
ia,E400,E400,Accumulateur c/a 2 phares,2110,3164,0.3706,0.7867,2110,3164,appariée,IA:E400:3,H:E400:2,Accumulateur 36W,12.9
ia,E400,E400,Accumulateur c/a 2 phares + enseigne,1391,1688,0.2443,0.4197,1391,1688,appariée,IA:E400:4,H:E400:6,Accumulateur 36W + enseigne,50.3
ia,E400,E400,Accumulateur c/a 2 phares + enseigne,1348,2977,0.2367,0.7402,1348,2977,appariée,IA:E400:5,H:E400:4,Accumulateur 36W + enseigne,16.6
ia,E400,E400,Accumulateur c/a 2 phares + enseigne (flèche),2015,1630,0.3539,0.4053,2015,1630,appariée,IA:E400:6,H:E400:5,Accumulateur 36W + enseigne,35.9
ia,E400,E400,Bouton-poussoir (B),1366,2932,0.2399,0.7290,1366,2932,appariée,IA:E400:7,H:E400:7,Bouton-poussoir B,0.5
ia,E400,E400,Détecteur inoccupation mural (Do),2284,1800,0.4011,0.4475,2284,1800,appariée,IA:E400:8,H:E400:8,Détecteur inoccupation Do,0.7
ia,E400,E400,Détecteur inoccupation mural (Do),2065,2285,0.3627,0.5681,2065,2285,appariée,IA:E400:9,H:E400:9,Détecteur inoccupation Do,0.3
ia,E400,E400,Détecteur inoccupation mural (Do),1470,2387,0.2582,0.5935,1470,2387,appariée,IA:E400:10,H:E400:10,Détecteur inoccupation Do,0.4
ia,E400,E400,Détecteur inoccupation mural (Do),1773,2460,0.3114,0.6116,1773,2460,appariée,IA:E400:11,H:E400:11,Détecteur inoccupation Do,0.2
ia,E400,E400,Détecteur inoccupation mural (Do),1809,2458,0.3177,0.6111,1809,2458,appariée,IA:E400:12,H:E400:12,Détecteur inoccupation Do,0.1
ia,E400,E400,Détecteur inoccupation mural (Do),2065,2454,0.3627,0.6101,2065,2454,appariée,IA:E400:13,H:E400:13,Détecteur inoccupation Do,0.1
ia,E400,E400,Détecteur inoccupation mural (Do),1529,2692,0.2685,0.6693,1529,2692,appariée,IA:E400:14,H:E400:14,Détecteur inoccupation Do,0.3
ia,E400,E400,Détecteur inoccupation mural (Do),1775,3058,0.3117,0.7603,1775,3058,appariée,IA:E400:15,H:E400:15,Détecteur inoccupation Do,0.5
ia,E400,E400,Détecteur inoccupation mural (Do),1563,3134,0.2745,0.7792,1563,3134,appariée,IA:E400:16,H:E400:16,Détecteur inoccupation Do,0.6
ia,E400,E400,Détecteur inoccupation mural (Do),1367,3263,0.2401,0.8113,1367,3263,appariée,IA:E400:17,H:E400:17,Détecteur inoccupation Do,0.7
ia,E400,E400,Détecteur inoccupation mural (Do),1502,2888,0.2638,0.7181,1502,2888,appariée,IA:E400:18,H:E400:19,Détecteur inoccupation Do,0.4
ia,E400,E400,Détecteur inoccupation mural (Do),1682,2888,0.2954,0.7181,1682,2888,appariée,IA:E400:19,H:E400:21,Détecteur inoccupation Do,0.3
ia,E400,E400,Détecteur inoccupation plafond (Do),1147,2652,0.2014,0.6594,1147,2652,appariée,IA:E400:20,H:E400:18,Détecteur inoccupation Do,0.6
ia,E400,E400,Détecteur inoccupation plafond (Do),1147,2984,0.2014,0.7419,1147,2984,appariée,IA:E400:21,H:E400:20,Détecteur inoccupation Do,0.7
ia,E400,E400,Enseigne issue 1 face murale (flèche),2227,2958,0.3911,0.7355,2227,2958,appariée,IA:E400:22,H:E400:24,Enseigne de sortie,3.2
ia,E400,E400,Enseigne issue 1 face murale tout droit,1482,1716,0.2603,0.4267,1482,1716,appariée,IA:E400:23,H:E400:22,Enseigne de sortie,2.8
ia,E400,E400,Enseigne issue 1 face murale tout droit,2213,3001,0.3887,0.7461,2213,3001,appariée,IA:E400:24,H:E400:25,Enseigne de sortie,1.6
ia,E400,E400,Enseigne issue 2 faces murale,2060,2934,0.3618,0.7295,2060,2934,appariée,IA:E400:25,H:E400:23,Enseigne de sortie,8.9
ia,E400,E400,Interrupteur unipolaire,2132,1754,0.3744,0.4361,2132,1754,appariée,IA:E400:26,H:E400:26,Interrupteur,0.7
ia,E400,E400,Luminaire DR2,2136,1687,0.3751,0.4194,2136,1687,appariée,IA:E400:27,H:E400:27,Luminaire DR2,0.8
ia,E400,E400,Luminaire DR5,2370,1762,0.4162,0.4381,2370,1762,appariée,IA:E400:28,H:E400:28,Luminaire DR5,0.8
ia,E400,E400,Luminaire DR5,2525,1762,0.4434,0.4381,2525,1762,appariée,IA:E400:29,H:E400:29,Luminaire DR5,0.8
ia,E400,E400,Luminaire DR5,2678,1762,0.4703,0.4381,2678,1762,appariée,IA:E400:30,H:E400:30,Luminaire DR5,0.9
ia,E400,E400,Luminaire DR5,1957,2323,0.3437,0.5776,1957,2323,appariée,IA:E400:31,H:E400:31,Luminaire DR5,0.2
ia,E400,E400,Luminaire DR5,1489,2528,0.2615,0.6285,1489,2528,appariée,IA:E400:32,H:E400:32,Luminaire DR5,0.3
ia,E400,E400,Luminaire DR5,1436,2707,0.2522,0.6730,1436,2707,appariée,IA:E400:33,H:E400:33,Luminaire DR5,0.4
ia,E400,E400,Luminaire DR5,1717,3178,0.3015,0.7902,1717,3178,appariée,IA:E400:34,H:E400:34,Luminaire DR5,0.6
ia,E400,E400,Luminaire DR5,1975,3178,0.3469,0.7902,1975,3178,appariée,IA:E400:35,H:E400:35,Luminaire DR5,0.5
ia,E400,E400,Luminaire DR5,1717,3396,0.3015,0.8444,1717,3396,appariée,IA:E400:36,H:E400:36,Luminaire DR5,0.7
ia,E400,E400,Luminaire DR5,1975,3396,0.3469,0.8444,1975,3396,appariée,IA:E400:37,H:E400:37,Luminaire DR5,0.7
ia,E400,E400,Luminaire DR5,1508,3409,0.2648,0.8476,1508,3409,appariée,IA:E400:38,H:E400:38,Luminaire DR5,0.8
ia,E400,E400,Luminaire DR5,1508,3166,0.2648,0.7872,1508,3166,appariée,IA:E400:39,H:E400:39,Luminaire DR5,0.6
ia,E400,E400,Luminaire DR5,1047,3174,0.1839,0.7892,1047,3174,appariée,IA:E400:40,H:E400:40,Luminaire DR5,0.9
ia,E400,E400,Luminaire DR5,1283,3174,0.2253,0.7892,1283,3174,appariée,IA:E400:41,H:E400:41,Luminaire DR5,0.7
ia,E400,E400,Luminaire DR5,1047,3379,0.1839,0.8401,1047,3379,appariée,IA:E400:42,H:E400:42,Luminaire DR5,1.0
ia,E400,E400,Luminaire DR5,1283,3379,0.2253,0.8401,1283,3379,appariée,IA:E400:43,H:E400:43,Luminaire DR5,0.9
ia,E400,E400,Luminaire DR5,990,3016,0.1739,0.7499,990,3016,appariée,IA:E400:44,H:E400:44,Luminaire DR5,0.8
ia,E400,E400,Luminaire DR5,1229,3012,0.2158,0.7489,1229,3012,appariée,IA:E400:45,H:E400:45,Luminaire DR5,0.7
ia,E400,E400,Luminaire DR5,999,2483,0.1754,0.6174,999,2483,appariée,IA:E400:46,H:E400:46,Luminaire DR5,0.7
ia,E400,E400,Luminaire DR5,999,2673,0.1754,0.6646,999,2673,appariée,IA:E400:47,H:E400:47,Luminaire DR5,0.7
ia,E400,E400,Luminaire DR5,999,2857,0.1754,0.7103,999,2857,appariée,IA:E400:48,H:E400:48,Luminaire DR5,0.7
ia,E400,E400,Luminaire DR5,1232,2490,0.2164,0.6191,1232,2490,appariée,IA:E400:49,H:E400:49,Luminaire DR5,0.5
ia,E400,E400,Luminaire DR5,1232,2673,0.2164,0.6646,1232,2673,appariée,IA:E400:50,H:E400:50,Luminaire DR5,0.5
ia,E400,E400,Luminaire DR5,1232,2857,0.2164,0.7103,1232,2857,appariée,IA:E400:51,H:E400:51,Luminaire DR5,0.6
ia,E400,E400,Luminaire DR5,1493,2819,0.2622,0.7009,1493,2819,appariée,IA:E400:52,H:E400:52,Luminaire DR5,0.4
ia,E400,E400,Luminaire DR5,1932,2849,0.3393,0.7084,1932,2849,appariée,IA:E400:53,H:E400:53,Luminaire DR5,0.2
ia,E400,E400,Luminaire DR5,1644,2724,0.2887,0.6773,1644,2724,appariée,IA:E400:54,H:E400:54,Luminaire DR5,0.3
ia,E400,E400,Luminaire DR5,1644,2849,0.2887,0.7084,1644,2849,appariée,IA:E400:55,H:E400:55,Luminaire DR5,0.3
ia,E400,E400,Luminaire DR5,1934,2724,0.3397,0.6773,1934,2724,appariée,IA:E400:56,H:E400:56,Luminaire DR5,0.1
ia,E400,E400,Luminaire DR51,2267,3317,0.3981,0.8247,2267,3317,appariée,IA:E400:57,H:E400:57,Luminaire DR51,0.7
ia,E400,E400,Luminaire DR51,1996,1768,0.3505,0.4396,1996,1768,appariée,IA:E400:58,H:E400:58,Luminaire DR51,0.7
ia,E400,E400,Luminaire DR51,1980,2093,0.3477,0.5204,1980,2093,appariée,IA:E400:59,H:E400:59,Luminaire DR51,0.4
ia,E400,E400,Luminaire DR51,2189,2231,0.3844,0.5547,2189,2231,appariée,IA:E400:60,H:E400:60,Luminaire DR51,0.3
ia,E400,E400,Luminaire DR51,2169,2555,0.3809,0.6353,2169,2555,appariée,IA:E400:61,H:E400:61,Luminaire DR51,0.2
ia,E400,E400,Luminaire DR51,2190,2795,0.3846,0.6949,2190,2795,appariée,IA:E400:62,H:E400:62,Luminaire DR51,0.3
ia,E400,E400,Luminaire DR51,1512,2991,0.2655,0.7437,1512,2991,appariée,IA:E400:63,H:E400:63,Luminaire DR51,0.5
ia,E400,E400,Luminaire DR51,1796,2993,0.3154,0.7442,1796,2993,appariée,IA:E400:64,H:E400:64,Luminaire DR51,0.4
ia,E400,E400,Luminaire DR52,1411,1641,0.2478,0.4080,1411,1641,appariée,IA:E400:65,H:E400:65,Luminaire DR52,0.9
ia,E400,E400,Luminaire DR52 service continu,2146,3126,0.3769,0.7772,2146,3126,appariée,IA:E400:66,H:E400:66,Luminaire DR52,0.5
ia,E400,E400,Luminaire DR52 service continu,1731,1694,0.3040,0.4212,1731,1694,appariée,IA:E400:67,H:E400:67,Luminaire DR52,0.8
ia,E400,E400,Luminaire DR52 service continu,2190,1943,0.3846,0.4831,2190,1943,appariée,IA:E400:68,H:E400:68,Luminaire DR52,0.6
ia,E400,E400,Luminaire DR52 service continu,2083,2993,0.3658,0.7442,2083,2993,appariée,IA:E400:69,H:E400:69,Luminaire DR52,0.4
ia,E400,E400,Luminaire DW4,1632,2525,0.2866,0.6278,1632,2525,appariée,IA:E400:70,H:E400:70,Luminaire DW4,0.2
ia,E400,E400,Luminaire DW4,1841,2506,0.3233,0.6231,1841,2506,appariée,IA:E400:71,H:E400:71,Luminaire DW4,0.1
ia,E400,E400,Luminaire DW4,1975,2511,0.3469,0.6243,1975,2511,appariée,IA:E400:72,H:E400:72,Luminaire DW4,0.1
ia,E400,E400,Phare urgence double mural,2235,2478,0.3925,0.6161,2235,2478,appariée,IA:E400:73,H:E400:73,Phare double,2.8
ia,E400,E400,Phare urgence simple mural,1427,2900,0.2506,0.7210,1427,2900,appariée,IA:E400:74,H:E400:74,Phare simple PH1,0.5
ia,E400,E400,Phare urgence simple mural,1742,2867,0.3059,0.7128,1742,2867,appariée,IA:E400:75,H:E400:75,Phare simple PH1,0.3
ia,E400,E400,Phare urgence simple mural,1742,2376,0.3059,0.5908,1742,2376,appariée,IA:E400:76,H:E400:76,Phare simple PH1,0.2
ia,E400,E400,Phare urgence simple mural,2044,2540,0.3590,0.6315,2044,2540,appariée,IA:E400:77,H:E400:77,Phare simple PH1,0.1
ia,E401,E401,Accumulateur c/a 2 phares,1155,1800,0.2028,0.4475,1155,1800,appariée,IA:E401:1,H:E401:4,Accumulateur 36W,27.9
ia,E401,E401,Accumulateur c/a 2 phares,2235,2402,0.3925,0.5972,2235,2402,appariée,IA:E401:2,H:E401:3,Accumulateur 36W,21.0
ia,E401,E401,Accumulateur c/a 2 phares + enseigne,2774,1986,0.4872,0.4938,2774,1986,appariée,IA:E401:3,H:E401:1,Accumulateur 18W + enseigne,26.3
ia,E401,E401,Accumulateur c/a 2 phares + enseigne,1998,2411,0.3509,0.5995,1998,2411,appariée,IA:E401:4,H:E401:5,Accumulateur 36W + enseigne,28.7
ia,E401,E401,Accumulateur c/a 2 phares + enseigne,2361,2674,0.4146,0.6648,2361,2674,appariée,IA:E401:5,H:E401:6,Accumulateur 36W + enseigne,12.2
ia,E401,E401,Accumulateur c/a 2 phares + enseigne,1998,2930,0.3509,0.7285,1998,2930,appariée,IA:E401:6,H:E401:2,Accumulateur 18W + enseigne,13.6
ia,E401,E401,Accumulateur c/a 2 phares + enseigne (flèche),2834,3111,0.4977,0.7735,2834,3111,appariée,IA:E401:7,H:E401:7,Accumulateur 36W + enseigne,38.7
ia,E401,E401,Bouton-poussoir (B),2014,2370,0.3537,0.5893,2014,2370,appariée,IA:E401:8,H:E401:8,Bouton-poussoir B,15.3
ia,E401,E401,Bouton-poussoir (B),1424,2679,0.2501,0.6661,1424,2679,appariée,IA:E401:9,H:E401:9,Bouton-poussoir B,21.6
ia,E401,E401,Bouton-poussoir (B),1670,3057,0.2933,0.7601,1670,3057,appariée,IA:E401:10,H:E401:10,Bouton-poussoir B,16.4
ia,E401,E401,Bouton-poussoir (B),1851,3057,0.3251,0.7601,1851,3057,appariée,IA:E401:11,H:E401:11,Bouton-poussoir B,13.2
ia,E401,E401,Bouton-poussoir (B),2720,3011,0.4777,0.7486,2720,3011,appariée,IA:E401:12,H:E401:12,Bouton-poussoir B,2.3
ia,E401,E401,Bouton-poussoir (B),3372,2976,0.5922,0.7399,3372,2976,appariée,IA:E401:13,H:E401:13,Bouton-poussoir B,13.9
ia,E401,E401,Bouton-poussoir (B),3083,3250,0.5414,0.8081,3083,3250,appariée,IA:E401:14,H:E401:14,Bouton-poussoir B,9.8
ia,E401,E401,Bouton-poussoir (B),3372,3271,0.5922,0.8133,3372,3271,appariée,IA:E401:15,H:E401:15,Bouton-poussoir B,14.7
ia,E401,E401,Bouton-poussoir (B),2799,3251,0.4916,0.8083,2799,3251,appariée,IA:E401:16,H:E401:16,Bouton-poussoir B,5.8
ia,E401,E401,Bouton-poussoir (B),2985,2758,0.5242,0.6857,2985,2758,appariée,IA:E401:17,H:E401:17,Bouton-poussoir B,8.3
ia,E401,E401,Bouton-poussoir (B),2909,2490,0.5109,0.6191,2909,2490,appariée,IA:E401:18,H:E401:18,Bouton-poussoir B,10.8
ia,E401,E401,Bouton-poussoir (B),2757,2060,0.4842,0.5122,2757,2060,appariée,IA:E401:19,H:E401:19,Bouton-poussoir B,17.1
ia,E401,E401,Bouton-poussoir (B),2838,2379,0.4984,0.5915,2838,2379,appariée,IA:E401:20,H:E401:20,Bouton-poussoir B,12.0
ia,E401,E401,Bouton-poussoir (B),1772,2684,0.3112,0.6673,1772,2684,appariée,IA:E401:21,H:E401:21,Bouton-poussoir B,15.6
ia,E401,E401,Bouton-poussoir (B),1896,2718,0.3330,0.6758,1896,2718,appariée,IA:E401:22,H:E401:22,Bouton-poussoir B,13.4
ia,E401,E401,Bouton-poussoir (B),1131,3256,0.1986,0.8095,1131,3256,appariée,IA:E401:23,H:E401:23,Bouton-poussoir B,26.4
ia,E401,E401,Bouton-poussoir (B),1029,2103,0.1807,0.5229,1029,2103,appariée,IA:E401:24,H:E401:24,Bouton-poussoir B,32.1
ia,E401,E401,Cellule photoélectrique,1391,3505,0.2443,0.8715,1391,3505,appariée,IA:E401:25,H:E401:231,Luminaire extérieur — à classer,21.3
ia,E401,E401,Contacteur d'éclairage CME-01,1513,3505,0.2657,0.8715,1513,3505,en trop IA,IA:E401:26,,,
ia,E401,E401,Détecteur infrarouge plafond (Di),3016,3120,0.5297,0.7757,3016,3120,appariée,IA:E401:27,H:E401:54,Détecteur occupation Di,7.9
ia,E401,E401,Détecteur infrarouge plafond (Di),3301,3120,0.5797,0.7757,3301,3120,appariée,IA:E401:28,H:E401:55,Détecteur occupation Di,12.8
ia,E401,E401,Détecteur infrarouge plafond (Di),2388,2140,0.4194,0.5321,2388,2140,appariée,IA:E401:29,H:E401:56,Détecteur occupation Di,15.8
ia,E401,E401,Détecteur infrarouge plafond (Di),2580,2114,0.4531,0.5256,2580,2114,appariée,IA:E401:30,H:E401:57,Détecteur occupation Di,15.9
ia,E401,E401,Détecteur infrarouge plafond (Di),2302,2255,0.4043,0.5607,2302,2255,appariée,IA:E401:31,H:E401:58,Détecteur occupation Di,14.3
ia,E401,E401,Détecteur infrarouge plafond (Di),2378,2255,0.4176,0.5607,2378,2255,appariée,IA:E401:32,H:E401:59,Détecteur occupation Di,13.9
ia,E401,E401,Détecteur infrarouge plafond (Di),2462,2255,0.4324,0.5607,2462,2255,appariée,IA:E401:33,H:E401:60,Détecteur occupation Di,13.5
ia,E401,E401,Détecteur infrarouge plafond (Di),2539,2255,0.4459,0.5607,2539,2255,appariée,IA:E401:34,H:E401:61,Détecteur occupation Di,13.4
ia,E401,E401,Détecteur infrarouge plafond (Di),2614,2255,0.4591,0.5607,2614,2255,appariée,IA:E401:35,H:E401:62,Détecteur occupation Di,13.4
ia,E401,E401,Détecteur infrarouge plafond (Di),2696,2256,0.4735,0.5609,2696,2256,appariée,IA:E401:36,H:E401:63,Détecteur occupation Di,13.5
ia,E401,E401,Détecteur infrarouge plafond (Di),2528,2747,0.4440,0.6830,2528,2747,appariée,IA:E401:37,H:E401:64,Détecteur occupation Di,4.7
ia,E401,E401,Détecteur infrarouge plafond (Di),2789,2873,0.4898,0.7143,2789,2873,appariée,IA:E401:38,H:E401:65,Détecteur occupation Di,4.2
ia,E401,E401,Détecteur infrarouge plafond (Di),2820,2618,0.4953,0.6509,2820,2618,appariée,IA:E401:39,H:E401:66,Détecteur occupation Di,8.0
ia,E401,E401,Détecteur infrarouge plafond (Di),2539,1738,0.4459,0.4321,2539,1738,appariée,IA:E401:40,H:E401:67,Détecteur occupation Di,22.6
ia,E401,E401,Détecteur inoccupation mural (Do),1588,1659,0.2789,0.4125,1588,1659,appariée,IA:E401:41,H:E401:25,Détecteur inoccupation Do,29.9
ia,E401,E401,Détecteur inoccupation mural (Do),1223,2766,0.2148,0.6877,1223,2766,appariée,IA:E401:42,H:E401:30,Détecteur inoccupation Do,24.7
ia,E401,E401,Détecteur inoccupation mural (Do),2986,2794,0.5244,0.6947,2986,2794,appariée,IA:E401:43,H:E401:38,Détecteur inoccupation Do,8.0
ia,E401,E401,Détecteur inoccupation mural (Do),2722,2489,0.4780,0.6188,2722,2489,appariée,IA:E401:44,H:E401:47,Détecteur inoccupation Do,9.5
ia,E401,E401,Détecteur inoccupation mural (Do),2365,1755,0.4153,0.4364,2365,1755,appariée,IA:E401:45,H:E401:48,Détecteur inoccupation Do,22.6
ia,E401,E401,Détecteur inoccupation mural (Do),1697,1670,0.2980,0.4152,1697,1670,appariée,IA:E401:46,H:E401:52,Détecteur inoccupation Do,28.6
ia,E401,E401,Détecteur inoccupation mural (Do),2908,2977,0.5107,0.7402,2908,2977,appariée,IA:E401:47,H:E401:53,Détecteur inoccupation Do,5.7
ia,E401,E401,Détecteur inoccupation plafond (Do),1811,2517,0.3181,0.6258,1811,2517,appariée,IA:E401:48,H:E401:26,Détecteur inoccupation Do,16.4
ia,E401,E401,Détecteur inoccupation plafond (Do),1540,2517,0.2705,0.6258,1540,2517,appariée,IA:E401:49,H:E401:27,Détecteur inoccupation Do,20.6
ia,E401,E401,Détecteur inoccupation plafond (Do),1154,2557,0.2027,0.6358,1154,2557,appariée,IA:E401:50,H:E401:28,Détecteur inoccupation Do,26.8
ia,E401,E401,Détecteur inoccupation plafond (Do),1019,2733,0.1790,0.6795,1019,2733,appariée,IA:E401:51,H:E401:29,Détecteur inoccupation Do,28.4
ia,E401,E401,Détecteur inoccupation plafond (Do),1437,3254,0.2524,0.8091,1437,3254,appariée,IA:E401:52,H:E401:31,Détecteur inoccupation Do,21.0
ia,E401,E401,Détecteur inoccupation plafond (Do),1599,3254,0.2808,0.8091,1599,3254,appariée,IA:E401:53,H:E401:32,Détecteur inoccupation Do,18.2
ia,E401,E401,Détecteur inoccupation plafond (Do),1919,3268,0.3370,0.8125,1919,3268,appariée,IA:E401:54,H:E401:33,Détecteur inoccupation Do,12.8
ia,E401,E401,Détecteur inoccupation plafond (Do),2515,3113,0.4417,0.7740,2515,3113,appariée,IA:E401:55,H:E401:34,Détecteur inoccupation Do,2.3
ia,E401,E401,Détecteur inoccupation plafond (Do),2515,3330,0.4417,0.8279,2515,3330,appariée,IA:E401:56,H:E401:35,Détecteur inoccupation Do,5.9
ia,E401,E401,Détecteur inoccupation plafond (Do),3459,2954,0.6075,0.7345,3459,2954,appariée,IA:E401:57,H:E401:36,Détecteur inoccupation Do,15.5
ia,E401,E401,Détecteur inoccupation plafond (Do),3226,2956,0.5666,0.7350,3226,2956,appariée,IA:E401:58,H:E401:37,Détecteur inoccupation Do,11.4
ia,E401,E401,Détecteur inoccupation plafond (Do),3457,3291,0.6071,0.8182,3457,3291,appariée,IA:E401:59,H:E401:39,Détecteur inoccupation Do,16.3
ia,E401,E401,Détecteur inoccupation plafond (Do),3172,3332,0.5571,0.8284,3172,3332,appariée,IA:E401:60,H:E401:40,Détecteur inoccupation Do,11.9
ia,E401,E401,Détecteur inoccupation plafond (Do),2885,3340,0.5067,0.8304,2885,3340,appariée,IA:E401:61,H:E401:41,Détecteur inoccupation Do,8.0
ia,E401,E401,Détecteur inoccupation plafond (Do),3091,2578,0.5429,0.6410,3091,2578,appariée,IA:E401:62,H:E401:42,Détecteur inoccupation Do,11.7
ia,E401,E401,Détecteur inoccupation plafond (Do),3375,2578,0.5927,0.6410,3375,2578,appariée,IA:E401:63,H:E401:43,Détecteur inoccupation Do,15.9
ia,E401,E401,Détecteur inoccupation plafond (Do),2840,2145,0.4988,0.5333,2840,2145,appariée,IA:E401:64,H:E401:44,Détecteur inoccupation Do,15.9
ia,E401,E401,Détecteur inoccupation plafond (Do),3145,2138,0.5523,0.5316,3145,2138,appariée,IA:E401:65,H:E401:45,Détecteur inoccupation Do,18.3
ia,E401,E401,Détecteur inoccupation plafond (Do),3457,2131,0.6071,0.5298,3457,2131,appariée,IA:E401:66,H:E401:46,Détecteur inoccupation Do,21.9
ia,E401,E401,Détecteur inoccupation plafond (Do),1654,2774,0.2905,0.6897,1654,2774,appariée,IA:E401:67,H:E401:49,Détecteur inoccupation Do,17.2
ia,E401,E401,Détecteur inoccupation plafond (Do),1984,2809,0.3484,0.6984,1984,2809,appariée,IA:E401:68,H:E401:50,Détecteur inoccupation Do,11.3
ia,E401,E401,Détecteur inoccupation plafond (Do),1137,3350,0.1997,0.8329,1137,3350,appariée,IA:E401:69,H:E401:51,Détecteur inoccupation Do,26.6
ia,E401,E401,Enseigne issue 1 face murale tout droit,1411,1793,0.2478,0.4458,1411,1793,appariée,IA:E401:70,H:E401:68,Enseigne de sortie,33.0
ia,E401,E401,Enseigne issue 1 face murale tout droit,2715,1805,0.4768,0.4488,2715,1805,appariée,IA:E401:71,H:E401:72,Enseigne de sortie,25.5
ia,E401,E401,Enseigne issue 1 face murale tout droit,2464,1929,0.4327,0.4796,2464,1929,appariée,IA:E401:72,H:E401:71,Enseigne de sortie,21.2
ia,E401,E401,Enseigne issue 1 face murale tout droit,2208,3032,0.3878,0.7539,2208,3032,appariée,IA:E401:73,H:E401:75,Enseigne de sortie,6.8
ia,E401,E401,Enseigne issue 1 face murale tout droit,2215,3431,0.3890,0.8531,2215,3431,appariée,IA:E401:74,H:E401:76,Enseigne de sortie,13.4
ia,E401,E401,Enseigne issue 1 face plafond tout droit,990,1917,0.1739,0.4766,990,1917,appariée,IA:E401:75,H:E401:69,Enseigne de sortie,34.5
ia,E401,E401,Enseigne issue 1 face plafond tout droit,1119,1917,0.1965,0.4766,1119,1917,appariée,IA:E401:76,H:E401:70,Enseigne de sortie,32.6
ia,E401,E401,Enseigne issue 2 faces murale,2242,2067,0.3937,0.5139,2242,2067,appariée,IA:E401:77,H:E401:74,Enseigne de sortie,21.6
ia,E401,E401,Enseigne issue 2 faces murale,2863,2875,0.5028,0.7148,2863,2875,appariée,IA:E401:78,H:E401:77,Enseigne de sortie,10.4
ia,E401,E401,Enseigne issue 2 faces plafond,2118,2065,0.3720,0.5134,2118,2065,appariée,IA:E401:79,H:E401:73,Enseigne de sortie,23.2
ia,E401,E401,Interrupteur unipolaire,2629,2641,0.4617,0.6566,2629,2641,appariée,IA:E401:80,H:E401:78,Interrupteur,7.4
ia,E401,E401,Luminaire DMW1,1163,1523,0.2043,0.3787,1163,1523,appariée,IA:E401:81,H:E401:232,Luminaire mural DMW1,36.6
ia,E401,E401,Luminaire DMW1,2216,3471,0.3892,0.8630,2216,3471,appariée,IA:E401:82,H:E401:233,Luminaire mural DMW1,10.6
ia,E401,E401,Luminaire DMW1,2782,1733,0.4886,0.4309,2782,1733,appariée,IA:E401:83,H:E401:236,Luminaire mural DMW1,22.9
ia,E401,E401,Luminaire DMW1,876,1793,0.1538,0.4458,876,1793,appariée,IA:E401:84,H:E401:234,Luminaire mural DMW1,33.5
ia,E401,E401,Luminaire DMW1,876,2070,0.1538,0.5147,876,2070,appariée,IA:E401:85,H:E401:235,Luminaire mural DMW1,30.5
ia,E401,E401,Luminaire DR2,1729,1622,0.3037,0.4033,1729,1622,appariée,IA:E401:86,H:E401:79,Luminaire DR2,29.0
ia,E401,E401,Luminaire DR5,1518,1699,0.2666,0.4224,1518,1699,appariée,IA:E401:87,H:E401:80,Luminaire DR5,30.1
ia,E401,E401,Luminaire DR5,1272,2835,0.2234,0.7049,1272,2835,appariée,IA:E401:88,H:E401:81,Luminaire DR5,23.7
ia,E401,E401,Luminaire DR5,2965,2870,0.5207,0.7136,2965,2870,appariée,IA:E401:89,H:E401:82,Luminaire DR5,7.1
ia,E401,E401,Luminaire DR5,2965,3007,0.5207,0.7476,2965,3007,appariée,IA:E401:90,H:E401:83,Luminaire DR5,6.7
ia,E401,E401,Luminaire DR5,2363,2369,0.4150,0.5890,2363,2369,appariée,IA:E401:91,H:E401:84,Luminaire DR5,12.0
ia,E401,E401,Luminaire DR5,2363,2477,0.4150,0.6159,2363,2477,appariée,IA:E401:92,H:E401:85,Luminaire DR5,10.2
ia,E401,E401,Luminaire DR5,2363,2585,0.4150,0.6427,2363,2585,appariée,IA:E401:93,H:E401:86,Luminaire DR5,8.5
ia,E401,E401,Luminaire DR5,2594,2585,0.4556,0.6427,2594,2585,appariée,IA:E401:94,H:E401:87,Luminaire DR5,7.5
ia,E401,E401,Luminaire DR5,2594,2477,0.4556,0.6159,2594,2477,appariée,IA:E401:95,H:E401:88,Luminaire DR5,9.4
ia,E401,E401,Luminaire DR5,2594,2369,0.4556,0.5890,2594,2369,appariée,IA:E401:96,H:E401:89,Luminaire DR5,11.3
ia,E401,E401,Luminaire DR5,2349,1719,0.4125,0.4274,2349,1719,appariée,IA:E401:97,H:E401:90,Luminaire DR5,23.3
ia,E401,E401,Luminaire DR51,1185,1649,0.2081,0.4100,1185,1649,appariée,IA:E401:98,H:E401:91,Luminaire DR51,34.8
ia,E401,E401,Luminaire DR51,2137,3443,0.3753,0.8560,2137,3443,appariée,IA:E401:99,H:E401:92,Luminaire DR51,11.2
ia,E401,E401,Luminaire DR52 service continu,1409,1649,0.2475,0.4100,1409,1649,appariée,IA:E401:100,H:E401:93,Luminaire DR52,32.0
ia,E401,E401,Luminaire DR52 service continu,2150,3181,0.3776,0.7909,2150,3181,appariée,IA:E401:101,H:E401:94,Luminaire DR52,8.4
ia,E401,E401,Luminaire DS0,3408,3037,0.5985,0.7551,3408,3037,appariée,IA:E401:102,H:E401:95,Luminaire DS0,14.6
ia,E401,E401,Luminaire DS0,3507,3037,0.6159,0.7551,3507,3037,appariée,IA:E401:103,H:E401:96,Luminaire DS0,16.3
ia,E401,E401,Luminaire DS0,3408,2834,0.5985,0.7046,3408,2834,appariée,IA:E401:104,H:E401:97,Luminaire DS0,14.9
ia,E401,E401,Luminaire DS0,3507,2834,0.6159,0.7046,3507,2834,appariée,IA:E401:105,H:E401:98,Luminaire DS0,16.6
ia,E401,E401,Luminaire DS0,3136,3037,0.5508,0.7551,3136,3037,appariée,IA:E401:106,H:E401:99,Luminaire DS0,9.7
ia,E401,E401,Luminaire DS0,3136,2834,0.5508,0.7046,3136,2834,appariée,IA:E401:107,H:E401:100,Luminaire DS0,10.2
ia,E401,E401,Luminaire DS0,3308,3037,0.5810,0.7551,3308,3037,appariée,IA:E401:108,H:E401:101,Luminaire DS0,12.8
ia,E401,E401,Luminaire DS0,3308,2834,0.5810,0.7046,3308,2834,appariée,IA:E401:109,H:E401:102,Luminaire DS0,13.1
ia,E401,E401,Luminaire DS0,3410,3257,0.5989,0.8098,3410,3257,appariée,IA:E401:110,H:E401:103,Luminaire DS0,15.3
ia,E401,E401,Luminaire DS0,3410,3435,0.5989,0.8541,3410,3435,appariée,IA:E401:111,H:E401:104,Luminaire DS0,16.5
ia,E401,E401,Luminaire DS0,3512,3435,0.6168,0.8541,3512,3435,appariée,IA:E401:112,H:E401:105,Luminaire DS0,18.1
ia,E401,E401,Luminaire DS0,3512,3256,0.6168,0.8095,3512,3256,appariée,IA:E401:113,H:E401:106,Luminaire DS0,17.0
ia,E401,E401,Luminaire DS0,3115,3434,0.5471,0.8538,3115,3434,appariée,IA:E401:114,H:E401:107,Luminaire DS0,12.1
ia,E401,E401,Luminaire DS0,3115,3258,0.5471,0.8100,3115,3258,appariée,IA:E401:115,H:E401:108,Luminaire DS0,10.4
ia,E401,E401,Luminaire DS0,3303,3434,0.5801,0.8538,3303,3434,appariée,IA:E401:116,H:E401:109,Luminaire DS0,14.8
ia,E401,E401,Luminaire DS0,3303,3258,0.5801,0.8100,3303,3258,appariée,IA:E401:117,H:E401:110,Luminaire DS0,13.5
ia,E401,E401,Luminaire DS0,2831,3256,0.4972,0.8095,2831,3256,appariée,IA:E401:118,H:E401:111,Luminaire DS0,6.2
ia,E401,E401,Luminaire DS0,3012,3259,0.5290,0.8103,3012,3259,appariée,IA:E401:119,H:E401:112,Luminaire DS0,8.8
ia,E401,E401,Luminaire DS0,2327,2214,0.4087,0.5505,2327,2214,appariée,IA:E401:120,H:E401:113,Luminaire DS0,14.8
ia,E401,E401,Luminaire DS0,2398,2214,0.4211,0.5505,2398,2214,appariée,IA:E401:121,H:E401:114,Luminaire DS0,14.5
ia,E401,E401,Luminaire DS0,2481,2214,0.4357,0.5505,2481,2214,appariée,IA:E401:122,H:E401:115,Luminaire DS0,14.2
ia,E401,E401,Luminaire DS0,2557,2214,0.4491,0.5505,2557,2214,appariée,IA:E401:123,H:E401:116,Luminaire DS0,14.1
ia,E401,E401,Luminaire DS0,2638,2214,0.4633,0.5505,2638,2214,appariée,IA:E401:124,H:E401:117,Luminaire DS0,14.1
ia,E401,E401,Luminaire DS0,2714,2214,0.4766,0.5505,2714,2214,appariée,IA:E401:125,H:E401:118,Luminaire DS0,14.2
ia,E401,E401,Luminaire DS0,1503,2725,0.2640,0.6775,1503,2725,appariée,IA:E401:126,H:E401:119,Luminaire DS0,20.0
ia,E401,E401,Luminaire DS0,1610,2725,0.2828,0.6775,1610,2725,appariée,IA:E401:127,H:E401:120,Luminaire DS0,18.1
ia,E401,E401,Luminaire DS0,1717,2725,0.3015,0.6775,1717,2725,appariée,IA:E401:128,H:E401:121,Luminaire DS0,16.3
ia,E401,E401,Luminaire DS0,1843,2730,0.3237,0.6788,1843,2730,appariée,IA:E401:129,H:E401:122,Luminaire DS0,14.2
ia,E401,E401,Luminaire DS0,1503,2863,0.2640,0.7118,1503,2863,appariée,IA:E401:130,H:E401:123,Luminaire DS0,19.5
ia,E401,E401,Luminaire DS0,1610,2863,0.2828,0.7118,1610,2863,appariée,IA:E401:131,H:E401:124,Luminaire DS0,17.6
ia,E401,E401,Luminaire DS0,1717,2863,0.3015,0.7118,1717,2863,appariée,IA:E401:132,H:E401:125,Luminaire DS0,15.7
ia,E401,E401,Luminaire DS0,1819,2823,0.3195,0.7019,1819,2823,appariée,IA:E401:133,H:E401:126,Luminaire DS0,14.1
ia,E401,E401,Luminaire DS0,1935,2722,0.3398,0.6768,1935,2722,appariée,IA:E401:134,H:E401:127,Luminaire DS0,12.7
ia,E401,E401,Luminaire DS0,2039,2722,0.3581,0.6768,2039,2722,appariée,IA:E401:135,H:E401:128,Luminaire DS0,11.0
ia,E401,E401,Luminaire DS0,1935,2862,0.3398,0.7116,1935,2862,appariée,IA:E401:136,H:E401:129,Luminaire DS0,11.9
ia,E401,E401,Luminaire DS0,2039,2862,0.3581,0.7116,2039,2862,appariée,IA:E401:137,H:E401:130,Luminaire DS0,10.1
ia,E401,E401,Luminaire DS0,949,3259,0.1667,0.8103,949,3259,appariée,IA:E401:138,H:E401:131,Luminaire DS0,29.6
ia,E401,E401,Luminaire DS0,1025,3259,0.1800,0.8103,1025,3259,appariée,IA:E401:139,H:E401:132,Luminaire DS0,28.2
ia,E401,E401,Luminaire DS0,1101,3259,0.1934,0.8103,1101,3259,appariée,IA:E401:140,H:E401:133,Luminaire DS0,26.9
ia,E401,E401,Luminaire DS0,1176,3259,0.2065,0.8103,1176,3259,appariée,IA:E401:141,H:E401:134,Luminaire DS0,25.6
ia,E401,E401,Luminaire DS0,949,3405,0.1667,0.8466,949,3405,appariée,IA:E401:142,H:E401:135,Luminaire DS0,30.1
ia,E401,E401,Luminaire DS0,1025,3405,0.1800,0.8466,1025,3405,appariée,IA:E401:143,H:E401:136,Luminaire DS0,28.8
ia,E401,E401,Luminaire DS0,1101,3405,0.1934,0.8466,1101,3405,appariée,IA:E401:144,H:E401:137,Luminaire DS0,27.5
ia,E401,E401,Luminaire DS0,1176,3405,0.2065,0.8466,1176,3405,appariée,IA:E401:145,H:E401:138,Luminaire DS0,26.2
ia,E401,E401,Luminaire DS0,962,2153,0.1689,0.5353,962,2153,appariée,IA:E401:146,H:E401:139,Luminaire DS0,32.7
ia,E401,E401,Luminaire DS0,1058,2153,0.1858,0.5353,1058,2153,appariée,IA:E401:147,H:E401:140,Luminaire DS0,31.2
ia,E401,E401,Luminaire DS0,958,2326,0.1682,0.5783,958,2326,appariée,IA:E401:148,H:E401:141,Luminaire DS0,31.5
ia,E401,E401,Luminaire DS0,1054,2326,0.1851,0.5783,1054,2326,appariée,IA:E401:149,H:E401:142,Luminaire DS0,29.9
ia,E401,E401,Luminaire DS0,3017,3435,0.5299,0.8541,3017,3435,appariée,IA:E401:150,H:E401:143,Luminaire DS0,10.8
ia,E401,E401,Luminaire DS0,2831,3435,0.4972,0.8541,2831,3435,appariée,IA:E401:151,H:E401:144,Luminaire DS0,8.8
ia,E401,E401,Luminaire DS1,1259,2670,0.2211,0.6638,1259,2670,appariée,IA:E401:152,H:E401:146,Luminaire DS1,24.4
ia,E401,E401,Luminaire DS1,1259,2476,0.2211,0.6156,1259,2476,appariée,IA:E401:153,H:E401:147,Luminaire DS1,25.5
ia,E401,E401,Luminaire DS1,1002,2478,0.1760,0.6161,1002,2478,appariée,IA:E401:154,H:E401:148,Luminaire DS1,29.8
ia,E401,E401,Luminaire DS1,997,2669,0.1751,0.6636,997,2669,appariée,IA:E401:155,H:E401:149,Luminaire DS1,29.0
ia,E401,E401,Luminaire DS1,998,2822,0.1753,0.7016,998,2822,appariée,IA:E401:156,H:E401:150,Luminaire DS1,28.5
ia,E401,E401,Luminaire DS1,1967,2520,0.3455,0.6266,1967,2520,appariée,IA:E401:157,H:E401:151,Luminaire DS1,14.1
ia,E401,E401,Luminaire DS1,1538,2604,0.2701,0.6474,1538,2604,appariée,IA:E401:158,H:E401:152,Luminaire DS1,20.0
ia,E401,E401,Luminaire DS1,1540,2454,0.2705,0.6101,1540,2454,appariée,IA:E401:159,H:E401:153,Luminaire DS1,21.1
ia,E401,E401,Luminaire DS1,1750,2454,0.3073,0.6101,1750,2454,appariée,IA:E401:160,H:E401:154,Luminaire DS1,17.9
ia,E401,E401,Luminaire DS1,1750,2604,0.3073,0.6474,1750,2604,appariée,IA:E401:161,H:E401:155,Luminaire DS1,16.6
ia,E401,E401,Luminaire DS1,1381,3375,0.2425,0.8391,1381,3375,appariée,IA:E401:162,H:E401:156,Luminaire DS1,22.5
ia,E401,E401,Luminaire DS1,1381,3152,0.2425,0.7837,1381,3152,appariée,IA:E401:163,H:E401:157,Luminaire DS1,21.7
ia,E401,E401,Luminaire DS1,1541,3152,0.2706,0.7837,1541,3152,appariée,IA:E401:164,H:E401:158,Luminaire DS1,18.9
ia,E401,E401,Luminaire DS1,1541,3375,0.2706,0.8391,1541,3375,appariée,IA:E401:165,H:E401:159,Luminaire DS1,19.8
ia,E401,E401,Luminaire DS1,1701,3375,0.2987,0.8391,1701,3375,appariée,IA:E401:166,H:E401:160,Luminaire DS1,17.2
ia,E401,E401,Luminaire DS1,1701,3152,0.2987,0.7837,1701,3152,appariée,IA:E401:167,H:E401:161,Luminaire DS1,16.0
ia,E401,E401,Luminaire DS1,1865,3191,0.3275,0.7934,1865,3191,appariée,IA:E401:168,H:E401:162,Luminaire DS1,13.3
ia,E401,E401,Luminaire DS1,2011,3191,0.3532,0.7934,2011,3191,appariée,IA:E401:169,H:E401:163,Luminaire DS1,10.8
ia,E401,E401,Luminaire DS1,1866,3379,0.3277,0.8401,1866,3379,appariée,IA:E401:170,H:E401:164,Luminaire DS1,14.5
ia,E401,E401,Luminaire DS1,2013,3379,0.3535,0.8401,2013,3379,appariée,IA:E401:171,H:E401:165,Luminaire DS1,12.2
ia,E401,E401,Luminaire DS1,2360,3033,0.4145,0.7541,2360,3033,appariée,IA:E401:172,H:E401:166,Luminaire DS1,4.1
ia,E401,E401,Luminaire DS1,2360,3208,0.4145,0.7976,2360,3208,appariée,IA:E401:173,H:E401:167,Luminaire DS1,5.5
ia,E401,E401,Luminaire DS1,2360,3383,0.4145,0.8411,2360,3383,appariée,IA:E401:174,H:E401:168,Luminaire DS1,7.9
ia,E401,E401,Luminaire DS1,2590,3033,0.4549,0.7541,2590,3033,appariée,IA:E401:175,H:E401:169,Luminaire DS1,0.5
ia,E401,E401,Luminaire DS1,2590,3208,0.4549,0.7976,2590,3208,appariée,IA:E401:176,H:E401:170,Luminaire DS1,3.6
ia,E401,E401,Luminaire DS1,2590,3383,0.4549,0.8411,2590,3383,appariée,IA:E401:177,H:E401:171,Luminaire DS1,6.7
ia,E401,E401,Luminaire DS1,2855,3141,0.5014,0.7810,2855,3141,appariée,IA:E401:178,H:E401:172,Luminaire DS1,5.3
ia,E401,E401,Luminaire DS1,3126,3141,0.5490,0.7810,3126,3141,appariée,IA:E401:179,H:E401:173,Luminaire DS1,9.8
ia,E401,E401,Luminaire DS1,3398,3141,0.5968,0.7810,3398,3141,appariée,IA:E401:180,H:E401:174,Luminaire DS1,14.6
ia,E401,E401,Luminaire DS1,3434,2935,0.6031,0.7297,3434,2935,appariée,IA:E401:181,H:E401:175,Luminaire DS1,15.1
ia,E401,E401,Luminaire DS1,3198,2935,0.5616,0.7297,3198,2935,appariée,IA:E401:182,H:E401:176,Luminaire DS1,10.9
ia,E401,E401,Luminaire DS1,3433,3347,0.6029,0.8322,3433,3347,appariée,IA:E401:183,H:E401:177,Luminaire DS1,16.2
ia,E401,E401,Luminaire DS1,3230,3336,0.5673,0.8294,3230,3336,appariée,IA:E401:184,H:E401:178,Luminaire DS1,12.8
ia,E401,E401,Luminaire DS1,2943,3336,0.5169,0.8294,2943,3336,appariée,IA:E401:185,H:E401:179,Luminaire DS1,8.6
ia,E401,E401,Luminaire DS1,2865,2297,0.5032,0.5711,2865,2297,appariée,IA:E401:186,H:E401:180,Luminaire DS1,13.5
ia,E401,E401,Luminaire DS1,2865,2055,0.5032,0.5109,2865,2055,appariée,IA:E401:187,H:E401:181,Luminaire DS1,17.6
ia,E401,E401,Luminaire DS1,3069,2055,0.5390,0.5109,3069,2055,appariée,IA:E401:188,H:E401:182,Luminaire DS1,18.9
ia,E401,E401,Luminaire DS1,3069,2297,0.5390,0.5711,3069,2297,appariée,IA:E401:189,H:E401:183,Luminaire DS1,15.2
ia,E401,E401,Luminaire DS1,3272,2055,0.5746,0.5109,3272,2055,appariée,IA:E401:190,H:E401:184,Luminaire DS1,20.8
ia,E401,E401,Luminaire DS1,3272,2297,0.5746,0.5711,3272,2297,appariée,IA:E401:191,H:E401:185,Luminaire DS1,17.5
ia,E401,E401,Luminaire DS1,3476,2055,0.6105,0.5109,3476,2055,appariée,IA:E401:192,H:E401:186,Luminaire DS1,23.1
ia,E401,E401,Luminaire DS1,3476,2297,0.6105,0.5711,3476,2297,appariée,IA:E401:193,H:E401:187,Luminaire DS1,20.2
ia,E401,E401,Luminaire DS1,2315,2132,0.4066,0.5301,2315,2132,appariée,IA:E401:194,H:E401:188,Luminaire DS1,16.3
ia,E401,E401,Luminaire DS1,2474,2132,0.4345,0.5301,2474,2132,appariée,IA:E401:195,H:E401:189,Luminaire DS1,15.7
ia,E401,E401,Luminaire DS1,2628,2132,0.4615,0.5301,2628,2132,appariée,IA:E401:196,H:E401:190,Luminaire DS1,15.6
ia,E401,E401,Luminaire DS1,2357,2869,0.4139,0.7133,2357,2869,appariée,IA:E401:197,H:E401:191,Luminaire DS1,4.8
ia,E401,E401,Luminaire DS1,2641,2745,0.4638,0.6825,2641,2745,appariée,IA:E401:198,H:E401:193,Luminaire DS1,4.7
ia,E401,E401,Luminaire DS1,2594,2869,0.4556,0.7133,2594,2869,appariée,IA:E401:199,H:E401:194,Luminaire DS1,2.4
ia,E401,E401,Luminaire DS1,2837,2979,0.4982,0.7407,2837,2979,appariée,IA:E401:200,H:E401:195,Luminaire DS1,4.4
ia,E401,E401,Luminaire DS1,2837,2759,0.4982,0.6860,2837,2759,appariée,IA:E401:201,H:E401:196,Luminaire DS1,6.2
ia,E401,E401,Luminaire DS1,2834,2540,0.4977,0.6315,2834,2540,appariée,IA:E401:202,H:E401:197,Luminaire DS1,9.3
ia,E401,E401,Luminaire DS1,2482,1711,0.4359,0.4254,2482,1711,appariée,IA:E401:203,H:E401:200,Luminaire DS1,23.1
ia,E401,E401,Luminaire DS1,2677,1711,0.4701,0.4254,2677,1711,appariée,IA:E401:204,H:E401:201,Luminaire DS1,23.1
ia,E401,E401,Luminaire DS1,2352,1997,0.4131,0.4965,2352,1997,appariée,IA:E401:205,H:E401:202,Luminaire DS1,18.4
ia,E401,E401,Luminaire DS1,2589,1997,0.4547,0.4965,2589,1997,appariée,IA:E401:206,H:E401:203,Luminaire DS1,17.9
ia,E401,E401,Luminaire DS1,2198,2988,0.3860,0.7429,2198,2988,appariée,IA:E401:207,H:E401:204,Luminaire DS1,7.0
ia,E401,E401,Luminaire DS1,2198,2724,0.3860,0.6773,2198,2724,appariée,IA:E401:208,H:E401:205,Luminaire DS1,8.6
ia,E401,E401,Luminaire DS1,2180,2502,0.3829,0.6221,2180,2502,appariée,IA:E401:209,H:E401:206,Luminaire DS1,11.5
ia,E401,E401,Luminaire DS1,2198,2203,0.3860,0.5477,2198,2203,appariée,IA:E401:210,H:E401:207,Luminaire DS1,15.9
ia,E401,E401,Luminaire DS1,2198,1942,0.3860,0.4828,2198,1942,appariée,IA:E401:211,H:E401:208,Luminaire DS1,20.2
ia,E401,E401,Luminaire DS1,2013,1942,0.3535,0.4828,2013,1942,appariée,IA:E401:212,H:E401:209,Luminaire DS1,21.5
ia,E401,E401,Luminaire DS1,1524,2793,0.2677,0.6944,1524,2793,appariée,IA:E401:213,H:E401:210,Luminaire DS1,19.4
ia,E401,E401,Luminaire DS1,1738,2793,0.3052,0.6944,1738,2793,appariée,IA:E401:214,H:E401:211,Luminaire DS1,15.6
ia,E401,E401,Luminaire DS1,2042,2772,0.3586,0.6892,2042,2772,appariée,IA:E401:215,H:E401:212,Luminaire DS1,10.6
ia,E401,E401,Luminaire DS1,1033,3331,0.1814,0.8282,1033,3331,appariée,IA:E401:216,H:E401:213,Luminaire DS1,28.3
ia,E401,E401,Luminaire DS1,998,3179,0.1753,0.7904,998,3179,appariée,IA:E401:217,H:E401:214,Luminaire DS1,28.5
ia,E401,E401,Luminaire DS1,998,3034,0.1753,0.7544,998,3034,appariée,IA:E401:218,H:E401:215,Luminaire DS1,28.4
ia,E401,E401,Luminaire DS1,1222,3002,0.2146,0.7464,1222,3002,appariée,IA:E401:219,H:E401:216,Luminaire DS1,24.4
ia,E401,E401,Luminaire DS1,1224,3173,0.2150,0.7889,1224,3173,appariée,IA:E401:220,H:E401:217,Luminaire DS1,24.5
ia,E401,E401,Luminaire DS1,1342,2980,0.2357,0.7409,1342,2980,appariée,IA:E401:221,H:E401:218,Luminaire DS1,22.2
ia,E401,E401,Luminaire DS1,1534,2980,0.2694,0.7409,1534,2980,appariée,IA:E401:222,H:E401:219,Luminaire DS1,18.8
ia,E401,E401,Luminaire DS1,1731,2990,0.3040,0.7434,1731,2990,appariée,IA:E401:223,H:E401:220,Luminaire DS1,15.3
ia,E401,E401,Luminaire DS1,1911,2990,0.3356,0.7434,1911,2990,appariée,IA:E401:224,H:E401:221,Luminaire DS1,12.1
ia,E401,E401,Luminaire DS1,983,2239,0.1726,0.5567,983,2239,appariée,IA:E401:225,H:E401:222,Luminaire DS1,31.7
ia,E401,E401,Luminaire DS1 service continu,1054,1954,0.1851,0.4858,1054,1954,appariée,IA:E401:226,H:E401:145,Luminaire DS1,33.1
ia,E401,E401,Luminaire DS1 service continu,2478,2745,0.4352,0.6825,2478,2745,appariée,IA:E401:227,H:E401:192,Luminaire DS1,5.0
ia,E401,E401,Luminaire DS1 service continu,2350,1853,0.4127,0.4607,2350,1853,appariée,IA:E401:228,H:E401:198,Luminaire DS1,20.9
ia,E401,E401,Luminaire DS1 service continu,2596,1853,0.4559,0.4607,2596,1853,appariée,IA:E401:229,H:E401:199,Luminaire DS1,20.5
ia,E401,E401,Luminaire DS2,1942,1719,0.3411,0.4274,1942,1719,appariée,IA:E401:230,H:E401:223,Luminaire DS2,25.6
ia,E401,E401,Luminaire DS2,1833,1713,0.3219,0.4259,1833,1713,appariée,IA:E401:231,H:E401:224,Luminaire DS2,26.7
ia,E401,E401,Luminaire DW4,2981,2697,0.5235,0.6706,2981,2697,appariée,IA:E401:232,H:E401:225,Luminaire DW4,8.9
ia,E401,E401,Luminaire DW4,3202,2512,0.5623,0.6246,3202,2512,appariée,IA:E401:233,H:E401:226,Luminaire DW4,14.0
ia,E401,E401,Luminaire DW4,3202,2697,0.5623,0.6706,3202,2697,appariée,IA:E401:234,H:E401:227,Luminaire DW4,12.2
ia,E401,E401,Luminaire DW4,3423,2697,0.6012,0.6706,3423,2697,appariée,IA:E401:235,H:E401:228,Luminaire DW4,15.8
ia,E401,E401,Luminaire DW4,3423,2512,0.6012,0.6246,3423,2512,appariée,IA:E401:236,H:E401:229,Luminaire DW4,17.2
ia,E401,E401,Luminaire DW42 service continu,2991,2521,0.5253,0.6268,2991,2521,appariée,IA:E401:237,H:E401:230,Luminaire DW42,11.2
ia,E401,E401,Luminaire ovale suspendu — à classer,1317,1929,0.2313,0.4796,1317,1929,appariée,IA:E401:238,H:E401:237,Luminaire ovale — à classer,29.7
ia,E401,E401,Luminaire ovale suspendu — à classer,1695,1929,0.2977,0.4796,1695,1929,appariée,IA:E401:239,H:E401:238,Luminaire ovale — à classer,24.9
ia,E401,E401,Phare urgence double mural,1131,1673,0.1986,0.4160,1131,1673,appariée,IA:E401:240,H:E401:239,Phare double,37.2
ia,E401,E401,Phare urgence double mural,2285,2020,0.4013,0.5022,2285,2020,appariée,IA:E401:241,H:E401:240,Phare double,25.0
ia,E401,E401,Phare urgence double mural,3171,2418,0.5569,0.6012,3171,2418,appariée,IA:E401:242,H:E401:241,Phare double,14.7
ia,E401,E401,Phare urgence double mural,1473,2645,0.2587,0.6576,1473,2645,appariée,IA:E401:243,H:E401:242,Phare double,20.9
ia,E401,E401,Phare urgence double mural,1669,3087,0.2931,0.7675,1669,3087,appariée,IA:E401:244,H:E401:243,Phare double,13.5
ia,E401,E401,Phare urgence double mural,1786,3145,0.3137,0.7819,1786,3145,appariée,IA:E401:245,H:E401:244,Phare double,11.6
ia,E401,E401,Phare urgence double mural,2235,3288,0.3925,0.8175,2235,3288,appariée,IA:E401:246,H:E401:245,Phare double,6.1
ia,E401,E401,Phare urgence simple mural,1603,1697,0.2815,0.4219,1603,1697,appariée,IA:E401:247,H:E401:246,Phare simple PH1,29.2
ia,E401,E401,Phare urgence simple mural,2533,2045,0.4449,0.5085,2533,2045,appariée,IA:E401:248,H:E401:247,Phare simple PH1,17.1
ia,E401,E401,Phare urgence simple mural,2665,2936,0.4680,0.7300,2665,2936,appariée,IA:E401:249,H:E401:248,Phare simple PH1,1.8
ia,E402 + E600,E402,Accumulateur c/a 2 phares + enseigne,1301,1819,0.2285,0.4523,1301,1819,appariée,IA:E402:1,H:E402:1,Accumulateur 18W + enseigne,1.8
ia,E402 + E600,E402,Accumulateur c/a 2 phares + enseigne,2361,1998,0.4146,0.4968,2361,1998,appariée,IA:E402:2,H:E402:3,Accumulateur 36W + enseigne,15.1
ia,E402 + E600,E402,Accumulateur c/a 2 phares + enseigne,2232,2397,0.3920,0.5960,2232,2397,appariée,IA:E402:3,H:E402:5,Accumulateur 36W + enseigne,15.0
ia,E402 + E600,E402,Accumulateur c/a 2 phares + enseigne,1998,2416,0.3509,0.6007,1998,2416,appariée,IA:E402:4,H:E402:4,Accumulateur 36W + enseigne,15.9
ia,E402 + E600,E402,Accumulateur c/a 2 phares + enseigne,1998,2956,0.3509,0.7350,1998,2956,appariée,IA:E402:5,H:E402:6,Accumulateur 36W + enseigne,15.9
ia,E402 + E600,E402,Accumulateur c/a 2 phares + enseigne,2301,2982,0.4041,0.7414,2301,2982,appariée,IA:E402:6,H:E402:2,Accumulateur 36W + enseigne,16.1
ia,E402 + E600,E402,Bloc d'alimentation (Ba),3172,3049,0.5571,0.7581,3172,3049,appariée,IA:E402:7,H:E402:7,Bloc d'alimentation Ba,0.1
ia,E402 + E600,E402,Bloc d'alimentation (Ba),2584,2320,0.4538,0.5768,2584,2320,appariée,IA:E402:8,H:E402:8,Bloc d'alimentation Ba,0.1
ia,E402 + E600,E402,Bouton-poussoir (B),1252,1787,0.2199,0.4443,1252,1787,appariée,IA:E402:9,H:E402:9,Bouton-poussoir B,0.2
ia,E402 + E600,E402,Bouton-poussoir (B),2014,2523,0.3537,0.6273,2014,2523,appariée,IA:E402:10,H:E402:10,Bouton-poussoir B,0.1
ia,E402 + E600,E402,Bouton-poussoir (B),1941,2934,0.3409,0.7295,1941,2934,appariée,IA:E402:11,H:E402:11,Bouton-poussoir B,0.1
ia,E402 + E600,E402,Bouton-poussoir (B),1139,3074,0.2000,0.7643,1139,3074,appariée,IA:E402:12,H:E402:12,Bouton-poussoir B,0.2
ia,E402 + E600,E402,Bouton-poussoir (B),1139,3258,0.2000,0.8100,1139,3258,appariée,IA:E402:13,H:E402:13,Bouton-poussoir B,0.2
ia,E402 + E600,E402,Bouton-poussoir (B),1465,3281,0.2573,0.8158,1465,3281,appariée,IA:E402:14,H:E402:14,Bouton-poussoir B,0.2
ia,E402 + E600,E402,Bouton-poussoir (B),1782,3281,0.3130,0.8158,1782,3281,appariée,IA:E402:15,H:E402:15,Bouton-poussoir B,0.1
ia,E402 + E600,E402,Bouton-poussoir (B),1962,3281,0.3446,0.8158,1962,3281,appariée,IA:E402:16,H:E402:16,Bouton-poussoir B,0.1
ia,E402 + E600,E402,Bouton-poussoir (B),2491,3238,0.4375,0.8051,2491,3238,appariée,IA:E402:17,H:E402:17,Bouton-poussoir B,0.1
ia,E402 + E600,E402,Bouton-poussoir (B),2674,3254,0.4696,0.8091,2674,3254,appariée,IA:E402:18,H:E402:18,Bouton-poussoir B,0.1
ia,E402 + E600,E402,Bouton-poussoir (B),2860,3237,0.5023,0.8048,2860,3237,appariée,IA:E402:19,H:E402:19,Bouton-poussoir B,0.1
ia,E402 + E600,E402,Bouton-poussoir (B),3042,3238,0.5342,0.8051,3042,3238,appariée,IA:E402:20,H:E402:20,Bouton-poussoir B,0.1
ia,E402 + E600,E402,Bouton-poussoir (B),3227,3238,0.5667,0.8051,3227,3238,appariée,IA:E402:21,H:E402:21,Bouton-poussoir B,0.1
ia,E402 + E600,E402,Bouton-poussoir (B),3309,3209,0.5811,0.7979,3309,3209,appariée,IA:E402:22,H:E402:22,Bouton-poussoir B,0.1
ia,E402 + E600,E402,Bouton-poussoir (B),3409,3025,0.5987,0.7521,3409,3025,appariée,IA:E402:23,H:E402:23,Bouton-poussoir B,0.1
ia,E402 + E600,E402,Bouton-poussoir (B),3367,2987,0.5913,0.7427,3367,2987,appariée,IA:E402:24,H:E402:24,Bouton-poussoir B,0.1
ia,E402 + E600,E402,Bouton-poussoir (B),3370,2791,0.5919,0.6939,3370,2791,appariée,IA:E402:25,H:E402:25,Bouton-poussoir B,0.1
ia,E402 + E600,E402,Bouton-poussoir (B),3366,2595,0.5911,0.6452,3366,2595,appariée,IA:E402:26,H:E402:26,Bouton-poussoir B,0.1
ia,E402 + E600,E402,Bouton-poussoir (B),2322,1885,0.4078,0.4687,2322,1885,appariée,IA:E402:27,H:E402:27,Bouton-poussoir B,0.1
ia,E402 + E600,E402,Bouton-poussoir (B),3366,2242,0.5911,0.5574,3366,2242,appariée,IA:E402:28,H:E402:28,Bouton-poussoir B,0.1
ia,E402 + E600,E402,Bouton-poussoir (B),3366,2204,0.5911,0.5480,3366,2204,appariée,IA:E402:29,H:E402:29,Bouton-poussoir B,0.1
ia,E402 + E600,E402,Bouton-poussoir (B),3172,2124,0.5571,0.5281,3172,2124,appariée,IA:E402:30,H:E402:30,Bouton-poussoir B,0.0
ia,E402 + E600,E402,Bouton-poussoir (B),2910,2128,0.5111,0.5291,2910,2128,appariée,IA:E402:31,H:E402:31,Bouton-poussoir B,0.1
ia,E402 + E600,E402,Bouton-poussoir (B),2873,2128,0.5046,0.5291,2873,2128,appariée,IA:E402:32,H:E402:32,Bouton-poussoir B,0.1
ia,E402 + E600,E402,Bouton-poussoir (B),2380,2391,0.4180,0.5945,2380,2391,appariée,IA:E402:33,H:E402:33,Bouton-poussoir B,0.1
ia,E402 + E600,E402,Bouton-poussoir (B),2381,2429,0.4182,0.6039,2381,2429,appariée,IA:E402:34,H:E402:34,Bouton-poussoir B,0.1
ia,E402 + E600,E402,Bouton-poussoir (B),3141,2937,0.5516,0.7302,3141,2937,appariée,IA:E402:35,H:E402:35,Bouton-poussoir B,0.1
ia,E402 + E600,E402,Bouton-poussoir (B),2677,2359,0.4701,0.5865,2677,2359,appariée,IA:E402:36,H:E402:36,Bouton-poussoir B,0.1
ia,E402 + E600,E402,Bouton-poussoir (B),2291,3038,0.4024,0.7553,2291,3038,appariée,IA:E402:37,H:E402:37,Bouton-poussoir B,0.1
ia,E402 + E600,E402,Bouton-poussoir (B),2346,1917,0.4120,0.4766,2346,1917,appariée,IA:E402:38,H:E402:38,Bouton-poussoir B,0.1
ia,E402 + E600,E402,Bouton-poussoir (B),2075,1769,0.3644,0.4398,2075,1769,appariée,IA:E402:39,H:E402:39,Bouton-poussoir B,0.1
ia,E402 + E600,E402,Détecteur infrarouge plafond (Di),2508,3011,0.4405,0.7486,2508,3011,appariée,IA:E402:40,H:E402:82,Détecteur occupation Di,0.1
ia,E402 + E600,E402,Détecteur infrarouge plafond (Di),2929,3062,0.5144,0.7613,2929,3062,appariée,IA:E402:41,H:E402:83,Détecteur occupation Di,0.1
ia,E402 + E600,E402,Détecteur infrarouge plafond (Di),3227,2991,0.5667,0.7437,3227,2991,appariée,IA:E402:42,H:E402:84,Détecteur occupation Di,0.1
ia,E402 + E600,E402,Détecteur infrarouge plafond (Di),3227,2584,0.5667,0.6425,3227,2584,appariée,IA:E402:43,H:E402:85,Détecteur occupation Di,0.1
ia,E402 + E600,E402,Détecteur infrarouge plafond (Di),3191,2212,0.5604,0.5500,3191,2212,appariée,IA:E402:44,H:E402:86,Détecteur occupation Di,0.1
ia,E402 + E600,E402,Détecteur infrarouge plafond (Di),2833,2307,0.4975,0.5736,2833,2307,appariée,IA:E402:45,H:E402:87,Détecteur occupation Di,0.1
ia,E402 + E600,E402,Détecteur infrarouge plafond (Di),2511,2326,0.4410,0.5783,2511,2326,appariée,IA:E402:46,H:E402:88,Détecteur occupation Di,0.1
ia,E402 + E600,E402,Détecteur infrarouge plafond (Di),2514,2659,0.4415,0.6611,2514,2659,appariée,IA:E402:47,H:E402:89,Détecteur occupation Di,0.1
ia,E402 + E600,E402,Détecteur infrarouge plafond (Di),1784,1935,0.3133,0.4811,1784,1935,appariée,IA:E402:48,H:E402:90,Détecteur occupation Di,0.1
ia,E402 + E600,E402,Détecteur infrarouge plafond (Di),1680,2081,0.2950,0.5174,1680,2081,appariée,IA:E402:49,H:E402:91,Détecteur occupation Di,0.1
ia,E402 + E600,E402,Détecteur infrarouge plafond (Di),1680,1998,0.2950,0.4968,1680,1998,appariée,IA:E402:50,H:E402:92,Détecteur occupation Di,0.1
ia,E402 + E600,E402,Détecteur infrarouge plafond (Di),1680,1929,0.2950,0.4796,1680,1929,appariée,IA:E402:51,H:E402:93,Détecteur occupation Di,0.1
ia,E402 + E600,E402,Détecteur infrarouge plafond (Di),1680,2159,0.2950,0.5368,1680,2159,appariée,IA:E402:52,H:E402:94,Détecteur occupation Di,0.1
ia,E402 + E600,E402,Détecteur infrarouge plafond (Di),1682,2237,0.2954,0.5562,1682,2237,appariée,IA:E402:53,H:E402:95,Détecteur occupation Di,0.1
ia,E402 + E600,E402,Détecteur infrarouge plafond (Di),1680,2319,0.2950,0.5766,1680,2319,appariée,IA:E402:54,H:E402:96,Détecteur occupation Di,0.1
ia,E402 + E600,E402,Détecteur infrarouge plafond (Di),1829,2190,0.3212,0.5445,1829,2190,appariée,IA:E402:55,H:E402:97,Détecteur occupation Di,0.1
ia,E402 + E600,E402,Détecteur inoccupation mural (Do),2595,2952,0.4557,0.7340,2595,2952,appariée,IA:E402:56,H:E402:75,Détecteur inoccupation Do,0.1
ia,E402 + E600,E402,Détecteur inoccupation mural (Do),2404,2908,0.4222,0.7230,2404,2908,appariée,IA:E402:57,H:E402:78,Détecteur inoccupation Do,0.1
ia,E402 + E600,E402,Détecteur inoccupation mural (Do),2428,2794,0.4264,0.6947,2428,2794,appariée,IA:E402:58,H:E402:79,Détecteur inoccupation Do,0.1
ia,E402 + E600,E402,Détecteur inoccupation mural (Do),1540,1719,0.2705,0.4274,1540,1719,appariée,IA:E402:59,H:E402:80,Détecteur inoccupation Do,0.1
ia,E402 + E600,E402,Détecteur inoccupation mural (Do),1649,1714,0.2896,0.4262,1649,1714,appariée,IA:E402:60,H:E402:81,Détecteur inoccupation Do,0.1
ia,E402 + E600,E402,Détecteur inoccupation plafond (Do),999,2125,0.1754,0.5283,999,2125,appariée,IA:E402:61,H:E402:40,Détecteur inoccupation Do,0.2
ia,E402 + E600,E402,Détecteur inoccupation plafond (Do),1283,2125,0.2253,0.5283,1283,2125,appariée,IA:E402:62,H:E402:41,Détecteur inoccupation Do,0.2
ia,E402 + E600,E402,Détecteur inoccupation plafond (Do),1547,2115,0.2717,0.5259,1547,2115,appariée,IA:E402:63,H:E402:42,Détecteur inoccupation Do,0.1
ia,E402 + E600,E402,Détecteur inoccupation plafond (Do),1121,1910,0.1969,0.4749,1121,1910,appariée,IA:E402:64,H:E402:43,Détecteur inoccupation Do,0.2
ia,E402 + E600,E402,Détecteur inoccupation plafond (Do),1100,2632,0.1932,0.6544,1100,2632,appariée,IA:E402:65,H:E402:44,Détecteur inoccupation Do,0.2
ia,E402 + E600,E402,Détecteur inoccupation plafond (Do),1479,2632,0.2597,0.6544,1479,2632,appariée,IA:E402:66,H:E402:45,Détecteur inoccupation Do,0.2
ia,E402 + E600,E402,Détecteur inoccupation plafond (Do),1838,2632,0.3228,0.6544,1838,2632,appariée,IA:E402:67,H:E402:46,Détecteur inoccupation Do,0.1
ia,E402 + E600,E402,Détecteur inoccupation plafond (Do),1323,3086,0.2323,0.7673,1323,3086,appariée,IA:E402:68,H:E402:47,Détecteur inoccupation Do,0.2
ia,E402 + E600,E402,Détecteur inoccupation plafond (Do),1906,3086,0.3347,0.7673,1906,3086,appariée,IA:E402:69,H:E402:48,Détecteur inoccupation Do,0.1
ia,E402 + E600,E402,Détecteur inoccupation plafond (Do),1601,3086,0.2812,0.7673,1601,3086,appariée,IA:E402:70,H:E402:49,Détecteur inoccupation Do,0.1
ia,E402 + E600,E402,Détecteur inoccupation plafond (Do),998,3056,0.1753,0.7598,998,3056,appariée,IA:E402:71,H:E402:50,Détecteur inoccupation Do,0.2
ia,E402 + E600,E402,Détecteur inoccupation plafond (Do),996,3317,0.1749,0.8247,996,3317,appariée,IA:E402:72,H:E402:51,Détecteur inoccupation Do,0.2
ia,E402 + E600,E402,Détecteur inoccupation plafond (Do),1298,3365,0.2280,0.8366,1298,3365,appariée,IA:E402:73,H:E402:52,Détecteur inoccupation Do,0.2
ia,E402 + E600,E402,Détecteur inoccupation plafond (Do),1711,3377,0.3005,0.8396,1711,3377,appariée,IA:E402:74,H:E402:53,Détecteur inoccupation Do,0.1
ia,E402 + E600,E402,Détecteur inoccupation plafond (Do),1980,3322,0.3477,0.8260,1980,3322,appariée,IA:E402:75,H:E402:54,Détecteur inoccupation Do,0.1
ia,E402 + E600,E402,Détecteur inoccupation plafond (Do),2424,3280,0.4257,0.8155,2424,3280,appariée,IA:E402:76,H:E402:55,Détecteur inoccupation Do,0.1
ia,E402 + E600,E402,Détecteur inoccupation plafond (Do),2603,3281,0.4571,0.8158,2603,3281,appariée,IA:E402:77,H:E402:56,Détecteur inoccupation Do,0.1
ia,E402 + E600,E402,Détecteur inoccupation plafond (Do),2786,3372,0.4893,0.8384,2786,3372,appariée,IA:E402:78,H:E402:57,Détecteur inoccupation Do,0.1
ia,E402 + E600,E402,Détecteur inoccupation plafond (Do),2971,3374,0.5218,0.8389,2971,3374,appariée,IA:E402:79,H:E402:58,Détecteur inoccupation Do,0.1
ia,E402 + E600,E402,Détecteur inoccupation plafond (Do),3154,3372,0.5539,0.8384,3154,3372,appariée,IA:E402:80,H:E402:59,Détecteur inoccupation Do,0.1
ia,E402 + E600,E402,Détecteur inoccupation plafond (Do),3401,3359,0.5973,0.8352,3401,3359,appariée,IA:E402:81,H:E402:60,Détecteur inoccupation Do,0.1
ia,E402 + E600,E402,Détecteur inoccupation plafond (Do),3412,3133,0.5992,0.7790,3412,3133,appariée,IA:E402:82,H:E402:61,Détecteur inoccupation Do,0.1
ia,E402 + E600,E402,Détecteur inoccupation plafond (Do),3400,2907,0.5971,0.7228,3400,2907,appariée,IA:E402:83,H:E402:62,Détecteur inoccupation Do,0.1
ia,E402 + E600,E402,Détecteur inoccupation plafond (Do),3397,2712,0.5966,0.6743,3397,2712,appariée,IA:E402:84,H:E402:63,Détecteur inoccupation Do,0.1
ia,E402 + E600,E402,Détecteur inoccupation plafond (Do),3404,2520,0.5978,0.6266,3404,2520,appariée,IA:E402:85,H:E402:64,Détecteur inoccupation Do,0.1
ia,E402 + E600,E402,Détecteur inoccupation plafond (Do),2312,1743,0.4060,0.4334,2312,1743,appariée,IA:E402:86,H:E402:65,Détecteur inoccupation Do,0.1
ia,E402 + E600,E402,Détecteur inoccupation plafond (Do),2691,1743,0.4726,0.4334,2691,1743,appariée,IA:E402:87,H:E402:66,Détecteur inoccupation Do,0.1
ia,E402 + E600,E402,Détecteur inoccupation plafond (Do),3397,2331,0.5966,0.5796,3397,2331,appariée,IA:E402:88,H:E402:67,Détecteur inoccupation Do,0.1
ia,E402 + E600,E402,Détecteur inoccupation plafond (Do),3442,2036,0.6045,0.5062,3442,2036,appariée,IA:E402:89,H:E402:68,Détecteur inoccupation Do,0.1
ia,E402 + E600,E402,Détecteur inoccupation plafond (Do),3193,1999,0.5608,0.4970,3193,1999,appariée,IA:E402:90,H:E402:69,Détecteur inoccupation Do,0.0
ia,E402 + E600,E402,Détecteur inoccupation plafond (Do),2991,2029,0.5253,0.5045,2991,2029,appariée,IA:E402:91,H:E402:70,Détecteur inoccupation Do,0.0
ia,E402 + E600,E402,Détecteur inoccupation plafond (Do),2807,2033,0.4930,0.5055,2807,2033,appariée,IA:E402:92,H:E402:71,Détecteur inoccupation Do,0.1
ia,E402 + E600,E402,Détecteur inoccupation plafond (Do),2359,2237,0.4143,0.5562,2359,2237,appariée,IA:E402:93,H:E402:72,Détecteur inoccupation Do,0.1
ia,E402 + E600,E402,Détecteur inoccupation plafond (Do),2354,2537,0.4134,0.6308,2354,2537,appariée,IA:E402:94,H:E402:73,Détecteur inoccupation Do,0.1
ia,E402 + E600,E402,Détecteur inoccupation plafond (Do),2959,2856,0.5197,0.7101,2959,2856,appariée,IA:E402:95,H:E402:74,Détecteur inoccupation Do,0.1
ia,E402 + E600,E402,Détecteur inoccupation plafond (Do),2759,2516,0.4845,0.6256,2759,2516,appariée,IA:E402:96,H:E402:76,Détecteur inoccupation Do,0.1
ia,E402 + E600,E402,Détecteur inoccupation plafond (Do),2975,2516,0.5225,0.6256,2975,2516,appariée,IA:E402:97,H:E402:77,Détecteur inoccupation Do,0.1
ia,E402 + E600,E402,Enseigne issue 1 face murale (flèche),1912,2041,0.3358,0.5075,1912,2041,appariée,IA:E402:98,H:E402:100,Enseigne de sortie,0.1
ia,E402 + E600,E402,Enseigne issue 1 face murale (flèche),2473,2256,0.4343,0.5609,2473,2256,appariée,IA:E402:99,H:E402:101,Enseigne de sortie,10.1
ia,E402 + E600,E402,Enseigne issue 1 face murale (flèche),2473,2304,0.4343,0.5728,2473,2304,appariée,IA:E402:100,H:E402:102,Enseigne de sortie,11.9
ia,E402 + E600,E402,Enseigne issue 1 face murale tout droit,1413,1793,0.2482,0.4458,1413,1793,appariée,IA:E402:101,H:E402:98,Enseigne de sortie,0.1
ia,E402 + E600,E402,Enseigne issue 1 face murale tout droit,2218,3032,0.3895,0.7539,2218,3032,appariée,IA:E402:102,H:E402:105,Enseigne de sortie,3.6
ia,E402 + E600,E402,Enseigne issue 1 face plafond (flèche),3221,2290,0.5657,0.5694,3221,2290,appariée,IA:E402:103,H:E402:103,Enseigne de sortie,4.9
ia,E402 + E600,E402,Enseigne issue 1 face plafond (flèche),3228,3082,0.5669,0.7663,3228,3082,appariée,IA:E402:104,H:E402:106,Enseigne de sortie,3.7
ia,E402 + E600,E402,Enseigne issue 1 face plafond tout droit,1879,1833,0.3300,0.4557,1879,1833,appariée,IA:E402:105,H:E402:99,Enseigne de sortie,0.1
ia,E402 + E600,E402,Enseigne issue 1 face plafond tout droit,2516,2942,0.4419,0.7315,2516,2942,appariée,IA:E402:106,H:E402:104,Enseigne de sortie,2.1
ia,E402 + E600,E402,Interrupteur unipolaire,2359,1917,0.4143,0.4766,2359,1917,appariée,IA:E402:107,H:E402:107,Interrupteur,13.9
ia,E402 + E600,E402,Luminaire DR2,1472,1694,0.2585,0.4212,1472,1694,appariée,IA:E402:108,H:E402:108,Luminaire DR2,0.1
ia,E402 + E600,E402,Luminaire DR5,2677,2899,0.4701,0.7208,2677,2899,appariée,IA:E402:109,H:E402:109,Luminaire DR5,0.1
ia,E402 + E600,E402,Luminaire DR5,2332,2792,0.4096,0.6942,2332,2792,appariée,IA:E402:110,H:E402:110,Luminaire DR5,0.1
ia,E402 + E600,E402,Luminaire DR5,1661,1643,0.2917,0.4085,1661,1643,appariée,IA:E402:111,H:E402:111,Luminaire DR5,0.1
ia,E402 + E600,E402,Luminaire DR51,1182,1696,0.2076,0.4217,1182,1696,appariée,IA:E402:112,H:E402:112,Luminaire DR51,0.2
ia,E402 + E600,E402,Luminaire DR51,2154,3448,0.3783,0.8573,2154,3448,appariée,IA:E402:113,H:E402:113,Luminaire DR51,0.1
ia,E402 + E600,E402,Luminaire DR51,1097,1856,0.1927,0.4615,1097,1856,appariée,IA:E402:114,H:E402:114,Luminaire DR51,0.2
ia,E402 + E600,E402,Luminaire DR51,1024,2035,0.1798,0.5060,1024,2035,appariée,IA:E402:115,H:E402:115,Luminaire DR51,0.2
ia,E402 + E600,E402,Luminaire DR51,1207,2035,0.2120,0.5060,1207,2035,appariée,IA:E402:116,H:E402:116,Luminaire DR51,0.2
ia,E402 + E600,E402,Luminaire DR51,1024,2260,0.1798,0.5619,1024,2260,appariée,IA:E402:117,H:E402:117,Luminaire DR51,0.2
ia,E402 + E600,E402,Luminaire DR51,1207,2260,0.2120,0.5619,1207,2260,appariée,IA:E402:118,H:E402:118,Luminaire DR51,0.2
ia,E402 + E600,E402,Luminaire DR51,1390,2035,0.2441,0.5060,1390,2035,appariée,IA:E402:119,H:E402:119,Luminaire DR51,0.2
ia,E402 + E600,E402,Luminaire DR51,1383,2260,0.2429,0.5619,1383,2260,appariée,IA:E402:120,H:E402:120,Luminaire DR51,0.2
ia,E402 + E600,E402,Luminaire DR51,1572,2260,0.2761,0.5619,1572,2260,appariée,IA:E402:121,H:E402:121,Luminaire DR51,0.1
ia,E402 + E600,E402,Luminaire DR51,1572,2035,0.2761,0.5060,1572,2035,appariée,IA:E402:122,H:E402:122,Luminaire DR51,0.1
ia,E402 + E600,E402,Luminaire DR51,1029,2521,0.1807,0.6268,1029,2521,appariée,IA:E402:123,H:E402:123,Luminaire DR51,0.2
ia,E402 + E600,E402,Luminaire DR51,1220,2521,0.2143,0.6268,1220,2521,appariée,IA:E402:124,H:E402:124,Luminaire DR51,0.2
ia,E402 + E600,E402,Luminaire DR51,1411,2521,0.2478,0.6268,1411,2521,appariée,IA:E402:125,H:E402:125,Luminaire DR51,0.2
ia,E402 + E600,E402,Luminaire DR51,1602,2521,0.2813,0.6268,1602,2521,appariée,IA:E402:126,H:E402:126,Luminaire DR51,0.1
ia,E402 + E600,E402,Luminaire DR51,1793,2521,0.3149,0.6268,1793,2521,appariée,IA:E402:127,H:E402:127,Luminaire DR51,0.1
ia,E402 + E600,E402,Luminaire DR51,1965,2565,0.3451,0.6377,1965,2565,appariée,IA:E402:128,H:E402:128,Luminaire DR51,0.1
ia,E402 + E600,E402,Luminaire DR51,1029,2795,0.1807,0.6949,1029,2795,appariée,IA:E402:129,H:E402:129,Luminaire DR51,0.2
ia,E402 + E600,E402,Luminaire DR51,1220,2795,0.2143,0.6949,1220,2795,appariée,IA:E402:130,H:E402:130,Luminaire DR51,0.2
ia,E402 + E600,E402,Luminaire DR51,1411,2795,0.2478,0.6949,1411,2795,appariée,IA:E402:131,H:E402:131,Luminaire DR51,0.2
ia,E402 + E600,E402,Luminaire DR51,1602,2795,0.2813,0.6949,1602,2795,appariée,IA:E402:132,H:E402:132,Luminaire DR51,0.1
ia,E402 + E600,E402,Luminaire DR51,1793,2795,0.3149,0.6949,1793,2795,appariée,IA:E402:133,H:E402:133,Luminaire DR51,0.1
ia,E402 + E600,E402,Luminaire DR51,1984,2795,0.3484,0.6949,1984,2795,appariée,IA:E402:134,H:E402:134,Luminaire DR51,0.1
ia,E402 + E600,E402,Luminaire DR51,1253,3184,0.2201,0.7916,1253,3184,appariée,IA:E402:135,H:E402:135,Luminaire DR51,0.2
ia,E402 + E600,E402,Luminaire DR51,1253,3031,0.2201,0.7536,1253,3031,appariée,IA:E402:136,H:E402:136,Luminaire DR51,0.2
ia,E402 + E600,E402,Luminaire DR51,1478,3031,0.2596,0.7536,1478,3031,appariée,IA:E402:137,H:E402:137,Luminaire DR51,0.2
ia,E402 + E600,E402,Luminaire DR51,1478,3184,0.2596,0.7916,1478,3184,appariée,IA:E402:138,H:E402:138,Luminaire DR51,0.2
ia,E402 + E600,E402,Luminaire DR51,1704,3184,0.2993,0.7916,1704,3184,appariée,IA:E402:139,H:E402:139,Luminaire DR51,0.1
ia,E402 + E600,E402,Luminaire DR51,1704,3031,0.2993,0.7536,1704,3031,appariée,IA:E402:140,H:E402:140,Luminaire DR51,0.1
ia,E402 + E600,E402,Luminaire DR51,1929,3031,0.3388,0.7536,1929,3031,appariée,IA:E402:141,H:E402:141,Luminaire DR51,0.1
ia,E402 + E600,E402,Luminaire DR51,1929,3184,0.3388,0.7916,1929,3184,appariée,IA:E402:142,H:E402:142,Luminaire DR51,0.1
ia,E402 + E600,E402,Luminaire DR52 service continu,1392,1736,0.2445,0.4316,1392,1736,appariée,IA:E402:143,H:E402:143,Luminaire DR52,0.1
ia,E402 + E600,E402,Luminaire DR52 service continu,2157,3179,0.3788,0.7904,2157,3179,appariée,IA:E402:144,H:E402:144,Luminaire DR52,0.1
ia,E402 + E600,E402,Luminaire DS0,1111,3145,0.1951,0.7819,1111,3145,appariée,IA:E402:145,H:E402:145,Luminaire DS0,0.2
ia,E402 + E600,E402,Luminaire DS0,951,3145,0.1670,0.7819,951,3145,appariée,IA:E402:146,H:E402:146,Luminaire DS0,0.2
ia,E402 + E600,E402,Luminaire DS0,951,3000,0.1670,0.7459,951,3000,appariée,IA:E402:147,H:E402:147,Luminaire DS0,0.2
ia,E402 + E600,E402,Luminaire DS0,1111,3000,0.1951,0.7459,1111,3000,appariée,IA:E402:148,H:E402:148,Luminaire DS0,0.2
ia,E402 + E600,E402,Luminaire DS0,950,3246,0.1668,0.8071,950,3246,appariée,IA:E402:149,H:E402:149,Luminaire DS0,0.2
ia,E402 + E600,E402,Luminaire DS0,950,3438,0.1668,0.8548,950,3438,appariée,IA:E402:150,H:E402:150,Luminaire DS0,0.2
ia,E402 + E600,E402,Luminaire DS0,1111,3246,0.1951,0.8071,1111,3246,appariée,IA:E402:151,H:E402:151,Luminaire DS0,0.2
ia,E402 + E600,E402,Luminaire DS0,1111,3438,0.1951,0.8548,1111,3438,appariée,IA:E402:152,H:E402:152,Luminaire DS0,0.2
ia,E402 + E600,E402,Luminaire DS0,1609,3336,0.2826,0.8294,1609,3336,appariée,IA:E402:153,H:E402:153,Luminaire DS0,0.2
ia,E402 + E600,E402,Luminaire DS0,1609,3433,0.2826,0.8536,1609,3433,appariée,IA:E402:154,H:E402:154,Luminaire DS0,0.2
ia,E402 + E600,E402,Luminaire DS0,1712,3336,0.3007,0.8294,1712,3336,appariée,IA:E402:155,H:E402:155,Luminaire DS0,0.1
ia,E402 + E600,E402,Luminaire DS0,1712,3433,0.3007,0.8536,1712,3433,appariée,IA:E402:156,H:E402:156,Luminaire DS0,0.1
ia,E402 + E600,E402,Luminaire DS0,1815,3336,0.3188,0.8294,1815,3336,appariée,IA:E402:157,H:E402:157,Luminaire DS0,0.1
ia,E402 + E600,E402,Luminaire DS0,1815,3433,0.3188,0.8536,1815,3433,appariée,IA:E402:158,H:E402:158,Luminaire DS0,0.1
ia,E402 + E600,E402,Luminaire DS0,1907,3448,0.3349,0.8573,1907,3448,appariée,IA:E402:159,H:E402:159,Luminaire DS0,0.1
ia,E402 + E600,E402,Luminaire DS0,1907,3319,0.3349,0.8252,1907,3319,appariée,IA:E402:160,H:E402:160,Luminaire DS0,0.1
ia,E402 + E600,E402,Luminaire DS0,2033,3319,0.3570,0.8252,2033,3319,appariée,IA:E402:161,H:E402:161,Luminaire DS0,0.1
ia,E402 + E600,E402,Luminaire DS0,2033,3448,0.3570,0.8573,2033,3448,appariée,IA:E402:162,H:E402:162,Luminaire DS0,0.1
ia,E402 + E600,E402,Luminaire DS0,2311,3236,0.4059,0.8046,2311,3236,appariée,IA:E402:163,H:E402:163,Luminaire DS0,0.1
ia,E402 + E600,E402,Luminaire DS0,2484,3205,0.4362,0.7969,2484,3205,appariée,IA:E402:164,H:E402:164,Luminaire DS0,0.1
ia,E402 + E600,E402,Luminaire DS0,2311,3432,0.4059,0.8533,2311,3432,appariée,IA:E402:165,H:E402:165,Luminaire DS0,0.1
ia,E402 + E600,E402,Luminaire DS0,2466,3432,0.4331,0.8533,2466,3432,appariée,IA:E402:166,H:E402:166,Luminaire DS0,0.1
ia,E402 + E600,E402,Luminaire DS0,2545,3431,0.4470,0.8531,2545,3431,appariée,IA:E402:167,H:E402:167,Luminaire DS0,0.1
ia,E402 + E600,E402,Luminaire DS0,2660,3431,0.4672,0.8531,2660,3431,appariée,IA:E402:168,H:E402:168,Luminaire DS0,0.1
ia,E402 + E600,E402,Luminaire DS0,2545,3235,0.4470,0.8043,2545,3235,appariée,IA:E402:169,H:E402:169,Luminaire DS0,0.1
ia,E402 + E600,E402,Luminaire DS0,2677,3217,0.4701,0.7999,2677,3217,appariée,IA:E402:170,H:E402:170,Luminaire DS0,0.1
ia,E402 + E600,E402,Luminaire DS0,2729,3431,0.4793,0.8531,2729,3431,appariée,IA:E402:171,H:E402:171,Luminaire DS0,0.1
ia,E402 + E600,E402,Luminaire DS0,2845,3431,0.4996,0.8531,2845,3431,appariée,IA:E402:172,H:E402:172,Luminaire DS0,0.1
ia,E402 + E600,E402,Luminaire DS0,2729,3234,0.4793,0.8041,2729,3234,appariée,IA:E402:173,H:E402:173,Luminaire DS0,0.1
ia,E402 + E600,E402,Luminaire DS0,2861,3206,0.5025,0.7971,2861,3206,appariée,IA:E402:174,H:E402:174,Luminaire DS0,0.1
ia,E402 + E600,E402,Luminaire DS0,2915,3431,0.5119,0.8531,2915,3431,appariée,IA:E402:175,H:E402:175,Luminaire DS0,0.1
ia,E402 + E600,E402,Luminaire DS0,3026,3430,0.5314,0.8528,3026,3430,appariée,IA:E402:176,H:E402:176,Luminaire DS0,0.1
ia,E402 + E600,E402,Luminaire DS0,2915,3235,0.5119,0.8043,2915,3235,appariée,IA:E402:177,H:E402:177,Luminaire DS0,0.1
ia,E402 + E600,E402,Luminaire DS0,3046,3206,0.5349,0.7971,3046,3206,appariée,IA:E402:178,H:E402:178,Luminaire DS0,0.1
ia,E402 + E600,E402,Luminaire DS0,3098,3430,0.5441,0.8528,3098,3430,appariée,IA:E402:179,H:E402:179,Luminaire DS0,0.1
ia,E402 + E600,E402,Luminaire DS0,3213,3430,0.5643,0.8528,3213,3430,appariée,IA:E402:180,H:E402:180,Luminaire DS0,0.1
ia,E402 + E600,E402,Luminaire DS0,3098,3233,0.5441,0.8038,3098,3233,appariée,IA:E402:181,H:E402:181,Luminaire DS0,0.1
ia,E402 + E600,E402,Luminaire DS0,3230,3206,0.5673,0.7971,3230,3206,appariée,IA:E402:182,H:E402:182,Luminaire DS0,0.1
ia,E402 + E600,E402,Luminaire DS0,3301,3313,0.5797,0.8237,3301,3313,appariée,IA:E402:183,H:E402:183,Luminaire DS0,0.1
ia,E402 + E600,E402,Luminaire DS0,3404,3313,0.5978,0.8237,3404,3313,appariée,IA:E402:184,H:E402:184,Luminaire DS0,0.1
ia,E402 + E600,E402,Luminaire DS0,3507,3313,0.6159,0.8237,3507,3313,appariée,IA:E402:185,H:E402:185,Luminaire DS0,0.1
ia,E402 + E600,E402,Luminaire DS0,3301,3423,0.5797,0.8511,3301,3423,appariée,IA:E402:186,H:E402:186,Luminaire DS0,0.1
ia,E402 + E600,E402,Luminaire DS0,3404,3423,0.5978,0.8511,3404,3423,appariée,IA:E402:187,H:E402:187,Luminaire DS0,0.1
ia,E402 + E600,E402,Luminaire DS0,3507,3423,0.6159,0.8511,3507,3423,appariée,IA:E402:188,H:E402:188,Luminaire DS0,0.1
ia,E402 + E600,E402,Luminaire DS0,3369,3216,0.5917,0.7996,3369,3216,appariée,IA:E402:189,H:E402:189,Luminaire DS0,0.1
ia,E402 + E600,E402,Luminaire DS0,3369,3071,0.5917,0.7636,3369,3071,appariée,IA:E402:190,H:E402:190,Luminaire DS0,0.1
ia,E402 + E600,E402,Luminaire DS0,3519,3067,0.6180,0.7626,3519,3067,appariée,IA:E402:191,H:E402:191,Luminaire DS0,0.1
ia,E402 + E600,E402,Luminaire DS0,3519,3213,0.6180,0.7989,3519,3213,appariée,IA:E402:192,H:E402:192,Luminaire DS0,0.1
ia,E402 + E600,E402,Luminaire DS0,3340,2865,0.5866,0.7123,3340,2865,appariée,IA:E402:193,H:E402:193,Luminaire DS0,0.1
ia,E402 + E600,E402,Luminaire DS0,3514,2865,0.6171,0.7123,3514,2865,appariée,IA:E402:194,H:E402:194,Luminaire DS0,0.1
ia,E402 + E600,E402,Luminaire DS0,3514,2989,0.6171,0.7432,3514,2989,appariée,IA:E402:195,H:E402:195,Luminaire DS0,0.1
ia,E402 + E600,E402,Luminaire DS0,3356,2956,0.5894,0.7350,3356,2956,appariée,IA:E402:196,H:E402:196,Luminaire DS0,0.1
ia,E402 + E600,E402,Luminaire DS0,3345,2671,0.5875,0.6641,3345,2671,appariée,IA:E402:197,H:E402:197,Luminaire DS0,0.1
ia,E402 + E600,E402,Luminaire DS0,3335,2750,0.5857,0.6837,3335,2750,appariée,IA:E402:198,H:E402:198,Luminaire DS0,0.1
ia,E402 + E600,E402,Luminaire DS0,3519,2669,0.6180,0.6636,3519,2669,appariée,IA:E402:199,H:E402:199,Luminaire DS0,0.1
ia,E402 + E600,E402,Luminaire DS0,3514,2792,0.6171,0.6942,3514,2792,appariée,IA:E402:200,H:E402:200,Luminaire DS0,0.1
ia,E402 + E600,E402,Luminaire DS0,3340,2472,0.5866,0.6146,3340,2472,appariée,IA:E402:201,H:E402:201,Luminaire DS0,0.1
ia,E402 + E600,E402,Luminaire DS0,3359,2564,0.5899,0.6375,3359,2564,appariée,IA:E402:202,H:E402:202,Luminaire DS0,0.1
ia,E402 + E600,E402,Luminaire DS0,3514,2597,0.6171,0.6457,3514,2597,appariée,IA:E402:203,H:E402:203,Luminaire DS0,0.1
ia,E402 + E600,E402,Luminaire DS0,3514,2472,0.6171,0.6146,3514,2472,appariée,IA:E402:204,H:E402:204,Luminaire DS0,0.1
ia,E402 + E600,E402,Luminaire DS0,3343,2279,0.5871,0.5666,3343,2279,appariée,IA:E402:205,H:E402:205,Luminaire DS0,0.1
ia,E402 + E600,E402,Luminaire DS0,3514,2280,0.6171,0.5669,3514,2280,appariée,IA:E402:206,H:E402:206,Luminaire DS0,0.1
ia,E402 + E600,E402,Luminaire DS0,3343,2407,0.5871,0.5985,3343,2407,appariée,IA:E402:207,H:E402:207,Luminaire DS0,0.1
ia,E402 + E600,E402,Luminaire DS0,3514,2404,0.6171,0.5977,3514,2404,appariée,IA:E402:208,H:E402:208,Luminaire DS0,0.1
ia,E402 + E600,E402,Luminaire DS0,3356,1982,0.5894,0.4928,3356,1982,appariée,IA:E402:209,H:E402:209,Luminaire DS0,0.0
ia,E402 + E600,E402,Luminaire DS0,3376,2160,0.5929,0.5370,3376,2160,appariée,IA:E402:210,H:E402:210,Luminaire DS0,0.1
ia,E402 + E600,E402,Luminaire DS0,3517,2188,0.6177,0.5440,3517,2188,appariée,IA:E402:211,H:E402:211,Luminaire DS0,0.1
ia,E402 + E600,E402,Luminaire DS0,3517,1982,0.6177,0.4928,3517,1982,appariée,IA:E402:212,H:E402:212,Luminaire DS0,0.1
ia,E402 + E600,E402,Luminaire DS0,3126,1967,0.5490,0.4891,3126,1967,appariée,IA:E402:213,H:E402:213,Luminaire DS0,0.0
ia,E402 + E600,E402,Luminaire DS0,3127,2125,0.5492,0.5283,3127,2125,appariée,IA:E402:214,H:E402:214,Luminaire DS0,0.0
ia,E402 + E600,E402,Luminaire DS0,3267,2119,0.5738,0.5269,3267,2119,appariée,IA:E402:215,H:E402:215,Luminaire DS0,0.0
ia,E402 + E600,E402,Luminaire DS0,3270,1967,0.5743,0.4891,3270,1967,appariée,IA:E402:216,H:E402:216,Luminaire DS0,0.0
ia,E402 + E600,E402,Luminaire DS0,2933,1976,0.5151,0.4913,2933,1976,appariée,IA:E402:217,H:E402:217,Luminaire DS0,0.0
ia,E402 + E600,E402,Luminaire DS0,3050,1976,0.5357,0.4913,3050,1976,appariée,IA:E402:218,H:E402:218,Luminaire DS0,0.0
ia,E402 + E600,E402,Luminaire DS0,2929,2172,0.5144,0.5400,2929,2172,appariée,IA:E402:219,H:E402:219,Luminaire DS0,0.1
ia,E402 + E600,E402,Luminaire DS0,3050,2171,0.5357,0.5398,3050,2171,appariée,IA:E402:220,H:E402:220,Luminaire DS0,0.1
ia,E402 + E600,E402,Luminaire DS0,2731,1978,0.4796,0.4918,2731,1978,appariée,IA:E402:221,H:E402:221,Luminaire DS0,0.1
ia,E402 + E600,E402,Luminaire DS0,2731,2169,0.4796,0.5393,2731,2169,appariée,IA:E402:222,H:E402:222,Luminaire DS0,0.1
ia,E402 + E600,E402,Luminaire DS0,2855,2172,0.5014,0.5400,2855,2172,appariée,IA:E402:223,H:E402:223,Luminaire DS0,0.1
ia,E402 + E600,E402,Luminaire DS0,2855,1978,0.5014,0.4918,2855,1978,appariée,IA:E402:224,H:E402:224,Luminaire DS0,0.1
ia,E402 + E600,E402,Luminaire DS0,2502,1659,0.4394,0.4125,2502,1659,appariée,IA:E402:225,H:E402:225,Luminaire DS0,0.1
ia,E402 + E600,E402,Luminaire DS0,2656,1659,0.4665,0.4125,2656,1659,appariée,IA:E402:226,H:E402:226,Luminaire DS0,0.1
ia,E402 + E600,E402,Luminaire DS0,2501,1866,0.4392,0.4639,2501,1866,appariée,IA:E402:227,H:E402:227,Luminaire DS0,0.1
ia,E402 + E600,E402,Luminaire DS0,2655,1866,0.4663,0.4639,2655,1866,appariée,IA:E402:228,H:E402:228,Luminaire DS0,0.1
ia,E402 + E600,E402,Luminaire DS0,2303,2374,0.4045,0.5903,2303,2374,appariée,IA:E402:229,H:E402:229,Luminaire DS0,0.1
ia,E402 + E600,E402,Luminaire DS0,2303,2176,0.4045,0.5410,2303,2176,appariée,IA:E402:230,H:E402:230,Luminaire DS0,0.1
ia,E402 + E600,E402,Luminaire DS0,2415,2176,0.4241,0.5410,2415,2176,appariée,IA:E402:231,H:E402:231,Luminaire DS0,0.1
ia,E402 + E600,E402,Luminaire DS0,2415,2374,0.4241,0.5903,2415,2374,appariée,IA:E402:232,H:E402:232,Luminaire DS0,0.1
ia,E402 + E600,E402,Luminaire DS0,2299,2484,0.4038,0.6176,2299,2484,appariée,IA:E402:233,H:E402:233,Luminaire DS0,0.1
ia,E402 + E600,E402,Luminaire DS0,2412,2484,0.4236,0.6176,2412,2484,appariée,IA:E402:234,H:E402:234,Luminaire DS0,0.1
ia,E402 + E600,E402,Luminaire DS0,2300,2681,0.4039,0.6666,2300,2681,appariée,IA:E402:235,H:E402:235,Luminaire DS0,0.1
ia,E402 + E600,E402,Luminaire DS0,2413,2681,0.4238,0.6666,2413,2681,appariée,IA:E402:236,H:E402:236,Luminaire DS0,0.1
ia,E402 + E600,E402,Luminaire DS0,2346,1659,0.4120,0.4125,2346,1659,appariée,IA:E402:237,H:E402:237,Luminaire DS0,0.1
ia,E402 + E600,E402,Luminaire DS0,2372,1846,0.4166,0.4590,2372,1846,appariée,IA:E402:238,H:E402:238,Luminaire DS0,0.1
ia,E402 + E600,E402,Luminaire DS0,1732,1950,0.3042,0.4848,1732,1950,appariée,IA:E402:239,H:E402:239,Luminaire DS0,0.1
ia,E402 + E600,E402,Luminaire DS0,1733,2020,0.3044,0.5022,1733,2020,appariée,IA:E402:240,H:E402:240,Luminaire DS0,0.1
ia,E402 + E600,E402,Luminaire DS0,1733,2103,0.3044,0.5229,1733,2103,appariée,IA:E402:241,H:E402:241,Luminaire DS0,0.1
ia,E402 + E600,E402,Luminaire DS0,1734,2181,0.3045,0.5423,1734,2181,appariée,IA:E402:242,H:E402:242,Luminaire DS0,0.1
ia,E402 + E600,E402,Luminaire DS0,1734,2259,0.3045,0.5617,1734,2259,appariée,IA:E402:243,H:E402:243,Luminaire DS0,0.1
ia,E402 + E600,E402,Luminaire DS0,1733,2337,0.3044,0.5811,1733,2337,appariée,IA:E402:244,H:E402:244,Luminaire DS0,0.1
ia,E402 + E600,E402,Luminaire DS1,1050,3080,0.1844,0.7658,1050,3080,appariée,IA:E402:245,H:E402:245,Luminaire DS1,0.2
ia,E402 + E600,E402,Luminaire DS1,1050,3344,0.1844,0.8314,1050,3344,appariée,IA:E402:246,H:E402:246,Luminaire DS1,0.2
ia,E402 + E600,E402,Luminaire DS1,1245,3389,0.2187,0.8426,1245,3389,appariée,IA:E402:247,H:E402:247,Luminaire DS1,0.2
ia,E402 + E600,E402,Luminaire DS1,1373,3389,0.2411,0.8426,1373,3389,appariée,IA:E402:248,H:E402:248,Luminaire DS1,0.2
ia,E402 + E600,E402,Luminaire DS1,1501,3389,0.2636,0.8426,1501,3389,appariée,IA:E402:249,H:E402:249,Luminaire DS1,0.2
ia,E402 + E600,E402,Luminaire DS1,1942,3382,0.3411,0.8409,1942,3382,appariée,IA:E402:250,H:E402:250,Luminaire DS1,0.1
ia,E402 + E600,E402,Luminaire DS1,2363,3335,0.4150,0.8292,2363,3335,appariée,IA:E402:251,H:E402:251,Luminaire DS1,0.1
ia,E402 + E600,E402,Luminaire DS1,2574,3334,0.4521,0.8289,2574,3334,appariée,IA:E402:252,H:E402:252,Luminaire DS1,0.1
ia,E402 + E600,E402,Luminaire DS1,2759,3332,0.4845,0.8284,2759,3332,appariée,IA:E402:253,H:E402:253,Luminaire DS1,0.1
ia,E402 + E600,E402,Luminaire DS1,2943,3335,0.5169,0.8292,2943,3335,appariée,IA:E402:254,H:E402:254,Luminaire DS1,0.1
ia,E402 + E600,E402,Luminaire DS1,3127,3333,0.5492,0.8287,3127,3333,appariée,IA:E402:255,H:E402:255,Luminaire DS1,0.1
ia,E402 + E600,E402,Luminaire DS1,3465,3149,0.6085,0.7829,3465,3149,appariée,IA:E402:256,H:E402:256,Luminaire DS1,0.1
ia,E402 + E600,E402,Luminaire DS1,3445,2937,0.6050,0.7302,3445,2937,appariée,IA:E402:257,H:E402:257,Luminaire DS1,0.1
ia,E402 + E600,E402,Luminaire DS1,3444,2740,0.6048,0.6813,3444,2740,appariée,IA:E402:258,H:E402:258,Luminaire DS1,0.1
ia,E402 + E600,E402,Luminaire DS1,3445,2544,0.6050,0.6325,3445,2544,appariée,IA:E402:259,H:E402:259,Luminaire DS1,0.1
ia,E402 + E600,E402,Luminaire DS1,3448,2349,0.6055,0.5840,3448,2349,appariée,IA:E402:260,H:E402:260,Luminaire DS1,0.1
ia,E402 + E600,E402,Luminaire DS1,3410,2080,0.5989,0.5172,3410,2080,appariée,IA:E402:261,H:E402:261,Luminaire DS1,0.1
ia,E402 + E600,E402,Luminaire DS1,3173,2042,0.5573,0.5077,3173,2042,appariée,IA:E402:262,H:E402:262,Luminaire DS1,0.0
ia,E402 + E600,E402,Luminaire DS1,2960,2075,0.5198,0.5159,2960,2075,appariée,IA:E402:263,H:E402:263,Luminaire DS1,0.0
ia,E402 + E600,E402,Luminaire DS1,2768,2075,0.4861,0.5159,2768,2075,appariée,IA:E402:264,H:E402:264,Luminaire DS1,0.1
ia,E402 + E600,E402,Luminaire DS1,2331,2274,0.4094,0.5654,2331,2274,appariée,IA:E402:265,H:E402:265,Luminaire DS1,0.1
ia,E402 + E600,E402,Luminaire DS1,2327,2581,0.4087,0.6417,2327,2581,appariée,IA:E402:266,H:E402:266,Luminaire DS1,0.1
ia,E402 + E600,E402,Luminaire DS1,2830,2817,0.4970,0.7004,2830,2817,appariée,IA:E402:267,H:E402:267,Luminaire DS1,0.1
ia,E402 + E600,E402,Luminaire DS1,2830,2969,0.4970,0.7382,2830,2969,appariée,IA:E402:268,H:E402:268,Luminaire DS1,0.1
ia,E402 + E600,E402,Luminaire DS1,3029,2817,0.5320,0.7004,3029,2817,appariée,IA:E402:269,H:E402:269,Luminaire DS1,0.1
ia,E402 + E600,E402,Luminaire DS1,3029,2969,0.5320,0.7382,3029,2969,appariée,IA:E402:270,H:E402:270,Luminaire DS1,0.1
ia,E402 + E600,E402,Luminaire DS1,2697,2462,0.4737,0.6121,2697,2462,appariée,IA:E402:271,H:E402:271,Luminaire DS1,0.1
ia,E402 + E600,E402,Luminaire DS1,2697,2646,0.4737,0.6579,2697,2646,appariée,IA:E402:272,H:E402:272,Luminaire DS1,0.1
ia,E402 + E600,E402,Luminaire DS1,2888,2462,0.5072,0.6121,2888,2462,appariée,IA:E402:273,H:E402:273,Luminaire DS1,0.1
ia,E402 + E600,E402,Luminaire DS1,2888,2646,0.5072,0.6579,2888,2646,appariée,IA:E402:274,H:E402:274,Luminaire DS1,0.1
ia,E402 + E600,E402,Luminaire DS1,3078,2646,0.5406,0.6579,3078,2646,appariée,IA:E402:275,H:E402:275,Luminaire DS1,0.1
ia,E402 + E600,E402,Luminaire DS1,3078,2462,0.5406,0.6121,3078,2462,appariée,IA:E402:276,H:E402:276,Luminaire DS1,0.1
ia,E402 + E600,E402,Luminaire DS1,2638,3113,0.4633,0.7740,2638,3113,appariée,IA:E402:277,H:E402:278,Luminaire DS1,0.1
ia,E402 + E600,E402,Luminaire DS1,2849,3093,0.5004,0.7690,2849,3093,appariée,IA:E402:278,H:E402:279,Luminaire DS1,0.1
ia,E402 + E600,E402,Luminaire DS1,3140,3113,0.5515,0.7740,3140,3113,appariée,IA:E402:279,H:E402:280,Luminaire DS1,0.1
ia,E402 + E600,E402,Luminaire DS1,2638,2293,0.4633,0.5701,2638,2293,appariée,IA:E402:280,H:E402:281,Luminaire DS1,0.1
ia,E402 + E600,E402,Luminaire DS1,2890,2293,0.5076,0.5701,2890,2293,appariée,IA:E402:281,H:E402:282,Luminaire DS1,0.1
ia,E402 + E600,E402,Luminaire DS1,3143,2293,0.5520,0.5701,3143,2293,appariée,IA:E402:282,H:E402:283,Luminaire DS1,0.1
ia,E402 + E600,E402,Luminaire DS1,2531,2888,0.4445,0.7181,2531,2888,appariée,IA:E402:283,H:E402:284,Luminaire DS1,0.1
ia,E402 + E600,E402,Luminaire DS1,2531,2537,0.4445,0.6308,2531,2537,appariée,IA:E402:284,H:E402:285,Luminaire DS1,0.1
ia,E402 + E600,E402,Luminaire DS1,2329,2907,0.4090,0.7228,2329,2907,appariée,IA:E402:285,H:E402:286,Luminaire DS1,0.1
ia,E402 + E600,E402,Luminaire DS1,2597,2019,0.4561,0.5020,2597,2019,appariée,IA:E402:286,H:E402:288,Luminaire DS1,0.1
ia,E402 + E600,E402,Luminaire DS1,1840,1999,0.3231,0.4970,1840,1999,appariée,IA:E402:287,H:E402:289,Luminaire DS1,0.1
ia,E402 + E600,E402,Luminaire DS1,1844,2147,0.3238,0.5338,1844,2147,appariée,IA:E402:288,H:E402:290,Luminaire DS1,0.1
ia,E402 + E600,E402,Luminaire DS1,1844,2302,0.3238,0.5724,1844,2302,appariée,IA:E402:289,H:E402:291,Luminaire DS1,0.1
ia,E402 + E600,E402,Luminaire DS1,2199,2989,0.3862,0.7432,2199,2989,appariée,IA:E402:290,H:E402:292,Luminaire DS1,0.1
ia,E402 + E600,E402,Luminaire DS1,2199,2724,0.3862,0.6773,2199,2724,appariée,IA:E402:291,H:E402:293,Luminaire DS1,0.1
ia,E402 + E600,E402,Luminaire DS1,2199,2469,0.3862,0.6139,2199,2469,appariée,IA:E402:292,H:E402:294,Luminaire DS1,0.1
ia,E402 + E600,E402,Luminaire DS1,2203,2203,0.3869,0.5477,2203,2203,appariée,IA:E402:293,H:E402:295,Luminaire DS1,0.1
ia,E402 + E600,E402,Luminaire DS1,2203,1942,0.3869,0.4828,2203,1942,appariée,IA:E402:294,H:E402:296,Luminaire DS1,0.1
ia,E402 + E600,E402,Luminaire DS1,2013,1942,0.3535,0.4828,2013,1942,appariée,IA:E402:295,H:E402:297,Luminaire DS1,0.1
ia,E402 + E600,E402,Luminaire DS1,2012,2203,0.3534,0.5477,2012,2203,appariée,IA:E402:296,H:E402:298,Luminaire DS1,0.1
ia,E402 + E600,E402,Luminaire DS1,1451,1849,0.2548,0.4597,1451,1849,appariée,IA:E402:297,H:E402:299,Luminaire DS1,0.1
ia,E402 + E600,E402,Luminaire DS1,1725,1849,0.3030,0.4597,1725,1849,appariée,IA:E402:298,H:E402:300,Luminaire DS1,0.1
ia,E402 + E600,E402,Luminaire DS1,1822,1699,0.3200,0.4224,1822,1699,appariée,IA:E402:299,H:E402:301,Luminaire DS1,0.1
ia,E402 + E600,E402,Luminaire DS1,1958,1699,0.3439,0.4224,1958,1699,appariée,IA:E402:300,H:E402:302,Luminaire DS1,0.1
ia,E402 + E600,E402,Luminaire DS1,3243,2888,0.5695,0.7181,3243,2888,appariée,IA:E402:301,H:E402:303,Luminaire DS1,0.1
ia,E402 + E600,E402,Luminaire DS1,3243,2537,0.5695,0.6308,3243,2537,appariée,IA:E402:302,H:E402:304,Luminaire DS1,0.1
ia,E402 + E600,E402,Luminaire DS1 service continu,2398,3077,0.4211,0.7650,2398,3077,appariée,IA:E402:303,H:E402:277,Luminaire DS1,0.1
ia,E402 + E600,E402,Luminaire DS1 service continu,2398,2019,0.4211,0.5020,2398,2019,appariée,IA:E402:304,H:E402:287,Luminaire DS1,0.1
ia,E402 + E600,E402,Luminaire DS4,2372,1764,0.4166,0.4386,2372,1764,appariée,IA:E402:305,H:E402:305,Luminaire DS4,0.1
ia,E402 + E600,E402,Phare urgence double mural,1425,1671,0.2503,0.4155,1425,1671,appariée,IA:E402:306,H:E402:306,Phare double,2.0
ia,E402 + E600,E402,Phare urgence double mural,1874,1874,0.3291,0.4659,1874,1874,appariée,IA:E402:307,H:E402:307,Phare double,2.9
ia,E402 + E600,E402,Phare urgence double mural,2891,2227,0.5077,0.5537,2891,2227,appariée,IA:E402:308,H:E402:309,Phare double,0.1
ia,E402 + E600,E402,Phare urgence double mural,1905,2282,0.3346,0.5674,1905,2282,appariée,IA:E402:309,H:E402:308,Phare double,2.0
ia,E402 + E600,E402,Phare urgence double mural,2466,2672,0.4331,0.6643,2466,2672,appariée,IA:E402:310,H:E402:310,Phare double,2.9
ia,E402 + E600,E402,Phare urgence double mural,3180,2705,0.5585,0.6726,3180,2705,appariée,IA:E402:311,H:E402:312,Phare double,1.9
ia,E402 + E600,E402,Phare urgence double mural,2922,3142,0.5132,0.7812,2922,3142,appariée,IA:E402:312,H:E402:313,Phare double,4.9
ia,E402 + E600,E402,Phare urgence double mural,2235,3221,0.3925,0.8008,2235,3221,appariée,IA:E402:313,H:E402:311,Phare double,4.9
ia,E402 + E600,E402,Phare urgence simple mural,1886,2185,0.3312,0.5433,1886,2185,appariée,IA:E402:314,H:E402:314,Phare simple PH1,0.1
ia,E402 + E600,E402,Phare urgence simple mural,1553,1772,0.2727,0.4406,1553,1772,appariée,IA:E402:315,H:E402:315,Phare simple PH1,0.1
ia,E402 + E600,E402,Phare urgence simple mural,1648,1772,0.2894,0.4406,1648,1772,appariée,IA:E402:316,H:E402:316,Phare simple PH1,0.1
ia,E402 + E600,E402,Phare urgence simple mural,2426,2920,0.4261,0.7260,2426,2920,appariée,IA:E402:317,H:E402:317,Phare simple — sans étiquette,3.7
ia,E403 + E408,E403,Accumulateur c/a 2 phares,2438,2426,0.4282,0.6032,2438,2426,appariée,IA:E403:1,H:E403:1,Accumulateur 36W,13.9
ia,E403 + E408,E403,Accumulateur c/a 2 phares + enseigne,2567,2294,0.4508,0.5704,2567,2294,appariée,IA:E403:2,H:E403:2,Accumulateur 36W + enseigne,17.1
ia,E403 + E408,E403,Accumulateur c/a 2 phares + enseigne,2201,2445,0.3865,0.6079,2201,2445,appariée,IA:E403:3,H:E403:5,Accumulateur 36W + enseigne,16.9
ia,E403 + E408,E403,Accumulateur c/a 2 phares + enseigne,2201,2889,0.3865,0.7183,2201,2889,appariée,IA:E403:4,H:E403:4,Accumulateur 36W + enseigne,16.9
ia,E403 + E408,E403,Accumulateur c/a 2 phares + enseigne,2504,2963,0.4398,0.7367,2504,2963,appariée,IA:E403:5,H:E403:3,Accumulateur 36W + enseigne,15.1
ia,E403 + E408,E403,Bouton-poussoir (B),2280,1776,0.4004,0.4416,2280,1776,appariée,IA:E403:6,H:E403:6,Bouton-poussoir B,0.1
ia,E403 + E408,E403,Bouton-poussoir (B),2943,2179,0.5169,0.5418,2943,2179,appariée,IA:E403:7,H:E403:7,Bouton-poussoir B,0.1
ia,E403 + E408,E403,Bouton-poussoir (B),2151,2858,0.3778,0.7106,2151,2858,appariée,IA:E403:8,H:E403:8,Bouton-poussoir B,0.2
ia,E403 + E408,E403,Bouton-poussoir (B),1979,2642,0.3476,0.6569,1979,2642,appariée,IA:E403:9,H:E403:9,Bouton-poussoir B,0.2
ia,E403 + E408,E403,Bouton-poussoir (B),2181,2586,0.3830,0.6430,2181,2586,appariée,IA:E403:10,H:E403:10,Bouton-poussoir B,0.1
ia,E403 + E408,E403,Bouton-poussoir (B),1571,2656,0.2759,0.6604,1571,2656,appariée,IA:E403:11,H:E403:11,Bouton-poussoir B,0.2
ia,E403 + E408,E403,Bouton-poussoir (B),1573,2406,0.2763,0.5982,1573,2406,appariée,IA:E403:12,H:E403:12,Bouton-poussoir B,0.2
ia,E403 + E408,E403,Bouton-poussoir (B),2218,2406,0.3895,0.5982,2218,2406,appariée,IA:E403:13,H:E403:13,Bouton-poussoir B,0.1
ia,E403 + E408,E403,Bouton-poussoir (B),1580,2290,0.2775,0.5694,1580,2290,appariée,IA:E403:14,H:E403:14,Bouton-poussoir B,0.2
ia,E403 + E408,E403,Détecteur infrarouge plafond (Di),1846,1689,0.3242,0.4199,1846,1689,appariée,IA:E403:15,H:E403:31,Détecteur occupation Di,0.2
ia,E403 + E408,E403,Détecteur infrarouge plafond (Di),3180,2058,0.5585,0.5117,3180,2058,appariée,IA:E403:16,H:E403:32,Détecteur occupation Di,0.1
ia,E403 + E408,E403,Détecteur infrarouge plafond (Di),1992,2194,0.3498,0.5455,1992,2194,appariée,IA:E403:17,H:E403:33,Détecteur occupation Di,0.1
ia,E403 + E408,E403,Détecteur infrarouge plafond (Di),1889,2010,0.3318,0.4998,1889,2010,appariée,IA:E403:18,H:E403:34,Détecteur occupation Di,0.1
ia,E403 + E408,E403,Détecteur infrarouge plafond (Di),1889,2078,0.3318,0.5167,1889,2078,appariée,IA:E403:19,H:E403:35,Détecteur occupation Di,0.1
ia,E403 + E408,E403,Détecteur infrarouge plafond (Di),1889,2149,0.3318,0.5343,1889,2149,appariée,IA:E403:20,H:E403:36,Détecteur occupation Di,0.1
ia,E403 + E408,E403,Détecteur infrarouge plafond (Di),1889,2216,0.3318,0.5510,1889,2216,appariée,IA:E403:21,H:E403:37,Détecteur occupation Di,0.1
ia,E403 + E408,E403,Détecteur infrarouge plafond (Di),1889,2285,0.3318,0.5681,1889,2285,appariée,IA:E403:22,H:E403:38,Détecteur occupation Di,0.1
ia,E403 + E408,E403,Détecteur infrarouge plafond (Di),1889,2352,0.3318,0.5848,1889,2352,appariée,IA:E403:23,H:E403:39,Détecteur occupation Di,0.1
ia,E403 + E408,E403,Détecteur infrarouge plafond (Di),1702,1694,0.2989,0.4212,1702,1694,appariée,IA:E403:24,H:E403:40,Détecteur occupation Di,0.2
ia,E403 + E408,E403,Détecteur inoccupation mural (Do),1680,2641,0.2950,0.6566,1680,2641,appariée,IA:E403:25,H:E403:27,Détecteur inoccupation Do,0.2
ia,E403 + E408,E403,Détecteur inoccupation plafond (Do),2109,1725,0.3704,0.4289,2109,1725,appariée,IA:E403:26,H:E403:18,Détecteur inoccupation Do,0.2
ia,E403 + E408,E403,Détecteur inoccupation plafond (Do),2828,2058,0.4967,0.5117,2828,2058,appariée,IA:E403:27,H:E403:19,Détecteur inoccupation Do,0.1
ia,E403 + E408,E403,Détecteur inoccupation plafond (Do),1304,3012,0.2290,0.7489,1304,3012,appariée,IA:E403:28,H:E403:20,Détecteur inoccupation Do,0.3
ia,E403 + E408,E403,Détecteur inoccupation plafond (Do),1304,3337,0.2290,0.8297,1304,3337,appariée,IA:E403:29,H:E403:21,Détecteur inoccupation Do,0.3
ia,E403 + E408,E403,Détecteur inoccupation plafond (Do),2083,3004,0.3658,0.7469,2083,3004,appariée,IA:E403:30,H:E403:22,Détecteur inoccupation Do,0.2
ia,E403 + E408,E403,Détecteur inoccupation plafond (Do),2083,3337,0.3658,0.8297,2083,3337,appariée,IA:E403:31,H:E403:23,Détecteur inoccupation Do,0.3
ia,E403 + E408,E403,Détecteur inoccupation plafond (Do),1677,3012,0.2945,0.7489,1677,3012,appariée,IA:E403:32,H:E403:24,Détecteur inoccupation Do,0.2
ia,E403 + E408,E403,Détecteur inoccupation plafond (Do),1677,3337,0.2945,0.8297,1677,3337,appariée,IA:E403:33,H:E403:25,Détecteur inoccupation Do,0.3
ia,E403 + E408,E403,Détecteur inoccupation plafond (Do),2121,2717,0.3725,0.6755,2121,2717,appariée,IA:E403:34,H:E403:26,Détecteur inoccupation Do,0.2
ia,E403 + E408,E403,Détecteur inoccupation plafond (Do),1347,2667,0.2366,0.6631,1347,2667,appariée,IA:E403:35,H:E403:28,Détecteur inoccupation Do,0.2
ia,E403 + E408,E403,Détecteur inoccupation plafond (Do),1314,2274,0.2308,0.5654,1314,2274,appariée,IA:E403:36,H:E403:29,Détecteur inoccupation Do,0.2
ia,E403 + E408,E403,Détecteur inoccupation plafond (Do),1310,2449,0.2301,0.6089,1310,2449,appariée,IA:E403:37,H:E403:30,Détecteur inoccupation Do,0.2
ia,E403 + E408,E403,Enseigne issue 1 face murale tout droit,1606,1800,0.2821,0.4475,1606,1800,appariée,IA:E403:38,H:E403:41,Enseigne de sortie,0.2
ia,E403 + E408,E403,Enseigne issue 1 face murale tout droit,2438,1862,0.4282,0.4630,2438,1862,appariée,IA:E403:39,H:E403:42,Enseigne de sortie,1.9
ia,E403 + E408,E403,Enseigne issue 1 face murale tout droit,2418,3042,0.4247,0.7563,2418,3042,appariée,IA:E403:40,H:E403:45,Enseigne de sortie,4.8
ia,E403 + E408,E403,Enseigne issue 1 face plafond tout droit,2084,1907,0.3660,0.4741,2084,1907,appariée,IA:E403:41,H:E403:43,Enseigne de sortie,2.1
ia,E403 + E408,E403,Enseigne issue 2 faces murale,2430,1917,0.4268,0.4766,2430,1917,appariée,IA:E403:42,H:E403:44,Enseigne de sortie,7.9
ia,E403 + E408,E403,Gradateur 120V,1468,2201,0.2578,0.5472,1468,2201,appariée,IA:E403:43,H:E403:15,Cercle barré fléché — à classer,0.2
ia,E403 + E408,E403,Gradateur 3 voies,2547,2225,0.4473,0.5532,2547,2225,appariée,IA:E403:44,H:E403:16,Cercle barré fléché — à classer,2.1
ia,E403 + E408,E403,Gradateur 3 voies,2485,2891,0.4364,0.7188,2485,2891,appariée,IA:E403:45,H:E403:17,Cercle barré fléché — à classer,3.8
ia,E403 + E408,E403,Interrupteur c/a lampe témoin,2442,1812,0.4289,0.4505,2442,1812,appariée,IA:E403:46,H:E403:47,Interrupteur,0.1
ia,E403 + E408,E403,Interrupteur unipolaire,2328,1762,0.4089,0.4381,2328,1762,appariée,IA:E403:47,H:E403:46,Interrupteur,3.1
ia,E403 + E408,E403,Luminaire DMW1,2500,1665,0.4391,0.4140,2500,1665,appariée,IA:E403:48,H:E403:151,Luminaire mural DMW1,0.2
ia,E403 + E408,E403,Luminaire DMW1,1490,1941,0.2617,0.4826,1490,1941,appariée,IA:E403:49,H:E403:152,Luminaire mural DMW1,0.2
ia,E403 + E408,E403,Luminaire DMW1,2536,1862,0.4454,0.4630,2536,1862,appariée,IA:E403:50,H:E403:153,Luminaire mural DMW1,0.1
ia,E403 + E408,E403,Luminaire DMW1,3423,3001,0.6012,0.7461,3423,3001,appariée,IA:E403:51,H:E403:154,Luminaire mural DMW1,0.2
ia,E403 + E408,E403,Luminaire DMW1,3423,2452,0.6012,0.6096,3423,2452,appariée,IA:E403:52,H:E403:155,Luminaire mural DMW1,0.1
ia,E403 + E408,E403,Luminaire DR2,2340,1703,0.4110,0.4234,2340,1703,appariée,IA:E403:53,H:E403:48,Luminaire DR2,0.2
ia,E403 + E408,E403,Luminaire DR5,2521,2086,0.4427,0.5186,2521,2086,appariée,IA:E403:54,H:E403:49,Luminaire DR5,0.1
ia,E403 + E408,E403,Luminaire DR5,2633,2086,0.4624,0.5186,2633,2086,appariée,IA:E403:55,H:E403:50,Luminaire DR5,0.1
ia,E403 + E408,E403,Luminaire DR5,2784,2086,0.4889,0.5186,2784,2086,appariée,IA:E403:56,H:E403:51,Luminaire DR5,0.1
ia,E403 + E408,E403,Luminaire DR5,2935,2086,0.5155,0.5186,2935,2086,appariée,IA:E403:57,H:E403:52,Luminaire DR5,0.1
ia,E403 + E408,E403,Luminaire DR5,3107,2086,0.5457,0.5186,3107,2086,appariée,IA:E403:58,H:E403:53,Luminaire DR5,0.1
ia,E403 + E408,E403,Luminaire DR5,3285,2086,0.5769,0.5186,3285,2086,appariée,IA:E403:59,H:E403:54,Luminaire DR5,0.1
ia,E403 + E408,E403,Luminaire DR5,1696,2803,0.2979,0.6969,1696,2803,appariée,IA:E403:60,H:E403:55,Luminaire DR5,0.2
ia,E403 + E408,E403,Luminaire DR51,2358,3455,0.4141,0.8590,2358,3455,appariée,IA:E403:61,H:E403:56,Luminaire DR51,0.3
ia,E403 + E408,E403,Luminaire DR51,1388,1702,0.2438,0.4232,1388,1702,appariée,IA:E403:62,H:E403:57,Luminaire DR51,0.2
ia,E403 + E408,E403,Luminaire DR52 service continu,2358,3186,0.4141,0.7921,2358,3186,appariée,IA:E403:63,H:E403:58,Luminaire DR52,0.2
ia,E403 + E408,E403,Luminaire DR52 service continu,1591,1748,0.2794,0.4346,1591,1748,appariée,IA:E403:64,H:E403:59,Luminaire DR52,0.2
ia,E403 + E408,E403,Luminaire DS0,2115,2637,0.3714,0.6556,2115,2637,appariée,IA:E403:65,H:E403:60,Luminaire DS0,0.2
ia,E403 + E408,E403,Luminaire DS0,2257,2637,0.3964,0.6556,2257,2637,appariée,IA:E403:66,H:E403:61,Luminaire DS0,0.2
ia,E403 + E408,E403,Luminaire DS0,2112,2809,0.3709,0.6984,2112,2809,appariée,IA:E403:67,H:E403:62,Luminaire DS0,0.2
ia,E403 + E408,E403,Luminaire DS0,2254,2809,0.3959,0.6984,2254,2809,appariée,IA:E403:68,H:E403:63,Luminaire DS0,0.2
ia,E403 + E408,E403,Luminaire DS0,1815,2680,0.3188,0.6663,1815,2680,appariée,IA:E403:69,H:E403:64,Luminaire DS0,0.2
ia,E403 + E408,E403,Luminaire DS0,1815,2818,0.3188,0.7006,1815,2818,appariée,IA:E403:70,H:E403:65,Luminaire DS0,0.2
ia,E403 + E408,E403,Luminaire DS0,2020,2818,0.3548,0.7006,2020,2818,appariée,IA:E403:71,H:E403:66,Luminaire DS0,0.2
ia,E403 + E408,E403,Luminaire DS0,2020,2680,0.3548,0.6663,2020,2680,appariée,IA:E403:72,H:E403:67,Luminaire DS0,0.2
ia,E403 + E408,E403,Luminaire DS0,1934,2026,0.3397,0.5037,1934,2026,appariée,IA:E403:73,H:E403:68,Luminaire DS0,0.1
ia,E403 + E408,E403,Luminaire DS0,1934,2094,0.3397,0.5206,1934,2094,appariée,IA:E403:74,H:E403:69,Luminaire DS0,0.1
ia,E403 + E408,E403,Luminaire DS0,1934,2168,0.3397,0.5390,1934,2168,appariée,IA:E403:75,H:E403:70,Luminaire DS0,0.1
ia,E403 + E408,E403,Luminaire DS0,1934,2243,0.3397,0.5577,1934,2243,appariée,IA:E403:76,H:E403:71,Luminaire DS0,0.1
ia,E403 + E408,E403,Luminaire DS0,1934,2303,0.3397,0.5726,1934,2303,appariée,IA:E403:77,H:E403:72,Luminaire DS0,0.1
ia,E403 + E408,E403,Luminaire DS0,1934,2373,0.3397,0.5900,1934,2373,appariée,IA:E403:78,H:E403:73,Luminaire DS0,0.1
ia,E403 + E408,E403,Luminaire DS0,1615,2058,0.2836,0.5117,1615,2058,appariée,IA:E403:79,H:E403:74,Luminaire DS0,0.2
ia,E403 + E408,E403,Luminaire DS0,1804,2058,0.3168,0.5117,1804,2058,appariée,IA:E403:80,H:E403:75,Luminaire DS0,0.1
ia,E403 + E408,E403,Luminaire DS0,1804,2195,0.3168,0.5457,1804,2195,appariée,IA:E403:81,H:E403:76,Luminaire DS0,0.1
ia,E403 + E408,E403,Luminaire DS0,1804,2332,0.3168,0.5798,1804,2332,appariée,IA:E403:82,H:E403:77,Luminaire DS0,0.1
ia,E403 + E408,E403,Luminaire DS0,1615,2332,0.2836,0.5798,1615,2332,appariée,IA:E403:83,H:E403:78,Luminaire DS0,0.2
ia,E403 + E408,E403,Luminaire DS0,1615,2195,0.2836,0.5457,1615,2195,appariée,IA:E403:84,H:E403:79,Luminaire DS0,0.2
ia,E403 + E408,E403,Luminaire DS0,1813,1743,0.3184,0.4334,1813,1743,appariée,IA:E403:85,H:E403:80,Luminaire DS0,0.2
ia,E403 + E408,E403,Luminaire DS0,1883,1743,0.3307,0.4334,1883,1743,appariée,IA:E403:86,H:E403:81,Luminaire DS0,0.2
ia,E403 + E408,E403,Luminaire DS0,1787,1638,0.3138,0.4073,1787,1638,appariée,IA:E403:87,H:E403:82,Luminaire DS0,0.2
ia,E403 + E408,E403,Luminaire DS0,1883,1656,0.3307,0.4117,1883,1656,appariée,IA:E403:88,H:E403:83,Luminaire DS0,0.2
ia,E403 + E408,E403,Luminaire DS0,1719,1743,0.3019,0.4334,1719,1743,appariée,IA:E403:89,H:E403:84,Luminaire DS0,0.2
ia,E403 + E408,E403,Luminaire DS0,1719,1655,0.3019,0.4115,1719,1655,appariée,IA:E403:90,H:E403:85,Luminaire DS0,0.2
ia,E403 + E408,E403,Luminaire DS1,2023,1751,0.3553,0.4354,2023,1751,appariée,IA:E403:91,H:E403:86,Luminaire DS1,0.2
ia,E403 + E408,E403,Luminaire DS1,2218,1751,0.3895,0.4354,2218,1751,appariée,IA:E403:92,H:E403:87,Luminaire DS1,0.2
ia,E403 + E408,E403,Luminaire DS1,2890,2860,0.5076,0.7111,2890,2860,appariée,IA:E403:93,H:E403:88,Luminaire DS1,0.2
ia,E403 + E408,E403,Luminaire DS1,3183,2860,0.5590,0.7111,3183,2860,appariée,IA:E403:94,H:E403:89,Luminaire DS1,0.2
ia,E403 + E408,E403,Luminaire DS1,2890,3040,0.5076,0.7558,2890,3040,appariée,IA:E403:95,H:E403:90,Luminaire DS1,0.2
ia,E403 + E408,E403,Luminaire DS1,3183,3040,0.5590,0.7558,3183,3040,appariée,IA:E403:96,H:E403:91,Luminaire DS1,0.2
ia,E403 + E408,E403,Luminaire DS1,2890,3219,0.5076,0.8003,2890,3219,appariée,IA:E403:97,H:E403:92,Luminaire DS1,0.2
ia,E403 + E408,E403,Luminaire DS1,3183,3219,0.5590,0.8003,3183,3219,appariée,IA:E403:98,H:E403:93,Luminaire DS1,0.2
ia,E403 + E408,E403,Luminaire DS1,2890,3398,0.5076,0.8449,2890,3398,appariée,IA:E403:99,H:E403:94,Luminaire DS1,0.3
ia,E403 + E408,E403,Luminaire DS1,3183,3398,0.5590,0.8449,3183,3398,appariée,IA:E403:100,H:E403:95,Luminaire DS1,0.3
ia,E403 + E408,E403,Luminaire DS1,2602,2860,0.4570,0.7111,2602,2860,appariée,IA:E403:101,H:E403:96,Luminaire DS1,0.2
ia,E403 + E408,E403,Luminaire DS1,2602,3040,0.4570,0.7558,2602,3040,appariée,IA:E403:102,H:E403:97,Luminaire DS1,0.2
ia,E403 + E408,E403,Luminaire DS1,2602,3219,0.4570,0.8003,2602,3219,appariée,IA:E403:103,H:E403:98,Luminaire DS1,0.2
ia,E403 + E408,E403,Luminaire DS1,2602,3398,0.4570,0.8449,2602,3398,appariée,IA:E403:104,H:E403:99,Luminaire DS1,0.3
ia,E403 + E408,E403,Luminaire DS1,2890,2681,0.5076,0.6666,2890,2681,appariée,IA:E403:105,H:E403:100,Luminaire DS1,0.1
ia,E403 + E408,E403,Luminaire DS1,3182,2681,0.5588,0.6666,3182,2681,appariée,IA:E403:106,H:E403:101,Luminaire DS1,0.1
ia,E403 + E408,E403,Luminaire DS1,2890,2502,0.5076,0.6221,2890,2502,appariée,IA:E403:107,H:E403:102,Luminaire DS1,0.1
ia,E403 + E408,E403,Luminaire DS1,3182,2502,0.5588,0.6221,3182,2502,appariée,IA:E403:108,H:E403:103,Luminaire DS1,0.1
ia,E403 + E408,E403,Luminaire DS1,2890,2323,0.5076,0.5776,2890,2323,appariée,IA:E403:109,H:E403:104,Luminaire DS1,0.1
ia,E403 + E408,E403,Luminaire DS1,3182,2323,0.5588,0.5776,3182,2323,appariée,IA:E403:110,H:E403:105,Luminaire DS1,0.1
ia,E403 + E408,E403,Luminaire DS1,2601,2681,0.4568,0.6666,2601,2681,appariée,IA:E403:111,H:E403:106,Luminaire DS1,0.1
ia,E403 + E408,E403,Luminaire DS1,2601,2502,0.4568,0.6221,2601,2502,appariée,IA:E403:112,H:E403:107,Luminaire DS1,0.1
ia,E403 + E408,E403,Luminaire DS1,2638,2323,0.4633,0.5776,2638,2323,appariée,IA:E403:113,H:E403:108,Luminaire DS1,0.1
ia,E403 + E408,E403,Luminaire DS1,1235,3366,0.2169,0.8369,1235,3366,appariée,IA:E403:114,H:E403:109,Luminaire DS1,0.3
ia,E403 + E408,E403,Luminaire DS1,1427,3366,0.2506,0.8369,1427,3366,appariée,IA:E403:115,H:E403:110,Luminaire DS1,0.3
ia,E403 + E408,E403,Luminaire DS1,1621,3366,0.2847,0.8369,1621,3366,appariée,IA:E403:116,H:E403:111,Luminaire DS1,0.3
ia,E403 + E408,E403,Luminaire DS1,2192,3366,0.3850,0.8369,2192,3366,appariée,IA:E403:117,H:E403:112,Luminaire DS1,0.3
ia,E403 + E408,E403,Luminaire DS1,1999,3366,0.3511,0.8369,1999,3366,appariée,IA:E403:118,H:E403:113,Luminaire DS1,0.3
ia,E403 + E408,E403,Luminaire DS1,1807,3366,0.3174,0.8369,1807,3366,appariée,IA:E403:119,H:E403:114,Luminaire DS1,0.3
ia,E403 + E408,E403,Luminaire DS1,1229,3108,0.2158,0.7727,1229,3108,appariée,IA:E403:120,H:E403:115,Luminaire DS1,0.3
ia,E403 + E408,E403,Luminaire DS1,1421,3108,0.2496,0.7727,1421,3108,appariée,IA:E403:121,H:E403:116,Luminaire DS1,0.3
ia,E403 + E408,E403,Luminaire DS1,1615,3133,0.2836,0.7790,1615,3133,appariée,IA:E403:122,H:E403:117,Luminaire DS1,0.3
ia,E403 + E408,E403,Luminaire DS1,2195,3108,0.3855,0.7727,2195,3108,appariée,IA:E403:123,H:E403:118,Luminaire DS1,0.2
ia,E403 + E408,E403,Luminaire DS1,2003,3108,0.3518,0.7727,2003,3108,appariée,IA:E403:124,H:E403:119,Luminaire DS1,0.2
ia,E403 + E408,E403,Luminaire DS1,1811,3108,0.3181,0.7727,1811,3108,appariée,IA:E403:125,H:E403:120,Luminaire DS1,0.2
ia,E403 + E408,E403,Luminaire DS1,1460,2919,0.2564,0.7258,1460,2919,appariée,IA:E403:126,H:E403:121,Luminaire DS1,0.2
ia,E403 + E408,E403,Luminaire DS1,1758,2919,0.3087,0.7258,1758,2919,appariée,IA:E403:127,H:E403:122,Luminaire DS1,0.2
ia,E403 + E408,E403,Luminaire DS1,2056,2919,0.3611,0.7258,2056,2919,appariée,IA:E403:128,H:E403:123,Luminaire DS1,0.2
ia,E403 + E408,E403,Luminaire DS1,2162,2722,0.3797,0.6768,2162,2722,appariée,IA:E403:129,H:E403:124,Luminaire DS1,0.2
ia,E403 + E408,E403,Luminaire DS1,1936,2757,0.3400,0.6855,1936,2757,appariée,IA:E403:130,H:E403:125,Luminaire DS1,0.2
ia,E403 + E408,E403,Luminaire DS1,1198,2296,0.2104,0.5709,1198,2296,appariée,IA:E403:131,H:E403:126,Luminaire DS1,0.2
ia,E403 + E408,E403,Luminaire DS1,1199,2468,0.2106,0.6136,1199,2468,appariée,IA:E403:132,H:E403:127,Luminaire DS1,0.2
ia,E403 + E408,E403,Luminaire DS1,1418,2296,0.2490,0.5709,1418,2296,appariée,IA:E403:133,H:E403:128,Luminaire DS1,0.2
ia,E403 + E408,E403,Luminaire DS1,1419,2468,0.2492,0.6136,1419,2468,appariée,IA:E403:134,H:E403:129,Luminaire DS1,0.2
ia,E403 + E408,E403,Luminaire DS1,1660,2532,0.2915,0.6295,1660,2532,appariée,IA:E403:135,H:E403:130,Luminaire DS1,0.2
ia,E403 + E408,E403,Luminaire DS1,1828,2532,0.3210,0.6295,1828,2532,appariée,IA:E403:136,H:E403:131,Luminaire DS1,0.2
ia,E403 + E408,E403,Luminaire DS1,1997,2532,0.3507,0.6295,1997,2532,appariée,IA:E403:137,H:E403:132,Luminaire DS1,0.2
ia,E403 + E408,E403,Luminaire DS1,2149,2540,0.3774,0.6315,2149,2540,appariée,IA:E403:138,H:E403:133,Luminaire DS1,0.1
ia,E403 + E408,E403,Luminaire DS1,2169,2304,0.3809,0.5728,2169,2304,appariée,IA:E403:139,H:E403:134,Luminaire DS1,0.1
ia,E403 + E408,E403,Luminaire DS1,2028,2242,0.3562,0.5574,2028,2242,appariée,IA:E403:140,H:E403:135,Luminaire DS1,0.1
ia,E403 + E408,E403,Luminaire DS1,2048,2343,0.3597,0.5825,2048,2343,appariée,IA:E403:141,H:E403:136,Luminaire DS1,0.1
ia,E403 + E408,E403,Luminaire DS1,1199,2178,0.2106,0.5415,1199,2178,appariée,IA:E403:142,H:E403:137,Luminaire DS1,0.2
ia,E403 + E408,E403,Luminaire DS1,1386,2157,0.2434,0.5363,1386,2157,appariée,IA:E403:143,H:E403:138,Luminaire DS1,0.2
ia,E403 + E408,E403,Luminaire DS1,2402,2996,0.4218,0.7449,2402,2996,appariée,IA:E403:144,H:E403:139,Luminaire DS1,0.2
ia,E403 + E408,E403,Luminaire DS1,2402,2732,0.4218,0.6793,2402,2732,appariée,IA:E403:145,H:E403:140,Luminaire DS1,0.2
ia,E403 + E408,E403,Luminaire DS1,2402,2476,0.4218,0.6156,2402,2476,appariée,IA:E403:146,H:E403:141,Luminaire DS1,0.1
ia,E403 + E408,E403,Luminaire DS1,2402,2211,0.4218,0.5497,2402,2211,appariée,IA:E403:147,H:E403:142,Luminaire DS1,0.1
ia,E403 + E408,E403,Luminaire DS1,2384,1982,0.4187,0.4928,2384,1982,appariée,IA:E403:148,H:E403:143,Luminaire DS1,0.1
ia,E403 + E408,E403,Luminaire DS1,2172,1923,0.3815,0.4781,2172,1923,appariée,IA:E403:149,H:E403:144,Luminaire DS1,0.1
ia,E403 + E408,E403,Luminaire DS1,2169,2129,0.3809,0.5293,2169,2129,appariée,IA:E403:150,H:E403:145,Luminaire DS1,0.1
ia,E403 + E408,E403,Luminaire DS1,1905,1923,0.3346,0.4781,1905,1923,appariée,IA:E403:151,H:E403:146,Luminaire DS1,0.2
ia,E403 + E408,E403,Luminaire DS1,1643,1923,0.2885,0.4781,1643,1923,appariée,IA:E403:152,H:E403:147,Luminaire DS1,0.2
ia,E403 + E408,E403,Luminaire DS1,2043,2072,0.3588,0.5152,2043,2072,appariée,IA:E403:153,H:E403:148,Luminaire DS1,0.1
ia,E403 + E408,E403,Luminaire DS4,1218,2750,0.2139,0.6837,1218,2750,appariée,IA:E403:154,H:E403:149,Luminaire DS4,0.2
ia,E403 + E408,E403,Luminaire DS4,1734,2326,0.3045,0.5783,1734,2326,appariée,IA:E403:155,H:E403:150,Luminaire DS4,0.2
ia,E403 + E408,E403,Phare urgence double mural,1633,1680,0.2868,0.4177,1633,1680,appariée,IA:E403:156,H:E403:156,Phare double,0.2
ia,E403 + E408,E403,Phare urgence double mural,2084,1948,0.3660,0.4843,2084,1948,appariée,IA:E403:157,H:E403:157,Phare double,2.0
ia,E403 + E408,E403,Phare urgence double mural,2629,1934,0.4617,0.4809,2629,1934,appariée,IA:E403:158,H:E403:158,Phare double,1.9
ia,E403 + E408,E403,Phare urgence double mural,1590,3075,0.2792,0.7645,1590,3075,appariée,IA:E403:159,H:E403:159,Phare double,0.3
ia,E403 + E408,E403,Phare urgence double mural,2440,3214,0.4285,0.7991,2440,3214,appariée,IA:E403:160,H:E403:160,Phare double,2.8
ia,E403 + E408,E403,Phare urgence simple mural,2090,2197,0.3671,0.5462,2090,2197,appariée,IA:E403:161,H:E403:161,Phare simple PH1,0.1
ia,E405,E405,Avertisseur sonore/visuel (K),1365,2755,0.2397,0.6850,1365,2755,appariée,IA:E405:1,H:E405:21,Klaxon,1.0
ia,E405,E405,Boîte de mesurage HQ (MHQ),1403,3395,0.2464,0.8441,1403,3395,appariée,IA:E405:2,H:E405:27,Mesurage Hydro-Québec,13.3
ia,E405,E405,Détecteur de fumée (F),2167,1885,0.3806,0.4687,2167,1885,appariée,IA:E405:3,H:E405:2,Détecteur de fumée,0.2
ia,E405,E405,Indicateur de débit (ID),2934,734,0.5153,0.1825,2934,734,appariée,IA:E405:4,H:E405:3,Indicateur de débit ID,0.9
ia,E405,E405,Indicateur de débit (ID),3002,734,0.5272,0.1825,3002,734,appariée,IA:E405:5,H:E405:4,Indicateur de débit ID,0.9
ia,E405,E405,Indicateur de débit (ID),3070,734,0.5392,0.1825,3070,734,appariée,IA:E405:6,H:E405:5,Indicateur de débit ID,0.9
ia,E405,E405,Indicateur de débit (ID),3140,734,0.5515,0.1825,3140,734,appariée,IA:E405:7,H:E405:6,Indicateur de débit ID,0.9
ia,E405,E405,Indicateur de débit (ID),3303,664,0.5801,0.1651,3303,664,appariée,IA:E405:8,H:E405:7,Indicateur de débit ID,1.0
ia,E405,E405,Interrupteur fin de course (Ls),2897,734,0.5088,0.1825,2897,734,appariée,IA:E405:9,H:E405:8,Interrupteur fin de course Ls,0.9
ia,E405,E405,Interrupteur fin de course (Ls),2965,734,0.5207,0.1825,2965,734,appariée,IA:E405:10,H:E405:9,Interrupteur fin de course Ls,0.9
ia,E405,E405,Interrupteur fin de course (Ls),3033,734,0.5327,0.1825,3033,734,appariée,IA:E405:11,H:E405:10,Interrupteur fin de course Ls,0.9
ia,E405,E405,Interrupteur fin de course (Ls),3103,734,0.5450,0.1825,3103,734,appariée,IA:E405:12,H:E405:11,Interrupteur fin de course Ls,0.9
ia,E405,E405,Interrupteur fin de course (Ls),3178,734,0.5581,0.1825,3178,734,appariée,IA:E405:13,H:E405:12,Interrupteur fin de course Ls,0.9
ia,E405,E405,Interrupteur fin de course (Ls),3303,580,0.5801,0.1442,3303,580,appariée,IA:E405:14,H:E405:13,Interrupteur fin de course Ls,1.1
ia,E405,E405,Klaxon alarme (K),1775,3067,0.3117,0.7626,1775,3067,appariée,IA:E405:15,H:E405:14,Klaxon,1.3
ia,E405,E405,Klaxon alarme (K),1470,2895,0.2582,0.7198,1470,2895,appariée,IA:E405:16,H:E405:15,Klaxon,1.2
ia,E405,E405,Klaxon alarme (K),1682,2894,0.2954,0.7195,1682,2894,appariée,IA:E405:17,H:E405:16,Klaxon,1.2
ia,E405,E405,Klaxon alarme (K),2063,2547,0.3623,0.6333,2063,2547,appariée,IA:E405:18,H:E405:17,Klaxon,0.8
ia,E405,E405,Klaxon alarme (K),2236,2792,0.3927,0.6942,2236,2792,appariée,IA:E405:19,H:E405:18,Klaxon,1.1
ia,E405,E405,Klaxon alarme (K),2236,1912,0.3927,0.4754,2236,1912,appariée,IA:E405:20,H:E405:19,Klaxon,0.2
ia,E405,E405,Klaxon alarme (K),2290,1810,0.4022,0.4500,2290,1810,appariée,IA:E405:21,H:E405:20,Klaxon,0.1
ia,E405,E405,Klaxon alarme (K),1771,2457,0.3110,0.6109,1771,2457,appariée,IA:E405:22,H:E405:22,Klaxon,0.8
ia,E405,E405,Klaxon alarme (K),1405,2581,0.2468,0.6417,1405,2581,appariée,IA:E405:23,H:E405:23,Klaxon,0.9
ia,E405,E405,Klaxon alarme (K),1365,3085,0.2397,0.7670,1365,3085,appariée,IA:E405:24,H:E405:24,Klaxon,1.4
ia,E405,E405,Klaxon alarme (K),1406,3085,0.2469,0.7670,1406,3085,appariée,IA:E405:25,H:E405:25,Klaxon,1.4
ia,E405,E405,Klaxon alarme (K),2063,2282,0.3623,0.5674,2063,2282,appariée,IA:E405:26,H:E405:26,Klaxon,0.6
ia,E405,E405,Module de supervision (Sx),2915,691,0.5119,0.1718,2915,691,appariée,IA:E405:27,H:E405:28,Module de supervision Sx,1.0
ia,E405,E405,Module de supervision (Sx),2984,691,0.5241,0.1718,2984,691,appariée,IA:E405:28,H:E405:29,Module de supervision Sx,1.0
ia,E405,E405,Module de supervision (Sx),3051,691,0.5358,0.1718,3051,691,appariée,IA:E405:29,H:E405:30,Module de supervision Sx,1.0
ia,E405,E405,Module de supervision (Sx),3122,691,0.5483,0.1718,3122,691,appariée,IA:E405:30,H:E405:31,Module de supervision Sx,1.0
ia,E405,E405,Module de supervision (Sx),3196,691,0.5613,0.1718,3196,691,appariée,IA:E405:31,H:E405:32,Module de supervision Sx,1.0
ia,E405,E405,Module de supervision (Sx),3321,622,0.5832,0.1546,3321,622,appariée,IA:E405:32,H:E405:33,Module de supervision Sx,1.0
ia,E405,E405,Panneau de dérivation,1533,3308,0.2692,0.8225,1533,3308,appariée,IA:E405:33,H:E405:34,Panneau,23.0
ia,E405,E405,Panneau de dérivation,1547,3247,0.2717,0.8073,1547,3247,appariée,IA:E405:34,H:E405:35,Panneau,20.9
ia,E405,E405,Poste manuel (M),2165,3077,0.3802,0.7650,2165,3077,appariée,IA:E405:35,H:E405:36,Poste manuel,1.3
ia,E405,E405,Poste manuel (M),1479,1674,0.2597,0.4162,1479,1674,appariée,IA:E405:36,H:E405:37,Poste manuel,0.1
ia,E405,E405,Prise 20A dans mobilier,1766,2773,0.3102,0.6895,1766,2773,appariée,IA:E405:37,H:E405:69,Prise mobilier,2.1
ia,E405,E405,Prise 20A dans mobilier,1800,2773,0.3161,0.6895,1800,2773,appariée,IA:E405:38,H:E405:70,Prise mobilier,2.1
ia,E405,E405,Prise DDFT 20A,2120,1691,0.3723,0.4204,2120,1691,appariée,IA:E405:39,H:E405:66,Prise duplex DDFT,1.0
ia,E405,E405,Prise DDFT 20A,1564,2850,0.2747,0.7086,1564,2850,appariée,IA:E405:40,H:E405:68,Prise duplex DDFT,3.3
ia,E405,E405,Prise DDFT 20A,1531,2848,0.2689,0.7081,1531,2848,appariée,IA:E405:41,H:E405:67,Prise duplex DDFT,1.4
ia,E405,E405,Prise DDFT intempéries,2067,2456,0.3630,0.6106,2067,2456,appariée,IA:E405:42,H:E405:39,Prise DDFT Ei,2.7
ia,E405,E405,Prise DDFT intempéries,1725,2458,0.3030,0.6111,1725,2458,appariée,IA:E405:43,H:E405:38,Prise DDFT Ei,2.7
ia,E405,E405,Prise duplex 20A,2286,1781,0.4015,0.4428,2286,1781,appariée,IA:E405:44,H:E405:42,Prise duplex,3.3
ia,E405,E405,Prise duplex 20A,2606,1882,0.4577,0.4679,2606,1882,appariée,IA:E405:45,H:E405:43,Prise duplex,1.6
ia,E405,E405,Prise duplex 20A,1904,1971,0.3344,0.4901,1904,1971,appariée,IA:E405:46,H:E405:44,Prise duplex,2.5
ia,E405,E405,Prise duplex 20A,1904,2081,0.3344,0.5174,1904,2081,appariée,IA:E405:47,H:E405:45,Prise duplex,2.6
ia,E405,E405,Prise duplex 20A,1904,2187,0.3344,0.5438,1904,2187,appariée,IA:E405:48,H:E405:46,Prise duplex,3.7
ia,E405,E405,Prise duplex 20A,2020,2277,0.3548,0.5661,2020,2277,appariée,IA:E405:49,H:E405:47,Prise duplex,2.6
ia,E405,E405,Prise duplex 20A,2240,2378,0.3934,0.5912,2240,2378,appariée,IA:E405:50,H:E405:48,Prise duplex,2.9
ia,E405,E405,Prise duplex 20A,1448,2583,0.2543,0.6422,1448,2583,appariée,IA:E405:51,H:E405:49,Prise duplex,1.2
ia,E405,E405,Prise duplex 20A,1531,2707,0.2689,0.6730,1531,2707,appariée,IA:E405:52,H:E405:50,Prise duplex,0.9
ia,E405,E405,Prise duplex 20A,1839,2643,0.3230,0.6571,1839,2643,appariée,IA:E405:53,H:E405:62,Prise duplex,1.4
ia,E405,E405,Prise duplex 20A,2067,2770,0.3630,0.6887,2067,2770,appariée,IA:E405:54,H:E405:63,Prise duplex,1.1
ia,E405,E405,Prise duplex 20A,1838,2899,0.3228,0.7208,1838,2899,appariée,IA:E405:55,H:E405:64,Prise duplex,1.2
ia,E405,E405,Prise duplex 20A,1809,2932,0.3177,0.7290,1809,2932,appariée,IA:E405:56,H:E405:54,Prise duplex,1.2
ia,E405,E405,Prise duplex 20A,1368,2798,0.2403,0.6957,1368,2798,appariée,IA:E405:57,H:E405:52,Prise duplex,1.1
ia,E405,E405,Prise duplex 20A,1137,2393,0.1997,0.5950,1137,2393,appariée,IA:E405:58,H:E405:40,Prise duplex,2.0
ia,E405,E405,Prise duplex 20A,918,2502,0.1612,0.6221,918,2502,appariée,IA:E405:59,H:E405:41,Prise duplex,1.1
ia,E405,E405,Prise duplex 20A,918,2797,0.1612,0.6954,918,2797,appariée,IA:E405:60,H:E405:51,Prise duplex,2.2
ia,E405,E405,Prise duplex 20A,1177,3031,0.2067,0.7536,1177,3031,appariée,IA:E405:61,H:E405:55,Prise duplex,2.6
ia,E405,E405,Prise duplex 20A,968,3064,0.1700,0.7618,968,3064,appariée,IA:E405:62,H:E405:56,Prise duplex,2.5
ia,E405,E405,Prise duplex 20A,1369,3274,0.2404,0.8140,1369,3274,appariée,IA:E405:63,H:E405:59,Prise duplex,1.9
ia,E405,E405,Prise duplex 20A,1776,3114,0.3119,0.7742,1776,3114,appariée,IA:E405:64,H:E405:58,Prise duplex,1.4
ia,E405,E405,Prise duplex 20A,1565,3136,0.2749,0.7797,1565,3136,appariée,IA:E405:65,H:E405:57,Prise duplex,2.6
ia,E405,E405,Prise duplex 20A,1598,3263,0.2806,0.8113,1598,3263,appariée,IA:E405:66,H:E405:60,Prise duplex,2.8
ia,E405,E405,Prise duplex 20A,1788,3462,0.3140,0.8608,1788,3462,appariée,IA:E405:67,H:E405:61,Prise duplex,1.7
ia,E405,E405,Prise duplex 20A,2054,3312,0.3607,0.8235,2054,3312,appariée,IA:E405:68,H:E405:65,Prise duplex,1.9
ia,E405,E405,Prise duplex 20A à 1070mm,1564,2783,0.2747,0.6919,1564,2783,appariée,IA:E405:69,H:E405:53,Prise duplex,2.3
ia,E405,E405,Raccord chauffe-eau (CE),921,3238,0.1617,0.8051,921,3238,appariée,IA:E405:70,H:E405:73,Raccord CC équipement,27.5
ia,E405,E405,Raccord chauffe-eau (CE),921,3304,0.1617,0.8215,921,3304,appariée,IA:E405:71,H:E405:74,Raccord CC équipement,27.4
ia,E405,E405,Raccord direct équipement (▲CC),1943,2438,0.3412,0.6062,1943,2438,appariée,IA:E405:72,H:E405:75,Raccord CC équipement,0.7
ia,E405,E405,Raccord direct équipement (▲CC),2008,2392,0.3527,0.5947,2008,2392,appariée,IA:E405:73,H:E405:76,Raccord CC équipement,0.7
ia,E405,E405,Raccord direct équipement (▲CC),1575,2497,0.2766,0.6208,1575,2497,appariée,IA:E405:74,H:E405:77,Raccord CC équipement,0.9
ia,E405,E405,Raccord direct équipement (▲CC),1919,2567,0.3370,0.6382,1919,2567,appariée,IA:E405:75,H:E405:78,Raccord CC équipement,0.9
ia,E405,E405,Raccord direct équipement (▲CC),1862,2507,0.3270,0.6233,1862,2507,appariée,IA:E405:76,H:E405:82,Raccord CC équipement,0.9
ia,E405,E405,Raccord direct équipement (▲CC),1511,3407,0.2654,0.8471,1511,3407,appariée,IA:E405:77,H:E405:79,Raccord CC équipement,0.7
ia,E405,E405,Raccord direct équipement (▲CC),947,3388,0.1663,0.8424,947,3388,appariée,IA:E405:78,H:E405:80,Raccord CC équipement,1.7
ia,E405,E405,Raccord direct équipement (▲CC),2504,1788,0.4398,0.4446,2504,1788,appariée,IA:E405:79,H:E405:81,Raccord CC équipement,1.3
ia,E405,E405,Raccord direct équipement (▲CC),1040,3116,0.1826,0.7747,1040,3116,appariée,IA:E405:80,H:E405:71,Raccord CC équipement,16.6
ia,E405,E405,Raccord direct équipement (▲CC),1107,3116,0.1944,0.7747,1107,3116,appariée,IA:E405:81,H:E405:72,Raccord CC équipement,17.6
ia,E405,E405,Raccord pompe (▼) — à classer,1248,3066,0.2192,0.7623,1248,3066,appariée,IA:E405:82,H:E405:85,Raccord pompe,16.9
ia,E405,E405,Raccord pompe (▼) — à classer,2397,1604,0.4210,0.3988,2397,1604,appariée,IA:E405:83,H:E405:83,Raccord pompe,2.1
ia,E405,E405,Raccord pompe (▼) — à classer,2500,1604,0.4391,0.3988,2500,1604,appariée,IA:E405:84,H:E405:84,Raccord pompe,3.1
ia,E405,E405,Sectionneur 600A,1456,3445,0.2557,0.8565,1456,3445,appariée,IA:E405:85,H:E405:87,Sectionneur,18.4
ia,E405,E405,Sectionneur 600A,1419,3323,0.2492,0.8262,1419,3323,appariée,IA:E405:86,H:E405:86,Sectionneur,19.0
ia,E405,E405,Sortie data dans mobilier,1859,2772,0.3265,0.6892,1859,2772,appariée,IA:E405:87,H:E405:88,Sortie data mobilier,2.4
ia,E405,E405,Sortie data dans mobilier,1893,2772,0.3325,0.6892,1893,2772,appariée,IA:E405:88,H:E405:89,Sortie data mobilier,1.1
ia,E405,E405,Transformateur (Xfo),1600,3368,0.2810,0.8374,1600,3368,appariée,IA:E405:89,H:E405:91,Transformateur,61.9
ia,E405,E405,Transformateur (Xfo),1600,3184,0.2810,0.7916,1600,3184,appariée,IA:E405:90,H:E405:90,Transformateur,62.0
ia,E406,E406,Aéroconvecteur plafond (ACP),1035,1934,0.1818,0.4809,1035,1934,appariée,IA:E406:1,H:E406:215,Symbole vert pointillé — à classer,3.3
ia,E406,E406,Borne de recharge VE,2973,1652,0.5221,0.4107,2973,1652,en trop IA,IA:E406:2,,,
ia,E406,E406,Borne de recharge VE,2973,1707,0.5221,0.4244,2973,1707,en trop IA,IA:E406:3,,,
ia,E406,E406,Coupe-circuit NEMA 3R (CC),3006,1637,0.5279,0.4070,3006,1637,appariée,IA:E406:4,H:E406:176,Raccord CC équipement,1.3
ia,E406,E406,Coupe-circuit NEMA 3R (CC),3006,1716,0.5279,0.4267,3006,1716,appariée,IA:E406:5,H:E406:175,Raccord CC équipement,1.3
ia,E406,E406,Détecteur de fumée (F),2167,1885,0.3806,0.4687,2167,1885,appariée,IA:E406:6,H:E406:1,Détecteur de fumée,0.5
ia,E406,E406,Klaxon alarme (K),1133,3265,0.1990,0.8118,1133,3265,appariée,IA:E406:7,H:E406:2,Klaxon,0.7
ia,E406,E406,Klaxon alarme (K),1746,3155,0.3066,0.7844,1746,3155,appariée,IA:E406:8,H:E406:3,Klaxon,0.7
ia,E406,E406,Klaxon alarme (K),1785,3147,0.3135,0.7824,1785,3147,appariée,IA:E406:9,H:E406:4,Klaxon,0.7
ia,E406,E406,Klaxon alarme (K),1228,2775,0.2157,0.6900,1228,2775,appariée,IA:E406:10,H:E406:5,Klaxon,0.6
ia,E406,E406,Klaxon alarme (K),1340,2736,0.2353,0.6803,1340,2736,appariée,IA:E406:11,H:E406:6,Klaxon,0.5
ia,E406,E406,Klaxon alarme (K),1765,2693,0.3100,0.6696,1765,2693,appariée,IA:E406:12,H:E406:7,Klaxon,0.6
ia,E406,E406,Klaxon alarme (K),1899,2726,0.3335,0.6778,1899,2726,appariée,IA:E406:13,H:E406:8,Klaxon,0.6
ia,E406,E406,Klaxon alarme (K),2013,2529,0.3535,0.6288,2013,2529,appariée,IA:E406:14,H:E406:9,Klaxon,0.6
ia,E406,E406,Klaxon alarme (K),2613,2951,0.4589,0.7337,2613,2951,appariée,IA:E406:15,H:E406:10,Klaxon,0.9
ia,E406,E406,Klaxon alarme (K),2904,3194,0.5100,0.7941,2904,3194,appariée,IA:E406:16,H:E406:11,Klaxon,1.0
ia,E406,E406,Klaxon alarme (K),3191,3194,0.5604,0.7941,3191,3194,appariée,IA:E406:17,H:E406:12,Klaxon,1.1
ia,E406,E406,Klaxon alarme (K),3474,3194,0.6101,0.7941,3474,3194,appariée,IA:E406:18,H:E406:13,Klaxon,1.2
ia,E406,E406,Klaxon alarme (K),3473,3045,0.6099,0.7571,3473,3045,appariée,IA:E406:19,H:E406:14,Klaxon,1.2
ia,E406,E406,Klaxon alarme (K),3235,3045,0.5681,0.7571,3235,3045,appariée,IA:E406:20,H:E406:15,Klaxon,1.1
ia,E406,E406,Klaxon alarme (K),2982,2764,0.5237,0.6872,2982,2764,appariée,IA:E406:21,H:E406:16,Klaxon,1.0
ia,E406,E406,Klaxon alarme (K),2365,2082,0.4153,0.5177,2365,2082,appariée,IA:E406:22,H:E406:17,Klaxon,0.6
ia,E406,E406,Klaxon alarme (K),2977,2803,0.5228,0.6969,2977,2803,appariée,IA:E406:23,H:E406:18,Klaxon,1.0
ia,E406,E406,Klaxon alarme (K),2541,1891,0.4463,0.4702,2541,1891,appariée,IA:E406:24,H:E406:19,Klaxon,0.7
ia,E406,E406,Klaxon alarme (K),1559,1795,0.2738,0.4463,1559,1795,appariée,IA:E406:25,H:E406:20,Klaxon,0.3
ia,E406,E406,Klaxon alarme (K),1586,1689,0.2785,0.4199,1586,1689,appariée,IA:E406:26,H:E406:21,Klaxon,0.3
ia,E406,E406,Klaxon alarme (K),1701,1676,0.2987,0.4167,1701,1676,appariée,IA:E406:27,H:E406:22,Klaxon,0.3
ia,E406,E406,Klaxon alarme (K),1024,2112,0.1798,0.5251,1024,2112,appariée,IA:E406:28,H:E406:23,Klaxon,0.4
ia,E406,E406,Klaxon alarme (K),2114,2790,0.3713,0.6937,2114,2790,appariée,IA:E406:29,H:E406:24,Klaxon,0.7
ia,E406,E406,Klaxon alarme (K),2720,2497,0.4777,0.6208,2720,2497,appariée,IA:E406:30,H:E406:25,Klaxon,0.8
ia,E406,E406,Klaxon alarme (K),2871,2867,0.5042,0.7128,2871,2867,appariée,IA:E406:31,H:E406:26,Klaxon,0.9
ia,E406,E406,Klaxon alarme (K),1245,2910,0.2187,0.7235,1245,2910,appariée,IA:E406:32,H:E406:27,Klaxon,0.6
ia,E406,E406,Klaxon alarme (K),2848,2385,0.5002,0.5930,2848,2385,appariée,IA:E406:33,H:E406:28,Klaxon,0.9
ia,E406,E406,Klaxon alarme (K),1951,3050,0.3426,0.7583,1951,3050,appariée,IA:E406:34,H:E406:29,Klaxon,0.7
ia,E406,E406,Klaxon alarme (K),2246,2081,0.3945,0.5174,2246,2081,appariée,IA:E406:35,H:E406:30,Klaxon,0.6
ia,E406,E406,Klaxon alarme (K),2364,1760,0.4152,0.4376,2364,1760,appariée,IA:E406:36,H:E406:31,Klaxon,0.6
ia,E406,E406,Klaxon alarme (K),2911,2977,0.5112,0.7402,2911,2977,appariée,IA:E406:37,H:E406:32,Klaxon,1.0
ia,E406,E406,Module de transmission (TRA),1004,2029,0.1763,0.5045,1004,2029,appariée,IA:E406:38,H:E406:33,Module transmission TRA,1.9
ia,E406,E406,Panneau alarme incendie (PAI),1004,2058,0.1763,0.5117,1004,2058,appariée,IA:E406:39,H:E406:36,Panneau d'alarme PAI,1.9
ia,E406,E406,Panneau de dérivation,1626,2908,0.2856,0.7230,1626,2908,appariée,IA:E406:40,H:E406:35,Panneau,16.4
ia,E406,E406,Panneau de dérivation,1572,2908,0.2761,0.7230,1572,2908,appariée,IA:E406:41,H:E406:34,Panneau,18.8
ia,E406,E406,Poste manuel (M),2168,3094,0.3808,0.7693,2168,3094,appariée,IA:E406:42,H:E406:37,Poste manuel,0.8
ia,E406,E406,Poste manuel (M),2717,1741,0.4772,0.4329,2717,1741,appariée,IA:E406:43,H:E406:38,Poste manuel,0.7
ia,E406,E406,Poste manuel (M),1195,1796,0.2099,0.4465,1195,1796,appariée,IA:E406:44,H:E406:39,Poste manuel,0.3
ia,E406,E406,Poste manuel (M),1126,2083,0.1978,0.5179,1126,2083,appariée,IA:E406:45,H:E406:40,Poste manuel,0.4
ia,E406,E406,Poste maître intercom (PMI),1056,2058,0.1855,0.5117,1056,2058,appariée,IA:E406:46,H:E406:41,Poste-maître intercom PMI,1.0
ia,E406,E406,Prise 20A au plancher,983,2243,0.1726,0.5577,983,2243,appariée,IA:E406:47,H:E406:168,Prise mobilier,1.9
ia,E406,E406,Prise 20A au plancher,946,3136,0.1661,0.7797,946,3136,appariée,IA:E406:48,H:E406:169,Prise mobilier,1.8
ia,E406,E406,Prise 20A au plancher,1054,3136,0.1851,0.7797,1054,3136,appariée,IA:E406:49,H:E406:170,Prise mobilier,2.0
ia,E406,E406,Prise 20A dans mobilier,1361,1976,0.2390,0.4913,1361,1976,appariée,IA:E406:50,H:E406:164,Prise mobilier,1.9
ia,E406,E406,Prise 20A dans mobilier,1013,3361,0.1779,0.8357,1013,3361,appariée,IA:E406:51,H:E406:173,Prise mobilier,0.9
ia,E406,E406,Prise 20A dans mobilier,1082,3361,0.1900,0.8357,1082,3361,appariée,IA:E406:52,H:E406:174,Prise mobilier,1.0
ia,E406,E406,Prise 20A dans mobilier,1669,2794,0.2931,0.6947,1669,2794,appariée,IA:E406:53,H:E406:171,Prise mobilier,0.5
ia,E406,E406,Prise 20A dans mobilier,1735,2794,0.3047,0.6947,1735,2794,appariée,IA:E406:54,H:E406:172,Prise mobilier,2.3
ia,E406,E406,Prise 20A dans mobilier,1361,2047,0.2390,0.5090,1361,2047,appariée,IA:E406:55,H:E406:166,Prise mobilier,1.2
ia,E406,E406,Prise 20A dans mobilier,1385,1935,0.2432,0.4811,1385,1935,appariée,IA:E406:56,H:E406:163,Prise mobilier,1.2
ia,E406,E406,Prise 20A dans mobilier,1521,1981,0.2671,0.4925,1521,1981,appariée,IA:E406:57,H:E406:165,Prise mobilier,2.0
ia,E406,E406,Prise 20A dans mobilier,1521,2044,0.2671,0.5082,1521,2044,appariée,IA:E406:58,H:E406:167,Prise mobilier,2.6
ia,E406,E406,Prise 20A micro-onde (MO),1127,2828,0.1979,0.7031,1127,2828,appariée,IA:E406:59,H:E406:160,Prise micro-onde,1.8
ia,E406,E406,Prise 20A micro-onde (MO),2365,2948,0.4153,0.7330,2365,2948,appariée,IA:E406:60,H:E406:162,Prise micro-onde,1.5
ia,E406,E406,Prise 20A micro-onde (MO),3089,2422,0.5425,0.6022,3089,2422,appariée,IA:E406:61,H:E406:158,Prise micro-onde,2.9
ia,E406,E406,Prise 20A micro-onde (MO),3126,2422,0.5490,0.6022,3126,2422,appariée,IA:E406:62,H:E406:159,Prise micro-onde,1.9
ia,E406,E406,Prise 20A micro-onde (MO),1306,3062,0.2294,0.7613,1306,3062,appariée,IA:E406:63,H:E406:161,Prise micro-onde,1.9
ia,E406,E406,Prise DDFT 20A,1475,1716,0.2590,0.4267,1475,1716,appariée,IA:E406:64,H:E406:150,Prise duplex DDFT,2.1
ia,E406,E406,Prise DDFT 20A,1625,3063,0.2854,0.7616,1625,3063,appariée,IA:E406:65,H:E406:153,Prise duplex DDFT,1.0
ia,E406,E406,Prise DDFT 20A,940,2874,0.1651,0.7146,940,2874,appariée,IA:E406:66,H:E406:151,Prise duplex DDFT,1.4
ia,E406,E406,Prise DDFT 20A,3111,2769,0.5464,0.6885,3111,2769,appariée,IA:E406:67,H:E406:156,Prise duplex DDFT,1.8
ia,E406,E406,Prise DDFT 20A,2486,2948,0.4366,0.7330,2486,2948,appariée,IA:E406:68,H:E406:155,Prise duplex DDFT,2.1
ia,E406,E406,Prise DDFT 20A,2560,2079,0.4496,0.5169,2560,2079,appariée,IA:E406:69,H:E406:154,Prise duplex DDFT,1.6
ia,E406,E406,Prise DDFT 20A,2956,2977,0.5191,0.7402,2956,2977,appariée,IA:E406:70,H:E406:157,Prise duplex DDFT,1.0
ia,E406,E406,Prise DDFT 20A,1347,3063,0.2366,0.7616,1347,3063,appariée,IA:E406:71,H:E406:152,Prise duplex DDFT,1.2
ia,E406,E406,Prise DDFT 20A,1510,3063,0.2652,0.7616,1510,3063,appariée,IA:E406:72,H:E406:96,Prise duplex,3.5
ia,E406,E406,Prise DDFT intempéries,2783,1737,0.4888,0.4319,2783,1737,appariée,IA:E406:73,H:E406:42,Prise DDFT Ei,1.3
ia,E406,E406,Prise cuisinière 50A (C),1024,2872,0.1798,0.7141,1024,2872,appariée,IA:E406:74,H:E406:45,Prise cuisinière C,0.6
ia,E406,E406,Prise cuisinière 50A (C),3191,2424,0.5604,0.6027,3191,2424,appariée,IA:E406:75,H:E406:43,Prise cuisinière C,3.2
ia,E406,E406,Prise cuisinière 50A (C),3257,2424,0.5720,0.6027,3257,2424,appariée,IA:E406:76,H:E406:44,Prise cuisinière C,2.7
ia,E406,E406,Prise duplex 15A,1232,3287,0.2164,0.8173,1232,3287,appariée,IA:E406:77,H:E406:93,Prise duplex,1.0
ia,E406,E406,Prise duplex 15A,1128,2778,0.1981,0.6907,1128,2778,appariée,IA:E406:78,H:E406:81,Prise duplex,2.5
ia,E406,E406,Prise duplex 15A,3066,2391,0.5385,0.5945,3066,2391,appariée,IA:E406:79,H:E406:72,Prise duplex,1.0
ia,E406,E406,Prise duplex 15A,3445,2391,0.6050,0.5945,3445,2391,appariée,IA:E406:80,H:E406:76,Prise duplex,3.1
ia,E406,E406,Prise duplex 15A,3329,2391,0.5847,0.5945,3329,2391,appariée,IA:E406:81,H:E406:75,Prise duplex,1.1
ia,E406,E406,Prise duplex 15A,3214,2391,0.5645,0.5945,3214,2391,appariée,IA:E406:82,H:E406:74,Prise duplex,3.9
ia,E406,E406,Prise duplex 15A,3125,2391,0.5488,0.5945,3125,2391,appariée,IA:E406:83,H:E406:73,Prise duplex,1.0
ia,E406,E406,Prise duplex 15A,3004,2390,0.5276,0.5942,3004,2390,appariée,IA:E406:84,H:E406:71,Prise duplex,0.9
ia,E406,E406,Prise duplex 15A,2930,2390,0.5146,0.5942,2930,2390,appariée,IA:E406:85,H:E406:70,Prise duplex,0.9
ia,E406,E406,Prise duplex 15A,2588,2947,0.4545,0.7327,2588,2947,appariée,IA:E406:86,H:E406:117,Prise duplex,0.7
ia,E406,E406,Prise duplex 15A,2536,2947,0.4454,0.7327,2536,2947,appariée,IA:E406:87,H:E406:116,Prise duplex,0.7
ia,E406,E406,Prise duplex 15A,3033,2769,0.5327,0.6885,3033,2769,appariée,IA:E406:88,H:E406:127,Prise duplex,2.4
ia,E406,E406,Prise duplex 15A,3330,2422,0.5848,0.6022,3330,2422,appariée,IA:E406:89,H:E406:77,Prise duplex,2.0
ia,E406,E406,Prise duplex 15A,2666,2615,0.4682,0.6502,2666,2615,appariée,IA:E406:90,H:E406:106,Prise duplex,1.7
ia,E406,E406,Prise duplex 15A,2576,2615,0.4524,0.6502,2576,2615,appariée,IA:E406:91,H:E406:105,Prise duplex,0.8
ia,E406,E406,Prise duplex 15A,2510,2615,0.4408,0.6502,2510,2615,appariée,IA:E406:92,H:E406:104,Prise duplex,1.5
ia,E406,E406,Prise duplex 15A,2449,2615,0.4301,0.6502,2449,2615,appariée,IA:E406:93,H:E406:103,Prise duplex,0.7
ia,E406,E406,Prise duplex 15A,2380,2615,0.4180,0.6502,2380,2615,appariée,IA:E406:94,H:E406:102,Prise duplex,0.7
ia,E406,E406,Prise duplex 15A,2312,2614,0.4060,0.6499,2312,2614,appariée,IA:E406:95,H:E406:101,Prise duplex,1.6
ia,E406,E406,Prise duplex 15A,3072,2991,0.5395,0.7437,3072,2991,appariée,IA:E406:96,H:E406:133,Prise duplex,1.4
ia,E406,E406,Prise duplex 15A,3106,2999,0.5455,0.7456,3106,2999,appariée,IA:E406:97,H:E406:134,Prise duplex,1.0
ia,E406,E406,Prise duplex 20A,1701,1634,0.2987,0.4063,1701,1634,appariée,IA:E406:98,H:E406:46,Prise duplex,1.4
ia,E406,E406,Prise duplex 20A,1808,1606,0.3175,0.3993,1808,1606,appariée,IA:E406:99,H:E406:54,Prise duplex,1.3
ia,E406,E406,Prise duplex 20A,1908,1606,0.3351,0.3993,1908,1606,appariée,IA:E406:100,H:E406:55,Prise duplex,1.3
ia,E406,E406,Prise duplex 20A,2007,1606,0.3525,0.3993,2007,1606,appariée,IA:E406:101,H:E406:56,Prise duplex,0.7
ia,E406,E406,Prise duplex 20A,1491,1792,0.2619,0.4455,1491,1792,appariée,IA:E406:102,H:E406:47,Prise duplex,2.5
ia,E406,E406,Prise duplex 20A,1527,2348,0.2682,0.5838,1527,2348,appariée,IA:E406:103,H:E406:51,Prise duplex,1.0
ia,E406,E406,Prise duplex 20A,1634,2348,0.2870,0.5838,1634,2348,appariée,IA:E406:104,H:E406:52,Prise duplex,1.3
ia,E406,E406,Prise duplex 20A,1748,2348,0.3070,0.5838,1748,2348,appariée,IA:E406:105,H:E406:53,Prise duplex,1.3
ia,E406,E406,Prise duplex 20A,1295,2348,0.2274,0.5838,1295,2348,appariée,IA:E406:106,H:E406:50,Prise duplex,1.1
ia,E406,E406,Prise duplex 20A,1818,2381,0.3193,0.5920,1818,2381,appariée,IA:E406:107,H:E406:63,Prise duplex,1.4
ia,E406,E406,Prise duplex 20A,1008,2348,0.1770,0.5838,1008,2348,appariée,IA:E406:108,H:E406:49,Prise duplex,1.0
ia,E406,E406,Prise duplex 20A,1421,2612,0.2496,0.6494,1421,2612,appariée,IA:E406:109,H:E406:78,Prise duplex,1.2
ia,E406,E406,Prise duplex 20A,1761,2659,0.3093,0.6611,1761,2659,appariée,IA:E406:110,H:E406:79,Prise duplex,2.7
ia,E406,E406,Prise duplex 20A,1661,2689,0.2917,0.6686,1661,2689,appariée,IA:E406:111,H:E406:80,Prise duplex,0.5
ia,E406,E406,Prise duplex 20A,1457,2752,0.2559,0.6842,1457,2752,appariée,IA:E406:112,H:E406:84,Prise duplex,1.7
ia,E406,E406,Prise duplex 20A,1457,2825,0.2559,0.7024,1457,2825,appariée,IA:E406:113,H:E406:85,Prise duplex,1.1
ia,E406,E406,Prise duplex 20A,1642,2874,0.2884,0.7146,1642,2874,appariée,IA:E406:114,H:E406:86,Prise duplex,1.6
ia,E406,E406,Prise duplex 20A,2077,2748,0.3648,0.6832,2077,2748,appariée,IA:E406:115,H:E406:108,Prise duplex,0.7
ia,E406,E406,Prise duplex 20A,2023,2874,0.3553,0.7146,2023,2874,appariée,IA:E406:116,H:E406:112,Prise duplex,2.1
ia,E406,E406,Prise duplex 20A,2110,2757,0.3706,0.6855,2110,2757,appariée,IA:E406:117,H:E406:109,Prise duplex,1.6
ia,E406,E406,Prise duplex 20A,1969,2529,0.3458,0.6288,1969,2529,appariée,IA:E406:118,H:E406:100,Prise duplex,2.4
ia,E406,E406,Prise duplex 20A,1839,2907,0.3230,0.7228,1839,2907,appariée,IA:E406:119,H:E406:113,Prise duplex,1.3
ia,E406,E406,Prise duplex 20A,1886,3085,0.3312,0.7670,1886,3085,appariée,IA:E406:120,H:E406:118,Prise duplex,0.7
ia,E406,E406,Prise duplex 20A,1781,3280,0.3128,0.8155,1781,3280,appariée,IA:E406:121,H:E406:99,Prise duplex,1.7
ia,E406,E406,Prise duplex 20A,2053,3275,0.3606,0.8143,2053,3275,appariée,IA:E406:122,H:E406:120,Prise duplex,1.7
ia,E406,E406,Prise duplex 20A,1917,3458,0.3367,0.8598,1917,3458,appariée,IA:E406:123,H:E406:122,Prise duplex,0.4
ia,E406,E406,Prise duplex 20A,1546,3418,0.2715,0.8498,1546,3418,appariée,IA:E406:124,H:E406:95,Prise duplex,1.9
ia,E406,E406,Prise duplex 20A,1678,3062,0.2947,0.7613,1678,3062,appariée,IA:E406:125,H:E406:97,Prise duplex,1.6
ia,E406,E406,Prise duplex 20A,1750,3234,0.3073,0.8041,1750,3234,appariée,IA:E406:126,H:E406:98,Prise duplex,0.4
ia,E406,E406,Prise duplex 20A,1059,3261,0.1860,0.8108,1059,3261,appariée,IA:E406:127,H:E406:92,Prise duplex,1.7
ia,E406,E406,Prise duplex 20A,1022,3230,0.1795,0.8031,1022,3230,appariée,IA:E406:128,H:E406:91,Prise duplex,1.9
ia,E406,E406,Prise duplex 20A,950,2964,0.1668,0.7369,950,2964,appariée,IA:E406:129,H:E406:89,Prise duplex,0.4
ia,E406,E406,Prise duplex 20A,1061,2964,0.1863,0.7369,1061,2964,appariée,IA:E406:130,H:E406:90,Prise duplex,1.2
ia,E406,E406,Prise duplex 20A,1145,2949,0.2011,0.7332,1145,2949,appariée,IA:E406:131,H:E406:88,Prise duplex,0.6
ia,E406,E406,Prise duplex 20A,2766,3284,0.4858,0.8165,2766,3284,appariée,IA:E406:132,H:E406:143,Prise duplex,1.7
ia,E406,E406,Prise duplex 20A,2283,3078,0.4009,0.7653,2283,3078,appariée,IA:E406:133,H:E406:119,Prise duplex,1.6
ia,E406,E406,Prise duplex 20A,2766,3090,0.4858,0.7683,2766,3090,appariée,IA:E406:134,H:E406:139,Prise duplex,1.8
ia,E406,E406,Prise duplex 20A,2283,3360,0.4009,0.8354,2283,3360,appariée,IA:E406:135,H:E406:121,Prise duplex,1.6
ia,E406,E406,Prise duplex 20A,2904,3239,0.5100,0.8053,2904,3239,appariée,IA:E406:136,H:E406:140,Prise duplex,1.3
ia,E406,E406,Prise duplex 20A,2796,3346,0.4910,0.8319,2796,3346,appariée,IA:E406:137,H:E406:145,Prise duplex,0.8
ia,E406,E406,Prise duplex 20A,3050,3345,0.5357,0.8317,3050,3345,appariée,IA:E406:138,H:E406:146,Prise duplex,2.2
ia,E406,E406,Prise duplex 20A,3081,3355,0.5411,0.8342,3081,3355,appariée,IA:E406:139,H:E406:147,Prise duplex,2.0
ia,E406,E406,Prise duplex 20A,3192,3240,0.5606,0.8056,3192,3240,appariée,IA:E406:140,H:E406:141,Prise duplex,1.6
ia,E406,E406,Prise duplex 20A,3339,3343,0.5864,0.8312,3339,3343,appariée,IA:E406:141,H:E406:148,Prise duplex,2.1
ia,E406,E406,Prise duplex 20A,3370,3355,0.5919,0.8342,3370,3355,appariée,IA:E406:142,H:E406:149,Prise duplex,2.1
ia,E406,E406,Prise duplex 20A,3475,3240,0.6103,0.8056,3475,3240,appariée,IA:E406:143,H:E406:142,Prise duplex,2.4
ia,E406,E406,Prise duplex 20A,3547,3302,0.6229,0.8210,3547,3302,appariée,IA:E406:144,H:E406:144,Prise duplex,2.2
ia,E406,E406,Prise duplex 20A,3151,3081,0.5534,0.7660,3151,3081,appariée,IA:E406:145,H:E406:138,Prise duplex,0.4
ia,E406,E406,Prise duplex 20A,3236,3002,0.5683,0.7464,3236,3002,appariée,IA:E406:146,H:E406:136,Prise duplex,2.0
ia,E406,E406,Prise duplex 20A,3220,2800,0.5655,0.6962,3220,2800,appariée,IA:E406:147,H:E406:129,Prise duplex,2.4
ia,E406,E406,Prise duplex 20A,3370,2875,0.5919,0.7148,3370,2875,appariée,IA:E406:148,H:E406:131,Prise duplex,2.1
ia,E406,E406,Prise duplex 20A,3474,3003,0.6101,0.7466,3474,3003,appariée,IA:E406:149,H:E406:137,Prise duplex,1.7
ia,E406,E406,Prise duplex 20A,3547,2879,0.6229,0.7158,3547,2879,appariée,IA:E406:150,H:E406:132,Prise duplex,2.5
ia,E406,E406,Prise duplex 20A,2978,2847,0.5230,0.7079,2978,2847,appariée,IA:E406:151,H:E406:130,Prise duplex,1.8
ia,E406,E406,Prise duplex 20A,2876,2758,0.5051,0.6857,2876,2758,appariée,IA:E406:152,H:E406:125,Prise duplex,1.8
ia,E406,E406,Prise duplex 20A,2755,2292,0.4838,0.5699,2755,2292,appariée,IA:E406:153,H:E406:69,Prise duplex,0.8
ia,E406,E406,Prise duplex 20A,2755,2100,0.4838,0.5221,2755,2100,appariée,IA:E406:154,H:E406:67,Prise duplex,1.6
ia,E406,E406,Prise duplex 20A,2899,1928,0.5091,0.4794,2899,1928,appariée,IA:E406:155,H:E406:65,Prise duplex,1.5
ia,E406,E406,Prise duplex 20A,3304,1928,0.5803,0.4794,3304,1928,appariée,IA:E406:156,H:E406:66,Prise duplex,1.3
ia,E406,E406,Prise duplex 20A,3547,2153,0.6229,0.5353,3547,2153,appariée,IA:E406:157,H:E406:68,Prise duplex,2.6
ia,E406,E406,Prise duplex 20A,2436,1606,0.4278,0.3993,2436,1606,appariée,IA:E406:158,H:E406:57,Prise duplex,1.6
ia,E406,E406,Prise duplex 20A,2653,1606,0.4659,0.3993,2653,1606,appariée,IA:E406:159,H:E406:59,Prise duplex,0.7
ia,E406,E406,Prise duplex 20A,2552,1606,0.4482,0.3993,2552,1606,appariée,IA:E406:160,H:E406:58,Prise duplex,0.7
ia,E406,E406,Prise duplex 20A,2520,2046,0.4426,0.5087,2520,2046,appariée,IA:E406:161,H:E406:60,Prise duplex,1.6
ia,E406,E406,Prise duplex 20A,2250,2363,0.3952,0.5875,2250,2363,appariée,IA:E406:162,H:E406:62,Prise duplex,2.1
ia,E406,E406,Prise duplex 20A,2676,2496,0.4700,0.6206,2676,2496,appariée,IA:E406:163,H:E406:64,Prise duplex,2.7
ia,E406,E406,Prise duplex 20A,2610,2646,0.4584,0.6579,2610,2646,appariée,IA:E406:164,H:E406:107,Prise duplex,0.8
ia,E406,E406,Prise duplex 20A,2477,2915,0.4350,0.7248,2477,2915,appariée,IA:E406:165,H:E406:114,Prise duplex,0.7
ia,E406,E406,Prise duplex 20A,1412,2907,0.2480,0.7228,1412,2907,appariée,IA:E406:166,H:E406:87,Prise duplex,1.0
ia,E406,E406,Prise duplex 20A,1228,2819,0.2157,0.7009,1228,2819,appariée,IA:E406:167,H:E406:83,Prise duplex,1.8
ia,E406,E406,Prise duplex 20A,977,2108,0.1716,0.5241,977,2108,appariée,IA:E406:168,H:E406:48,Prise duplex,0.9
ia,E406,E406,Prise duplex 20A,2982,2722,0.5237,0.6768,2982,2722,appariée,IA:E406:169,H:E406:126,Prise duplex,1.0
ia,E406,E406,Prise duplex 20A,1232,3424,0.2164,0.8513,1232,3424,appariée,IA:E406:170,H:E406:94,Prise duplex,1.2
ia,E406,E406,Prise duplex 20A à 1070mm,1865,2805,0.3275,0.6974,1865,2805,appariée,IA:E406:171,H:E406:111,Prise duplex,1.4
ia,E406,E406,Prise duplex 20A à 1070mm,1894,2786,0.3326,0.6927,1894,2786,appariée,IA:E406:172,H:E406:110,Prise duplex,1.4
ia,E406,E406,Prise duplex 20A à 1070mm,1072,2874,0.1883,0.7146,1072,2874,appariée,IA:E406:173,H:E406:82,Prise duplex,1.8
ia,E406,E406,Prise duplex 20A à 1070mm,2304,2313,0.4046,0.5751,2304,2313,appariée,IA:E406:174,H:E406:61,Prise duplex,0.7
ia,E406,E406,Prise duplex 20A à 1070mm,2300,2947,0.4039,0.7327,2300,2947,appariée,IA:E406:175,H:E406:115,Prise duplex,1.5
ia,E406,E406,Prise duplex 20A à 1070mm,3269,2769,0.5741,0.6885,3269,2769,appariée,IA:E406:176,H:E406:128,Prise duplex,1.8
ia,E406,E406,Prise duplex 20A à 1070mm,2906,2675,0.5104,0.6651,2906,2675,appariée,IA:E406:177,H:E406:124,Prise duplex,0.9
ia,E406,E406,Prise duplex 20A à 1070mm,2906,2542,0.5104,0.6320,2906,2542,appariée,IA:E406:178,H:E406:123,Prise duplex,1.7
ia,E406,E406,Prise sécheuse 30A (S),3072,3037,0.5395,0.7551,3072,3037,appariée,IA:E406:179,H:E406:135,Prise duplex,1.4
ia,E406,E406,Raccord direct équipement (▲CC),3216,2457,0.5648,0.6109,3216,2457,appariée,IA:E406:180,H:E406:177,Raccord CC équipement,29.1
ia,E406,E406,Raccord direct équipement (▲CC),1420,3075,0.2494,0.7645,1420,3075,appariée,IA:E406:181,H:E406:178,Raccord CC équipement,28.9
ia,E406,E406,Raccord direct équipement (▲CC),2997,3037,0.5263,0.7551,2997,3037,appariée,IA:E406:182,H:E406:179,Raccord CC équipement,27.2
ia,E406,E406,Raccord direct équipement (▲CC),2791,1654,0.4902,0.4112,2791,1654,appariée,IA:E406:183,H:E406:180,Raccord CC équipement,28.3
ia,E406,E406,Raccord direct équipement (▲CC),2884,1862,0.5065,0.4630,2884,1862,appariée,IA:E406:184,H:E406:182,Raccord CC équipement,28.3
ia,E406,E406,Raccord direct équipement (▲CC),923,3555,0.1621,0.8839,923,3555,appariée,IA:E406:185,H:E406:181,Raccord CC équipement,28.3
ia,E406,E406,Raccord hotte (Ht),1024,2828,0.1798,0.7031,1024,2828,appariée,IA:E406:186,H:E406:183,Raccord hotte Ht,0.5
ia,E406,E406,Raccord lave-vaisselle (LV),1482,2030,0.2603,0.5047,1482,2030,appariée,IA:E406:187,H:E406:184,Raccord lave-vaisselle,0.4
ia,E406,E406,Raccord lave-vaisselle (LV),1489,3082,0.2615,0.7663,1489,3082,appariée,IA:E406:188,H:E406:185,Raccord lave-vaisselle,0.6
ia,E406,E406,Raccord lave-vaisselle (LV),3110,2733,0.5462,0.6795,3110,2733,appariée,IA:E406:189,H:E406:186,Raccord lave-vaisselle,1.0
ia,E406,E406,Raccord lave-vaisselle (LV),1056,2827,0.1855,0.7029,1056,2827,appariée,IA:E406:190,H:E406:187,Raccord lave-vaisselle,0.6
ia,E406,E406,Sortie data,1828,1607,0.3210,0.3996,1828,1607,appariée,IA:E406:191,H:E406:193,Sortie data,1.0
ia,E406,E406,Sortie data,1928,1607,0.3386,0.3996,1928,1607,appariée,IA:E406:192,H:E406:194,Sortie data,2.4
ia,E406,E406,Sortie data,2028,1607,0.3562,0.3996,2028,1607,appariée,IA:E406:193,H:E406:195,Sortie data,1.5
ia,E406,E406,Sortie data,1547,2348,0.2717,0.5838,1547,2348,appariée,IA:E406:194,H:E406:190,Sortie data,0.6
ia,E406,E406,Sortie data,1655,2348,0.2907,0.5838,1655,2348,appariée,IA:E406:195,H:E406:191,Sortie data,1.3
ia,E406,E406,Sortie data,1768,2348,0.3105,0.5838,1768,2348,appariée,IA:E406:196,H:E406:192,Sortie data,0.9
ia,E406,E406,Sortie data,1840,2381,0.3231,0.5920,1840,2381,appariée,IA:E406:197,H:E406:196,Sortie data,2.3
ia,E406,E406,Sortie data,1458,2772,0.2561,0.6892,1458,2772,appariée,IA:E406:198,H:E406:197,Sortie data,0.6
ia,E406,E406,Sortie data,1458,2805,0.2561,0.6974,1458,2805,appariée,IA:E406:199,H:E406:198,Sortie data,0.6
ia,E406,E406,Sortie data,2077,2727,0.3648,0.6780,2077,2727,appariée,IA:E406:200,H:E406:203,Sortie data,0.7
ia,E406,E406,Sortie data,969,2964,0.1702,0.7369,969,2964,appariée,IA:E406:201,H:E406:200,Sortie data,0.4
ia,E406,E406,Sortie data,1080,2964,0.1897,0.7369,1080,2964,appariée,IA:E406:202,H:E406:201,Sortie data,1.2
ia,E406,E406,Sortie data,1146,2930,0.2013,0.7285,1146,2930,appariée,IA:E406:203,H:E406:199,Sortie data,1.1
ia,E406,E406,Sortie data,3547,3323,0.6229,0.8262,3547,3323,appariée,IA:E406:204,H:E406:207,Sortie data,2.4
ia,E406,E406,Sortie data,3547,2900,0.6229,0.7210,3547,2900,appariée,IA:E406:205,H:E406:205,Sortie data,2.6
ia,E406,E406,Sortie data,2630,2646,0.4619,0.6579,2630,2646,appariée,IA:E406:206,H:E406:202,Sortie data,0.6
ia,E406,E406,Sortie data,2765,3258,0.4856,0.8100,2765,3258,appariée,IA:E406:207,H:E406:206,Sortie data,0.8
ia,E406,E406,Sortie data,1037,3361,0.1821,0.8357,1037,3361,appariée,IA:E406:208,H:E406:213,Sortie data mobilier,0.9
ia,E406,E406,Sortie data,1694,2794,0.2975,0.6947,1694,2794,appariée,IA:E406:209,H:E406:211,Sortie data mobilier,2.2
ia,E406,E406,Sortie data,1760,2794,0.3091,0.6947,1760,2794,appariée,IA:E406:210,H:E406:212,Sortie data mobilier,1.3
ia,E406,E406,Sortie data,3243,2800,0.5695,0.6962,3243,2800,appariée,IA:E406:211,H:E406:204,Sortie data,1.7
ia,E406,E406,Sortie data dans mobilier,1019,2243,0.1790,0.5577,1019,2243,appariée,IA:E406:212,H:E406:208,Sortie data mobilier,0.6
ia,E406,E406,Sortie data dans mobilier,990,3136,0.1739,0.7797,990,3136,appariée,IA:E406:213,H:E406:209,Sortie data mobilier,1.6
ia,E406,E406,Sortie data dans mobilier,1099,3136,0.1930,0.7797,1099,3136,appariée,IA:E406:214,H:E406:210,Sortie data mobilier,1.9
ia,E406,E406,Sortie data dans mobilier,1106,3360,0.1942,0.8354,1106,3360,appariée,IA:E406:215,H:E406:214,Sortie data mobilier,1.1
ia,E406,E406,Sèche-mains (SM),2394,2081,0.4204,0.5174,2394,2081,appariée,IA:E406:216,H:E406:188,Raccord sèche-main,0.6
ia,E406,E406,Sèche-mains (SM),2433,2081,0.4273,0.5174,2433,2081,appariée,IA:E406:217,H:E406:189,Raccord sèche-main,0.7
ia,E406,E406,Thermostat tension secteur (Ts),989,1797,0.1737,0.4468,989,1797,appariée,IA:E406:218,H:E406:216,TS — à classer,0.9
ia,E407,E407,Détecteur de fumée (F),2167,1877,0.3806,0.4667,2167,1877,appariée,IA:E407:1,H:E407:1,Détecteur de fumée,18.6
ia,E407,E407,Klaxon alarme (K),1138,3261,0.1999,0.8108,1138,3261,appariée,IA:E407:2,H:E407:2,Klaxon,30.4
ia,E407,E407,Klaxon alarme (K),1138,3080,0.1999,0.7658,1138,3080,appariée,IA:E407:3,H:E407:3,Klaxon,29.6
ia,E407,E407,Klaxon alarme (K),1464,3281,0.2571,0.8158,1464,3281,appariée,IA:E407:4,H:E407:4,Klaxon,25.1
ia,E407,E407,Klaxon alarme (K),1786,3281,0.3137,0.8158,1786,3281,appariée,IA:E407:5,H:E407:5,Klaxon,19.9
ia,E407,E407,Klaxon alarme (K),1961,3281,0.3444,0.8158,1961,3281,appariée,IA:E407:6,H:E407:6,Klaxon,17.3
ia,E407,E407,Klaxon alarme (K),2013,3056,0.3535,0.7598,2013,3056,appariée,IA:E407:7,H:E407:7,Klaxon,14.5
ia,E407,E407,Klaxon alarme (K),2426,2916,0.4261,0.7250,2426,2916,appariée,IA:E407:8,H:E407:8,Klaxon,6.8
ia,E407,E407,Klaxon alarme (K),2426,2804,0.4261,0.6972,2426,2804,appariée,IA:E407:9,H:E407:9,Klaxon,6.1
ia,E407,E407,Klaxon alarme (K),2598,2940,0.4563,0.7310,2598,2940,appariée,IA:E407:10,H:E407:10,Klaxon,4.7
ia,E407,E407,Klaxon alarme (K),2426,2497,0.4261,0.6208,2426,2497,appariée,IA:E407:11,H:E407:11,Klaxon,7.3
ia,E407,E407,Klaxon alarme (K),2426,2322,0.4261,0.5773,2426,2322,appariée,IA:E407:12,H:E407:12,Klaxon,9.5
ia,E407,E407,Klaxon alarme (K),2466,2267,0.4331,0.5636,2466,2267,appariée,IA:E407:13,H:E407:13,Klaxon,9.9
ia,E407,E407,Klaxon alarme (K),2246,2412,0.3945,0.5997,2246,2412,appariée,IA:E407:14,H:E407:14,Klaxon,10.8
ia,E407,E407,Klaxon alarme (K),2888,2697,0.5072,0.6706,2888,2697,appariée,IA:E407:15,H:E407:15,Klaxon,2.3
ia,E407,E407,Klaxon alarme (K),3139,2943,0.5513,0.7317,3139,2943,appariée,IA:E407:16,H:E407:16,Klaxon,7.7
ia,E407,E407,Klaxon alarme (K),2393,3182,0.4203,0.7911,2393,3182,appariée,IA:E407:17,H:E407:17,Klaxon,10.3
ia,E407,E407,Klaxon alarme (K),2576,3182,0.4524,0.7911,2576,3182,appariée,IA:E407:18,H:E407:18,Klaxon,8.6
ia,E407,E407,Klaxon alarme (K),2763,3182,0.4852,0.7911,2763,3182,appariée,IA:E407:19,H:E407:19,Klaxon,8.0
ia,E407,E407,Klaxon alarme (K),2943,3182,0.5169,0.7911,2943,3182,appariée,IA:E407:20,H:E407:20,Klaxon,8.6
ia,E407,E407,Klaxon alarme (K),3128,3182,0.5494,0.7911,3128,3182,appariée,IA:E407:21,H:E407:21,Klaxon,10.3
ia,E407,E407,Klaxon alarme (K),3308,3183,0.5810,0.7914,3308,3183,appariée,IA:E407:22,H:E407:22,Klaxon,12.6
ia,E407,E407,Klaxon alarme (K),3348,3126,0.5880,0.7772,3348,3126,appariée,IA:E407:23,H:E407:23,Klaxon,12.5
ia,E407,E407,Klaxon alarme (K),3312,2887,0.5817,0.7178,3312,2887,appariée,IA:E407:24,H:E407:24,Klaxon,10.1
ia,E407,E407,Klaxon alarme (K),3312,2695,0.5817,0.6701,3312,2695,appariée,IA:E407:25,H:E407:25,Klaxon,9.8
ia,E407,E407,Klaxon alarme (K),3312,2499,0.5817,0.6213,3312,2499,appariée,IA:E407:26,H:E407:26,Klaxon,10.6
ia,E407,E407,Klaxon alarme (K),3312,2338,0.5817,0.5813,3312,2338,appariée,IA:E407:27,H:E407:27,Klaxon,12.1
ia,E407,E407,Klaxon alarme (K),3332,2136,0.5852,0.5311,3332,2136,appariée,IA:E407:28,H:E407:28,Klaxon,14.7
ia,E407,E407,Klaxon alarme (K),3168,2124,0.5564,0.5281,3168,2124,appariée,IA:E407:29,H:E407:29,Klaxon,13.0
ia,E407,E407,Klaxon alarme (K),3007,2187,0.5281,0.5438,3007,2187,appariée,IA:E407:30,H:E407:30,Klaxon,10.7
ia,E407,E407,Klaxon alarme (K),2775,2187,0.4874,0.5438,2775,2187,appariée,IA:E407:31,H:E407:31,Klaxon,9.7
ia,E407,E407,Klaxon alarme (K),2318,1883,0.4071,0.4682,2318,1883,appariée,IA:E407:32,H:E407:32,Klaxon,17.1
ia,E407,E407,Klaxon alarme (K),1836,1876,0.3224,0.4664,1836,1876,appariée,IA:E407:33,H:E407:33,Klaxon,22.5
ia,E407,E407,Klaxon alarme (K),1654,1743,0.2905,0.4334,1654,1743,appariée,IA:E407:34,H:E407:34,Klaxon,26.5
ia,E407,E407,Klaxon alarme (K),1551,1743,0.2724,0.4334,1551,1743,appariée,IA:E407:35,H:E407:35,Klaxon,27.9
ia,E407,E407,Klaxon alarme (K),1833,2003,0.3219,0.4980,1833,2003,appariée,IA:E407:36,H:E407:36,Klaxon,21.1
ia,E407,E407,Klaxon alarme (K),1329,2335,0.2334,0.5806,1329,2335,appariée,IA:E407:37,H:E407:37,Klaxon,26.5
ia,E407,E407,Klaxon alarme (K),1118,2376,0.1963,0.5908,1118,2376,appariée,IA:E407:38,H:E407:38,Klaxon,30.0
ia,E407,E407,Klaxon alarme (K),1736,2376,0.3049,0.5908,1736,2376,appariée,IA:E407:39,H:E407:39,Klaxon,19.4
ia,E407,E407,Panneau de dérivation,1526,3299,0.2680,0.8202,1526,3299,appariée,IA:E407:40,H:E407:40,Panneau,46.2
ia,E407,E407,Poste manuel (M),2171,3086,0.3813,0.7673,2171,3086,appariée,IA:E407:41,H:E407:41,Poste manuel,12.3
ia,E407,E407,Poste manuel (M),1448,1788,0.2543,0.4446,1448,1788,appariée,IA:E407:42,H:E407:42,Poste manuel,28.8
ia,E407,E407,Poste manuel (M),1904,2103,0.3344,0.5229,1904,2103,appariée,IA:E407:43,H:E407:43,Poste manuel,19.0
ia,E407,E407,Prise 20A dans mobilier,2441,1740,0.4287,0.4326,2441,1740,appariée,IA:E407:44,H:E407:148,Prise mobilier,16.4
ia,E407,E407,Prise 20A dans mobilier,2537,1740,0.4456,0.4326,2537,1740,appariée,IA:E407:45,H:E407:149,Prise mobilier,16.0
ia,E407,E407,Prise 20A micro-onde (MO),1358,3450,0.2385,0.8578,1358,3450,appariée,IA:E407:46,H:E407:144,Prise micro-onde,22.4
ia,E407,E407,Prise 20A micro-onde (MO),2922,2734,0.5132,0.6798,2922,2734,appariée,IA:E407:47,H:E407:145,Prise micro-onde,2.8
ia,E407,E407,Prise 20A micro-onde (MO),2958,2734,0.5195,0.6798,2958,2734,appariée,IA:E407:48,H:E407:146,Prise micro-onde,3.5
ia,E407,E407,Prise 20A micro-onde (MO),2993,2734,0.5256,0.6798,2993,2734,appariée,IA:E407:49,H:E407:147,Prise micro-onde,3.1
ia,E407,E407,Prise DDFT 20A,1701,1696,0.2987,0.4217,1701,1696,appariée,IA:E407:50,H:E407:140,Prise duplex DDFT,13.7
ia,E407,E407,Prise DDFT 20A,3082,2734,0.5413,0.6798,3082,2734,appariée,IA:E407:51,H:E407:143,Prise duplex DDFT,13.5
ia,E407,E407,Prise DDFT 20A,2346,2925,0.4120,0.7273,2346,2925,appariée,IA:E407:52,H:E407:142,Prise duplex DDFT,48.8
ia,E407,E407,Prise DDFT 20A,1867,2227,0.3279,0.5537,1867,2227,en trop IA,IA:E407:53,,,
ia,E407,E407,Prise DDFT 20A,1174,3335,0.2062,0.8292,1174,3335,appariée,IA:E407:54,H:E407:86,Prise duplex,58.0
ia,E407,E407,Prise duplex 15A,2772,2734,0.4868,0.6798,2772,2734,appariée,IA:E407:55,H:E407:115,Prise duplex,67.6
ia,E407,E407,Prise duplex 15A,2827,2734,0.4965,0.6798,2827,2734,appariée,IA:E407:56,H:E407:116,Prise duplex,83.3
ia,E407,E407,Prise duplex 15A,1174,3294,0.2062,0.8190,1174,3294,en trop IA,IA:E407:57,,,
ia,E407,E407,Prise duplex 20A,1550,1701,0.2722,0.4229,1550,1701,appariée,IA:E407:58,H:E407:44,Prise duplex,27.0
ia,E407,E407,Prise duplex 20A,1831,1598,0.3216,0.3973,1831,1598,appariée,IA:E407:59,H:E407:54,Prise duplex,67.2
ia,E407,E407,Prise duplex 20A,2283,1687,0.4009,0.4194,2283,1687,en trop IA,IA:E407:60,,,
ia,E407,E407,Prise duplex 20A,2721,1750,0.4779,0.4351,2721,1750,appariée,IA:E407:61,H:E407:64,Prise duplex,17.6
ia,E407,E407,Prise duplex 20A,2578,1970,0.4528,0.4898,2578,1970,en trop IA,IA:E407:62,,,
ia,E407,E407,Prise duplex 20A,2712,1986,0.4763,0.4938,2712,1986,appariée,IA:E407:63,H:E407:65,Prise duplex,11.4
ia,E407,E407,Prise duplex 20A,2775,2141,0.4874,0.5323,2775,2141,appariée,IA:E407:64,H:E407:71,Prise duplex,13.0
ia,E407,E407,Prise duplex 20A,2875,2041,0.5049,0.5075,2875,2041,appariée,IA:E407:65,H:E407:67,Prise duplex,56.0
ia,E407,E407,Prise duplex 20A,2907,1986,0.5105,0.4938,2907,1986,appariée,IA:E407:66,H:E407:66,Prise duplex,11.9
ia,E407,E407,Prise duplex 20A,3071,2041,0.5393,0.5075,3071,2041,appariée,IA:E407:67,H:E407:68,Prise duplex,28.2
ia,E407,E407,Prise duplex 20A,3008,2144,0.5283,0.5331,3008,2144,appariée,IA:E407:68,H:E407:72,Prise duplex,16.9
ia,E407,E407,Prise duplex 20A,3295,1995,0.5787,0.4960,3295,1995,en trop IA,IA:E407:69,,,
ia,E407,E407,Prise duplex 20A,3104,2040,0.5451,0.5072,3104,2040,appariée,IA:E407:70,H:E407:73,Prise duplex,74.1
ia,E407,E407,Prise duplex 20A,3167,2081,0.5562,0.5174,3167,2081,appariée,IA:E407:71,H:E407:158,Sortie data,38.7
ia,E407,E407,Prise duplex 20A,3328,2041,0.5845,0.5075,3328,2041,appariée,IA:E407:72,H:E407:69,Prise duplex,37.4
ia,E407,E407,Prise duplex 20A,3547,2023,0.6229,0.5030,3547,2023,appariée,IA:E407:73,H:E407:70,Prise duplex,31.0
ia,E407,E407,Prise duplex 20A,3375,2136,0.5927,0.5311,3375,2136,appariée,IA:E407:74,H:E407:74,Prise duplex,53.9
ia,E407,E407,Prise duplex 20A,3425,2403,0.6015,0.5975,3425,2403,appariée,IA:E407:75,H:E407:160,Sortie data,34.9
ia,E407,E407,Prise duplex 20A,3354,2338,0.5890,0.5813,3354,2338,en trop IA,IA:E407:76,,,
ia,E407,E407,Prise duplex 20A,3427,2240,0.6019,0.5569,3427,2240,appariée,IA:E407:77,H:E407:75,Prise duplex,16.7
ia,E407,E407,Prise duplex 20A,3427,2599,0.6019,0.6462,3427,2599,en trop IA,IA:E407:78,,,
ia,E407,E407,Prise duplex 20A,3427,2435,0.6019,0.6054,3427,2435,appariée,IA:E407:79,H:E407:161,Sortie data,35.8
ia,E407,E407,Prise duplex 20A,3354,2497,0.5890,0.6208,3354,2497,appariée,IA:E407:80,H:E407:120,Prise duplex,63.5
ia,E407,E407,Prise duplex 20A,3429,2631,0.6022,0.6542,3429,2631,appariée,IA:E407:81,H:E407:121,Prise duplex,16.8
ia,E407,E407,Prise duplex 20A,3427,2794,0.6019,0.6947,3427,2794,appariée,IA:E407:82,H:E407:122,Prise duplex,10.2
ia,E407,E407,Prise duplex 20A,3355,2695,0.5892,0.6701,3355,2695,appariée,IA:E407:83,H:E407:125,Prise duplex,65.5
ia,E407,E407,Prise duplex 20A,3356,2888,0.5894,0.7181,3356,2888,appariée,IA:E407:84,H:E407:126,Prise duplex,14.5
ia,E407,E407,Prise duplex 20A,3427,2827,0.6019,0.7029,3427,2827,en trop IA,IA:E407:85,,,
ia,E407,E407,Prise duplex 20A,3433,2990,0.6029,0.7434,3433,2990,appariée,IA:E407:86,H:E407:123,Prise duplex,16.8
ia,E407,E407,Prise duplex 20A,3441,3219,0.6043,0.8003,3441,3219,appariée,IA:E407:87,H:E407:128,Prise duplex,13.8
ia,E407,E407,Prise duplex 20A,3440,3023,0.6041,0.7516,3440,3023,appariée,IA:E407:88,H:E407:124,Prise duplex,28.7
ia,E407,E407,Prise duplex 20A,3393,3125,0.5959,0.7770,3393,3125,appariée,IA:E407:89,H:E407:127,Prise duplex,11.6
ia,E407,E407,Prise duplex 20A,3262,3314,0.5729,0.8240,3262,3314,appariée,IA:E407:90,H:E407:138,Prise duplex,11.6
ia,E407,E407,Prise duplex 20A,3523,3450,0.6187,0.8578,3523,3450,appariée,IA:E407:91,H:E407:139,Prise duplex,19.3
ia,E407,E407,Prise duplex 20A,3408,3252,0.5985,0.8086,3408,3252,appariée,IA:E407:92,H:E407:129,Prise duplex,43.5
ia,E407,E407,Prise duplex 20A,3077,3306,0.5404,0.8220,3077,3306,appariée,IA:E407:93,H:E407:177,Sortie data,51.4
ia,E407,E407,Prise duplex 20A,3229,3314,0.5671,0.8240,3229,3314,appariée,IA:E407:94,H:E407:137,Prise duplex,13.5
ia,E407,E407,Prise duplex 20A,3128,3226,0.5494,0.8021,3128,3226,appariée,IA:E407:95,H:E407:135,Prise duplex,15.2
ia,E407,E407,Prise duplex 20A,2895,3308,0.5084,0.8225,2895,3308,appariée,IA:E407:96,H:E407:133,Prise duplex,41.9
ia,E407,E407,Prise duplex 20A,3045,3330,0.5348,0.8279,3045,3330,appariée,IA:E407:97,H:E407:136,Prise duplex,79.9
ia,E407,E407,Prise duplex 20A,2943,3226,0.5169,0.8021,2943,3226,appariée,IA:E407:98,H:E407:132,Prise duplex,13.8
ia,E407,E407,Prise duplex 20A,2709,3304,0.4758,0.8215,2709,3304,appariée,IA:E407:99,H:E407:131,Prise duplex,51.3
ia,E407,E407,Prise duplex 20A,2862,3299,0.5026,0.8202,2862,3299,appariée,IA:E407:100,H:E407:134,Prise duplex,16.5
ia,E407,E407,Prise duplex 20A,2764,3226,0.4854,0.8021,2764,3226,appariée,IA:E407:101,H:E407:130,Prise duplex,12.5
ia,E407,E407,Prise duplex 20A,2575,3226,0.4522,0.8021,2575,3226,appariée,IA:E407:102,H:E407:170,Sortie data,74.8
ia,E407,E407,Prise duplex 20A,2526,3307,0.4436,0.8222,2526,3307,appariée,IA:E407:103,H:E407:108,Prise duplex,64.5
ia,E407,E407,Prise duplex 20A,2677,3322,0.4701,0.8260,2677,3322,appariée,IA:E407:104,H:E407:109,Prise duplex,81.1
ia,E407,E407,Prise duplex 20A,2493,3314,0.4378,0.8240,2493,3314,appariée,IA:E407:105,H:E407:107,Prise duplex,52.4
ia,E407,E407,Prise duplex 20A,2283,3304,0.4009,0.8215,2283,3304,appariée,IA:E407:106,H:E407:169,Sortie data,25.9
ia,E407,E407,Prise duplex 20A,2394,3226,0.4204,0.8021,2394,3226,appariée,IA:E407:107,H:E407:103,Prise duplex,54.0
ia,E407,E407,Prise duplex 20A,2930,3047,0.5146,0.7576,2930,3047,appariée,IA:E407:108,H:E407:119,Prise duplex,12.1
ia,E407,E407,Prise duplex 20A,2641,2941,0.4638,0.7312,2641,2941,appariée,IA:E407:109,H:E407:111,Prise duplex,35.0
ia,E407,E407,Prise duplex 20A,2701,2702,0.4744,0.6718,2701,2702,appariée,IA:E407:110,H:E407:112,Prise duplex,1.4
ia,E407,E407,Prise duplex 20A,3054,2702,0.5364,0.6718,3054,2702,appariée,IA:E407:111,H:E407:114,Prise duplex,57.3
ia,E407,E407,Prise duplex 20A,2710,2356,0.4759,0.5858,2710,2356,appariée,IA:E407:112,H:E407:77,Prise duplex,4.9
ia,E407,E407,Prise duplex 20A,3091,2356,0.5429,0.5858,3091,2356,appariée,IA:E407:113,H:E407:78,Prise duplex,5.6
ia,E407,E407,Prise duplex 20A,3175,2719,0.5576,0.6760,3175,2719,appariée,IA:E407:114,H:E407:118,Prise duplex,18.1
ia,E407,E407,Prise duplex 20A,2711,2323,0.4761,0.5776,2711,2323,appariée,IA:E407:115,H:E407:76,Prise duplex,5.4
ia,E407,E407,Prise duplex 20A,2250,2145,0.3952,0.5333,2250,2145,en trop IA,IA:E407:116,,,
ia,E407,E407,Prise duplex 20A,2383,2324,0.4185,0.5778,2383,2324,appariée,IA:E407:117,H:E407:58,Prise duplex,62.9
ia,E407,E407,Prise duplex 20A,2283,2226,0.4009,0.5535,2283,2226,appariée,IA:E407:118,H:E407:57,Prise duplex,76.3
ia,E407,E407,Prise duplex 20A,2392,2120,0.4201,0.5271,2392,2120,appariée,IA:E407:119,H:E407:56,Prise duplex,24.2
ia,E407,E407,Prise duplex 20A,2283,2573,0.4009,0.6397,2283,2573,appariée,IA:E407:120,H:E407:95,Prise duplex,53.5
ia,E407,E407,Prise duplex 20A,2382,2496,0.4183,0.6206,2382,2496,appariée,IA:E407:121,H:E407:94,Prise duplex,8.4
ia,E407,E407,Prise duplex 20A,2396,2702,0.4208,0.6718,2396,2702,appariée,IA:E407:122,H:E407:97,Prise duplex,11.2
ia,E407,E407,Prise duplex 20A,2462,2625,0.4324,0.6527,2462,2625,appariée,IA:E407:123,H:E407:96,Prise duplex,54.5
ia,E407,E407,Prise duplex 20A,2110,2763,0.3706,0.6870,2110,2763,appariée,IA:E407:124,H:E407:99,Prise duplex,57.1
ia,E407,E407,Prise duplex 20A,2077,2672,0.3648,0.6643,2077,2672,appariée,IA:E407:125,H:E407:98,Prise duplex,56.4
ia,E407,E407,Prise duplex 20A,1839,2899,0.3230,0.7208,1839,2899,appariée,IA:E407:126,H:E407:100,Prise duplex,29.4
ia,E407,E407,Prise duplex 20A,1551,2899,0.2724,0.7208,1551,2899,appariée,IA:E407:127,H:E407:81,Prise duplex,22.4
ia,E407,E407,Prise duplex 20A,1163,2899,0.2043,0.7208,1163,2899,appariée,IA:E407:128,H:E407:80,Prise duplex,28.1
ia,E407,E407,Prise duplex 20A,922,2591,0.1619,0.6442,922,2591,appariée,IA:E407:129,H:E407:79,Prise duplex,31.8
ia,E407,E407,Prise duplex 20A,1162,2373,0.2041,0.5900,1162,2373,appariée,IA:E407:130,H:E407:51,Prise duplex,32.1
ia,E407,E407,Prise duplex 20A,1512,2373,0.2655,0.5900,1512,2373,appariée,IA:E407:131,H:E407:53,Prise duplex,22.2
ia,E407,E407,Prise duplex 20A,1849,2373,0.3247,0.5900,1849,2373,appariée,IA:E407:132,H:E407:59,Prise duplex,61.5
ia,E407,E407,Prise duplex 20A,922,2167,0.1619,0.5388,922,2167,appariée,IA:E407:133,H:E407:47,Prise duplex,32.8
ia,E407,E407,Prise duplex 20A,1492,1913,0.2620,0.4756,1492,1913,appariée,IA:E407:134,H:E407:46,Prise duplex,26.4
ia,E407,E407,Prise duplex 20A,1631,2039,0.2864,0.5070,1631,2039,appariée,IA:E407:135,H:E407:48,Prise duplex,21.2
ia,E407,E407,Prise duplex 20A,1629,2237,0.2861,0.5562,1629,2237,appariée,IA:E407:136,H:E407:49,Prise duplex,21.2
ia,E407,E407,Prise duplex 20A,1493,2340,0.2622,0.5818,1493,2340,appariée,IA:E407:137,H:E407:52,Prise duplex,24.2
ia,E407,E407,Prise duplex 20A,1107,2340,0.1944,0.5818,1107,2340,appariée,IA:E407:138,H:E407:50,Prise duplex,34.2
ia,E407,E407,Prise duplex 20A,1616,1880,0.2838,0.4674,1616,1880,appariée,IA:E407:139,H:E407:45,Prise duplex,45.4
ia,E407,E407,Prise duplex 20A,1094,3080,0.1921,0.7658,1094,3080,en trop IA,IA:E407:140,,,
ia,E407,E407,Prise duplex 20A,984,2956,0.1728,0.7350,984,2956,appariée,IA:E407:141,H:E407:82,Prise duplex,37.6
ia,E407,E407,Prise duplex 20A,1041,2956,0.1828,0.7350,1041,2956,appariée,IA:E407:142,H:E407:83,Prise duplex,34.7
ia,E407,E407,Prise duplex 20A,957,3184,0.1681,0.7916,957,3184,appariée,IA:E407:143,H:E407:84,Prise duplex,34.4
ia,E407,E407,Prise duplex 20A,994,3450,0.1746,0.8578,994,3450,appariée,IA:E407:144,H:E407:87,Prise duplex,32.1
ia,E407,E407,Prise duplex 20A,1044,3450,0.1834,0.8578,1044,3450,appariée,IA:E407:145,H:E407:88,Prise duplex,31.2
ia,E407,E407,Prise duplex 20A,1094,3260,0.1921,0.8105,1094,3260,appariée,IA:E407:146,H:E407:85,Prise duplex,83.6
ia,E407,E407,Prise duplex 20A,1393,3278,0.2446,0.8150,1393,3278,appariée,IA:E407:147,H:E407:89,Prise duplex,31.8
ia,E407,E407,Prise duplex 20A,1669,3278,0.2931,0.8150,1669,3278,appariée,IA:E407:148,H:E407:92,Prise duplex,69.3
ia,E407,E407,Prise duplex 20A,1694,3450,0.2975,0.8578,1694,3450,appariée,IA:E407:149,H:E407:93,Prise duplex,23.7
ia,E407,E407,Prise duplex 20A,1954,3450,0.3432,0.8578,1954,3450,en trop IA,IA:E407:150,,,
ia,E407,E407,Prise duplex 20A,1962,3325,0.3446,0.8267,1962,3325,en trop IA,IA:E407:151,,,
ia,E407,E407,Prise duplex 20A,2053,3366,0.3606,0.8369,2053,3366,appariée,IA:E407:152,H:E407:104,Prise duplex,13.8
ia,E407,E407,Prise duplex 20A,1969,3055,0.3458,0.7596,1969,3055,appariée,IA:E407:153,H:E407:101,Prise duplex,14.9
ia,E407,E407,Raccord lave-vaisselle (LV),3115,2737,0.5471,0.6805,3115,2737,appariée,IA:E407:154,H:E407:151,Raccord lave-vaisselle,14.3
ia,E407,E407,Raccord lave-vaisselle (LV),1233,3445,0.2165,0.8565,1233,3445,appariée,IA:E407:155,H:E407:152,Raccord lave-vaisselle,33.9
ia,E407,E407,Sortie data,2874,2066,0.5047,0.5137,2874,2066,en trop IA,IA:E407:156,,,
ia,E407,E407,Sortie data,3070,2066,0.5392,0.5137,3070,2066,appariée,IA:E407:157,H:E407:156,Sortie data,60.8
ia,E407,E407,Sortie data,2283,2248,0.4009,0.5589,2283,2248,appariée,IA:E407:158,H:E407:155,Sortie data,12.6
ia,E407,E407,Sortie data,2283,2594,0.4009,0.6450,2283,2594,appariée,IA:E407:159,H:E407:168,Sortie data,18.7
ia,E407,E407,Sortie data,1005,2956,0.1765,0.7350,1005,2956,appariée,IA:E407:160,H:E407:162,Sortie data,28.4
ia,E407,E407,Sortie data,1062,2956,0.1865,0.7350,1062,2956,appariée,IA:E407:161,H:E407:163,Sortie data,25.5
ia,E407,E407,Sortie data,1012,3449,0.1777,0.8575,1012,3449,appariée,IA:E407:162,H:E407:165,Sortie data,34.1
ia,E407,E407,Sortie data,1064,3449,0.1869,0.8575,1064,3449,appariée,IA:E407:163,H:E407:166,Sortie data,37.7
ia,E407,E407,Sortie data,978,3184,0.1718,0.7916,978,3184,appariée,IA:E407:164,H:E407:164,Sortie data,27.2
ia,E407,E407,Sortie data,2467,1739,0.4333,0.4324,2467,1739,appariée,IA:E407:165,H:E407:178,Sortie data mobilier,20.1
ia,E407,E407,Sortie data,1974,3449,0.3467,0.8575,1974,3449,en trop IA,IA:E407:166,,,
ia,E407,E407,Sortie data dans mobilier,2578,2005,0.4528,0.4985,2578,2005,en trop IA,IA:E407:167,,,
ia,E407,E407,Sortie data dans mobilier,2563,1739,0.4501,0.4324,2563,1739,appariée,IA:E407:168,H:E407:179,Sortie data mobilier,19.2
ia,E407,E407,Sèche-mains (SM),1865,2055,0.3275,0.5109,1865,2055,appariée,IA:E407:169,H:E407:153,Raccord sèche-main,20.0
ia,E407,E407,Sèche-mains (SM),1865,2017,0.3275,0.5015,1865,2017,appariée,IA:E407:170,H:E407:154,Raccord sèche-main,20.5
ia,,E408,Avertisseur sonore/visuel (K),2510,3149,0.4408,0.7829,2510,3149,en trop IA (feuille sans page humaine),IA:E408:1,,,
ia,,E408,Avertisseur sonore/visuel (K),2910,3149,0.5111,0.7829,2910,3149,en trop IA (feuille sans page humaine),IA:E408:2,,,
ia,,E408,Avertisseur sonore/visuel (K),2910,2547,0.5111,0.6333,2910,2547,en trop IA (feuille sans page humaine),IA:E408:3,,,
ia,,E408,Avertisseur sonore/visuel (K),2510,2553,0.4408,0.6348,2510,2553,en trop IA (feuille sans page humaine),IA:E408:4,,,
ia,,E408,Avertisseur sonore/visuel intempéries,3193,2190,0.5608,0.5445,3193,2190,en trop IA (feuille sans page humaine),IA:E408:5,,,
ia,,E408,Avertisseur sonore/visuel intempéries,1322,1829,0.2322,0.4547,1322,1829,en trop IA (feuille sans page humaine),IA:E408:6,,,
ia,,E408,Carré plein « C » — à classer,926,2442,0.1626,0.6072,926,2442,en trop IA (feuille sans page humaine),IA:E408:7,,,
ia,,E408,Détecteur de fumée (F),2170,3166,0.3811,0.7872,2170,3166,en trop IA (feuille sans page humaine),IA:E408:8,,,
ia,,E408,Détecteur de fumée (F),1403,1667,0.2464,0.4145,1403,1667,en trop IA (feuille sans page humaine),IA:E408:9,,,
ia,,E408,Détecteur de fumée (F),2167,1880,0.3806,0.4674,2167,1880,en trop IA (feuille sans page humaine),IA:E408:10,,,
ia,,E408,Détecteur thermique (T),2170,1686,0.3811,0.4192,2170,1686,en trop IA (feuille sans page humaine),IA:E408:11,,,
ia,,E408,Klaxon alarme (K),1522,2851,0.2673,0.7089,1522,2851,en trop IA (feuille sans page humaine),IA:E408:12,,,
ia,,E408,Klaxon alarme (K),3034,2179,0.5328,0.5418,3034,2179,en trop IA (feuille sans page humaine),IA:E408:13,,,
ia,,E408,Klaxon alarme (K),2574,2179,0.4521,0.5418,2574,2179,en trop IA (feuille sans page humaine),IA:E408:14,,,
ia,,E408,Klaxon alarme (K),2246,2020,0.3945,0.5022,2246,2020,en trop IA (feuille sans page humaine),IA:E408:15,,,
ia,,E408,Klaxon alarme (K),2246,2700,0.3945,0.6713,2246,2700,en trop IA (feuille sans page humaine),IA:E408:16,,,
ia,,E408,Klaxon alarme (K),1973,2579,0.3465,0.6412,1973,2579,en trop IA (feuille sans page humaine),IA:E408:17,,,
ia,,E408,Klaxon alarme (K),1778,2634,0.3123,0.6549,1778,2634,en trop IA (feuille sans page humaine),IA:E408:18,,,
ia,,E408,Klaxon alarme (K),1465,2634,0.2573,0.6549,1465,2634,en trop IA (feuille sans page humaine),IA:E408:19,,,
ia,,E408,Klaxon alarme (K),1370,2399,0.2406,0.5965,1370,2399,en trop IA (feuille sans page humaine),IA:E408:20,,,
ia,,E408,Klaxon alarme (K),1437,2359,0.2524,0.5865,1437,2359,en trop IA (feuille sans page humaine),IA:E408:21,,,
ia,,E408,Klaxon alarme (K),1864,2071,0.3274,0.5149,1864,2071,en trop IA (feuille sans page humaine),IA:E408:22,,,
ia,,E408,Klaxon alarme (K),2074,1667,0.3642,0.4145,2074,1667,en trop IA (feuille sans page humaine),IA:E408:23,,,
ia,,E408,Klaxon alarme (K),1973,2335,0.3465,0.5806,1973,2335,en trop IA (feuille sans page humaine),IA:E408:24,,,
ia,,E408,Klaxon alarme (K),1247,2186,0.2190,0.5435,1247,2186,en trop IA (feuille sans page humaine),IA:E408:25,,,
ia,,E408,Panneau de dérivation,1356,2655,0.2381,0.6601,1356,2655,en trop IA (feuille sans page humaine),IA:E408:26,,,
ia,,E408,Poste manuel (M),2169,3087,0.3809,0.7675,2169,3087,en trop IA (feuille sans page humaine),IA:E408:27,,,
ia,,E408,Poste manuel (M),1448,1788,0.2543,0.4446,1448,1788,en trop IA (feuille sans page humaine),IA:E408:28,,,
ia,,E408,Prise 20A dans mobilier,1081,2726,0.1898,0.6778,1081,2726,en trop IA (feuille sans page humaine),IA:E408:29,,,
ia,,E408,Prise 20A dans mobilier,1177,2726,0.2067,0.6778,1177,2726,en trop IA (feuille sans page humaine),IA:E408:30,,,
ia,,E408,Prise 20A dans mobilier,1509,2117,0.2650,0.5264,1509,2117,en trop IA (feuille sans page humaine),IA:E408:31,,,
ia,,E408,Prise 20A dans mobilier,1510,2210,0.2652,0.5495,1510,2210,en trop IA (feuille sans page humaine),IA:E408:32,,,
ia,,E408,Prise 20A micro-onde (MO),1734,1667,0.3045,0.4145,1734,1667,en trop IA (feuille sans page humaine),IA:E408:33,,,
ia,,E408,Prise 20A micro-onde (MO),2682,1921,0.4710,0.4776,2682,1921,en trop IA (feuille sans page humaine),IA:E408:34,,,
ia,,E408,Prise DDFT 20A,1701,1694,0.2987,0.4212,1701,1694,en trop IA (feuille sans page humaine),IA:E408:35,,,
ia,,E408,Prise DDFT 20A,2120,1729,0.3723,0.4299,2120,1729,en trop IA (feuille sans page humaine),IA:E408:36,,,
ia,,E408,Prise DDFT 20A,1867,2227,0.3279,0.5537,1867,2227,en trop IA (feuille sans page humaine),IA:E408:37,,,
ia,,E408,Prise DDFT 20A,2504,1921,0.4398,0.4776,2504,1921,en trop IA (feuille sans page humaine),IA:E408:38,,,
ia,,E408,Prise DDFT intempéries,1326,1793,0.2329,0.4458,1326,1793,en trop IA (feuille sans page humaine),IA:E408:39,,,
ia,,E408,Prise DDFT intempéries,3188,2221,0.5599,0.5522,3188,2221,en trop IA (feuille sans page humaine),IA:E408:40,,,
ia,,E408,Prise DDFT intempéries,3188,3272,0.5599,0.8135,3188,3272,en trop IA (feuille sans page humaine),IA:E408:41,,,
ia,,E408,Prise duplex 15A,1734,1613,0.3045,0.4010,1734,1613,en trop IA (feuille sans page humaine),IA:E408:42,,,
ia,,E408,Prise duplex 15A,2308,2183,0.4053,0.5428,2308,2183,en trop IA (feuille sans page humaine),IA:E408:43,,,
ia,,E408,Prise duplex 20A,2078,1695,0.3649,0.4214,2078,1695,en trop IA (feuille sans page humaine),IA:E408:44,,,
ia,,E408,Prise duplex 20A,2283,2023,0.4009,0.5030,2283,2023,en trop IA (feuille sans page humaine),IA:E408:45,,,
ia,,E408,Prise duplex 20A,2775,2019,0.4874,0.5020,2775,2019,en trop IA (feuille sans page humaine),IA:E408:46,,,
ia,,E408,Prise duplex 20A,2807,2041,0.4930,0.5075,2807,2041,en trop IA (feuille sans page humaine),IA:E408:47,,,
ia,,E408,Prise duplex 20A,3141,2039,0.5516,0.5070,3141,2039,en trop IA (feuille sans page humaine),IA:E408:48,,,
ia,,E408,Prise duplex 20A,2250,2585,0.3952,0.6427,2250,2585,en trop IA (feuille sans page humaine),IA:E408:49,,,
ia,,E408,Prise duplex 20A,2020,2575,0.3548,0.6402,2020,2575,en trop IA (feuille sans page humaine),IA:E408:50,,,
ia,,E408,Prise duplex 20A,1887,2728,0.3314,0.6783,1887,2728,en trop IA (feuille sans page humaine),IA:E408:51,,,
ia,,E408,Prise duplex 20A,2077,2678,0.3648,0.6658,2077,2678,en trop IA (feuille sans page humaine),IA:E408:52,,,
ia,,E408,Prise duplex 20A,1703,2630,0.2991,0.6539,1703,2630,en trop IA (feuille sans page humaine),IA:E408:53,,,
ia,,E408,Prise duplex 20A,1571,2727,0.2759,0.6780,1571,2727,en trop IA (feuille sans page humaine),IA:E408:54,,,
ia,,E408,Prise duplex 20A,1668,2815,0.2929,0.6999,1668,2815,en trop IA (feuille sans page humaine),IA:E408:55,,,
ia,,E408,Prise duplex 20A,1729,2815,0.3037,0.6999,1729,2815,en trop IA (feuille sans page humaine),IA:E408:56,,,
ia,,E408,Prise duplex 20A,1466,2679,0.2575,0.6661,1466,2679,en trop IA (feuille sans page humaine),IA:E408:57,,,
ia,,E408,Prise duplex 20A,1368,2723,0.2403,0.6770,1368,2723,en trop IA (feuille sans page humaine),IA:E408:58,,,
ia,,E408,Prise duplex 20A,1152,2815,0.2023,0.6999,1152,2815,en trop IA (feuille sans page humaine),IA:E408:59,,,
ia,,E408,Prise duplex 20A,1295,2847,0.2274,0.7079,1295,2847,en trop IA (feuille sans page humaine),IA:E408:60,,,
ia,,E408,Prise duplex 20A,1554,2847,0.2729,0.7079,1554,2847,en trop IA (feuille sans page humaine),IA:E408:61,,,
ia,,E408,Prise duplex 20A,1879,2847,0.3300,0.7079,1879,2847,en trop IA (feuille sans page humaine),IA:E408:62,,,
ia,,E408,Prise duplex 20A,2016,2981,0.3541,0.7412,2016,2981,en trop IA (feuille sans page humaine),IA:E408:63,,,
ia,,E408,Prise duplex 20A,922,3170,0.1619,0.7882,922,3170,en trop IA (feuille sans page humaine),IA:E408:64,,,
ia,,E408,Prise duplex 20A,1199,3450,0.2106,0.8578,1199,3450,en trop IA (feuille sans page humaine),IA:E408:65,,,
ia,,E408,Prise duplex 20A,1547,3450,0.2717,0.8578,1547,3450,en trop IA (feuille sans page humaine),IA:E408:66,,,
ia,,E408,Prise duplex 20A,1918,3450,0.3368,0.8578,1918,3450,en trop IA (feuille sans page humaine),IA:E408:67,,,
ia,,E408,Prise duplex 20A,2016,3211,0.3541,0.7984,2016,3211,en trop IA (feuille sans page humaine),IA:E408:68,,,
ia,,E408,Prise duplex 20A,1053,2101,0.1849,0.5224,1053,2101,en trop IA (feuille sans page humaine),IA:E408:69,,,
ia,,E408,Prise duplex 20A,1105,2192,0.1941,0.5450,1105,2192,en trop IA (feuille sans page humaine),IA:E408:70,,,
ia,,E408,Prise duplex 20A,956,2224,0.1679,0.5530,956,2224,en trop IA (feuille sans page humaine),IA:E408:71,,,
ia,,E408,Prise duplex 20A,1067,2224,0.1874,0.5530,1067,2224,en trop IA (feuille sans page humaine),IA:E408:72,,,
ia,,E408,Prise duplex 20A,1176,2224,0.2065,0.5530,1176,2224,en trop IA (feuille sans page humaine),IA:E408:73,,,
ia,,E408,Prise duplex 20A,1373,2139,0.2411,0.5318,1373,2139,en trop IA (feuille sans page humaine),IA:E408:74,,,
ia,,E408,Prise duplex 20A,1635,2134,0.2871,0.5306,1635,2134,en trop IA (feuille sans page humaine),IA:E408:75,,,
ia,,E408,Prise duplex 20A,1945,2396,0.3416,0.5957,1945,2396,en trop IA (feuille sans page humaine),IA:E408:76,,,
ia,,E408,Prise duplex 20A,1697,2599,0.2980,0.6462,1697,2599,en trop IA (feuille sans page humaine),IA:E408:77,,,
ia,,E408,Prise duplex 20A à 1070mm,2551,2184,0.4480,0.5430,2551,2184,en trop IA (feuille sans page humaine),IA:E408:78,,,
ia,,E408,Prise — cercle vide à classer,1535,2364,0.2696,0.5878,1535,2364,en trop IA (feuille sans page humaine),IA:E408:79,,,
ia,,E408,Prise — cercle vide à classer,1767,1951,0.3103,0.4851,1767,1951,en trop IA (feuille sans page humaine),IA:E408:80,,,
ia,,E408,Raccord lave-vaisselle (LV),2416,1923,0.4243,0.4781,2416,1923,en trop IA (feuille sans page humaine),IA:E408:81,,,
ia,,E408,Sortie data,2077,2699,0.3648,0.6711,2077,2699,en trop IA (feuille sans page humaine),IA:E408:82,,,
ia,,E408,Sortie data,1689,2814,0.2966,0.6997,1689,2814,en trop IA (feuille sans page humaine),IA:E408:83,,,
ia,,E408,Sortie data,1750,2814,0.3073,0.6997,1750,2814,en trop IA (feuille sans page humaine),IA:E408:84,,,
ia,,E408,Sortie data,976,2225,0.1714,0.5532,976,2225,en trop IA (feuille sans page humaine),IA:E408:85,,,
ia,,E408,Sortie data,1087,2225,0.1909,0.5532,1087,2225,en trop IA (feuille sans page humaine),IA:E408:86,,,
ia,,E408,Sortie data,1196,2225,0.2100,0.5532,1196,2225,en trop IA (feuille sans page humaine),IA:E408:87,,,
ia,,E408,Sortie data,1107,2727,0.1944,0.6780,1107,2727,en trop IA (feuille sans page humaine),IA:E408:88,,,
ia,,E408,Sortie data,1203,2727,0.2113,0.6780,1203,2727,en trop IA (feuille sans page humaine),IA:E408:89,,,
ia,,E408,Sortie data,1510,2238,0.2652,0.5564,1510,2238,en trop IA (feuille sans page humaine),IA:E408:90,,,
ia,,E408,Sortie data dans mobilier,1508,2145,0.2648,0.5333,1508,2145,en trop IA (feuille sans page humaine),IA:E408:91,,,
ia,,E408,Sèche-mains (SM),1865,2108,0.3275,0.5241,1865,2108,en trop IA (feuille sans page humaine),IA:E408:92,,,
ia,,E408,Sèche-mains (SM),1865,2144,0.3275,0.5331,1865,2144,en trop IA (feuille sans page humaine),IA:E408:93,,,
ia,,E409,Avertisseur sonore/visuel intempéries,1888,2225,0.3316,0.5532,1888,2225,en trop IA (feuille sans page humaine),IA:E409:1,,,
ia,,E409,Raccord direct équipement (▲CC),1802,2992,0.3165,0.7439,1802,2992,en trop IA (feuille sans page humaine),IA:E409:2,,,
ia,,E409,Raccord direct équipement (▲CC),1454,3118,0.2554,0.7752,1454,3118,en trop IA (feuille sans page humaine),IA:E409:3,,,
ia,,E200,Raccordement ascenseur,4394,2700,0.7717,0.6713,4394,2700,en trop IA (feuille sans page humaine),IA:E200:1,,,
ia,,E200,Raccordement serpentin (SE),3465,2700,0.6085,0.6713,3465,2700,en trop IA (feuille sans page humaine),IA:E200:2,,,
ia,,E200,Raccordement station de pompage SPS-1,4179,2645,0.7339,0.6576,4179,2645,en trop IA (feuille sans page humaine),IA:E200:3,,,
ia,,E200,Raccordement station de pompage SPS-1,4262,2645,0.7485,0.6576,4262,2645,en trop IA (feuille sans page humaine),IA:E200:4,,,
ia,,E600_ADD,Raccordement PECD-1 — à confirmer,1127,352,0.1979,0.0875,1127,352,en trop IA (feuille sans page humaine),IA:E600_ADD:1,,,
ia,,E600_ADD,Raccordement chauffage (P-P1),3026,1886,0.5314,0.4688,3026,1886,en trop IA (feuille sans page humaine),IA:E600_ADD:2,,,
ia,,E600_ADD,Raccordement chauffage (P-P1),3026,1915,0.5314,0.4760,3026,1915,en trop IA (feuille sans page humaine),IA:E600_ADD:3,,,
ia,,E600_ADD,Raccordement chauffage (P-P1),3026,1943,0.5314,0.4830,3026,1943,en trop IA (feuille sans page humaine),IA:E600_ADD:4,,,
ia,,E600_ADD,Raccordement chauffage (P-P1),3596,2680,0.6315,0.6662,3596,2680,en trop IA (feuille sans page humaine),IA:E600_ADD:5,,,
ia,,E600_ADD,Raccordement cuisson cuisine 140,3596,2659,0.6315,0.6609,3596,2659,en trop IA (feuille sans page humaine),IA:E600_ADD:6,,,
ia,,E600_ADD,Raccordement lave-vaisselle (cédule),1810,2561,0.3179,0.6366,1810,2561,en trop IA (feuille sans page humaine),IA:E600_ADD:7,,,
ia,,E600_ADD,Raccordement lave-vaisselle (cédule),2950,1159,0.5181,0.2881,2950,1159,en trop IA (feuille sans page humaine),IA:E600_ADD:8,,,
ia,,E600_ADD,Raccordement serpentin (SE),3026,2680,0.5314,0.6662,3026,2680,en trop IA (feuille sans page humaine),IA:E600_ADD:9,,,
ia,,E600_ADD,Raccordement unité UAT,1127,2348,0.1979,0.5836,1127,2348,en trop IA (feuille sans page humaine),IA:E600_ADD:10,,,
ia,,E600_ADD,Raccordement unité UAT,3596,2826,0.6315,0.7025,3596,2826,en trop IA (feuille sans page humaine),IA:E600_ADD:11,,,
ia,,E600_ADD,Raccordement ventilateur sécheuse (VE-SECH),2361,352,0.4146,0.0875,2361,352,en trop IA (feuille sans page humaine),IA:E600_ADD:12,,,
ia,,E600_ADD,Raccordement ventilo-convecteur (VC),557,665,0.0978,0.1653,557,665,en trop IA (feuille sans page humaine),IA:E600_ADD:13,,,
ia,,E600_ADD,Raccordement ventilo-convecteur (VC),1810,637,0.3179,0.1583,1810,637,en trop IA (feuille sans page humaine),IA:E600_ADD:14,,,
ia,,E600_ADD,Raccordement ventilo-convecteur (VC),1810,694,0.3179,0.1725,1810,694,en trop IA (feuille sans page humaine),IA:E600_ADD:15,,,
ia,,E600_ADD,Raccordement ventilo-convecteur (VC),2950,551,0.5181,0.1370,2950,551,en trop IA (feuille sans page humaine),IA:E600_ADD:16,,,
ia,,E600_ADD,Raccordement ventilo-convecteur (VC),3596,637,0.6315,0.1583,3596,637,en trop IA (feuille sans page humaine),IA:E600_ADD:17,,,
ia,,E600_ADD,Raccordement ventilo-convecteur (VC),3596,826,0.6315,0.2053,3596,826,en trop IA (feuille sans page humaine),IA:E600_ADD:18,,,
ia,,E600_ADD,Raccordement ventilo-convecteur (VC),1127,2070,0.1979,0.5145,1127,2070,en trop IA (feuille sans page humaine),IA:E600_ADD:19,,,
ia,,E600_ADD,Raccordement ventilo-convecteur (VC),557,2127,0.0978,0.5287,557,2127,en trop IA (feuille sans page humaine),IA:E600_ADD:20,,,
ia,,E600_ADD,Raccordement équipement PC,3026,2257,0.5314,0.5610,3026,2257,en trop IA (feuille sans page humaine),IA:E600_ADD:21,,,
ia,,E600_ADD,Raccordement équipement PC,3596,2314,0.6315,0.5752,3596,2314,en trop IA (feuille sans page humaine),IA:E600_ADD:22,,,
ia,,E600_ADD,Raccordement équipement PC,3026,2342,0.5314,0.5822,3026,2342,en trop IA (feuille sans page humaine),IA:E600_ADD:23,,,
ia,,E600_ADD,Raccordement équipement PC,3596,2399,0.6315,0.5963,3596,2399,en trop IA (feuille sans page humaine),IA:E600_ADD:24,,,
ia,,E600_ADD,Raccordement équipement PC,3596,2143,0.6315,0.5327,3596,2143,en trop IA (feuille sans page humaine),IA:E600_ADD:25,,,
ia,,E600_ADD,Raccordement équipement PC,3026,2171,0.5314,0.5396,3026,2171,en trop IA (feuille sans page humaine),IA:E600_ADD:26,,,
ia,,E600_ADD,Raccordement équipement PREF — à confirmer,3026,2517,0.5314,0.6257,3026,2517,en trop IA (feuille sans page humaine),IA:E600_ADD:27,,,
ia,,E600_ADD,Raccordement équipement PREF — à confirmer,3596,2574,0.6315,0.6398,3596,2574,en trop IA (feuille sans page humaine),IA:E600_ADD:28,,,
ia,,E600_ADD,Raccordement équipement PREF — à confirmer,3026,2431,0.5314,0.6043,3026,2431,en trop IA (feuille sans page humaine),IA:E600_ADD:29,,,
ia,,E600_ADD,Raccordement équipement PREF — à confirmer,3596,2488,0.6315,0.6184,3596,2488,en trop IA (feuille sans page humaine),IA:E600_ADD:30,,,
ia,,E600_ADD,Raccordement évier électrique,1165,494,0.2046,0.1228,1165,494,en trop IA (feuille sans page humaine),IA:E600_ADD:31,,,
ia,,E600_ADD,Raccordement évier électrique,1753,352,0.3079,0.0875,1753,352,en trop IA (feuille sans page humaine),IA:E600_ADD:32,,,
ia,,E600_ADD,Raccordement évier électrique,1753,380,0.3079,0.0945,1753,380,en trop IA (feuille sans page humaine),IA:E600_ADD:33,,,
ia,,E600_ADD,Raccordement évier électrique,3596,348,0.6315,0.0865,3596,348,en trop IA (feuille sans page humaine),IA:E600_ADD:34,,,
ia,,E600_ADD,Raccordement évier électrique,3653,348,0.6416,0.0865,3653,348,en trop IA (feuille sans page humaine),IA:E600_ADD:35,,,
ia,,E600_ADD,Raccordement évier électrique,557,1892,0.0978,0.4703,557,1892,en trop IA (feuille sans page humaine),IA:E600_ADD:36,,,
ia,,E600_ADD,Raccordement évier électrique,614,1892,0.1078,0.4703,614,1892,en trop IA (feuille sans page humaine),IA:E600_ADD:37,,,
