cote,page_humaine,feuille_ia,libelle,x_px,y_px,x_norm,y_norm,x_px_ia,y_px_ia,statut,id,id_apparie,libelle_apparie,distance_px_ia
humain,23347_SELECTION_GLOBAL_SOUM_2026-08-13 - 2,E200D,PRISE DEPLACER,4718,1379,0.4681,0.1916,2532,987,appariée,H:23347_SELECTION_GLOBAL_SOUM_2026-08-13 - 2:1,IA:E200D:51,Démo appareil prises/services (E.D.),21.9
humain,23347_SELECTION_GLOBAL_SOUM_2026-08-13 - 2,E200D,PRISE DEPLACER,5025,1376,0.4986,0.1911,2679,986,appariée,H:23347_SELECTION_GLOBAL_SOUM_2026-08-13 - 2:2,IA:E200D:49,Démo appareil prises/services (E.D.),24.8
humain,23347_SELECTION_GLOBAL_SOUM_2026-08-13 - 2,E200D,PRISE DEPLACER,5497,1377,0.5454,0.1913,2905,986,appariée,H:23347_SELECTION_GLOBAL_SOUM_2026-08-13 - 2:3,IA:E200D:47,Démo appareil prises/services (E.D.),36.5
humain,23347_SELECTION_GLOBAL_SOUM_2026-08-13 - 2,E200D,PRISE DEPLACER,6245,2097,0.6196,0.2913,3262,1343,appariée,H:23347_SELECTION_GLOBAL_SOUM_2026-08-13 - 2:4,IA:E200D:43,Démo appareil prises/services (E.D.),21.2
humain,23347_SELECTION_GLOBAL_SOUM_2026-08-13 - 2,E200D,PRISE DEPLACER,6253,2651,0.6204,0.3682,3266,1617,appariée,H:23347_SELECTION_GLOBAL_SOUM_2026-08-13 - 2:5,IA:E200D:41,Démo appareil prises/services (E.D.),24.8
humain,23347_SELECTION_GLOBAL_SOUM_2026-08-13 - 2,E200D,PRISE DEPLACER,3474,1376,0.3447,0.1911,1938,986,appariée,H:23347_SELECTION_GLOBAL_SOUM_2026-08-13 - 2:6,IA:E200D:59,Démo appareil prises/services (E.D.),34.3
humain,23347_SELECTION_GLOBAL_SOUM_2026-08-13 - 2,E200D,PRISE DEPLACER,2701,2518,0.2680,0.3498,1569,1551,appariée,H:23347_SELECTION_GLOBAL_SOUM_2026-08-13 - 2:7,IA:E200D:60,Démo appareil prises/services (E.D.),11.0
humain,23347_SELECTION_GLOBAL_SOUM_2026-08-13 - 2,E200D,PRISE DEPLACER,2693,2736,0.2672,0.3801,1565,1659,appariée,H:23347_SELECTION_GLOBAL_SOUM_2026-08-13 - 2:8,IA:E200D:61,Démo appareil prises/services (E.D.),11.3
humain,23347_SELECTION_GLOBAL_SOUM_2026-08-13 - 2,E200D,PRISE DEPLACER,2690,2974,0.2669,0.4131,1564,1777,appariée,H:23347_SELECTION_GLOBAL_SOUM_2026-08-13 - 2:9,IA:E200D:62,Démo appareil prises/services (E.D.),10.2
humain,23347_SELECTION_GLOBAL_SOUM_2026-08-13 - 2,E200D,PRISE DEPLACER,2704,3441,0.2683,0.4780,1570,2008,appariée,H:23347_SELECTION_GLOBAL_SOUM_2026-08-13 - 2:10,IA:E200D:64,Démo appareil prises/services (E.D.),12.6
humain,23347_SELECTION_GLOBAL_SOUM_2026-08-13 - 2,E200D,PRISE DEPLACER,2696,3213,0.2675,0.4463,1567,1896,appariée,H:23347_SELECTION_GLOBAL_SOUM_2026-08-13 - 2:11,IA:E200D:63,Démo appareil prises/services (E.D.),10.6
humain,23347_SELECTION_GLOBAL_SOUM_2026-08-13 - 2,E200D,PRISE DEPLACER,2787,3829,0.2765,0.5319,1610,2201,appariée,H:23347_SELECTION_GLOBAL_SOUM_2026-08-13 - 2:12,IA:E200D:65,Démo appareil prises/services (E.D.),10.7
humain,23347_SELECTION_GLOBAL_SOUM_2026-08-13 - 2,E200D,PRISE DEPLACER,2688,4275,0.2667,0.5938,1563,2422,appariée,H:23347_SELECTION_GLOBAL_SOUM_2026-08-13 - 2:13,IA:E200D:67,Démo appareil prises/services (E.D.),8.4
humain,23347_SELECTION_GLOBAL_SOUM_2026-08-13 - 2,E200D,PRISE DEPLACER,2628,4714,0.2607,0.6548,1534,2639,appariée,H:23347_SELECTION_GLOBAL_SOUM_2026-08-13 - 2:14,IA:E200D:18,Démo appareil prises/services (E.D.),17.0
humain,23347_SELECTION_GLOBAL_SOUM_2026-08-13 - 2,E200D,PRISE DEPLACER,2628,4764,0.2607,0.6618,1534,2664,appariée,H:23347_SELECTION_GLOBAL_SOUM_2026-08-13 - 2:15,IA:E200D:19,Démo appareil prises/services (E.D.),16.8
humain,23347_SELECTION_GLOBAL_SOUM_2026-08-13 - 2,E200D,PRISE DEPLACER,2203,4711,0.2186,0.6544,1331,2637,appariée,H:23347_SELECTION_GLOBAL_SOUM_2026-08-13 - 2:16,IA:E200D:15,Démo appareil prises/services (E.D.),38.5
humain,23347_SELECTION_GLOBAL_SOUM_2026-08-13 - 2,E200D,PRISE DEPLACER,2620,5136,0.2599,0.7134,1530,2848,appariée,H:23347_SELECTION_GLOBAL_SOUM_2026-08-13 - 2:17,IA:E200D:20,Démo appareil prises/services (E.D.),13.1
humain,23347_SELECTION_GLOBAL_SOUM_2026-08-13 - 2,E200D,PRISE DEPLACER,2549,4964,0.2529,0.6895,1496,2763,appariée,H:23347_SELECTION_GLOBAL_SOUM_2026-08-13 - 2:18,IA:E200D:72,Démo appareil prises/services (E.D.),53.1
humain,23347_SELECTION_GLOBAL_SOUM_2026-08-13 - 2,E200D,PRISE DEPLACER,2545,5021,0.2525,0.6975,1494,2791,manquante IA,H:23347_SELECTION_GLOBAL_SOUM_2026-08-13 - 2:19,,,
humain,23347_SELECTION_GLOBAL_SOUM_2026-08-13 - 2,E200D,PRISE DEPLACER,2531,5086,0.2511,0.7065,1488,2823,manquante IA,H:23347_SELECTION_GLOBAL_SOUM_2026-08-13 - 2:20,,,
humain,23347_SELECTION_GLOBAL_SOUM_2026-08-13 - 2,E200D,PRISE DEPLACER,2535,5171,0.2515,0.7183,1490,2865,appariée,H:23347_SELECTION_GLOBAL_SOUM_2026-08-13 - 2:21,IA:E200D:70,Démo appareil prises/services (E.D.),47.7
humain,23347_SELECTION_GLOBAL_SOUM_2026-08-13 - 2,E200D,PRISE DEPLACER,2531,5386,0.2511,0.7482,1488,2972,appariée,H:23347_SELECTION_GLOBAL_SOUM_2026-08-13 - 2:22,IA:E200D:78,Démo appareil prises/services (E.D.),78.3
humain,23347_SELECTION_GLOBAL_SOUM_2026-08-13 - 2,E200D,PRISE DEPLACER,2470,5382,0.2451,0.7476,1459,2970,manquante IA,H:23347_SELECTION_GLOBAL_SOUM_2026-08-13 - 2:23,,,
humain,23347_SELECTION_GLOBAL_SOUM_2026-08-13 - 2,E200D,PRISE DEPLACER,2281,5378,0.2263,0.7470,1368,2968,appariée,H:23347_SELECTION_GLOBAL_SOUM_2026-08-13 - 2:24,IA:E200D:79,Démo appareil prises/services (E.D.),35.2
humain,23347_SELECTION_GLOBAL_SOUM_2026-08-13 - 2,E200D,PRISE DEPLACER,2199,5375,0.2182,0.7466,1329,2966,appariée,H:23347_SELECTION_GLOBAL_SOUM_2026-08-13 - 2:25,IA:E200D:6,Démo appareil prises/services (E.D.),37.3
humain,23347_SELECTION_GLOBAL_SOUM_2026-08-13 - 2,E200D,PRISE DEPLACER,2667,5611,0.2646,0.7794,1553,3083,appariée,H:23347_SELECTION_GLOBAL_SOUM_2026-08-13 - 2:26,IA:E200D:23,Démo appareil prises/services (E.D.),19.0
humain,23347_SELECTION_GLOBAL_SOUM_2026-08-13 - 2,E200D,PRISE DEPLACER,2767,5611,0.2745,0.7794,1600,3083,appariée,H:23347_SELECTION_GLOBAL_SOUM_2026-08-13 - 2:27,IA:E200D:24,Démo appareil prises/services (E.D.),22.0
humain,23347_SELECTION_GLOBAL_SOUM_2026-08-13 - 2,E200D,PRISE DEPLACER,2899,5603,0.2876,0.7783,1664,3079,appariée,H:23347_SELECTION_GLOBAL_SOUM_2026-08-13 - 2:28,IA:E200D:25,Démo appareil prises/services (E.D.),45.6
humain,23347_SELECTION_GLOBAL_SOUM_2026-08-13 - 2,E200D,PRISE DEPLACER,3013,5528,0.2989,0.7679,1718,3042,appariée,H:23347_SELECTION_GLOBAL_SOUM_2026-08-13 - 2:29,IA:E200D:21,Démo appareil prises/services (E.D.),47.1
humain,23347_SELECTION_GLOBAL_SOUM_2026-08-13 - 2,E200D,PRISE DEPLACER,3338,5700,0.3312,0.7918,1873,3127,appariée,H:23347_SELECTION_GLOBAL_SOUM_2026-08-13 - 2:30,IA:E200D:26,Démo appareil prises/services (E.D.),13.6
humain,23347_SELECTION_GLOBAL_SOUM_2026-08-13 - 2,E200D,PRISE DEPLACER,3345,5650,0.3319,0.7848,1877,3102,manquante IA,H:23347_SELECTION_GLOBAL_SOUM_2026-08-13 - 2:31,,,
humain,23347_SELECTION_GLOBAL_SOUM_2026-08-13 - 2,E200D,PRISE DEPLACER,3788,5671,0.3758,0.7877,2088,3113,manquante IA,H:23347_SELECTION_GLOBAL_SOUM_2026-08-13 - 2:32,,,
humain,23347_SELECTION_GLOBAL_SOUM_2026-08-13 - 2,E200D,PRISE DEPLACER,3774,5693,0.3744,0.7908,2081,3124,appariée,H:23347_SELECTION_GLOBAL_SOUM_2026-08-13 - 2:33,IA:E200D:27,Démo appareil prises/services (E.D.),12.1
humain,23347_SELECTION_GLOBAL_SOUM_2026-08-13 - 2,E200D,PRISE DEPLACER,4163,5668,0.4130,0.7873,2267,3111,manquante IA,H:23347_SELECTION_GLOBAL_SOUM_2026-08-13 - 2:34,,,
humain,23347_SELECTION_GLOBAL_SOUM_2026-08-13 - 2,E200D,PRISE DEPLACER,4156,5711,0.4123,0.7933,2264,3133,appariée,H:23347_SELECTION_GLOBAL_SOUM_2026-08-13 - 2:35,IA:E200D:28,Démo appareil prises/services (E.D.),5.5
humain,23347_SELECTION_GLOBAL_SOUM_2026-08-13 - 2,E200D,PRISE DEPLACER,4610,5664,0.4574,0.7868,2481,3109,manquante IA,H:23347_SELECTION_GLOBAL_SOUM_2026-08-13 - 2:36,,,
humain,23347_SELECTION_GLOBAL_SOUM_2026-08-13 - 2,E200D,PRISE DEPLACER,4620,5696,0.4584,0.7912,2486,3125,appariée,H:23347_SELECTION_GLOBAL_SOUM_2026-08-13 - 2:37,IA:E200D:31,Démo appareil prises/services (E.D.),12.2
humain,23347_SELECTION_GLOBAL_SOUM_2026-08-13 - 2,E200D,PRISE DEPLACER,5003,5657,0.4964,0.7858,2669,3106,manquante IA,H:23347_SELECTION_GLOBAL_SOUM_2026-08-13 - 2:38,,,
humain,23347_SELECTION_GLOBAL_SOUM_2026-08-13 - 2,E200D,PRISE DEPLACER,5024,5693,0.4985,0.7908,2679,3124,appariée,H:23347_SELECTION_GLOBAL_SOUM_2026-08-13 - 2:39,IA:E200D:32,Démo appareil prises/services (E.D.),16.7
humain,23347_SELECTION_GLOBAL_SOUM_2026-08-13 - 2,E200D,PRISE DEPLACER,6242,4689,0.6193,0.6513,3260,2627,appariée,H:23347_SELECTION_GLOBAL_SOUM_2026-08-13 - 2:40,IA:E200D:34,Démo appareil prises/services (E.D.),18.3
humain,23347_SELECTION_GLOBAL_SOUM_2026-08-13 - 2,E200D,PRISE DEPLACER,6153,4503,0.6105,0.6255,3218,2534,appariée,H:23347_SELECTION_GLOBAL_SOUM_2026-08-13 - 2:41,IA:E200D:35,Démo appareil prises/services (E.D.),27.7
humain,23347_SELECTION_GLOBAL_SOUM_2026-08-13 - 2,E200D,PRISE DEPLACER,6228,4114,0.6179,0.5715,3254,2342,appariée,H:23347_SELECTION_GLOBAL_SOUM_2026-08-13 - 2:42,IA:E200D:37,Démo appareil prises/services (E.D.),18.2
humain,23347_SELECTION_GLOBAL_SOUM_2026-08-13 - 2,E200D,PRISE DEPLACER,6153,3739,0.6105,0.5194,3218,2156,appariée,H:23347_SELECTION_GLOBAL_SOUM_2026-08-13 - 2:43,IA:E200D:38,Démo appareil prises/services (E.D.),28.7
humain,23347_SELECTION_GLOBAL_SOUM_2026-08-13 - 2,E200D,PRISE DEPLACER,6245,3375,0.6196,0.4688,3262,1976,appariée,H:23347_SELECTION_GLOBAL_SOUM_2026-08-13 - 2:44,IA:E200D:39,Démo appareil prises/services (E.D.),21.2
humain,23347_SELECTION_GLOBAL_SOUM_2026-08-13 - 2,E200D,PRISE DEPLACER,6145,2993,0.6097,0.4158,3214,1787,appariée,H:23347_SELECTION_GLOBAL_SOUM_2026-08-13 - 2:45,IA:E200D:40,Démo appareil prises/services (E.D.),36.0
humain,23347_SELECTION_GLOBAL_SOUM_2026-08-13 - 2,E200D,PRISE DEPLACER,4458,2980,0.4423,0.4139,2408,1780,manquante IA,H:23347_SELECTION_GLOBAL_SOUM_2026-08-13 - 2:46,,,
humain,23347_SELECTION_GLOBAL_SOUM_2026-08-13 - 2,E200D,PRISE DEPLACER,1051,4959,0.1043,0.6888,781,2760,appariée,H:23347_SELECTION_GLOBAL_SOUM_2026-08-13 - 2:47,IA:E200D:3,Démo appareil prises/services (E.D.),29.1
humain,23347_SELECTION_GLOBAL_SOUM_2026-08-13 - 2,E200D,PRISE DEPLACER,1940,5066,0.1925,0.7037,1205,2813,appariée,H:23347_SELECTION_GLOBAL_SOUM_2026-08-13 - 2:48,IA:E200D:16,Démo appareil prises/services (E.D.),85.2
humain,23347_SELECTION_GLOBAL_SOUM_2026-08-13 - 2,E200D,PRISE DEPLACER,1954,4798,0.1939,0.6665,1212,2681,appariée,H:23347_SELECTION_GLOBAL_SOUM_2026-08-13 - 2:49,IA:E200D:14,Démo appareil prises/services (E.D.),82.0
humain,23347_SELECTION_GLOBAL_SOUM_2026-08-13 - 2,E200D,PLINTHE RELO,3786,6224,0.3756,0.8646,2087,3387,manquante IA,H:23347_SELECTION_GLOBAL_SOUM_2026-08-13 - 2:50,,,
humain,23347_SELECTION_GLOBAL_SOUM_2026-08-13 - 2,E200D,PLINTHE RELO,4731,6232,0.4694,0.8657,2539,3391,appariée,H:23347_SELECTION_GLOBAL_SOUM_2026-08-13 - 2:51,IA:E200D:30,Démo appareil prises/services (E.D.),78.3
humain,23347_SELECTION_GLOBAL_SOUM_2026-08-13 - 2,E200D,PLINTHE RELO,1200,5140,0.1191,0.7140,852,2850,appariée,H:23347_SELECTION_GLOBAL_SOUM_2026-08-13 - 2:52,IA:E200D:1,Démo appareil prises/services (E.D.),44.3
humain,23347_SELECTION_GLOBAL_SOUM_2026-08-13 - 2,E200D,PLINTHE RELO,947,5530,0.0940,0.7682,731,3043,manquante IA,H:23347_SELECTION_GLOBAL_SOUM_2026-08-13 - 2:53,,,
humain,23347_SELECTION_GLOBAL_SOUM_2026-08-13 - 3,E300D,FIXTURE ENLEVER,2883,1512,0.2860,0.2100,1600,1057,appariée,H:23347_SELECTION_GLOBAL_SOUM_2026-08-13 - 3:1,IA:E300D:118,Démo luminaire R,15.1
humain,23347_SELECTION_GLOBAL_SOUM_2026-08-13 - 3,E300D,FIXTURE ENLEVER,2808,1672,0.2786,0.2323,1563,1132,appariée,H:23347_SELECTION_GLOBAL_SOUM_2026-08-13 - 3:2,IA:E300D:114,Démo luminaire R,21.7
humain,23347_SELECTION_GLOBAL_SOUM_2026-08-13 - 3,E300D,FIXTURE ENLEVER,2816,1812,0.2794,0.2517,1567,1197,appariée,H:23347_SELECTION_GLOBAL_SOUM_2026-08-13 - 3:3,IA:E300D:113,Démo luminaire R,20.1
humain,23347_SELECTION_GLOBAL_SOUM_2026-08-13 - 3,E300D,FIXTURE ENLEVER,2814,1962,0.2792,0.2725,1566,1267,appariée,H:23347_SELECTION_GLOBAL_SOUM_2026-08-13 - 3:4,IA:E300D:112,Démo luminaire R,23.6
humain,23347_SELECTION_GLOBAL_SOUM_2026-08-13 - 3,E300D,FIXTURE ENLEVER,2810,2155,0.2788,0.2993,1564,1357,appariée,H:23347_SELECTION_GLOBAL_SOUM_2026-08-13 - 3:5,IA:E300D:138,Démo luminaire R,20.9
humain,23347_SELECTION_GLOBAL_SOUM_2026-08-13 - 3,E300D,FIXTURE ENLEVER,2810,2283,0.2788,0.3171,1564,1417,appariée,H:23347_SELECTION_GLOBAL_SOUM_2026-08-13 - 3:6,IA:E300D:139,Démo luminaire R,21.0
humain,23347_SELECTION_GLOBAL_SOUM_2026-08-13 - 3,E300D,FIXTURE ENLEVER,2933,2235,0.2910,0.3105,1624,1395,appariée,H:23347_SELECTION_GLOBAL_SOUM_2026-08-13 - 3:7,IA:E300D:137,Démo luminaire R,26.1
humain,23347_SELECTION_GLOBAL_SOUM_2026-08-13 - 3,E300D,FIXTURE ENLEVER,2937,1885,0.2914,0.2618,1626,1231,appariée,H:23347_SELECTION_GLOBAL_SOUM_2026-08-13 - 3:8,IA:E300D:120,Démo luminaire R,22.5
humain,23347_SELECTION_GLOBAL_SOUM_2026-08-13 - 3,E300D,FIXTURE ENLEVER,2941,1726,0.2918,0.2398,1628,1157,appariée,H:23347_SELECTION_GLOBAL_SOUM_2026-08-13 - 3:9,IA:E300D:119,Démo luminaire R,21.5
humain,23347_SELECTION_GLOBAL_SOUM_2026-08-13 - 3,E300D,FIXTURE ENLEVER,2957,1605,0.2934,0.2229,1635,1101,appariée,H:23347_SELECTION_GLOBAL_SOUM_2026-08-13 - 3:10,IA:E300D:123,Démo luminaire R,20.9
humain,23347_SELECTION_GLOBAL_SOUM_2026-08-13 - 3,E300D,FIXTURE ENLEVER,3018,1468,0.2994,0.2039,1665,1037,appariée,H:23347_SELECTION_GLOBAL_SOUM_2026-08-13 - 3:11,IA:E300D:115,Démo luminaire R,20.4
humain,23347_SELECTION_GLOBAL_SOUM_2026-08-13 - 3,E300D,FIXTURE ENLEVER,3170,1458,0.3145,0.2025,1738,1032,appariée,H:23347_SELECTION_GLOBAL_SOUM_2026-08-13 - 3:12,IA:E300D:116,Démo luminaire R,19.8
humain,23347_SELECTION_GLOBAL_SOUM_2026-08-13 - 3,E300D,FIXTURE ENLEVER,3097,1587,0.3073,0.2204,1703,1092,appariée,H:23347_SELECTION_GLOBAL_SOUM_2026-08-13 - 3:13,IA:E300D:121,Démo luminaire R,19.0
humain,23347_SELECTION_GLOBAL_SOUM_2026-08-13 - 3,E300D,FIXTURE ENLEVER,3041,1870,0.3017,0.2598,1676,1224,manquante IA,H:23347_SELECTION_GLOBAL_SOUM_2026-08-13 - 3:14,,,
humain,23347_SELECTION_GLOBAL_SOUM_2026-08-13 - 3,E300D,FIXTURE ENLEVER,3145,1791,0.3120,0.2488,1726,1188,appariée,H:23347_SELECTION_GLOBAL_SOUM_2026-08-13 - 3:15,IA:E300D:67,Démo luminaire H,32.9
humain,23347_SELECTION_GLOBAL_SOUM_2026-08-13 - 3,E300D,FIXTURE ENLEVER,3245,1566,0.3220,0.2175,1774,1083,appariée,H:23347_SELECTION_GLOBAL_SOUM_2026-08-13 - 3:16,IA:E300D:122,Démo luminaire R,23.0
humain,23347_SELECTION_GLOBAL_SOUM_2026-08-13 - 3,E300D,FIXTURE ENLEVER,3318,1433,0.3292,0.1991,1810,1021,appariée,H:23347_SELECTION_GLOBAL_SOUM_2026-08-13 - 3:17,IA:E300D:117,Démo luminaire R,13.9
humain,23347_SELECTION_GLOBAL_SOUM_2026-08-13 - 3,E300D,FIXTURE ENLEVER,3264,1920,0.3238,0.2667,1784,1248,appariée,H:23347_SELECTION_GLOBAL_SOUM_2026-08-13 - 3:18,IA:E300D:96,Démo luminaire H,35.2
humain,23347_SELECTION_GLOBAL_SOUM_2026-08-13 - 3,E300D,FIXTURE ENLEVER,3660,1583,0.3631,0.2199,1975,1091,appariée,H:23347_SELECTION_GLOBAL_SOUM_2026-08-13 - 3:19,IA:E300D:73,Démo luminaire H,42.6
humain,23347_SELECTION_GLOBAL_SOUM_2026-08-13 - 3,E300D,FIXTURE ENLEVER,4024,1580,0.3992,0.2195,2151,1089,appariée,H:23347_SELECTION_GLOBAL_SOUM_2026-08-13 - 3:20,IA:E300D:74,Démo luminaire H,42.9
humain,23347_SELECTION_GLOBAL_SOUM_2026-08-13 - 3,E300D,FIXTURE ENLEVER,4387,1587,0.4353,0.2204,2326,1092,appariée,H:23347_SELECTION_GLOBAL_SOUM_2026-08-13 - 3:21,IA:E300D:75,Démo luminaire H,47.1
humain,23347_SELECTION_GLOBAL_SOUM_2026-08-13 - 3,E300D,FIXTURE ENLEVER,4726,1585,0.4689,0.2202,2490,1092,appariée,H:23347_SELECTION_GLOBAL_SOUM_2026-08-13 - 3:22,IA:E300D:76,Démo luminaire H,57.0
humain,23347_SELECTION_GLOBAL_SOUM_2026-08-13 - 3,E300D,FIXTURE ENLEVER,5041,1562,0.5001,0.2170,2642,1081,appariée,H:23347_SELECTION_GLOBAL_SOUM_2026-08-13 - 3:23,IA:E300D:77,Démo luminaire H,75.1
humain,23347_SELECTION_GLOBAL_SOUM_2026-08-13 - 3,E300D,FIXTURE ENLEVER,5105,1591,0.5065,0.2210,2673,1094,appariée,H:23347_SELECTION_GLOBAL_SOUM_2026-08-13 - 3:24,IA:E300D:61,Démo luminaire E,10.4
humain,23347_SELECTION_GLOBAL_SOUM_2026-08-13 - 3,E300D,FIXTURE ENLEVER,5458,1585,0.5415,0.2202,2843,1092,appariée,H:23347_SELECTION_GLOBAL_SOUM_2026-08-13 - 3:25,IA:E300D:78,Démo luminaire H,59.0
humain,23347_SELECTION_GLOBAL_SOUM_2026-08-13 - 3,E300D,FIXTURE ENLEVER,5826,1581,0.5780,0.2196,3021,1090,appariée,H:23347_SELECTION_GLOBAL_SOUM_2026-08-13 - 3:26,IA:E300D:79,Démo luminaire H,57.3
humain,23347_SELECTION_GLOBAL_SOUM_2026-08-13 - 3,E300D,FIXTURE ENLEVER,5830,1820,0.5784,0.2528,3023,1201,appariée,H:23347_SELECTION_GLOBAL_SOUM_2026-08-13 - 3:27,IA:E300D:81,Démo luminaire H,57.6
humain,23347_SELECTION_GLOBAL_SOUM_2026-08-13 - 3,E300D,FIXTURE ENLEVER,5312,1830,0.5270,0.2542,2773,1206,appariée,H:23347_SELECTION_GLOBAL_SOUM_2026-08-13 - 3:28,IA:E300D:80,Démo luminaire H,57.9
humain,23347_SELECTION_GLOBAL_SOUM_2026-08-13 - 3,E300D,FIXTURE ENLEVER,5824,2193,0.5778,0.3046,3020,1375,appariée,H:23347_SELECTION_GLOBAL_SOUM_2026-08-13 - 3:29,IA:E300D:82,Démo luminaire H,51.1
humain,23347_SELECTION_GLOBAL_SOUM_2026-08-13 - 3,E300D,FIXTURE ENLEVER,5814,2635,0.5768,0.3660,3015,1581,appariée,H:23347_SELECTION_GLOBAL_SOUM_2026-08-13 - 3:30,IA:E300D:83,Démo luminaire H,54.0
humain,23347_SELECTION_GLOBAL_SOUM_2026-08-13 - 3,E300D,FIXTURE ENLEVER,4989,2481,0.4950,0.3446,2617,1510,manquante IA,H:23347_SELECTION_GLOBAL_SOUM_2026-08-13 - 3:31,,,
humain,23347_SELECTION_GLOBAL_SOUM_2026-08-13 - 3,E300D,FIXTURE ENLEVER,4855,2562,0.4817,0.3559,2552,1547,manquante IA,H:23347_SELECTION_GLOBAL_SOUM_2026-08-13 - 3:32,,,
humain,23347_SELECTION_GLOBAL_SOUM_2026-08-13 - 3,E300D,FIXTURE ENLEVER,4572,2747,0.4536,0.3816,2415,1634,manquante IA,H:23347_SELECTION_GLOBAL_SOUM_2026-08-13 - 3:33,,,
humain,23347_SELECTION_GLOBAL_SOUM_2026-08-13 - 3,E300D,FIXTURE ENLEVER,4445,2841,0.4410,0.3946,2354,1677,manquante IA,H:23347_SELECTION_GLOBAL_SOUM_2026-08-13 - 3:34,,,
humain,23347_SELECTION_GLOBAL_SOUM_2026-08-13 - 3,E300D,FIXTURE ENLEVER,4158,3033,0.4125,0.4213,2215,1767,manquante IA,H:23347_SELECTION_GLOBAL_SOUM_2026-08-13 - 3:35,,,
humain,23347_SELECTION_GLOBAL_SOUM_2026-08-13 - 3,E300D,FIXTURE ENLEVER,3932,2441,0.3901,0.3391,2106,1491,manquante IA,H:23347_SELECTION_GLOBAL_SOUM_2026-08-13 - 3:36,,,
humain,23347_SELECTION_GLOBAL_SOUM_2026-08-13 - 3,E300D,FIXTURE ENLEVER,4068,2368,0.4036,0.3289,2172,1457,manquante IA,H:23347_SELECTION_GLOBAL_SOUM_2026-08-13 - 3:37,,,
humain,23347_SELECTION_GLOBAL_SOUM_2026-08-13 - 3,E300D,FIXTURE ENLEVER,4276,2258,0.4242,0.3137,2272,1405,manquante IA,H:23347_SELECTION_GLOBAL_SOUM_2026-08-13 - 3:38,,,
humain,23347_SELECTION_GLOBAL_SOUM_2026-08-13 - 3,E300D,FIXTURE ENLEVER,4426,2189,0.4391,0.3041,2345,1373,manquante IA,H:23347_SELECTION_GLOBAL_SOUM_2026-08-13 - 3:39,,,
humain,23347_SELECTION_GLOBAL_SOUM_2026-08-13 - 3,E300D,FIXTURE ENLEVER,4618,2089,0.4582,0.2902,2438,1327,appariée,H:23347_SELECTION_GLOBAL_SOUM_2026-08-13 - 3:40,IA:E300D:1,Démo carré-cercle — à classer,79.2
humain,23347_SELECTION_GLOBAL_SOUM_2026-08-13 - 3,E300D,FIXTURE ENLEVER,3782,1931,0.3752,0.2682,2034,1253,manquante IA,H:23347_SELECTION_GLOBAL_SOUM_2026-08-13 - 3:41,,,
humain,23347_SELECTION_GLOBAL_SOUM_2026-08-13 - 3,E300D,FIXTURE ENLEVER,3653,2035,0.3624,0.2827,1971,1301,manquante IA,H:23347_SELECTION_GLOBAL_SOUM_2026-08-13 - 3:42,,,
humain,23347_SELECTION_GLOBAL_SOUM_2026-08-13 - 3,E300D,FIXTURE ENLEVER,3818,2201,0.3788,0.3057,2051,1379,appariée,H:23347_SELECTION_GLOBAL_SOUM_2026-08-13 - 3:43,IA:E300D:208,Démo rail existant,42.7
humain,23347_SELECTION_GLOBAL_SOUM_2026-08-13 - 3,E300D,FIXTURE ENLEVER,4153,2028,0.4120,0.2817,2213,1298,appariée,H:23347_SELECTION_GLOBAL_SOUM_2026-08-13 - 3:44,IA:E300D:180,Démo projecteur sur rail,9.6
humain,23347_SELECTION_GLOBAL_SOUM_2026-08-13 - 3,E300D,FIXTURE ENLEVER,3431,2520,0.3404,0.3500,1864,1528,appariée,H:23347_SELECTION_GLOBAL_SOUM_2026-08-13 - 3:45,IA:E300D:182,Démo projecteur sur rail,31.4
humain,23347_SELECTION_GLOBAL_SOUM_2026-08-13 - 3,E300D,FIXTURE ENLEVER,3644,2868,0.3615,0.3984,1967,1690,manquante IA,H:23347_SELECTION_GLOBAL_SOUM_2026-08-13 - 3:46,,,
humain,23347_SELECTION_GLOBAL_SOUM_2026-08-13 - 3,E300D,FIXTURE ENLEVER,3298,2920,0.3272,0.4056,1800,1714,appariée,H:23347_SELECTION_GLOBAL_SOUM_2026-08-13 - 3:47,IA:E300D:36,Démo luminaire C,42.1
humain,23347_SELECTION_GLOBAL_SOUM_2026-08-13 - 3,E300D,FIXTURE ENLEVER,2961,2946,0.2938,0.4092,1637,1726,appariée,H:23347_SELECTION_GLOBAL_SOUM_2026-08-13 - 3:48,IA:E300D:18,Démo luminaire A2,15.8
humain,23347_SELECTION_GLOBAL_SOUM_2026-08-13 - 3,E300D,FIXTURE ENLEVER,6064,1824,0.6016,0.2534,3136,1203,appariée,H:23347_SELECTION_GLOBAL_SOUM_2026-08-13 - 3:49,IA:E300D:84,Démo luminaire H,56.5
humain,23347_SELECTION_GLOBAL_SOUM_2026-08-13 - 3,E300D,FIXTURE ENLEVER,6057,2195,0.6010,0.3049,3132,1376,appariée,H:23347_SELECTION_GLOBAL_SOUM_2026-08-13 - 3:50,IA:E300D:85,Démo luminaire H,56.6
humain,23347_SELECTION_GLOBAL_SOUM_2026-08-13 - 3,E300D,FIXTURE ENLEVER,6066,2535,0.6018,0.3521,3137,1535,appariée,H:23347_SELECTION_GLOBAL_SOUM_2026-08-13 - 3:51,IA:E300D:86,Démo luminaire H,50.3
humain,23347_SELECTION_GLOBAL_SOUM_2026-08-13 - 3,E300D,FIXTURE ENLEVER,5561,2119,0.5517,0.2943,2893,1341,appariée,H:23347_SELECTION_GLOBAL_SOUM_2026-08-13 - 3:52,IA:E300D:144,Démo luminaire S2,74.6
humain,23347_SELECTION_GLOBAL_SOUM_2026-08-13 - 3,E300D,FIXTURE ENLEVER,5474,2359,0.5431,0.3277,2851,1453,appariée,H:23347_SELECTION_GLOBAL_SOUM_2026-08-13 - 3:53,IA:E300D:149,Démo luminaire S2,18.7
humain,23347_SELECTION_GLOBAL_SOUM_2026-08-13 - 3,E300D,FIXTURE ENLEVER,5103,2041,0.5063,0.2835,2672,1304,appariée,H:23347_SELECTION_GLOBAL_SOUM_2026-08-13 - 3:54,IA:E300D:151,Démo luminaire S2,37.1
humain,23347_SELECTION_GLOBAL_SOUM_2026-08-13 - 3,E300D,FIXTURE ENLEVER,4731,1806,0.4694,0.2509,2492,1195,appariée,H:23347_SELECTION_GLOBAL_SOUM_2026-08-13 - 3:55,IA:E300D:147,Démo luminaire S2,39.3
humain,23347_SELECTION_GLOBAL_SOUM_2026-08-13 - 3,E300D,FIXTURE ENLEVER,5740,2848,0.5695,0.3956,2979,1681,appariée,H:23347_SELECTION_GLOBAL_SOUM_2026-08-13 - 3:56,IA:E300D:222,Démo rail existant,16.8
humain,23347_SELECTION_GLOBAL_SOUM_2026-08-13 - 3,E300D,FIXTURE ENLEVER,6049,2885,0.6002,0.4008,3129,1698,appariée,H:23347_SELECTION_GLOBAL_SOUM_2026-08-13 - 3:57,IA:E300D:6,Démo carré-cercle — à classer,27.1
humain,23347_SELECTION_GLOBAL_SOUM_2026-08-13 - 3,E300D,FIXTURE ENLEVER,6064,3155,0.6016,0.4383,3136,1824,appariée,H:23347_SELECTION_GLOBAL_SOUM_2026-08-13 - 3:58,IA:E300D:223,Démo rail existant,34.0
humain,23347_SELECTION_GLOBAL_SOUM_2026-08-13 - 3,E300D,FIXTURE ENLEVER,6040,3563,0.5993,0.4949,3124,2014,appariée,H:23347_SELECTION_GLOBAL_SOUM_2026-08-13 - 3:59,IA:E300D:40,Démo luminaire C,24.1
humain,23347_SELECTION_GLOBAL_SOUM_2026-08-13 - 3,E300D,FIXTURE ENLEVER,6040,3835,0.5993,0.5327,3124,2141,appariée,H:23347_SELECTION_GLOBAL_SOUM_2026-08-13 - 3:60,IA:E300D:219,Démo rail existant,72.6
humain,23347_SELECTION_GLOBAL_SOUM_2026-08-13 - 3,E300D,FIXTURE ENLEVER,6062,4411,0.6014,0.6127,3135,2410,appariée,H:23347_SELECTION_GLOBAL_SOUM_2026-08-13 - 3:61,IA:E300D:13,Démo luminaire A1,67.5
humain,23347_SELECTION_GLOBAL_SOUM_2026-08-13 - 3,E300D,FIXTURE ENLEVER,5653,4111,0.5609,0.5711,2937,2270,appariée,H:23347_SELECTION_GLOBAL_SOUM_2026-08-13 - 3:62,IA:E300D:41,Démo luminaire C,70.0
humain,23347_SELECTION_GLOBAL_SOUM_2026-08-13 - 3,E300D,FIXTURE ENLEVER,5499,4263,0.5456,0.5922,2863,2341,manquante IA,H:23347_SELECTION_GLOBAL_SOUM_2026-08-13 - 3:63,,,
humain,23347_SELECTION_GLOBAL_SOUM_2026-08-13 - 3,E300D,FIXTURE ENLEVER,5342,4129,0.5300,0.5736,2787,2278,manquante IA,H:23347_SELECTION_GLOBAL_SOUM_2026-08-13 - 3:64,,,
humain,23347_SELECTION_GLOBAL_SOUM_2026-08-13 - 3,E300D,FIXTURE ENLEVER,5507,3898,0.5464,0.5415,2867,2171,appariée,H:23347_SELECTION_GLOBAL_SOUM_2026-08-13 - 3:65,IA:E300D:220,Démo rail existant,71.4
humain,23347_SELECTION_GLOBAL_SOUM_2026-08-13 - 3,E300D,FIXTURE ENLEVER,5755,3592,0.5710,0.4990,2987,2028,manquante IA,H:23347_SELECTION_GLOBAL_SOUM_2026-08-13 - 3:66,,,
humain,23347_SELECTION_GLOBAL_SOUM_2026-08-13 - 3,E300D,FIXTURE ENLEVER,5657,3320,0.5613,0.4612,2939,1901,appariée,H:23347_SELECTION_GLOBAL_SOUM_2026-08-13 - 3:67,IA:E300D:42,Démo luminaire C,69.9
humain,23347_SELECTION_GLOBAL_SOUM_2026-08-13 - 3,E300D,FIXTURE ENLEVER,5523,3507,0.5480,0.4872,2875,1988,manquante IA,H:23347_SELECTION_GLOBAL_SOUM_2026-08-13 - 3:68,,,
humain,23347_SELECTION_GLOBAL_SOUM_2026-08-13 - 3,E300D,FIXTURE ENLEVER,5388,3629,0.5346,0.5041,2809,2045,appariée,H:23347_SELECTION_GLOBAL_SOUM_2026-08-13 - 3:69,IA:E300D:43,Démo luminaire C,82.7
humain,23347_SELECTION_GLOBAL_SOUM_2026-08-13 - 3,E300D,FIXTURE ENLEVER,5201,3826,0.5160,0.5315,2719,2137,manquante IA,H:23347_SELECTION_GLOBAL_SOUM_2026-08-13 - 3:70,,,
humain,23347_SELECTION_GLOBAL_SOUM_2026-08-13 - 3,E300D,FIXTURE ENLEVER,5062,3935,0.5022,0.5466,2652,2188,manquante IA,H:23347_SELECTION_GLOBAL_SOUM_2026-08-13 - 3:71,,,
humain,23347_SELECTION_GLOBAL_SOUM_2026-08-13 - 3,E300D,FIXTURE ENLEVER,4823,3789,0.4785,0.5263,2537,2120,appariée,H:23347_SELECTION_GLOBAL_SOUM_2026-08-13 - 3:72,IA:E300D:24,Démo luminaire C,66.6
humain,23347_SELECTION_GLOBAL_SOUM_2026-08-13 - 3,E300D,FIXTURE ENLEVER,5094,3511,0.5054,0.4877,2667,1990,appariée,H:23347_SELECTION_GLOBAL_SOUM_2026-08-13 - 3:73,IA:E300D:221,Démo rail existant,53.8
humain,23347_SELECTION_GLOBAL_SOUM_2026-08-13 - 3,E300D,FIXTURE ENLEVER,5462,3137,0.5419,0.4358,2845,1816,manquante IA,H:23347_SELECTION_GLOBAL_SOUM_2026-08-13 - 3:74,,,
humain,23347_SELECTION_GLOBAL_SOUM_2026-08-13 - 3,E300D,FIXTURE ENLEVER,5292,2953,0.5251,0.4102,2763,1730,manquante IA,H:23347_SELECTION_GLOBAL_SOUM_2026-08-13 - 3:75,,,
humain,23347_SELECTION_GLOBAL_SOUM_2026-08-13 - 3,E300D,FIXTURE ENLEVER,5073,3122,0.5033,0.4337,2657,1809,manquante IA,H:23347_SELECTION_GLOBAL_SOUM_2026-08-13 - 3:76,,,
humain,23347_SELECTION_GLOBAL_SOUM_2026-08-13 - 3,E300D,FIXTURE ENLEVER,4942,3263,0.4903,0.4533,2594,1874,manquante IA,H:23347_SELECTION_GLOBAL_SOUM_2026-08-13 - 3:77,,,
humain,23347_SELECTION_GLOBAL_SOUM_2026-08-13 - 3,E300D,FIXTURE ENLEVER,4805,3335,0.4767,0.4633,2528,1908,manquante IA,H:23347_SELECTION_GLOBAL_SOUM_2026-08-13 - 3:78,,,
humain,23347_SELECTION_GLOBAL_SOUM_2026-08-13 - 3,E300D,FIXTURE ENLEVER,4575,3496,0.4539,0.4856,2417,1983,appariée,H:23347_SELECTION_GLOBAL_SOUM_2026-08-13 - 3:79,IA:E300D:3,Démo carré-cercle — à classer,77.0
humain,23347_SELECTION_GLOBAL_SOUM_2026-08-13 - 3,E300D,FIXTURE ENLEVER,4357,3268,0.4323,0.4540,2311,1877,appariée,H:23347_SELECTION_GLOBAL_SOUM_2026-08-13 - 3:80,IA:E300D:23,Démo luminaire C,73.0
humain,23347_SELECTION_GLOBAL_SOUM_2026-08-13 - 3,E300D,FIXTURE ENLEVER,4714,3048,0.4677,0.4234,2484,1774,appariée,H:23347_SELECTION_GLOBAL_SOUM_2026-08-13 - 3:81,IA:E300D:206,Démo rail existant,49.5
humain,23347_SELECTION_GLOBAL_SOUM_2026-08-13 - 3,E300D,FIXTURE ENLEVER,5140,2716,0.5100,0.3773,2690,1619,appariée,H:23347_SELECTION_GLOBAL_SOUM_2026-08-13 - 3:82,IA:E300D:44,Démo luminaire C,58.6
humain,23347_SELECTION_GLOBAL_SOUM_2026-08-13 - 3,E300D,FIXTURE ENLEVER,3890,2811,0.3860,0.3905,2086,1663,appariée,H:23347_SELECTION_GLOBAL_SOUM_2026-08-13 - 3:83,IA:E300D:22,Démo luminaire C,46.8
humain,23347_SELECTION_GLOBAL_SOUM_2026-08-13 - 3,E300D,FIXTURE ENLEVER,4355,2524,0.4321,0.3506,2310,1530,appariée,H:23347_SELECTION_GLOBAL_SOUM_2026-08-13 - 3:84,IA:E300D:47,Démo luminaire C,53.9
humain,23347_SELECTION_GLOBAL_SOUM_2026-08-13 - 3,E300D,FIXTURE ENLEVER,4866,2250,0.4828,0.3125,2557,1402,appariée,H:23347_SELECTION_GLOBAL_SOUM_2026-08-13 - 3:85,IA:E300D:46,Démo luminaire C,41.2
humain,23347_SELECTION_GLOBAL_SOUM_2026-08-13 - 3,E300D,FIXTURE ENLEVER,4012,2137,0.3981,0.2968,2145,1349,appariée,H:23347_SELECTION_GLOBAL_SOUM_2026-08-13 - 3:86,IA:E300D:21,Démo luminaire C,25.2
humain,23347_SELECTION_GLOBAL_SOUM_2026-08-13 - 3,E300D,FIXTURE ENLEVER,3903,3324,0.3872,0.4617,2092,1903,appariée,H:23347_SELECTION_GLOBAL_SOUM_2026-08-13 - 3:87,IA:E300D:185,Démo projecteur sur rail,21.6
humain,23347_SELECTION_GLOBAL_SOUM_2026-08-13 - 3,E300D,FIXTURE ENLEVER,4173,3672,0.4140,0.5101,2223,2065,manquante IA,H:23347_SELECTION_GLOBAL_SOUM_2026-08-13 - 3:88,,,
humain,23347_SELECTION_GLOBAL_SOUM_2026-08-13 - 3,E300D,FIXTURE ENLEVER,4455,3987,0.4420,0.5538,2359,2212,appariée,H:23347_SELECTION_GLOBAL_SOUM_2026-08-13 - 3:89,IA:E300D:189,Démo projecteur sur rail,62.3
humain,23347_SELECTION_GLOBAL_SOUM_2026-08-13 - 3,E300D,FIXTURE ENLEVER,4825,4305,0.4787,0.5980,2537,2360,appariée,H:23347_SELECTION_GLOBAL_SOUM_2026-08-13 - 3:90,IA:E300D:192,Démo projecteur sur rail,39.7
humain,23347_SELECTION_GLOBAL_SOUM_2026-08-13 - 3,E300D,FIXTURE ENLEVER,3353,3189,0.3327,0.4430,1827,1840,manquante IA,H:23347_SELECTION_GLOBAL_SOUM_2026-08-13 - 3:91,,,
humain,23347_SELECTION_GLOBAL_SOUM_2026-08-13 - 3,E300D,FIXTURE ENLEVER,2960,3689,0.2937,0.5124,1637,2073,appariée,H:23347_SELECTION_GLOBAL_SOUM_2026-08-13 - 3:92,IA:E300D:11,Démo luminaire A1,24.8
humain,23347_SELECTION_GLOBAL_SOUM_2026-08-13 - 3,E300D,FIXTURE ENLEVER,2942,4042,0.2919,0.5615,1628,2238,appariée,H:23347_SELECTION_GLOBAL_SOUM_2026-08-13 - 3:93,IA:E300D:12,Démo luminaire A1,26.9
humain,23347_SELECTION_GLOBAL_SOUM_2026-08-13 - 3,E300D,FIXTURE ENLEVER,3640,3572,0.3611,0.4962,1965,2019,appariée,H:23347_SELECTION_GLOBAL_SOUM_2026-08-13 - 3:94,IA:E300D:35,Démo luminaire C,67.5
humain,23347_SELECTION_GLOBAL_SOUM_2026-08-13 - 3,E300D,FIXTURE ENLEVER,3431,3716,0.3404,0.5162,1864,2086,manquante IA,H:23347_SELECTION_GLOBAL_SOUM_2026-08-13 - 3:95,,,
humain,23347_SELECTION_GLOBAL_SOUM_2026-08-13 - 3,E300D,FIXTURE ENLEVER,3260,3839,0.3234,0.5333,1782,2143,appariée,H:23347_SELECTION_GLOBAL_SOUM_2026-08-13 - 3:96,IA:E300D:30,Démo luminaire C,61.7
humain,23347_SELECTION_GLOBAL_SOUM_2026-08-13 - 3,E300D,FIXTURE ENLEVER,3114,4326,0.3090,0.6009,1711,2370,appariée,H:23347_SELECTION_GLOBAL_SOUM_2026-08-13 - 3:97,IA:E300D:54,Démo luminaire D1,43.6
humain,23347_SELECTION_GLOBAL_SOUM_2026-08-13 - 3,E300D,FIXTURE ENLEVER,3488,4035,0.3461,0.5605,1892,2235,appariée,H:23347_SELECTION_GLOBAL_SOUM_2026-08-13 - 3:98,IA:E300D:37,Démo luminaire C,69.1
humain,23347_SELECTION_GLOBAL_SOUM_2026-08-13 - 3,E300D,FIXTURE ENLEVER,3840,3726,0.3810,0.5176,2062,2090,appariée,H:23347_SELECTION_GLOBAL_SOUM_2026-08-13 - 3:99,IA:E300D:34,Démo luminaire C,77.6
humain,23347_SELECTION_GLOBAL_SOUM_2026-08-13 - 3,E300D,FIXTURE ENLEVER,5747,4681,0.5702,0.6502,2983,2536,appariée,H:23347_SELECTION_GLOBAL_SOUM_2026-08-13 - 3:100,IA:E300D:226,Démo rail existant,33.9
humain,23347_SELECTION_GLOBAL_SOUM_2026-08-13 - 3,E300D,FIXTURE ENLEVER,5655,4973,0.5611,0.6908,2938,2672,appariée,H:23347_SELECTION_GLOBAL_SOUM_2026-08-13 - 3:101,IA:E300D:196,Démo projecteur sur rail,48.1
humain,23347_SELECTION_GLOBAL_SOUM_2026-08-13 - 3,E300D,FIXTURE ENLEVER,5277,4708,0.5236,0.6540,2756,2548,appariée,H:23347_SELECTION_GLOBAL_SOUM_2026-08-13 - 3:102,IA:E300D:195,Démo projecteur sur rail,74.8
humain,23347_SELECTION_GLOBAL_SOUM_2026-08-13 - 3,E300D,FIXTURE ENLEVER,5405,5147,0.5363,0.7150,2818,2753,appariée,H:23347_SELECTION_GLOBAL_SOUM_2026-08-13 - 3:103,IA:E300D:48,Démo luminaire C,42.5
humain,23347_SELECTION_GLOBAL_SOUM_2026-08-13 - 3,E300D,FIXTURE ENLEVER,4890,5023,0.4852,0.6977,2569,2695,manquante IA,H:23347_SELECTION_GLOBAL_SOUM_2026-08-13 - 3:104,,,
humain,23347_SELECTION_GLOBAL_SOUM_2026-08-13 - 3,E300D,FIXTURE ENLEVER,4677,4803,0.4640,0.6672,2466,2593,manquante IA,H:23347_SELECTION_GLOBAL_SOUM_2026-08-13 - 3:105,,,
humain,23347_SELECTION_GLOBAL_SOUM_2026-08-13 - 3,E300D,FIXTURE ENLEVER,4594,4929,0.4558,0.6847,2426,2652,manquante IA,H:23347_SELECTION_GLOBAL_SOUM_2026-08-13 - 3:106,,,
humain,23347_SELECTION_GLOBAL_SOUM_2026-08-13 - 3,E300D,FIXTURE ENLEVER,4575,4490,0.4539,0.6237,2417,2447,appariée,H:23347_SELECTION_GLOBAL_SOUM_2026-08-13 - 3:107,IA:E300D:32,Démo luminaire C,80.8
humain,23347_SELECTION_GLOBAL_SOUM_2026-08-13 - 3,E300D,FIXTURE ENLEVER,4247,4829,0.4214,0.6708,2258,2605,manquante IA,H:23347_SELECTION_GLOBAL_SOUM_2026-08-13 - 3:108,,,
humain,23347_SELECTION_GLOBAL_SOUM_2026-08-13 - 3,E300D,FIXTURE ENLEVER,3962,5147,0.3931,0.7150,2121,2753,appariée,H:23347_SELECTION_GLOBAL_SOUM_2026-08-13 - 3:109,IA:E300D:215,Démo rail existant,78.3
humain,23347_SELECTION_GLOBAL_SOUM_2026-08-13 - 3,E300D,FIXTURE ENLEVER,3762,4892,0.3733,0.6795,2024,2634,manquante IA,H:23347_SELECTION_GLOBAL_SOUM_2026-08-13 - 3:110,,,
humain,23347_SELECTION_GLOBAL_SOUM_2026-08-13 - 3,E300D,FIXTURE ENLEVER,3949,4671,0.3918,0.6488,2114,2531,appariée,H:23347_SELECTION_GLOBAL_SOUM_2026-08-13 - 3:111,IA:E300D:38,Démo luminaire C,42.5
humain,23347_SELECTION_GLOBAL_SOUM_2026-08-13 - 3,E300D,FIXTURE ENLEVER,4123,4538,0.4091,0.6304,2198,2469,manquante IA,H:23347_SELECTION_GLOBAL_SOUM_2026-08-13 - 3:112,,,
humain,23347_SELECTION_GLOBAL_SOUM_2026-08-13 - 3,E300D,FIXTURE ENLEVER,4299,4390,0.4265,0.6098,2283,2400,appariée,H:23347_SELECTION_GLOBAL_SOUM_2026-08-13 - 3:113,IA:E300D:33,Démo luminaire C,66.5
humain,23347_SELECTION_GLOBAL_SOUM_2026-08-13 - 3,E300D,FIXTURE ENLEVER,4155,4140,0.4122,0.5751,2214,2284,manquante IA,H:23347_SELECTION_GLOBAL_SOUM_2026-08-13 - 3:114,,,
humain,23347_SELECTION_GLOBAL_SOUM_2026-08-13 - 3,E300D,FIXTURE ENLEVER,3801,4475,0.3771,0.6216,2043,2440,manquante IA,H:23347_SELECTION_GLOBAL_SOUM_2026-08-13 - 3:115,,,
humain,23347_SELECTION_GLOBAL_SOUM_2026-08-13 - 3,E300D,FIXTURE ENLEVER,3444,4805,0.3417,0.6675,1871,2594,appariée,H:23347_SELECTION_GLOBAL_SOUM_2026-08-13 - 3:116,IA:E300D:28,Démo luminaire C,76.2
humain,23347_SELECTION_GLOBAL_SOUM_2026-08-13 - 3,E300D,FIXTURE ENLEVER,3349,4464,0.3323,0.6201,1825,2435,manquante IA,H:23347_SELECTION_GLOBAL_SOUM_2026-08-13 - 3:117,,,
humain,23347_SELECTION_GLOBAL_SOUM_2026-08-13 - 3,E300D,FIXTURE ENLEVER,3527,4314,0.3499,0.5992,1911,2365,appariée,H:23347_SELECTION_GLOBAL_SOUM_2026-08-13 - 3:118,IA:E300D:213,Démo rail existant,83.3
humain,23347_SELECTION_GLOBAL_SOUM_2026-08-13 - 3,E300D,FIXTURE ENLEVER,3720,4129,0.3691,0.5736,2004,2278,manquante IA,H:23347_SELECTION_GLOBAL_SOUM_2026-08-13 - 3:119,,,
humain,23347_SELECTION_GLOBAL_SOUM_2026-08-13 - 3,E300D,FIXTURE ENLEVER,3888,4021,0.3858,0.5585,2085,2228,manquante IA,H:23347_SELECTION_GLOBAL_SOUM_2026-08-13 - 3:120,,,
humain,23347_SELECTION_GLOBAL_SOUM_2026-08-13 - 3,E300D,FIXTURE ENLEVER,2807,4486,0.2785,0.6231,1563,2445,manquante IA,H:23347_SELECTION_GLOBAL_SOUM_2026-08-13 - 3:121,,,
humain,23347_SELECTION_GLOBAL_SOUM_2026-08-13 - 3,E300D,FIXTURE ENLEVER,2829,4725,0.2807,0.6563,1574,2556,appariée,H:23347_SELECTION_GLOBAL_SOUM_2026-08-13 - 3:122,IA:E300D:8,Démo enseigne de sortie,36.7
humain,23347_SELECTION_GLOBAL_SOUM_2026-08-13 - 3,E300D,FIXTURE ENLEVER,2825,4905,0.2803,0.6813,1572,2640,appariée,H:23347_SELECTION_GLOBAL_SOUM_2026-08-13 - 3:123,IA:E300D:173,Démo luminaire sans type,8.8
humain,23347_SELECTION_GLOBAL_SOUM_2026-08-13 - 3,E300D,FIXTURE ENLEVER,3081,5081,0.3057,0.7058,1695,2723,appariée,H:23347_SELECTION_GLOBAL_SOUM_2026-08-13 - 3:124,IA:E300D:176,Démo phare d'urgence,48.8
humain,23347_SELECTION_GLOBAL_SOUM_2026-08-13 - 3,E300D,FIXTURE ENLEVER,2847,5142,0.2825,0.7143,1582,2751,appariée,H:23347_SELECTION_GLOBAL_SOUM_2026-08-13 - 3:125,IA:E300D:111,Démo luminaire R,24.8
humain,23347_SELECTION_GLOBAL_SOUM_2026-08-13 - 3,E300D,FIXTURE ENLEVER,2857,5325,0.2835,0.7397,1587,2836,appariée,H:23347_SELECTION_GLOBAL_SOUM_2026-08-13 - 3:126,IA:E300D:170,Démo luminaire sans type,11.5
humain,23347_SELECTION_GLOBAL_SOUM_2026-08-13 - 3,E300D,FIXTURE ENLEVER,3079,5314,0.3055,0.7382,1694,2831,appariée,H:23347_SELECTION_GLOBAL_SOUM_2026-08-13 - 3:127,IA:E300D:66,Démo luminaire H,60.5
humain,23347_SELECTION_GLOBAL_SOUM_2026-08-13 - 3,E300D,FIXTURE ENLEVER,3244,5321,0.3219,0.7391,1774,2834,manquante IA,H:23347_SELECTION_GLOBAL_SOUM_2026-08-13 - 3:128,,,
humain,23347_SELECTION_GLOBAL_SOUM_2026-08-13 - 3,E300D,FIXTURE ENLEVER,3647,5460,0.3618,0.7584,1969,2899,manquante IA,H:23347_SELECTION_GLOBAL_SOUM_2026-08-13 - 3:129,,,
humain,23347_SELECTION_GLOBAL_SOUM_2026-08-13 - 3,E300D,FIXTURE ENLEVER,3910,5445,0.3879,0.7564,2096,2892,appariée,H:23347_SELECTION_GLOBAL_SOUM_2026-08-13 - 3:130,IA:E300D:201,Démo projecteur sur rail,37.4
humain,23347_SELECTION_GLOBAL_SOUM_2026-08-13 - 3,E300D,FIXTURE ENLEVER,4127,5429,0.4095,0.7541,2200,2885,appariée,H:23347_SELECTION_GLOBAL_SOUM_2026-08-13 - 3:131,IA:E300D:4,Démo carré-cercle — à classer,13.5
humain,23347_SELECTION_GLOBAL_SOUM_2026-08-13 - 3,E300D,FIXTURE ENLEVER,4368,5416,0.4334,0.7523,2317,2879,manquante IA,H:23347_SELECTION_GLOBAL_SOUM_2026-08-13 - 3:132,,,
humain,23347_SELECTION_GLOBAL_SOUM_2026-08-13 - 3,E300D,FIXTURE ENLEVER,4601,5399,0.4565,0.7500,2429,2871,appariée,H:23347_SELECTION_GLOBAL_SOUM_2026-08-13 - 3:133,IA:E300D:202,Démo projecteur sur rail,66.1
humain,23347_SELECTION_GLOBAL_SOUM_2026-08-13 - 3,E300D,FIXTURE ENLEVER,4838,5414,0.4800,0.7520,2544,2878,appariée,H:23347_SELECTION_GLOBAL_SOUM_2026-08-13 - 3:134,IA:E300D:26,Démo luminaire C,12.5
humain,23347_SELECTION_GLOBAL_SOUM_2026-08-13 - 3,E300D,FIXTURE ENLEVER,5075,5416,0.5035,0.7523,2658,2879,manquante IA,H:23347_SELECTION_GLOBAL_SOUM_2026-08-13 - 3:135,,,
humain,23347_SELECTION_GLOBAL_SOUM_2026-08-13 - 3,E300D,FIXTURE ENLEVER,5338,5431,0.5296,0.7544,2785,2886,appariée,H:23347_SELECTION_GLOBAL_SOUM_2026-08-13 - 3:136,IA:E300D:217,Démo rail existant,83.8
humain,23347_SELECTION_GLOBAL_SOUM_2026-08-13 - 3,E300D,FIXTURE ENLEVER,6194,5018,0.6145,0.6970,3199,2693,appariée,H:23347_SELECTION_GLOBAL_SOUM_2026-08-13 - 3:137,IA:E300D:5,Démo carré-cercle — à classer,44.8
humain,23347_SELECTION_GLOBAL_SOUM_2026-08-13 - 3,E300D,FIXTURE ENLEVER,6101,5216,0.6053,0.7245,3154,2785,manquante IA,H:23347_SELECTION_GLOBAL_SOUM_2026-08-13 - 3:138,,,
humain,23347_SELECTION_GLOBAL_SOUM_2026-08-13 - 3,E300D,FIXTURE ENLEVER,6190,5255,0.6141,0.7300,3197,2804,appariée,H:23347_SELECTION_GLOBAL_SOUM_2026-08-13 - 3:139,IA:E300D:97,Démo luminaire H,67.9
humain,23347_SELECTION_GLOBAL_SOUM_2026-08-13 - 3,E300D,FIXTURE ENLEVER,6190,5255,0.6141,0.7300,3197,2804,manquante IA,H:23347_SELECTION_GLOBAL_SOUM_2026-08-13 - 3:140,,,
humain,23347_SELECTION_GLOBAL_SOUM_2026-08-13 - 3,E300D,FIXTURE ENLEVER,5362,5752,0.5320,0.7990,2797,3036,appariée,H:23347_SELECTION_GLOBAL_SOUM_2026-08-13 - 3:141,IA:E300D:136,Démo luminaire R,44.6
humain,23347_SELECTION_GLOBAL_SOUM_2026-08-13 - 3,E300D,FIXTURE ENLEVER,5357,6143,0.5315,0.8533,2794,3218,manquante IA,H:23347_SELECTION_GLOBAL_SOUM_2026-08-13 - 3:142,,,
humain,23347_SELECTION_GLOBAL_SOUM_2026-08-13 - 3,E300D,FIXTURE ENLEVER,5044,6137,0.5004,0.8525,2643,3215,appariée,H:23347_SELECTION_GLOBAL_SOUM_2026-08-13 - 3:143,IA:E300D:104,Démo luminaire J,22.3
humain,23347_SELECTION_GLOBAL_SOUM_2026-08-13 - 3,E300D,FIXTURE ENLEVER,5057,5930,0.5017,0.8237,2650,3119,appariée,H:23347_SELECTION_GLOBAL_SOUM_2026-08-13 - 3:144,IA:E300D:103,Démo luminaire J,25.2
humain,23347_SELECTION_GLOBAL_SOUM_2026-08-13 - 3,E300D,FIXTURE ENLEVER,5040,5743,0.5000,0.7977,2641,3031,appariée,H:23347_SELECTION_GLOBAL_SOUM_2026-08-13 - 3:145,IA:E300D:124,Démo luminaire R,34.1
humain,23347_SELECTION_GLOBAL_SOUM_2026-08-13 - 3,E300D,FIXTURE ENLEVER,4949,5569,0.4910,0.7736,2597,2950,appariée,H:23347_SELECTION_GLOBAL_SOUM_2026-08-13 - 3:146,IA:E300D:134,Démo luminaire R,39.0
humain,23347_SELECTION_GLOBAL_SOUM_2026-08-13 - 3,E300D,FIXTURE ENLEVER,4699,5569,0.4662,0.7736,2477,2950,appariée,H:23347_SELECTION_GLOBAL_SOUM_2026-08-13 - 3:147,IA:E300D:133,Démo luminaire R,36.6
humain,23347_SELECTION_GLOBAL_SOUM_2026-08-13 - 3,E300D,FIXTURE ENLEVER,4594,5747,0.4558,0.7983,2426,3033,manquante IA,H:23347_SELECTION_GLOBAL_SOUM_2026-08-13 - 3:148,,,
humain,23347_SELECTION_GLOBAL_SOUM_2026-08-13 - 3,E300D,FIXTURE ENLEVER,4601,5910,0.4565,0.8209,2429,3109,appariée,H:23347_SELECTION_GLOBAL_SOUM_2026-08-13 - 3:149,IA:E300D:101,Démo luminaire J,33.4
humain,23347_SELECTION_GLOBAL_SOUM_2026-08-13 - 3,E300D,FIXTURE ENLEVER,4594,6139,0.4558,0.8528,2426,3216,appariée,H:23347_SELECTION_GLOBAL_SOUM_2026-08-13 - 3:150,IA:E300D:102,Démo luminaire J,18.0
humain,23347_SELECTION_GLOBAL_SOUM_2026-08-13 - 3,E300D,FIXTURE ENLEVER,4838,5819,0.4800,0.8083,2544,3067,appariée,H:23347_SELECTION_GLOBAL_SOUM_2026-08-13 - 3:151,IA:E300D:141,Démo luminaire R,25.8
humain,23347_SELECTION_GLOBAL_SOUM_2026-08-13 - 3,E300D,FIXTURE ENLEVER,4418,5747,0.4383,0.7983,2341,3033,appariée,H:23347_SELECTION_GLOBAL_SOUM_2026-08-13 - 3:152,IA:E300D:132,Démo luminaire R,45.4
humain,23347_SELECTION_GLOBAL_SOUM_2026-08-13 - 3,E300D,FIXTURE ENLEVER,4131,5576,0.4099,0.7746,2202,2953,appariée,H:23347_SELECTION_GLOBAL_SOUM_2026-08-13 - 3:153,IA:E300D:131,Démo luminaire R,50.2
humain,23347_SELECTION_GLOBAL_SOUM_2026-08-13 - 3,E300D,FIXTURE ENLEVER,4227,5758,0.4194,0.7998,2249,3038,appariée,H:23347_SELECTION_GLOBAL_SOUM_2026-08-13 - 3:154,IA:E300D:140,Démo luminaire R,31.4
humain,23347_SELECTION_GLOBAL_SOUM_2026-08-13 - 3,E300D,FIXTURE ENLEVER,4220,5913,0.4187,0.8214,2245,3111,appariée,H:23347_SELECTION_GLOBAL_SOUM_2026-08-13 - 3:155,IA:E300D:107,Démo luminaire J,32.8
humain,23347_SELECTION_GLOBAL_SOUM_2026-08-13 - 3,E300D,FIXTURE ENLEVER,4231,6154,0.4198,0.8548,2251,3223,appariée,H:23347_SELECTION_GLOBAL_SOUM_2026-08-13 - 3:156,IA:E300D:108,Démo luminaire J,9.0
humain,23347_SELECTION_GLOBAL_SOUM_2026-08-13 - 3,E300D,FIXTURE ENLEVER,3770,6134,0.3740,0.8521,2028,3214,appariée,H:23347_SELECTION_GLOBAL_SOUM_2026-08-13 - 3:157,IA:E300D:106,Démo luminaire J,17.5
humain,23347_SELECTION_GLOBAL_SOUM_2026-08-13 - 3,E300D,FIXTURE ENLEVER,3775,5934,0.3745,0.8243,2030,3120,appariée,H:23347_SELECTION_GLOBAL_SOUM_2026-08-13 - 3:158,IA:E300D:105,Démo luminaire J,21.6
humain,23347_SELECTION_GLOBAL_SOUM_2026-08-13 - 3,E300D,FIXTURE ENLEVER,4001,5843,0.3970,0.8116,2140,3078,appariée,H:23347_SELECTION_GLOBAL_SOUM_2026-08-13 - 3:159,IA:E300D:127,Démo luminaire R,28.7
humain,23347_SELECTION_GLOBAL_SOUM_2026-08-13 - 3,E300D,FIXTURE ENLEVER,3870,5565,0.3840,0.7730,2076,2948,appariée,H:23347_SELECTION_GLOBAL_SOUM_2026-08-13 - 3:160,IA:E300D:130,Démo luminaire R,67.3
humain,23347_SELECTION_GLOBAL_SOUM_2026-08-13 - 3,E300D,FIXTURE ENLEVER,3781,5752,0.3751,0.7990,2033,3036,appariée,H:23347_SELECTION_GLOBAL_SOUM_2026-08-13 - 3:161,IA:E300D:129,Démo luminaire R,41.7
humain,23347_SELECTION_GLOBAL_SOUM_2026-08-13 - 3,E300D,FIXTURE ENLEVER,3605,5756,0.3577,0.7996,1948,3037,appariée,H:23347_SELECTION_GLOBAL_SOUM_2026-08-13 - 3:162,IA:E300D:94,Démo luminaire H,85.1
humain,23347_SELECTION_GLOBAL_SOUM_2026-08-13 - 3,E300D,FIXTURE ENLEVER,3412,5506,0.3385,0.7648,1855,2921,manquante IA,H:23347_SELECTION_GLOBAL_SOUM_2026-08-13 - 3:163,,,
humain,23347_SELECTION_GLOBAL_SOUM_2026-08-13 - 3,E300D,FIXTURE ENLEVER,3262,5628,0.3236,0.7818,1783,2978,appariée,H:23347_SELECTION_GLOBAL_SOUM_2026-08-13 - 3:164,IA:E300D:172,Démo luminaire sans type,48.1
humain,23347_SELECTION_GLOBAL_SOUM_2026-08-13 - 3,E300D,FIXTURE ENLEVER,3407,5752,0.3380,0.7990,1853,3036,appariée,H:23347_SELECTION_GLOBAL_SOUM_2026-08-13 - 3:165,IA:E300D:128,Démo luminaire R,25.4
humain,23347_SELECTION_GLOBAL_SOUM_2026-08-13 - 3,E300D,FIXTURE ENLEVER,3281,5841,0.3255,0.8114,1792,3077,appariée,H:23347_SELECTION_GLOBAL_SOUM_2026-08-13 - 3:166,IA:E300D:126,Démo luminaire R,22.7
humain,23347_SELECTION_GLOBAL_SOUM_2026-08-13 - 3,E300D,FIXTURE ENLEVER,3416,5943,0.3389,0.8255,1857,3125,appariée,H:23347_SELECTION_GLOBAL_SOUM_2026-08-13 - 3:167,IA:E300D:99,Démo luminaire J,18.7
humain,23347_SELECTION_GLOBAL_SOUM_2026-08-13 - 3,E300D,FIXTURE ENLEVER,3410,6126,0.3383,0.8510,1854,3210,appariée,H:23347_SELECTION_GLOBAL_SOUM_2026-08-13 - 3:168,IA:E300D:100,Démo luminaire J,21.4
humain,23347_SELECTION_GLOBAL_SOUM_2026-08-13 - 3,E300D,FIXTURE ENLEVER,3042,6134,0.3018,0.8521,1676,3214,manquante IA,H:23347_SELECTION_GLOBAL_SOUM_2026-08-13 - 3:169,,,
humain,23347_SELECTION_GLOBAL_SOUM_2026-08-13 - 3,E300D,FIXTURE ENLEVER,2764,6126,0.2742,0.8510,1542,3210,appariée,H:23347_SELECTION_GLOBAL_SOUM_2026-08-13 - 3:170,IA:E300D:7,Démo carré-cercle — à classer,60.9
humain,23347_SELECTION_GLOBAL_SOUM_2026-08-13 - 3,E300D,FIXTURE ENLEVER,2986,5880,0.2963,0.8168,1649,3095,manquante IA,H:23347_SELECTION_GLOBAL_SOUM_2026-08-13 - 3:171,,,
humain,23347_SELECTION_GLOBAL_SOUM_2026-08-13 - 3,E300D,FIXTURE ENLEVER,2749,5752,0.2727,0.7990,1535,3036,manquante IA,H:23347_SELECTION_GLOBAL_SOUM_2026-08-13 - 3:172,,,
humain,23347_SELECTION_GLOBAL_SOUM_2026-08-13 - 3,E300D,FIXTURE ENLEVER,1578,910,0.1566,0.1264,969,777,appariée,H:23347_SELECTION_GLOBAL_SOUM_2026-08-13 - 3:173,IA:E300D:160,Démo luminaire W,34.7
humain,23347_SELECTION_GLOBAL_SOUM_2026-08-13 - 3,E300D,FIXTURE ENLEVER,2208,965,0.2191,0.1340,1274,802,appariée,H:23347_SELECTION_GLOBAL_SOUM_2026-08-13 - 3:174,IA:E300D:153,Démo luminaire W,23.7
humain,23347_SELECTION_GLOBAL_SOUM_2026-08-13 - 3,E300D,FIXTURE ENLEVER,2228,1258,0.2211,0.1747,1283,939,manquante IA,H:23347_SELECTION_GLOBAL_SOUM_2026-08-13 - 3:175,,,
humain,23347_SELECTION_GLOBAL_SOUM_2026-08-13 - 3,E300D,FIXTURE ENLEVER,1423,1415,0.1412,0.1966,895,1012,appariée,H:23347_SELECTION_GLOBAL_SOUM_2026-08-13 - 3:176,IA:E300D:159,Démo luminaire W,70.0
humain,23347_SELECTION_GLOBAL_SOUM_2026-08-13 - 3,E300D,FIXTURE ENLEVER,1385,1950,0.1374,0.2709,876,1262,appariée,H:23347_SELECTION_GLOBAL_SOUM_2026-08-13 - 3:177,IA:E300D:158,Démo luminaire W,52.8
humain,23347_SELECTION_GLOBAL_SOUM_2026-08-13 - 3,E300D,FIXTURE ENLEVER,2228,2025,0.2211,0.2813,1283,1297,appariée,H:23347_SELECTION_GLOBAL_SOUM_2026-08-13 - 3:178,IA:E300D:155,Démo luminaire W,2.2
humain,23347_SELECTION_GLOBAL_SOUM_2026-08-13 - 3,E300D,FIXTURE ENLEVER,2210,2253,0.2193,0.3130,1275,1403,manquante IA,H:23347_SELECTION_GLOBAL_SOUM_2026-08-13 - 3:179,,,
humain,23347_SELECTION_GLOBAL_SOUM_2026-08-13 - 3,E300D,FIXTURE ENLEVER,1398,2415,0.1387,0.3355,883,1479,appariée,H:23347_SELECTION_GLOBAL_SOUM_2026-08-13 - 3:180,IA:E300D:163,Démo luminaire W,74.7
humain,23347_SELECTION_GLOBAL_SOUM_2026-08-13 - 3,E300D,FIXTURE ENLEVER,1373,2768,0.1362,0.3845,870,1643,manquante IA,H:23347_SELECTION_GLOBAL_SOUM_2026-08-13 - 3:181,,,
humain,23347_SELECTION_GLOBAL_SOUM_2026-08-13 - 3,E300D,FIXTURE ENLEVER,2193,2795,0.2176,0.3882,1266,1656,manquante IA,H:23347_SELECTION_GLOBAL_SOUM_2026-08-13 - 3:182,,,
humain,23347_SELECTION_GLOBAL_SOUM_2026-08-13 - 3,E300D,FIXTURE ENLEVER,1395,3377,0.1384,0.4691,881,1928,manquante IA,H:23347_SELECTION_GLOBAL_SOUM_2026-08-13 - 3:183,,,
humain,23347_SELECTION_GLOBAL_SOUM_2026-08-13 - 3,E300D,FIXTURE ENLEVER,2248,3332,0.2230,0.4628,1293,1907,manquante IA,H:23347_SELECTION_GLOBAL_SOUM_2026-08-13 - 3:184,,,
humain,23347_SELECTION_GLOBAL_SOUM_2026-08-13 - 3,E300D,FIXTURE ENLEVER,2238,3694,0.2220,0.5131,1288,2075,appariée,H:23347_SELECTION_GLOBAL_SOUM_2026-08-13 - 3:185,IA:E300D:164,Démo luminaire W,64.6
humain,23347_SELECTION_GLOBAL_SOUM_2026-08-13 - 3,E300D,FIXTURE ENLEVER,1393,3729,0.1382,0.5180,880,2092,appariée,H:23347_SELECTION_GLOBAL_SOUM_2026-08-13 - 3:186,IA:E300D:161,Démo luminaire W,66.9
humain,23347_SELECTION_GLOBAL_SOUM_2026-08-13 - 3,E300D,FIXTURE ENLEVER,1390,4179,0.1379,0.5805,879,2302,appariée,H:23347_SELECTION_GLOBAL_SOUM_2026-08-13 - 3:187,IA:E300D:169,Démo luminaire W,40.1
humain,23347_SELECTION_GLOBAL_SOUM_2026-08-13 - 3,E300D,FIXTURE ENLEVER,2230,4107,0.2213,0.5705,1284,2268,appariée,H:23347_SELECTION_GLOBAL_SOUM_2026-08-13 - 3:188,IA:E300D:165,Démo luminaire W,20.2
humain,23347_SELECTION_GLOBAL_SOUM_2026-08-13 - 3,E300D,FIXTURE ENLEVER,1380,4813,0.1369,0.6686,874,2597,manquante IA,H:23347_SELECTION_GLOBAL_SOUM_2026-08-13 - 3:189,,,
humain,23347_SELECTION_GLOBAL_SOUM_2026-08-13 - 3,E300D,FIXTURE ENLEVER,1788,5294,0.1774,0.7354,1071,2822,manquante IA,H:23347_SELECTION_GLOBAL_SOUM_2026-08-13 - 3:190,,,
humain,23347_SELECTION_GLOBAL_SOUM_2026-08-13 - 3,E300D,FIXTURE ENLEVER,2190,4782,0.2173,0.6643,1265,2583,manquante IA,H:23347_SELECTION_GLOBAL_SOUM_2026-08-13 - 3:191,,,
humain,23347_SELECTION_GLOBAL_SOUM_2026-08-13 - 3,E300D,FIXTURE ENLEVER,2403,4767,0.2384,0.6622,1368,2576,manquante IA,H:23347_SELECTION_GLOBAL_SOUM_2026-08-13 - 3:192,,,
humain,23347_SELECTION_GLOBAL_SOUM_2026-08-13 - 3,E300D,FIXTURE ENLEVER,2193,5189,0.2176,0.7208,1266,2773,manquante IA,H:23347_SELECTION_GLOBAL_SOUM_2026-08-13 - 3:193,,,
humain,23347_SELECTION_GLOBAL_SOUM_2026-08-13 - 3,E300D,FIXTURE ENLEVER,2395,5327,0.2376,0.7400,1364,2837,manquante IA,H:23347_SELECTION_GLOBAL_SOUM_2026-08-13 - 3:194,,,
humain,23347_SELECTION_GLOBAL_SOUM_2026-08-13 - 3,E300D,FIXTURE ENLEVER,2518,5177,0.2498,0.7191,1423,2767,appariée,H:23347_SELECTION_GLOBAL_SOUM_2026-08-13 - 3:195,IA:E300D:110,Démo luminaire M,38.6
humain,23347_SELECTION_GLOBAL_SOUM_2026-08-13 - 3,E300D,FIXTURE ENLEVER,1083,5352,0.1075,0.7434,730,2849,manquante IA,H:23347_SELECTION_GLOBAL_SOUM_2026-08-13 - 3:196,,,
humain,23347_SELECTION_GLOBAL_SOUM_2026-08-13 - 3,E300D,FIXTURE ENLEVER,1375,5344,0.1364,0.7423,871,2845,manquante IA,H:23347_SELECTION_GLOBAL_SOUM_2026-08-13 - 3:197,,,
humain,23347_SELECTION_GLOBAL_SOUM_2026-08-13 - 3,E300D,FIXTURE ENLEVER,1335,5722,0.1325,0.7948,852,3022,manquante IA,H:23347_SELECTION_GLOBAL_SOUM_2026-08-13 - 3:198,,,
humain,23347_SELECTION_GLOBAL_SOUM_2026-08-13 - 3,E300D,FIXTURE ENLEVER,1105,5734,0.1096,0.7965,741,3027,manquante IA,H:23347_SELECTION_GLOBAL_SOUM_2026-08-13 - 3:199,,,
humain,23347_SELECTION_GLOBAL_SOUM_2026-08-13 - 3,E300D,FIXTURE ENLEVER,1749,5765,0.1735,0.8008,1052,3042,appariée,H:23347_SELECTION_GLOBAL_SOUM_2026-08-13 - 3:200,IA:E300D:152,Démo luminaire W,49.9
humain,23347_SELECTION_GLOBAL_SOUM_2026-08-13 - 3,E300D,FIXTURE ENLEVER,2581,5515,0.2561,0.7661,1454,2925,appariée,H:23347_SELECTION_GLOBAL_SOUM_2026-08-13 - 3:201,IA:E300D:109,Démo luminaire M,73.9
humain,23347_SELECTION_GLOBAL_SOUM_2026-08-13 - 3,E300D,FIXTURE ENLEVER,2170,6217,0.2153,0.8636,1255,3252,manquante IA,H:23347_SELECTION_GLOBAL_SOUM_2026-08-13 - 3:202,,,
humain,23347_SELECTION_GLOBAL_SOUM_2026-08-13 - 3,E300D,FIXTURE ENLEVER,5948,5640,0.5901,0.7834,3080,2983,manquante IA,H:23347_SELECTION_GLOBAL_SOUM_2026-08-13 - 3:203,,,
humain,23347_SELECTION_GLOBAL_SOUM_2026-08-13 - 3,E300D,FIXTURE ENLEVER,5698,5890,0.5653,0.8182,2959,3100,manquante IA,H:23347_SELECTION_GLOBAL_SOUM_2026-08-13 - 3:204,,,
humain,23347_SELECTION_GLOBAL_SOUM_2026-08-13 - 5,E200,prise,6245,4277,0.6196,0.5941,3281,2268,appariée,H:23347_SELECTION_GLOBAL_SOUM_2026-08-13 - 5:1,IA:E200:20,Prise duplex 15A,6.8
humain,23347_SELECTION_GLOBAL_SOUM_2026-08-13 - 5,E200,prise,6243,4962,0.6194,0.6893,3280,2606,appariée,H:23347_SELECTION_GLOBAL_SOUM_2026-08-13 - 5:2,IA:E200:21,Prise duplex 15A,6.9
humain,23347_SELECTION_GLOBAL_SOUM_2026-08-13 - 5,E200,prise,4430,2221,0.4395,0.3085,2386,1251,appariée,H:23347_SELECTION_GLOBAL_SOUM_2026-08-13 - 5:3,IA:E200:29,Prise duplex BX caisse,1.9
humain,23347_SELECTION_GLOBAL_SOUM_2026-08-13 - 5,E200,prise,3301,2236,0.3275,0.3106,1829,1258,appariée,H:23347_SELECTION_GLOBAL_SOUM_2026-08-13 - 5:4,IA:E200:28,Prise duplex BX caisse,5.2
humain,23347_SELECTION_GLOBAL_SOUM_2026-08-13 - 5,E200,prise,2685,3283,0.2664,0.4560,1525,1776,appariée,H:23347_SELECTION_GLOBAL_SOUM_2026-08-13 - 5:5,IA:E200:11,Prise duplex 15A,2.4
humain,23347_SELECTION_GLOBAL_SOUM_2026-08-13 - 5,E200,prise,2687,3449,0.2666,0.4791,1526,1858,appariée,H:23347_SELECTION_GLOBAL_SOUM_2026-08-13 - 5:6,IA:E200:12,Prise duplex 15A,8.7
humain,23347_SELECTION_GLOBAL_SOUM_2026-08-13 - 5,E200,prise,3152,5944,0.3127,0.8257,1756,3092,appariée,H:23347_SELECTION_GLOBAL_SOUM_2026-08-13 - 5:7,IA:E200:23,Prise duplex 15A,3.9
humain,23347_SELECTION_GLOBAL_SOUM_2026-08-13 - 5,E200,prise,3264,5879,0.3238,0.8166,1811,3060,appariée,H:23347_SELECTION_GLOBAL_SOUM_2026-08-13 - 5:8,IA:E200:24,Prise duplex 15A,7.0
humain,23347_SELECTION_GLOBAL_SOUM_2026-08-13 - 5,E200,prise,3388,5944,0.3361,0.8257,1872,3092,appariée,H:23347_SELECTION_GLOBAL_SOUM_2026-08-13 - 5:9,IA:E200:25,Prise duplex 15A,3.0
humain,23347_SELECTION_GLOBAL_SOUM_2026-08-13 - 5,E200,prise,2715,5944,0.2694,0.8257,1540,3092,appariée,H:23347_SELECTION_GLOBAL_SOUM_2026-08-13 - 5:10,IA:E200:22,Prise duplex 15A,5.6
humain,23347_SELECTION_GLOBAL_SOUM_2026-08-13 - 5,E200,prise,2794,6513,0.2772,0.9047,1579,3373,appariée,H:23347_SELECTION_GLOBAL_SOUM_2026-08-13 - 5:11,IA:E200:26,Prise duplex 15A,5.8
humain,23347_SELECTION_GLOBAL_SOUM_2026-08-13 - 5,E200,prise,1050,5432,0.1042,0.7545,719,2839,appariée,H:23347_SELECTION_GLOBAL_SOUM_2026-08-13 - 5:12,IA:E200:13,Prise duplex 15A,15.4
humain,23347_SELECTION_GLOBAL_SOUM_2026-08-13 - 5,E200,prise,2595,4160,0.2575,0.5779,1481,2210,appariée,H:23347_SELECTION_GLOBAL_SOUM_2026-08-13 - 5:13,IA:E200:14,Prise duplex 15A,4.6
humain,23347_SELECTION_GLOBAL_SOUM_2026-08-13 - 5,E200,prise,4935,6510,0.4896,0.9043,2635,3372,appariée,H:23347_SELECTION_GLOBAL_SOUM_2026-08-13 - 5:14,IA:E200:45,Prise existante relocalisée,13.8
humain,23347_SELECTION_GLOBAL_SOUM_2026-08-13 - 5,E200,prise,5335,6508,0.5293,0.9040,2832,3371,manquante IA,H:23347_SELECTION_GLOBAL_SOUM_2026-08-13 - 5:15,,,
humain,23347_SELECTION_GLOBAL_SOUM_2026-08-13 - 5,E200,prise,3716,6506,0.3687,0.9037,2034,3370,appariée,H:23347_SELECTION_GLOBAL_SOUM_2026-08-13 - 5:16,IA:E200:46,Prise existante relocalisée,8.8
humain,23347_SELECTION_GLOBAL_SOUM_2026-08-13 - 5,E200,prise,4466,3280,0.4431,0.4556,2404,1775,appariée,H:23347_SELECTION_GLOBAL_SOUM_2026-08-13 - 5:17,IA:E200:43,Prise existante relocalisée,3.8
humain,23347_SELECTION_GLOBAL_SOUM_2026-08-13 - 5,E200,prise,3952,1669,0.3921,0.2318,2150,978,appariée,H:23347_SELECTION_GLOBAL_SOUM_2026-08-13 - 5:18,IA:E200:15,Prise duplex 15A,5.4
humain,23347_SELECTION_GLOBAL_SOUM_2026-08-13 - 5,E200,prise,4187,1667,0.4154,0.2316,2266,977,appariée,H:23347_SELECTION_GLOBAL_SOUM_2026-08-13 - 5:19,IA:E200:16,Prise duplex 15A,2.2
humain,23347_SELECTION_GLOBAL_SOUM_2026-08-13 - 5,E200,prise,4428,1669,0.4393,0.2318,2385,978,appariée,H:23347_SELECTION_GLOBAL_SOUM_2026-08-13 - 5:20,IA:E200:17,Prise duplex 15A,2.6
humain,23347_SELECTION_GLOBAL_SOUM_2026-08-13 - 5,E200,prise,4659,1671,0.4622,0.2321,2499,979,appariée,H:23347_SELECTION_GLOBAL_SOUM_2026-08-13 - 5:21,IA:E200:18,Prise duplex 15A,4.0
humain,23347_SELECTION_GLOBAL_SOUM_2026-08-13 - 5,E200,prise,4813,1667,0.4775,0.2316,2575,977,appariée,H:23347_SELECTION_GLOBAL_SOUM_2026-08-13 - 5:22,IA:E200:19,Prise duplex 15A,1.1
humain,23347_SELECTION_GLOBAL_SOUM_2026-08-13 - 5,E200,prise,6237,5595,0.6188,0.7772,3277,2919,appariée,H:23347_SELECTION_GLOBAL_SOUM_2026-08-13 - 5:23,IA:E200:44,Prise existante relocalisée,5.1
humain,23347_SELECTION_GLOBAL_SOUM_2026-08-13 - 5,E200,prise contrler np,3248,2229,0.3223,0.3096,1803,1255,appariée,H:23347_SELECTION_GLOBAL_SOUM_2026-08-13 - 5:24,IA:E200:27,Prise duplex BX caisse,0.8
humain,23347_SELECTION_GLOBAL_SOUM_2026-08-13 - 5,E200,prise contrler np,2683,3237,0.2662,0.4496,1524,1753,appariée,H:23347_SELECTION_GLOBAL_SOUM_2026-08-13 - 5:25,IA:E200:39,Prise duplex circuit indépendant,1.3
humain,23347_SELECTION_GLOBAL_SOUM_2026-08-13 - 5,E200,prise contrler np,2565,4236,0.2545,0.5884,1466,2247,appariée,H:23347_SELECTION_GLOBAL_SOUM_2026-08-13 - 5:26,IA:E200:10,Prise 30A L5-30R (UPS),5.1
humain,23347_SELECTION_GLOBAL_SOUM_2026-08-13 - 5,E200,prise contrler np,2655,5934,0.2634,0.8243,1510,3087,appariée,H:23347_SELECTION_GLOBAL_SOUM_2026-08-13 - 5:27,IA:E200:41,Prise duplex circuit indépendant,2.8
humain,23347_SELECTION_GLOBAL_SOUM_2026-08-13 - 5,E200,prise contrler np,3097,5939,0.3073,0.8250,1728,3089,appariée,H:23347_SELECTION_GLOBAL_SOUM_2026-08-13 - 5:28,IA:E200:42,Prise duplex circuit indépendant,3.8
humain,23347_SELECTION_GLOBAL_SOUM_2026-08-13 - 5,E200,prise contrler np,3949,6159,0.3918,0.8555,2149,3198,appariée,H:23347_SELECTION_GLOBAL_SOUM_2026-08-13 - 5:29,IA:E200:31,Prise duplex BX caisse,2.3
humain,23347_SELECTION_GLOBAL_SOUM_2026-08-13 - 5,E200,prise contrler np,3914,6162,0.3883,0.8560,2131,3200,appariée,H:23347_SELECTION_GLOBAL_SOUM_2026-08-13 - 5:30,IA:E200:30,Prise duplex BX caisse,1.4
humain,23347_SELECTION_GLOBAL_SOUM_2026-08-13 - 5,E200,prise contrler np,4218,6166,0.4185,0.8565,2281,3202,appariée,H:23347_SELECTION_GLOBAL_SOUM_2026-08-13 - 5:31,IA:E200:32,Prise duplex BX caisse,4.1
humain,23347_SELECTION_GLOBAL_SOUM_2026-08-13 - 5,E200,prise contrler np,4253,6168,0.4220,0.8568,2299,3203,appariée,H:23347_SELECTION_GLOBAL_SOUM_2026-08-13 - 5:32,IA:E200:33,Prise duplex BX caisse,7.0
humain,23347_SELECTION_GLOBAL_SOUM_2026-08-13 - 5,E200,prise contrler np,4726,6151,0.4689,0.8544,2532,3194,appariée,H:23347_SELECTION_GLOBAL_SOUM_2026-08-13 - 5:33,IA:E200:34,Prise duplex BX caisse,7.8
humain,23347_SELECTION_GLOBAL_SOUM_2026-08-13 - 5,E200,prise contrler np,4780,6159,0.4743,0.8555,2558,3198,appariée,H:23347_SELECTION_GLOBAL_SOUM_2026-08-13 - 5:34,IA:E200:35,Prise duplex BX caisse,1.9
humain,23347_SELECTION_GLOBAL_SOUM_2026-08-13 - 5,E200,prise contrler np,5053,6164,0.5013,0.8562,2693,3201,appariée,H:23347_SELECTION_GLOBAL_SOUM_2026-08-13 - 5:35,IA:E200:36,Prise duplex BX caisse,1.1
humain,23347_SELECTION_GLOBAL_SOUM_2026-08-13 - 5,E200,prise contrler np,5082,6164,0.5042,0.8562,2707,3201,appariée,H:23347_SELECTION_GLOBAL_SOUM_2026-08-13 - 5:36,IA:E200:37,Prise duplex BX caisse,7.7
humain,23347_SELECTION_GLOBAL_SOUM_2026-08-13 - 5,E200,prise contrler np,1211,5419,0.1202,0.7527,798,2832,appariée,H:23347_SELECTION_GLOBAL_SOUM_2026-08-13 - 5:37,IA:E200:40,Prise duplex circuit indépendant,9.8
humain,23347_SELECTION_GLOBAL_SOUM_2026-08-13 - 5,E200,MONUMENT PLANCHER D,3227,2189,0.3202,0.3041,1793,1235,manquante IA,H:23347_SELECTION_GLOBAL_SOUM_2026-08-13 - 5:38,,,
humain,23347_SELECTION_GLOBAL_SOUM_2026-08-13 - 5,E200,MONUMENT PLANCHER D,3896,6128,0.3865,0.8512,2122,3183,manquante IA,H:23347_SELECTION_GLOBAL_SOUM_2026-08-13 - 5:39,,,
humain,23347_SELECTION_GLOBAL_SOUM_2026-08-13 - 5,E200,MONUMENT PLANCHER D,4207,6117,0.4174,0.8497,2276,3177,manquante IA,H:23347_SELECTION_GLOBAL_SOUM_2026-08-13 - 5:40,,,
humain,23347_SELECTION_GLOBAL_SOUM_2026-08-13 - 5,E200,MONUMENT PLANCHER D,4724,6121,0.4687,0.8503,2531,3179,manquante IA,H:23347_SELECTION_GLOBAL_SOUM_2026-08-13 - 5:41,,,
humain,23347_SELECTION_GLOBAL_SOUM_2026-08-13 - 5,E200,MONUMENT PLANCHER D,5020,6110,0.4981,0.8487,2677,3174,manquante IA,H:23347_SELECTION_GLOBAL_SOUM_2026-08-13 - 5:42,,,
humain,23347_SELECTION_GLOBAL_SOUM_2026-08-13 - 5,E200,MONUMENT PLANCHER D,5684,4625,0.5639,0.6425,3004,2440,manquante IA,H:23347_SELECTION_GLOBAL_SOUM_2026-08-13 - 5:43,,,
humain,23347_SELECTION_GLOBAL_SOUM_2026-08-13 - 5,E200,MONUMENT PLANCHER D,4374,2186,0.4340,0.3037,2358,1234,manquante IA,H:23347_SELECTION_GLOBAL_SOUM_2026-08-13 - 5:44,,,
humain,23347_SELECTION_GLOBAL_SOUM_2026-08-13 - 5,E200,INFORMATIQUE,3269,2172,0.3243,0.3017,1813,1227,appariée,H:23347_SELECTION_GLOBAL_SOUM_2026-08-13 - 5:45,IA:E200:58,Sortie conduit dalle télécom,2.7
humain,23347_SELECTION_GLOBAL_SOUM_2026-08-13 - 5,E200,INFORMATIQUE,3186,5935,0.3161,0.8244,1772,3087,appariée,H:23347_SELECTION_GLOBAL_SOUM_2026-08-13 - 5:46,IA:E200:67,Sortie télécom,3.7
humain,23347_SELECTION_GLOBAL_SOUM_2026-08-13 - 5,E200,INFORMATIQUE,2762,5939,0.2740,0.8250,1563,3089,appariée,H:23347_SELECTION_GLOBAL_SOUM_2026-08-13 - 5:47,IA:E200:66,Sortie télécom,6.3
humain,23347_SELECTION_GLOBAL_SOUM_2026-08-13 - 5,E200,INFORMATIQUE,2841,6508,0.2819,0.9040,1602,3371,appariée,H:23347_SELECTION_GLOBAL_SOUM_2026-08-13 - 5:48,IA:E200:68,Sortie télécom,7.4
humain,23347_SELECTION_GLOBAL_SOUM_2026-08-13 - 5,E200,INFORMATIQUE,3926,6223,0.3895,0.8644,2137,3230,appariée,H:23347_SELECTION_GLOBAL_SOUM_2026-08-13 - 5:49,IA:E200:59,Sortie conduit dalle télécom,2.5
humain,23347_SELECTION_GLOBAL_SOUM_2026-08-13 - 5,E200,INFORMATIQUE,4245,6222,0.4212,0.8643,2295,3229,appariée,H:23347_SELECTION_GLOBAL_SOUM_2026-08-13 - 5:50,IA:E200:60,Sortie conduit dalle télécom,1.4
humain,23347_SELECTION_GLOBAL_SOUM_2026-08-13 - 5,E200,INFORMATIQUE,4760,6220,0.4723,0.8640,2549,3228,appariée,H:23347_SELECTION_GLOBAL_SOUM_2026-08-13 - 5:51,IA:E200:61,Sortie conduit dalle télécom,2.3
humain,23347_SELECTION_GLOBAL_SOUM_2026-08-13 - 5,E200,INFORMATIQUE,5075,6225,0.5035,0.8647,2704,3231,appariée,H:23347_SELECTION_GLOBAL_SOUM_2026-08-13 - 5:52,IA:E200:62,Sortie conduit dalle télécom,4.8
humain,23347_SELECTION_GLOBAL_SOUM_2026-08-13 - 5,E200,INFORMATIQUE,1170,5424,0.1161,0.7534,778,2835,appariée,H:23347_SELECTION_GLOBAL_SOUM_2026-08-13 - 5:53,IA:E200:65,Sortie télécom,11.1
humain,23347_SELECTION_GLOBAL_SOUM_2026-08-13 - 5,E200,INFORMATIQUE,2689,3325,0.2668,0.4619,1527,1797,appariée,H:23347_SELECTION_GLOBAL_SOUM_2026-08-13 - 5:54,IA:E200:64,Sortie télécom,5.0
humain,23347_SELECTION_GLOBAL_SOUM_2026-08-13 - 5,E200,SN,5724,4663,0.5679,0.6477,3024,2458,appariée,H:23347_SELECTION_GLOBAL_SOUM_2026-08-13 - 5:55,IA:E200:38,Prise duplex affleurement plancher,1.7
humain,23347_SELECTION_GLOBAL_SOUM_2026-08-13 - 5,E200,SECHOIRE,2404,5736,0.2385,0.7968,1387,2989,appariée,H:23347_SELECTION_GLOBAL_SOUM_2026-08-13 - 5:56,IA:E200:71,Sèche-mains SM,19.5
humain,23347_SELECTION_GLOBAL_SOUM_2026-08-13 - 5,E200,SECHOIRE,2143,6517,0.2126,0.9053,1258,3375,appariée,H:23347_SELECTION_GLOBAL_SOUM_2026-08-13 - 5:57,IA:E200:72,Sèche-mains SM,12.8
humain,23347_SELECTION_GLOBAL_SOUM_2026-08-13 - 6,E400,BOITE 8X8,5759,3075,0.5714,0.4271,2913,1597,appariée,H:23347_SELECTION_GLOBAL_SOUM_2026-08-13 - 6:1,IA:E400:5,Boîte de tirage 8x8,4.0
humain,23347_SELECTION_GLOBAL_SOUM_2026-08-13 - 6,E400,BOITE 8X8,3931,2408,0.3900,0.3345,2012,1266,appariée,H:23347_SELECTION_GLOBAL_SOUM_2026-08-13 - 6:2,IA:E400:2,Boîte de tirage 8x8,10.7
humain,23347_SELECTION_GLOBAL_SOUM_2026-08-13 - 6,E400,BOITE 8X8,3931,3583,0.3900,0.4977,2012,1849,appariée,H:23347_SELECTION_GLOBAL_SOUM_2026-08-13 - 6:3,IA:E400:3,Boîte de tirage 8x8,2.5
humain,23347_SELECTION_GLOBAL_SOUM_2026-08-13 - 6,E400,BOITE 8X8,5755,5061,0.5710,0.7030,2911,2581,appariée,H:23347_SELECTION_GLOBAL_SOUM_2026-08-13 - 6:4,IA:E400:6,Boîte de tirage 8x8,4.7
humain,23347_SELECTION_GLOBAL_SOUM_2026-08-13 - 6,E400,BOITE 8X8,3923,5055,0.3892,0.7022,2008,2578,appariée,H:23347_SELECTION_GLOBAL_SOUM_2026-08-13 - 6:5,IA:E400:4,Boîte de tirage 8x8,4.1
humain,23347_SELECTION_GLOBAL_SOUM_2026-08-13 - 6,E400,4X4,5924,3068,0.5878,0.4262,2995,1594,appariée,H:23347_SELECTION_GLOBAL_SOUM_2026-08-13 - 6:6,IA:E400:13,Descente EMT + boîte 4x4,6.8
humain,23347_SELECTION_GLOBAL_SOUM_2026-08-13 - 6,E400,4X4,6374,1974,0.6324,0.2742,3216,1051,appariée,H:23347_SELECTION_GLOBAL_SOUM_2026-08-13 - 6:7,IA:E400:12,Descente EMT + boîte 4x4,11.5
humain,23347_SELECTION_GLOBAL_SOUM_2026-08-13 - 6,E400,4X4,5930,4780,0.5884,0.6640,2998,2442,appariée,H:23347_SELECTION_GLOBAL_SOUM_2026-08-13 - 6:8,IA:E400:14,Descente EMT + boîte 4x4,5.0
humain,23347_SELECTION_GLOBAL_SOUM_2026-08-13 - 6,E400,4X4,6236,5355,0.6187,0.7439,3148,2727,appariée,H:23347_SELECTION_GLOBAL_SOUM_2026-08-13 - 6:9,IA:E400:15,Descente EMT + boîte 4x4,11.0
humain,23347_SELECTION_GLOBAL_SOUM_2026-08-13 - 6,E400,4X4,5786,6355,0.5741,0.8828,2927,3223,manquante IA,H:23347_SELECTION_GLOBAL_SOUM_2026-08-13 - 6:10,,,
humain,23347_SELECTION_GLOBAL_SOUM_2026-08-13 - 6,E400,4X4,4755,6405,0.4718,0.8897,2418,3247,appariée,H:23347_SELECTION_GLOBAL_SOUM_2026-08-13 - 6:11,IA:E400:16,Descente EMT + boîte 4x4,7.3
humain,23347_SELECTION_GLOBAL_SOUM_2026-08-13 - 6,E400,4X4,4630,6668,0.4594,0.9262,2357,3378,appariée,H:23347_SELECTION_GLOBAL_SOUM_2026-08-13 - 6:12,IA:E400:1,Boîte 2x2 conduit 3/4 (fenêtres),1.3
humain,23347_SELECTION_GLOBAL_SOUM_2026-08-13 - 6,E400,4X4,3030,6155,0.3006,0.8550,1568,3123,manquante IA,H:23347_SELECTION_GLOBAL_SOUM_2026-08-13 - 6:13,,,
humain,23347_SELECTION_GLOBAL_SOUM_2026-08-13 - 6,E400,4X4,3543,3580,0.3515,0.4973,1821,1847,appariée,H:23347_SELECTION_GLOBAL_SOUM_2026-08-13 - 6:14,IA:E400:9,Descente EMT + boîte 4x4,5.6
humain,23347_SELECTION_GLOBAL_SOUM_2026-08-13 - 6,E400,4X4,4724,3868,0.4687,0.5373,2403,1990,appariée,H:23347_SELECTION_GLOBAL_SOUM_2026-08-13 - 6:15,IA:E400:10,Descente EMT + boîte 4x4,4.1
humain,23347_SELECTION_GLOBAL_SOUM_2026-08-13 - 6,E400,4X4,3524,2455,0.3496,0.3410,1812,1290,appariée,H:23347_SELECTION_GLOBAL_SOUM_2026-08-13 - 6:16,IA:E400:8,Descente EMT + boîte 4x4,13.6
humain,23347_SELECTION_GLOBAL_SOUM_2026-08-13 - 6,E400,4X4,3099,1961,0.3075,0.2724,1602,1045,appariée,H:23347_SELECTION_GLOBAL_SOUM_2026-08-13 - 6:17,IA:E400:7,Descente EMT + boîte 4x4,2.0
humain,23347_SELECTION_GLOBAL_SOUM_2026-08-13 - 8,E300,FIXTURE TYPE P2,1571,1147,0.1559,0.1593,966,734,appariée,H:23347_SELECTION_GLOBAL_SOUM_2026-08-13 - 8:1,IA:E300:71,Panneau P2,56.8
humain,23347_SELECTION_GLOBAL_SOUM_2026-08-13 - 8,E300,FIXTURE TYPE P2,1979,1148,0.1963,0.1595,1167,734,appariée,H:23347_SELECTION_GLOBAL_SOUM_2026-08-13 - 8:2,IA:E300:70,Panneau P2,56.0
humain,23347_SELECTION_GLOBAL_SOUM_2026-08-13 - 8,E300,FIXTURE TYPE P2,2391,1150,0.2372,0.1597,1371,735,appariée,H:23347_SELECTION_GLOBAL_SOUM_2026-08-13 - 8:3,IA:E300:59,Panneau P2,55.2
humain,23347_SELECTION_GLOBAL_SOUM_2026-08-13 - 8,E300,FIXTURE TYPE P2,2391,1748,0.2372,0.2428,1371,1028,appariée,H:23347_SELECTION_GLOBAL_SOUM_2026-08-13 - 8:4,IA:E300:72,Panneau P2,59.4
humain,23347_SELECTION_GLOBAL_SOUM_2026-08-13 - 8,E300,FIXTURE TYPE P2,1981,1749,0.1965,0.2430,1168,1028,appariée,H:23347_SELECTION_GLOBAL_SOUM_2026-08-13 - 8:5,IA:E300:73,Panneau P2,58.9
humain,23347_SELECTION_GLOBAL_SOUM_2026-08-13 - 8,E300,FIXTURE TYPE P2,1571,1749,0.1559,0.2430,966,1028,appariée,H:23347_SELECTION_GLOBAL_SOUM_2026-08-13 - 8:6,IA:E300:74,Panneau P2,59.0
humain,23347_SELECTION_GLOBAL_SOUM_2026-08-13 - 8,E300,FIXTURE TYPE P2,1163,1748,0.1154,0.2428,764,1028,appariée,H:23347_SELECTION_GLOBAL_SOUM_2026-08-13 - 8:7,IA:E300:75,Panneau P2,59.5
humain,23347_SELECTION_GLOBAL_SOUM_2026-08-13 - 8,E300,FIXTURE TYPE P2,1160,2348,0.1151,0.3262,763,1322,appariée,H:23347_SELECTION_GLOBAL_SOUM_2026-08-13 - 8:8,IA:E300:79,Panneau P2,61.6
humain,23347_SELECTION_GLOBAL_SOUM_2026-08-13 - 8,E300,FIXTURE TYPE P2,1571,2345,0.1559,0.3257,966,1320,appariée,H:23347_SELECTION_GLOBAL_SOUM_2026-08-13 - 8:9,IA:E300:78,Panneau P2,63.2
humain,23347_SELECTION_GLOBAL_SOUM_2026-08-13 - 8,E300,FIXTURE TYPE P2,1985,2350,0.1969,0.3264,1170,1323,appariée,H:23347_SELECTION_GLOBAL_SOUM_2026-08-13 - 8:10,IA:E300:77,Panneau P2,61.0
humain,23347_SELECTION_GLOBAL_SOUM_2026-08-13 - 8,E300,FIXTURE TYPE P2,2395,2355,0.2376,0.3271,1373,1325,appariée,H:23347_SELECTION_GLOBAL_SOUM_2026-08-13 - 8:11,IA:E300:76,Panneau P2,58.5
humain,23347_SELECTION_GLOBAL_SOUM_2026-08-13 - 8,E300,FIXTURE TYPE P2,1163,2955,0.1154,0.4105,764,1619,appariée,H:23347_SELECTION_GLOBAL_SOUM_2026-08-13 - 8:12,IA:E300:83,Panneau P2,61.8
humain,23347_SELECTION_GLOBAL_SOUM_2026-08-13 - 8,E300,FIXTURE TYPE P2,1568,2952,0.1556,0.4101,964,1617,appariée,H:23347_SELECTION_GLOBAL_SOUM_2026-08-13 - 8:13,IA:E300:82,Panneau P2,63.0
humain,23347_SELECTION_GLOBAL_SOUM_2026-08-13 - 8,E300,FIXTURE TYPE P2,1979,2945,0.1963,0.4091,1167,1614,appariée,H:23347_SELECTION_GLOBAL_SOUM_2026-08-13 - 8:14,IA:E300:88,Panneau P2,66.3
humain,23347_SELECTION_GLOBAL_SOUM_2026-08-13 - 8,E300,FIXTURE TYPE P2,2394,2940,0.2375,0.4084,1372,1611,appariée,H:23347_SELECTION_GLOBAL_SOUM_2026-08-13 - 8:15,IA:E300:80,Panneau P2,69.1
humain,23347_SELECTION_GLOBAL_SOUM_2026-08-13 - 8,E300,FIXTURE TYPE P2,2389,3478,0.2370,0.4831,1370,1875,appariée,H:23347_SELECTION_GLOBAL_SOUM_2026-08-13 - 8:16,IA:E300:84,Panneau P2,64.5
humain,23347_SELECTION_GLOBAL_SOUM_2026-08-13 - 8,E300,FIXTURE TYPE P2,1978,3473,0.1962,0.4824,1167,1872,appariée,H:23347_SELECTION_GLOBAL_SOUM_2026-08-13 - 8:17,IA:E300:85,Panneau P2,67.0
humain,23347_SELECTION_GLOBAL_SOUM_2026-08-13 - 8,E300,FIXTURE TYPE P2,1563,3476,0.1551,0.4828,962,1874,appariée,H:23347_SELECTION_GLOBAL_SOUM_2026-08-13 - 8:18,IA:E300:86,Panneau P2,65.3
humain,23347_SELECTION_GLOBAL_SOUM_2026-08-13 - 8,E300,FIXTURE TYPE P2,1160,3468,0.1151,0.4817,763,1870,appariée,H:23347_SELECTION_GLOBAL_SOUM_2026-08-13 - 8:19,IA:E300:87,Panneau P2,69.4
humain,23347_SELECTION_GLOBAL_SOUM_2026-08-13 - 8,E300,FIXTURE TYPE P2,1161,4111,0.1152,0.5711,763,2185,appariée,H:23347_SELECTION_GLOBAL_SOUM_2026-08-13 - 8:20,IA:E300:69,Panneau P2,70.7
humain,23347_SELECTION_GLOBAL_SOUM_2026-08-13 - 8,E300,FIXTURE TYPE P2,1567,4114,0.1555,0.5715,964,2186,appariée,H:23347_SELECTION_GLOBAL_SOUM_2026-08-13 - 8:21,IA:E300:68,Panneau P2,69.1
humain,23347_SELECTION_GLOBAL_SOUM_2026-08-13 - 8,E300,FIXTURE TYPE P2,1975,4109,0.1960,0.5708,1165,2184,appariée,H:23347_SELECTION_GLOBAL_SOUM_2026-08-13 - 8:22,IA:E300:67,Panneau P2,71.5
humain,23347_SELECTION_GLOBAL_SOUM_2026-08-13 - 8,E300,FIXTURE TYPE P2,2394,4113,0.2375,0.5713,1372,2186,appariée,H:23347_SELECTION_GLOBAL_SOUM_2026-08-13 - 8:23,IA:E300:66,Panneau P2,69.9
humain,23347_SELECTION_GLOBAL_SOUM_2026-08-13 - 8,E300,FIXTURE TYPE P2,2391,4749,0.2372,0.6597,1371,2497,appariée,H:23347_SELECTION_GLOBAL_SOUM_2026-08-13 - 8:24,IA:E300:62,Panneau P2,73.3
humain,23347_SELECTION_GLOBAL_SOUM_2026-08-13 - 8,E300,FIXTURE TYPE P2,1981,4751,0.1965,0.6600,1168,2498,appariée,H:23347_SELECTION_GLOBAL_SOUM_2026-08-13 - 8:25,IA:E300:89,Panneau P2,72.2
humain,23347_SELECTION_GLOBAL_SOUM_2026-08-13 - 8,E300,FIXTURE TYPE P2,1575,4751,0.1563,0.6600,968,2498,appariée,H:23347_SELECTION_GLOBAL_SOUM_2026-08-13 - 8:26,IA:E300:64,Panneau P2,72.6
humain,23347_SELECTION_GLOBAL_SOUM_2026-08-13 - 8,E300,FIXTURE TYPE P2,1165,4747,0.1156,0.6594,765,2496,appariée,H:23347_SELECTION_GLOBAL_SOUM_2026-08-13 - 8:27,IA:E300:65,Panneau P2,74.5
humain,23347_SELECTION_GLOBAL_SOUM_2026-08-13 - 8,E300,FIXTURE TYPE P2,1980,5346,0.1964,0.7426,1168,2789,appariée,H:23347_SELECTION_GLOBAL_SOUM_2026-08-13 - 8:28,IA:E300:61,Panneau P2,78.0
humain,23347_SELECTION_GLOBAL_SOUM_2026-08-13 - 8,E300,FIXTURE TYPE P2,2387,5348,0.2368,0.7429,1369,2790,appariée,H:23347_SELECTION_GLOBAL_SOUM_2026-08-13 - 8:29,IA:E300:60,Panneau P2,77.0
humain,23347_SELECTION_GLOBAL_SOUM_2026-08-13 - 8,E300,FIXTURE TYPE P1,1734,5678,0.1720,0.7887,1046,2952,appariée,H:23347_SELECTION_GLOBAL_SOUM_2026-08-13 - 8:30,IA:E300:55,Panneau P1,40.9
humain,23347_SELECTION_GLOBAL_SOUM_2026-08-13 - 8,E300,FIXTURE TYPE P1,2068,5926,0.2052,0.8232,1211,3073,appariée,H:23347_SELECTION_GLOBAL_SOUM_2026-08-13 - 8:31,IA:E300:56,Panneau P1,41.7
humain,23347_SELECTION_GLOBAL_SOUM_2026-08-13 - 8,E300,FIXTURE TYPE P1,1570,5180,0.1558,0.7195,965,2708,appariée,H:23347_SELECTION_GLOBAL_SOUM_2026-08-13 - 8:32,IA:E300:57,Panneau P1,36.6
humain,23347_SELECTION_GLOBAL_SOUM_2026-08-13 - 8,E300,FIXTURE TYPE P1,1166,5178,0.1157,0.7193,766,2707,appariée,H:23347_SELECTION_GLOBAL_SOUM_2026-08-13 - 8:33,IA:E300:58,Panneau P1,38.0
humain,23347_SELECTION_GLOBAL_SOUM_2026-08-13 - 8,E300,FIXTURE TYPE J1,1068,5635,0.1060,0.7827,717,2931,appariée,H:23347_SELECTION_GLOBAL_SOUM_2026-08-13 - 8:34,IA:E300:368,Troffer J1,6.7
humain,23347_SELECTION_GLOBAL_SOUM_2026-08-13 - 8,E300,FIXTURE TYPE J1,1309,5635,0.1299,0.7827,836,2931,appariée,H:23347_SELECTION_GLOBAL_SOUM_2026-08-13 - 8:35,IA:E300:367,Troffer J1,6.7
humain,23347_SELECTION_GLOBAL_SOUM_2026-08-13 - 8,E300,FIXTURE TYPE J1,1311,5997,0.1301,0.8330,837,3108,appariée,H:23347_SELECTION_GLOBAL_SOUM_2026-08-13 - 8:36,IA:E300:365,Troffer J1,7.6
humain,23347_SELECTION_GLOBAL_SOUM_2026-08-13 - 8,E300,FIXTURE TYPE J1,1065,5995,0.1057,0.8328,716,3107,appariée,H:23347_SELECTION_GLOBAL_SOUM_2026-08-13 - 8:37,IA:E300:366,Troffer J1,5.7
humain,23347_SELECTION_GLOBAL_SOUM_2026-08-13 - 8,E300,FIXTURE TYPE J1,2755,6144,0.2733,0.8535,1551,3180,appariée,H:23347_SELECTION_GLOBAL_SOUM_2026-08-13 - 8:38,IA:E300:362,Troffer J1,7.0
humain,23347_SELECTION_GLOBAL_SOUM_2026-08-13 - 8,E300,FIXTURE TYPE J1,2983,6134,0.2960,0.8521,1663,3175,appariée,H:23347_SELECTION_GLOBAL_SOUM_2026-08-13 - 8:39,IA:E300:363,Troffer J1,7.2
humain,23347_SELECTION_GLOBAL_SOUM_2026-08-13 - 8,E300,FIXTURE TYPE J1,2876,6370,0.2853,0.8848,1610,3290,appariée,H:23347_SELECTION_GLOBAL_SOUM_2026-08-13 - 8:40,IA:E300:361,Troffer J1,12.9
humain,23347_SELECTION_GLOBAL_SOUM_2026-08-13 - 8,E300,FIXTURE TYPE J1,3350,6149,0.3324,0.8541,1845,3182,appariée,H:23347_SELECTION_GLOBAL_SOUM_2026-08-13 - 8:41,IA:E300:364,Troffer J1,7.6
humain,23347_SELECTION_GLOBAL_SOUM_2026-08-13 - 8,E300,FIXTURE TYPE G4,1626,6083,0.1613,0.8450,993,3150,appariée,H:23347_SELECTION_GLOBAL_SOUM_2026-08-13 - 8:42,IA:E300:354,Réglette G4,13.6
humain,23347_SELECTION_GLOBAL_SOUM_2026-08-13 - 8,E300,FIXTURE TYPE G4,2567,5761,0.2547,0.8003,1458,2992,appariée,H:23347_SELECTION_GLOBAL_SOUM_2026-08-13 - 8:43,IA:E300:15,Boîte de jonction profilé T,58.4
humain,23347_SELECTION_GLOBAL_SOUM_2026-08-13 - 8,E300,FIXTURE TYPE G4,1112,953,0.1103,0.1324,739,639,appariée,H:23347_SELECTION_GLOBAL_SOUM_2026-08-13 - 8:44,IA:E300:18,Détecteur WSXA,31.1
humain,23347_SELECTION_GLOBAL_SOUM_2026-08-13 - 8,E300,FIXTURE TYPE R6-NS,2476,1999,0.2457,0.2777,1413,1151,manquante IA,H:23347_SELECTION_GLOBAL_SOUM_2026-08-13 - 8:45,,,
humain,23347_SELECTION_GLOBAL_SOUM_2026-08-13 - 8,E300,FIXTURE TYPE R6-NS,5049,5926,0.5009,0.8232,2684,3073,appariée,H:23347_SELECTION_GLOBAL_SOUM_2026-08-13 - 8:46,IA:E300:175,Projecteur D3-N,18.6
humain,23347_SELECTION_GLOBAL_SOUM_2026-08-13 - 8,E300,FIXTURE TYPE R6-NS,5054,6441,0.5014,0.8947,2686,3325,appariée,H:23347_SELECTION_GLOBAL_SOUM_2026-08-13 - 8:47,IA:E300:325,Rail R6-NS,6.8
humain,23347_SELECTION_GLOBAL_SOUM_2026-08-13 - 8,E300,TETE DOUBLE,2605,3538,0.2585,0.4915,1477,1904,appariée,H:23347_SELECTION_GLOBAL_SOUM_2026-08-13 - 8:48,IA:E300:98,Phare simple U3,19.7
humain,23347_SELECTION_GLOBAL_SOUM_2026-08-13 - 8,E300,TETE DOUBLE,2542,5651,0.2522,0.7850,1445,2939,appariée,H:23347_SELECTION_GLOBAL_SOUM_2026-08-13 - 8:49,IA:E300:90,Phare double U2,7.9
humain,23347_SELECTION_GLOBAL_SOUM_2026-08-13 - 8,E300,TETE DOUBLE,956,1883,0.0949,0.2616,662,1094,appariée,H:23347_SELECTION_GLOBAL_SOUM_2026-08-13 - 8:50,IA:E300:97,Phare simple U3,24.2
humain,23347_SELECTION_GLOBAL_SOUM_2026-08-13 - 8,E300,TETE DOUBLE,2587,745,0.2567,0.1035,1468,537,appariée,H:23347_SELECTION_GLOBAL_SOUM_2026-08-13 - 8:51,IA:E300:91,Phare double U2,5.5
humain,23347_SELECTION_GLOBAL_SOUM_2026-08-13 - 8,E300,TETE DOUBLE,3670,1669,0.3641,0.2318,2003,989,appariée,H:23347_SELECTION_GLOBAL_SOUM_2026-08-13 - 8:52,IA:E300:92,Phare double U2,15.4
humain,23347_SELECTION_GLOBAL_SOUM_2026-08-13 - 8,E300,TETE DOUBLE,6244,1658,0.6195,0.2303,3274,984,appariée,H:23347_SELECTION_GLOBAL_SOUM_2026-08-13 - 8:53,IA:E300:96,Phare double U2,8.0
humain,23347_SELECTION_GLOBAL_SOUM_2026-08-13 - 8,E300,TETE DOUBLE,6261,4115,0.6212,0.5716,3283,2187,appariée,H:23347_SELECTION_GLOBAL_SOUM_2026-08-13 - 8:54,IA:E300:95,Phare double U2,21.6
humain,23347_SELECTION_GLOBAL_SOUM_2026-08-13 - 8,E300,TETE DOUBLE,5409,6505,0.5367,0.9036,2862,3357,appariée,H:23347_SELECTION_GLOBAL_SOUM_2026-08-13 - 8:55,IA:E300:94,Phare double U2,6.7
humain,23347_SELECTION_GLOBAL_SOUM_2026-08-13 - 8,E300,TETE DOUBLE,2702,4614,0.2681,0.6409,1524,2431,appariée,H:23347_SELECTION_GLOBAL_SOUM_2026-08-13 - 8:56,IA:E300:93,Phare double U2,19.0
humain,23347_SELECTION_GLOBAL_SOUM_2026-08-13 - 8,E300,TETE SIMPLE,988,5482,0.0980,0.7615,678,2856,appariée,H:23347_SELECTION_GLOBAL_SOUM_2026-08-13 - 8:57,IA:E300:101,Phare simple U3,26.6
humain,23347_SELECTION_GLOBAL_SOUM_2026-08-13 - 8,E300,TETE SIMPLE,1513,6152,0.1501,0.8546,937,3184,appariée,H:23347_SELECTION_GLOBAL_SOUM_2026-08-13 - 8:58,IA:E300:355,Réglette G4,55.9
humain,23347_SELECTION_GLOBAL_SOUM_2026-08-13 - 8,E300,TETE SIMPLE,956,765,0.0949,0.1063,662,547,appariée,H:23347_SELECTION_GLOBAL_SOUM_2026-08-13 - 8:59,IA:E300:100,Phare simple U3,6.2
humain,23347_SELECTION_GLOBAL_SOUM_2026-08-13 - 8,E300,TETE SIMPLE,2611,5931,0.2591,0.8239,1479,3076,appariée,H:23347_SELECTION_GLOBAL_SOUM_2026-08-13 - 8:60,IA:E300:102,Phare simple U3,28.8
humain,23347_SELECTION_GLOBAL_SOUM_2026-08-13 - 8,E300,TETE SIMPLE,3298,5942,0.3272,0.8254,1819,3081,manquante IA,H:23347_SELECTION_GLOBAL_SOUM_2026-08-13 - 8:61,,,
humain,23347_SELECTION_GLOBAL_SOUM_2026-08-13 - 8,E300,EXIT U9,969,4790,0.0961,0.6654,668,2517,appariée,H:23347_SELECTION_GLOBAL_SOUM_2026-08-13 - 8:62,IA:E300:33,Enseigne sortie U9,40.4
humain,23347_SELECTION_GLOBAL_SOUM_2026-08-13 - 8,E300,EXIT U9,1780,1186,0.1766,0.1647,1069,753,appariée,H:23347_SELECTION_GLOBAL_SOUM_2026-08-13 - 8:63,IA:E300:34,Enseigne sortie — type à confirmer,8.3
humain,23347_SELECTION_GLOBAL_SOUM_2026-08-13 - 8,E300,EXIT U9,2610,4787,0.2590,0.6650,1479,2516,appariée,H:23347_SELECTION_GLOBAL_SOUM_2026-08-13 - 8:64,IA:E300:44,Interrupteur NPODMA,82.5
humain,23347_SELECTION_GLOBAL_SOUM_2026-08-13 - 8,E300,EXIT U9,5929,6185,0.5883,0.8591,3119,3200,appariée,H:23347_SELECTION_GLOBAL_SOUM_2026-08-13 - 8:65,IA:E300:31,Enseigne sortie U1,63.3
humain,23347_SELECTION_GLOBAL_SOUM_2026-08-13 - 8,E300,EXIT U9,4958,6079,0.4919,0.8444,2639,3148,manquante IA,H:23347_SELECTION_GLOBAL_SOUM_2026-08-13 - 8:66,,,
humain,23347_SELECTION_GLOBAL_SOUM_2026-08-13 - 8,E300,FIXTURE TYPE K3,1044,5400,0.1036,0.7501,705,2816,appariée,H:23347_SELECTION_GLOBAL_SOUM_2026-08-13 - 8:67,IA:E300:358,Réglette K3,17.2
humain,23347_SELECTION_GLOBAL_SOUM_2026-08-13 - 8,E300,FIXTURE TYPE K3,2717,6508,0.2696,0.9040,1532,3358,appariée,H:23347_SELECTION_GLOBAL_SOUM_2026-08-13 - 8:68,IA:E300:360,Réglette K3,14.3
humain,23347_SELECTION_GLOBAL_SOUM_2026-08-13 - 8,E300,FIXTURE TYPE K3,3001,6510,0.2977,0.9043,1672,3359,appariée,H:23347_SELECTION_GLOBAL_SOUM_2026-08-13 - 8:69,IA:E300:359,Réglette K3,15.7
humain,23347_SELECTION_GLOBAL_SOUM_2026-08-13 - 8,E300,FIXTURE TYPE S20-N,3922,2595,0.3891,0.3605,2127,1443,appariée,H:23347_SELECTION_GLOBAL_SOUM_2026-08-13 - 8:70,IA:E300:53,Linéaire S20-N,21.9
humain,23347_SELECTION_GLOBAL_SOUM_2026-08-13 - 8,E300,FIXTURE TYPE S20-N,3918,3172,0.3887,0.4406,2125,1725,appariée,H:23347_SELECTION_GLOBAL_SOUM_2026-08-13 - 8:71,IA:E300:52,Linéaire S20-N,6.6
humain,23347_SELECTION_GLOBAL_SOUM_2026-08-13 - 8,E300,FIXTURE TYPE S20-N,3920,4327,0.3889,0.6011,2126,2290,appariée,H:23347_SELECTION_GLOBAL_SOUM_2026-08-13 - 8:72,IA:E300:50,Linéaire S20-N,5.5
humain,23347_SELECTION_GLOBAL_SOUM_2026-08-13 - 8,E300,FIXTURE TYPE S20-N,3921,4968,0.3890,0.6901,2127,2604,appariée,H:23347_SELECTION_GLOBAL_SOUM_2026-08-13 - 8:73,IA:E300:49,Linéaire S20-N,7.0
humain,23347_SELECTION_GLOBAL_SOUM_2026-08-13 - 8,E300,FIXTURE TYPE S20-N,3917,3748,0.3886,0.5206,2125,2007,appariée,H:23347_SELECTION_GLOBAL_SOUM_2026-08-13 - 8:74,IA:E300:51,Linéaire S20-N,6.4
humain,23347_SELECTION_GLOBAL_SOUM_2026-08-13 - 8,E300,FIXTURE TYPE T,3839,1786,0.3809,0.2481,2086,1047,appariée,H:23347_SELECTION_GLOBAL_SOUM_2026-08-13 - 8:75,IA:E300:111,Profilé T,8.1
humain,23347_SELECTION_GLOBAL_SOUM_2026-08-13 - 8,E300,FIXTURE TYPE T,4251,1786,0.4218,0.2481,2290,1047,appariée,H:23347_SELECTION_GLOBAL_SOUM_2026-08-13 - 8:76,IA:E300:112,Profilé T,10.6
humain,23347_SELECTION_GLOBAL_SOUM_2026-08-13 - 8,E300,FIXTURE TYPE T,4678,1789,0.4641,0.2485,2501,1048,appariée,H:23347_SELECTION_GLOBAL_SOUM_2026-08-13 - 8:77,IA:E300:113,Profilé T,12.6
humain,23347_SELECTION_GLOBAL_SOUM_2026-08-13 - 8,E300,FIXTURE TYPE T,5075,1788,0.5035,0.2484,2697,1047,appariée,H:23347_SELECTION_GLOBAL_SOUM_2026-08-13 - 8:78,IA:E300:114,Profilé T,10.7
humain,23347_SELECTION_GLOBAL_SOUM_2026-08-13 - 8,E300,FIXTURE TYPE T,5439,1785,0.5396,0.2480,2877,1046,appariée,H:23347_SELECTION_GLOBAL_SOUM_2026-08-13 - 8:79,IA:E300:115,Profilé T,83.5
humain,23347_SELECTION_GLOBAL_SOUM_2026-08-13 - 8,E300,FIXTURE TYPE T,5805,1788,0.5759,0.2484,3057,1047,manquante IA,H:23347_SELECTION_GLOBAL_SOUM_2026-08-13 - 8:80,,,
humain,23347_SELECTION_GLOBAL_SOUM_2026-08-13 - 8,E300,FIXTURE TYPE T,6157,1822,0.6109,0.2531,3231,1064,appariée,H:23347_SELECTION_GLOBAL_SOUM_2026-08-13 - 8:81,IA:E300:116,Profilé T,24.9
humain,23347_SELECTION_GLOBAL_SOUM_2026-08-13 - 8,E300,FIXTURE TYPE T,6159,2234,0.6111,0.3103,3232,1266,appariée,H:23347_SELECTION_GLOBAL_SOUM_2026-08-13 - 8:82,IA:E300:117,Profilé T,26.9
humain,23347_SELECTION_GLOBAL_SOUM_2026-08-13 - 8,E300,FIXTURE TYPE T,6158,2634,0.6110,0.3659,3232,1462,appariée,H:23347_SELECTION_GLOBAL_SOUM_2026-08-13 - 8:83,IA:E300:118,Profilé T,23.1
humain,23347_SELECTION_GLOBAL_SOUM_2026-08-13 - 8,E300,FIXTURE TYPE T,6162,3038,0.6114,0.4220,3234,1659,appariée,H:23347_SELECTION_GLOBAL_SOUM_2026-08-13 - 8:84,IA:E300:119,Profilé T,22.7
humain,23347_SELECTION_GLOBAL_SOUM_2026-08-13 - 8,E300,FIXTURE TYPE T,6162,3443,0.6114,0.4783,3234,1858,appariée,H:23347_SELECTION_GLOBAL_SOUM_2026-08-13 - 8:85,IA:E300:120,Profilé T,16.6
humain,23347_SELECTION_GLOBAL_SOUM_2026-08-13 - 8,E300,FIXTURE TYPE T,6158,3842,0.6110,0.5337,3232,2053,appariée,H:23347_SELECTION_GLOBAL_SOUM_2026-08-13 - 8:86,IA:E300:121,Profilé T,16.9
humain,23347_SELECTION_GLOBAL_SOUM_2026-08-13 - 8,E300,FIXTURE R6-NS,3123,1930,0.3099,0.2681,1732,1117,appariée,H:23347_SELECTION_GLOBAL_SOUM_2026-08-13 - 8:87,IA:E300:294,Projecteur D4-NT1,32.4
humain,23347_SELECTION_GLOBAL_SOUM_2026-08-13 - 8,E300,FIXTURE R6-NS,3471,1932,0.3444,0.2684,1904,1118,appariée,H:23347_SELECTION_GLOBAL_SOUM_2026-08-13 - 8:88,IA:E300:247,Projecteur D4-N,10.6
humain,23347_SELECTION_GLOBAL_SOUM_2026-08-13 - 8,E300,FIXTURE TYPE R4-NS,3623,4334,0.3595,0.6020,1979,2294,appariée,H:23347_SELECTION_GLOBAL_SOUM_2026-08-13 - 8:89,IA:E300:318,Rail R4-NS,76.9
humain,23347_SELECTION_GLOBAL_SOUM_2026-08-13 - 8,E300,FIXTURE TYPE R4-NS,3200,5767,0.3175,0.8011,1770,2995,appariée,H:23347_SELECTION_GLOBAL_SOUM_2026-08-13 - 8:90,IA:E300:322,Rail R4-NS,11.9
humain,23347_SELECTION_GLOBAL_SOUM_2026-08-13 - 8,E300,FIXTURE TYPE R4-NS,3203,4772,0.3178,0.6629,1772,2508,appariée,H:23347_SELECTION_GLOBAL_SOUM_2026-08-13 - 8:91,IA:E300:321,Rail R4-NS,21.7
humain,23347_SELECTION_GLOBAL_SOUM_2026-08-13 - 8,E300,FIXTURE TYPE R4-NS,3198,3542,0.3173,0.4920,1769,1906,appariée,H:23347_SELECTION_GLOBAL_SOUM_2026-08-13 - 8:92,IA:E300:320,Rail R4-NS,13.3
humain,23347_SELECTION_GLOBAL_SOUM_2026-08-13 - 8,E300,FIXTURE TYPE R4-NS,5599,3002,0.5555,0.4170,2956,1642,appariée,H:23347_SELECTION_GLOBAL_SOUM_2026-08-13 - 8:93,IA:E300:319,Rail R4-NS,15.0
humain,23347_SELECTION_GLOBAL_SOUM_2026-08-13 - 8,E300,FIXTURE TYPE R12-NS,6023,4797,0.5976,0.6663,3165,2520,appariée,H:23347_SELECTION_GLOBAL_SOUM_2026-08-13 - 8:94,IA:E300:309,Rail R12-NS,46.4
humain,23347_SELECTION_GLOBAL_SOUM_2026-08-13 - 8,E300,FIXTURE TYPE R12-NS,6023,4086,0.5976,0.5676,3165,2172,appariée,H:23347_SELECTION_GLOBAL_SOUM_2026-08-13 - 8:95,IA:E300:248,Projecteur D4-N,9.1
humain,23347_SELECTION_GLOBAL_SOUM_2026-08-13 - 8,E300,FIXTURE TYPE R12-NS,6021,3402,0.5974,0.4726,3164,1838,appariée,H:23347_SELECTION_GLOBAL_SOUM_2026-08-13 - 8:96,IA:E300:126,Projecteur D3-N,58.7
humain,23347_SELECTION_GLOBAL_SOUM_2026-08-13 - 8,E300,FIXTURE TYPE R12-NS,6024,2696,0.5977,0.3745,3165,1492,manquante IA,H:23347_SELECTION_GLOBAL_SOUM_2026-08-13 - 8:97,,,
humain,23347_SELECTION_GLOBAL_SOUM_2026-08-13 - 8,E300,FIXTURE TYPE R12-NS,6024,1983,0.5977,0.2755,3165,1143,appariée,H:23347_SELECTION_GLOBAL_SOUM_2026-08-13 - 8:98,IA:E300:332,Rail R8-NS,48.5
humain,23347_SELECTION_GLOBAL_SOUM_2026-08-13 - 8,E300,FIXTURE TYPE R12-NS,5408,2217,0.5366,0.3080,2861,1258,appariée,H:23347_SELECTION_GLOBAL_SOUM_2026-08-13 - 8:99,IA:E300:143,Projecteur D3-N,28.5
humain,23347_SELECTION_GLOBAL_SOUM_2026-08-13 - 8,E300,FIXTURE TYPE R12-NS,5408,2931,0.5366,0.4071,2861,1607,appariée,H:23347_SELECTION_GLOBAL_SOUM_2026-08-13 - 8:100,IA:E300:305,Rail R12-NS,57.6
humain,23347_SELECTION_GLOBAL_SOUM_2026-08-13 - 8,E300,FIXTURE TYPE R12-NS,5407,3620,0.5365,0.5028,2861,1944,appariée,H:23347_SELECTION_GLOBAL_SOUM_2026-08-13 - 8:101,IA:E300:304,Rail R12-NS,48.0
humain,23347_SELECTION_GLOBAL_SOUM_2026-08-13 - 8,E300,FIXTURE TYPE R12-NS,5408,4328,0.5366,0.6012,2861,2291,manquante IA,H:23347_SELECTION_GLOBAL_SOUM_2026-08-13 - 8:102,,,
humain,23347_SELECTION_GLOBAL_SOUM_2026-08-13 - 8,E300,FIXTURE TYPE R12-NS,5407,5030,0.5365,0.6987,2861,2635,appariée,H:23347_SELECTION_GLOBAL_SOUM_2026-08-13 - 8:103,IA:E300:302,Rail R12-NS,45.3
humain,23347_SELECTION_GLOBAL_SOUM_2026-08-13 - 8,E300,FIXTURE TYPE R12-NS,3932,5448,0.3901,0.7568,2132,2839,appariée,H:23347_SELECTION_GLOBAL_SOUM_2026-08-13 - 8:104,IA:E300:299,Rail R12-NS,20.4
humain,23347_SELECTION_GLOBAL_SOUM_2026-08-13 - 8,E300,FIXTURE TYPE R12-NS,4348,5929,0.4314,0.8236,2338,3075,appariée,H:23347_SELECTION_GLOBAL_SOUM_2026-08-13 - 8:105,IA:E300:297,Rail R12-NS,21.9
humain,23347_SELECTION_GLOBAL_SOUM_2026-08-13 - 8,E300,FIXTURE TYPE R12-NS,3634,5932,0.3606,0.8240,1985,3076,appariée,H:23347_SELECTION_GLOBAL_SOUM_2026-08-13 - 8:106,IA:E300:298,Rail R12-NS,20.6
humain,23347_SELECTION_GLOBAL_SOUM_2026-08-13 - 8,E300,FIXTURE TYPE R12-NS,3634,6440,0.3606,0.8946,1985,3325,appariée,H:23347_SELECTION_GLOBAL_SOUM_2026-08-13 - 8:107,IA:E300:296,Rail R12-NS,23.1
humain,23347_SELECTION_GLOBAL_SOUM_2026-08-13 - 8,E300,FIXTURE TYPE R12-NS,4348,6439,0.4314,0.8944,2338,3324,appariée,H:23347_SELECTION_GLOBAL_SOUM_2026-08-13 - 8:108,IA:E300:295,Rail R12-NS,18.3
humain,23347_SELECTION_GLOBAL_SOUM_2026-08-13 - 8,E300,FIXTURE TYPE R12-NS,3625,3626,0.3597,0.5037,1980,1947,appariée,H:23347_SELECTION_GLOBAL_SOUM_2026-08-13 - 8:109,IA:E300:193,Projecteur D3-N,52.3
humain,23347_SELECTION_GLOBAL_SOUM_2026-08-13 - 8,E300,FIXTURE TYPE R12-NS,3624,2928,0.3596,0.4067,1980,1606,manquante IA,H:23347_SELECTION_GLOBAL_SOUM_2026-08-13 - 8:110,,,
humain,23347_SELECTION_GLOBAL_SOUM_2026-08-13 - 8,E300,FIXTURE TYPE R12-NS,3623,2229,0.3595,0.3096,1979,1263,appariée,H:23347_SELECTION_GLOBAL_SOUM_2026-08-13 - 8:111,IA:E300:217,Projecteur D3-N,11.3
humain,23347_SELECTION_GLOBAL_SOUM_2026-08-13 - 8,E300,FIXTURE TYPE R12-NS,3694,1981,0.3665,0.2752,2014,1142,appariée,H:23347_SELECTION_GLOBAL_SOUM_2026-08-13 - 8:112,IA:E300:317,Rail R12-NS,14.4
humain,23347_SELECTION_GLOBAL_SOUM_2026-08-13 - 8,E300,FIXTURE TYPE R12-NS,2991,2709,0.2968,0.3763,1667,1498,appariée,H:23347_SELECTION_GLOBAL_SOUM_2026-08-13 - 8:113,IA:E300:315,Rail R12-NS,64.1
humain,23347_SELECTION_GLOBAL_SOUM_2026-08-13 - 8,E300,FIXTURE TYPE R12-NS,2999,3393,0.2975,0.4713,1671,1833,appariée,H:23347_SELECTION_GLOBAL_SOUM_2026-08-13 - 8:114,IA:E300:314,Rail R12-NS,52.8
humain,23347_SELECTION_GLOBAL_SOUM_2026-08-13 - 8,E300,FIXTURE TYPE R12-NS,2997,1998,0.2974,0.2775,1670,1150,appariée,H:23347_SELECTION_GLOBAL_SOUM_2026-08-13 - 8:115,IA:E300:324,Rail R6-NS,28.4
humain,23347_SELECTION_GLOBAL_SOUM_2026-08-13 - 8,E300,FIXTURE TYPE R8-NS,5099,1976,0.5059,0.2745,2709,1140,appariée,H:23347_SELECTION_GLOBAL_SOUM_2026-08-13 - 8:116,IA:E300:334,Rail R8-NS,18.4
humain,23347_SELECTION_GLOBAL_SOUM_2026-08-13 - 8,E300,FIXTURE TYPE R8-NS,5550,1981,0.5506,0.2752,2931,1142,manquante IA,H:23347_SELECTION_GLOBAL_SOUM_2026-08-13 - 8:117,,,
humain,23347_SELECTION_GLOBAL_SOUM_2026-08-13 - 8,E300,FIXTURE TYPE R8-NS,2999,4125,0.2975,0.5730,1671,2192,appariée,H:23347_SELECTION_GLOBAL_SOUM_2026-08-13 - 8:118,IA:E300:234,Projecteur D3-NT1,6.3
humain,23347_SELECTION_GLOBAL_SOUM_2026-08-13 - 8,E300,FIXTURE TYPE R8-NS,3626,4801,0.3598,0.6669,1981,2522,appariée,H:23347_SELECTION_GLOBAL_SOUM_2026-08-13 - 8:119,IA:E300:327,Rail R8-NS,38.0
humain,23347_SELECTION_GLOBAL_SOUM_2026-08-13 - 8,E300,FIXTURE TYPE R8-NS,3625,5297,0.3597,0.7358,1980,2765,appariée,H:23347_SELECTION_GLOBAL_SOUM_2026-08-13 - 8:120,IA:E300:328,Rail R8-NS,10.9
humain,23347_SELECTION_GLOBAL_SOUM_2026-08-13 - 8,E300,FIXTURE TYPE R8-NS,2943,4803,0.2920,0.6672,1643,2523,appariée,H:23347_SELECTION_GLOBAL_SOUM_2026-08-13 - 8:121,IA:E300:330,Rail R8-NS,24.4
humain,23347_SELECTION_GLOBAL_SOUM_2026-08-13 - 8,E300,FIXTURE TYPE R8-NS,2942,5295,0.2919,0.7355,1643,2764,appariée,H:23347_SELECTION_GLOBAL_SOUM_2026-08-13 - 8:122,IA:E300:331,Rail R8-NS,13.3
humain,23347_SELECTION_GLOBAL_SOUM_2026-08-13 - 8,E300,FIXTURE TYPE R8-NS,4649,5456,0.4613,0.7579,2486,2843,appariée,H:23347_SELECTION_GLOBAL_SOUM_2026-08-13 - 8:123,IA:E300:329,Rail R8-NS,18.2
humain,23347_SELECTION_GLOBAL_SOUM_2026-08-13 - 8,E300,FIXTURE TYPE R8-NS,4648,5447,0.4612,0.7566,2486,2839,manquante IA,H:23347_SELECTION_GLOBAL_SOUM_2026-08-13 - 8:124,,,
humain,23347_SELECTION_GLOBAL_SOUM_2026-08-13 - 8,E300,FIXTURE D3-N,2949,5675,0.2926,0.7883,1646,2950,appariée,H:23347_SELECTION_GLOBAL_SOUM_2026-08-13 - 8:125,IA:E300:188,Projecteur D3-N,29.0
humain,23347_SELECTION_GLOBAL_SOUM_2026-08-13 - 8,E300,FIXTURE D3-N,2946,5432,0.2923,0.7545,1645,2831,appariée,H:23347_SELECTION_GLOBAL_SOUM_2026-08-13 - 8:126,IA:E300:189,Projecteur D3-N,32.7
humain,23347_SELECTION_GLOBAL_SOUM_2026-08-13 - 8,E300,FIXTURE D3-N,2946,5190,0.2923,0.7209,1645,2713,appariée,H:23347_SELECTION_GLOBAL_SOUM_2026-08-13 - 8:127,IA:E300:191,Projecteur D3-N,29.3
humain,23347_SELECTION_GLOBAL_SOUM_2026-08-13 - 8,E300,FIXTURE D3-N,2946,4923,0.2923,0.6838,1645,2582,appariée,H:23347_SELECTION_GLOBAL_SOUM_2026-08-13 - 8:128,IA:E300:190,Projecteur D3-N,30.6
humain,23347_SELECTION_GLOBAL_SOUM_2026-08-13 - 8,E300,FIXTURE D3-N,3629,4837,0.3601,0.6719,1982,2540,appariée,H:23347_SELECTION_GLOBAL_SOUM_2026-08-13 - 8:129,IA:E300:129,Projecteur D3-N,33.9
humain,23347_SELECTION_GLOBAL_SOUM_2026-08-13 - 8,E300,FIXTURE D3-N,3594,4975,0.3566,0.6911,1965,2608,appariée,H:23347_SELECTION_GLOBAL_SOUM_2026-08-13 - 8:130,IA:E300:201,Projecteur D3-N,33.6
humain,23347_SELECTION_GLOBAL_SOUM_2026-08-13 - 8,E300,FIXTURE D3-N,3598,5244,0.3570,0.7284,1967,2739,manquante IA,H:23347_SELECTION_GLOBAL_SOUM_2026-08-13 - 8:131,,,
humain,23347_SELECTION_GLOBAL_SOUM_2026-08-13 - 8,E300,FIXTURE D3-N,3632,5173,0.3604,0.7186,1984,2705,appariée,H:23347_SELECTION_GLOBAL_SOUM_2026-08-13 - 8:132,IA:E300:203,Projecteur D3-N,26.9
humain,23347_SELECTION_GLOBAL_SOUM_2026-08-13 - 8,E300,FIXTURE D3-N,3596,5478,0.3568,0.7609,1966,2854,appariée,H:23347_SELECTION_GLOBAL_SOUM_2026-08-13 - 8:133,IA:E300:202,Projecteur D3-N,34.1
humain,23347_SELECTION_GLOBAL_SOUM_2026-08-13 - 8,E300,FIXTURE D3-N,3630,5530,0.3602,0.7682,1983,2879,appariée,H:23347_SELECTION_GLOBAL_SOUM_2026-08-13 - 8:134,IA:E300:204,Projecteur D3-N,30.3
humain,23347_SELECTION_GLOBAL_SOUM_2026-08-13 - 8,E300,FIXTURE D3-N,3598,5671,0.3570,0.7877,1967,2948,appariée,H:23347_SELECTION_GLOBAL_SOUM_2026-08-13 - 8:135,IA:E300:187,Projecteur D3-N,32.9
humain,23347_SELECTION_GLOBAL_SOUM_2026-08-13 - 8,E300,FIXTURE D3-N,3961,5456,0.3930,0.7579,2146,2843,appariée,H:23347_SELECTION_GLOBAL_SOUM_2026-08-13 - 8:136,IA:E300:164,Projecteur D3-N,18.9
humain,23347_SELECTION_GLOBAL_SOUM_2026-08-13 - 8,E300,FIXTURE D3-N,4022,5423,0.3990,0.7533,2177,2827,appariée,H:23347_SELECTION_GLOBAL_SOUM_2026-08-13 - 8:137,IA:E300:163,Projecteur D3-N,18.2
humain,23347_SELECTION_GLOBAL_SOUM_2026-08-13 - 8,E300,FIXTURE D3-N,4204,5454,0.4171,0.7576,2266,2842,appariée,H:23347_SELECTION_GLOBAL_SOUM_2026-08-13 - 8:138,IA:E300:172,Projecteur D3-N,17.7
humain,23347_SELECTION_GLOBAL_SOUM_2026-08-13 - 8,E300,FIXTURE D3-N,4268,5419,0.4235,0.7527,2298,2825,appariée,H:23347_SELECTION_GLOBAL_SOUM_2026-08-13 - 8:139,IA:E300:171,Projecteur D3-N,15.3
humain,23347_SELECTION_GLOBAL_SOUM_2026-08-13 - 8,E300,FIXTURE D3-N,4448,5454,0.4413,0.7576,2387,2842,appariée,H:23347_SELECTION_GLOBAL_SOUM_2026-08-13 - 8:140,IA:E300:337,Relais NPP PCD,65.3
humain,23347_SELECTION_GLOBAL_SOUM_2026-08-13 - 8,E300,FIXTURE D3-N,4508,5426,0.4473,0.7537,2417,2828,appariée,H:23347_SELECTION_GLOBAL_SOUM_2026-08-13 - 8:141,IA:E300:170,Projecteur D3-N,18.7
humain,23347_SELECTION_GLOBAL_SOUM_2026-08-13 - 8,E300,FIXTURE D3-N,4680,5452,0.4643,0.7573,2502,2841,appariée,H:23347_SELECTION_GLOBAL_SOUM_2026-08-13 - 8:142,IA:E300:168,Projecteur D3-N,19.5
humain,23347_SELECTION_GLOBAL_SOUM_2026-08-13 - 8,E300,FIXTURE D3-N,4779,5419,0.4742,0.7527,2550,2825,appariée,H:23347_SELECTION_GLOBAL_SOUM_2026-08-13 - 8:143,IA:E300:167,Projecteur D3-N,18.8
humain,23347_SELECTION_GLOBAL_SOUM_2026-08-13 - 8,E300,FIXTURE D3-N,4922,5454,0.4883,0.7576,2621,2842,appariée,H:23347_SELECTION_GLOBAL_SOUM_2026-08-13 - 8:144,IA:E300:166,Projecteur D3-N,19.0
humain,23347_SELECTION_GLOBAL_SOUM_2026-08-13 - 8,E300,FIXTURE D3-N,4977,5423,0.4938,0.7533,2648,2827,appariée,H:23347_SELECTION_GLOBAL_SOUM_2026-08-13 - 8:145,IA:E300:165,Projecteur D3-N,21.3
humain,23347_SELECTION_GLOBAL_SOUM_2026-08-13 - 8,E300,FIXTURE D3-N,5358,5902,0.5316,0.8198,2836,3061,appariée,H:23347_SELECTION_GLOBAL_SOUM_2026-08-13 - 8:146,IA:E300:131,Projecteur D3-N,16.7
humain,23347_SELECTION_GLOBAL_SOUM_2026-08-13 - 8,E300,FIXTURE D3-N,5322,5933,0.5280,0.8241,2819,3077,appariée,H:23347_SELECTION_GLOBAL_SOUM_2026-08-13 - 8:147,IA:E300:130,Projecteur D3-N,24.9
humain,23347_SELECTION_GLOBAL_SOUM_2026-08-13 - 8,E300,FIXTURE D3-N,5144,5895,0.5104,0.8189,2731,3058,appariée,H:23347_SELECTION_GLOBAL_SOUM_2026-08-13 - 8:148,IA:E300:326,Rail R6-NS,43.6
humain,23347_SELECTION_GLOBAL_SOUM_2026-08-13 - 8,E300,FIXTURE D3-N,5087,5932,0.5047,0.8240,2703,3076,appariée,H:23347_SELECTION_GLOBAL_SOUM_2026-08-13 - 8:149,IA:E300:176,Projecteur D3-N,16.5
humain,23347_SELECTION_GLOBAL_SOUM_2026-08-13 - 8,E300,FIXTURE D3-N,4904,5897,0.4866,0.8191,2612,3059,appariée,H:23347_SELECTION_GLOBAL_SOUM_2026-08-13 - 8:150,IA:E300:177,Projecteur D3-N,17.8
humain,23347_SELECTION_GLOBAL_SOUM_2026-08-13 - 8,E300,FIXTURE D3-N,4848,5930,0.4810,0.8237,2585,3075,appariée,H:23347_SELECTION_GLOBAL_SOUM_2026-08-13 - 8:151,IA:E300:178,Projecteur D3-N,15.7
humain,23347_SELECTION_GLOBAL_SOUM_2026-08-13 - 8,E300,FIXTURE D3-N,4668,5904,0.4631,0.8201,2496,3062,appariée,H:23347_SELECTION_GLOBAL_SOUM_2026-08-13 - 8:152,IA:E300:179,Projecteur D3-N,15.7
humain,23347_SELECTION_GLOBAL_SOUM_2026-08-13 - 8,E300,FIXTURE D3-N,4601,5933,0.4565,0.8241,2463,3077,appariée,H:23347_SELECTION_GLOBAL_SOUM_2026-08-13 - 8:153,IA:E300:180,Projecteur D3-N,19.5
humain,23347_SELECTION_GLOBAL_SOUM_2026-08-13 - 8,E300,FIXTURE D3-N,4423,5904,0.4388,0.8201,2375,3062,appariée,H:23347_SELECTION_GLOBAL_SOUM_2026-08-13 - 8:154,IA:E300:181,Projecteur D3-N,17.7
humain,23347_SELECTION_GLOBAL_SOUM_2026-08-13 - 8,E300,FIXTURE D3-N,4330,5932,0.4296,0.8240,2329,3076,appariée,H:23347_SELECTION_GLOBAL_SOUM_2026-08-13 - 8:155,IA:E300:182,Projecteur D3-N,15.5
humain,23347_SELECTION_GLOBAL_SOUM_2026-08-13 - 8,E300,FIXTURE D3-N,4220,5906,0.4187,0.8204,2274,3063,appariée,H:23347_SELECTION_GLOBAL_SOUM_2026-08-13 - 8:156,IA:E300:183,Projecteur D3-N,17.2
humain,23347_SELECTION_GLOBAL_SOUM_2026-08-13 - 8,E300,FIXTURE D3-N,4120,5935,0.4088,0.8244,2225,3078,appariée,H:23347_SELECTION_GLOBAL_SOUM_2026-08-13 - 8:157,IA:E300:184,Projecteur D3-N,19.1
humain,23347_SELECTION_GLOBAL_SOUM_2026-08-13 - 8,E300,FIXTURE D3-N,3942,5902,0.3911,0.8198,2137,3061,appariée,H:23347_SELECTION_GLOBAL_SOUM_2026-08-13 - 8:158,IA:E300:185,Projecteur D3-N,18.2
humain,23347_SELECTION_GLOBAL_SOUM_2026-08-13 - 8,E300,FIXTURE D3-N,3887,5933,0.3857,0.8241,2110,3077,appariée,H:23347_SELECTION_GLOBAL_SOUM_2026-08-13 - 8:159,IA:E300:186,Projecteur D3-N,16.2
humain,23347_SELECTION_GLOBAL_SOUM_2026-08-13 - 8,E300,FIXTURE D3-N,3704,5902,0.3675,0.8198,2019,3061,appariée,H:23347_SELECTION_GLOBAL_SOUM_2026-08-13 - 8:160,IA:E300:173,Projecteur D3-N,16.7
humain,23347_SELECTION_GLOBAL_SOUM_2026-08-13 - 8,E300,FIXTURE D3-N,3641,5930,0.3612,0.8237,1988,3075,appariée,H:23347_SELECTION_GLOBAL_SOUM_2026-08-13 - 8:161,IA:E300:174,Projecteur D3-N,18.9
humain,23347_SELECTION_GLOBAL_SOUM_2026-08-13 - 8,E300,FIXTURE D3-N,3644,6406,0.3615,0.8898,1990,3308,manquante IA,H:23347_SELECTION_GLOBAL_SOUM_2026-08-13 - 8:162,,,
humain,23347_SELECTION_GLOBAL_SOUM_2026-08-13 - 8,E300,FIXTURE D3-N,3891,6413,0.3861,0.8908,2112,3312,manquante IA,H:23347_SELECTION_GLOBAL_SOUM_2026-08-13 - 8:163,,,
humain,23347_SELECTION_GLOBAL_SOUM_2026-08-13 - 8,E300,FIXTURE D3-N,4204,6413,0.4171,0.8908,2266,3312,manquante IA,H:23347_SELECTION_GLOBAL_SOUM_2026-08-13 - 8:164,,,
humain,23347_SELECTION_GLOBAL_SOUM_2026-08-13 - 8,E300,FIXTURE D3-N,4565,6409,0.4529,0.8903,2445,3310,appariée,H:23347_SELECTION_GLOBAL_SOUM_2026-08-13 - 8:165,IA:E300:347,Relais NPP16,31.9
humain,23347_SELECTION_GLOBAL_SOUM_2026-08-13 - 8,E300,FIXTURE D3-N,5379,5702,0.5337,0.7921,2847,2963,appariée,H:23347_SELECTION_GLOBAL_SOUM_2026-08-13 - 8:166,IA:E300:159,Projecteur D3-N,31.7
humain,23347_SELECTION_GLOBAL_SOUM_2026-08-13 - 8,E300,FIXTURE D3-N,5408,5640,0.5366,0.7834,2861,2933,appariée,H:23347_SELECTION_GLOBAL_SOUM_2026-08-13 - 8:167,IA:E300:158,Projecteur D3-N,30.6
humain,23347_SELECTION_GLOBAL_SOUM_2026-08-13 - 8,E300,FIXTURE D3-N,5370,5414,0.5328,0.7520,2842,2823,appariée,H:23347_SELECTION_GLOBAL_SOUM_2026-08-13 - 8:168,IA:E300:157,Projecteur D3-N,30.8
humain,23347_SELECTION_GLOBAL_SOUM_2026-08-13 - 8,E300,FIXTURE D3-N,5410,5357,0.5368,0.7441,2862,2795,appariée,H:23347_SELECTION_GLOBAL_SOUM_2026-08-13 - 8:169,IA:E300:156,Projecteur D3-N,33.2
humain,23347_SELECTION_GLOBAL_SOUM_2026-08-13 - 8,E300,FIXTURE D3-N,5375,5040,0.5333,0.7001,2845,2639,appariée,H:23347_SELECTION_GLOBAL_SOUM_2026-08-13 - 8:170,IA:E300:155,Projecteur D3-N,28.3
humain,23347_SELECTION_GLOBAL_SOUM_2026-08-13 - 8,E300,FIXTURE D3-N,5404,4992,0.5362,0.6934,2859,2616,appariée,H:23347_SELECTION_GLOBAL_SOUM_2026-08-13 - 8:171,IA:E300:154,Projecteur D3-N,34.1
humain,23347_SELECTION_GLOBAL_SOUM_2026-08-13 - 8,E300,FIXTURE D3-N,5408,4613,0.5366,0.6408,2861,2430,appariée,H:23347_SELECTION_GLOBAL_SOUM_2026-08-13 - 8:172,IA:E300:160,Projecteur D3-N,33.8
humain,23347_SELECTION_GLOBAL_SOUM_2026-08-13 - 8,E300,FIXTURE D3-N,5380,4673,0.5338,0.6491,2847,2460,appariée,H:23347_SELECTION_GLOBAL_SOUM_2026-08-13 - 8:173,IA:E300:162,Projecteur D3-N,34.1
humain,23347_SELECTION_GLOBAL_SOUM_2026-08-13 - 8,E300,FIXTURE D3-N,5382,4095,0.5340,0.5688,2848,2177,appariée,H:23347_SELECTION_GLOBAL_SOUM_2026-08-13 - 8:174,IA:E300:132,Projecteur D3-N,37.3
humain,23347_SELECTION_GLOBAL_SOUM_2026-08-13 - 8,E300,FIXTURE D3-N,5404,4074,0.5362,0.5659,2859,2167,appariée,H:23347_SELECTION_GLOBAL_SOUM_2026-08-13 - 8:175,IA:E300:140,Projecteur D3-N,37.7
humain,23347_SELECTION_GLOBAL_SOUM_2026-08-13 - 8,E300,FIXTURE D3-N,5411,3833,0.5369,0.5324,2863,2049,appariée,H:23347_SELECTION_GLOBAL_SOUM_2026-08-13 - 8:176,IA:E300:139,Projecteur D3-N,38.2
humain,23347_SELECTION_GLOBAL_SOUM_2026-08-13 - 8,E300,FIXTURE D3-N,5415,3595,0.5373,0.4994,2865,1932,appariée,H:23347_SELECTION_GLOBAL_SOUM_2026-08-13 - 8:177,IA:E300:138,Projecteur D3-N,40.0
humain,23347_SELECTION_GLOBAL_SOUM_2026-08-13 - 8,E300,FIXTURE D3-N,5384,3476,0.5342,0.4828,2849,1874,appariée,H:23347_SELECTION_GLOBAL_SOUM_2026-08-13 - 8:178,IA:E300:133,Projecteur D3-N,44.3
humain,23347_SELECTION_GLOBAL_SOUM_2026-08-13 - 8,E300,FIXTURE D3-N,5408,3375,0.5366,0.4688,2861,1824,appariée,H:23347_SELECTION_GLOBAL_SOUM_2026-08-13 - 8:179,IA:E300:137,Projecteur D3-N,40.7
humain,23347_SELECTION_GLOBAL_SOUM_2026-08-13 - 8,E300,FIXTURE D3-N,5403,3131,0.5361,0.4349,2859,1705,appariée,H:23347_SELECTION_GLOBAL_SOUM_2026-08-13 - 8:180,IA:E300:136,Projecteur D3-N,40.0
humain,23347_SELECTION_GLOBAL_SOUM_2026-08-13 - 8,E300,FIXTURE D3-N,5411,2895,0.5369,0.4021,2863,1589,appariée,H:23347_SELECTION_GLOBAL_SOUM_2026-08-13 - 8:181,IA:E300:135,Projecteur D3-N,43.9
humain,23347_SELECTION_GLOBAL_SOUM_2026-08-13 - 8,E300,FIXTURE D3-N,5377,2866,0.5335,0.3981,2846,1575,appariée,H:23347_SELECTION_GLOBAL_SOUM_2026-08-13 - 8:182,IA:E300:134,Projecteur D3-N,41.0
humain,23347_SELECTION_GLOBAL_SOUM_2026-08-13 - 8,E300,FIXTURE D3-N,5410,2597,0.5368,0.3607,2862,1444,appariée,H:23347_SELECTION_GLOBAL_SOUM_2026-08-13 - 8:183,IA:E300:141,Projecteur D3-N,45.9
humain,23347_SELECTION_GLOBAL_SOUM_2026-08-13 - 8,E300,FIXTURE D3-N,5408,2349,0.5366,0.3263,2861,1322,manquante IA,H:23347_SELECTION_GLOBAL_SOUM_2026-08-13 - 8:184,,,
humain,23347_SELECTION_GLOBAL_SOUM_2026-08-13 - 8,E300,FIXTURE D3-N,5380,2272,0.5338,0.3156,2847,1284,appariée,H:23347_SELECTION_GLOBAL_SOUM_2026-08-13 - 8:185,IA:E300:142,Projecteur D3-N,11.4
humain,23347_SELECTION_GLOBAL_SOUM_2026-08-13 - 8,E300,FIXTURE D3-N,3623,2301,0.3595,0.3196,1979,1299,appariée,H:23347_SELECTION_GLOBAL_SOUM_2026-08-13 - 8:186,IA:E300:216,Projecteur D3-N,25.2
humain,23347_SELECTION_GLOBAL_SOUM_2026-08-13 - 8,E300,FIXTURE D3-N,3594,2370,0.3566,0.3292,1965,1332,appariée,H:23347_SELECTION_GLOBAL_SOUM_2026-08-13 - 8:187,IA:E300:124,Projecteur D3-N,17.7
humain,23347_SELECTION_GLOBAL_SOUM_2026-08-13 - 8,E300,FIXTURE D3-N,3629,2499,0.3601,0.3471,1982,1396,appariée,H:23347_SELECTION_GLOBAL_SOUM_2026-08-13 - 8:188,IA:E300:215,Projecteur D3-N,26.5
humain,23347_SELECTION_GLOBAL_SOUM_2026-08-13 - 8,E300,FIXTURE D3-N,3599,2571,0.3571,0.3571,1968,1431,appariée,H:23347_SELECTION_GLOBAL_SOUM_2026-08-13 - 8:189,IA:E300:214,Projecteur D3-N,59.2
humain,23347_SELECTION_GLOBAL_SOUM_2026-08-13 - 8,E300,FIXTURE D3-N,3598,2777,0.3570,0.3857,1967,1532,appariée,H:23347_SELECTION_GLOBAL_SOUM_2026-08-13 - 8:190,IA:E300:211,Projecteur D3-N,11.7
humain,23347_SELECTION_GLOBAL_SOUM_2026-08-13 - 8,E300,FIXTURE D3-N,3634,2842,0.3606,0.3948,1985,1563,appariée,H:23347_SELECTION_GLOBAL_SOUM_2026-08-13 - 8:191,IA:E300:307,Rail R12-NS,12.8
humain,23347_SELECTION_GLOBAL_SOUM_2026-08-13 - 8,E300,FIXTURE D3-N,3594,2985,0.3566,0.4146,1965,1633,manquante IA,H:23347_SELECTION_GLOBAL_SOUM_2026-08-13 - 8:192,,,
humain,23347_SELECTION_GLOBAL_SOUM_2026-08-13 - 8,E300,FIXTURE D3-N,3587,3173,0.3559,0.4408,1962,1725,appariée,H:23347_SELECTION_GLOBAL_SOUM_2026-08-13 - 8:193,IA:E300:212,Projecteur D3-N,34.8
humain,23347_SELECTION_GLOBAL_SOUM_2026-08-13 - 8,E300,FIXTURE D3-N,3594,3387,0.3566,0.4705,1965,1830,appariée,H:23347_SELECTION_GLOBAL_SOUM_2026-08-13 - 8:194,IA:E300:197,Projecteur D3-N,39.1
humain,23347_SELECTION_GLOBAL_SOUM_2026-08-13 - 8,E300,FIXTURE D3-N,3625,3456,0.3597,0.4801,1980,1864,appariée,H:23347_SELECTION_GLOBAL_SOUM_2026-08-13 - 8:195,IA:E300:210,Projecteur D3-N,38.4
humain,23347_SELECTION_GLOBAL_SOUM_2026-08-13 - 8,E300,FIXTURE D3-N,3594,3592,0.3566,0.4990,1965,1931,appariée,H:23347_SELECTION_GLOBAL_SOUM_2026-08-13 - 8:196,IA:E300:192,Projecteur D3-N,38.5
humain,23347_SELECTION_GLOBAL_SOUM_2026-08-13 - 8,E300,FIXTURE D3-N,2999,2790,0.2975,0.3876,1671,1538,appariée,H:23347_SELECTION_GLOBAL_SOUM_2026-08-13 - 8:197,IA:E300:283,Projecteur D4-NT1,32.0
humain,23347_SELECTION_GLOBAL_SOUM_2026-08-13 - 8,E300,FIXTURE D3-N,3006,2577,0.2982,0.3580,1675,1434,appariée,H:23347_SELECTION_GLOBAL_SOUM_2026-08-13 - 8:198,IA:E300:243,Projecteur D3-NT1,52.6
humain,23347_SELECTION_GLOBAL_SOUM_2026-08-13 - 8,E300,FIXTURE D3-N,2999,2170,0.2975,0.3014,1671,1234,appariée,H:23347_SELECTION_GLOBAL_SOUM_2026-08-13 - 8:199,IA:E300:239,Projecteur D3-NT1,54.8
humain,23347_SELECTION_GLOBAL_SOUM_2026-08-13 - 8,E300,FIXTURE D3-N,3315,1982,0.3289,0.2753,1827,1142,appariée,H:23347_SELECTION_GLOBAL_SOUM_2026-08-13 - 8:200,IA:E300:245,Projecteur D3-NT1,45.7
humain,23347_SELECTION_GLOBAL_SOUM_2026-08-13 - 8,E300,FIXTURE D3-N,3556,1985,0.3528,0.2757,1946,1144,appariée,H:23347_SELECTION_GLOBAL_SOUM_2026-08-13 - 8:201,IA:E300:128,Projecteur D3-N,53.8
humain,23347_SELECTION_GLOBAL_SOUM_2026-08-13 - 8,E300,FIXTURE D3-N,3744,1983,0.3715,0.2755,2039,1143,appariée,H:23347_SELECTION_GLOBAL_SOUM_2026-08-13 - 8:202,IA:E300:209,Projecteur D3-N,23.9
humain,23347_SELECTION_GLOBAL_SOUM_2026-08-13 - 8,E300,FIXTURE D3-N,4010,1982,0.3979,0.2753,2171,1142,appariée,H:23347_SELECTION_GLOBAL_SOUM_2026-08-13 - 8:203,IA:E300:224,Projecteur D3-N,24.7
humain,23347_SELECTION_GLOBAL_SOUM_2026-08-13 - 8,E300,FIXTURE D3-N,4249,1987,0.4216,0.2760,2289,1145,appariée,H:23347_SELECTION_GLOBAL_SOUM_2026-08-13 - 8:204,IA:E300:223,Projecteur D3-N,26.4
humain,23347_SELECTION_GLOBAL_SOUM_2026-08-13 - 8,E300,FIXTURE D3-N,4508,1982,0.4473,0.2753,2417,1142,appariée,H:23347_SELECTION_GLOBAL_SOUM_2026-08-13 - 8:205,IA:E300:222,Projecteur D3-N,25.4
humain,23347_SELECTION_GLOBAL_SOUM_2026-08-13 - 8,E300,FIXTURE D3-N,4768,1983,0.4731,0.2755,2545,1143,appariée,H:23347_SELECTION_GLOBAL_SOUM_2026-08-13 - 8:206,IA:E300:221,Projecteur D3-N,26.1
humain,23347_SELECTION_GLOBAL_SOUM_2026-08-13 - 8,E300,FIXTURE D3-N,4972,1989,0.4933,0.2763,2646,1146,appariée,H:23347_SELECTION_GLOBAL_SOUM_2026-08-13 - 8:207,IA:E300:220,Projecteur D3-N,24.7
humain,23347_SELECTION_GLOBAL_SOUM_2026-08-13 - 8,E300,FIXTURE D3-N,5377,1985,0.5335,0.2757,2846,1144,appariée,H:23347_SELECTION_GLOBAL_SOUM_2026-08-13 - 8:208,IA:E300:219,Projecteur D3-N,23.0
humain,23347_SELECTION_GLOBAL_SOUM_2026-08-13 - 8,E300,FIXTURE D3-N,5677,1990,0.5633,0.2764,2994,1146,appariée,H:23347_SELECTION_GLOBAL_SOUM_2026-08-13 - 8:209,IA:E300:218,Projecteur D3-N,28.6
humain,23347_SELECTION_GLOBAL_SOUM_2026-08-13 - 8,E300,FIXTURE D3-N,2994,3189,0.2971,0.4430,1669,1733,appariée,H:23347_SELECTION_GLOBAL_SOUM_2026-08-13 - 8:210,IA:E300:285,Projecteur D4-NT1,26.0
humain,23347_SELECTION_GLOBAL_SOUM_2026-08-13 - 8,E300,FIXTURE D3-N,2999,2983,0.2975,0.4144,1671,1632,appariée,H:23347_SELECTION_GLOBAL_SOUM_2026-08-13 - 8:211,IA:E300:284,Projecteur D4-NT1,28.2
humain,23347_SELECTION_GLOBAL_SOUM_2026-08-13 - 8,E300,FIXTURE D3-N,2998,3396,0.2975,0.4717,1671,1835,appariée,H:23347_SELECTION_GLOBAL_SOUM_2026-08-13 - 8:212,IA:E300:237,Projecteur D3-NT1,52.7
humain,23347_SELECTION_GLOBAL_SOUM_2026-08-13 - 8,E300,FIXTURE D3-N,2999,3606,0.2975,0.5009,1671,1937,appariée,H:23347_SELECTION_GLOBAL_SOUM_2026-08-13 - 8:213,IA:E300:287,Projecteur D4-NT1,29.2
humain,23347_SELECTION_GLOBAL_SOUM_2026-08-13 - 8,E300,FIXTURE D3-N,3322,3511,0.3296,0.4877,1831,1891,appariée,H:23347_SELECTION_GLOBAL_SOUM_2026-08-13 - 8:214,IA:E300:232,Projecteur D3-NT1,18.7
humain,23347_SELECTION_GLOBAL_SOUM_2026-08-13 - 8,E300,FIXTURE D3-N,3298,3542,0.3272,0.4920,1819,1906,appariée,H:23347_SELECTION_GLOBAL_SOUM_2026-08-13 - 8:215,IA:E300:335,Relais NPP PCD,36.8
humain,23347_SELECTION_GLOBAL_SOUM_2026-08-13 - 8,E300,FIXTURE D3-N,3004,3807,0.2980,0.5288,1674,2036,appariée,H:23347_SELECTION_GLOBAL_SOUM_2026-08-13 - 8:216,IA:E300:236,Projecteur D3-NT1,48.6
humain,23347_SELECTION_GLOBAL_SOUM_2026-08-13 - 8,E300,FIXTURE D3-N,2998,4012,0.2975,0.5573,1671,2136,appariée,H:23347_SELECTION_GLOBAL_SOUM_2026-08-13 - 8:217,IA:E300:313,Rail R12-NS,11.0
humain,23347_SELECTION_GLOBAL_SOUM_2026-08-13 - 8,E300,FIXTURE D3-N,2998,4207,0.2975,0.5844,1671,2232,appariée,H:23347_SELECTION_GLOBAL_SOUM_2026-08-13 - 8:218,IA:E300:290,Projecteur D4-NT1,24.9
humain,23347_SELECTION_GLOBAL_SOUM_2026-08-13 - 8,E300,FIXTURE D3-N,2996,4415,0.2973,0.6133,1670,2333,appariée,H:23347_SELECTION_GLOBAL_SOUM_2026-08-13 - 8:219,IA:E300:291,Projecteur D4-NT1,24.2
humain,23347_SELECTION_GLOBAL_SOUM_2026-08-13 - 8,E300,FIXTURE D3-N,3322,4743,0.3296,0.6588,1831,2494,appariée,H:23347_SELECTION_GLOBAL_SOUM_2026-08-13 - 8:220,IA:E300:207,Projecteur D3-N,20.2
humain,23347_SELECTION_GLOBAL_SOUM_2026-08-13 - 8,E300,FIXTURE D3-N,3306,4784,0.3280,0.6645,1823,2514,appariée,H:23347_SELECTION_GLOBAL_SOUM_2026-08-13 - 8:221,IA:E300:208,Projecteur D3-N,18.6
humain,23347_SELECTION_GLOBAL_SOUM_2026-08-13 - 8,E300,FIXTURE D3-N,3622,4525,0.3594,0.6286,1979,2387,manquante IA,H:23347_SELECTION_GLOBAL_SOUM_2026-08-13 - 8:222,,,
humain,23347_SELECTION_GLOBAL_SOUM_2026-08-13 - 8,E300,FIXTURE D3-N,3596,4416,0.3568,0.6134,1966,2334,appariée,H:23347_SELECTION_GLOBAL_SOUM_2026-08-13 - 8:223,IA:E300:206,Projecteur D3-N,19.2
humain,23347_SELECTION_GLOBAL_SOUM_2026-08-13 - 8,E300,FIXTURE D3-N,3601,4212,0.3573,0.5851,1969,2234,appariée,H:23347_SELECTION_GLOBAL_SOUM_2026-08-13 - 8:224,IA:E300:300,Rail R12-NS,11.3
humain,23347_SELECTION_GLOBAL_SOUM_2026-08-13 - 8,E300,FIXTURE D3-N,3632,4073,0.3604,0.5658,1984,2166,appariée,H:23347_SELECTION_GLOBAL_SOUM_2026-08-13 - 8:225,IA:E300:195,Projecteur D3-N,40.2
humain,23347_SELECTION_GLOBAL_SOUM_2026-08-13 - 8,E300,FIXTURE D3-N,3591,4002,0.3563,0.5559,1964,2131,appariée,H:23347_SELECTION_GLOBAL_SOUM_2026-08-13 - 8:226,IA:E300:198,Projecteur D3-N,11.6
humain,23347_SELECTION_GLOBAL_SOUM_2026-08-13 - 8,E300,FIXTURE D3-N,3630,3871,0.3602,0.5377,1983,2067,appariée,H:23347_SELECTION_GLOBAL_SOUM_2026-08-13 - 8:227,IA:E300:194,Projecteur D3-N,38.0
humain,23347_SELECTION_GLOBAL_SOUM_2026-08-13 - 8,E300,FIXTURE D3-N,3598,3802,0.3570,0.5281,1967,2033,appariée,H:23347_SELECTION_GLOBAL_SOUM_2026-08-13 - 8:228,IA:E300:123,Projecteur D3-N,8.3
humain,23347_SELECTION_GLOBAL_SOUM_2026-08-13 - 8,E300,FIXTURE D3-N,4960,6413,0.4921,0.8908,2640,3312,manquante IA,H:23347_SELECTION_GLOBAL_SOUM_2026-08-13 - 8:229,,,
humain,23347_SELECTION_GLOBAL_SOUM_2026-08-13 - 8,E300,FIXTURE D3-N,5270,6411,0.5229,0.8905,2793,3311,manquante IA,H:23347_SELECTION_GLOBAL_SOUM_2026-08-13 - 8:230,,,
humain,23347_SELECTION_GLOBAL_SOUM_2026-08-13 - 8,E300,FIXTURE D3-N,5994,2132,0.5947,0.2962,3151,1216,appariée,H:23347_SELECTION_GLOBAL_SOUM_2026-08-13 - 8:231,IA:E300:161,Projecteur D3-N,45.7
humain,23347_SELECTION_GLOBAL_SOUM_2026-08-13 - 8,E300,FIXTURE D3-N,5996,2317,0.5949,0.3219,3152,1306,appariée,H:23347_SELECTION_GLOBAL_SOUM_2026-08-13 - 8:232,IA:E300:125,Projecteur D3-N,35.9
humain,23347_SELECTION_GLOBAL_SOUM_2026-08-13 - 8,E300,FIXTURE D3-N,5998,2478,0.5951,0.3442,3153,1385,appariée,H:23347_SELECTION_GLOBAL_SOUM_2026-08-13 - 8:233,IA:E300:152,Projecteur D3-N,38.2
humain,23347_SELECTION_GLOBAL_SOUM_2026-08-13 - 8,E300,FIXTURE D3-N,5994,2640,0.5947,0.3667,3151,1465,appariée,H:23347_SELECTION_GLOBAL_SOUM_2026-08-13 - 8:234,IA:E300:312,Rail R12-NS,37.7
humain,23347_SELECTION_GLOBAL_SOUM_2026-08-13 - 8,E300,FIXTURE D3-N,5996,2829,0.5949,0.3930,3152,1557,appariée,H:23347_SELECTION_GLOBAL_SOUM_2026-08-13 - 8:235,IA:E300:253,Projecteur D4-N,26.3
humain,23347_SELECTION_GLOBAL_SOUM_2026-08-13 - 8,E300,FIXTURE D3-N,5989,3054,0.5942,0.4242,3148,1667,appariée,H:23347_SELECTION_GLOBAL_SOUM_2026-08-13 - 8:236,IA:E300:252,Projecteur D4-N,34.8
humain,23347_SELECTION_GLOBAL_SOUM_2026-08-13 - 8,E300,FIXTURE D3-N,5995,3344,0.5948,0.4645,3151,1809,appariée,H:23347_SELECTION_GLOBAL_SOUM_2026-08-13 - 8:237,IA:E300:151,Projecteur D3-N,13.4
humain,23347_SELECTION_GLOBAL_SOUM_2026-08-13 - 8,E300,FIXTURE D3-N,5994,3675,0.5947,0.5105,3151,1971,appariée,H:23347_SELECTION_GLOBAL_SOUM_2026-08-13 - 8:238,IA:E300:149,Projecteur D3-N,51.5
humain,23347_SELECTION_GLOBAL_SOUM_2026-08-13 - 8,E300,FIXTURE D3-N,5994,3857,0.5947,0.5358,3151,2060,appariée,H:23347_SELECTION_GLOBAL_SOUM_2026-08-13 - 8:239,IA:E300:127,Projecteur D3-N,33.8
humain,23347_SELECTION_GLOBAL_SOUM_2026-08-13 - 8,E300,FIXTURE D3-N,5993,4002,0.5946,0.5559,3150,2131,appariée,H:23347_SELECTION_GLOBAL_SOUM_2026-08-13 - 8:240,IA:E300:310,Rail R12-NS,10.4
humain,23347_SELECTION_GLOBAL_SOUM_2026-08-13 - 8,E300,FIXTURE D3-N,5992,4157,0.5945,0.5774,3150,2207,appariée,H:23347_SELECTION_GLOBAL_SOUM_2026-08-13 - 8:241,IA:E300:148,Projecteur D3-N,37.0
humain,23347_SELECTION_GLOBAL_SOUM_2026-08-13 - 8,E300,FIXTURE D3-N,3001,2373,0.2977,0.3296,1672,1334,appariée,H:23347_SELECTION_GLOBAL_SOUM_2026-08-13 - 8:242,IA:E300:244,Projecteur D3-NT1,53.3
humain,23347_SELECTION_GLOBAL_SOUM_2026-08-13 - 8,E300,FIXTURE D3-N,3323,5739,0.3297,0.7972,1831,2982,appariée,H:23347_SELECTION_GLOBAL_SOUM_2026-08-13 - 8:243,IA:E300:199,Projecteur D3-N,18.9
humain,23347_SELECTION_GLOBAL_SOUM_2026-08-13 - 8,E300,FIXTURE D3-N,3306,5777,0.3280,0.8025,1823,3000,appariée,H:23347_SELECTION_GLOBAL_SOUM_2026-08-13 - 8:244,IA:E300:200,Projecteur D3-N,17.2
humain,23347_SELECTION_GLOBAL_SOUM_2026-08-13 - 8,E300,FIXTURE D3-N,5726,2972,0.5681,0.4128,3018,1627,appariée,H:23347_SELECTION_GLOBAL_SOUM_2026-08-13 - 8:245,IA:E300:144,Projecteur D3-N,21.9
humain,23347_SELECTION_GLOBAL_SOUM_2026-08-13 - 8,E300,FIXTURE D3-N,5698,3008,0.5653,0.4178,3004,1645,appariée,H:23347_SELECTION_GLOBAL_SOUM_2026-08-13 - 8:246,IA:E300:145,Projecteur D3-N,24.7
humain,23347_SELECTION_GLOBAL_SOUM_2026-08-13 - 8,E300,FIXTURE TYPE D4-NT1,6024,5380,0.5977,0.7473,3165,2806,appariée,H:23347_SELECTION_GLOBAL_SOUM_2026-08-13 - 8:247,IA:E300:225,Projecteur D3-NT1,24.0
humain,23347_SELECTION_GLOBAL_SOUM_2026-08-13 - 8,E300,FIXTURE TYPE D4-NT1,6023,5179,0.5976,0.7194,3165,2707,appariée,H:23347_SELECTION_GLOBAL_SOUM_2026-08-13 - 8:248,IA:E300:226,Projecteur D3-NT1,24.2
humain,23347_SELECTION_GLOBAL_SOUM_2026-08-13 - 8,E300,FIXTURE TYPE D4-NT1,6026,4977,0.5979,0.6913,3166,2609,appariée,H:23347_SELECTION_GLOBAL_SOUM_2026-08-13 - 8:249,IA:E300:227,Projecteur D3-NT1,26.3
humain,23347_SELECTION_GLOBAL_SOUM_2026-08-13 - 8,E300,FIXTURE TYPE D4-NT1,6037,4773,0.5990,0.6630,3172,2509,appariée,H:23347_SELECTION_GLOBAL_SOUM_2026-08-13 - 8:250,IA:E300:228,Projecteur D3-NT1,31.8
humain,23347_SELECTION_GLOBAL_SOUM_2026-08-13 - 8,E300,FIXTURE TYPE D4-NT1,6031,4567,0.5984,0.6344,3169,2408,appariée,H:23347_SELECTION_GLOBAL_SOUM_2026-08-13 - 8:251,IA:E300:230,Projecteur D3-NT1,29.1
humain,23347_SELECTION_GLOBAL_SOUM_2026-08-13 - 8,E300,FIXTURE TYPE D4-NT1,6026,4357,0.5979,0.6052,3166,2305,appariée,H:23347_SELECTION_GLOBAL_SOUM_2026-08-13 - 8:252,IA:E300:229,Projecteur D3-NT1,26.1
humain,23347_SELECTION_GLOBAL_SOUM_2026-08-13 - 8,E300,FIXTURE TYPE D4-NT1,2970,4492,0.2947,0.6240,1657,2371,appariée,H:23347_SELECTION_GLOBAL_SOUM_2026-08-13 - 8:253,IA:E300:333,Rail R8-NS,12.3
humain,23347_SELECTION_GLOBAL_SOUM_2026-08-13 - 8,E300,FIXTURE TYPE D4-NT1,2972,4283,0.2949,0.5949,1658,2269,appariée,H:23347_SELECTION_GLOBAL_SOUM_2026-08-13 - 8:254,IA:E300:233,Projecteur D3-NT1,23.3
humain,23347_SELECTION_GLOBAL_SOUM_2026-08-13 - 8,E300,FIXTURE TYPE D4-NT1,2971,4081,0.2948,0.5669,1657,2170,appariée,H:23347_SELECTION_GLOBAL_SOUM_2026-08-13 - 8:255,IA:E300:235,Projecteur D3-NT1,81.3
humain,23347_SELECTION_GLOBAL_SOUM_2026-08-13 - 8,E300,FIXTURE TYPE D4-NT1,2968,3874,0.2945,0.5381,1656,2069,appariée,H:23347_SELECTION_GLOBAL_SOUM_2026-08-13 - 8:256,IA:E300:288,Projecteur D4-NT1,47.5
humain,23347_SELECTION_GLOBAL_SOUM_2026-08-13 - 8,E300,FIXTURE TYPE D4-NT1,2970,3674,0.2947,0.5103,1657,1971,appariée,H:23347_SELECTION_GLOBAL_SOUM_2026-08-13 - 8:257,IA:E300:349,Relais NPP20,82.7
humain,23347_SELECTION_GLOBAL_SOUM_2026-08-13 - 8,E300,FIXTURE TYPE D4-NT1,2966,3469,0.2943,0.4819,1655,1870,appariée,H:23347_SELECTION_GLOBAL_SOUM_2026-08-13 - 8:258,IA:E300:348,Relais NPP20,82.9
humain,23347_SELECTION_GLOBAL_SOUM_2026-08-13 - 8,E300,FIXTURE TYPE D4-NT1,2963,3263,0.2940,0.4533,1653,1770,appariée,H:23347_SELECTION_GLOBAL_SOUM_2026-08-13 - 8:259,IA:E300:238,Projecteur D3-NT1,20.2
humain,23347_SELECTION_GLOBAL_SOUM_2026-08-13 - 8,E300,FIXTURE TYPE D4-NT1,2968,3057,0.2945,0.4246,1656,1669,appariée,H:23347_SELECTION_GLOBAL_SOUM_2026-08-13 - 8:260,IA:E300:240,Projecteur D3-NT1,18.7
humain,23347_SELECTION_GLOBAL_SOUM_2026-08-13 - 8,E300,FIXTURE TYPE D4-NT1,2964,2854,0.2941,0.3964,1654,1569,appariée,H:23347_SELECTION_GLOBAL_SOUM_2026-08-13 - 8:261,IA:E300:241,Projecteur D3-NT1,18.4
humain,23347_SELECTION_GLOBAL_SOUM_2026-08-13 - 8,E300,FIXTURE TYPE D4-NT1,2967,2642,0.2944,0.3670,1655,1466,appariée,H:23347_SELECTION_GLOBAL_SOUM_2026-08-13 - 8:262,IA:E300:282,Projecteur D4-NT1,50.2
humain,23347_SELECTION_GLOBAL_SOUM_2026-08-13 - 8,E300,FIXTURE TYPE D4-NT1,2962,2442,0.2939,0.3392,1653,1368,appariée,H:23347_SELECTION_GLOBAL_SOUM_2026-08-13 - 8:263,IA:E300:281,Projecteur D4-NT1,53.0
humain,23347_SELECTION_GLOBAL_SOUM_2026-08-13 - 8,E300,FIXTURE TYPE D4-NT1,2967,2242,0.2944,0.3114,1655,1270,appariée,H:23347_SELECTION_GLOBAL_SOUM_2026-08-13 - 8:264,IA:E300:280,Projecteur D4-NT1,56.4
humain,23347_SELECTION_GLOBAL_SOUM_2026-08-13 - 8,E300,FIXTURE TYPE D4-NT1,2964,2031,0.2941,0.2821,1654,1166,appariée,H:23347_SELECTION_GLOBAL_SOUM_2026-08-13 - 8:265,IA:E300:279,Projecteur D4-NT1,53.9
humain,23347_SELECTION_GLOBAL_SOUM_2026-08-13 - 8,E300,FIXTURE TYPE D4-N,6026,4181,0.5979,0.5808,3166,2219,appariée,H:23347_SELECTION_GLOBAL_SOUM_2026-08-13 - 8:266,IA:E300:122,Profilé T,55.3
humain,23347_SELECTION_GLOBAL_SOUM_2026-08-13 - 8,E300,FIXTURE TYPE D4-N,6030,3926,0.5983,0.5454,3168,2094,appariée,H:23347_SELECTION_GLOBAL_SOUM_2026-08-13 - 8:267,IA:E300:249,Projecteur D4-N,39.0
humain,23347_SELECTION_GLOBAL_SOUM_2026-08-13 - 8,E300,FIXTURE TYPE D4-N,6028,3683,0.5981,0.5116,3167,1975,appariée,H:23347_SELECTION_GLOBAL_SOUM_2026-08-13 - 8:268,IA:E300:250,Projecteur D4-N,37.9
humain,23347_SELECTION_GLOBAL_SOUM_2026-08-13 - 8,E300,FIXTURE TYPE D4-N,6030,3447,0.5983,0.4788,3168,1860,appariée,H:23347_SELECTION_GLOBAL_SOUM_2026-08-13 - 8:269,IA:E300:150,Projecteur D3-N,76.1
humain,23347_SELECTION_GLOBAL_SOUM_2026-08-13 - 8,E300,FIXTURE TYPE D4-N,6029,3209,0.5982,0.4458,3168,1743,appariée,H:23347_SELECTION_GLOBAL_SOUM_2026-08-13 - 8:270,IA:E300:311,Rail R12-NS,28.1
humain,23347_SELECTION_GLOBAL_SOUM_2026-08-13 - 8,E300,FIXTURE TYPE D4-N,6025,2968,0.5978,0.4123,3166,1625,appariée,H:23347_SELECTION_GLOBAL_SOUM_2026-08-13 - 8:271,IA:E300:146,Projecteur D3-N,24.2
humain,23347_SELECTION_GLOBAL_SOUM_2026-08-13 - 8,E300,FIXTURE TYPE D4-N,6033,2727,0.5986,0.3788,3170,1507,appariée,H:23347_SELECTION_GLOBAL_SOUM_2026-08-13 - 8:272,IA:E300:147,Projecteur D3-N,28.3
humain,23347_SELECTION_GLOBAL_SOUM_2026-08-13 - 8,E300,FIXTURE TYPE D4-N,6029,2487,0.5982,0.3455,3168,1390,appariée,H:23347_SELECTION_GLOBAL_SOUM_2026-08-13 - 8:273,IA:E300:255,Projecteur D4-N,45.4
humain,23347_SELECTION_GLOBAL_SOUM_2026-08-13 - 8,E300,FIXTURE TYPE D4-N,6026,2270,0.5979,0.3153,3166,1283,appariée,H:23347_SELECTION_GLOBAL_SOUM_2026-08-13 - 8:274,IA:E300:153,Projecteur D3-N,33.2
humain,23347_SELECTION_GLOBAL_SOUM_2026-08-13 - 8,E300,FIXTURE TYPE D4-N,6026,2108,0.5979,0.2928,3166,1204,appariée,H:23347_SELECTION_GLOBAL_SOUM_2026-08-13 - 8:275,IA:E300:256,Projecteur D4-N,31.5
humain,23347_SELECTION_GLOBAL_SOUM_2026-08-13 - 8,E300,FIXTURE TYPE D4-N,6028,1990,0.5981,0.2764,3167,1146,appariée,H:23347_SELECTION_GLOBAL_SOUM_2026-08-13 - 8:276,IA:E300:257,Projecteur D4-N,13.8
humain,23347_SELECTION_GLOBAL_SOUM_2026-08-13 - 8,E300,FIXTURE TYPE D4-N,5979,1953,0.5932,0.2713,3143,1128,appariée,H:23347_SELECTION_GLOBAL_SOUM_2026-08-13 - 8:277,IA:E300:263,Projecteur D4-N,33.0
humain,23347_SELECTION_GLOBAL_SOUM_2026-08-13 - 8,E300,FIXTURE TYPE D4-N,5845,1953,0.5799,0.2713,3077,1128,appariée,H:23347_SELECTION_GLOBAL_SOUM_2026-08-13 - 8:278,IA:E300:264,Projecteur D4-N,23.8
humain,23347_SELECTION_GLOBAL_SOUM_2026-08-13 - 8,E300,FIXTURE TYPE D4-N,5653,1953,0.5609,0.2713,2982,1128,appariée,H:23347_SELECTION_GLOBAL_SOUM_2026-08-13 - 8:279,IA:E300:265,Projecteur D4-N,26.2
humain,23347_SELECTION_GLOBAL_SOUM_2026-08-13 - 8,E300,FIXTURE TYPE D4-N,5403,1951,0.5361,0.2710,2859,1127,appariée,H:23347_SELECTION_GLOBAL_SOUM_2026-08-13 - 8:280,IA:E300:266,Projecteur D4-N,26.6
humain,23347_SELECTION_GLOBAL_SOUM_2026-08-13 - 8,E300,FIXTURE TYPE D4-N,5170,1954,0.5129,0.2714,2744,1129,appariée,H:23347_SELECTION_GLOBAL_SOUM_2026-08-13 - 8:281,IA:E300:267,Projecteur D4-N,26.3
humain,23347_SELECTION_GLOBAL_SOUM_2026-08-13 - 8,E300,FIXTURE TYPE D4-N,4935,1951,0.4896,0.2710,2628,1127,appariée,H:23347_SELECTION_GLOBAL_SOUM_2026-08-13 - 8:282,IA:E300:272,Projecteur D4-N,26.7
humain,23347_SELECTION_GLOBAL_SOUM_2026-08-13 - 8,E300,FIXTURE TYPE D4-N,4681,1951,0.4644,0.2710,2502,1127,appariée,H:23347_SELECTION_GLOBAL_SOUM_2026-08-13 - 8:283,IA:E300:271,Projecteur D4-N,25.6
humain,23347_SELECTION_GLOBAL_SOUM_2026-08-13 - 8,E300,FIXTURE TYPE D4-N,4423,1956,0.4388,0.2717,2375,1130,appariée,H:23347_SELECTION_GLOBAL_SOUM_2026-08-13 - 8:284,IA:E300:270,Projecteur D4-N,27.1
humain,23347_SELECTION_GLOBAL_SOUM_2026-08-13 - 8,E300,FIXTURE TYPE D4-N,4178,1953,0.4145,0.2713,2254,1128,appariée,H:23347_SELECTION_GLOBAL_SOUM_2026-08-13 - 8:285,IA:E300:269,Projecteur D4-N,25.3
humain,23347_SELECTION_GLOBAL_SOUM_2026-08-13 - 8,E300,FIXTURE TYPE D4-N,3916,1952,0.3885,0.2711,2124,1128,appariée,H:23347_SELECTION_GLOBAL_SOUM_2026-08-13 - 8:286,IA:E300:268,Projecteur D4-N,25.2
humain,23347_SELECTION_GLOBAL_SOUM_2026-08-13 - 8,E300,FIXTURE TYPE D4-N,3583,1954,0.3555,0.2714,1960,1129,appariée,H:23347_SELECTION_GLOBAL_SOUM_2026-08-13 - 8:287,IA:E300:246,Projecteur D4-N,25.0
humain,23347_SELECTION_GLOBAL_SOUM_2026-08-13 - 8,E300,FIXTURE TYPE D4-N,3453,1953,0.3426,0.2713,1895,1128,appariée,H:23347_SELECTION_GLOBAL_SOUM_2026-08-13 - 8:288,IA:E300:323,Rail R6-NS,43.6
humain,23347_SELECTION_GLOBAL_SOUM_2026-08-13 - 8,E300,FIXTURE TYPE D4-N,2916,5699,0.2893,0.7916,1630,2962,appariée,H:23347_SELECTION_GLOBAL_SOUM_2026-08-13 - 8:289,IA:E300:262,Projecteur D4-N,32.1
humain,23347_SELECTION_GLOBAL_SOUM_2026-08-13 - 8,E300,FIXTURE TYPE D4-N,2918,5554,0.2895,0.7715,1631,2891,appariée,H:23347_SELECTION_GLOBAL_SOUM_2026-08-13 - 8:290,IA:E300:259,Projecteur D4-N,30.4
humain,23347_SELECTION_GLOBAL_SOUM_2026-08-13 - 8,E300,FIXTURE TYPE D4-N,2921,5299,0.2898,0.7361,1633,2766,appariée,H:23347_SELECTION_GLOBAL_SOUM_2026-08-13 - 8:291,IA:E300:109,Profilé T,70.1
humain,23347_SELECTION_GLOBAL_SOUM_2026-08-13 - 8,E300,FIXTURE TYPE D4-N,2916,5083,0.2893,0.7061,1630,2660,appariée,H:23347_SELECTION_GLOBAL_SOUM_2026-08-13 - 8:292,IA:E300:261,Projecteur D4-N,31.5
humain,23347_SELECTION_GLOBAL_SOUM_2026-08-13 - 8,E300,FIXTURE TYPE G3,2002,6385,0.1986,0.8869,1179,3298,appariée,H:23347_SELECTION_GLOBAL_SOUM_2026-08-13 - 8:293,IA:E300:350,Réglette G3,77.6
humain,23347_SELECTION_GLOBAL_SOUM_2026-08-13 - 8,E300,SN,3501,2621,0.3474,0.3641,1919,1455,appariée,H:23347_SELECTION_GLOBAL_SOUM_2026-08-13 - 8:294,IA:E300:43,Haut-parleur suspendu SN,11.7
humain,23347_SELECTION_GLOBAL_SOUM_2026-08-13 - 8,E300,SN,5539,2629,0.5496,0.3652,2926,1459,appariée,H:23347_SELECTION_GLOBAL_SOUM_2026-08-13 - 8:295,IA:E300:39,Haut-parleur suspendu SN,15.2
humain,23347_SELECTION_GLOBAL_SOUM_2026-08-13 - 8,E300,SN,4514,4134,0.4479,0.5742,2420,2196,appariée,H:23347_SELECTION_GLOBAL_SOUM_2026-08-13 - 8:296,IA:E300:35,Haut-parleur suspendu SN,8.9
humain,23347_SELECTION_GLOBAL_SOUM_2026-08-13 - 8,E300,SN,5544,4124,0.5501,0.5729,2928,2191,appariée,H:23347_SELECTION_GLOBAL_SOUM_2026-08-13 - 8:297,IA:E300:36,Haut-parleur suspendu SN,5.2
humain,23347_SELECTION_GLOBAL_SOUM_2026-08-13 - 8,E300,SN,3499,4131,0.3472,0.5738,1918,2194,appariée,H:23347_SELECTION_GLOBAL_SOUM_2026-08-13 - 8:298,IA:E300:37,Haut-parleur suspendu SN,7.8
humain,23347_SELECTION_GLOBAL_SOUM_2026-08-13 - 8,E300,SN,4526,2619,0.4491,0.3638,2425,1454,appariée,H:23347_SELECTION_GLOBAL_SOUM_2026-08-13 - 8:299,IA:E300:38,Haut-parleur suspendu SN,11.7
humain,23347_SELECTION_GLOBAL_SOUM_2026-08-13 - 8,E300,SN,5544,5613,0.5501,0.7797,2928,2920,appariée,H:23347_SELECTION_GLOBAL_SOUM_2026-08-13 - 8:300,IA:E300:41,Haut-parleur suspendu SN,4.0
humain,23347_SELECTION_GLOBAL_SOUM_2026-08-13 - 8,E300,SN,4516,5608,0.4481,0.7790,2421,2917,appariée,H:23347_SELECTION_GLOBAL_SOUM_2026-08-13 - 8:301,IA:E300:40,Haut-parleur suspendu SN,4.6
humain,23347_SELECTION_GLOBAL_SOUM_2026-08-13 - 8,E300,SN,3504,5628,0.3477,0.7818,1921,2927,appariée,H:23347_SELECTION_GLOBAL_SOUM_2026-08-13 - 8:302,IA:E300:42,Haut-parleur suspendu SN,4.8
humain,23347_SELECTION_GLOBAL_SOUM_2026-08-13 - 8,E300,FIXTURE TYPE O8-N,3910,6225,0.3879,0.8647,2121,3220,appariée,H:23347_SELECTION_GLOBAL_SOUM_2026-08-13 - 8:303,IA:E300:48,Linéaire O8-N,9.6
humain,23347_SELECTION_GLOBAL_SOUM_2026-08-13 - 8,E300,FIXTURE TYPE O8-N,4718,6228,0.4681,0.8651,2520,3221,appariée,H:23347_SELECTION_GLOBAL_SOUM_2026-08-13 - 8:304,IA:E300:47,Linéaire O8-N,8.0
humain,23347_SELECTION_GLOBAL_SOUM_2026-08-13 - 8,E300,RELO FIXTURE TYPE BB,5956,5955,0.5909,0.8272,3132,3087,appariée,H:23347_SELECTION_GLOBAL_SOUM_2026-08-13 - 8:305,IA:E300:29,Encastré B-B,18.1
humain,23347_SELECTION_GLOBAL_SOUM_2026-08-13 - 8,E300,RELO FIXTURE TYPE BB,5698,6215,0.5653,0.8633,3004,3215,appariée,H:23347_SELECTION_GLOBAL_SOUM_2026-08-13 - 8:306,IA:E300:28,Encastré B-B,17.6
humain,23347_SELECTION_GLOBAL_SOUM_2026-08-13 - 8,E300,NPP-20,6296,4299,0.6247,0.5972,3300,2277,appariée,H:23347_SELECTION_GLOBAL_SOUM_2026-08-13 - 8:307,IA:E300:13,Boîte de jonction profilé T,16.8
humain,23347_SELECTION_GLOBAL_SOUM_2026-08-13 - 8,E300,NPP-20,6297,4971,0.6248,0.6905,3300,2606,appariée,H:23347_SELECTION_GLOBAL_SOUM_2026-08-13 - 8:308,IA:E300:103,Profilé T,18.0
humain,23347_SELECTION_GLOBAL_SOUM_2026-08-13 - 8,E300,NPP-20,2711,3458,0.2690,0.4803,1529,1865,appariée,H:23347_SELECTION_GLOBAL_SOUM_2026-08-13 - 8:309,IA:E300:14,Boîte de jonction profilé T,64.3
humain,23347_SELECTION_GLOBAL_SOUM_2026-08-13 - 8,E300,NPP-20,3685,5209,0.3656,0.7236,2010,2722,manquante IA,H:23347_SELECTION_GLOBAL_SOUM_2026-08-13 - 8:310,,,
humain,23347_SELECTION_GLOBAL_SOUM_2026-08-13 - 8,E300,NPP-16,3352,6042,0.3326,0.8393,1846,3130,appariée,H:23347_SELECTION_GLOBAL_SOUM_2026-08-13 - 8:311,IA:E300:10,Batterie U6,60.5
humain,23347_SELECTION_GLOBAL_SOUM_2026-08-13 - 8,E300,NPP-16,3672,5109,0.3643,0.7097,2004,2673,appariée,H:23347_SELECTION_GLOBAL_SOUM_2026-08-13 - 8:312,IA:E300:205,Projecteur D3-N,28.7
humain,23347_SELECTION_GLOBAL_SOUM_2026-08-13 - 8,E300,NPP-PCD,3668,5154,0.3639,0.7159,2002,2695,manquante IA,H:23347_SELECTION_GLOBAL_SOUM_2026-08-13 - 8:313,,,
humain,23347_SELECTION_GLOBAL_SOUM_2026-08-13 - 8,E300,90DEGRE,6001,1959,0.5954,0.2721,3154,1131,appariée,H:23347_SELECTION_GLOBAL_SOUM_2026-08-13 - 8:314,IA:E300:258,Projecteur D4-N,31.8
humain,23347_SELECTION_GLOBAL_SOUM_2026-08-13 - 8,E300,COUPLING,5396,2910,0.5354,0.4042,2855,1597,manquante IA,H:23347_SELECTION_GLOBAL_SOUM_2026-08-13 - 8:315,,,
humain,23347_SELECTION_GLOBAL_SOUM_2026-08-13 - 8,E300,COUPLING,6011,2673,0.5964,0.3713,3159,1481,appariée,H:23347_SELECTION_GLOBAL_SOUM_2026-08-13 - 8:316,IA:E300:254,Projecteur D4-N,17.7
humain,23347_SELECTION_GLOBAL_SOUM_2026-08-13 - 8,E300,COUPLING,5529,1962,0.5486,0.2725,2921,1133,manquante IA,H:23347_SELECTION_GLOBAL_SOUM_2026-08-13 - 8:317,,,
humain,23347_SELECTION_GLOBAL_SOUM_2026-08-13 - 8,E300,COUPLING,5081,1965,0.5041,0.2730,2700,1134,manquante IA,H:23347_SELECTION_GLOBAL_SOUM_2026-08-13 - 8:318,,,
humain,23347_SELECTION_GLOBAL_SOUM_2026-08-13 - 8,E300,COUPLING,4373,1967,0.4339,0.2732,2350,1135,appariée,H:23347_SELECTION_GLOBAL_SOUM_2026-08-13 - 8:319,IA:E300:316,Rail R12-NS,26.5
humain,23347_SELECTION_GLOBAL_SOUM_2026-08-13 - 8,E300,COUPLING,3677,1962,0.3648,0.2725,2006,1133,manquante IA,H:23347_SELECTION_GLOBAL_SOUM_2026-08-13 - 8:320,,,
humain,23347_SELECTION_GLOBAL_SOUM_2026-08-13 - 8,E300,COUPLING,3335,1962,0.3309,0.2725,1837,1133,appariée,H:23347_SELECTION_GLOBAL_SOUM_2026-08-13 - 8:321,IA:E300:292,Projecteur D4-NT1,46.9
humain,23347_SELECTION_GLOBAL_SOUM_2026-08-13 - 8,E300,COUPLING,2981,2688,0.2958,0.3734,1662,1488,appariée,H:23347_SELECTION_GLOBAL_SOUM_2026-08-13 - 8:322,IA:E300:242,Projecteur D3-NT1,5.8
humain,23347_SELECTION_GLOBAL_SOUM_2026-08-13 - 8,E300,COUPLING,3602,2907,0.3574,0.4038,1969,1595,appariée,H:23347_SELECTION_GLOBAL_SOUM_2026-08-13 - 8:323,IA:E300:213,Projecteur D3-N,13.1
humain,23347_SELECTION_GLOBAL_SOUM_2026-08-13 - 8,E300,COUPLING,6006,3375,0.5959,0.4688,3157,1824,appariée,H:23347_SELECTION_GLOBAL_SOUM_2026-08-13 - 8:324,IA:E300:251,Projecteur D4-N,6.4
humain,23347_SELECTION_GLOBAL_SOUM_2026-08-13 - 8,E300,COUPLING,5392,3602,0.5350,0.5003,2853,1935,manquante IA,H:23347_SELECTION_GLOBAL_SOUM_2026-08-13 - 8:325,,,
humain,23347_SELECTION_GLOBAL_SOUM_2026-08-13 - 8,E300,COUPLING,3606,3604,0.3578,0.5006,1971,1936,appariée,H:23347_SELECTION_GLOBAL_SOUM_2026-08-13 - 8:326,IA:E300:306,Rail R12-NS,39.6
humain,23347_SELECTION_GLOBAL_SOUM_2026-08-13 - 8,E300,COUPLING,2977,3389,0.2954,0.4708,1660,1831,appariée,H:23347_SELECTION_GLOBAL_SOUM_2026-08-13 - 8:327,IA:E300:286,Projecteur D4-NT1,17.4
humain,23347_SELECTION_GLOBAL_SOUM_2026-08-13 - 8,E300,COUPLING,2985,4101,0.2962,0.5697,1664,2180,appariée,H:23347_SELECTION_GLOBAL_SOUM_2026-08-13 - 8:328,IA:E300:289,Projecteur D4-NT1,59.3
humain,23347_SELECTION_GLOBAL_SOUM_2026-08-13 - 8,E300,COUPLING,3609,4309,0.3581,0.5986,1972,2282,appariée,H:23347_SELECTION_GLOBAL_SOUM_2026-08-13 - 8:329,IA:E300:196,Projecteur D3-N,21.9
humain,23347_SELECTION_GLOBAL_SOUM_2026-08-13 - 8,E300,COUPLING,5394,4307,0.5352,0.5983,2854,2281,appariée,H:23347_SELECTION_GLOBAL_SOUM_2026-08-13 - 8:330,IA:E300:303,Rail R12-NS,37.6
humain,23347_SELECTION_GLOBAL_SOUM_2026-08-13 - 8,E300,COUPLING,6009,4287,0.5962,0.5955,3158,2271,appariée,H:23347_SELECTION_GLOBAL_SOUM_2026-08-13 - 8:331,IA:E300:278,Projecteur D4-NT1,9.0
humain,23347_SELECTION_GLOBAL_SOUM_2026-08-13 - 8,E300,COUPLING,5391,5009,0.5349,0.6958,2853,2624,manquante IA,H:23347_SELECTION_GLOBAL_SOUM_2026-08-13 - 8:332,,,
humain,23347_SELECTION_GLOBAL_SOUM_2026-08-13 - 8,E300,COUPLING,4627,5437,0.4591,0.7552,2475,2834,appariée,H:23347_SELECTION_GLOBAL_SOUM_2026-08-13 - 8:333,IA:E300:169,Projecteur D3-N,45.9
humain,23347_SELECTION_GLOBAL_SOUM_2026-08-13 - 8,E300,COUPLING,5030,5914,0.4991,0.8215,2674,3067,appariée,H:23347_SELECTION_GLOBAL_SOUM_2026-08-13 - 8:334,IA:E300:30,Enseigne sortie U1,26.8
humain,23347_SELECTION_GLOBAL_SOUM_2026-08-13 - 8,E300,COUPLING,4329,5915,0.4295,0.8216,2328,3068,manquante IA,H:23347_SELECTION_GLOBAL_SOUM_2026-08-13 - 8:335,,,
humain,23347_SELECTION_GLOBAL_SOUM_2026-08-13 - 8,E300,COUPLING,3607,5275,0.3579,0.7327,1972,2754,manquante IA,H:23347_SELECTION_GLOBAL_SOUM_2026-08-13 - 8:336,,,
humain,23347_SELECTION_GLOBAL_SOUM_2026-08-13 - 8,E300,COUPLING,2929,5267,0.2906,0.7316,1637,2751,appariée,H:23347_SELECTION_GLOBAL_SOUM_2026-08-13 - 8:337,IA:E300:260,Projecteur D4-N,23.6
humain,23347_SELECTION_GLOBAL_SOUM_2026-08-13 - 8,E300,FIXTURE TYPE D3-NT1,5995,4631,0.5948,0.6433,3151,2439,appariée,H:23347_SELECTION_GLOBAL_SOUM_2026-08-13 - 8:338,IA:E300:276,Projecteur D4-NT1,26.3
humain,23347_SELECTION_GLOBAL_SOUM_2026-08-13 - 8,E300,FIXTURE TYPE D3-NT1,5998,4430,0.5951,0.6154,3153,2341,appariée,H:23347_SELECTION_GLOBAL_SOUM_2026-08-13 - 8:339,IA:E300:277,Projecteur D4-NT1,23.4
humain,23347_SELECTION_GLOBAL_SOUM_2026-08-13 - 8,E300,FIXTURE TYPE D3-NT1,5994,4841,0.5947,0.6725,3151,2542,appariée,H:23347_SELECTION_GLOBAL_SOUM_2026-08-13 - 8:340,IA:E300:275,Projecteur D4-NT1,24.8
humain,23347_SELECTION_GLOBAL_SOUM_2026-08-13 - 8,E300,FIXTURE TYPE D3-NT1,5999,5045,0.5952,0.7008,3153,2642,appariée,H:23347_SELECTION_GLOBAL_SOUM_2026-08-13 - 8:341,IA:E300:274,Projecteur D4-NT1,25.1
humain,23347_SELECTION_GLOBAL_SOUM_2026-08-13 - 8,E300,FIXTURE TYPE D3-NT1,5991,5245,0.5944,0.7286,3149,2740,appariée,H:23347_SELECTION_GLOBAL_SOUM_2026-08-13 - 8:342,IA:E300:273,Projecteur D4-NT1,29.3
humain,23347_SELECTION_GLOBAL_SOUM_2026-08-13 - 8,E300,FIXTURE TYPE D3-NT1,5992,5454,0.5945,0.7576,3150,2842,appariée,H:23347_SELECTION_GLOBAL_SOUM_2026-08-13 - 8:343,IA:E300:308,Rail R12-NS,32.2
humain,23347_SELECTION_GLOBAL_SOUM_2026-08-13 - 8,E300,WSXA,1814,5967,0.1800,0.8289,1086,3093,appariée,H:23347_SELECTION_GLOBAL_SOUM_2026-08-13 - 8:344,IA:E300:23,Détecteur WSXA,13.8
humain,23347_SELECTION_GLOBAL_SOUM_2026-08-13 - 8,E300,WSXA,2300,6011,0.2282,0.8350,1326,3115,appariée,H:23347_SELECTION_GLOBAL_SOUM_2026-08-13 - 8:345,IA:E300:22,Détecteur WSXA,5.7
humain,23347_SELECTION_GLOBAL_SOUM_2026-08-13 - 8,E300,WSXA,2068,6311,0.2052,0.8766,1211,3262,appariée,H:23347_SELECTION_GLOBAL_SOUM_2026-08-13 - 8:346,IA:E300:21,Détecteur WSXA,11.8
humain,23347_SELECTION_GLOBAL_SOUM_2026-08-13 - 8,E300,WSXA,1167,1004,0.1158,0.1395,766,664,appariée,H:23347_SELECTION_GLOBAL_SOUM_2026-08-13 - 8:347,IA:E300:20,Détecteur WSXA,23.0
humain,23347_SELECTION_GLOBAL_SOUM_2026-08-13 - 8,E300,WSXA-G,3181,6311,0.3156,0.8766,1761,3262,appariée,H:23347_SELECTION_GLOBAL_SOUM_2026-08-13 - 8:348,IA:E300:26,Détecteur WSXA-G,9.7
humain,23347_SELECTION_GLOBAL_SOUM_2026-08-13 - 8,E300,WSXA-G,2051,5963,0.2035,0.8283,1203,3091,manquante IA,H:23347_SELECTION_GLOBAL_SOUM_2026-08-13 - 8:349,,,
humain,23347_SELECTION_GLOBAL_SOUM_2026-08-13 - 8,E300,WSXA-G,1420,5802,0.1409,0.8059,891,3012,appariée,H:23347_SELECTION_GLOBAL_SOUM_2026-08-13 - 8:350,IA:E300:25,Détecteur WSXA-G,4.0
humain,23347_SELECTION_GLOBAL_SOUM_2026-08-13 - 8,E300,NPOD,3178,6348,0.3153,0.8818,1760,3280,appariée,H:23347_SELECTION_GLOBAL_SOUM_2026-08-13 - 8:351,IA:E300:17,Contrôleur NPOD,9.8
humain,23347_SELECTION_GLOBAL_SOUM_2026-08-13 - 8,E300,NPODMA,2374,4636,0.2355,0.6440,1362,2442,appariée,H:23347_SELECTION_GLOBAL_SOUM_2026-08-13 - 8:352,IA:E300:45,Interrupteur NPODMA,59.2
humain,23347_SELECTION_GLOBAL_SOUM_2026-08-13 - 8,E300,T,2261,5806,0.2243,0.8065,1307,3014,manquante IA,H:23347_SELECTION_GLOBAL_SOUM_2026-08-13 - 8:353,,,
humain,23347_SELECTION_GLOBAL_SOUM_2026-08-13 - 8,E300,TH,2177,6264,0.2160,0.8701,1265,3239,appariée,H:23347_SELECTION_GLOBAL_SOUM_2026-08-13 - 8:354,IA:E300:19,Détecteur WSXA,67.9
humain,23347_SELECTION_GLOBAL_SOUM_2026-08-13 - 9,E300,CANTRUSS 60po,6189,2522,0.6140,0.3503,3222,1474,exclue (doublon),H:23347_SELECTION_GLOBAL_SOUM_2026-08-13 - 9:1,H:23347_SELECTION_GLOBAL_SOUM_2026-08-13 - 8:83,,
humain,23347_SELECTION_GLOBAL_SOUM_2026-08-13 - 9,E300,CANTRUSS 60po,4298,1785,0.4264,0.2480,2364,1115,exclue (doublon),H:23347_SELECTION_GLOBAL_SOUM_2026-08-13 - 9:2,H:23347_SELECTION_GLOBAL_SOUM_2026-08-13 - 8:284,,
humain,23347_SELECTION_GLOBAL_SOUM_2026-08-13 - 9,E300,CANTRUSS 60po,3429,2644,0.3402,0.3673,1970,1533,exclue (doublon),H:23347_SELECTION_GLOBAL_SOUM_2026-08-13 - 9:3,H:23347_SELECTION_GLOBAL_SOUM_2026-08-13 - 8:190,,
humain,23347_SELECTION_GLOBAL_SOUM_2026-08-13 - 9,E300,CANTRUSS 60po,3311,3903,0.3285,0.5422,1917,2147,exclue (doublon),H:23347_SELECTION_GLOBAL_SOUM_2026-08-13 - 9:4,H:23347_SELECTION_GLOBAL_SOUM_2026-08-13 - 8:298,,
humain,23347_SELECTION_GLOBAL_SOUM_2026-08-13 - 9,E300,CANTRUSS 60po,4366,4042,0.4332,0.5615,2395,2215,exclue (doublon),H:23347_SELECTION_GLOBAL_SOUM_2026-08-13 - 9:5,H:23347_SELECTION_GLOBAL_SOUM_2026-08-13 - 8:296,,
humain,23347_SELECTION_GLOBAL_SOUM_2026-08-13 - 9,E300,CANTRUSS 60po,5561,3972,0.5517,0.5517,2937,2180,exclue (doublon),H:23347_SELECTION_GLOBAL_SOUM_2026-08-13 - 9:6,H:23347_SELECTION_GLOBAL_SOUM_2026-08-13 - 8:297,,
humain,23347_SELECTION_GLOBAL_SOUM_2026-08-13 - 9,E300,CANTRUSS 60po,6185,3629,0.6137,0.5041,3220,2013,exclue (doublon),H:23347_SELECTION_GLOBAL_SOUM_2026-08-13 - 9:7,H:23347_SELECTION_GLOBAL_SOUM_2026-08-13 - 8:86,,
humain,23347_SELECTION_GLOBAL_SOUM_2026-08-13 - 9,E300,CANTRUSS 60po,2744,5277,0.2722,0.7330,1659,2816,exclue (doublon),H:23347_SELECTION_GLOBAL_SOUM_2026-08-13 - 9:8,H:23347_SELECTION_GLOBAL_SOUM_2026-08-13 - 8:126,,
humain,26-0108-02_ELECTRICITE_POUR SOUMISSION-page-00006,E103,DP1,4272,3434,,,,,manquante IA,H:26-0108-02_ELECTRICITE_POUR SOUMISSION-page-00006:1,,,
humain,26-0108-02_ELECTRICITE_POUR SOUMISSION-page-00006,E103,DP1,3550,3570,,,,,manquante IA,H:26-0108-02_ELECTRICITE_POUR SOUMISSION-page-00006:2,,,
humain,26-0108-02_ELECTRICITE_POUR SOUMISSION-page-00006,E103,DP1,3438,3567,,,,,manquante IA,H:26-0108-02_ELECTRICITE_POUR SOUMISSION-page-00006:3,,,
humain,26-0108-02_ELECTRICITE_POUR SOUMISSION-page-00006,E103,DP1,3544,4777,,,,,manquante IA,H:26-0108-02_ELECTRICITE_POUR SOUMISSION-page-00006:4,,,
humain,26-0108-02_ELECTRICITE_POUR SOUMISSION-page-00006,E103,DP1,2793,4398,,,,,manquante IA,H:26-0108-02_ELECTRICITE_POUR SOUMISSION-page-00006:5,,,
humain,26-0108-02_ELECTRICITE_POUR SOUMISSION-page-00006,E103,DP1,2460,4016,,,,,manquante IA,H:26-0108-02_ELECTRICITE_POUR SOUMISSION-page-00006:6,,,
humain,26-0108-02_ELECTRICITE_POUR SOUMISSION-page-00006,E103,DP1,4262,4103,,,,,manquante IA,H:26-0108-02_ELECTRICITE_POUR SOUMISSION-page-00006:7,,,
humain,26-0108-02_ELECTRICITE_POUR SOUMISSION-page-00006,E103,DP1,4071,4731,,,,,manquante IA,H:26-0108-02_ELECTRICITE_POUR SOUMISSION-page-00006:8,,,
humain,26-0108-02_ELECTRICITE_POUR SOUMISSION-page-00006,E103,DP2,3491,4525,,,,,manquante IA,H:26-0108-02_ELECTRICITE_POUR SOUMISSION-page-00006:9,,,
humain,26-0108-02_ELECTRICITE_POUR SOUMISSION-page-00006,E103,DP2,4079,3780,,,,,manquante IA,H:26-0108-02_ELECTRICITE_POUR SOUMISSION-page-00006:10,,,
humain,26-0108-02_ELECTRICITE_POUR SOUMISSION-page-00006,E103,DP2,3540,4868,,,,,manquante IA,H:26-0108-02_ELECTRICITE_POUR SOUMISSION-page-00006:11,,,
humain,26-0108-02_ELECTRICITE_POUR SOUMISSION-page-00006,E103,DP2,3033,3700,,,,,manquante IA,H:26-0108-02_ELECTRICITE_POUR SOUMISSION-page-00006:12,,,
humain,26-0108-02_ELECTRICITE_POUR SOUMISSION-page-00006,E103,PP1,4243,4266,,,,,manquante IA,H:26-0108-02_ELECTRICITE_POUR SOUMISSION-page-00006:13,,,
humain,26-0108-02_ELECTRICITE_POUR SOUMISSION-page-00006,E103,PP1,2803,3622,,,,,manquante IA,H:26-0108-02_ELECTRICITE_POUR SOUMISSION-page-00006:14,,,
humain,26-0108-02_ELECTRICITE_POUR SOUMISSION-page-00006,E103,S04,2126,2601,,,,,manquante IA,H:26-0108-02_ELECTRICITE_POUR SOUMISSION-page-00006:15,,,
humain,26-0108-02_ELECTRICITE_POUR SOUMISSION-page-00006,E103,S04,2627,4737,,,,,manquante IA,H:26-0108-02_ELECTRICITE_POUR SOUMISSION-page-00006:16,,,
humain,26-0108-02_ELECTRICITE_POUR SOUMISSION-page-00006,E103,S04,2527,4865,,,,,manquante IA,H:26-0108-02_ELECTRICITE_POUR SOUMISSION-page-00006:17,,,
humain,26-0108-02_ELECTRICITE_POUR SOUMISSION-page-00006,E103,S04,2411,4723,,,,,manquante IA,H:26-0108-02_ELECTRICITE_POUR SOUMISSION-page-00006:18,,,
humain,26-0108-02_ELECTRICITE_POUR SOUMISSION-page-00006,E103,S03,2956,4781,,,,,manquante IA,H:26-0108-02_ELECTRICITE_POUR SOUMISSION-page-00006:19,,,
humain,26-0108-02_ELECTRICITE_POUR SOUMISSION-page-00006,E103,S03,2240,4650,,,,,manquante IA,H:26-0108-02_ELECTRICITE_POUR SOUMISSION-page-00006:20,,,
humain,26-0108-02_ELECTRICITE_POUR SOUMISSION-page-00006,E103,SW1,2668,4157,,,,,manquante IA,H:26-0108-02_ELECTRICITE_POUR SOUMISSION-page-00006:21,,,
humain,26-0108-02_ELECTRICITE_POUR SOUMISSION-page-00006,E103,SW1,2094,4223,,,,,manquante IA,H:26-0108-02_ELECTRICITE_POUR SOUMISSION-page-00006:22,,,
humain,26-0108-02_ELECTRICITE_POUR SOUMISSION-page-00006,E103,SW6,2971,4864,,,,,manquante IA,H:26-0108-02_ELECTRICITE_POUR SOUMISSION-page-00006:23,,,
ia,23347_SELECTION_GLOBAL_SOUM_2026-08-13 - 5,E200,BX 4 pi — à confirmer,1409,2658,0.2475,0.6223,1409,2658,en trop IA,IA:E200:1,,,
ia,23347_SELECTION_GLOBAL_SOUM_2026-08-13 - 5,E200,Contrôle de volume,1781,3279,0.3128,0.7677,1781,3279,en trop IA,IA:E200:2,,,
ia,23347_SELECTION_GLOBAL_SOUM_2026-08-13 - 5,E200,Démarreur manuel,1167,3193,0.2050,0.7476,1167,3193,en trop IA,IA:E200:3,,,
ia,23347_SELECTION_GLOBAL_SOUM_2026-08-13 - 5,E200,Minuterie évacuation,695,626,0.1221,0.1466,695,626,en trop IA,IA:E200:4,,,
ia,23347_SELECTION_GLOBAL_SOUM_2026-08-13 - 5,E200,Plinthe électrique,3289,2783,0.5776,0.6516,3289,2783,en trop IA,IA:E200:5,,,
ia,23347_SELECTION_GLOBAL_SOUM_2026-08-13 - 5,E200,Plinthe électrique,1926,3376,0.3383,0.7904,1926,3376,en trop IA,IA:E200:6,,,
ia,23347_SELECTION_GLOBAL_SOUM_2026-08-13 - 5,E200,Plinthe électrique,2139,3376,0.3757,0.7904,2139,3376,en trop IA,IA:E200:7,,,
ia,23347_SELECTION_GLOBAL_SOUM_2026-08-13 - 5,E200,Plinthe électrique,2575,3376,0.4522,0.7904,2575,3376,en trop IA,IA:E200:8,,,
ia,23347_SELECTION_GLOBAL_SOUM_2026-08-13 - 5,E200,Plinthe électrique,2743,3376,0.4817,0.7904,2743,3376,en trop IA,IA:E200:9,,,
ia,23347_SELECTION_GLOBAL_SOUM_2026-08-13 - 5,E200,Prise 30A L5-30R (UPS),1470,2244,0.2582,0.5254,1470,2244,appariée,IA:E200:10,H:23347_SELECTION_GLOBAL_SOUM_2026-08-13 - 5:26,prise contrler np,5.1
ia,23347_SELECTION_GLOBAL_SOUM_2026-08-13 - 5,E200,Prise duplex 15A,1523,1775,0.2675,0.4156,1523,1775,appariée,IA:E200:11,H:23347_SELECTION_GLOBAL_SOUM_2026-08-13 - 5:5,prise,2.4
ia,23347_SELECTION_GLOBAL_SOUM_2026-08-13 - 5,E200,Prise duplex 15A,1523,1850,0.2675,0.4332,1523,1850,appariée,IA:E200:12,H:23347_SELECTION_GLOBAL_SOUM_2026-08-13 - 5:6,prise,8.7
ia,23347_SELECTION_GLOBAL_SOUM_2026-08-13 - 5,E200,Prise duplex 15A,714,2824,0.1254,0.6612,714,2824,appariée,IA:E200:13,H:23347_SELECTION_GLOBAL_SOUM_2026-08-13 - 5:12,prise,15.4
ia,23347_SELECTION_GLOBAL_SOUM_2026-08-13 - 5,E200,Prise duplex 15A,1478,2206,0.2596,0.5165,1478,2206,appariée,IA:E200:14,H:23347_SELECTION_GLOBAL_SOUM_2026-08-13 - 5:13,prise,4.6
ia,23347_SELECTION_GLOBAL_SOUM_2026-08-13 - 5,E200,Prise duplex 15A,2145,976,0.3767,0.2285,2145,976,appariée,IA:E200:15,H:23347_SELECTION_GLOBAL_SOUM_2026-08-13 - 5:18,prise,5.4
ia,23347_SELECTION_GLOBAL_SOUM_2026-08-13 - 5,E200,Prise duplex 15A,2264,976,0.3976,0.2285,2264,976,appariée,IA:E200:16,H:23347_SELECTION_GLOBAL_SOUM_2026-08-13 - 5:19,prise,2.2
ia,23347_SELECTION_GLOBAL_SOUM_2026-08-13 - 5,E200,Prise duplex 15A,2383,976,0.4185,0.2285,2383,976,appariée,IA:E200:17,H:23347_SELECTION_GLOBAL_SOUM_2026-08-13 - 5:20,prise,2.6
ia,23347_SELECTION_GLOBAL_SOUM_2026-08-13 - 5,E200,Prise duplex 15A,2496,976,0.4384,0.2285,2496,976,appariée,IA:E200:18,H:23347_SELECTION_GLOBAL_SOUM_2026-08-13 - 5:21,prise,4.0
ia,23347_SELECTION_GLOBAL_SOUM_2026-08-13 - 5,E200,Prise duplex 15A,2574,976,0.4521,0.2285,2574,976,appariée,IA:E200:19,H:23347_SELECTION_GLOBAL_SOUM_2026-08-13 - 5:22,prise,1.1
ia,23347_SELECTION_GLOBAL_SOUM_2026-08-13 - 5,E200,Prise duplex 15A,3277,2262,0.5755,0.5296,3277,2262,appariée,IA:E200:20,H:23347_SELECTION_GLOBAL_SOUM_2026-08-13 - 5:1,prise,6.8
ia,23347_SELECTION_GLOBAL_SOUM_2026-08-13 - 5,E200,Prise duplex 15A,3277,2600,0.5755,0.6088,3277,2600,appariée,IA:E200:21,H:23347_SELECTION_GLOBAL_SOUM_2026-08-13 - 5:2,prise,6.9
ia,23347_SELECTION_GLOBAL_SOUM_2026-08-13 - 5,E200,Prise duplex 15A,1536,3088,0.2698,0.7230,1536,3088,appariée,IA:E200:22,H:23347_SELECTION_GLOBAL_SOUM_2026-08-13 - 5:10,prise,5.6
ia,23347_SELECTION_GLOBAL_SOUM_2026-08-13 - 5,E200,Prise duplex 15A,1755,3088,0.3082,0.7230,1755,3088,appariée,IA:E200:23,H:23347_SELECTION_GLOBAL_SOUM_2026-08-13 - 5:7,prise,3.9
ia,23347_SELECTION_GLOBAL_SOUM_2026-08-13 - 5,E200,Prise duplex 15A,1816,3055,0.3189,0.7153,1816,3055,appariée,IA:E200:24,H:23347_SELECTION_GLOBAL_SOUM_2026-08-13 - 5:8,prise,7.0
ia,23347_SELECTION_GLOBAL_SOUM_2026-08-13 - 5,E200,Prise duplex 15A,1873,3089,0.3289,0.7232,1873,3089,appariée,IA:E200:25,H:23347_SELECTION_GLOBAL_SOUM_2026-08-13 - 5:9,prise,3.0
ia,23347_SELECTION_GLOBAL_SOUM_2026-08-13 - 5,E200,Prise duplex 15A,1575,3369,0.2766,0.7888,1575,3369,appariée,IA:E200:26,H:23347_SELECTION_GLOBAL_SOUM_2026-08-13 - 5:11,prise,5.8
ia,23347_SELECTION_GLOBAL_SOUM_2026-08-13 - 5,E200,Prise duplex BX caisse,1803,1254,0.3166,0.2936,1803,1254,appariée,IA:E200:27,H:23347_SELECTION_GLOBAL_SOUM_2026-08-13 - 5:24,prise contrler np,0.8
ia,23347_SELECTION_GLOBAL_SOUM_2026-08-13 - 5,E200,Prise duplex BX caisse,1826,1254,0.3207,0.2936,1826,1254,appariée,IA:E200:28,H:23347_SELECTION_GLOBAL_SOUM_2026-08-13 - 5:4,prise,5.2
ia,23347_SELECTION_GLOBAL_SOUM_2026-08-13 - 5,E200,Prise duplex BX caisse,2386,1249,0.4190,0.2924,2386,1249,appariée,IA:E200:29,H:23347_SELECTION_GLOBAL_SOUM_2026-08-13 - 5:3,prise,1.9
ia,23347_SELECTION_GLOBAL_SOUM_2026-08-13 - 5,E200,Prise duplex BX caisse,2130,3200,0.3741,0.7492,2130,3200,appariée,IA:E200:30,H:23347_SELECTION_GLOBAL_SOUM_2026-08-13 - 5:30,prise contrler np,1.4
ia,23347_SELECTION_GLOBAL_SOUM_2026-08-13 - 5,E200,Prise duplex BX caisse,2150,3200,0.3776,0.7492,2150,3200,appariée,IA:E200:31,H:23347_SELECTION_GLOBAL_SOUM_2026-08-13 - 5:29,prise contrler np,2.3
ia,23347_SELECTION_GLOBAL_SOUM_2026-08-13 - 5,E200,Prise duplex BX caisse,2285,3200,0.4013,0.7492,2285,3200,appariée,IA:E200:32,H:23347_SELECTION_GLOBAL_SOUM_2026-08-13 - 5:31,prise contrler np,4.1
ia,23347_SELECTION_GLOBAL_SOUM_2026-08-13 - 5,E200,Prise duplex BX caisse,2305,3200,0.4048,0.7492,2305,3200,appariée,IA:E200:33,H:23347_SELECTION_GLOBAL_SOUM_2026-08-13 - 5:32,prise contrler np,7.0
ia,23347_SELECTION_GLOBAL_SOUM_2026-08-13 - 5,E200,Prise duplex BX caisse,2537,3200,0.4456,0.7492,2537,3200,appariée,IA:E200:34,H:23347_SELECTION_GLOBAL_SOUM_2026-08-13 - 5:33,prise contrler np,7.8
ia,23347_SELECTION_GLOBAL_SOUM_2026-08-13 - 5,E200,Prise duplex BX caisse,2559,3200,0.4494,0.7492,2559,3200,appariée,IA:E200:35,H:23347_SELECTION_GLOBAL_SOUM_2026-08-13 - 5:34,prise contrler np,1.9
ia,23347_SELECTION_GLOBAL_SOUM_2026-08-13 - 5,E200,Prise duplex BX caisse,2694,3200,0.4731,0.7492,2694,3200,appariée,IA:E200:36,H:23347_SELECTION_GLOBAL_SOUM_2026-08-13 - 5:35,prise contrler np,1.1
ia,23347_SELECTION_GLOBAL_SOUM_2026-08-13 - 5,E200,Prise duplex BX caisse,2715,3200,0.4768,0.7492,2715,3200,appariée,IA:E200:37,H:23347_SELECTION_GLOBAL_SOUM_2026-08-13 - 5:36,prise contrler np,7.7
ia,23347_SELECTION_GLOBAL_SOUM_2026-08-13 - 5,E200,Prise duplex affleurement plancher,3025,2457,0.5313,0.5753,3025,2457,appariée,IA:E200:38,H:23347_SELECTION_GLOBAL_SOUM_2026-08-13 - 5:55,SN,1.7
ia,23347_SELECTION_GLOBAL_SOUM_2026-08-13 - 5,E200,Prise duplex circuit indépendant,1523,1753,0.2675,0.4104,1523,1753,appariée,IA:E200:39,H:23347_SELECTION_GLOBAL_SOUM_2026-08-13 - 5:25,prise contrler np,1.3
ia,23347_SELECTION_GLOBAL_SOUM_2026-08-13 - 5,E200,Prise duplex circuit indépendant,793,2824,0.1393,0.6612,793,2824,appariée,IA:E200:40,H:23347_SELECTION_GLOBAL_SOUM_2026-08-13 - 5:37,prise contrler np,9.8
ia,23347_SELECTION_GLOBAL_SOUM_2026-08-13 - 5,E200,Prise duplex circuit indépendant,1513,3088,0.2657,0.7230,1513,3088,appariée,IA:E200:41,H:23347_SELECTION_GLOBAL_SOUM_2026-08-13 - 5:27,prise contrler np,2.8
ia,23347_SELECTION_GLOBAL_SOUM_2026-08-13 - 5,E200,Prise duplex circuit indépendant,1732,3088,0.3042,0.7230,1732,3088,appariée,IA:E200:42,H:23347_SELECTION_GLOBAL_SOUM_2026-08-13 - 5:28,prise contrler np,3.8
ia,23347_SELECTION_GLOBAL_SOUM_2026-08-13 - 5,E200,Prise existante relocalisée,2402,1771,0.4218,0.4147,2402,1771,appariée,IA:E200:43,H:23347_SELECTION_GLOBAL_SOUM_2026-08-13 - 5:17,prise,3.8
ia,23347_SELECTION_GLOBAL_SOUM_2026-08-13 - 5,E200,Prise existante relocalisée,3282,2920,0.5764,0.6837,3282,2920,appariée,IA:E200:44,H:23347_SELECTION_GLOBAL_SOUM_2026-08-13 - 5:23,prise,5.1
ia,23347_SELECTION_GLOBAL_SOUM_2026-08-13 - 5,E200,Prise existante relocalisée,2633,3358,0.4624,0.7862,2633,3358,appariée,IA:E200:45,H:23347_SELECTION_GLOBAL_SOUM_2026-08-13 - 5:14,prise,13.8
ia,23347_SELECTION_GLOBAL_SOUM_2026-08-13 - 5,E200,Prise existante relocalisée,2033,3361,0.3570,0.7869,2033,3361,appariée,IA:E200:46,H:23347_SELECTION_GLOBAL_SOUM_2026-08-13 - 5:16,prise,8.8
ia,23347_SELECTION_GLOBAL_SOUM_2026-08-13 - 5,E200,Raccordement boîte à volume BV-01,1733,3149,0.3044,0.7373,1733,3149,en trop IA,IA:E200:47,,,
ia,23347_SELECTION_GLOBAL_SOUM_2026-08-13 - 5,E200,Raccordement chauffe-eau CE-1,1106,3134,0.1942,0.7338,1106,3134,en trop IA,IA:E200:48,,,
ia,23347_SELECTION_GLOBAL_SOUM_2026-08-13 - 5,E200,Raccordement pompe PR-1,1163,3172,0.2043,0.7427,1163,3172,en trop IA,IA:E200:49,,,
ia,23347_SELECTION_GLOBAL_SOUM_2026-08-13 - 5,E200,Raccordement serpentin SE,840,2953,0.1475,0.6914,840,2953,en trop IA,IA:E200:50,,,
ia,23347_SELECTION_GLOBAL_SOUM_2026-08-13 - 5,E200,Raccordement serpentin SE,1728,3210,0.3035,0.7516,1728,3210,en trop IA,IA:E200:51,,,
ia,23347_SELECTION_GLOBAL_SOUM_2026-08-13 - 5,E200,Raccordement ventilateur VE-01 — à confirmer,745,661,0.1308,0.1548,745,661,en trop IA,IA:E200:52,,,
ia,23347_SELECTION_GLOBAL_SOUM_2026-08-13 - 5,E200,Raccordement volet motorisé,1211,3030,0.2127,0.7094,1211,3030,en trop IA,IA:E200:53,,,
ia,23347_SELECTION_GLOBAL_SOUM_2026-08-13 - 5,E200,Relais basse tension CVC,671,2954,0.1178,0.6916,671,2954,en trop IA,IA:E200:54,,,
ia,23347_SELECTION_GLOBAL_SOUM_2026-08-13 - 5,E200,Relais basse tension CVC,1488,3175,0.2613,0.7434,1488,3175,en trop IA,IA:E200:55,,,
ia,23347_SELECTION_GLOBAL_SOUM_2026-08-13 - 5,E200,Relais basse tension CVC,2233,3365,0.3922,0.7879,2233,3365,en trop IA,IA:E200:56,,,
ia,23347_SELECTION_GLOBAL_SOUM_2026-08-13 - 5,E200,Relais basse tension CVC,3277,2671,0.5755,0.6254,3277,2671,en trop IA,IA:E200:57,,,
ia,23347_SELECTION_GLOBAL_SOUM_2026-08-13 - 5,E200,Sortie conduit dalle télécom,1814,1224,0.3186,0.2866,1814,1224,appariée,IA:E200:58,H:23347_SELECTION_GLOBAL_SOUM_2026-08-13 - 5:45,INFORMATIQUE,2.7
ia,23347_SELECTION_GLOBAL_SOUM_2026-08-13 - 5,E200,Sortie conduit dalle télécom,2139,3228,0.3757,0.7558,2139,3228,appariée,IA:E200:59,H:23347_SELECTION_GLOBAL_SOUM_2026-08-13 - 5:49,INFORMATIQUE,2.5
ia,23347_SELECTION_GLOBAL_SOUM_2026-08-13 - 5,E200,Sortie conduit dalle télécom,2295,3228,0.4031,0.7558,2295,3228,appariée,IA:E200:60,H:23347_SELECTION_GLOBAL_SOUM_2026-08-13 - 5:50,INFORMATIQUE,1.4
ia,23347_SELECTION_GLOBAL_SOUM_2026-08-13 - 5,E200,Sortie conduit dalle télécom,2549,3226,0.4477,0.7553,2549,3226,appariée,IA:E200:61,H:23347_SELECTION_GLOBAL_SOUM_2026-08-13 - 5:51,INFORMATIQUE,2.3
ia,23347_SELECTION_GLOBAL_SOUM_2026-08-13 - 5,E200,Sortie conduit dalle télécom,2704,3226,0.4749,0.7553,2704,3226,appariée,IA:E200:62,H:23347_SELECTION_GLOBAL_SOUM_2026-08-13 - 5:52,INFORMATIQUE,4.8
ia,23347_SELECTION_GLOBAL_SOUM_2026-08-13 - 5,E200,Sortie haut-parleur,1845,3089,0.3240,0.7232,1845,3089,en trop IA,IA:E200:63,,,
ia,23347_SELECTION_GLOBAL_SOUM_2026-08-13 - 5,E200,Sortie télécom,1523,1794,0.2675,0.4200,1523,1794,appariée,IA:E200:64,H:23347_SELECTION_GLOBAL_SOUM_2026-08-13 - 5:54,INFORMATIQUE,5.0
ia,23347_SELECTION_GLOBAL_SOUM_2026-08-13 - 5,E200,Sortie télécom,775,2824,0.1361,0.6612,775,2824,appariée,IA:E200:65,H:23347_SELECTION_GLOBAL_SOUM_2026-08-13 - 5:53,INFORMATIQUE,11.1
ia,23347_SELECTION_GLOBAL_SOUM_2026-08-13 - 5,E200,Sortie télécom,1557,3088,0.2734,0.7230,1557,3088,appariée,IA:E200:66,H:23347_SELECTION_GLOBAL_SOUM_2026-08-13 - 5:47,INFORMATIQUE,6.3
ia,23347_SELECTION_GLOBAL_SOUM_2026-08-13 - 5,E200,Sortie télécom,1776,3088,0.3119,0.7230,1776,3088,appariée,IA:E200:67,H:23347_SELECTION_GLOBAL_SOUM_2026-08-13 - 5:46,INFORMATIQUE,3.7
ia,23347_SELECTION_GLOBAL_SOUM_2026-08-13 - 5,E200,Sortie télécom,1595,3369,0.2801,0.7888,1595,3369,appariée,IA:E200:68,H:23347_SELECTION_GLOBAL_SOUM_2026-08-13 - 5:48,INFORMATIQUE,7.4
ia,23347_SELECTION_GLOBAL_SOUM_2026-08-13 - 5,E200,Sortie télécom,819,651,0.1438,0.1524,819,651,en trop IA,IA:E200:69,,,
ia,23347_SELECTION_GLOBAL_SOUM_2026-08-13 - 5,E200,Symbole double cercle cyan — à classer,1442,2974,0.2532,0.6963,1442,2974,en trop IA,IA:E200:70,,,
ia,23347_SELECTION_GLOBAL_SOUM_2026-08-13 - 5,E200,Sèche-mains SM,1406,2991,0.2469,0.7003,1406,2991,appariée,IA:E200:71,H:23347_SELECTION_GLOBAL_SOUM_2026-08-13 - 5:56,SECHOIRE,19.5
ia,23347_SELECTION_GLOBAL_SOUM_2026-08-13 - 5,E200,Sèche-mains SM,1249,3366,0.2194,0.7881,1249,3366,appariée,IA:E200:72,H:23347_SELECTION_GLOBAL_SOUM_2026-08-13 - 5:57,SECHOIRE,12.8
ia,23347_SELECTION_GLOBAL_SOUM_2026-08-13 - 5,E200,Thermostat action inversée (raccordement),743,631,0.1305,0.1477,743,631,en trop IA,IA:E200:73,,,
ia,23347_SELECTION_GLOBAL_SOUM_2026-08-13 - 5,E200,Thermostat existant relocalisé,1783,3295,0.3131,0.7715,1783,3295,en trop IA,IA:E200:74,,,
ia,23347_SELECTION_GLOBAL_SOUM_2026-08-13 - 5,E200,Thermostat programmable (par CVAC),911,2982,0.1600,0.6982,911,2982,en trop IA,IA:E200:75,,,
ia,23347_SELECTION_GLOBAL_SOUM_2026-08-13 - 5,E200,Thermostat programmable (par CVAC),1763,3292,0.3096,0.7708,1763,3292,en trop IA,IA:E200:76,,,
ia,23347_SELECTION_GLOBAL_SOUM_2026-08-13 - 5,E200,Thermostat électricien,1053,3088,0.1849,0.7230,1053,3088,en trop IA,IA:E200:77,,,
ia,23347_SELECTION_GLOBAL_SOUM_2026-08-13 - 5,E200,Thermostat électricien,1359,2989,0.2387,0.6998,1359,2989,en trop IA,IA:E200:78,,,
ia,23347_SELECTION_GLOBAL_SOUM_2026-08-13 - 5,E200,Thermostat électricien,1173,3261,0.2060,0.7635,1173,3261,en trop IA,IA:E200:79,,,
ia,23347_SELECTION_GLOBAL_SOUM_2026-08-13 - 2,E200D,Démo appareil prises/services (E.D.),846,2806,0.1486,0.6570,846,2806,appariée,IA:E200D:1,H:23347_SELECTION_GLOBAL_SOUM_2026-08-13 - 2:52,PLINTHE RELO,44.3
ia,23347_SELECTION_GLOBAL_SOUM_2026-08-13 - 2,E200D,Démo appareil prises/services (E.D.),911,2805,0.1600,0.6568,911,2805,en trop IA,IA:E200D:2,,,
ia,23347_SELECTION_GLOBAL_SOUM_2026-08-13 - 2,E200D,Démo appareil prises/services (E.D.),752,2756,0.1321,0.6453,752,2756,appariée,IA:E200D:3,H:23347_SELECTION_GLOBAL_SOUM_2026-08-13 - 2:47,PRISE DEPLACER,29.1
ia,23347_SELECTION_GLOBAL_SOUM_2026-08-13 - 2,E200D,Démo appareil prises/services (E.D.),1115,3156,0.1958,0.7389,1115,3156,en trop IA,IA:E200D:4,,,
ia,23347_SELECTION_GLOBAL_SOUM_2026-08-13 - 2,E200D,Démo appareil prises/services (E.D.),1295,2929,0.2274,0.6858,1295,2929,en trop IA,IA:E200D:5,,,
ia,23347_SELECTION_GLOBAL_SOUM_2026-08-13 - 2,E200D,Démo appareil prises/services (E.D.),1328,2929,0.2332,0.6858,1328,2929,appariée,IA:E200D:6,H:23347_SELECTION_GLOBAL_SOUM_2026-08-13 - 2:25,PRISE DEPLACER,37.3
ia,23347_SELECTION_GLOBAL_SOUM_2026-08-13 - 2,E200D,Démo appareil prises/services (E.D.),1402,2860,0.2462,0.6696,1402,2860,en trop IA,IA:E200D:7,,,
ia,23347_SELECTION_GLOBAL_SOUM_2026-08-13 - 2,E200D,Démo appareil prises/services (E.D.),1402,2836,0.2462,0.6640,1402,2836,en trop IA,IA:E200D:8,,,
ia,23347_SELECTION_GLOBAL_SOUM_2026-08-13 - 2,E200D,Démo appareil prises/services (E.D.),1402,2811,0.2462,0.6582,1402,2811,en trop IA,IA:E200D:9,,,
ia,23347_SELECTION_GLOBAL_SOUM_2026-08-13 - 2,E200D,Démo appareil prises/services (E.D.),1402,2784,0.2462,0.6518,1402,2784,en trop IA,IA:E200D:10,,,
ia,23347_SELECTION_GLOBAL_SOUM_2026-08-13 - 2,E200D,Démo appareil prises/services (E.D.),1402,2743,0.2462,0.6422,1402,2743,en trop IA,IA:E200D:11,,,
ia,23347_SELECTION_GLOBAL_SOUM_2026-08-13 - 2,E200D,Démo appareil prises/services (E.D.),1402,2718,0.2462,0.6364,1402,2718,en trop IA,IA:E200D:12,,,
ia,23347_SELECTION_GLOBAL_SOUM_2026-08-13 - 2,E200D,Démo appareil prises/services (E.D.),1427,2671,0.2506,0.6254,1427,2671,en trop IA,IA:E200D:13,,,
ia,23347_SELECTION_GLOBAL_SOUM_2026-08-13 - 2,E200D,Démo appareil prises/services (E.D.),1290,2655,0.2266,0.6216,1290,2655,appariée,IA:E200D:14,H:23347_SELECTION_GLOBAL_SOUM_2026-08-13 - 2:49,PRISE DEPLACER,82.0
ia,23347_SELECTION_GLOBAL_SOUM_2026-08-13 - 2,E200D,Démo appareil prises/services (E.D.),1332,2599,0.2339,0.6085,1332,2599,appariée,IA:E200D:15,H:23347_SELECTION_GLOBAL_SOUM_2026-08-13 - 2:16,PRISE DEPLACER,38.5
ia,23347_SELECTION_GLOBAL_SOUM_2026-08-13 - 2,E200D,Démo appareil prises/services (E.D.),1121,2802,0.1969,0.6561,1121,2802,appariée,IA:E200D:16,H:23347_SELECTION_GLOBAL_SOUM_2026-08-13 - 2:48,PRISE DEPLACER,85.2
ia,23347_SELECTION_GLOBAL_SOUM_2026-08-13 - 2,E200D,Démo appareil prises/services (E.D.),1126,2668,0.1978,0.6247,1126,2668,en trop IA,IA:E200D:17,,,
ia,23347_SELECTION_GLOBAL_SOUM_2026-08-13 - 2,E200D,Démo appareil prises/services (E.D.),1523,2626,0.2675,0.6148,1523,2626,appariée,IA:E200D:18,H:23347_SELECTION_GLOBAL_SOUM_2026-08-13 - 2:14,PRISE DEPLACER,17.0
ia,23347_SELECTION_GLOBAL_SOUM_2026-08-13 - 2,E200D,Démo appareil prises/services (E.D.),1523,2651,0.2675,0.6207,1523,2651,appariée,IA:E200D:19,H:23347_SELECTION_GLOBAL_SOUM_2026-08-13 - 2:15,PRISE DEPLACER,16.8
ia,23347_SELECTION_GLOBAL_SOUM_2026-08-13 - 2,E200D,Démo appareil prises/services (E.D.),1523,2837,0.2675,0.6642,1523,2837,appariée,IA:E200D:20,H:23347_SELECTION_GLOBAL_SOUM_2026-08-13 - 2:17,PRISE DEPLACER,13.1
ia,23347_SELECTION_GLOBAL_SOUM_2026-08-13 - 2,E200D,Démo appareil prises/services (E.D.),1689,3005,0.2966,0.7036,1689,3005,appariée,IA:E200D:21,H:23347_SELECTION_GLOBAL_SOUM_2026-08-13 - 2:29,PRISE DEPLACER,47.1
ia,23347_SELECTION_GLOBAL_SOUM_2026-08-13 - 2,E200D,Démo appareil prises/services (E.D.),1509,3102,0.2650,0.7263,1509,3102,en trop IA,IA:E200D:22,,,
ia,23347_SELECTION_GLOBAL_SOUM_2026-08-13 - 2,E200D,Démo appareil prises/services (E.D.),1555,3102,0.2731,0.7263,1555,3102,appariée,IA:E200D:23,H:23347_SELECTION_GLOBAL_SOUM_2026-08-13 - 2:26,PRISE DEPLACER,19.0
ia,23347_SELECTION_GLOBAL_SOUM_2026-08-13 - 2,E200D,Démo appareil prises/services (E.D.),1589,3102,0.2791,0.7263,1589,3102,appariée,IA:E200D:24,H:23347_SELECTION_GLOBAL_SOUM_2026-08-13 - 2:27,PRISE DEPLACER,22.0
ia,23347_SELECTION_GLOBAL_SOUM_2026-08-13 - 2,E200D,Démo appareil prises/services (E.D.),1624,3102,0.2852,0.7263,1624,3102,appariée,IA:E200D:25,H:23347_SELECTION_GLOBAL_SOUM_2026-08-13 - 2:28,PRISE DEPLACER,45.6
ia,23347_SELECTION_GLOBAL_SOUM_2026-08-13 - 2,E200D,Démo appareil prises/services (E.D.),1862,3135,0.3270,0.7340,1862,3135,appariée,IA:E200D:26,H:23347_SELECTION_GLOBAL_SOUM_2026-08-13 - 2:30,PRISE DEPLACER,13.6
ia,23347_SELECTION_GLOBAL_SOUM_2026-08-13 - 2,E200D,Démo appareil prises/services (E.D.),2086,3135,0.3664,0.7340,2086,3135,appariée,IA:E200D:27,H:23347_SELECTION_GLOBAL_SOUM_2026-08-13 - 2:33,PRISE DEPLACER,12.1
ia,23347_SELECTION_GLOBAL_SOUM_2026-08-13 - 2,E200D,Démo appareil prises/services (E.D.),2269,3135,0.3985,0.7340,2269,3135,appariée,IA:E200D:28,H:23347_SELECTION_GLOBAL_SOUM_2026-08-13 - 2:35,PRISE DEPLACER,5.5
ia,23347_SELECTION_GLOBAL_SOUM_2026-08-13 - 2,E200D,Démo appareil prises/services (E.D.),1940,3365,0.3407,0.7879,1940,3365,en trop IA,IA:E200D:29,,,
ia,23347_SELECTION_GLOBAL_SOUM_2026-08-13 - 2,E200D,Démo appareil prises/services (E.D.),2465,3364,0.4329,0.7876,2465,3364,appariée,IA:E200D:30,H:23347_SELECTION_GLOBAL_SOUM_2026-08-13 - 2:51,PLINTHE RELO,78.3
ia,23347_SELECTION_GLOBAL_SOUM_2026-08-13 - 2,E200D,Démo appareil prises/services (E.D.),2493,3135,0.4378,0.7340,2493,3135,appariée,IA:E200D:31,H:23347_SELECTION_GLOBAL_SOUM_2026-08-13 - 2:37,PRISE DEPLACER,12.2
ia,23347_SELECTION_GLOBAL_SOUM_2026-08-13 - 2,E200D,Démo appareil prises/services (E.D.),2691,3135,0.4726,0.7340,2691,3135,appariée,IA:E200D:32,H:23347_SELECTION_GLOBAL_SOUM_2026-08-13 - 2:39,PRISE DEPLACER,16.7
ia,23347_SELECTION_GLOBAL_SOUM_2026-08-13 - 2,E200D,Démo appareil prises/services (E.D.),3268,2687,0.5739,0.6291,3268,2687,en trop IA,IA:E200D:33,,,
ia,23347_SELECTION_GLOBAL_SOUM_2026-08-13 - 2,E200D,Démo appareil prises/services (E.D.),3243,2621,0.5695,0.6137,3243,2621,appariée,IA:E200D:34,H:23347_SELECTION_GLOBAL_SOUM_2026-08-13 - 2:40,PRISE DEPLACER,18.3
ia,23347_SELECTION_GLOBAL_SOUM_2026-08-13 - 2,E200D,Démo appareil prises/services (E.D.),3243,2546,0.5695,0.5961,3243,2546,appariée,IA:E200D:35,H:23347_SELECTION_GLOBAL_SOUM_2026-08-13 - 2:41,PRISE DEPLACER,27.7
ia,23347_SELECTION_GLOBAL_SOUM_2026-08-13 - 2,E200D,Démo appareil prises/services (E.D.),2869,2533,0.5039,0.5931,2869,2533,en trop IA,IA:E200D:36,,,
ia,23347_SELECTION_GLOBAL_SOUM_2026-08-13 - 2,E200D,Démo appareil prises/services (E.D.),3239,2331,0.5688,0.5458,3239,2331,appariée,IA:E200D:37,H:23347_SELECTION_GLOBAL_SOUM_2026-08-13 - 2:42,PRISE DEPLACER,18.2
ia,23347_SELECTION_GLOBAL_SOUM_2026-08-13 - 2,E200D,Démo appareil prises/services (E.D.),3243,2170,0.5695,0.5081,3243,2170,appariée,IA:E200D:38,H:23347_SELECTION_GLOBAL_SOUM_2026-08-13 - 2:43,PRISE DEPLACER,28.7
ia,23347_SELECTION_GLOBAL_SOUM_2026-08-13 - 2,E200D,Démo appareil prises/services (E.D.),3243,1966,0.5695,0.4603,3243,1966,appariée,IA:E200D:39,H:23347_SELECTION_GLOBAL_SOUM_2026-08-13 - 2:44,PRISE DEPLACER,21.2
ia,23347_SELECTION_GLOBAL_SOUM_2026-08-13 - 2,E200D,Démo appareil prises/services (E.D.),3243,1808,0.5695,0.4233,3243,1808,appariée,IA:E200D:40,H:23347_SELECTION_GLOBAL_SOUM_2026-08-13 - 2:45,PRISE DEPLACER,36.0
ia,23347_SELECTION_GLOBAL_SOUM_2026-08-13 - 2,E200D,Démo appareil prises/services (E.D.),3243,1607,0.5695,0.3763,3243,1607,appariée,IA:E200D:41,H:23347_SELECTION_GLOBAL_SOUM_2026-08-13 - 2:5,PRISE DEPLACER,24.8
ia,23347_SELECTION_GLOBAL_SOUM_2026-08-13 - 2,E200D,Démo appareil prises/services (E.D.),3243,1482,0.5695,0.3470,3243,1482,en trop IA,IA:E200D:42,,,
ia,23347_SELECTION_GLOBAL_SOUM_2026-08-13 - 2,E200D,Démo appareil prises/services (E.D.),3243,1333,0.5695,0.3121,3243,1333,appariée,IA:E200D:43,H:23347_SELECTION_GLOBAL_SOUM_2026-08-13 - 2:4,PRISE DEPLACER,21.2
ia,23347_SELECTION_GLOBAL_SOUM_2026-08-13 - 2,E200D,Démo appareil prises/services (E.D.),3243,1205,0.5695,0.2821,3243,1205,en trop IA,IA:E200D:44,,,
ia,23347_SELECTION_GLOBAL_SOUM_2026-08-13 - 2,E200D,Démo appareil prises/services (E.D.),3243,1081,0.5695,0.2531,3243,1081,en trop IA,IA:E200D:45,,,
ia,23347_SELECTION_GLOBAL_SOUM_2026-08-13 - 2,E200D,Démo appareil prises/services (E.D.),3075,1004,0.5400,0.2351,3075,1004,en trop IA,IA:E200D:46,,,
ia,23347_SELECTION_GLOBAL_SOUM_2026-08-13 - 2,E200D,Démo appareil prises/services (E.D.),2941,987,0.5165,0.2311,2941,987,appariée,IA:E200D:47,H:23347_SELECTION_GLOBAL_SOUM_2026-08-13 - 2:3,PRISE DEPLACER,36.5
ia,23347_SELECTION_GLOBAL_SOUM_2026-08-13 - 2,E200D,Démo appareil prises/services (E.D.),2817,1005,0.4947,0.2353,2817,1005,en trop IA,IA:E200D:48,,,
ia,23347_SELECTION_GLOBAL_SOUM_2026-08-13 - 2,E200D,Démo appareil prises/services (E.D.),2674,1010,0.4696,0.2365,2674,1010,appariée,IA:E200D:49,H:23347_SELECTION_GLOBAL_SOUM_2026-08-13 - 2:2,PRISE DEPLACER,24.8
ia,23347_SELECTION_GLOBAL_SOUM_2026-08-13 - 2,E200D,Démo appareil prises/services (E.D.),2596,1010,0.4559,0.2365,2596,1010,en trop IA,IA:E200D:50,,,
ia,23347_SELECTION_GLOBAL_SOUM_2026-08-13 - 2,E200D,Démo appareil prises/services (E.D.),2535,1009,0.4452,0.2362,2535,1009,appariée,IA:E200D:51,H:23347_SELECTION_GLOBAL_SOUM_2026-08-13 - 2:1,PRISE DEPLACER,21.9
ia,23347_SELECTION_GLOBAL_SOUM_2026-08-13 - 2,E200D,Démo appareil prises/services (E.D.),2501,1009,0.4392,0.2362,2501,1009,en trop IA,IA:E200D:52,,,
ia,23347_SELECTION_GLOBAL_SOUM_2026-08-13 - 2,E200D,Démo appareil prises/services (E.D.),2472,1009,0.4341,0.2362,2472,1009,en trop IA,IA:E200D:53,,,
ia,23347_SELECTION_GLOBAL_SOUM_2026-08-13 - 2,E200D,Démo appareil prises/services (E.D.),2533,1051,0.4449,0.2461,2533,1051,en trop IA,IA:E200D:54,,,
ia,23347_SELECTION_GLOBAL_SOUM_2026-08-13 - 2,E200D,Démo appareil prises/services (E.D.),2387,1009,0.4192,0.2362,2387,1009,en trop IA,IA:E200D:55,,,
ia,23347_SELECTION_GLOBAL_SOUM_2026-08-13 - 2,E200D,Démo appareil prises/services (E.D.),2286,1009,0.4015,0.2362,2286,1009,en trop IA,IA:E200D:56,,,
ia,23347_SELECTION_GLOBAL_SOUM_2026-08-13 - 2,E200D,Démo appareil prises/services (E.D.),2150,1009,0.3776,0.2362,2150,1009,en trop IA,IA:E200D:57,,,
ia,23347_SELECTION_GLOBAL_SOUM_2026-08-13 - 2,E200D,Démo appareil prises/services (E.D.),2048,1009,0.3597,0.2362,2048,1009,en trop IA,IA:E200D:58,,,
ia,23347_SELECTION_GLOBAL_SOUM_2026-08-13 - 2,E200D,Démo appareil prises/services (E.D.),1913,1009,0.3360,0.2362,1913,1009,appariée,IA:E200D:59,H:23347_SELECTION_GLOBAL_SOUM_2026-08-13 - 2:6,PRISE DEPLACER,34.3
ia,23347_SELECTION_GLOBAL_SOUM_2026-08-13 - 2,E200D,Démo appareil prises/services (E.D.),1565,1541,0.2749,0.3608,1565,1541,appariée,IA:E200D:60,H:23347_SELECTION_GLOBAL_SOUM_2026-08-13 - 2:7,PRISE DEPLACER,11.0
ia,23347_SELECTION_GLOBAL_SOUM_2026-08-13 - 2,E200D,Démo appareil prises/services (E.D.),1565,1648,0.2749,0.3859,1565,1648,appariée,IA:E200D:61,H:23347_SELECTION_GLOBAL_SOUM_2026-08-13 - 2:8,PRISE DEPLACER,11.3
ia,23347_SELECTION_GLOBAL_SOUM_2026-08-13 - 2,E200D,Démo appareil prises/services (E.D.),1565,1767,0.2749,0.4137,1565,1767,appariée,IA:E200D:62,H:23347_SELECTION_GLOBAL_SOUM_2026-08-13 - 2:9,PRISE DEPLACER,10.2
ia,23347_SELECTION_GLOBAL_SOUM_2026-08-13 - 2,E200D,Démo appareil prises/services (E.D.),1565,1885,0.2749,0.4413,1565,1885,appariée,IA:E200D:63,H:23347_SELECTION_GLOBAL_SOUM_2026-08-13 - 2:11,PRISE DEPLACER,10.6
ia,23347_SELECTION_GLOBAL_SOUM_2026-08-13 - 2,E200D,Démo appareil prises/services (E.D.),1565,1997,0.2749,0.4676,1565,1997,appariée,IA:E200D:64,H:23347_SELECTION_GLOBAL_SOUM_2026-08-13 - 2:10,PRISE DEPLACER,12.6
ia,23347_SELECTION_GLOBAL_SOUM_2026-08-13 - 2,E200D,Démo appareil prises/services (E.D.),1611,2190,0.2829,0.5128,1611,2190,appariée,IA:E200D:65,H:23347_SELECTION_GLOBAL_SOUM_2026-08-13 - 2:12,PRISE DEPLACER,10.7
ia,23347_SELECTION_GLOBAL_SOUM_2026-08-13 - 2,E200D,Démo appareil prises/services (E.D.),1579,1796,0.2773,0.4205,1579,1796,en trop IA,IA:E200D:66,,,
ia,23347_SELECTION_GLOBAL_SOUM_2026-08-13 - 2,E200D,Démo appareil prises/services (E.D.),1568,2415,0.2754,0.5654,1568,2415,appariée,IA:E200D:67,H:23347_SELECTION_GLOBAL_SOUM_2026-08-13 - 2:13,PRISE DEPLACER,8.4
ia,23347_SELECTION_GLOBAL_SOUM_2026-08-13 - 2,E200D,Démo appareil prises/services (E.D.),1778,2970,0.3123,0.6954,1778,2970,en trop IA,IA:E200D:68,,,
ia,23347_SELECTION_GLOBAL_SOUM_2026-08-13 - 2,E200D,Démo appareil prises/services (E.D.),1600,2971,0.2810,0.6956,1600,2971,en trop IA,IA:E200D:69,,,
ia,23347_SELECTION_GLOBAL_SOUM_2026-08-13 - 2,E200D,Démo appareil prises/services (E.D.),1527,2895,0.2682,0.6778,1527,2895,appariée,IA:E200D:70,H:23347_SELECTION_GLOBAL_SOUM_2026-08-13 - 2:21,PRISE DEPLACER,47.7
ia,23347_SELECTION_GLOBAL_SOUM_2026-08-13 - 2,E200D,Démo appareil prises/services (E.D.),1658,2789,0.2912,0.6530,1658,2789,en trop IA,IA:E200D:71,,,
ia,23347_SELECTION_GLOBAL_SOUM_2026-08-13 - 2,E200D,Démo appareil prises/services (E.D.),1525,2718,0.2678,0.6364,1525,2718,appariée,IA:E200D:72,H:23347_SELECTION_GLOBAL_SOUM_2026-08-13 - 2:18,PRISE DEPLACER,53.1
ia,23347_SELECTION_GLOBAL_SOUM_2026-08-13 - 2,E200D,Démo appareil prises/services (E.D.),1689,1193,0.2966,0.2793,1689,1193,en trop IA,IA:E200D:73,,,
ia,23347_SELECTION_GLOBAL_SOUM_2026-08-13 - 2,E200D,Démo appareil prises/services (E.D.),2983,1530,0.5239,0.3582,2983,1530,en trop IA,IA:E200D:74,,,
ia,23347_SELECTION_GLOBAL_SOUM_2026-08-13 - 2,E200D,Démo appareil prises/services (E.D.),2367,2992,0.4157,0.7005,2367,2992,en trop IA,IA:E200D:75,,,
ia,23347_SELECTION_GLOBAL_SOUM_2026-08-13 - 2,E200D,Démo appareil prises/services (E.D.),892,2783,0.1567,0.6516,892,2783,en trop IA,IA:E200D:76,,,
ia,23347_SELECTION_GLOBAL_SOUM_2026-08-13 - 2,E200D,Démo appareil prises/services (E.D.),861,2783,0.1512,0.6516,861,2783,en trop IA,IA:E200D:77,,,
ia,23347_SELECTION_GLOBAL_SOUM_2026-08-13 - 2,E200D,Démo appareil prises/services (E.D.),1487,3050,0.2612,0.7141,1487,3050,appariée,IA:E200D:78,H:23347_SELECTION_GLOBAL_SOUM_2026-08-13 - 2:22,PRISE DEPLACER,78.3
ia,23347_SELECTION_GLOBAL_SOUM_2026-08-13 - 2,E200D,Démo appareil prises/services (E.D.),1367,3003,0.2401,0.7031,1367,3003,appariée,IA:E200D:79,H:23347_SELECTION_GLOBAL_SOUM_2026-08-13 - 2:24,PRISE DEPLACER,35.2
ia,23347_SELECTION_GLOBAL_SOUM_2026-08-13 - 2,E200D,Démo appareil prises/services (E.D.),892,2983,0.1567,0.6984,892,2983,en trop IA,IA:E200D:80,,,
ia,23347_SELECTION_GLOBAL_SOUM_2026-08-13 - 2,E200D,Démo appareil prises/services (E.D.),1035,3089,0.1818,0.7232,1035,3089,en trop IA,IA:E200D:81,,,
ia,23347_SELECTION_GLOBAL_SOUM_2026-08-13 - 2,E200D,Démo appareil prises/services (E.D.),1708,3151,0.3000,0.7378,1708,3151,en trop IA,IA:E200D:82,,,
ia,,E201,Raccordement ventilateur VE-02,1267,3157,0.2225,0.7392,1267,3157,en trop IA (feuille sans page humaine),IA:E201:1,,,
ia,23347_SELECTION_GLOBAL_SOUM_2026-08-13 - 8 + 23347_SELECTION_GLOBAL_SOUM_2026-08-13 - 9,E300,Applique extérieure AA (bailleur),2014,880,0.3537,0.2060,2014,880,en trop IA,IA:E300:1,,,
ia,23347_SELECTION_GLOBAL_SOUM_2026-08-13 - 8 + 23347_SELECTION_GLOBAL_SOUM_2026-08-13 - 9,E300,Applique extérieure AA (bailleur),1582,711,0.2778,0.1665,1582,711,en trop IA,IA:E300:2,,,
ia,23347_SELECTION_GLOBAL_SOUM_2026-08-13 - 8 + 23347_SELECTION_GLOBAL_SOUM_2026-08-13 - 9,E300,Applique extérieure AA (bailleur),895,435,0.1572,0.1018,895,435,en trop IA,IA:E300:3,,,
ia,23347_SELECTION_GLOBAL_SOUM_2026-08-13 - 8 + 23347_SELECTION_GLOBAL_SOUM_2026-08-13 - 9,E300,Applique extérieure AA (bailleur),566,936,0.0994,0.2192,566,936,en trop IA,IA:E300:4,,,
ia,23347_SELECTION_GLOBAL_SOUM_2026-08-13 - 8 + 23347_SELECTION_GLOBAL_SOUM_2026-08-13 - 9,E300,Applique extérieure AA (bailleur),565,2522,0.0992,0.5905,565,2522,en trop IA,IA:E300:5,,,
ia,23347_SELECTION_GLOBAL_SOUM_2026-08-13 - 8 + 23347_SELECTION_GLOBAL_SOUM_2026-08-13 - 9,E300,Applique extérieure AA (bailleur),1257,3468,0.2208,0.8120,1257,3468,en trop IA,IA:E300:6,,,
ia,23347_SELECTION_GLOBAL_SOUM_2026-08-13 - 8 + 23347_SELECTION_GLOBAL_SOUM_2026-08-13 - 9,E300,Applique extérieure AA (bailleur),2157,3443,0.3788,0.8061,2157,3443,en trop IA,IA:E300:7,,,
ia,23347_SELECTION_GLOBAL_SOUM_2026-08-13 - 8 + 23347_SELECTION_GLOBAL_SOUM_2026-08-13 - 9,E300,Applique extérieure AA (bailleur),3385,2568,0.5945,0.6013,3385,2568,en trop IA,IA:E300:8,,,
ia,23347_SELECTION_GLOBAL_SOUM_2026-08-13 - 8 + 23347_SELECTION_GLOBAL_SOUM_2026-08-13 - 9,E300,Applique extérieure AA (bailleur),3381,1440,0.5938,0.3372,3381,1440,en trop IA,IA:E300:9,,,
ia,23347_SELECTION_GLOBAL_SOUM_2026-08-13 - 8 + 23347_SELECTION_GLOBAL_SOUM_2026-08-13 - 9,E300,Batterie U6,1891,3090,0.3321,0.7235,1891,3090,appariée,IA:E300:10,H:23347_SELECTION_GLOBAL_SOUM_2026-08-13 - 8:311,NPP-16,60.5
ia,23347_SELECTION_GLOBAL_SOUM_2026-08-13 - 8 + 23347_SELECTION_GLOBAL_SOUM_2026-08-13 - 9,E300,Boîte de jonction profilé T,3236,972,0.5683,0.2276,3236,972,en trop IA,IA:E300:11,,,
ia,23347_SELECTION_GLOBAL_SOUM_2026-08-13 - 8 + 23347_SELECTION_GLOBAL_SOUM_2026-08-13 - 9,E300,Boîte de jonction profilé T,3282,1012,0.5764,0.2369,3282,1012,en trop IA,IA:E300:12,,,
ia,23347_SELECTION_GLOBAL_SOUM_2026-08-13 - 8 + 23347_SELECTION_GLOBAL_SOUM_2026-08-13 - 9,E300,Boîte de jonction profilé T,3284,2271,0.5767,0.5317,3284,2271,appariée,IA:E300:13,H:23347_SELECTION_GLOBAL_SOUM_2026-08-13 - 8:307,NPP-20,16.8
ia,23347_SELECTION_GLOBAL_SOUM_2026-08-13 - 8 + 23347_SELECTION_GLOBAL_SOUM_2026-08-13 - 9,E300,Boîte de jonction profilé T,1523,1801,0.2675,0.4217,1523,1801,appariée,IA:E300:14,H:23347_SELECTION_GLOBAL_SOUM_2026-08-13 - 8:309,NPP-20,64.3
ia,23347_SELECTION_GLOBAL_SOUM_2026-08-13 - 8 + 23347_SELECTION_GLOBAL_SOUM_2026-08-13 - 9,E300,Boîte de jonction profilé T,1483,3045,0.2604,0.7129,1483,3045,appariée,IA:E300:15,H:23347_SELECTION_GLOBAL_SOUM_2026-08-13 - 8:43,FIXTURE TYPE G4,58.4
ia,23347_SELECTION_GLOBAL_SOUM_2026-08-13 - 8 + 23347_SELECTION_GLOBAL_SOUM_2026-08-13 - 9,E300,Contrôleur NPOD,1753,3287,0.3079,0.7696,1753,3287,en trop IA,IA:E300:16,,,
ia,23347_SELECTION_GLOBAL_SOUM_2026-08-13 - 8 + 23347_SELECTION_GLOBAL_SOUM_2026-08-13 - 9,E300,Contrôleur NPOD,1753,3287,0.3079,0.7696,1753,3287,appariée,IA:E300:17,H:23347_SELECTION_GLOBAL_SOUM_2026-08-13 - 8:351,NPOD,9.8
ia,23347_SELECTION_GLOBAL_SOUM_2026-08-13 - 8 + 23347_SELECTION_GLOBAL_SOUM_2026-08-13 - 9,E300,Détecteur WSXA,770,641,0.1352,0.1501,770,641,appariée,IA:E300:18,H:23347_SELECTION_GLOBAL_SOUM_2026-08-13 - 8:44,FIXTURE TYPE G4,31.1
ia,23347_SELECTION_GLOBAL_SOUM_2026-08-13 - 8 + 23347_SELECTION_GLOBAL_SOUM_2026-08-13 - 9,E300,Détecteur WSXA,1200,3258,0.2107,0.7628,1200,3258,appariée,IA:E300:19,H:23347_SELECTION_GLOBAL_SOUM_2026-08-13 - 8:354,TH,67.9
ia,23347_SELECTION_GLOBAL_SOUM_2026-08-13 - 8 + 23347_SELECTION_GLOBAL_SOUM_2026-08-13 - 9,E300,Détecteur WSXA,770,641,0.1352,0.1501,770,641,appariée,IA:E300:20,H:23347_SELECTION_GLOBAL_SOUM_2026-08-13 - 8:347,WSXA,23.0
ia,23347_SELECTION_GLOBAL_SOUM_2026-08-13 - 8 + 23347_SELECTION_GLOBAL_SOUM_2026-08-13 - 9,E300,Détecteur WSXA,1200,3258,0.2107,0.7628,1200,3258,appariée,IA:E300:21,H:23347_SELECTION_GLOBAL_SOUM_2026-08-13 - 8:346,WSXA,11.8
ia,23347_SELECTION_GLOBAL_SOUM_2026-08-13 - 8 + 23347_SELECTION_GLOBAL_SOUM_2026-08-13 - 9,E300,Détecteur WSXA,1322,3119,0.2322,0.7303,1322,3119,appariée,IA:E300:22,H:23347_SELECTION_GLOBAL_SOUM_2026-08-13 - 8:345,WSXA,5.7
ia,23347_SELECTION_GLOBAL_SOUM_2026-08-13 - 8 + 23347_SELECTION_GLOBAL_SOUM_2026-08-13 - 9,E300,Détecteur WSXA,1072,3092,0.1883,0.7240,1072,3092,appariée,IA:E300:23,H:23347_SELECTION_GLOBAL_SOUM_2026-08-13 - 8:344,WSXA,13.8
ia,23347_SELECTION_GLOBAL_SOUM_2026-08-13 - 8 + 23347_SELECTION_GLOBAL_SOUM_2026-08-13 - 9,E300,Détecteur WSXA-G,1753,3267,0.3079,0.7649,1753,3267,en trop IA,IA:E300:24,,,
ia,23347_SELECTION_GLOBAL_SOUM_2026-08-13 - 8 + 23347_SELECTION_GLOBAL_SOUM_2026-08-13 - 9,E300,Détecteur WSXA-G,888,3010,0.1560,0.7048,888,3010,appariée,IA:E300:25,H:23347_SELECTION_GLOBAL_SOUM_2026-08-13 - 8:350,WSXA-G,4.0
ia,23347_SELECTION_GLOBAL_SOUM_2026-08-13 - 8 + 23347_SELECTION_GLOBAL_SOUM_2026-08-13 - 9,E300,Détecteur WSXA-G,1753,3267,0.3079,0.7649,1753,3267,appariée,IA:E300:26,H:23347_SELECTION_GLOBAL_SOUM_2026-08-13 - 8:348,WSXA-G,9.7
ia,23347_SELECTION_GLOBAL_SOUM_2026-08-13 - 8 + 23347_SELECTION_GLOBAL_SOUM_2026-08-13 - 9,E300,Détecteur WSXA-G,888,3010,0.1560,0.7048,888,3010,en trop IA,IA:E300:27,,,
ia,23347_SELECTION_GLOBAL_SOUM_2026-08-13 - 8 + 23347_SELECTION_GLOBAL_SOUM_2026-08-13 - 9,E300,Encastré B-B,3022,3215,0.5307,0.7528,3022,3215,appariée,IA:E300:28,H:23347_SELECTION_GLOBAL_SOUM_2026-08-13 - 8:306,RELO FIXTURE TYPE BB,17.6
ia,23347_SELECTION_GLOBAL_SOUM_2026-08-13 - 8 + 23347_SELECTION_GLOBAL_SOUM_2026-08-13 - 9,E300,Encastré B-B,3148,3079,0.5529,0.7209,3148,3079,appariée,IA:E300:29,H:23347_SELECTION_GLOBAL_SOUM_2026-08-13 - 8:305,RELO FIXTURE TYPE BB,18.1
ia,23347_SELECTION_GLOBAL_SOUM_2026-08-13 - 8 + 23347_SELECTION_GLOBAL_SOUM_2026-08-13 - 9,E300,Enseigne sortie U1,2667,3093,0.4684,0.7242,2667,3093,appariée,IA:E300:30,H:23347_SELECTION_GLOBAL_SOUM_2026-08-13 - 8:334,COUPLING,26.8
ia,23347_SELECTION_GLOBAL_SOUM_2026-08-13 - 8 + 23347_SELECTION_GLOBAL_SOUM_2026-08-13 - 9,E300,Enseigne sortie U1,3089,3144,0.5425,0.7361,3089,3144,appariée,IA:E300:31,H:23347_SELECTION_GLOBAL_SOUM_2026-08-13 - 8:65,EXIT U9,63.3
ia,23347_SELECTION_GLOBAL_SOUM_2026-08-13 - 8 + 23347_SELECTION_GLOBAL_SOUM_2026-08-13 - 9,E300,Enseigne sortie U1,1568,2508,0.2754,0.5872,1568,2508,en trop IA,IA:E300:32,,,
ia,23347_SELECTION_GLOBAL_SOUM_2026-08-13 - 8 + 23347_SELECTION_GLOBAL_SOUM_2026-08-13 - 9,E300,Enseigne sortie U9,704,2498,0.1236,0.5849,704,2498,appariée,IA:E300:33,H:23347_SELECTION_GLOBAL_SOUM_2026-08-13 - 8:62,EXIT U9,40.4
ia,23347_SELECTION_GLOBAL_SOUM_2026-08-13 - 8 + 23347_SELECTION_GLOBAL_SOUM_2026-08-13 - 9,E300,Enseigne sortie — type à confirmer,1068,761,0.1876,0.1782,1068,761,appariée,IA:E300:34,H:23347_SELECTION_GLOBAL_SOUM_2026-08-13 - 8:63,EXIT U9,8.3
ia,23347_SELECTION_GLOBAL_SOUM_2026-08-13 - 8 + 23347_SELECTION_GLOBAL_SOUM_2026-08-13 - 9,E300,Haut-parleur suspendu SN,2420,2187,0.4250,0.5121,2420,2187,appariée,IA:E300:35,H:23347_SELECTION_GLOBAL_SOUM_2026-08-13 - 8:296,SN,8.9
ia,23347_SELECTION_GLOBAL_SOUM_2026-08-13 - 8 + 23347_SELECTION_GLOBAL_SOUM_2026-08-13 - 9,E300,Haut-parleur suspendu SN,2925,2187,0.5137,0.5121,2925,2187,appariée,IA:E300:36,H:23347_SELECTION_GLOBAL_SOUM_2026-08-13 - 8:297,SN,5.2
ia,23347_SELECTION_GLOBAL_SOUM_2026-08-13 - 8 + 23347_SELECTION_GLOBAL_SOUM_2026-08-13 - 9,E300,Haut-parleur suspendu SN,1916,2187,0.3365,0.5121,1916,2187,appariée,IA:E300:37,H:23347_SELECTION_GLOBAL_SOUM_2026-08-13 - 8:298,SN,7.8
ia,23347_SELECTION_GLOBAL_SOUM_2026-08-13 - 8 + 23347_SELECTION_GLOBAL_SOUM_2026-08-13 - 9,E300,Haut-parleur suspendu SN,2420,1444,0.4250,0.3381,2420,1444,appariée,IA:E300:38,H:23347_SELECTION_GLOBAL_SOUM_2026-08-13 - 8:299,SN,11.7
ia,23347_SELECTION_GLOBAL_SOUM_2026-08-13 - 8 + 23347_SELECTION_GLOBAL_SOUM_2026-08-13 - 9,E300,Haut-parleur suspendu SN,2925,1444,0.5137,0.3381,2925,1444,appariée,IA:E300:39,H:23347_SELECTION_GLOBAL_SOUM_2026-08-13 - 8:295,SN,15.2
ia,23347_SELECTION_GLOBAL_SOUM_2026-08-13 - 8 + 23347_SELECTION_GLOBAL_SOUM_2026-08-13 - 9,E300,Haut-parleur suspendu SN,2420,2922,0.4250,0.6841,2420,2922,appariée,IA:E300:40,H:23347_SELECTION_GLOBAL_SOUM_2026-08-13 - 8:301,SN,4.6
ia,23347_SELECTION_GLOBAL_SOUM_2026-08-13 - 8 + 23347_SELECTION_GLOBAL_SOUM_2026-08-13 - 9,E300,Haut-parleur suspendu SN,2925,2922,0.5137,0.6841,2925,2922,appariée,IA:E300:41,H:23347_SELECTION_GLOBAL_SOUM_2026-08-13 - 8:300,SN,4.0
ia,23347_SELECTION_GLOBAL_SOUM_2026-08-13 - 8 + 23347_SELECTION_GLOBAL_SOUM_2026-08-13 - 9,E300,Haut-parleur suspendu SN,1916,2926,0.3365,0.6851,1916,2926,appariée,IA:E300:42,H:23347_SELECTION_GLOBAL_SOUM_2026-08-13 - 8:302,SN,4.8
ia,23347_SELECTION_GLOBAL_SOUM_2026-08-13 - 8 + 23347_SELECTION_GLOBAL_SOUM_2026-08-13 - 9,E300,Haut-parleur suspendu SN,1916,1444,0.3365,0.3381,1916,1444,appariée,IA:E300:43,H:23347_SELECTION_GLOBAL_SOUM_2026-08-13 - 8:294,SN,11.7
ia,23347_SELECTION_GLOBAL_SOUM_2026-08-13 - 8 + 23347_SELECTION_GLOBAL_SOUM_2026-08-13 - 9,E300,Interrupteur NPODMA,1419,2459,0.2492,0.5757,1419,2459,appariée,IA:E300:44,H:23347_SELECTION_GLOBAL_SOUM_2026-08-13 - 8:64,EXIT U9,82.5
ia,23347_SELECTION_GLOBAL_SOUM_2026-08-13 - 8 + 23347_SELECTION_GLOBAL_SOUM_2026-08-13 - 9,E300,Interrupteur NPODMA,1419,2459,0.2492,0.5757,1419,2459,appariée,IA:E300:45,H:23347_SELECTION_GLOBAL_SOUM_2026-08-13 - 8:352,NPODMA,59.2
ia,23347_SELECTION_GLOBAL_SOUM_2026-08-13 - 8 + 23347_SELECTION_GLOBAL_SOUM_2026-08-13 - 9,E300,Interrupteur NPODMA,687,2599,0.1207,0.6085,687,2599,en trop IA,IA:E300:46,,,
ia,23347_SELECTION_GLOBAL_SOUM_2026-08-13 - 8 + 23347_SELECTION_GLOBAL_SOUM_2026-08-13 - 9,E300,Linéaire O8-N,2520,3229,0.4426,0.7560,2520,3229,appariée,IA:E300:47,H:23347_SELECTION_GLOBAL_SOUM_2026-08-13 - 8:304,FIXTURE TYPE O8-N,8.0
ia,23347_SELECTION_GLOBAL_SOUM_2026-08-13 - 8 + 23347_SELECTION_GLOBAL_SOUM_2026-08-13 - 9,E300,Linéaire O8-N,2120,3229,0.3723,0.7560,2120,3229,appariée,IA:E300:48,H:23347_SELECTION_GLOBAL_SOUM_2026-08-13 - 8:303,FIXTURE TYPE O8-N,9.6
ia,23347_SELECTION_GLOBAL_SOUM_2026-08-13 - 8 + 23347_SELECTION_GLOBAL_SOUM_2026-08-13 - 9,E300,Linéaire S20-N,2133,2607,0.3746,0.6104,2133,2607,appariée,IA:E300:49,H:23347_SELECTION_GLOBAL_SOUM_2026-08-13 - 8:73,FIXTURE TYPE S20-N,7.0
ia,23347_SELECTION_GLOBAL_SOUM_2026-08-13 - 8 + 23347_SELECTION_GLOBAL_SOUM_2026-08-13 - 9,E300,Linéaire S20-N,2131,2293,0.3743,0.5369,2131,2293,appariée,IA:E300:50,H:23347_SELECTION_GLOBAL_SOUM_2026-08-13 - 8:72,FIXTURE TYPE S20-N,5.5
ia,23347_SELECTION_GLOBAL_SOUM_2026-08-13 - 8 + 23347_SELECTION_GLOBAL_SOUM_2026-08-13 - 9,E300,Linéaire S20-N,2131,2007,0.3743,0.4699,2131,2007,appariée,IA:E300:51,H:23347_SELECTION_GLOBAL_SOUM_2026-08-13 - 8:74,FIXTURE TYPE S20-N,6.4
ia,23347_SELECTION_GLOBAL_SOUM_2026-08-13 - 8 + 23347_SELECTION_GLOBAL_SOUM_2026-08-13 - 9,E300,Linéaire S20-N,2131,1722,0.3743,0.4032,2131,1722,appariée,IA:E300:52,H:23347_SELECTION_GLOBAL_SOUM_2026-08-13 - 8:71,FIXTURE TYPE S20-N,6.6
ia,23347_SELECTION_GLOBAL_SOUM_2026-08-13 - 8 + 23347_SELECTION_GLOBAL_SOUM_2026-08-13 - 9,E300,Linéaire S20-N,2148,1436,0.3772,0.3362,2148,1436,appariée,IA:E300:53,H:23347_SELECTION_GLOBAL_SOUM_2026-08-13 - 8:70,FIXTURE TYPE S20-N,21.9
ia,23347_SELECTION_GLOBAL_SOUM_2026-08-13 - 8 + 23347_SELECTION_GLOBAL_SOUM_2026-08-13 - 9,E300,Linéaire sans étiquette — à classer,2995,2093,0.5260,0.4900,2995,2093,en trop IA,IA:E300:54,,,
ia,23347_SELECTION_GLOBAL_SOUM_2026-08-13 - 8 + 23347_SELECTION_GLOBAL_SOUM_2026-08-13 - 9,E300,Panneau P1,1039,2992,0.1825,0.7005,1039,2992,appariée,IA:E300:55,H:23347_SELECTION_GLOBAL_SOUM_2026-08-13 - 8:30,FIXTURE TYPE P1,40.9
ia,23347_SELECTION_GLOBAL_SOUM_2026-08-13 - 8 + 23347_SELECTION_GLOBAL_SOUM_2026-08-13 - 9,E300,Panneau P1,1203,3114,0.2113,0.7291,1203,3114,appariée,IA:E300:56,H:23347_SELECTION_GLOBAL_SOUM_2026-08-13 - 8:31,FIXTURE TYPE P1,41.7
ia,23347_SELECTION_GLOBAL_SOUM_2026-08-13 - 8 + 23347_SELECTION_GLOBAL_SOUM_2026-08-13 - 9,E300,Panneau P1,959,2744,0.1684,0.6425,959,2744,appariée,IA:E300:57,H:23347_SELECTION_GLOBAL_SOUM_2026-08-13 - 8:32,FIXTURE TYPE P1,36.6
ia,23347_SELECTION_GLOBAL_SOUM_2026-08-13 - 8 + 23347_SELECTION_GLOBAL_SOUM_2026-08-13 - 9,E300,Panneau P1,757,2744,0.1329,0.6425,757,2744,appariée,IA:E300:58,H:23347_SELECTION_GLOBAL_SOUM_2026-08-13 - 8:33,FIXTURE TYPE P1,38.0
ia,23347_SELECTION_GLOBAL_SOUM_2026-08-13 - 8 + 23347_SELECTION_GLOBAL_SOUM_2026-08-13 - 9,E300,Panneau P2,1364,790,0.2396,0.1850,1364,790,appariée,IA:E300:59,H:23347_SELECTION_GLOBAL_SOUM_2026-08-13 - 8:3,FIXTURE TYPE P2,55.2
ia,23347_SELECTION_GLOBAL_SOUM_2026-08-13 - 8 + 23347_SELECTION_GLOBAL_SOUM_2026-08-13 - 9,E300,Panneau P2,1364,2867,0.2396,0.6713,1364,2867,appariée,IA:E300:60,H:23347_SELECTION_GLOBAL_SOUM_2026-08-13 - 8:29,FIXTURE TYPE P2,77.0
ia,23347_SELECTION_GLOBAL_SOUM_2026-08-13 - 8 + 23347_SELECTION_GLOBAL_SOUM_2026-08-13 - 9,E300,Panneau P2,1162,2867,0.2041,0.6713,1162,2867,appariée,IA:E300:61,H:23347_SELECTION_GLOBAL_SOUM_2026-08-13 - 8:28,FIXTURE TYPE P2,78.0
ia,23347_SELECTION_GLOBAL_SOUM_2026-08-13 - 8 + 23347_SELECTION_GLOBAL_SOUM_2026-08-13 - 9,E300,Panneau P2,1364,2570,0.2396,0.6017,1364,2570,appariée,IA:E300:62,H:23347_SELECTION_GLOBAL_SOUM_2026-08-13 - 8:24,FIXTURE TYPE P2,73.3
ia,23347_SELECTION_GLOBAL_SOUM_2026-08-13 - 8 + 23347_SELECTION_GLOBAL_SOUM_2026-08-13 - 9,E300,Panneau P2,1162,2570,0.2041,0.6017,1162,2570,en trop IA,IA:E300:63,,,
ia,23347_SELECTION_GLOBAL_SOUM_2026-08-13 - 8 + 23347_SELECTION_GLOBAL_SOUM_2026-08-13 - 9,E300,Panneau P2,959,2570,0.1684,0.6017,959,2570,appariée,IA:E300:64,H:23347_SELECTION_GLOBAL_SOUM_2026-08-13 - 8:26,FIXTURE TYPE P2,72.6
ia,23347_SELECTION_GLOBAL_SOUM_2026-08-13 - 8 + 23347_SELECTION_GLOBAL_SOUM_2026-08-13 - 9,E300,Panneau P2,757,2570,0.1329,0.6017,757,2570,appariée,IA:E300:65,H:23347_SELECTION_GLOBAL_SOUM_2026-08-13 - 8:27,FIXTURE TYPE P2,74.5
ia,23347_SELECTION_GLOBAL_SOUM_2026-08-13 - 8 + 23347_SELECTION_GLOBAL_SOUM_2026-08-13 - 9,E300,Panneau P2,1364,2255,0.2396,0.5280,1364,2255,appariée,IA:E300:66,H:23347_SELECTION_GLOBAL_SOUM_2026-08-13 - 8:23,FIXTURE TYPE P2,69.9
ia,23347_SELECTION_GLOBAL_SOUM_2026-08-13 - 8 + 23347_SELECTION_GLOBAL_SOUM_2026-08-13 - 9,E300,Panneau P2,1160,2255,0.2037,0.5280,1160,2255,appariée,IA:E300:67,H:23347_SELECTION_GLOBAL_SOUM_2026-08-13 - 8:22,FIXTURE TYPE P2,71.5
ia,23347_SELECTION_GLOBAL_SOUM_2026-08-13 - 8 + 23347_SELECTION_GLOBAL_SOUM_2026-08-13 - 9,E300,Panneau P2,958,2255,0.1682,0.5280,958,2255,appariée,IA:E300:68,H:23347_SELECTION_GLOBAL_SOUM_2026-08-13 - 8:21,FIXTURE TYPE P2,69.1
ia,23347_SELECTION_GLOBAL_SOUM_2026-08-13 - 8 + 23347_SELECTION_GLOBAL_SOUM_2026-08-13 - 9,E300,Panneau P2,756,2255,0.1328,0.5280,756,2255,appariée,IA:E300:69,H:23347_SELECTION_GLOBAL_SOUM_2026-08-13 - 8:20,FIXTURE TYPE P2,70.7
ia,23347_SELECTION_GLOBAL_SOUM_2026-08-13 - 8 + 23347_SELECTION_GLOBAL_SOUM_2026-08-13 - 9,E300,Panneau P2,1163,790,0.2043,0.1850,1163,790,appariée,IA:E300:70,H:23347_SELECTION_GLOBAL_SOUM_2026-08-13 - 8:2,FIXTURE TYPE P2,56.0
ia,23347_SELECTION_GLOBAL_SOUM_2026-08-13 - 8 + 23347_SELECTION_GLOBAL_SOUM_2026-08-13 - 9,E300,Panneau P2,958,790,0.1682,0.1850,958,790,appariée,IA:E300:71,H:23347_SELECTION_GLOBAL_SOUM_2026-08-13 - 8:1,FIXTURE TYPE P2,56.8
ia,23347_SELECTION_GLOBAL_SOUM_2026-08-13 - 8 + 23347_SELECTION_GLOBAL_SOUM_2026-08-13 - 9,E300,Panneau P2,1365,1087,0.2397,0.2545,1365,1087,appariée,IA:E300:72,H:23347_SELECTION_GLOBAL_SOUM_2026-08-13 - 8:4,FIXTURE TYPE P2,59.4
ia,23347_SELECTION_GLOBAL_SOUM_2026-08-13 - 8 + 23347_SELECTION_GLOBAL_SOUM_2026-08-13 - 9,E300,Panneau P2,1162,1087,0.2041,0.2545,1162,1087,appariée,IA:E300:73,H:23347_SELECTION_GLOBAL_SOUM_2026-08-13 - 8:5,FIXTURE TYPE P2,58.9
ia,23347_SELECTION_GLOBAL_SOUM_2026-08-13 - 8 + 23347_SELECTION_GLOBAL_SOUM_2026-08-13 - 9,E300,Panneau P2,959,1087,0.1684,0.2545,959,1087,appariée,IA:E300:74,H:23347_SELECTION_GLOBAL_SOUM_2026-08-13 - 8:6,FIXTURE TYPE P2,59.0
ia,23347_SELECTION_GLOBAL_SOUM_2026-08-13 - 8 + 23347_SELECTION_GLOBAL_SOUM_2026-08-13 - 9,E300,Panneau P2,757,1087,0.1329,0.2545,757,1087,appariée,IA:E300:75,H:23347_SELECTION_GLOBAL_SOUM_2026-08-13 - 8:7,FIXTURE TYPE P2,59.5
ia,23347_SELECTION_GLOBAL_SOUM_2026-08-13 - 8 + 23347_SELECTION_GLOBAL_SOUM_2026-08-13 - 9,E300,Panneau P2,1365,1383,0.2397,0.3238,1365,1383,appariée,IA:E300:76,H:23347_SELECTION_GLOBAL_SOUM_2026-08-13 - 8:11,FIXTURE TYPE P2,58.5
ia,23347_SELECTION_GLOBAL_SOUM_2026-08-13 - 8 + 23347_SELECTION_GLOBAL_SOUM_2026-08-13 - 9,E300,Panneau P2,1162,1383,0.2041,0.3238,1162,1383,appariée,IA:E300:77,H:23347_SELECTION_GLOBAL_SOUM_2026-08-13 - 8:10,FIXTURE TYPE P2,61.0
ia,23347_SELECTION_GLOBAL_SOUM_2026-08-13 - 8 + 23347_SELECTION_GLOBAL_SOUM_2026-08-13 - 9,E300,Panneau P2,959,1383,0.1684,0.3238,959,1383,appariée,IA:E300:78,H:23347_SELECTION_GLOBAL_SOUM_2026-08-13 - 8:9,FIXTURE TYPE P2,63.2
ia,23347_SELECTION_GLOBAL_SOUM_2026-08-13 - 8 + 23347_SELECTION_GLOBAL_SOUM_2026-08-13 - 9,E300,Panneau P2,757,1383,0.1329,0.3238,757,1383,appariée,IA:E300:79,H:23347_SELECTION_GLOBAL_SOUM_2026-08-13 - 8:8,FIXTURE TYPE P2,61.6
ia,23347_SELECTION_GLOBAL_SOUM_2026-08-13 - 8 + 23347_SELECTION_GLOBAL_SOUM_2026-08-13 - 9,E300,Panneau P2,1364,1680,0.2396,0.3934,1364,1680,appariée,IA:E300:80,H:23347_SELECTION_GLOBAL_SOUM_2026-08-13 - 8:15,FIXTURE TYPE P2,69.1
ia,23347_SELECTION_GLOBAL_SOUM_2026-08-13 - 8 + 23347_SELECTION_GLOBAL_SOUM_2026-08-13 - 9,E300,Panneau P2,1160,1680,0.2037,0.3934,1160,1680,en trop IA,IA:E300:81,,,
ia,23347_SELECTION_GLOBAL_SOUM_2026-08-13 - 8 + 23347_SELECTION_GLOBAL_SOUM_2026-08-13 - 9,E300,Panneau P2,958,1680,0.1682,0.3934,958,1680,appariée,IA:E300:82,H:23347_SELECTION_GLOBAL_SOUM_2026-08-13 - 8:13,FIXTURE TYPE P2,63.0
ia,23347_SELECTION_GLOBAL_SOUM_2026-08-13 - 8 + 23347_SELECTION_GLOBAL_SOUM_2026-08-13 - 9,E300,Panneau P2,756,1680,0.1328,0.3934,756,1680,appariée,IA:E300:83,H:23347_SELECTION_GLOBAL_SOUM_2026-08-13 - 8:12,FIXTURE TYPE P2,61.8
ia,23347_SELECTION_GLOBAL_SOUM_2026-08-13 - 8 + 23347_SELECTION_GLOBAL_SOUM_2026-08-13 - 9,E300,Panneau P2,1364,1939,0.2396,0.4540,1364,1939,appariée,IA:E300:84,H:23347_SELECTION_GLOBAL_SOUM_2026-08-13 - 8:16,FIXTURE TYPE P2,64.5
ia,23347_SELECTION_GLOBAL_SOUM_2026-08-13 - 8 + 23347_SELECTION_GLOBAL_SOUM_2026-08-13 - 9,E300,Panneau P2,1160,1939,0.2037,0.4540,1160,1939,appariée,IA:E300:85,H:23347_SELECTION_GLOBAL_SOUM_2026-08-13 - 8:17,FIXTURE TYPE P2,67.0
ia,23347_SELECTION_GLOBAL_SOUM_2026-08-13 - 8 + 23347_SELECTION_GLOBAL_SOUM_2026-08-13 - 9,E300,Panneau P2,958,1939,0.1682,0.4540,958,1939,appariée,IA:E300:86,H:23347_SELECTION_GLOBAL_SOUM_2026-08-13 - 8:18,FIXTURE TYPE P2,65.3
ia,23347_SELECTION_GLOBAL_SOUM_2026-08-13 - 8 + 23347_SELECTION_GLOBAL_SOUM_2026-08-13 - 9,E300,Panneau P2,756,1939,0.1328,0.4540,756,1939,appariée,IA:E300:87,H:23347_SELECTION_GLOBAL_SOUM_2026-08-13 - 8:19,FIXTURE TYPE P2,69.4
ia,23347_SELECTION_GLOBAL_SOUM_2026-08-13 - 8 + 23347_SELECTION_GLOBAL_SOUM_2026-08-13 - 9,E300,Panneau P2,1163,1680,0.2043,0.3934,1163,1680,appariée,IA:E300:88,H:23347_SELECTION_GLOBAL_SOUM_2026-08-13 - 8:14,FIXTURE TYPE P2,66.3
ia,23347_SELECTION_GLOBAL_SOUM_2026-08-13 - 8 + 23347_SELECTION_GLOBAL_SOUM_2026-08-13 - 9,E300,Panneau P2,1164,2570,0.2044,0.6017,1164,2570,appariée,IA:E300:89,H:23347_SELECTION_GLOBAL_SOUM_2026-08-13 - 8:25,FIXTURE TYPE P2,72.2
ia,23347_SELECTION_GLOBAL_SOUM_2026-08-13 - 8 + 23347_SELECTION_GLOBAL_SOUM_2026-08-13 - 9,E300,Phare double U2,1443,2931,0.2534,0.6863,1443,2931,appariée,IA:E300:90,H:23347_SELECTION_GLOBAL_SOUM_2026-08-13 - 8:49,TETE DOUBLE,7.9
ia,23347_SELECTION_GLOBAL_SOUM_2026-08-13 - 8 + 23347_SELECTION_GLOBAL_SOUM_2026-08-13 - 9,E300,Phare double U2,1464,541,0.2571,0.1267,1464,541,appariée,IA:E300:91,H:23347_SELECTION_GLOBAL_SOUM_2026-08-13 - 8:51,TETE DOUBLE,5.5
ia,23347_SELECTION_GLOBAL_SOUM_2026-08-13 - 8 + 23347_SELECTION_GLOBAL_SOUM_2026-08-13 - 9,E300,Phare double U2,2018,988,0.3544,0.2313,2018,988,appariée,IA:E300:92,H:23347_SELECTION_GLOBAL_SOUM_2026-08-13 - 8:52,TETE DOUBLE,15.4
ia,23347_SELECTION_GLOBAL_SOUM_2026-08-13 - 8 + 23347_SELECTION_GLOBAL_SOUM_2026-08-13 - 9,E300,Phare double U2,1543,2435,0.2710,0.5701,1543,2435,appariée,IA:E300:93,H:23347_SELECTION_GLOBAL_SOUM_2026-08-13 - 8:56,TETE DOUBLE,19.0
ia,23347_SELECTION_GLOBAL_SOUM_2026-08-13 - 8 + 23347_SELECTION_GLOBAL_SOUM_2026-08-13 - 9,E300,Phare double U2,2855,3357,0.5014,0.7860,2855,3357,appariée,IA:E300:94,H:23347_SELECTION_GLOBAL_SOUM_2026-08-13 - 8:55,TETE DOUBLE,6.7
ia,23347_SELECTION_GLOBAL_SOUM_2026-08-13 - 8 + 23347_SELECTION_GLOBAL_SOUM_2026-08-13 - 9,E300,Phare double U2,3261,2185,0.5727,0.5116,3261,2185,appariée,IA:E300:95,H:23347_SELECTION_GLOBAL_SOUM_2026-08-13 - 8:54,TETE DOUBLE,21.6
ia,23347_SELECTION_GLOBAL_SOUM_2026-08-13 - 8 + 23347_SELECTION_GLOBAL_SOUM_2026-08-13 - 9,E300,Phare double U2,3269,990,0.5741,0.2318,3269,990,appariée,IA:E300:96,H:23347_SELECTION_GLOBAL_SOUM_2026-08-13 - 8:53,TETE DOUBLE,8.0
ia,23347_SELECTION_GLOBAL_SOUM_2026-08-13 - 8 + 23347_SELECTION_GLOBAL_SOUM_2026-08-13 - 9,E300,Phare simple U3,686,1096,0.1205,0.2566,686,1096,appariée,IA:E300:97,H:23347_SELECTION_GLOBAL_SOUM_2026-08-13 - 8:50,TETE DOUBLE,24.2
ia,23347_SELECTION_GLOBAL_SOUM_2026-08-13 - 8 + 23347_SELECTION_GLOBAL_SOUM_2026-08-13 - 9,E300,Phare simple U3,1481,1885,0.2601,0.4413,1481,1885,appariée,IA:E300:98,H:23347_SELECTION_GLOBAL_SOUM_2026-08-13 - 8:48,TETE DOUBLE,19.7
ia,23347_SELECTION_GLOBAL_SOUM_2026-08-13 - 8 + 23347_SELECTION_GLOBAL_SOUM_2026-08-13 - 9,E300,Phare simple U3,1124,3150,0.1974,0.7375,1124,3150,en trop IA,IA:E300:99,,,
ia,23347_SELECTION_GLOBAL_SOUM_2026-08-13 - 8 + 23347_SELECTION_GLOBAL_SOUM_2026-08-13 - 9,E300,Phare simple U3,668,548,0.1173,0.1283,668,548,appariée,IA:E300:100,H:23347_SELECTION_GLOBAL_SOUM_2026-08-13 - 8:59,TETE SIMPLE,6.2
ia,23347_SELECTION_GLOBAL_SOUM_2026-08-13 - 8 + 23347_SELECTION_GLOBAL_SOUM_2026-08-13 - 9,E300,Phare simple U3,673,2882,0.1182,0.6748,673,2882,appariée,IA:E300:101,H:23347_SELECTION_GLOBAL_SOUM_2026-08-13 - 8:57,TETE SIMPLE,26.6
ia,23347_SELECTION_GLOBAL_SOUM_2026-08-13 - 8 + 23347_SELECTION_GLOBAL_SOUM_2026-08-13 - 9,E300,Phare simple U3,1484,3104,0.2606,0.7268,1484,3104,appariée,IA:E300:102,H:23347_SELECTION_GLOBAL_SOUM_2026-08-13 - 8:60,TETE SIMPLE,28.8
ia,23347_SELECTION_GLOBAL_SOUM_2026-08-13 - 8 + 23347_SELECTION_GLOBAL_SOUM_2026-08-13 - 9,E300,Profilé T,3284,2598,0.5767,0.6083,3284,2598,appariée,IA:E300:103,H:23347_SELECTION_GLOBAL_SOUM_2026-08-13 - 8:308,NPP-20,18.0
ia,23347_SELECTION_GLOBAL_SOUM_2026-08-13 - 8 + 23347_SELECTION_GLOBAL_SOUM_2026-08-13 - 9,E300,Profilé T,3284,2400,0.5767,0.5619,3284,2400,en trop IA,IA:E300:104,,,
ia,23347_SELECTION_GLOBAL_SOUM_2026-08-13 - 8 + 23347_SELECTION_GLOBAL_SOUM_2026-08-13 - 9,E300,Profilé T,3284,2467,0.5767,0.5776,3284,2467,en trop IA,IA:E300:105,,,
ia,23347_SELECTION_GLOBAL_SOUM_2026-08-13 - 8 + 23347_SELECTION_GLOBAL_SOUM_2026-08-13 - 9,E300,Profilé T,3284,2534,0.5767,0.5933,3284,2534,en trop IA,IA:E300:106,,,
ia,23347_SELECTION_GLOBAL_SOUM_2026-08-13 - 8 + 23347_SELECTION_GLOBAL_SOUM_2026-08-13 - 9,E300,Profilé T,3284,2332,0.5767,0.5460,3284,2332,en trop IA,IA:E300:107,,,
ia,23347_SELECTION_GLOBAL_SOUM_2026-08-13 - 8 + 23347_SELECTION_GLOBAL_SOUM_2026-08-13 - 9,E300,Profilé T,1562,1807,0.2743,0.4231,1562,1807,en trop IA,IA:E300:108,,,
ia,23347_SELECTION_GLOBAL_SOUM_2026-08-13 - 8 + 23347_SELECTION_GLOBAL_SOUM_2026-08-13 - 9,E300,Profilé T,1566,2788,0.2750,0.6528,1566,2788,appariée,IA:E300:109,H:23347_SELECTION_GLOBAL_SOUM_2026-08-13 - 8:291,FIXTURE TYPE D4-N,70.1
ia,23347_SELECTION_GLOBAL_SOUM_2026-08-13 - 8 + 23347_SELECTION_GLOBAL_SOUM_2026-08-13 - 9,E300,Profilé T,1566,3003,0.2750,0.7031,1566,3003,en trop IA,IA:E300:110,,,
ia,23347_SELECTION_GLOBAL_SOUM_2026-08-13 - 8 + 23347_SELECTION_GLOBAL_SOUM_2026-08-13 - 9,E300,Profilé T,2078,1047,0.3649,0.2451,2078,1047,appariée,IA:E300:111,H:23347_SELECTION_GLOBAL_SOUM_2026-08-13 - 8:75,FIXTURE TYPE T,8.1
ia,23347_SELECTION_GLOBAL_SOUM_2026-08-13 - 8 + 23347_SELECTION_GLOBAL_SOUM_2026-08-13 - 9,E300,Profilé T,2279,1047,0.4002,0.2451,2279,1047,appariée,IA:E300:112,H:23347_SELECTION_GLOBAL_SOUM_2026-08-13 - 8:76,FIXTURE TYPE T,10.6
ia,23347_SELECTION_GLOBAL_SOUM_2026-08-13 - 8 + 23347_SELECTION_GLOBAL_SOUM_2026-08-13 - 9,E300,Profilé T,2488,1047,0.4370,0.2451,2488,1047,appariée,IA:E300:113,H:23347_SELECTION_GLOBAL_SOUM_2026-08-13 - 8:77,FIXTURE TYPE T,12.6
ia,23347_SELECTION_GLOBAL_SOUM_2026-08-13 - 8 + 23347_SELECTION_GLOBAL_SOUM_2026-08-13 - 9,E300,Profilé T,2686,1047,0.4717,0.2451,2686,1047,appariée,IA:E300:114,H:23347_SELECTION_GLOBAL_SOUM_2026-08-13 - 8:78,FIXTURE TYPE T,10.7
ia,23347_SELECTION_GLOBAL_SOUM_2026-08-13 - 8 + 23347_SELECTION_GLOBAL_SOUM_2026-08-13 - 9,E300,Profilé T,2960,1047,0.5198,0.2451,2960,1047,appariée,IA:E300:115,H:23347_SELECTION_GLOBAL_SOUM_2026-08-13 - 8:79,FIXTURE TYPE T,83.5
ia,23347_SELECTION_GLOBAL_SOUM_2026-08-13 - 8 + 23347_SELECTION_GLOBAL_SOUM_2026-08-13 - 9,E300,Profilé T,3218,1043,0.5652,0.2442,3218,1043,appariée,IA:E300:116,H:23347_SELECTION_GLOBAL_SOUM_2026-08-13 - 8:81,FIXTURE TYPE T,24.9
ia,23347_SELECTION_GLOBAL_SOUM_2026-08-13 - 8 + 23347_SELECTION_GLOBAL_SOUM_2026-08-13 - 9,E300,Profilé T,3218,1243,0.5652,0.2910,3218,1243,appariée,IA:E300:117,H:23347_SELECTION_GLOBAL_SOUM_2026-08-13 - 8:82,FIXTURE TYPE T,26.9
ia,23347_SELECTION_GLOBAL_SOUM_2026-08-13 - 8 + 23347_SELECTION_GLOBAL_SOUM_2026-08-13 - 9,E300,Profilé T,3218,1443,0.5652,0.3379,3218,1443,appariée,IA:E300:118,H:23347_SELECTION_GLOBAL_SOUM_2026-08-13 - 8:83,FIXTURE TYPE T,23.1
ia,23347_SELECTION_GLOBAL_SOUM_2026-08-13 - 8 + 23347_SELECTION_GLOBAL_SOUM_2026-08-13 - 9,E300,Profilé T,3218,1643,0.5652,0.3847,3218,1643,appariée,IA:E300:119,H:23347_SELECTION_GLOBAL_SOUM_2026-08-13 - 8:84,FIXTURE TYPE T,22.7
ia,23347_SELECTION_GLOBAL_SOUM_2026-08-13 - 8 + 23347_SELECTION_GLOBAL_SOUM_2026-08-13 - 9,E300,Profilé T,3218,1852,0.5652,0.4336,3218,1852,appariée,IA:E300:120,H:23347_SELECTION_GLOBAL_SOUM_2026-08-13 - 8:85,FIXTURE TYPE T,16.6
ia,23347_SELECTION_GLOBAL_SOUM_2026-08-13 - 8 + 23347_SELECTION_GLOBAL_SOUM_2026-08-13 - 9,E300,Profilé T,3218,2043,0.5652,0.4783,3218,2043,appariée,IA:E300:121,H:23347_SELECTION_GLOBAL_SOUM_2026-08-13 - 8:86,FIXTURE TYPE T,16.9
ia,23347_SELECTION_GLOBAL_SOUM_2026-08-13 - 8 + 23347_SELECTION_GLOBAL_SOUM_2026-08-13 - 9,E300,Profilé T,3218,2239,0.5652,0.5242,3218,2239,appariée,IA:E300:122,H:23347_SELECTION_GLOBAL_SOUM_2026-08-13 - 8:266,FIXTURE TYPE D4-N,55.3
ia,23347_SELECTION_GLOBAL_SOUM_2026-08-13 - 8 + 23347_SELECTION_GLOBAL_SOUM_2026-08-13 - 9,E300,Projecteur D3-N,1975,2031,0.3469,0.4755,1975,2031,appariée,IA:E300:123,H:23347_SELECTION_GLOBAL_SOUM_2026-08-13 - 8:228,FIXTURE D3-N,8.3
ia,23347_SELECTION_GLOBAL_SOUM_2026-08-13 - 8 + 23347_SELECTION_GLOBAL_SOUM_2026-08-13 - 9,E300,Projecteur D3-N,1975,1347,0.3469,0.3154,1975,1347,appariée,IA:E300:124,H:23347_SELECTION_GLOBAL_SOUM_2026-08-13 - 8:187,FIXTURE D3-N,17.7
ia,23347_SELECTION_GLOBAL_SOUM_2026-08-13 - 8 + 23347_SELECTION_GLOBAL_SOUM_2026-08-13 - 9,E300,Projecteur D3-N,3142,1341,0.5518,0.3140,3142,1341,appariée,IA:E300:125,H:23347_SELECTION_GLOBAL_SOUM_2026-08-13 - 8:232,FIXTURE D3-N,35.9
ia,23347_SELECTION_GLOBAL_SOUM_2026-08-13 - 8 + 23347_SELECTION_GLOBAL_SOUM_2026-08-13 - 9,E300,Projecteur D3-N,3142,1892,0.5518,0.4430,3142,1892,appariée,IA:E300:126,H:23347_SELECTION_GLOBAL_SOUM_2026-08-13 - 8:96,FIXTURE TYPE R12-NS,58.7
ia,23347_SELECTION_GLOBAL_SOUM_2026-08-13 - 8 + 23347_SELECTION_GLOBAL_SOUM_2026-08-13 - 9,E300,Projecteur D3-N,3142,2093,0.5518,0.4900,3142,2093,appariée,IA:E300:127,H:23347_SELECTION_GLOBAL_SOUM_2026-08-13 - 8:239,FIXTURE D3-N,33.8
ia,23347_SELECTION_GLOBAL_SOUM_2026-08-13 - 8 + 23347_SELECTION_GLOBAL_SOUM_2026-08-13 - 9,E300,Projecteur D3-N,1896,1125,0.3330,0.2634,1896,1125,appariée,IA:E300:128,H:23347_SELECTION_GLOBAL_SOUM_2026-08-13 - 8:201,FIXTURE D3-N,53.8
ia,23347_SELECTION_GLOBAL_SOUM_2026-08-13 - 8 + 23347_SELECTION_GLOBAL_SOUM_2026-08-13 - 9,E300,Projecteur D3-N,1975,2507,0.3469,0.5870,1975,2507,appariée,IA:E300:129,H:23347_SELECTION_GLOBAL_SOUM_2026-08-13 - 8:129,FIXTURE D3-N,33.9
ia,23347_SELECTION_GLOBAL_SOUM_2026-08-13 - 8 + 23347_SELECTION_GLOBAL_SOUM_2026-08-13 - 9,E300,Projecteur D3-N,2801,3059,0.4919,0.7162,2801,3059,appariée,IA:E300:130,H:23347_SELECTION_GLOBAL_SOUM_2026-08-13 - 8:147,FIXTURE D3-N,24.9
ia,23347_SELECTION_GLOBAL_SOUM_2026-08-13 - 8 + 23347_SELECTION_GLOBAL_SOUM_2026-08-13 - 9,E300,Projecteur D3-N,2838,3078,0.4984,0.7207,2838,3078,appariée,IA:E300:131,H:23347_SELECTION_GLOBAL_SOUM_2026-08-13 - 8:146,FIXTURE D3-N,16.7
ia,23347_SELECTION_GLOBAL_SOUM_2026-08-13 - 8 + 23347_SELECTION_GLOBAL_SOUM_2026-08-13 - 9,E300,Projecteur D3-N,2838,2141,0.4984,0.5013,2838,2141,appariée,IA:E300:132,H:23347_SELECTION_GLOBAL_SOUM_2026-08-13 - 8:174,FIXTURE D3-N,37.3
ia,23347_SELECTION_GLOBAL_SOUM_2026-08-13 - 8 + 23347_SELECTION_GLOBAL_SOUM_2026-08-13 - 9,E300,Projecteur D3-N,2838,1831,0.4984,0.4287,2838,1831,appariée,IA:E300:133,H:23347_SELECTION_GLOBAL_SOUM_2026-08-13 - 8:178,FIXTURE D3-N,44.3
ia,23347_SELECTION_GLOBAL_SOUM_2026-08-13 - 8 + 23347_SELECTION_GLOBAL_SOUM_2026-08-13 - 9,E300,Projecteur D3-N,2838,1535,0.4984,0.3594,2838,1535,appariée,IA:E300:134,H:23347_SELECTION_GLOBAL_SOUM_2026-08-13 - 8:182,FIXTURE D3-N,41.0
ia,23347_SELECTION_GLOBAL_SOUM_2026-08-13 - 8 + 23347_SELECTION_GLOBAL_SOUM_2026-08-13 - 9,E300,Projecteur D3-N,2856,1546,0.5016,0.3620,2856,1546,appariée,IA:E300:135,H:23347_SELECTION_GLOBAL_SOUM_2026-08-13 - 8:181,FIXTURE D3-N,43.9
ia,23347_SELECTION_GLOBAL_SOUM_2026-08-13 - 8 + 23347_SELECTION_GLOBAL_SOUM_2026-08-13 - 9,E300,Projecteur D3-N,2856,1665,0.5016,0.3898,2856,1665,appariée,IA:E300:136,H:23347_SELECTION_GLOBAL_SOUM_2026-08-13 - 8:180,FIXTURE D3-N,40.0
ia,23347_SELECTION_GLOBAL_SOUM_2026-08-13 - 8 + 23347_SELECTION_GLOBAL_SOUM_2026-08-13 - 9,E300,Projecteur D3-N,2856,1784,0.5016,0.4177,2856,1784,appariée,IA:E300:137,H:23347_SELECTION_GLOBAL_SOUM_2026-08-13 - 8:179,FIXTURE D3-N,40.7
ia,23347_SELECTION_GLOBAL_SOUM_2026-08-13 - 8 + 23347_SELECTION_GLOBAL_SOUM_2026-08-13 - 9,E300,Projecteur D3-N,2856,1893,0.5016,0.4432,2856,1893,appariée,IA:E300:138,H:23347_SELECTION_GLOBAL_SOUM_2026-08-13 - 8:177,FIXTURE D3-N,40.0
ia,23347_SELECTION_GLOBAL_SOUM_2026-08-13 - 8 + 23347_SELECTION_GLOBAL_SOUM_2026-08-13 - 9,E300,Projecteur D3-N,2856,2011,0.5016,0.4708,2856,2011,appariée,IA:E300:139,H:23347_SELECTION_GLOBAL_SOUM_2026-08-13 - 8:176,FIXTURE D3-N,38.2
ia,23347_SELECTION_GLOBAL_SOUM_2026-08-13 - 8 + 23347_SELECTION_GLOBAL_SOUM_2026-08-13 - 9,E300,Projecteur D3-N,2856,2129,0.5016,0.4985,2856,2129,appariée,IA:E300:140,H:23347_SELECTION_GLOBAL_SOUM_2026-08-13 - 8:175,FIXTURE D3-N,37.7
ia,23347_SELECTION_GLOBAL_SOUM_2026-08-13 - 8 + 23347_SELECTION_GLOBAL_SOUM_2026-08-13 - 9,E300,Projecteur D3-N,2856,1398,0.5016,0.3273,2856,1398,appariée,IA:E300:141,H:23347_SELECTION_GLOBAL_SOUM_2026-08-13 - 8:183,FIXTURE D3-N,45.9
ia,23347_SELECTION_GLOBAL_SOUM_2026-08-13 - 8 + 23347_SELECTION_GLOBAL_SOUM_2026-08-13 - 9,E300,Projecteur D3-N,2856,1277,0.5016,0.2990,2856,1277,appariée,IA:E300:142,H:23347_SELECTION_GLOBAL_SOUM_2026-08-13 - 8:185,FIXTURE D3-N,11.4
ia,23347_SELECTION_GLOBAL_SOUM_2026-08-13 - 8 + 23347_SELECTION_GLOBAL_SOUM_2026-08-13 - 9,E300,Projecteur D3-N,2838,1241,0.4984,0.2906,2838,1241,appariée,IA:E300:143,H:23347_SELECTION_GLOBAL_SOUM_2026-08-13 - 8:99,FIXTURE TYPE R12-NS,28.5
ia,23347_SELECTION_GLOBAL_SOUM_2026-08-13 - 8 + 23347_SELECTION_GLOBAL_SOUM_2026-08-13 - 9,E300,Projecteur D3-N,3035,1613,0.5330,0.3777,3035,1613,appariée,IA:E300:144,H:23347_SELECTION_GLOBAL_SOUM_2026-08-13 - 8:245,FIXTURE D3-N,21.9
ia,23347_SELECTION_GLOBAL_SOUM_2026-08-13 - 8 + 23347_SELECTION_GLOBAL_SOUM_2026-08-13 - 9,E300,Projecteur D3-N,3025,1631,0.5313,0.3819,3025,1631,appariée,IA:E300:145,H:23347_SELECTION_GLOBAL_SOUM_2026-08-13 - 8:246,FIXTURE D3-N,24.7
ia,23347_SELECTION_GLOBAL_SOUM_2026-08-13 - 8 + 23347_SELECTION_GLOBAL_SOUM_2026-08-13 - 9,E300,Projecteur D3-N,3142,1628,0.5518,0.3812,3142,1628,appariée,IA:E300:146,H:23347_SELECTION_GLOBAL_SOUM_2026-08-13 - 8:271,FIXTURE TYPE D4-N,24.2
ia,23347_SELECTION_GLOBAL_SOUM_2026-08-13 - 8 + 23347_SELECTION_GLOBAL_SOUM_2026-08-13 - 9,E300,Projecteur D3-N,3142,1512,0.5518,0.3540,3142,1512,appariée,IA:E300:147,H:23347_SELECTION_GLOBAL_SOUM_2026-08-13 - 8:272,FIXTURE TYPE D4-N,28.3
ia,23347_SELECTION_GLOBAL_SOUM_2026-08-13 - 8 + 23347_SELECTION_GLOBAL_SOUM_2026-08-13 - 9,E300,Projecteur D3-N,3142,2171,0.5518,0.5083,3142,2171,appariée,IA:E300:148,H:23347_SELECTION_GLOBAL_SOUM_2026-08-13 - 8:241,FIXTURE D3-N,37.0
ia,23347_SELECTION_GLOBAL_SOUM_2026-08-13 - 8 + 23347_SELECTION_GLOBAL_SOUM_2026-08-13 - 9,E300,Projecteur D3-N,3142,2022,0.5518,0.4734,3142,2022,appariée,IA:E300:149,H:23347_SELECTION_GLOBAL_SOUM_2026-08-13 - 8:238,FIXTURE D3-N,51.5
ia,23347_SELECTION_GLOBAL_SOUM_2026-08-13 - 8 + 23347_SELECTION_GLOBAL_SOUM_2026-08-13 - 9,E300,Projecteur D3-N,3142,1931,0.5518,0.4521,3142,1931,appariée,IA:E300:150,H:23347_SELECTION_GLOBAL_SOUM_2026-08-13 - 8:269,FIXTURE TYPE D4-N,76.1
ia,23347_SELECTION_GLOBAL_SOUM_2026-08-13 - 8 + 23347_SELECTION_GLOBAL_SOUM_2026-08-13 - 9,E300,Projecteur D3-N,3142,1819,0.5518,0.4259,3142,1819,appariée,IA:E300:151,H:23347_SELECTION_GLOBAL_SOUM_2026-08-13 - 8:237,FIXTURE D3-N,13.4
ia,23347_SELECTION_GLOBAL_SOUM_2026-08-13 - 8 + 23347_SELECTION_GLOBAL_SOUM_2026-08-13 - 9,E300,Projecteur D3-N,3142,1422,0.5518,0.3329,3142,1422,appariée,IA:E300:152,H:23347_SELECTION_GLOBAL_SOUM_2026-08-13 - 8:233,FIXTURE D3-N,38.2
ia,23347_SELECTION_GLOBAL_SOUM_2026-08-13 - 8 + 23347_SELECTION_GLOBAL_SOUM_2026-08-13 - 9,E300,Projecteur D3-N,3142,1261,0.5518,0.2952,3142,1261,appariée,IA:E300:153,H:23347_SELECTION_GLOBAL_SOUM_2026-08-13 - 8:274,FIXTURE TYPE D4-N,33.2
ia,23347_SELECTION_GLOBAL_SOUM_2026-08-13 - 8 + 23347_SELECTION_GLOBAL_SOUM_2026-08-13 - 9,E300,Projecteur D3-N,2856,2582,0.5016,0.6045,2856,2582,appariée,IA:E300:154,H:23347_SELECTION_GLOBAL_SOUM_2026-08-13 - 8:171,FIXTURE D3-N,34.1
ia,23347_SELECTION_GLOBAL_SOUM_2026-08-13 - 8 + 23347_SELECTION_GLOBAL_SOUM_2026-08-13 - 9,E300,Projecteur D3-N,2838,2612,0.4984,0.6116,2838,2612,appariée,IA:E300:155,H:23347_SELECTION_GLOBAL_SOUM_2026-08-13 - 8:170,FIXTURE D3-N,28.3
ia,23347_SELECTION_GLOBAL_SOUM_2026-08-13 - 8 + 23347_SELECTION_GLOBAL_SOUM_2026-08-13 - 9,E300,Projecteur D3-N,2856,2762,0.5016,0.6467,2856,2762,appariée,IA:E300:156,H:23347_SELECTION_GLOBAL_SOUM_2026-08-13 - 8:169,FIXTURE D3-N,33.2
ia,23347_SELECTION_GLOBAL_SOUM_2026-08-13 - 8 + 23347_SELECTION_GLOBAL_SOUM_2026-08-13 - 9,E300,Projecteur D3-N,2838,2792,0.4984,0.6537,2838,2792,appariée,IA:E300:157,H:23347_SELECTION_GLOBAL_SOUM_2026-08-13 - 8:168,FIXTURE D3-N,30.8
ia,23347_SELECTION_GLOBAL_SOUM_2026-08-13 - 8 + 23347_SELECTION_GLOBAL_SOUM_2026-08-13 - 9,E300,Projecteur D3-N,2856,2903,0.5016,0.6797,2856,2903,appariée,IA:E300:158,H:23347_SELECTION_GLOBAL_SOUM_2026-08-13 - 8:167,FIXTURE D3-N,30.6
ia,23347_SELECTION_GLOBAL_SOUM_2026-08-13 - 8 + 23347_SELECTION_GLOBAL_SOUM_2026-08-13 - 9,E300,Projecteur D3-N,2838,2933,0.4984,0.6867,2838,2933,appariée,IA:E300:159,H:23347_SELECTION_GLOBAL_SOUM_2026-08-13 - 8:166,FIXTURE D3-N,31.7
ia,23347_SELECTION_GLOBAL_SOUM_2026-08-13 - 8 + 23347_SELECTION_GLOBAL_SOUM_2026-08-13 - 9,E300,Projecteur D3-N,2856,2397,0.5016,0.5612,2856,2397,appariée,IA:E300:160,H:23347_SELECTION_GLOBAL_SOUM_2026-08-13 - 8:172,FIXTURE D3-N,33.8
ia,23347_SELECTION_GLOBAL_SOUM_2026-08-13 - 8 + 23347_SELECTION_GLOBAL_SOUM_2026-08-13 - 9,E300,Projecteur D3-N,3142,1171,0.5518,0.2742,3142,1171,appariée,IA:E300:161,H:23347_SELECTION_GLOBAL_SOUM_2026-08-13 - 8:231,FIXTURE D3-N,45.7
ia,23347_SELECTION_GLOBAL_SOUM_2026-08-13 - 8 + 23347_SELECTION_GLOBAL_SOUM_2026-08-13 - 9,E300,Projecteur D3-N,2838,2427,0.4984,0.5683,2838,2427,appariée,IA:E300:162,H:23347_SELECTION_GLOBAL_SOUM_2026-08-13 - 8:173,FIXTURE D3-N,34.1
ia,23347_SELECTION_GLOBAL_SOUM_2026-08-13 - 8 + 23347_SELECTION_GLOBAL_SOUM_2026-08-13 - 9,E300,Projecteur D3-N,2194,2822,0.3853,0.6607,2194,2822,appariée,IA:E300:163,H:23347_SELECTION_GLOBAL_SOUM_2026-08-13 - 8:137,FIXTURE D3-N,18.2
ia,23347_SELECTION_GLOBAL_SOUM_2026-08-13 - 8 + 23347_SELECTION_GLOBAL_SOUM_2026-08-13 - 9,E300,Projecteur D3-N,2165,2840,0.3802,0.6649,2165,2840,appariée,IA:E300:164,H:23347_SELECTION_GLOBAL_SOUM_2026-08-13 - 8:136,FIXTURE D3-N,18.9
ia,23347_SELECTION_GLOBAL_SOUM_2026-08-13 - 8 + 23347_SELECTION_GLOBAL_SOUM_2026-08-13 - 9,E300,Projecteur D3-N,2669,2822,0.4687,0.6607,2669,2822,appariée,IA:E300:165,H:23347_SELECTION_GLOBAL_SOUM_2026-08-13 - 8:145,FIXTURE D3-N,21.3
ia,23347_SELECTION_GLOBAL_SOUM_2026-08-13 - 8 + 23347_SELECTION_GLOBAL_SOUM_2026-08-13 - 9,E300,Projecteur D3-N,2640,2840,0.4636,0.6649,2640,2840,appariée,IA:E300:166,H:23347_SELECTION_GLOBAL_SOUM_2026-08-13 - 8:144,FIXTURE D3-N,19.0
ia,23347_SELECTION_GLOBAL_SOUM_2026-08-13 - 8 + 23347_SELECTION_GLOBAL_SOUM_2026-08-13 - 9,E300,Projecteur D3-N,2569,2822,0.4512,0.6607,2569,2822,appariée,IA:E300:167,H:23347_SELECTION_GLOBAL_SOUM_2026-08-13 - 8:143,FIXTURE D3-N,18.8
ia,23347_SELECTION_GLOBAL_SOUM_2026-08-13 - 8 + 23347_SELECTION_GLOBAL_SOUM_2026-08-13 - 9,E300,Projecteur D3-N,2521,2840,0.4427,0.6649,2521,2840,appariée,IA:E300:168,H:23347_SELECTION_GLOBAL_SOUM_2026-08-13 - 8:142,FIXTURE D3-N,19.5
ia,23347_SELECTION_GLOBAL_SOUM_2026-08-13 - 8 + 23347_SELECTION_GLOBAL_SOUM_2026-08-13 - 9,E300,Projecteur D3-N,2431,2822,0.4269,0.6607,2431,2822,appariée,IA:E300:169,H:23347_SELECTION_GLOBAL_SOUM_2026-08-13 - 8:333,COUPLING,45.9
ia,23347_SELECTION_GLOBAL_SOUM_2026-08-13 - 8 + 23347_SELECTION_GLOBAL_SOUM_2026-08-13 - 9,E300,Projecteur D3-N,2402,2840,0.4218,0.6649,2402,2840,appariée,IA:E300:170,H:23347_SELECTION_GLOBAL_SOUM_2026-08-13 - 8:141,FIXTURE D3-N,18.7
ia,23347_SELECTION_GLOBAL_SOUM_2026-08-13 - 8 + 23347_SELECTION_GLOBAL_SOUM_2026-08-13 - 9,E300,Projecteur D3-N,2313,2822,0.4062,0.6607,2313,2822,appariée,IA:E300:171,H:23347_SELECTION_GLOBAL_SOUM_2026-08-13 - 8:139,FIXTURE D3-N,15.3
ia,23347_SELECTION_GLOBAL_SOUM_2026-08-13 - 8 + 23347_SELECTION_GLOBAL_SOUM_2026-08-13 - 9,E300,Projecteur D3-N,2284,2840,0.4011,0.6649,2284,2840,appariée,IA:E300:172,H:23347_SELECTION_GLOBAL_SOUM_2026-08-13 - 8:138,FIXTURE D3-N,17.7
ia,23347_SELECTION_GLOBAL_SOUM_2026-08-13 - 8 + 23347_SELECTION_GLOBAL_SOUM_2026-08-13 - 9,E300,Projecteur D3-N,2036,3059,0.3576,0.7162,2036,3059,appariée,IA:E300:173,H:23347_SELECTION_GLOBAL_SOUM_2026-08-13 - 8:160,FIXTURE D3-N,16.7
ia,23347_SELECTION_GLOBAL_SOUM_2026-08-13 - 8 + 23347_SELECTION_GLOBAL_SOUM_2026-08-13 - 9,E300,Projecteur D3-N,2007,3078,0.3525,0.7207,2007,3078,appariée,IA:E300:174,H:23347_SELECTION_GLOBAL_SOUM_2026-08-13 - 8:161,FIXTURE D3-N,18.9
ia,23347_SELECTION_GLOBAL_SOUM_2026-08-13 - 8 + 23347_SELECTION_GLOBAL_SOUM_2026-08-13 - 9,E300,Projecteur D3-N,2696,3059,0.4735,0.7162,2696,3059,appariée,IA:E300:175,H:23347_SELECTION_GLOBAL_SOUM_2026-08-13 - 8:46,FIXTURE TYPE R6-NS,18.6
ia,23347_SELECTION_GLOBAL_SOUM_2026-08-13 - 8 + 23347_SELECTION_GLOBAL_SOUM_2026-08-13 - 9,E300,Projecteur D3-N,2719,3078,0.4775,0.7207,2719,3078,appariée,IA:E300:176,H:23347_SELECTION_GLOBAL_SOUM_2026-08-13 - 8:149,FIXTURE D3-N,16.5
ia,23347_SELECTION_GLOBAL_SOUM_2026-08-13 - 8 + 23347_SELECTION_GLOBAL_SOUM_2026-08-13 - 9,E300,Projecteur D3-N,2630,3059,0.4619,0.7162,2630,3059,appariée,IA:E300:177,H:23347_SELECTION_GLOBAL_SOUM_2026-08-13 - 8:150,FIXTURE D3-N,17.8
ia,23347_SELECTION_GLOBAL_SOUM_2026-08-13 - 8 + 23347_SELECTION_GLOBAL_SOUM_2026-08-13 - 9,E300,Projecteur D3-N,2600,3078,0.4566,0.7207,2600,3078,appariée,IA:E300:178,H:23347_SELECTION_GLOBAL_SOUM_2026-08-13 - 8:151,FIXTURE D3-N,15.7
ia,23347_SELECTION_GLOBAL_SOUM_2026-08-13 - 8 + 23347_SELECTION_GLOBAL_SOUM_2026-08-13 - 9,E300,Projecteur D3-N,2511,3059,0.4410,0.7162,2511,3059,appariée,IA:E300:179,H:23347_SELECTION_GLOBAL_SOUM_2026-08-13 - 8:152,FIXTURE D3-N,15.7
ia,23347_SELECTION_GLOBAL_SOUM_2026-08-13 - 8 + 23347_SELECTION_GLOBAL_SOUM_2026-08-13 - 9,E300,Projecteur D3-N,2482,3078,0.4359,0.7207,2482,3078,appariée,IA:E300:180,H:23347_SELECTION_GLOBAL_SOUM_2026-08-13 - 8:153,FIXTURE D3-N,19.5
ia,23347_SELECTION_GLOBAL_SOUM_2026-08-13 - 8 + 23347_SELECTION_GLOBAL_SOUM_2026-08-13 - 9,E300,Projecteur D3-N,2392,3059,0.4201,0.7162,2392,3059,appariée,IA:E300:181,H:23347_SELECTION_GLOBAL_SOUM_2026-08-13 - 8:154,FIXTURE D3-N,17.7
ia,23347_SELECTION_GLOBAL_SOUM_2026-08-13 - 8 + 23347_SELECTION_GLOBAL_SOUM_2026-08-13 - 9,E300,Projecteur D3-N,2344,3078,0.4117,0.7207,2344,3078,appariée,IA:E300:182,H:23347_SELECTION_GLOBAL_SOUM_2026-08-13 - 8:155,FIXTURE D3-N,15.5
ia,23347_SELECTION_GLOBAL_SOUM_2026-08-13 - 8 + 23347_SELECTION_GLOBAL_SOUM_2026-08-13 - 9,E300,Projecteur D3-N,2291,3059,0.4024,0.7162,2291,3059,appariée,IA:E300:183,H:23347_SELECTION_GLOBAL_SOUM_2026-08-13 - 8:156,FIXTURE D3-N,17.2
ia,23347_SELECTION_GLOBAL_SOUM_2026-08-13 - 8 + 23347_SELECTION_GLOBAL_SOUM_2026-08-13 - 9,E300,Projecteur D3-N,2244,3078,0.3941,0.7207,2244,3078,appariée,IA:E300:184,H:23347_SELECTION_GLOBAL_SOUM_2026-08-13 - 8:157,FIXTURE D3-N,19.1
ia,23347_SELECTION_GLOBAL_SOUM_2026-08-13 - 8 + 23347_SELECTION_GLOBAL_SOUM_2026-08-13 - 9,E300,Projecteur D3-N,2155,3059,0.3785,0.7162,2155,3059,appariée,IA:E300:185,H:23347_SELECTION_GLOBAL_SOUM_2026-08-13 - 8:158,FIXTURE D3-N,18.2
ia,23347_SELECTION_GLOBAL_SOUM_2026-08-13 - 8 + 23347_SELECTION_GLOBAL_SOUM_2026-08-13 - 9,E300,Projecteur D3-N,2126,3078,0.3734,0.7207,2126,3078,appariée,IA:E300:186,H:23347_SELECTION_GLOBAL_SOUM_2026-08-13 - 8:159,FIXTURE D3-N,16.2
ia,23347_SELECTION_GLOBAL_SOUM_2026-08-13 - 8 + 23347_SELECTION_GLOBAL_SOUM_2026-08-13 - 9,E300,Projecteur D3-N,1957,2917,0.3437,0.6830,1957,2917,appariée,IA:E300:187,H:23347_SELECTION_GLOBAL_SOUM_2026-08-13 - 8:135,FIXTURE D3-N,32.9
ia,23347_SELECTION_GLOBAL_SOUM_2026-08-13 - 8 + 23347_SELECTION_GLOBAL_SOUM_2026-08-13 - 9,E300,Projecteur D3-N,1640,2922,0.2880,0.6841,1640,2922,appariée,IA:E300:188,H:23347_SELECTION_GLOBAL_SOUM_2026-08-13 - 8:125,FIXTURE D3-N,29.0
ia,23347_SELECTION_GLOBAL_SOUM_2026-08-13 - 8 + 23347_SELECTION_GLOBAL_SOUM_2026-08-13 - 9,E300,Projecteur D3-N,1640,2799,0.2880,0.6554,1640,2799,appariée,IA:E300:189,H:23347_SELECTION_GLOBAL_SOUM_2026-08-13 - 8:126,FIXTURE D3-N,32.7
ia,23347_SELECTION_GLOBAL_SOUM_2026-08-13 - 8 + 23347_SELECTION_GLOBAL_SOUM_2026-08-13 - 9,E300,Projecteur D3-N,1640,2552,0.2880,0.5975,1640,2552,appariée,IA:E300:190,H:23347_SELECTION_GLOBAL_SOUM_2026-08-13 - 8:128,FIXTURE D3-N,30.6
ia,23347_SELECTION_GLOBAL_SOUM_2026-08-13 - 8 + 23347_SELECTION_GLOBAL_SOUM_2026-08-13 - 9,E300,Projecteur D3-N,1640,2684,0.2880,0.6284,1640,2684,appariée,IA:E300:191,H:23347_SELECTION_GLOBAL_SOUM_2026-08-13 - 8:127,FIXTURE D3-N,29.3
ia,23347_SELECTION_GLOBAL_SOUM_2026-08-13 - 8 + 23347_SELECTION_GLOBAL_SOUM_2026-08-13 - 9,E300,Projecteur D3-N,1957,1893,0.3437,0.4432,1957,1893,appariée,IA:E300:192,H:23347_SELECTION_GLOBAL_SOUM_2026-08-13 - 8:196,FIXTURE D3-N,38.5
ia,23347_SELECTION_GLOBAL_SOUM_2026-08-13 - 8 + 23347_SELECTION_GLOBAL_SOUM_2026-08-13 - 9,E300,Projecteur D3-N,1957,1994,0.3437,0.4669,1957,1994,appariée,IA:E300:193,H:23347_SELECTION_GLOBAL_SOUM_2026-08-13 - 8:109,FIXTURE TYPE R12-NS,52.3
ia,23347_SELECTION_GLOBAL_SOUM_2026-08-13 - 8 + 23347_SELECTION_GLOBAL_SOUM_2026-08-13 - 9,E300,Projecteur D3-N,1957,2095,0.3437,0.4905,1957,2095,appariée,IA:E300:194,H:23347_SELECTION_GLOBAL_SOUM_2026-08-13 - 8:227,FIXTURE D3-N,38.0
ia,23347_SELECTION_GLOBAL_SOUM_2026-08-13 - 8 + 23347_SELECTION_GLOBAL_SOUM_2026-08-13 - 9,E300,Projecteur D3-N,1957,2196,0.3437,0.5142,1957,2196,appariée,IA:E300:195,H:23347_SELECTION_GLOBAL_SOUM_2026-08-13 - 8:225,FIXTURE D3-N,40.2
ia,23347_SELECTION_GLOBAL_SOUM_2026-08-13 - 8 + 23347_SELECTION_GLOBAL_SOUM_2026-08-13 - 9,E300,Projecteur D3-N,1957,2297,0.3437,0.5378,1957,2297,appariée,IA:E300:196,H:23347_SELECTION_GLOBAL_SOUM_2026-08-13 - 8:329,COUPLING,21.9
ia,23347_SELECTION_GLOBAL_SOUM_2026-08-13 - 8 + 23347_SELECTION_GLOBAL_SOUM_2026-08-13 - 9,E300,Projecteur D3-N,1957,1792,0.3437,0.4196,1957,1792,appariée,IA:E300:197,H:23347_SELECTION_GLOBAL_SOUM_2026-08-13 - 8:194,FIXTURE D3-N,39.1
ia,23347_SELECTION_GLOBAL_SOUM_2026-08-13 - 8 + 23347_SELECTION_GLOBAL_SOUM_2026-08-13 - 9,E300,Projecteur D3-N,1975,2129,0.3469,0.4985,1975,2129,appariée,IA:E300:198,H:23347_SELECTION_GLOBAL_SOUM_2026-08-13 - 8:226,FIXTURE D3-N,11.6
ia,23347_SELECTION_GLOBAL_SOUM_2026-08-13 - 8 + 23347_SELECTION_GLOBAL_SOUM_2026-08-13 - 9,E300,Projecteur D3-N,1850,2980,0.3249,0.6977,1850,2980,appariée,IA:E300:199,H:23347_SELECTION_GLOBAL_SOUM_2026-08-13 - 8:243,FIXTURE D3-N,18.9
ia,23347_SELECTION_GLOBAL_SOUM_2026-08-13 - 8 + 23347_SELECTION_GLOBAL_SOUM_2026-08-13 - 9,E300,Projecteur D3-N,1840,2999,0.3231,0.7022,1840,2999,appariée,IA:E300:200,H:23347_SELECTION_GLOBAL_SOUM_2026-08-13 - 8:244,FIXTURE D3-N,17.2
ia,23347_SELECTION_GLOBAL_SOUM_2026-08-13 - 8 + 23347_SELECTION_GLOBAL_SOUM_2026-08-13 - 9,E300,Projecteur D3-N,1957,2575,0.3437,0.6029,1957,2575,appariée,IA:E300:201,H:23347_SELECTION_GLOBAL_SOUM_2026-08-13 - 8:130,FIXTURE D3-N,33.6
ia,23347_SELECTION_GLOBAL_SOUM_2026-08-13 - 8 + 23347_SELECTION_GLOBAL_SOUM_2026-08-13 - 9,E300,Projecteur D3-N,1957,2821,0.3437,0.6605,1957,2821,appariée,IA:E300:202,H:23347_SELECTION_GLOBAL_SOUM_2026-08-13 - 8:133,FIXTURE D3-N,34.1
ia,23347_SELECTION_GLOBAL_SOUM_2026-08-13 - 8 + 23347_SELECTION_GLOBAL_SOUM_2026-08-13 - 9,E300,Projecteur D3-N,1957,2705,0.3437,0.6333,1957,2705,appariée,IA:E300:203,H:23347_SELECTION_GLOBAL_SOUM_2026-08-13 - 8:132,FIXTURE D3-N,26.9
ia,23347_SELECTION_GLOBAL_SOUM_2026-08-13 - 8 + 23347_SELECTION_GLOBAL_SOUM_2026-08-13 - 9,E300,Projecteur D3-N,1975,2850,0.3469,0.6673,1975,2850,appariée,IA:E300:204,H:23347_SELECTION_GLOBAL_SOUM_2026-08-13 - 8:134,FIXTURE D3-N,30.3
ia,23347_SELECTION_GLOBAL_SOUM_2026-08-13 - 8 + 23347_SELECTION_GLOBAL_SOUM_2026-08-13 - 9,E300,Projecteur D3-N,1975,2675,0.3469,0.6263,1975,2675,appariée,IA:E300:205,H:23347_SELECTION_GLOBAL_SOUM_2026-08-13 - 8:312,NPP-16,28.7
ia,23347_SELECTION_GLOBAL_SOUM_2026-08-13 - 8 + 23347_SELECTION_GLOBAL_SOUM_2026-08-13 - 9,E300,Projecteur D3-N,1975,2351,0.3469,0.5505,1975,2351,appariée,IA:E300:206,H:23347_SELECTION_GLOBAL_SOUM_2026-08-13 - 8:223,FIXTURE D3-N,19.2
ia,23347_SELECTION_GLOBAL_SOUM_2026-08-13 - 8 + 23347_SELECTION_GLOBAL_SOUM_2026-08-13 - 9,E300,Projecteur D3-N,1850,2488,0.3249,0.5825,1850,2488,appariée,IA:E300:207,H:23347_SELECTION_GLOBAL_SOUM_2026-08-13 - 8:220,FIXTURE D3-N,20.2
ia,23347_SELECTION_GLOBAL_SOUM_2026-08-13 - 8 + 23347_SELECTION_GLOBAL_SOUM_2026-08-13 - 9,E300,Projecteur D3-N,1840,2507,0.3231,0.5870,1840,2507,appariée,IA:E300:208,H:23347_SELECTION_GLOBAL_SOUM_2026-08-13 - 8:221,FIXTURE D3-N,18.6
ia,23347_SELECTION_GLOBAL_SOUM_2026-08-13 - 8 + 23347_SELECTION_GLOBAL_SOUM_2026-08-13 - 9,E300,Projecteur D3-N,2055,1125,0.3609,0.2634,2055,1125,appariée,IA:E300:209,H:23347_SELECTION_GLOBAL_SOUM_2026-08-13 - 8:202,FIXTURE D3-N,23.9
ia,23347_SELECTION_GLOBAL_SOUM_2026-08-13 - 8 + 23347_SELECTION_GLOBAL_SOUM_2026-08-13 - 9,E300,Projecteur D3-N,1975,1826,0.3469,0.4275,1975,1826,appariée,IA:E300:210,H:23347_SELECTION_GLOBAL_SOUM_2026-08-13 - 8:195,FIXTURE D3-N,38.4
ia,23347_SELECTION_GLOBAL_SOUM_2026-08-13 - 8 + 23347_SELECTION_GLOBAL_SOUM_2026-08-13 - 9,E300,Projecteur D3-N,1975,1523,0.3469,0.3566,1975,1523,appariée,IA:E300:211,H:23347_SELECTION_GLOBAL_SOUM_2026-08-13 - 8:190,FIXTURE D3-N,11.7
ia,23347_SELECTION_GLOBAL_SOUM_2026-08-13 - 8 + 23347_SELECTION_GLOBAL_SOUM_2026-08-13 - 9,E300,Projecteur D3-N,1957,1691,0.3437,0.3959,1957,1691,appariée,IA:E300:212,H:23347_SELECTION_GLOBAL_SOUM_2026-08-13 - 8:193,FIXTURE D3-N,34.8
ia,23347_SELECTION_GLOBAL_SOUM_2026-08-13 - 8 + 23347_SELECTION_GLOBAL_SOUM_2026-08-13 - 9,E300,Projecteur D3-N,1957,1590,0.3437,0.3723,1957,1590,appariée,IA:E300:213,H:23347_SELECTION_GLOBAL_SOUM_2026-08-13 - 8:323,COUPLING,13.1
ia,23347_SELECTION_GLOBAL_SOUM_2026-08-13 - 8 + 23347_SELECTION_GLOBAL_SOUM_2026-08-13 - 9,E300,Projecteur D3-N,1957,1489,0.3437,0.3486,1957,1489,appariée,IA:E300:214,H:23347_SELECTION_GLOBAL_SOUM_2026-08-13 - 8:189,FIXTURE D3-N,59.2
ia,23347_SELECTION_GLOBAL_SOUM_2026-08-13 - 8 + 23347_SELECTION_GLOBAL_SOUM_2026-08-13 - 9,E300,Projecteur D3-N,1957,1388,0.3437,0.3250,1957,1388,appariée,IA:E300:215,H:23347_SELECTION_GLOBAL_SOUM_2026-08-13 - 8:188,FIXTURE D3-N,26.5
ia,23347_SELECTION_GLOBAL_SOUM_2026-08-13 - 8 + 23347_SELECTION_GLOBAL_SOUM_2026-08-13 - 9,E300,Projecteur D3-N,1957,1287,0.3437,0.3013,1957,1287,appariée,IA:E300:216,H:23347_SELECTION_GLOBAL_SOUM_2026-08-13 - 8:186,FIXTURE D3-N,25.2
ia,23347_SELECTION_GLOBAL_SOUM_2026-08-13 - 8 + 23347_SELECTION_GLOBAL_SOUM_2026-08-13 - 9,E300,Projecteur D3-N,1975,1253,0.3469,0.2934,1975,1253,appariée,IA:E300:217,H:23347_SELECTION_GLOBAL_SOUM_2026-08-13 - 8:111,FIXTURE TYPE R12-NS,11.3
ia,23347_SELECTION_GLOBAL_SOUM_2026-08-13 - 8 + 23347_SELECTION_GLOBAL_SOUM_2026-08-13 - 9,E300,Projecteur D3-N,3013,1125,0.5292,0.2634,3013,1125,appariée,IA:E300:218,H:23347_SELECTION_GLOBAL_SOUM_2026-08-13 - 8:209,FIXTURE D3-N,28.6
ia,23347_SELECTION_GLOBAL_SOUM_2026-08-13 - 8 + 23347_SELECTION_GLOBAL_SOUM_2026-08-13 - 9,E300,Projecteur D3-N,2859,1125,0.5021,0.2634,2859,1125,appariée,IA:E300:219,H:23347_SELECTION_GLOBAL_SOUM_2026-08-13 - 8:208,FIXTURE D3-N,23.0
ia,23347_SELECTION_GLOBAL_SOUM_2026-08-13 - 8 + 23347_SELECTION_GLOBAL_SOUM_2026-08-13 - 9,E300,Projecteur D3-N,2659,1125,0.4670,0.2634,2659,1125,appariée,IA:E300:220,H:23347_SELECTION_GLOBAL_SOUM_2026-08-13 - 8:207,FIXTURE D3-N,24.7
ia,23347_SELECTION_GLOBAL_SOUM_2026-08-13 - 8 + 23347_SELECTION_GLOBAL_SOUM_2026-08-13 - 9,E300,Projecteur D3-N,2564,1125,0.4503,0.2634,2564,1125,appariée,IA:E300:221,H:23347_SELECTION_GLOBAL_SOUM_2026-08-13 - 8:206,FIXTURE D3-N,26.1
ia,23347_SELECTION_GLOBAL_SOUM_2026-08-13 - 8 + 23347_SELECTION_GLOBAL_SOUM_2026-08-13 - 9,E300,Projecteur D3-N,2435,1125,0.4276,0.2634,2435,1125,appariée,IA:E300:222,H:23347_SELECTION_GLOBAL_SOUM_2026-08-13 - 8:205,FIXTURE D3-N,25.4
ia,23347_SELECTION_GLOBAL_SOUM_2026-08-13 - 8 + 23347_SELECTION_GLOBAL_SOUM_2026-08-13 - 9,E300,Projecteur D3-N,2306,1125,0.4050,0.2634,2306,1125,appariée,IA:E300:223,H:23347_SELECTION_GLOBAL_SOUM_2026-08-13 - 8:204,FIXTURE D3-N,26.4
ia,23347_SELECTION_GLOBAL_SOUM_2026-08-13 - 8 + 23347_SELECTION_GLOBAL_SOUM_2026-08-13 - 9,E300,Projecteur D3-N,2188,1125,0.3843,0.2634,2188,1125,appariée,IA:E300:224,H:23347_SELECTION_GLOBAL_SOUM_2026-08-13 - 8:203,FIXTURE D3-N,24.7
ia,23347_SELECTION_GLOBAL_SOUM_2026-08-13 - 8 + 23347_SELECTION_GLOBAL_SOUM_2026-08-13 - 9,E300,Projecteur D3-NT1,3142,2801,0.5518,0.6558,3142,2801,appariée,IA:E300:225,H:23347_SELECTION_GLOBAL_SOUM_2026-08-13 - 8:247,FIXTURE TYPE D4-NT1,24.0
ia,23347_SELECTION_GLOBAL_SOUM_2026-08-13 - 8 + 23347_SELECTION_GLOBAL_SOUM_2026-08-13 - 9,E300,Projecteur D3-NT1,3142,2700,0.5518,0.6322,3142,2700,appariée,IA:E300:226,H:23347_SELECTION_GLOBAL_SOUM_2026-08-13 - 8:248,FIXTURE TYPE D4-NT1,24.2
ia,23347_SELECTION_GLOBAL_SOUM_2026-08-13 - 8 + 23347_SELECTION_GLOBAL_SOUM_2026-08-13 - 9,E300,Projecteur D3-NT1,3142,2599,0.5518,0.6085,3142,2599,appariée,IA:E300:227,H:23347_SELECTION_GLOBAL_SOUM_2026-08-13 - 8:249,FIXTURE TYPE D4-NT1,26.3
ia,23347_SELECTION_GLOBAL_SOUM_2026-08-13 - 8 + 23347_SELECTION_GLOBAL_SOUM_2026-08-13 - 9,E300,Projecteur D3-NT1,3142,2498,0.5518,0.5849,3142,2498,appariée,IA:E300:228,H:23347_SELECTION_GLOBAL_SOUM_2026-08-13 - 8:250,FIXTURE TYPE D4-NT1,31.8
ia,23347_SELECTION_GLOBAL_SOUM_2026-08-13 - 8 + 23347_SELECTION_GLOBAL_SOUM_2026-08-13 - 9,E300,Projecteur D3-NT1,3142,2296,0.5518,0.5376,3142,2296,appariée,IA:E300:229,H:23347_SELECTION_GLOBAL_SOUM_2026-08-13 - 8:252,FIXTURE TYPE D4-NT1,26.1
ia,23347_SELECTION_GLOBAL_SOUM_2026-08-13 - 8 + 23347_SELECTION_GLOBAL_SOUM_2026-08-13 - 9,E300,Projecteur D3-NT1,3142,2397,0.5518,0.5612,3142,2397,appariée,IA:E300:230,H:23347_SELECTION_GLOBAL_SOUM_2026-08-13 - 8:251,FIXTURE TYPE D4-NT1,29.1
ia,23347_SELECTION_GLOBAL_SOUM_2026-08-13 - 8 + 23347_SELECTION_GLOBAL_SOUM_2026-08-13 - 9,E300,Projecteur D3-NT1,1857,1880,0.3261,0.4402,1857,1880,en trop IA,IA:E300:231,,,
ia,23347_SELECTION_GLOBAL_SOUM_2026-08-13 - 8 + 23347_SELECTION_GLOBAL_SOUM_2026-08-13 - 9,E300,Projecteur D3-NT1,1848,1898,0.3246,0.4444,1848,1898,appariée,IA:E300:232,H:23347_SELECTION_GLOBAL_SOUM_2026-08-13 - 8:214,FIXTURE D3-N,18.7
ia,23347_SELECTION_GLOBAL_SOUM_2026-08-13 - 8 + 23347_SELECTION_GLOBAL_SOUM_2026-08-13 - 9,E300,Projecteur D3-NT1,1665,2291,0.2924,0.5364,1665,2291,appariée,IA:E300:233,H:23347_SELECTION_GLOBAL_SOUM_2026-08-13 - 8:254,FIXTURE TYPE D4-NT1,23.3
ia,23347_SELECTION_GLOBAL_SOUM_2026-08-13 - 8 + 23347_SELECTION_GLOBAL_SOUM_2026-08-13 - 9,E300,Projecteur D3-NT1,1665,2190,0.2924,0.5128,1665,2190,appariée,IA:E300:234,H:23347_SELECTION_GLOBAL_SOUM_2026-08-13 - 8:118,FIXTURE TYPE R8-NS,6.3
ia,23347_SELECTION_GLOBAL_SOUM_2026-08-13 - 8 + 23347_SELECTION_GLOBAL_SOUM_2026-08-13 - 9,E300,Projecteur D3-NT1,1665,2089,0.2924,0.4891,1665,2089,appariée,IA:E300:235,H:23347_SELECTION_GLOBAL_SOUM_2026-08-13 - 8:255,FIXTURE TYPE D4-NT1,81.3
ia,23347_SELECTION_GLOBAL_SOUM_2026-08-13 - 8 + 23347_SELECTION_GLOBAL_SOUM_2026-08-13 - 9,E300,Projecteur D3-NT1,1665,1988,0.2924,0.4655,1665,1988,appariée,IA:E300:236,H:23347_SELECTION_GLOBAL_SOUM_2026-08-13 - 8:216,FIXTURE D3-N,48.6
ia,23347_SELECTION_GLOBAL_SOUM_2026-08-13 - 8 + 23347_SELECTION_GLOBAL_SOUM_2026-08-13 - 9,E300,Projecteur D3-NT1,1665,1887,0.2924,0.4418,1665,1887,appariée,IA:E300:237,H:23347_SELECTION_GLOBAL_SOUM_2026-08-13 - 8:212,FIXTURE D3-N,52.7
ia,23347_SELECTION_GLOBAL_SOUM_2026-08-13 - 8 + 23347_SELECTION_GLOBAL_SOUM_2026-08-13 - 9,E300,Projecteur D3-NT1,1665,1786,0.2924,0.4182,1665,1786,appariée,IA:E300:238,H:23347_SELECTION_GLOBAL_SOUM_2026-08-13 - 8:259,FIXTURE TYPE D4-NT1,20.2
ia,23347_SELECTION_GLOBAL_SOUM_2026-08-13 - 8 + 23347_SELECTION_GLOBAL_SOUM_2026-08-13 - 9,E300,Projecteur D3-NT1,1665,1180,0.2924,0.2763,1665,1180,appariée,IA:E300:239,H:23347_SELECTION_GLOBAL_SOUM_2026-08-13 - 8:199,FIXTURE D3-N,54.8
ia,23347_SELECTION_GLOBAL_SOUM_2026-08-13 - 8 + 23347_SELECTION_GLOBAL_SOUM_2026-08-13 - 9,E300,Projecteur D3-NT1,1665,1685,0.2924,0.3945,1665,1685,appariée,IA:E300:240,H:23347_SELECTION_GLOBAL_SOUM_2026-08-13 - 8:260,FIXTURE TYPE D4-NT1,18.7
ia,23347_SELECTION_GLOBAL_SOUM_2026-08-13 - 8 + 23347_SELECTION_GLOBAL_SOUM_2026-08-13 - 9,E300,Projecteur D3-NT1,1665,1584,0.2924,0.3709,1665,1584,appariée,IA:E300:241,H:23347_SELECTION_GLOBAL_SOUM_2026-08-13 - 8:261,FIXTURE TYPE D4-NT1,18.4
ia,23347_SELECTION_GLOBAL_SOUM_2026-08-13 - 8 + 23347_SELECTION_GLOBAL_SOUM_2026-08-13 - 9,E300,Projecteur D3-NT1,1665,1483,0.2924,0.3472,1665,1483,appariée,IA:E300:242,H:23347_SELECTION_GLOBAL_SOUM_2026-08-13 - 8:322,COUPLING,5.8
ia,23347_SELECTION_GLOBAL_SOUM_2026-08-13 - 8 + 23347_SELECTION_GLOBAL_SOUM_2026-08-13 - 9,E300,Projecteur D3-NT1,1665,1382,0.2924,0.3236,1665,1382,appariée,IA:E300:243,H:23347_SELECTION_GLOBAL_SOUM_2026-08-13 - 8:198,FIXTURE D3-N,52.6
ia,23347_SELECTION_GLOBAL_SOUM_2026-08-13 - 8 + 23347_SELECTION_GLOBAL_SOUM_2026-08-13 - 9,E300,Projecteur D3-NT1,1665,1281,0.2924,0.2999,1665,1281,appariée,IA:E300:244,H:23347_SELECTION_GLOBAL_SOUM_2026-08-13 - 8:242,FIXTURE D3-N,53.3
ia,23347_SELECTION_GLOBAL_SOUM_2026-08-13 - 8 + 23347_SELECTION_GLOBAL_SOUM_2026-08-13 - 9,E300,Projecteur D3-NT1,1785,1125,0.3135,0.2634,1785,1125,appariée,IA:E300:245,H:23347_SELECTION_GLOBAL_SOUM_2026-08-13 - 8:200,FIXTURE D3-N,45.7
ia,23347_SELECTION_GLOBAL_SOUM_2026-08-13 - 8 + 23347_SELECTION_GLOBAL_SOUM_2026-08-13 - 9,E300,Projecteur D4-N,1975,1109,0.3469,0.2597,1975,1109,appariée,IA:E300:246,H:23347_SELECTION_GLOBAL_SOUM_2026-08-13 - 8:287,FIXTURE TYPE D4-N,25.0
ia,23347_SELECTION_GLOBAL_SOUM_2026-08-13 - 8 + 23347_SELECTION_GLOBAL_SOUM_2026-08-13 - 9,E300,Projecteur D4-N,1910,1109,0.3354,0.2597,1910,1109,appariée,IA:E300:247,H:23347_SELECTION_GLOBAL_SOUM_2026-08-13 - 8:88,FIXTURE R6-NS,10.6
ia,23347_SELECTION_GLOBAL_SOUM_2026-08-13 - 8 + 23347_SELECTION_GLOBAL_SOUM_2026-08-13 - 9,E300,Projecteur D4-N,3160,2180,0.5550,0.5104,3160,2180,appariée,IA:E300:248,H:23347_SELECTION_GLOBAL_SOUM_2026-08-13 - 8:95,FIXTURE TYPE R12-NS,9.1
ia,23347_SELECTION_GLOBAL_SOUM_2026-08-13 - 8 + 23347_SELECTION_GLOBAL_SOUM_2026-08-13 - 9,E300,Projecteur D4-N,3160,2056,0.5550,0.4814,3160,2056,appariée,IA:E300:249,H:23347_SELECTION_GLOBAL_SOUM_2026-08-13 - 8:267,FIXTURE TYPE D4-N,39.0
ia,23347_SELECTION_GLOBAL_SOUM_2026-08-13 - 8 + 23347_SELECTION_GLOBAL_SOUM_2026-08-13 - 9,E300,Projecteur D4-N,3160,1938,0.5550,0.4538,3160,1938,appariée,IA:E300:250,H:23347_SELECTION_GLOBAL_SOUM_2026-08-13 - 8:268,FIXTURE TYPE D4-N,37.9
ia,23347_SELECTION_GLOBAL_SOUM_2026-08-13 - 8 + 23347_SELECTION_GLOBAL_SOUM_2026-08-13 - 9,E300,Projecteur D4-N,3160,1819,0.5550,0.4259,3160,1819,appariée,IA:E300:251,H:23347_SELECTION_GLOBAL_SOUM_2026-08-13 - 8:324,COUPLING,6.4
ia,23347_SELECTION_GLOBAL_SOUM_2026-08-13 - 8 + 23347_SELECTION_GLOBAL_SOUM_2026-08-13 - 9,E300,Projecteur D4-N,3160,1700,0.5550,0.3980,3160,1700,appariée,IA:E300:252,H:23347_SELECTION_GLOBAL_SOUM_2026-08-13 - 8:236,FIXTURE D3-N,34.8
ia,23347_SELECTION_GLOBAL_SOUM_2026-08-13 - 8 + 23347_SELECTION_GLOBAL_SOUM_2026-08-13 - 9,E300,Projecteur D4-N,3160,1582,0.5550,0.3704,3160,1582,appariée,IA:E300:253,H:23347_SELECTION_GLOBAL_SOUM_2026-08-13 - 8:235,FIXTURE D3-N,26.3
ia,23347_SELECTION_GLOBAL_SOUM_2026-08-13 - 8 + 23347_SELECTION_GLOBAL_SOUM_2026-08-13 - 9,E300,Projecteur D4-N,3160,1463,0.5550,0.3425,3160,1463,appariée,IA:E300:254,H:23347_SELECTION_GLOBAL_SOUM_2026-08-13 - 8:316,COUPLING,17.7
ia,23347_SELECTION_GLOBAL_SOUM_2026-08-13 - 8 + 23347_SELECTION_GLOBAL_SOUM_2026-08-13 - 9,E300,Projecteur D4-N,3160,1345,0.5550,0.3149,3160,1345,appariée,IA:E300:255,H:23347_SELECTION_GLOBAL_SOUM_2026-08-13 - 8:273,FIXTURE TYPE D4-N,45.4
ia,23347_SELECTION_GLOBAL_SOUM_2026-08-13 - 8 + 23347_SELECTION_GLOBAL_SOUM_2026-08-13 - 9,E300,Projecteur D4-N,3160,1235,0.5550,0.2892,3160,1235,appariée,IA:E300:256,H:23347_SELECTION_GLOBAL_SOUM_2026-08-13 - 8:275,FIXTURE TYPE D4-N,31.5
ia,23347_SELECTION_GLOBAL_SOUM_2026-08-13 - 8 + 23347_SELECTION_GLOBAL_SOUM_2026-08-13 - 9,E300,Projecteur D4-N,3160,1158,0.5550,0.2711,3160,1158,appariée,IA:E300:257,H:23347_SELECTION_GLOBAL_SOUM_2026-08-13 - 8:276,FIXTURE TYPE D4-N,13.8
ia,23347_SELECTION_GLOBAL_SOUM_2026-08-13 - 8 + 23347_SELECTION_GLOBAL_SOUM_2026-08-13 - 9,E300,Projecteur D4-N,3160,1100,0.5550,0.2576,3160,1100,appariée,IA:E300:258,H:23347_SELECTION_GLOBAL_SOUM_2026-08-13 - 8:314,90DEGRE,31.8
ia,23347_SELECTION_GLOBAL_SOUM_2026-08-13 - 8 + 23347_SELECTION_GLOBAL_SOUM_2026-08-13 - 9,E300,Projecteur D4-N,1622,2862,0.2849,0.6701,1622,2862,appariée,IA:E300:259,H:23347_SELECTION_GLOBAL_SOUM_2026-08-13 - 8:290,FIXTURE TYPE D4-N,30.4
ia,23347_SELECTION_GLOBAL_SOUM_2026-08-13 - 8 + 23347_SELECTION_GLOBAL_SOUM_2026-08-13 - 9,E300,Projecteur D4-N,1622,2732,0.2849,0.6397,1622,2732,appariée,IA:E300:260,H:23347_SELECTION_GLOBAL_SOUM_2026-08-13 - 8:337,COUPLING,23.6
ia,23347_SELECTION_GLOBAL_SOUM_2026-08-13 - 8 + 23347_SELECTION_GLOBAL_SOUM_2026-08-13 - 9,E300,Projecteur D4-N,1622,2630,0.2849,0.6158,1622,2630,appariée,IA:E300:261,H:23347_SELECTION_GLOBAL_SOUM_2026-08-13 - 8:292,FIXTURE TYPE D4-N,31.5
ia,23347_SELECTION_GLOBAL_SOUM_2026-08-13 - 8 + 23347_SELECTION_GLOBAL_SOUM_2026-08-13 - 9,E300,Projecteur D4-N,1622,2931,0.2849,0.6863,1622,2931,appariée,IA:E300:262,H:23347_SELECTION_GLOBAL_SOUM_2026-08-13 - 8:289,FIXTURE TYPE D4-N,32.1
ia,23347_SELECTION_GLOBAL_SOUM_2026-08-13 - 8 + 23347_SELECTION_GLOBAL_SOUM_2026-08-13 - 9,E300,Projecteur D4-N,3128,1099,0.5494,0.2573,3128,1099,appariée,IA:E300:263,H:23347_SELECTION_GLOBAL_SOUM_2026-08-13 - 8:277,FIXTURE TYPE D4-N,33.0
ia,23347_SELECTION_GLOBAL_SOUM_2026-08-13 - 8 + 23347_SELECTION_GLOBAL_SOUM_2026-08-13 - 9,E300,Projecteur D4-N,3091,1109,0.5429,0.2597,3091,1109,appariée,IA:E300:264,H:23347_SELECTION_GLOBAL_SOUM_2026-08-13 - 8:278,FIXTURE TYPE D4-N,23.8
ia,23347_SELECTION_GLOBAL_SOUM_2026-08-13 - 8 + 23347_SELECTION_GLOBAL_SOUM_2026-08-13 - 9,E300,Projecteur D4-N,3000,1109,0.5269,0.2597,3000,1109,appariée,IA:E300:265,H:23347_SELECTION_GLOBAL_SOUM_2026-08-13 - 8:279,FIXTURE TYPE D4-N,26.2
ia,23347_SELECTION_GLOBAL_SOUM_2026-08-13 - 8 + 23347_SELECTION_GLOBAL_SOUM_2026-08-13 - 9,E300,Projecteur D4-N,2878,1109,0.5054,0.2597,2878,1109,appariée,IA:E300:266,H:23347_SELECTION_GLOBAL_SOUM_2026-08-13 - 8:280,FIXTURE TYPE D4-N,26.6
ia,23347_SELECTION_GLOBAL_SOUM_2026-08-13 - 8 + 23347_SELECTION_GLOBAL_SOUM_2026-08-13 - 9,E300,Projecteur D4-N,2761,1109,0.4849,0.2597,2761,1109,appariée,IA:E300:267,H:23347_SELECTION_GLOBAL_SOUM_2026-08-13 - 8:281,FIXTURE TYPE D4-N,26.3
ia,23347_SELECTION_GLOBAL_SOUM_2026-08-13 - 8 + 23347_SELECTION_GLOBAL_SOUM_2026-08-13 - 9,E300,Projecteur D4-N,2141,1109,0.3760,0.2597,2141,1109,appariée,IA:E300:268,H:23347_SELECTION_GLOBAL_SOUM_2026-08-13 - 8:286,FIXTURE TYPE D4-N,25.2
ia,23347_SELECTION_GLOBAL_SOUM_2026-08-13 - 8 + 23347_SELECTION_GLOBAL_SOUM_2026-08-13 - 9,E300,Projecteur D4-N,2270,1109,0.3987,0.2597,2270,1109,appariée,IA:E300:269,H:23347_SELECTION_GLOBAL_SOUM_2026-08-13 - 8:285,FIXTURE TYPE D4-N,25.3
ia,23347_SELECTION_GLOBAL_SOUM_2026-08-13 - 8 + 23347_SELECTION_GLOBAL_SOUM_2026-08-13 - 9,E300,Projecteur D4-N,2392,1109,0.4201,0.2597,2392,1109,appariée,IA:E300:270,H:23347_SELECTION_GLOBAL_SOUM_2026-08-13 - 8:284,FIXTURE TYPE D4-N,27.1
ia,23347_SELECTION_GLOBAL_SOUM_2026-08-13 - 8 + 23347_SELECTION_GLOBAL_SOUM_2026-08-13 - 9,E300,Projecteur D4-N,2520,1109,0.4426,0.2597,2520,1109,appariée,IA:E300:271,H:23347_SELECTION_GLOBAL_SOUM_2026-08-13 - 8:283,FIXTURE TYPE D4-N,25.6
ia,23347_SELECTION_GLOBAL_SOUM_2026-08-13 - 8 + 23347_SELECTION_GLOBAL_SOUM_2026-08-13 - 9,E300,Projecteur D4-N,2647,1109,0.4649,0.2597,2647,1109,appariée,IA:E300:272,H:23347_SELECTION_GLOBAL_SOUM_2026-08-13 - 8:282,FIXTURE TYPE D4-N,26.7
ia,23347_SELECTION_GLOBAL_SOUM_2026-08-13 - 8 + 23347_SELECTION_GLOBAL_SOUM_2026-08-13 - 9,E300,Projecteur D4-NT1,3160,2767,0.5550,0.6479,3160,2767,appariée,IA:E300:273,H:23347_SELECTION_GLOBAL_SOUM_2026-08-13 - 8:342,FIXTURE TYPE D3-NT1,29.3
ia,23347_SELECTION_GLOBAL_SOUM_2026-08-13 - 8 + 23347_SELECTION_GLOBAL_SOUM_2026-08-13 - 9,E300,Projecteur D4-NT1,3160,2666,0.5550,0.6242,3160,2666,appariée,IA:E300:274,H:23347_SELECTION_GLOBAL_SOUM_2026-08-13 - 8:341,FIXTURE TYPE D3-NT1,25.1
ia,23347_SELECTION_GLOBAL_SOUM_2026-08-13 - 8 + 23347_SELECTION_GLOBAL_SOUM_2026-08-13 - 9,E300,Projecteur D4-NT1,3160,2565,0.5550,0.6006,3160,2565,appariée,IA:E300:275,H:23347_SELECTION_GLOBAL_SOUM_2026-08-13 - 8:340,FIXTURE TYPE D3-NT1,24.8
ia,23347_SELECTION_GLOBAL_SOUM_2026-08-13 - 8 + 23347_SELECTION_GLOBAL_SOUM_2026-08-13 - 9,E300,Projecteur D4-NT1,3160,2464,0.5550,0.5769,3160,2464,appariée,IA:E300:276,H:23347_SELECTION_GLOBAL_SOUM_2026-08-13 - 8:338,FIXTURE TYPE D3-NT1,26.3
ia,23347_SELECTION_GLOBAL_SOUM_2026-08-13 - 8 + 23347_SELECTION_GLOBAL_SOUM_2026-08-13 - 9,E300,Projecteur D4-NT1,3160,2363,0.5550,0.5533,3160,2363,appariée,IA:E300:277,H:23347_SELECTION_GLOBAL_SOUM_2026-08-13 - 8:339,FIXTURE TYPE D3-NT1,23.4
ia,23347_SELECTION_GLOBAL_SOUM_2026-08-13 - 8 + 23347_SELECTION_GLOBAL_SOUM_2026-08-13 - 9,E300,Projecteur D4-NT1,3160,2262,0.5550,0.5296,3160,2262,appariée,IA:E300:278,H:23347_SELECTION_GLOBAL_SOUM_2026-08-13 - 8:331,COUPLING,9.0
ia,23347_SELECTION_GLOBAL_SOUM_2026-08-13 - 8 + 23347_SELECTION_GLOBAL_SOUM_2026-08-13 - 9,E300,Projecteur D4-NT1,1647,1113,0.2893,0.2606,1647,1113,appariée,IA:E300:279,H:23347_SELECTION_GLOBAL_SOUM_2026-08-13 - 8:265,FIXTURE TYPE D4-NT1,53.9
ia,23347_SELECTION_GLOBAL_SOUM_2026-08-13 - 8 + 23347_SELECTION_GLOBAL_SOUM_2026-08-13 - 9,E300,Projecteur D4-NT1,1647,1214,0.2893,0.2842,1647,1214,appariée,IA:E300:280,H:23347_SELECTION_GLOBAL_SOUM_2026-08-13 - 8:264,FIXTURE TYPE D4-NT1,56.4
ia,23347_SELECTION_GLOBAL_SOUM_2026-08-13 - 8 + 23347_SELECTION_GLOBAL_SOUM_2026-08-13 - 9,E300,Projecteur D4-NT1,1647,1315,0.2893,0.3079,1647,1315,appariée,IA:E300:281,H:23347_SELECTION_GLOBAL_SOUM_2026-08-13 - 8:263,FIXTURE TYPE D4-NT1,53.0
ia,23347_SELECTION_GLOBAL_SOUM_2026-08-13 - 8 + 23347_SELECTION_GLOBAL_SOUM_2026-08-13 - 9,E300,Projecteur D4-NT1,1647,1416,0.2893,0.3315,1647,1416,appariée,IA:E300:282,H:23347_SELECTION_GLOBAL_SOUM_2026-08-13 - 8:262,FIXTURE TYPE D4-NT1,50.2
ia,23347_SELECTION_GLOBAL_SOUM_2026-08-13 - 8 + 23347_SELECTION_GLOBAL_SOUM_2026-08-13 - 9,E300,Projecteur D4-NT1,1647,1517,0.2893,0.3552,1647,1517,appariée,IA:E300:283,H:23347_SELECTION_GLOBAL_SOUM_2026-08-13 - 8:197,FIXTURE D3-N,32.0
ia,23347_SELECTION_GLOBAL_SOUM_2026-08-13 - 8 + 23347_SELECTION_GLOBAL_SOUM_2026-08-13 - 9,E300,Projecteur D4-NT1,1647,1618,0.2893,0.3788,1647,1618,appariée,IA:E300:284,H:23347_SELECTION_GLOBAL_SOUM_2026-08-13 - 8:211,FIXTURE D3-N,28.2
ia,23347_SELECTION_GLOBAL_SOUM_2026-08-13 - 8 + 23347_SELECTION_GLOBAL_SOUM_2026-08-13 - 9,E300,Projecteur D4-NT1,1647,1719,0.2893,0.4025,1647,1719,appariée,IA:E300:285,H:23347_SELECTION_GLOBAL_SOUM_2026-08-13 - 8:210,FIXTURE D3-N,26.0
ia,23347_SELECTION_GLOBAL_SOUM_2026-08-13 - 8 + 23347_SELECTION_GLOBAL_SOUM_2026-08-13 - 9,E300,Projecteur D4-NT1,1647,1820,0.2893,0.4261,1647,1820,appariée,IA:E300:286,H:23347_SELECTION_GLOBAL_SOUM_2026-08-13 - 8:327,COUPLING,17.4
ia,23347_SELECTION_GLOBAL_SOUM_2026-08-13 - 8 + 23347_SELECTION_GLOBAL_SOUM_2026-08-13 - 9,E300,Projecteur D4-NT1,1647,1921,0.2893,0.4498,1647,1921,appariée,IA:E300:287,H:23347_SELECTION_GLOBAL_SOUM_2026-08-13 - 8:213,FIXTURE D3-N,29.2
ia,23347_SELECTION_GLOBAL_SOUM_2026-08-13 - 8 + 23347_SELECTION_GLOBAL_SOUM_2026-08-13 - 9,E300,Projecteur D4-NT1,1647,2022,0.2893,0.4734,1647,2022,appariée,IA:E300:288,H:23347_SELECTION_GLOBAL_SOUM_2026-08-13 - 8:256,FIXTURE TYPE D4-NT1,47.5
ia,23347_SELECTION_GLOBAL_SOUM_2026-08-13 - 8 + 23347_SELECTION_GLOBAL_SOUM_2026-08-13 - 9,E300,Projecteur D4-NT1,1647,2123,0.2893,0.4971,1647,2123,appariée,IA:E300:289,H:23347_SELECTION_GLOBAL_SOUM_2026-08-13 - 8:328,COUPLING,59.3
ia,23347_SELECTION_GLOBAL_SOUM_2026-08-13 - 8 + 23347_SELECTION_GLOBAL_SOUM_2026-08-13 - 9,E300,Projecteur D4-NT1,1647,2224,0.2893,0.5207,1647,2224,appariée,IA:E300:290,H:23347_SELECTION_GLOBAL_SOUM_2026-08-13 - 8:218,FIXTURE D3-N,24.9
ia,23347_SELECTION_GLOBAL_SOUM_2026-08-13 - 8 + 23347_SELECTION_GLOBAL_SOUM_2026-08-13 - 9,E300,Projecteur D4-NT1,1647,2325,0.2893,0.5444,1647,2325,appariée,IA:E300:291,H:23347_SELECTION_GLOBAL_SOUM_2026-08-13 - 8:219,FIXTURE D3-N,24.2
ia,23347_SELECTION_GLOBAL_SOUM_2026-08-13 - 8 + 23347_SELECTION_GLOBAL_SOUM_2026-08-13 - 9,E300,Projecteur D4-NT1,1823,1088,0.3202,0.2547,1823,1088,appariée,IA:E300:292,H:23347_SELECTION_GLOBAL_SOUM_2026-08-13 - 8:321,COUPLING,46.9
ia,23347_SELECTION_GLOBAL_SOUM_2026-08-13 - 8 + 23347_SELECTION_GLOBAL_SOUM_2026-08-13 - 9,E300,Projecteur D4-NT1,1760,1088,0.3091,0.2547,1760,1088,en trop IA,IA:E300:293,,,
ia,23347_SELECTION_GLOBAL_SOUM_2026-08-13 - 8 + 23347_SELECTION_GLOBAL_SOUM_2026-08-13 - 9,E300,Projecteur D4-NT1,1701,1109,0.2987,0.2597,1701,1109,appariée,IA:E300:294,H:23347_SELECTION_GLOBAL_SOUM_2026-08-13 - 8:87,FIXTURE R6-NS,32.4
ia,23347_SELECTION_GLOBAL_SOUM_2026-08-13 - 8 + 23347_SELECTION_GLOBAL_SOUM_2026-08-13 - 9,E300,Rail R12-NS,2349,3310,0.4125,0.7750,2349,3310,appariée,IA:E300:295,H:23347_SELECTION_GLOBAL_SOUM_2026-08-13 - 8:108,FIXTURE TYPE R12-NS,18.3
ia,23347_SELECTION_GLOBAL_SOUM_2026-08-13 - 8 + 23347_SELECTION_GLOBAL_SOUM_2026-08-13 - 9,E300,Rail R12-NS,1999,3343,0.3511,0.7827,1999,3343,appariée,IA:E300:296,H:23347_SELECTION_GLOBAL_SOUM_2026-08-13 - 8:107,FIXTURE TYPE R12-NS,23.1
ia,23347_SELECTION_GLOBAL_SOUM_2026-08-13 - 8 + 23347_SELECTION_GLOBAL_SOUM_2026-08-13 - 9,E300,Rail R12-NS,2352,3091,0.4131,0.7237,2352,3091,appariée,IA:E300:297,H:23347_SELECTION_GLOBAL_SOUM_2026-08-13 - 8:105,FIXTURE TYPE R12-NS,21.9
ia,23347_SELECTION_GLOBAL_SOUM_2026-08-13 - 8 + 23347_SELECTION_GLOBAL_SOUM_2026-08-13 - 9,E300,Rail R12-NS,1999,3091,0.3511,0.7237,1999,3091,appariée,IA:E300:298,H:23347_SELECTION_GLOBAL_SOUM_2026-08-13 - 8:106,FIXTURE TYPE R12-NS,20.6
ia,23347_SELECTION_GLOBAL_SOUM_2026-08-13 - 8 + 23347_SELECTION_GLOBAL_SOUM_2026-08-13 - 9,E300,Rail R12-NS,2147,2853,0.3771,0.6680,2147,2853,appariée,IA:E300:299,H:23347_SELECTION_GLOBAL_SOUM_2026-08-13 - 8:104,FIXTURE TYPE R12-NS,20.4
ia,23347_SELECTION_GLOBAL_SOUM_2026-08-13 - 8 + 23347_SELECTION_GLOBAL_SOUM_2026-08-13 - 9,E300,Rail R12-NS,1974,2244,0.3467,0.5254,1974,2244,appariée,IA:E300:300,H:23347_SELECTION_GLOBAL_SOUM_2026-08-13 - 8:224,FIXTURE D3-N,11.3
ia,23347_SELECTION_GLOBAL_SOUM_2026-08-13 - 8 + 23347_SELECTION_GLOBAL_SOUM_2026-08-13 - 9,E300,Rail R12-NS,2872,2943,0.5044,0.6891,2872,2943,en trop IA,IA:E300:301,,,
ia,23347_SELECTION_GLOBAL_SOUM_2026-08-13 - 8 + 23347_SELECTION_GLOBAL_SOUM_2026-08-13 - 9,E300,Rail R12-NS,2869,2590,0.5039,0.6064,2869,2590,appariée,IA:E300:302,H:23347_SELECTION_GLOBAL_SOUM_2026-08-13 - 8:103,FIXTURE TYPE R12-NS,45.3
ia,23347_SELECTION_GLOBAL_SOUM_2026-08-13 - 8 + 23347_SELECTION_GLOBAL_SOUM_2026-08-13 - 9,E300,Rail R12-NS,2856,2243,0.5016,0.5252,2856,2243,appariée,IA:E300:303,H:23347_SELECTION_GLOBAL_SOUM_2026-08-13 - 8:330,COUPLING,37.6
ia,23347_SELECTION_GLOBAL_SOUM_2026-08-13 - 8 + 23347_SELECTION_GLOBAL_SOUM_2026-08-13 - 9,E300,Rail R12-NS,2869,1897,0.5039,0.4442,2869,1897,appariée,IA:E300:304,H:23347_SELECTION_GLOBAL_SOUM_2026-08-13 - 8:101,FIXTURE TYPE R12-NS,48.0
ia,23347_SELECTION_GLOBAL_SOUM_2026-08-13 - 8 + 23347_SELECTION_GLOBAL_SOUM_2026-08-13 - 9,E300,Rail R12-NS,2869,1550,0.5039,0.3629,2869,1550,appariée,IA:E300:305,H:23347_SELECTION_GLOBAL_SOUM_2026-08-13 - 8:100,FIXTURE TYPE R12-NS,57.6
ia,23347_SELECTION_GLOBAL_SOUM_2026-08-13 - 8 + 23347_SELECTION_GLOBAL_SOUM_2026-08-13 - 9,E300,Rail R12-NS,1974,1897,0.3467,0.4442,1974,1897,appariée,IA:E300:306,H:23347_SELECTION_GLOBAL_SOUM_2026-08-13 - 8:326,COUPLING,39.6
ia,23347_SELECTION_GLOBAL_SOUM_2026-08-13 - 8 + 23347_SELECTION_GLOBAL_SOUM_2026-08-13 - 9,E300,Rail R12-NS,1988,1551,0.3491,0.3631,1988,1551,appariée,IA:E300:307,H:23347_SELECTION_GLOBAL_SOUM_2026-08-13 - 8:191,FIXTURE D3-N,12.8
ia,23347_SELECTION_GLOBAL_SOUM_2026-08-13 - 8 + 23347_SELECTION_GLOBAL_SOUM_2026-08-13 - 9,E300,Rail R12-NS,3174,2821,0.5574,0.6605,3174,2821,appariée,IA:E300:308,H:23347_SELECTION_GLOBAL_SOUM_2026-08-13 - 8:343,FIXTURE TYPE D3-NT1,32.2
ia,23347_SELECTION_GLOBAL_SOUM_2026-08-13 - 8 + 23347_SELECTION_GLOBAL_SOUM_2026-08-13 - 9,E300,Rail R12-NS,3174,2475,0.5574,0.5795,3174,2475,appariée,IA:E300:309,H:23347_SELECTION_GLOBAL_SOUM_2026-08-13 - 8:94,FIXTURE TYPE R12-NS,46.4
ia,23347_SELECTION_GLOBAL_SOUM_2026-08-13 - 8 + 23347_SELECTION_GLOBAL_SOUM_2026-08-13 - 9,E300,Rail R12-NS,3160,2128,0.5550,0.4982,3160,2128,appariée,IA:E300:310,H:23347_SELECTION_GLOBAL_SOUM_2026-08-13 - 8:240,FIXTURE D3-N,10.4
ia,23347_SELECTION_GLOBAL_SOUM_2026-08-13 - 8 + 23347_SELECTION_GLOBAL_SOUM_2026-08-13 - 9,E300,Rail R12-NS,3141,1751,0.5516,0.4100,3141,1751,appariée,IA:E300:311,H:23347_SELECTION_GLOBAL_SOUM_2026-08-13 - 8:270,FIXTURE TYPE D4-N,28.1
ia,23347_SELECTION_GLOBAL_SOUM_2026-08-13 - 8 + 23347_SELECTION_GLOBAL_SOUM_2026-08-13 - 9,E300,Rail R12-NS,3174,1435,0.5574,0.3360,3174,1435,appariée,IA:E300:312,H:23347_SELECTION_GLOBAL_SOUM_2026-08-13 - 8:234,FIXTURE D3-N,37.7
ia,23347_SELECTION_GLOBAL_SOUM_2026-08-13 - 8 + 23347_SELECTION_GLOBAL_SOUM_2026-08-13 - 9,E300,Rail R12-NS,1678,2128,0.2947,0.4982,1678,2128,appariée,IA:E300:313,H:23347_SELECTION_GLOBAL_SOUM_2026-08-13 - 8:217,FIXTURE D3-N,11.0
ia,23347_SELECTION_GLOBAL_SOUM_2026-08-13 - 8 + 23347_SELECTION_GLOBAL_SOUM_2026-08-13 - 9,E300,Rail R12-NS,1679,1781,0.2949,0.4170,1679,1781,appariée,IA:E300:314,H:23347_SELECTION_GLOBAL_SOUM_2026-08-13 - 8:114,FIXTURE TYPE R12-NS,52.8
ia,23347_SELECTION_GLOBAL_SOUM_2026-08-13 - 8 + 23347_SELECTION_GLOBAL_SOUM_2026-08-13 - 9,E300,Rail R12-NS,1677,1435,0.2945,0.3360,1677,1435,appariée,IA:E300:315,H:23347_SELECTION_GLOBAL_SOUM_2026-08-13 - 8:113,FIXTURE TYPE R12-NS,64.1
ia,23347_SELECTION_GLOBAL_SOUM_2026-08-13 - 8 + 23347_SELECTION_GLOBAL_SOUM_2026-08-13 - 9,E300,Rail R12-NS,2374,1124,0.4169,0.2632,2374,1124,appariée,IA:E300:316,H:23347_SELECTION_GLOBAL_SOUM_2026-08-13 - 8:319,COUPLING,26.5
ia,23347_SELECTION_GLOBAL_SOUM_2026-08-13 - 8 + 23347_SELECTION_GLOBAL_SOUM_2026-08-13 - 9,E300,Rail R12-NS,2028,1137,0.3562,0.2662,2028,1137,appariée,IA:E300:317,H:23347_SELECTION_GLOBAL_SOUM_2026-08-13 - 8:112,FIXTURE TYPE R12-NS,14.4
ia,23347_SELECTION_GLOBAL_SOUM_2026-08-13 - 8 + 23347_SELECTION_GLOBAL_SOUM_2026-08-13 - 9,E300,Rail R4-NS,1948,2364,0.3421,0.5535,1948,2364,appariée,IA:E300:318,H:23347_SELECTION_GLOBAL_SOUM_2026-08-13 - 8:89,FIXTURE TYPE R4-NS,76.9
ia,23347_SELECTION_GLOBAL_SOUM_2026-08-13 - 8 + 23347_SELECTION_GLOBAL_SOUM_2026-08-13 - 9,E300,Rail R4-NS,2966,1631,0.5209,0.3819,2966,1631,appariée,IA:E300:319,H:23347_SELECTION_GLOBAL_SOUM_2026-08-13 - 8:93,FIXTURE TYPE R4-NS,15.0
ia,23347_SELECTION_GLOBAL_SOUM_2026-08-13 - 8 + 23347_SELECTION_GLOBAL_SOUM_2026-08-13 - 9,E300,Rail R4-NS,1780,1898,0.3126,0.4444,1780,1898,appariée,IA:E300:320,H:23347_SELECTION_GLOBAL_SOUM_2026-08-13 - 8:92,FIXTURE TYPE R4-NS,13.3
ia,23347_SELECTION_GLOBAL_SOUM_2026-08-13 - 8 + 23347_SELECTION_GLOBAL_SOUM_2026-08-13 - 9,E300,Rail R4-NS,1782,2489,0.3130,0.5828,1782,2489,appariée,IA:E300:321,H:23347_SELECTION_GLOBAL_SOUM_2026-08-13 - 8:91,FIXTURE TYPE R4-NS,21.7
ia,23347_SELECTION_GLOBAL_SOUM_2026-08-13 - 8 + 23347_SELECTION_GLOBAL_SOUM_2026-08-13 - 9,E300,Rail R4-NS,1782,2998,0.3130,0.7019,1782,2998,appariée,IA:E300:322,H:23347_SELECTION_GLOBAL_SOUM_2026-08-13 - 8:90,FIXTURE TYPE R4-NS,11.9
ia,23347_SELECTION_GLOBAL_SOUM_2026-08-13 - 8 + 23347_SELECTION_GLOBAL_SOUM_2026-08-13 - 9,E300,Rail R6-NS,1852,1125,0.3253,0.2634,1852,1125,appariée,IA:E300:323,H:23347_SELECTION_GLOBAL_SOUM_2026-08-13 - 8:288,FIXTURE TYPE D4-N,43.6
ia,23347_SELECTION_GLOBAL_SOUM_2026-08-13 - 8 + 23347_SELECTION_GLOBAL_SOUM_2026-08-13 - 9,E300,Rail R6-NS,1681,1124,0.2952,0.2632,1681,1124,appariée,IA:E300:324,H:23347_SELECTION_GLOBAL_SOUM_2026-08-13 - 8:115,FIXTURE TYPE R12-NS,28.4
ia,23347_SELECTION_GLOBAL_SOUM_2026-08-13 - 8 + 23347_SELECTION_GLOBAL_SOUM_2026-08-13 - 9,E300,Rail R6-NS,2692,3329,0.4728,0.7794,2692,3329,appariée,IA:E300:325,H:23347_SELECTION_GLOBAL_SOUM_2026-08-13 - 8:47,FIXTURE TYPE R6-NS,6.8
ia,23347_SELECTION_GLOBAL_SOUM_2026-08-13 - 8 + 23347_SELECTION_GLOBAL_SOUM_2026-08-13 - 9,E300,Rail R6-NS,2770,3077,0.4865,0.7204,2770,3077,appariée,IA:E300:326,H:23347_SELECTION_GLOBAL_SOUM_2026-08-13 - 8:148,FIXTURE D3-N,43.6
ia,23347_SELECTION_GLOBAL_SOUM_2026-08-13 - 8 + 23347_SELECTION_GLOBAL_SOUM_2026-08-13 - 9,E300,Rail R8-NS,1951,2499,0.3426,0.5851,1951,2499,appariée,IA:E300:327,H:23347_SELECTION_GLOBAL_SOUM_2026-08-13 - 8:119,FIXTURE TYPE R8-NS,38.0
ia,23347_SELECTION_GLOBAL_SOUM_2026-08-13 - 8 + 23347_SELECTION_GLOBAL_SOUM_2026-08-13 - 9,E300,Rail R8-NS,1988,2773,0.3491,0.6493,1988,2773,appariée,IA:E300:328,H:23347_SELECTION_GLOBAL_SOUM_2026-08-13 - 8:120,FIXTURE TYPE R8-NS,10.9
ia,23347_SELECTION_GLOBAL_SOUM_2026-08-13 - 8 + 23347_SELECTION_GLOBAL_SOUM_2026-08-13 - 9,E300,Rail R8-NS,2500,2855,0.4391,0.6685,2500,2855,appariée,IA:E300:329,H:23347_SELECTION_GLOBAL_SOUM_2026-08-13 - 8:123,FIXTURE TYPE R8-NS,18.2
ia,23347_SELECTION_GLOBAL_SOUM_2026-08-13 - 8 + 23347_SELECTION_GLOBAL_SOUM_2026-08-13 - 9,E300,Rail R8-NS,1642,2499,0.2884,0.5851,1642,2499,appariée,IA:E300:330,H:23347_SELECTION_GLOBAL_SOUM_2026-08-13 - 8:121,FIXTURE TYPE R8-NS,24.4
ia,23347_SELECTION_GLOBAL_SOUM_2026-08-13 - 8 + 23347_SELECTION_GLOBAL_SOUM_2026-08-13 - 9,E300,Rail R8-NS,1653,2773,0.2903,0.6493,1653,2773,appariée,IA:E300:331,H:23347_SELECTION_GLOBAL_SOUM_2026-08-13 - 8:122,FIXTURE TYPE R8-NS,13.3
ia,23347_SELECTION_GLOBAL_SOUM_2026-08-13 - 8 + 23347_SELECTION_GLOBAL_SOUM_2026-08-13 - 9,E300,Rail R8-NS,3120,1126,0.5479,0.2636,3120,1126,appariée,IA:E300:332,H:23347_SELECTION_GLOBAL_SOUM_2026-08-13 - 8:98,FIXTURE TYPE R12-NS,48.5
ia,23347_SELECTION_GLOBAL_SOUM_2026-08-13 - 8 + 23347_SELECTION_GLOBAL_SOUM_2026-08-13 - 9,E300,Rail R8-NS,1666,2363,0.2926,0.5533,1666,2363,appariée,IA:E300:333,H:23347_SELECTION_GLOBAL_SOUM_2026-08-13 - 8:253,FIXTURE TYPE D4-NT1,12.3
ia,23347_SELECTION_GLOBAL_SOUM_2026-08-13 - 8 + 23347_SELECTION_GLOBAL_SOUM_2026-08-13 - 9,E300,Rail R8-NS,2721,1126,0.4779,0.2636,2721,1126,appariée,IA:E300:334,H:23347_SELECTION_GLOBAL_SOUM_2026-08-13 - 8:116,FIXTURE TYPE R8-NS,18.4
ia,23347_SELECTION_GLOBAL_SOUM_2026-08-13 - 8 + 23347_SELECTION_GLOBAL_SOUM_2026-08-13 - 9,E300,Relais NPP PCD,1851,1924,0.3251,0.4505,1851,1924,appariée,IA:E300:335,H:23347_SELECTION_GLOBAL_SOUM_2026-08-13 - 8:215,FIXTURE D3-N,36.8
ia,23347_SELECTION_GLOBAL_SOUM_2026-08-13 - 8 + 23347_SELECTION_GLOBAL_SOUM_2026-08-13 - 9,E300,Relais NPP PCD,3069,2068,0.5390,0.4842,3069,2068,en trop IA,IA:E300:336,,,
ia,23347_SELECTION_GLOBAL_SOUM_2026-08-13 - 8 + 23347_SELECTION_GLOBAL_SOUM_2026-08-13 - 9,E300,Relais NPP PCD,2361,2902,0.4146,0.6795,2361,2902,appariée,IA:E300:337,H:23347_SELECTION_GLOBAL_SOUM_2026-08-13 - 8:140,FIXTURE D3-N,65.3
ia,23347_SELECTION_GLOBAL_SOUM_2026-08-13 - 8 + 23347_SELECTION_GLOBAL_SOUM_2026-08-13 - 9,E300,Relais NPP16,1052,2320,0.1848,0.5432,1052,2320,en trop IA,IA:E300:338,,,
ia,23347_SELECTION_GLOBAL_SOUM_2026-08-13 - 8 + 23347_SELECTION_GLOBAL_SOUM_2026-08-13 - 9,E300,Relais NPP16,1052,2320,0.1848,0.5432,1052,2320,en trop IA,IA:E300:339,,,
ia,23347_SELECTION_GLOBAL_SOUM_2026-08-13 - 8 + 23347_SELECTION_GLOBAL_SOUM_2026-08-13 - 9,E300,Relais NPP16,1585,2597,0.2784,0.6081,1585,2597,en trop IA,IA:E300:340,,,
ia,23347_SELECTION_GLOBAL_SOUM_2026-08-13 - 8 + 23347_SELECTION_GLOBAL_SOUM_2026-08-13 - 9,E300,Relais NPP16,2267,1457,0.3981,0.3411,2267,1457,en trop IA,IA:E300:341,,,
ia,23347_SELECTION_GLOBAL_SOUM_2026-08-13 - 8 + 23347_SELECTION_GLOBAL_SOUM_2026-08-13 - 9,E300,Relais NPP16,2347,1457,0.4122,0.3411,2347,1457,en trop IA,IA:E300:342,,,
ia,23347_SELECTION_GLOBAL_SOUM_2026-08-13 - 8 + 23347_SELECTION_GLOBAL_SOUM_2026-08-13 - 9,E300,Relais NPP16,3262,1568,0.5729,0.3671,3262,1568,en trop IA,IA:E300:343,,,
ia,23347_SELECTION_GLOBAL_SOUM_2026-08-13 - 8 + 23347_SELECTION_GLOBAL_SOUM_2026-08-13 - 9,E300,Relais NPP16,3209,2416,0.5636,0.5657,3209,2416,en trop IA,IA:E300:344,,,
ia,23347_SELECTION_GLOBAL_SOUM_2026-08-13 - 8 + 23347_SELECTION_GLOBAL_SOUM_2026-08-13 - 9,E300,Relais NPP16,3057,3105,0.5369,0.7270,3057,3105,en trop IA,IA:E300:345,,,
ia,23347_SELECTION_GLOBAL_SOUM_2026-08-13 - 8 + 23347_SELECTION_GLOBAL_SOUM_2026-08-13 - 9,E300,Relais NPP16,2417,3184,0.4245,0.7455,2417,3184,en trop IA,IA:E300:346,,,
ia,23347_SELECTION_GLOBAL_SOUM_2026-08-13 - 8 + 23347_SELECTION_GLOBAL_SOUM_2026-08-13 - 9,E300,Relais NPP16,2415,3298,0.4241,0.7722,2415,3298,appariée,IA:E300:347,H:23347_SELECTION_GLOBAL_SOUM_2026-08-13 - 8:165,FIXTURE D3-N,31.9
ia,23347_SELECTION_GLOBAL_SOUM_2026-08-13 - 8 + 23347_SELECTION_GLOBAL_SOUM_2026-08-13 - 9,E300,Relais NPP20,1590,1922,0.2792,0.4500,1590,1922,appariée,IA:E300:348,H:23347_SELECTION_GLOBAL_SOUM_2026-08-13 - 8:258,FIXTURE TYPE D4-NT1,82.9
ia,23347_SELECTION_GLOBAL_SOUM_2026-08-13 - 8 + 23347_SELECTION_GLOBAL_SOUM_2026-08-13 - 9,E300,Relais NPP20,1590,1922,0.2792,0.4500,1590,1922,appariée,IA:E300:349,H:23347_SELECTION_GLOBAL_SOUM_2026-08-13 - 8:257,FIXTURE TYPE D4-NT1,82.7
ia,23347_SELECTION_GLOBAL_SOUM_2026-08-13 - 8 + 23347_SELECTION_GLOBAL_SOUM_2026-08-13 - 9,E300,Réglette G3,1187,3375,0.2085,0.7902,1187,3375,appariée,IA:E300:350,H:23347_SELECTION_GLOBAL_SOUM_2026-08-13 - 8:293,FIXTURE TYPE G3,77.6
ia,23347_SELECTION_GLOBAL_SOUM_2026-08-13 - 8 + 23347_SELECTION_GLOBAL_SOUM_2026-08-13 - 9,E300,Réglette G3,1187,3375,0.2085,0.7902,1187,3375,en trop IA,IA:E300:351,,,
ia,23347_SELECTION_GLOBAL_SOUM_2026-08-13 - 8 + 23347_SELECTION_GLOBAL_SOUM_2026-08-13 - 9,E300,Réglette G4,1427,3094,0.2506,0.7244,1427,3094,en trop IA,IA:E300:352,,,
ia,23347_SELECTION_GLOBAL_SOUM_2026-08-13 - 8 + 23347_SELECTION_GLOBAL_SOUM_2026-08-13 - 9,E300,Réglette G4,747,720,0.1312,0.1686,747,720,en trop IA,IA:E300:353,,,
ia,23347_SELECTION_GLOBAL_SOUM_2026-08-13 - 8 + 23347_SELECTION_GLOBAL_SOUM_2026-08-13 - 9,E300,Réglette G4,989,3163,0.1737,0.7406,989,3163,appariée,IA:E300:354,H:23347_SELECTION_GLOBAL_SOUM_2026-08-13 - 8:42,FIXTURE TYPE G4,13.6
ia,23347_SELECTION_GLOBAL_SOUM_2026-08-13 - 8 + 23347_SELECTION_GLOBAL_SOUM_2026-08-13 - 9,E300,Réglette G4,989,3163,0.1737,0.7406,989,3163,appariée,IA:E300:355,H:23347_SELECTION_GLOBAL_SOUM_2026-08-13 - 8:58,TETE SIMPLE,55.9
ia,23347_SELECTION_GLOBAL_SOUM_2026-08-13 - 8 + 23347_SELECTION_GLOBAL_SOUM_2026-08-13 - 9,E300,Réglette G4,747,720,0.1312,0.1686,747,720,en trop IA,IA:E300:356,,,
ia,23347_SELECTION_GLOBAL_SOUM_2026-08-13 - 8 + 23347_SELECTION_GLOBAL_SOUM_2026-08-13 - 9,E300,Réglette G4,1427,3094,0.2506,0.7244,1427,3094,en trop IA,IA:E300:357,,,
ia,23347_SELECTION_GLOBAL_SOUM_2026-08-13 - 8 + 23347_SELECTION_GLOBAL_SOUM_2026-08-13 - 9,E300,Réglette K3,701,2799,0.1231,0.6554,701,2799,appariée,IA:E300:358,H:23347_SELECTION_GLOBAL_SOUM_2026-08-13 - 8:67,FIXTURE TYPE K3,17.2
ia,23347_SELECTION_GLOBAL_SOUM_2026-08-13 - 8 + 23347_SELECTION_GLOBAL_SOUM_2026-08-13 - 9,E300,Réglette K3,1665,3345,0.2924,0.7832,1665,3345,appariée,IA:E300:359,H:23347_SELECTION_GLOBAL_SOUM_2026-08-13 - 8:69,FIXTURE TYPE K3,15.7
ia,23347_SELECTION_GLOBAL_SOUM_2026-08-13 - 8 + 23347_SELECTION_GLOBAL_SOUM_2026-08-13 - 9,E300,Réglette K3,1526,3345,0.2680,0.7832,1526,3345,appariée,IA:E300:360,H:23347_SELECTION_GLOBAL_SOUM_2026-08-13 - 8:68,FIXTURE TYPE K3,14.3
ia,23347_SELECTION_GLOBAL_SOUM_2026-08-13 - 8 + 23347_SELECTION_GLOBAL_SOUM_2026-08-13 - 9,E300,Troffer J1,1603,3301,0.2815,0.7729,1603,3301,appariée,IA:E300:361,H:23347_SELECTION_GLOBAL_SOUM_2026-08-13 - 8:40,FIXTURE TYPE J1,12.9
ia,23347_SELECTION_GLOBAL_SOUM_2026-08-13 - 8 + 23347_SELECTION_GLOBAL_SOUM_2026-08-13 - 9,E300,Troffer J1,1544,3182,0.2712,0.7450,1544,3182,appariée,IA:E300:362,H:23347_SELECTION_GLOBAL_SOUM_2026-08-13 - 8:38,FIXTURE TYPE J1,7.0
ia,23347_SELECTION_GLOBAL_SOUM_2026-08-13 - 8 + 23347_SELECTION_GLOBAL_SOUM_2026-08-13 - 9,E300,Troffer J1,1662,3182,0.2919,0.7450,1662,3182,appariée,IA:E300:363,H:23347_SELECTION_GLOBAL_SOUM_2026-08-13 - 8:39,FIXTURE TYPE J1,7.2
ia,23347_SELECTION_GLOBAL_SOUM_2026-08-13 - 8 + 23347_SELECTION_GLOBAL_SOUM_2026-08-13 - 9,E300,Troffer J1,1837,3182,0.3226,0.7450,1837,3182,appariée,IA:E300:364,H:23347_SELECTION_GLOBAL_SOUM_2026-08-13 - 8:41,FIXTURE TYPE J1,7.6
ia,23347_SELECTION_GLOBAL_SOUM_2026-08-13 - 8 + 23347_SELECTION_GLOBAL_SOUM_2026-08-13 - 9,E300,Troffer J1,830,3110,0.1458,0.7282,830,3110,appariée,IA:E300:365,H:23347_SELECTION_GLOBAL_SOUM_2026-08-13 - 8:36,FIXTURE TYPE J1,7.6
ia,23347_SELECTION_GLOBAL_SOUM_2026-08-13 - 8 + 23347_SELECTION_GLOBAL_SOUM_2026-08-13 - 9,E300,Troffer J1,711,3110,0.1249,0.7282,711,3110,appariée,IA:E300:366,H:23347_SELECTION_GLOBAL_SOUM_2026-08-13 - 8:37,FIXTURE TYPE J1,5.7
ia,23347_SELECTION_GLOBAL_SOUM_2026-08-13 - 8 + 23347_SELECTION_GLOBAL_SOUM_2026-08-13 - 9,E300,Troffer J1,830,2933,0.1458,0.6867,830,2933,appariée,IA:E300:367,H:23347_SELECTION_GLOBAL_SOUM_2026-08-13 - 8:35,FIXTURE TYPE J1,6.7
ia,23347_SELECTION_GLOBAL_SOUM_2026-08-13 - 8 + 23347_SELECTION_GLOBAL_SOUM_2026-08-13 - 9,E300,Troffer J1,711,2933,0.1249,0.6867,711,2933,appariée,IA:E300:368,H:23347_SELECTION_GLOBAL_SOUM_2026-08-13 - 8:34,FIXTURE TYPE J1,6.7
ia,23347_SELECTION_GLOBAL_SOUM_2026-08-13 - 3,E300D,Démo carré-cercle — à classer,2422,1249,0.4254,0.2924,2422,1249,appariée,IA:E300D:1,H:23347_SELECTION_GLOBAL_SOUM_2026-08-13 - 3:40,FIXTURE ENLEVER,79.2
ia,23347_SELECTION_GLOBAL_SOUM_2026-08-13 - 3,E300D,Démo carré-cercle — à classer,1672,1995,0.2936,0.4671,1672,1995,en trop IA,IA:E300D:2,,,
ia,23347_SELECTION_GLOBAL_SOUM_2026-08-13 - 3,E300D,Démo carré-cercle — à classer,2341,1997,0.4111,0.4676,2341,1997,appariée,IA:E300D:3,H:23347_SELECTION_GLOBAL_SOUM_2026-08-13 - 3:79,FIXTURE ENLEVER,77.0
ia,23347_SELECTION_GLOBAL_SOUM_2026-08-13 - 3,E300D,Démo carré-cercle — à classer,2213,2880,0.3887,0.6743,2213,2880,appariée,IA:E300D:4,H:23347_SELECTION_GLOBAL_SOUM_2026-08-13 - 3:131,FIXTURE ENLEVER,13.5
ia,23347_SELECTION_GLOBAL_SOUM_2026-08-13 - 3,E300D,Démo carré-cercle — à classer,3154,2689,0.5539,0.6296,3154,2689,appariée,IA:E300D:5,H:23347_SELECTION_GLOBAL_SOUM_2026-08-13 - 3:137,FIXTURE ENLEVER,44.8
ia,23347_SELECTION_GLOBAL_SOUM_2026-08-13 - 3,E300D,Démo carré-cercle — à classer,3121,1672,0.5481,0.3915,3121,1672,appariée,IA:E300D:6,H:23347_SELECTION_GLOBAL_SOUM_2026-08-13 - 3:57,FIXTURE ENLEVER,27.1
ia,23347_SELECTION_GLOBAL_SOUM_2026-08-13 - 3,E300D,Démo carré-cercle — à classer,1603,3208,0.2815,0.7511,1603,3208,appariée,IA:E300D:7,H:23347_SELECTION_GLOBAL_SOUM_2026-08-13 - 3:170,FIXTURE ENLEVER,60.9
ia,23347_SELECTION_GLOBAL_SOUM_2026-08-13 - 3,E300D,Démo enseigne de sortie,1564,2521,0.2747,0.5903,1564,2521,appariée,IA:E300D:8,H:23347_SELECTION_GLOBAL_SOUM_2026-08-13 - 3:122,FIXTURE ENLEVER,36.7
ia,23347_SELECTION_GLOBAL_SOUM_2026-08-13 - 3,E300D,Démo interrupteur,794,633,0.1394,0.1482,794,633,en trop IA,IA:E300D:9,,,
ia,23347_SELECTION_GLOBAL_SOUM_2026-08-13 - 3,E300D,Démo interrupteur,794,654,0.1394,0.1531,794,654,en trop IA,IA:E300D:10,,,
ia,23347_SELECTION_GLOBAL_SOUM_2026-08-13 - 3,E300D,Démo luminaire A1,1655,2090,0.2907,0.4893,1655,2090,appariée,IA:E300D:11,H:23347_SELECTION_GLOBAL_SOUM_2026-08-13 - 3:92,FIXTURE ENLEVER,24.8
ia,23347_SELECTION_GLOBAL_SOUM_2026-08-13 - 3,E300D,Démo luminaire A1,1655,2238,0.2907,0.5240,1655,2238,appariée,IA:E300D:12,H:23347_SELECTION_GLOBAL_SOUM_2026-08-13 - 3:93,FIXTURE ENLEVER,26.9
ia,23347_SELECTION_GLOBAL_SOUM_2026-08-13 - 3,E300D,Démo luminaire A1,3179,2461,0.5583,0.5762,3179,2461,appariée,IA:E300D:13,H:23347_SELECTION_GLOBAL_SOUM_2026-08-13 - 3:61,FIXTURE ENLEVER,67.5
ia,23347_SELECTION_GLOBAL_SOUM_2026-08-13 - 3,E300D,Démo luminaire A1,3179,2070,0.5583,0.4847,3179,2070,en trop IA,IA:E300D:14,,,
ia,23347_SELECTION_GLOBAL_SOUM_2026-08-13 - 3,E300D,Démo luminaire A1,3179,2191,0.5583,0.5130,3179,2191,en trop IA,IA:E300D:15,,,
ia,23347_SELECTION_GLOBAL_SOUM_2026-08-13 - 3,E300D,Démo luminaire A1,3179,1709,0.5583,0.4001,3179,1709,en trop IA,IA:E300D:16,,,
ia,23347_SELECTION_GLOBAL_SOUM_2026-08-13 - 3,E300D,Démo luminaire A1,3179,1830,0.5583,0.4285,3179,1830,en trop IA,IA:E300D:17,,,
ia,23347_SELECTION_GLOBAL_SOUM_2026-08-13 - 3,E300D,Démo luminaire A2,1624,1718,0.2852,0.4022,1624,1718,appariée,IA:E300D:18,H:23347_SELECTION_GLOBAL_SOUM_2026-08-13 - 3:48,FIXTURE ENLEVER,15.8
ia,23347_SELECTION_GLOBAL_SOUM_2026-08-13 - 3,E300D,Démo luminaire C,1974,1448,0.3467,0.3390,1974,1448,en trop IA,IA:E300D:19,,,
ia,23347_SELECTION_GLOBAL_SOUM_2026-08-13 - 3,E300D,Démo luminaire C,2366,1254,0.4155,0.2936,2366,1254,en trop IA,IA:E300D:20,,,
ia,23347_SELECTION_GLOBAL_SOUM_2026-08-13 - 3,E300D,Démo luminaire C,2170,1351,0.3811,0.3163,2170,1351,appariée,IA:E300D:21,H:23347_SELECTION_GLOBAL_SOUM_2026-08-13 - 3:86,FIXTURE ENLEVER,25.2
ia,23347_SELECTION_GLOBAL_SOUM_2026-08-13 - 3,E300D,Démo luminaire C,2111,1703,0.3707,0.3987,2111,1703,appariée,IA:E300D:22,H:23347_SELECTION_GLOBAL_SOUM_2026-08-13 - 3:83,FIXTURE ENLEVER,46.8
ia,23347_SELECTION_GLOBAL_SOUM_2026-08-13 - 3,E300D,Démo luminaire C,2342,1943,0.4113,0.4549,2342,1943,appariée,IA:E300D:23,H:23347_SELECTION_GLOBAL_SOUM_2026-08-13 - 3:80,FIXTURE ENLEVER,73.0
ia,23347_SELECTION_GLOBAL_SOUM_2026-08-13 - 3,E300D,Démo luminaire C,2554,2184,0.4485,0.5114,2554,2184,appariée,IA:E300D:24,H:23347_SELECTION_GLOBAL_SOUM_2026-08-13 - 3:72,FIXTURE ENLEVER,66.6
ia,23347_SELECTION_GLOBAL_SOUM_2026-08-13 - 3,E300D,Démo luminaire C,2777,2392,0.4877,0.5601,2777,2392,en trop IA,IA:E300D:25,,,
ia,23347_SELECTION_GLOBAL_SOUM_2026-08-13 - 3,E300D,Démo luminaire C,2550,2867,0.4478,0.6713,2550,2867,appariée,IA:E300D:26,H:23347_SELECTION_GLOBAL_SOUM_2026-08-13 - 3:134,FIXTURE ENLEVER,12.5
ia,23347_SELECTION_GLOBAL_SOUM_2026-08-13 - 3,E300D,Démo luminaire C,2154,2845,0.3783,0.6661,2154,2845,en trop IA,IA:E300D:27,,,
ia,23347_SELECTION_GLOBAL_SOUM_2026-08-13 - 3,E300D,Démo luminaire C,1910,2659,0.3354,0.6226,1910,2659,appariée,IA:E300D:28,H:23347_SELECTION_GLOBAL_SOUM_2026-08-13 - 3:116,FIXTURE ENLEVER,76.2
ia,23347_SELECTION_GLOBAL_SOUM_2026-08-13 - 3,E300D,Démo luminaire C,1729,2445,0.3037,0.5725,1729,2445,en trop IA,IA:E300D:29,,,
ia,23347_SELECTION_GLOBAL_SOUM_2026-08-13 - 3,E300D,Démo luminaire C,1761,2085,0.3093,0.4882,1761,2085,appariée,IA:E300D:30,H:23347_SELECTION_GLOBAL_SOUM_2026-08-13 - 3:96,FIXTURE ENLEVER,61.7
ia,23347_SELECTION_GLOBAL_SOUM_2026-08-13 - 3,E300D,Démo luminaire C,2686,2692,0.4717,0.6303,2686,2692,en trop IA,IA:E300D:31,,,
ia,23347_SELECTION_GLOBAL_SOUM_2026-08-13 - 3,E300D,Démo luminaire C,2467,2510,0.4333,0.5877,2467,2510,appariée,IA:E300D:32,H:23347_SELECTION_GLOBAL_SOUM_2026-08-13 - 3:107,FIXTURE ENLEVER,80.8
ia,23347_SELECTION_GLOBAL_SOUM_2026-08-13 - 3,E300D,Démo luminaire C,2266,2336,0.3980,0.5469,2266,2336,appariée,IA:E300D:33,H:23347_SELECTION_GLOBAL_SOUM_2026-08-13 - 3:113,FIXTURE ENLEVER,66.5
ia,23347_SELECTION_GLOBAL_SOUM_2026-08-13 - 3,E300D,Démo luminaire C,2109,2152,0.3704,0.5039,2109,2152,appariée,IA:E300D:34,H:23347_SELECTION_GLOBAL_SOUM_2026-08-13 - 3:99,FIXTURE ENLEVER,77.6
ia,23347_SELECTION_GLOBAL_SOUM_2026-08-13 - 3,E300D,Démo luminaire C,1964,1951,0.3449,0.4568,1964,1951,appariée,IA:E300D:35,H:23347_SELECTION_GLOBAL_SOUM_2026-08-13 - 3:94,FIXTURE ENLEVER,67.5
ia,23347_SELECTION_GLOBAL_SOUM_2026-08-13 - 3,E300D,Démo luminaire C,1806,1756,0.3172,0.4111,1806,1756,appariée,IA:E300D:36,H:23347_SELECTION_GLOBAL_SOUM_2026-08-13 - 3:47,FIXTURE ENLEVER,42.1
ia,23347_SELECTION_GLOBAL_SOUM_2026-08-13 - 3,E300D,Démo luminaire C,1919,2298,0.3370,0.5380,1919,2298,appariée,IA:E300D:37,H:23347_SELECTION_GLOBAL_SOUM_2026-08-13 - 3:98,FIXTURE ENLEVER,69.1
ia,23347_SELECTION_GLOBAL_SOUM_2026-08-13 - 3,E300D,Démo luminaire C,2088,2498,0.3667,0.5849,2088,2498,appariée,IA:E300D:38,H:23347_SELECTION_GLOBAL_SOUM_2026-08-13 - 3:111,FIXTURE ENLEVER,42.5
ia,23347_SELECTION_GLOBAL_SOUM_2026-08-13 - 3,E300D,Démo luminaire C,2311,2677,0.4059,0.6268,2311,2677,en trop IA,IA:E300D:39,,,
ia,23347_SELECTION_GLOBAL_SOUM_2026-08-13 - 3,E300D,Démo luminaire C,3101,2008,0.5446,0.4701,3101,2008,appariée,IA:E300D:40,H:23347_SELECTION_GLOBAL_SOUM_2026-08-13 - 3:59,FIXTURE ENLEVER,24.1
ia,23347_SELECTION_GLOBAL_SOUM_2026-08-13 - 3,E300D,Démo luminaire C,2939,2200,0.5162,0.5151,2939,2200,appariée,IA:E300D:41,H:23347_SELECTION_GLOBAL_SOUM_2026-08-13 - 3:62,FIXTURE ENLEVER,70.0
ia,23347_SELECTION_GLOBAL_SOUM_2026-08-13 - 3,E300D,Démo luminaire C,2916,1835,0.5121,0.4296,2916,1835,appariée,IA:E300D:42,H:23347_SELECTION_GLOBAL_SOUM_2026-08-13 - 3:67,FIXTURE ENLEVER,69.9
ia,23347_SELECTION_GLOBAL_SOUM_2026-08-13 - 3,E300D,Démo luminaire C,2735,2009,0.4803,0.4704,2735,2009,appariée,IA:E300D:43,H:23347_SELECTION_GLOBAL_SOUM_2026-08-13 - 3:69,FIXTURE ENLEVER,82.7
ia,23347_SELECTION_GLOBAL_SOUM_2026-08-13 - 3,E300D,Démo luminaire C,2744,1641,0.4819,0.3842,2744,1641,appariée,IA:E300D:44,H:23347_SELECTION_GLOBAL_SOUM_2026-08-13 - 3:82,FIXTURE ENLEVER,58.6
ia,23347_SELECTION_GLOBAL_SOUM_2026-08-13 - 3,E300D,Démo luminaire C,2543,1792,0.4466,0.4196,2543,1792,en trop IA,IA:E300D:45,,,
ia,23347_SELECTION_GLOBAL_SOUM_2026-08-13 - 3,E300D,Démo luminaire C,2592,1424,0.4552,0.3334,2592,1424,appariée,IA:E300D:46,H:23347_SELECTION_GLOBAL_SOUM_2026-08-13 - 3:85,FIXTURE ENLEVER,41.2
ia,23347_SELECTION_GLOBAL_SOUM_2026-08-13 - 3,E300D,Démo luminaire C,2352,1564,0.4131,0.3662,2352,1564,appariée,IA:E300D:47,H:23347_SELECTION_GLOBAL_SOUM_2026-08-13 - 3:84,FIXTURE ENLEVER,53.9
ia,23347_SELECTION_GLOBAL_SOUM_2026-08-13 - 3,E300D,Démo luminaire C,2798,2791,0.4914,0.6535,2798,2791,appariée,IA:E300D:48,H:23347_SELECTION_GLOBAL_SOUM_2026-08-13 - 3:103,FIXTURE ENLEVER,42.5
ia,23347_SELECTION_GLOBAL_SOUM_2026-08-13 - 3,E300D,Démo luminaire C,2984,2911,0.5241,0.6816,2984,2911,en trop IA,IA:E300D:49,,,
ia,23347_SELECTION_GLOBAL_SOUM_2026-08-13 - 3,E300D,Démo luminaire C,3135,2684,0.5506,0.6284,3135,2684,en trop IA,IA:E300D:50,,,
ia,23347_SELECTION_GLOBAL_SOUM_2026-08-13 - 3,E300D,Démo luminaire C1,1804,1619,0.3168,0.3791,1804,1619,en trop IA,IA:E300D:51,,,
ia,23347_SELECTION_GLOBAL_SOUM_2026-08-13 - 3,E300D,Démo luminaire C1,3210,2894,0.5638,0.6776,3210,2894,en trop IA,IA:E300D:52,,,
ia,23347_SELECTION_GLOBAL_SOUM_2026-08-13 - 3,E300D,Démo luminaire C1,2953,2552,0.5186,0.5975,2953,2552,en trop IA,IA:E300D:53,,,
ia,23347_SELECTION_GLOBAL_SOUM_2026-08-13 - 3,E300D,Démo luminaire D1,1668,2364,0.2929,0.5535,1668,2364,appariée,IA:E300D:54,H:23347_SELECTION_GLOBAL_SOUM_2026-08-13 - 3:97,FIXTURE ENLEVER,43.6
ia,23347_SELECTION_GLOBAL_SOUM_2026-08-13 - 3,E300D,Démo luminaire D1,1663,1674,0.2921,0.3919,1663,1674,en trop IA,IA:E300D:55,,,
ia,23347_SELECTION_GLOBAL_SOUM_2026-08-13 - 3,E300D,Démo luminaire D1,1663,1912,0.2921,0.4477,1663,1912,en trop IA,IA:E300D:56,,,
ia,23347_SELECTION_GLOBAL_SOUM_2026-08-13 - 3,E300D,Démo luminaire D2,3017,1688,0.5299,0.3952,3017,1688,en trop IA,IA:E300D:57,,,
ia,23347_SELECTION_GLOBAL_SOUM_2026-08-13 - 3,E300D,Démo luminaire D2,3090,1724,0.5427,0.4037,3090,1724,en trop IA,IA:E300D:58,,,
ia,23347_SELECTION_GLOBAL_SOUM_2026-08-13 - 3,E300D,Démo luminaire D2,3072,1794,0.5395,0.4200,3072,1794,en trop IA,IA:E300D:59,,,
ia,23347_SELECTION_GLOBAL_SOUM_2026-08-13 - 3,E300D,Démo luminaire D2,2938,1697,0.5160,0.3973,2938,1697,en trop IA,IA:E300D:60,,,
ia,23347_SELECTION_GLOBAL_SOUM_2026-08-13 - 3,E300D,Démo luminaire E,2681,1088,0.4708,0.2547,2681,1088,appariée,IA:E300D:61,H:23347_SELECTION_GLOBAL_SOUM_2026-08-13 - 3:24,FIXTURE ENLEVER,10.4
ia,23347_SELECTION_GLOBAL_SOUM_2026-08-13 - 3,E300D,Démo luminaire FS,1057,3162,0.1856,0.7403,1057,3162,en trop IA,IA:E300D:62,,,
ia,23347_SELECTION_GLOBAL_SOUM_2026-08-13 - 3,E300D,Démo luminaire FS,1175,3363,0.2064,0.7874,1175,3363,en trop IA,IA:E300D:63,,,
ia,23347_SELECTION_GLOBAL_SOUM_2026-08-13 - 3,E300D,Démo luminaire FS,1438,3056,0.2525,0.7155,1438,3056,en trop IA,IA:E300D:64,,,
ia,23347_SELECTION_GLOBAL_SOUM_2026-08-13 - 3,E300D,Démo luminaire H,1602,2907,0.2813,0.6806,1602,2907,en trop IA,IA:E300D:65,,,
ia,23347_SELECTION_GLOBAL_SOUM_2026-08-13 - 3,E300D,Démo luminaire H,1728,2781,0.3035,0.6511,1728,2781,appariée,IA:E300D:66,H:23347_SELECTION_GLOBAL_SOUM_2026-08-13 - 3:127,FIXTURE ENLEVER,60.5
ia,23347_SELECTION_GLOBAL_SOUM_2026-08-13 - 3,E300D,Démo luminaire H,1748,1163,0.3070,0.2723,1748,1163,appariée,IA:E300D:67,H:23347_SELECTION_GLOBAL_SOUM_2026-08-13 - 3:15,FIXTURE ENLEVER,32.9
ia,23347_SELECTION_GLOBAL_SOUM_2026-08-13 - 3,E300D,Démo luminaire H,3136,3065,0.5508,0.7176,3136,3065,en trop IA,IA:E300D:68,,,
ia,23347_SELECTION_GLOBAL_SOUM_2026-08-13 - 3,E300D,Démo luminaire H,1807,3164,0.3174,0.7408,1807,3164,en trop IA,IA:E300D:69,,,
ia,23347_SELECTION_GLOBAL_SOUM_2026-08-13 - 3,E300D,Démo luminaire H,2575,3164,0.4522,0.7408,2575,3164,en trop IA,IA:E300D:70,,,
ia,23347_SELECTION_GLOBAL_SOUM_2026-08-13 - 3,E300D,Démo luminaire H,2464,3312,0.4327,0.7755,2464,3312,en trop IA,IA:E300D:71,,,
ia,23347_SELECTION_GLOBAL_SOUM_2026-08-13 - 3,E300D,Démo luminaire H,2687,3312,0.4719,0.7755,2687,3312,en trop IA,IA:E300D:72,,,
ia,23347_SELECTION_GLOBAL_SOUM_2026-08-13 - 3,E300D,Démo luminaire H,2001,1057,0.3514,0.2475,2001,1057,appariée,IA:E300D:73,H:23347_SELECTION_GLOBAL_SOUM_2026-08-13 - 3:19,FIXTURE ENLEVER,42.6
ia,23347_SELECTION_GLOBAL_SOUM_2026-08-13 - 3,E300D,Démo luminaire H,2179,1057,0.3827,0.2475,2179,1057,appariée,IA:E300D:74,H:23347_SELECTION_GLOBAL_SOUM_2026-08-13 - 3:20,FIXTURE ENLEVER,42.9
ia,23347_SELECTION_GLOBAL_SOUM_2026-08-13 - 3,E300D,Démo luminaire H,2357,1057,0.4139,0.2475,2357,1057,appariée,IA:E300D:75,H:23347_SELECTION_GLOBAL_SOUM_2026-08-13 - 3:21,FIXTURE ENLEVER,47.1
ia,23347_SELECTION_GLOBAL_SOUM_2026-08-13 - 3,E300D,Démo luminaire H,2535,1057,0.4452,0.2475,2535,1057,appariée,IA:E300D:76,H:23347_SELECTION_GLOBAL_SOUM_2026-08-13 - 3:22,FIXTURE ENLEVER,57.0
ia,23347_SELECTION_GLOBAL_SOUM_2026-08-13 - 3,E300D,Démo luminaire H,2713,1057,0.4765,0.2475,2713,1057,appariée,IA:E300D:77,H:23347_SELECTION_GLOBAL_SOUM_2026-08-13 - 3:23,FIXTURE ENLEVER,75.1
ia,23347_SELECTION_GLOBAL_SOUM_2026-08-13 - 3,E300D,Démo luminaire H,2891,1057,0.5077,0.2475,2891,1057,appariée,IA:E300D:78,H:23347_SELECTION_GLOBAL_SOUM_2026-08-13 - 3:25,FIXTURE ENLEVER,59.0
ia,23347_SELECTION_GLOBAL_SOUM_2026-08-13 - 3,E300D,Démo luminaire H,3068,1057,0.5388,0.2475,3068,1057,appariée,IA:E300D:79,H:23347_SELECTION_GLOBAL_SOUM_2026-08-13 - 3:26,FIXTURE ENLEVER,57.3
ia,23347_SELECTION_GLOBAL_SOUM_2026-08-13 - 3,E300D,Démo luminaire H,2824,1179,0.4960,0.2760,2824,1179,appariée,IA:E300D:80,H:23347_SELECTION_GLOBAL_SOUM_2026-08-13 - 3:28,FIXTURE ENLEVER,57.9
ia,23347_SELECTION_GLOBAL_SOUM_2026-08-13 - 3,E300D,Démo luminaire H,3076,1179,0.5402,0.2760,3076,1179,appariée,IA:E300D:81,H:23347_SELECTION_GLOBAL_SOUM_2026-08-13 - 3:27,FIXTURE ENLEVER,57.6
ia,23347_SELECTION_GLOBAL_SOUM_2026-08-13 - 3,E300D,Démo luminaire H,3069,1361,0.5390,0.3187,3069,1361,appariée,IA:E300D:82,H:23347_SELECTION_GLOBAL_SOUM_2026-08-13 - 3:29,FIXTURE ENLEVER,51.1
ia,23347_SELECTION_GLOBAL_SOUM_2026-08-13 - 3,E300D,Démo luminaire H,3069,1578,0.5390,0.3695,3069,1578,appariée,IA:E300D:83,H:23347_SELECTION_GLOBAL_SOUM_2026-08-13 - 3:30,FIXTURE ENLEVER,54.0
ia,23347_SELECTION_GLOBAL_SOUM_2026-08-13 - 3,E300D,Démo luminaire H,3187,1179,0.5597,0.2760,3187,1179,appariée,IA:E300D:84,H:23347_SELECTION_GLOBAL_SOUM_2026-08-13 - 3:49,FIXTURE ENLEVER,56.5
ia,23347_SELECTION_GLOBAL_SOUM_2026-08-13 - 3,E300D,Démo luminaire H,3187,1361,0.5597,0.3187,3187,1361,appariée,IA:E300D:85,H:23347_SELECTION_GLOBAL_SOUM_2026-08-13 - 3:50,FIXTURE ENLEVER,56.6
ia,23347_SELECTION_GLOBAL_SOUM_2026-08-13 - 3,E300D,Démo luminaire H,3187,1532,0.5597,0.3587,3187,1532,appariée,IA:E300D:86,H:23347_SELECTION_GLOBAL_SOUM_2026-08-13 - 3:51,FIXTURE ENLEVER,50.3
ia,23347_SELECTION_GLOBAL_SOUM_2026-08-13 - 3,E300D,Démo luminaire H,2171,3164,0.3813,0.7408,2171,3164,en trop IA,IA:E300D:87,,,
ia,23347_SELECTION_GLOBAL_SOUM_2026-08-13 - 3,E300D,Démo luminaire H,2060,3312,0.3618,0.7755,2060,3312,en trop IA,IA:E300D:88,,,
ia,23347_SELECTION_GLOBAL_SOUM_2026-08-13 - 3,E300D,Démo luminaire H,2283,3312,0.4009,0.7755,2283,3312,en trop IA,IA:E300D:89,,,
ia,23347_SELECTION_GLOBAL_SOUM_2026-08-13 - 3,E300D,Démo luminaire H,2373,3120,0.4168,0.7305,2373,3120,en trop IA,IA:E300D:90,,,
ia,23347_SELECTION_GLOBAL_SOUM_2026-08-13 - 3,E300D,Démo luminaire H,1878,3312,0.3298,0.7755,1878,3312,en trop IA,IA:E300D:91,,,
ia,23347_SELECTION_GLOBAL_SOUM_2026-08-13 - 3,E300D,Démo luminaire H,2835,3312,0.4979,0.7755,2835,3312,en trop IA,IA:E300D:92,,,
ia,23347_SELECTION_GLOBAL_SOUM_2026-08-13 - 3,E300D,Démo luminaire H,2835,3120,0.4979,0.7305,2835,3120,en trop IA,IA:E300D:93,,,
ia,23347_SELECTION_GLOBAL_SOUM_2026-08-13 - 3,E300D,Démo luminaire H,1969,3120,0.3458,0.7305,1969,3120,appariée,IA:E300D:94,H:23347_SELECTION_GLOBAL_SOUM_2026-08-13 - 3:162,FIXTURE ENLEVER,85.1
ia,23347_SELECTION_GLOBAL_SOUM_2026-08-13 - 3,E300D,Démo luminaire H,3010,3191,0.5286,0.7471,3010,3191,en trop IA,IA:E300D:95,,,
ia,23347_SELECTION_GLOBAL_SOUM_2026-08-13 - 3,E300D,Démo luminaire H,1812,1227,0.3182,0.2873,1812,1227,appariée,IA:E300D:96,H:23347_SELECTION_GLOBAL_SOUM_2026-08-13 - 3:18,FIXTURE ENLEVER,35.2
ia,23347_SELECTION_GLOBAL_SOUM_2026-08-13 - 3,E300D,Démo luminaire H,3246,2757,0.5701,0.6455,3246,2757,appariée,IA:E300D:97,H:23347_SELECTION_GLOBAL_SOUM_2026-08-13 - 3:139,FIXTURE ENLEVER,67.9
ia,23347_SELECTION_GLOBAL_SOUM_2026-08-13 - 3,E300D,Démo luminaire H,3246,2876,0.5701,0.6734,3246,2876,en trop IA,IA:E300D:98,,,
ia,23347_SELECTION_GLOBAL_SOUM_2026-08-13 - 3,E300D,Démo luminaire J,1850,3142,0.3249,0.7357,1850,3142,appariée,IA:E300D:99,H:23347_SELECTION_GLOBAL_SOUM_2026-08-13 - 3:167,FIXTURE ENLEVER,18.7
ia,23347_SELECTION_GLOBAL_SOUM_2026-08-13 - 3,E300D,Démo luminaire J,1850,3231,0.3249,0.7565,1850,3231,appariée,IA:E300D:100,H:23347_SELECTION_GLOBAL_SOUM_2026-08-13 - 3:168,FIXTURE ENLEVER,21.4
ia,23347_SELECTION_GLOBAL_SOUM_2026-08-13 - 3,E300D,Démo luminaire J,2436,3142,0.4278,0.7357,2436,3142,appariée,IA:E300D:101,H:23347_SELECTION_GLOBAL_SOUM_2026-08-13 - 3:149,FIXTURE ENLEVER,33.4
ia,23347_SELECTION_GLOBAL_SOUM_2026-08-13 - 3,E300D,Démo luminaire J,2436,3231,0.4278,0.7565,2436,3231,appariée,IA:E300D:102,H:23347_SELECTION_GLOBAL_SOUM_2026-08-13 - 3:150,FIXTURE ENLEVER,18.0
ia,23347_SELECTION_GLOBAL_SOUM_2026-08-13 - 3,E300D,Démo luminaire J,2659,3142,0.4670,0.7357,2659,3142,appariée,IA:E300D:103,H:23347_SELECTION_GLOBAL_SOUM_2026-08-13 - 3:144,FIXTURE ENLEVER,25.2
ia,23347_SELECTION_GLOBAL_SOUM_2026-08-13 - 3,E300D,Démo luminaire J,2659,3231,0.4670,0.7565,2659,3231,appariée,IA:E300D:104,H:23347_SELECTION_GLOBAL_SOUM_2026-08-13 - 3:143,FIXTURE ENLEVER,22.3
ia,23347_SELECTION_GLOBAL_SOUM_2026-08-13 - 3,E300D,Démo luminaire J,2032,3142,0.3569,0.7357,2032,3142,appariée,IA:E300D:105,H:23347_SELECTION_GLOBAL_SOUM_2026-08-13 - 3:158,FIXTURE ENLEVER,21.6
ia,23347_SELECTION_GLOBAL_SOUM_2026-08-13 - 3,E300D,Démo luminaire J,2031,3231,0.3567,0.7565,2031,3231,appariée,IA:E300D:106,H:23347_SELECTION_GLOBAL_SOUM_2026-08-13 - 3:157,FIXTURE ENLEVER,17.5
ia,23347_SELECTION_GLOBAL_SOUM_2026-08-13 - 3,E300D,Démo luminaire J,2255,3142,0.3960,0.7357,2255,3142,appariée,IA:E300D:107,H:23347_SELECTION_GLOBAL_SOUM_2026-08-13 - 3:155,FIXTURE ENLEVER,32.8
ia,23347_SELECTION_GLOBAL_SOUM_2026-08-13 - 3,E300D,Démo luminaire J,2255,3231,0.3960,0.7565,2255,3231,appariée,IA:E300D:108,H:23347_SELECTION_GLOBAL_SOUM_2026-08-13 - 3:156,FIXTURE ENLEVER,9.0
ia,23347_SELECTION_GLOBAL_SOUM_2026-08-13 - 3,E300D,Démo luminaire M,1385,2952,0.2432,0.6912,1385,2952,appariée,IA:E300D:109,H:23347_SELECTION_GLOBAL_SOUM_2026-08-13 - 3:201,FIXTURE ENLEVER,73.9
ia,23347_SELECTION_GLOBAL_SOUM_2026-08-13 - 3,E300D,Démo luminaire M,1438,2803,0.2525,0.6563,1438,2803,appariée,IA:E300D:110,H:23347_SELECTION_GLOBAL_SOUM_2026-08-13 - 3:195,FIXTURE ENLEVER,38.6
ia,23347_SELECTION_GLOBAL_SOUM_2026-08-13 - 3,E300D,Démo luminaire R,1604,2739,0.2817,0.6413,1604,2739,appariée,IA:E300D:111,H:23347_SELECTION_GLOBAL_SOUM_2026-08-13 - 3:125,FIXTURE ENLEVER,24.8
ia,23347_SELECTION_GLOBAL_SOUM_2026-08-13 - 3,E300D,Démo luminaire R,1585,1253,0.2784,0.2934,1585,1253,appariée,IA:E300D:112,H:23347_SELECTION_GLOBAL_SOUM_2026-08-13 - 3:4,FIXTURE ENLEVER,23.6
ia,23347_SELECTION_GLOBAL_SOUM_2026-08-13 - 3,E300D,Démo luminaire R,1585,1207,0.2784,0.2826,1585,1207,appariée,IA:E300D:113,H:23347_SELECTION_GLOBAL_SOUM_2026-08-13 - 3:3,FIXTURE ENLEVER,20.1
ia,23347_SELECTION_GLOBAL_SOUM_2026-08-13 - 3,E300D,Démo luminaire R,1585,1134,0.2784,0.2655,1585,1134,appariée,IA:E300D:114,H:23347_SELECTION_GLOBAL_SOUM_2026-08-13 - 3:2,FIXTURE ENLEVER,21.7
ia,23347_SELECTION_GLOBAL_SOUM_2026-08-13 - 3,E300D,Démo luminaire R,1685,1034,0.2959,0.2421,1685,1034,appariée,IA:E300D:115,H:23347_SELECTION_GLOBAL_SOUM_2026-08-13 - 3:11,FIXTURE ENLEVER,20.4
ia,23347_SELECTION_GLOBAL_SOUM_2026-08-13 - 3,E300D,Démo luminaire R,1758,1034,0.3087,0.2421,1758,1034,appariée,IA:E300D:116,H:23347_SELECTION_GLOBAL_SOUM_2026-08-13 - 3:12,FIXTURE ENLEVER,19.8
ia,23347_SELECTION_GLOBAL_SOUM_2026-08-13 - 3,E300D,Démo luminaire R,1806,1034,0.3172,0.2421,1806,1034,appariée,IA:E300D:117,H:23347_SELECTION_GLOBAL_SOUM_2026-08-13 - 3:17,FIXTURE ENLEVER,13.9
ia,23347_SELECTION_GLOBAL_SOUM_2026-08-13 - 3,E300D,Démo luminaire R,1614,1062,0.2835,0.2487,1614,1062,appariée,IA:E300D:118,H:23347_SELECTION_GLOBAL_SOUM_2026-08-13 - 3:1,FIXTURE ENLEVER,15.1
ia,23347_SELECTION_GLOBAL_SOUM_2026-08-13 - 3,E300D,Démo luminaire R,1645,1170,0.2889,0.2739,1645,1170,appariée,IA:E300D:119,H:23347_SELECTION_GLOBAL_SOUM_2026-08-13 - 3:9,FIXTURE ENLEVER,21.5
ia,23347_SELECTION_GLOBAL_SOUM_2026-08-13 - 3,E300D,Démo luminaire R,1645,1243,0.2889,0.2910,1645,1243,appariée,IA:E300D:120,H:23347_SELECTION_GLOBAL_SOUM_2026-08-13 - 3:8,FIXTURE ENLEVER,22.5
ia,23347_SELECTION_GLOBAL_SOUM_2026-08-13 - 3,E300D,Démo luminaire R,1722,1093,0.3024,0.2559,1722,1093,appariée,IA:E300D:121,H:23347_SELECTION_GLOBAL_SOUM_2026-08-13 - 3:13,FIXTURE ENLEVER,19.0
ia,23347_SELECTION_GLOBAL_SOUM_2026-08-13 - 3,E300D,Démo luminaire R,1795,1093,0.3152,0.2559,1795,1093,appariée,IA:E300D:122,H:23347_SELECTION_GLOBAL_SOUM_2026-08-13 - 3:16,FIXTURE ENLEVER,23.0
ia,23347_SELECTION_GLOBAL_SOUM_2026-08-13 - 3,E300D,Démo luminaire R,1656,1104,0.2908,0.2585,1656,1104,appariée,IA:E300D:123,H:23347_SELECTION_GLOBAL_SOUM_2026-08-13 - 3:10,FIXTURE ENLEVER,20.9
ia,23347_SELECTION_GLOBAL_SOUM_2026-08-13 - 3,E300D,Démo luminaire R,2636,3065,0.4629,0.7176,2636,3065,appariée,IA:E300D:124,H:23347_SELECTION_GLOBAL_SOUM_2026-08-13 - 3:145,FIXTURE ENLEVER,34.1
ia,23347_SELECTION_GLOBAL_SOUM_2026-08-13 - 3,E300D,Démo luminaire R,1552,3348,0.2726,0.7839,1552,3348,en trop IA,IA:E300D:125,,,
ia,23347_SELECTION_GLOBAL_SOUM_2026-08-13 - 3,E300D,Démo luminaire R,1808,3093,0.3175,0.7242,1808,3093,appariée,IA:E300D:126,H:23347_SELECTION_GLOBAL_SOUM_2026-08-13 - 3:166,FIXTURE ENLEVER,22.7
ia,23347_SELECTION_GLOBAL_SOUM_2026-08-13 - 3,E300D,Démo luminaire R,2114,3065,0.3713,0.7176,2114,3065,appariée,IA:E300D:127,H:23347_SELECTION_GLOBAL_SOUM_2026-08-13 - 3:159,FIXTURE ENLEVER,28.7
ia,23347_SELECTION_GLOBAL_SOUM_2026-08-13 - 3,E300D,Démo luminaire R,1878,3033,0.3298,0.7101,1878,3033,appariée,IA:E300D:128,H:23347_SELECTION_GLOBAL_SOUM_2026-08-13 - 3:165,FIXTURE ENLEVER,25.4
ia,23347_SELECTION_GLOBAL_SOUM_2026-08-13 - 3,E300D,Démo luminaire R,1996,3017,0.3505,0.7064,1996,3017,appariée,IA:E300D:129,H:23347_SELECTION_GLOBAL_SOUM_2026-08-13 - 3:161,FIXTURE ENLEVER,41.7
ia,23347_SELECTION_GLOBAL_SOUM_2026-08-13 - 3,E300D,Démo luminaire R,2114,3004,0.3713,0.7033,2114,3004,appariée,IA:E300D:130,H:23347_SELECTION_GLOBAL_SOUM_2026-08-13 - 3:160,FIXTURE ENLEVER,67.3
ia,23347_SELECTION_GLOBAL_SOUM_2026-08-13 - 3,E300D,Démo luminaire R,2232,2994,0.3920,0.7010,2232,2994,appariée,IA:E300D:131,H:23347_SELECTION_GLOBAL_SOUM_2026-08-13 - 3:153,FIXTURE ENLEVER,50.2
ia,23347_SELECTION_GLOBAL_SOUM_2026-08-13 - 3,E300D,Démo luminaire R,2351,2989,0.4129,0.6998,2351,2989,appariée,IA:E300D:132,H:23347_SELECTION_GLOBAL_SOUM_2026-08-13 - 3:152,FIXTURE ENLEVER,45.4
ia,23347_SELECTION_GLOBAL_SOUM_2026-08-13 - 3,E300D,Démo luminaire R,2469,2986,0.4336,0.6991,2469,2986,appariée,IA:E300D:133,H:23347_SELECTION_GLOBAL_SOUM_2026-08-13 - 3:147,FIXTURE ENLEVER,36.6
ia,23347_SELECTION_GLOBAL_SOUM_2026-08-13 - 3,E300D,Démo luminaire R,2588,2988,0.4545,0.6996,2588,2988,appariée,IA:E300D:134,H:23347_SELECTION_GLOBAL_SOUM_2026-08-13 - 3:146,FIXTURE ENLEVER,39.0
ia,23347_SELECTION_GLOBAL_SOUM_2026-08-13 - 3,E300D,Démo luminaire R,2706,2993,0.4752,0.7008,2706,2993,en trop IA,IA:E300D:135,,,
ia,23347_SELECTION_GLOBAL_SOUM_2026-08-13 - 3,E300D,Démo luminaire R,2825,3001,0.4961,0.7026,2825,3001,appariée,IA:E300D:136,H:23347_SELECTION_GLOBAL_SOUM_2026-08-13 - 3:141,FIXTURE ENLEVER,44.6
ia,23347_SELECTION_GLOBAL_SOUM_2026-08-13 - 3,E300D,Démo luminaire R,1645,1410,0.2889,0.3301,1645,1410,appariée,IA:E300D:137,H:23347_SELECTION_GLOBAL_SOUM_2026-08-13 - 3:7,FIXTURE ENLEVER,26.1
ia,23347_SELECTION_GLOBAL_SOUM_2026-08-13 - 3,E300D,Démo luminaire R,1585,1354,0.2784,0.3170,1585,1354,appariée,IA:E300D:138,H:23347_SELECTION_GLOBAL_SOUM_2026-08-13 - 3:5,FIXTURE ENLEVER,20.9
ia,23347_SELECTION_GLOBAL_SOUM_2026-08-13 - 3,E300D,Démo luminaire R,1585,1413,0.2784,0.3308,1585,1413,appariée,IA:E300D:139,H:23347_SELECTION_GLOBAL_SOUM_2026-08-13 - 3:6,FIXTURE ENLEVER,21.0
ia,23347_SELECTION_GLOBAL_SOUM_2026-08-13 - 3,E300D,Démo luminaire R,2232,3065,0.3920,0.7176,2232,3065,appariée,IA:E300D:140,H:23347_SELECTION_GLOBAL_SOUM_2026-08-13 - 3:154,FIXTURE ENLEVER,31.4
ia,23347_SELECTION_GLOBAL_SOUM_2026-08-13 - 3,E300D,Démo luminaire R,2518,3065,0.4422,0.7176,2518,3065,appariée,IA:E300D:141,H:23347_SELECTION_GLOBAL_SOUM_2026-08-13 - 3:151,FIXTURE ENLEVER,25.8
ia,23347_SELECTION_GLOBAL_SOUM_2026-08-13 - 3,E300D,Démo luminaire R,1692,3348,0.2972,0.7839,1692,3348,en trop IA,IA:E300D:142,,,
ia,23347_SELECTION_GLOBAL_SOUM_2026-08-13 - 3,E300D,Démo luminaire S2,2812,1366,0.4939,0.3198,2812,1366,en trop IA,IA:E300D:143,,,
ia,23347_SELECTION_GLOBAL_SOUM_2026-08-13 - 3,E300D,Démo luminaire S2,2849,1401,0.5004,0.3280,2849,1401,appariée,IA:E300D:144,H:23347_SELECTION_GLOBAL_SOUM_2026-08-13 - 3:52,FIXTURE ENLEVER,74.6
ia,23347_SELECTION_GLOBAL_SOUM_2026-08-13 - 3,E300D,Démo luminaire S2,2594,1221,0.4556,0.2859,2594,1221,en trop IA,IA:E300D:145,,,
ia,23347_SELECTION_GLOBAL_SOUM_2026-08-13 - 3,E300D,Démo luminaire S2,2765,1368,0.4856,0.3203,2765,1368,en trop IA,IA:E300D:146,,,
ia,23347_SELECTION_GLOBAL_SOUM_2026-08-13 - 3,E300D,Démo luminaire S2,2485,1156,0.4364,0.2707,2485,1156,appariée,IA:E300D:147,H:23347_SELECTION_GLOBAL_SOUM_2026-08-13 - 3:55,FIXTURE ENLEVER,39.3
ia,23347_SELECTION_GLOBAL_SOUM_2026-08-13 - 3,E300D,Démo luminaire S2,2440,1174,0.4285,0.2749,2440,1174,en trop IA,IA:E300D:148,,,
ia,23347_SELECTION_GLOBAL_SOUM_2026-08-13 - 3,E300D,Démo luminaire S2,2854,1471,0.5012,0.3444,2854,1471,appariée,IA:E300D:149,H:23347_SELECTION_GLOBAL_SOUM_2026-08-13 - 3:53,FIXTURE ENLEVER,18.7
ia,23347_SELECTION_GLOBAL_SOUM_2026-08-13 - 3,E300D,Démo luminaire S2,2615,1278,0.4593,0.2992,2615,1278,en trop IA,IA:E300D:150,,,
ia,23347_SELECTION_GLOBAL_SOUM_2026-08-13 - 3,E300D,Démo luminaire S2,2706,1290,0.4752,0.3020,2706,1290,appariée,IA:E300D:151,H:23347_SELECTION_GLOBAL_SOUM_2026-08-13 - 3:54,FIXTURE ENLEVER,37.1
ia,23347_SELECTION_GLOBAL_SOUM_2026-08-13 - 3,E300D,Démo luminaire W,1057,2992,0.1856,0.7005,1057,2992,appariée,IA:E300D:152,H:23347_SELECTION_GLOBAL_SOUM_2026-08-13 - 3:200,FIXTURE ENLEVER,49.9
ia,23347_SELECTION_GLOBAL_SOUM_2026-08-13 - 3,E300D,Démo luminaire W,1283,824,0.2253,0.1929,1283,824,appariée,IA:E300D:153,H:23347_SELECTION_GLOBAL_SOUM_2026-08-13 - 3:174,FIXTURE ENLEVER,23.7
ia,23347_SELECTION_GLOBAL_SOUM_2026-08-13 - 3,E300D,Démo luminaire W,1283,1062,0.2253,0.2487,1283,1062,en trop IA,IA:E300D:154,,,
ia,23347_SELECTION_GLOBAL_SOUM_2026-08-13 - 3,E300D,Démo luminaire W,1283,1299,0.2253,0.3041,1283,1299,appariée,IA:E300D:155,H:23347_SELECTION_GLOBAL_SOUM_2026-08-13 - 3:178,FIXTURE ENLEVER,2.2
ia,23347_SELECTION_GLOBAL_SOUM_2026-08-13 - 3,E300D,Démo luminaire W,1283,1536,0.2253,0.3596,1283,1536,en trop IA,IA:E300D:156,,,
ia,23347_SELECTION_GLOBAL_SOUM_2026-08-13 - 3,E300D,Démo luminaire W,1283,1773,0.2253,0.4151,1283,1773,en trop IA,IA:E300D:157,,,
ia,23347_SELECTION_GLOBAL_SOUM_2026-08-13 - 3,E300D,Démo luminaire W,868,1314,0.1524,0.3077,868,1314,appariée,IA:E300D:158,H:23347_SELECTION_GLOBAL_SOUM_2026-08-13 - 3:177,FIXTURE ENLEVER,52.8
ia,23347_SELECTION_GLOBAL_SOUM_2026-08-13 - 3,E300D,Démo luminaire W,868,1077,0.1524,0.2522,868,1077,appariée,IA:E300D:159,H:23347_SELECTION_GLOBAL_SOUM_2026-08-13 - 3:176,FIXTURE ENLEVER,70.0
ia,23347_SELECTION_GLOBAL_SOUM_2026-08-13 - 3,E300D,Démo luminaire W,957,809,0.1681,0.1894,957,809,appariée,IA:E300D:160,H:23347_SELECTION_GLOBAL_SOUM_2026-08-13 - 3:173,FIXTURE ENLEVER,34.7
ia,23347_SELECTION_GLOBAL_SOUM_2026-08-13 - 3,E300D,Démo luminaire W,868,2026,0.1524,0.4744,868,2026,appariée,IA:E300D:161,H:23347_SELECTION_GLOBAL_SOUM_2026-08-13 - 3:186,FIXTURE ENLEVER,66.9
ia,23347_SELECTION_GLOBAL_SOUM_2026-08-13 - 3,E300D,Démo luminaire W,868,1789,0.1524,0.4189,868,1789,en trop IA,IA:E300D:162,,,
ia,23347_SELECTION_GLOBAL_SOUM_2026-08-13 - 3,E300D,Démo luminaire W,868,1552,0.1524,0.3634,868,1552,appariée,IA:E300D:163,H:23347_SELECTION_GLOBAL_SOUM_2026-08-13 - 3:180,FIXTURE ENLEVER,74.7
ia,23347_SELECTION_GLOBAL_SOUM_2026-08-13 - 3,E300D,Démo luminaire W,1283,2011,0.2253,0.4708,1283,2011,appariée,IA:E300D:164,H:23347_SELECTION_GLOBAL_SOUM_2026-08-13 - 3:185,FIXTURE ENLEVER,64.6
ia,23347_SELECTION_GLOBAL_SOUM_2026-08-13 - 3,E300D,Démo luminaire W,1283,2248,0.2253,0.5263,1283,2248,appariée,IA:E300D:165,H:23347_SELECTION_GLOBAL_SOUM_2026-08-13 - 3:188,FIXTURE ENLEVER,20.2
ia,23347_SELECTION_GLOBAL_SOUM_2026-08-13 - 3,E300D,Démo luminaire W,1283,2485,0.2253,0.5818,1283,2485,en trop IA,IA:E300D:166,,,
ia,23347_SELECTION_GLOBAL_SOUM_2026-08-13 - 3,E300D,Démo luminaire W,868,2738,0.1524,0.6411,868,2738,en trop IA,IA:E300D:167,,,
ia,23347_SELECTION_GLOBAL_SOUM_2026-08-13 - 3,E300D,Démo luminaire W,868,2501,0.1524,0.5856,868,2501,en trop IA,IA:E300D:168,,,
ia,23347_SELECTION_GLOBAL_SOUM_2026-08-13 - 3,E300D,Démo luminaire W,868,2263,0.1524,0.5299,868,2263,appariée,IA:E300D:169,H:23347_SELECTION_GLOBAL_SOUM_2026-08-13 - 3:187,FIXTURE ENLEVER,40.1
ia,23347_SELECTION_GLOBAL_SOUM_2026-08-13 - 3,E300D,Démo luminaire sans type,1592,2826,0.2796,0.6617,1592,2826,appariée,IA:E300D:170,H:23347_SELECTION_GLOBAL_SOUM_2026-08-13 - 3:126,FIXTURE ENLEVER,11.5
ia,23347_SELECTION_GLOBAL_SOUM_2026-08-13 - 3,E300D,Démo luminaire sans type,1694,2931,0.2975,0.6863,1694,2931,en trop IA,IA:E300D:171,,,
ia,23347_SELECTION_GLOBAL_SOUM_2026-08-13 - 3,E300D,Démo luminaire sans type,1794,2931,0.3151,0.6863,1794,2931,appariée,IA:E300D:172,H:23347_SELECTION_GLOBAL_SOUM_2026-08-13 - 3:164,FIXTURE ENLEVER,48.1
ia,23347_SELECTION_GLOBAL_SOUM_2026-08-13 - 3,E300D,Démo luminaire sans type,1564,2636,0.2747,0.6172,1564,2636,appariée,IA:E300D:173,H:23347_SELECTION_GLOBAL_SOUM_2026-08-13 - 3:123,FIXTURE ENLEVER,8.8
ia,23347_SELECTION_GLOBAL_SOUM_2026-08-13 - 3,E300D,Démo luminaire sans type,728,646,0.1279,0.1513,728,646,en trop IA,IA:E300D:174,,,
ia,23347_SELECTION_GLOBAL_SOUM_2026-08-13 - 3,E300D,Démo luminaire sans type,1531,1799,0.2689,0.4212,1531,1799,en trop IA,IA:E300D:175,,,
ia,23347_SELECTION_GLOBAL_SOUM_2026-08-13 - 3,E300D,Démo phare d'urgence,1651,2702,0.2900,0.6326,1651,2702,appariée,IA:E300D:176,H:23347_SELECTION_GLOBAL_SOUM_2026-08-13 - 3:124,FIXTURE ENLEVER,48.8
ia,23347_SELECTION_GLOBAL_SOUM_2026-08-13 - 3,E300D,Démo phare d'urgence,3285,2676,0.5769,0.6266,3285,2676,en trop IA,IA:E300D:177,,,
ia,23347_SELECTION_GLOBAL_SOUM_2026-08-13 - 3,E300D,Démo phare d'urgence,1728,1396,0.3035,0.3269,1728,1396,en trop IA,IA:E300D:178,,,
ia,23347_SELECTION_GLOBAL_SOUM_2026-08-13 - 3,E300D,Démo projecteur sur rail,1928,1425,0.3386,0.3336,1928,1425,en trop IA,IA:E300D:179,,,
ia,23347_SELECTION_GLOBAL_SOUM_2026-08-13 - 3,E300D,Démo projecteur sur rail,2208,1290,0.3878,0.3020,2208,1290,appariée,IA:E300D:180,H:23347_SELECTION_GLOBAL_SOUM_2026-08-13 - 3:44,FIXTURE ENLEVER,9.6
ia,23347_SELECTION_GLOBAL_SOUM_2026-08-13 - 3,E300D,Démo projecteur sur rail,1864,1462,0.3274,0.3423,1864,1462,en trop IA,IA:E300D:181,,,
ia,23347_SELECTION_GLOBAL_SOUM_2026-08-13 - 3,E300D,Démo projecteur sur rail,1867,1559,0.3279,0.3650,1867,1559,appariée,IA:E300D:182,H:23347_SELECTION_GLOBAL_SOUM_2026-08-13 - 3:45,FIXTURE ENLEVER,31.4
ia,23347_SELECTION_GLOBAL_SOUM_2026-08-13 - 3,E300D,Démo projecteur sur rail,1928,1587,0.3386,0.3716,1928,1587,en trop IA,IA:E300D:183,,,
ia,23347_SELECTION_GLOBAL_SOUM_2026-08-13 - 3,E300D,Démo projecteur sur rail,1990,1786,0.3495,0.4182,1990,1786,en trop IA,IA:E300D:184,,,
ia,23347_SELECTION_GLOBAL_SOUM_2026-08-13 - 3,E300D,Démo projecteur sur rail,2107,1887,0.3700,0.4418,2107,1887,appariée,IA:E300D:185,H:23347_SELECTION_GLOBAL_SOUM_2026-08-13 - 3:87,FIXTURE ENLEVER,21.6
ia,23347_SELECTION_GLOBAL_SOUM_2026-08-13 - 3,E300D,Démo projecteur sur rail,2119,1977,0.3721,0.4629,2119,1977,en trop IA,IA:E300D:186,,,
ia,23347_SELECTION_GLOBAL_SOUM_2026-08-13 - 3,E300D,Démo projecteur sur rail,1789,2020,0.3142,0.4730,1789,2020,en trop IA,IA:E300D:187,,,
ia,23347_SELECTION_GLOBAL_SOUM_2026-08-13 - 3,E300D,Démo projecteur sur rail,2274,2178,0.3994,0.5100,2274,2178,en trop IA,IA:E300D:188,,,
ia,23347_SELECTION_GLOBAL_SOUM_2026-08-13 - 3,E300D,Démo projecteur sur rail,2318,2165,0.4071,0.5069,2318,2165,appariée,IA:E300D:189,H:23347_SELECTION_GLOBAL_SOUM_2026-08-13 - 3:89,FIXTURE ENLEVER,62.3
ia,23347_SELECTION_GLOBAL_SOUM_2026-08-13 - 3,E300D,Démo projecteur sur rail,1786,2351,0.3137,0.5505,1786,2351,en trop IA,IA:E300D:190,,,
ia,23347_SELECTION_GLOBAL_SOUM_2026-08-13 - 3,E300D,Démo projecteur sur rail,1679,2488,0.2949,0.5825,1679,2488,en trop IA,IA:E300D:191,,,
ia,23347_SELECTION_GLOBAL_SOUM_2026-08-13 - 3,E300D,Démo projecteur sur rail,2547,2399,0.4473,0.5617,2547,2399,appariée,IA:E300D:192,H:23347_SELECTION_GLOBAL_SOUM_2026-08-13 - 3:90,FIXTURE ENLEVER,39.7
ia,23347_SELECTION_GLOBAL_SOUM_2026-08-13 - 3,E300D,Démo projecteur sur rail,2781,2392,0.4884,0.5601,2781,2392,en trop IA,IA:E300D:193,,,
ia,23347_SELECTION_GLOBAL_SOUM_2026-08-13 - 3,E300D,Démo projecteur sur rail,2628,2528,0.4615,0.5919,2628,2528,en trop IA,IA:E300D:194,,,
ia,23347_SELECTION_GLOBAL_SOUM_2026-08-13 - 3,E300D,Démo projecteur sur rail,2801,2608,0.4919,0.6106,2801,2608,appariée,IA:E300D:195,H:23347_SELECTION_GLOBAL_SOUM_2026-08-13 - 3:102,FIXTURE ENLEVER,74.8
ia,23347_SELECTION_GLOBAL_SOUM_2026-08-13 - 3,E300D,Démo projecteur sur rail,2943,2720,0.5169,0.6369,2943,2720,appariée,IA:E300D:196,H:23347_SELECTION_GLOBAL_SOUM_2026-08-13 - 3:101,FIXTURE ENLEVER,48.1
ia,23347_SELECTION_GLOBAL_SOUM_2026-08-13 - 3,E300D,Démo projecteur sur rail,2966,2776,0.5209,0.6500,2966,2776,en trop IA,IA:E300D:197,,,
ia,23347_SELECTION_GLOBAL_SOUM_2026-08-13 - 3,E300D,Démo projecteur sur rail,1836,2676,0.3224,0.6266,1836,2676,en trop IA,IA:E300D:198,,,
ia,23347_SELECTION_GLOBAL_SOUM_2026-08-13 - 3,E300D,Démo projecteur sur rail,1864,2709,0.3274,0.6343,1864,2709,en trop IA,IA:E300D:199,,,
ia,23347_SELECTION_GLOBAL_SOUM_2026-08-13 - 3,E300D,Démo projecteur sur rail,2218,2775,0.3895,0.6497,2218,2775,en trop IA,IA:E300D:200,,,
ia,23347_SELECTION_GLOBAL_SOUM_2026-08-13 - 3,E300D,Démo projecteur sur rail,2098,2855,0.3685,0.6685,2098,2855,appariée,IA:E300D:201,H:23347_SELECTION_GLOBAL_SOUM_2026-08-13 - 3:130,FIXTURE ENLEVER,37.4
ia,23347_SELECTION_GLOBAL_SOUM_2026-08-13 - 3,E300D,Démo projecteur sur rail,2495,2878,0.4382,0.6738,2495,2878,appariée,IA:E300D:202,H:23347_SELECTION_GLOBAL_SOUM_2026-08-13 - 3:133,FIXTURE ENLEVER,66.1
ia,23347_SELECTION_GLOBAL_SOUM_2026-08-13 - 3,E300D,Démo projecteur sur rail,3149,2274,0.5530,0.5324,3149,2274,en trop IA,IA:E300D:203,,,
ia,23347_SELECTION_GLOBAL_SOUM_2026-08-13 - 3,E300D,Démo projecteur sur rail,3149,2541,0.5530,0.5949,3149,2541,en trop IA,IA:E300D:204,,,
ia,23347_SELECTION_GLOBAL_SOUM_2026-08-13 - 3,E300D,Démo projecteur sur rail,2424,2341,0.4257,0.5481,2424,2341,en trop IA,IA:E300D:205,,,
ia,23347_SELECTION_GLOBAL_SOUM_2026-08-13 - 3,E300D,Démo rail existant,2461,1818,0.4322,0.4257,2461,1818,appariée,IA:E300D:206,H:23347_SELECTION_GLOBAL_SOUM_2026-08-13 - 3:81,FIXTURE ENLEVER,49.5
ia,23347_SELECTION_GLOBAL_SOUM_2026-08-13 - 3,E300D,Démo rail existant,2272,1577,0.3990,0.3692,2272,1577,en trop IA,IA:E300D:207,,,
ia,23347_SELECTION_GLOBAL_SOUM_2026-08-13 - 3,E300D,Démo rail existant,2089,1359,0.3669,0.3182,2089,1359,appariée,IA:E300D:208,H:23347_SELECTION_GLOBAL_SOUM_2026-08-13 - 3:43,FIXTURE ENLEVER,42.7
ia,23347_SELECTION_GLOBAL_SOUM_2026-08-13 - 3,E300D,Démo rail existant,1630,1888,0.2863,0.4421,1630,1888,en trop IA,IA:E300D:209,,,
ia,23347_SELECTION_GLOBAL_SOUM_2026-08-13 - 3,E300D,Démo rail existant,1726,1767,0.3031,0.4137,1726,1767,en trop IA,IA:E300D:210,,,
ia,23347_SELECTION_GLOBAL_SOUM_2026-08-13 - 3,E300D,Démo rail existant,1714,2082,0.3010,0.4875,1714,2082,en trop IA,IA:E300D:211,,,
ia,23347_SELECTION_GLOBAL_SOUM_2026-08-13 - 3,E300D,Démo rail existant,1630,2333,0.2863,0.5462,1630,2333,en trop IA,IA:E300D:212,,,
ia,23347_SELECTION_GLOBAL_SOUM_2026-08-13 - 3,E300D,Démo rail existant,1838,2324,0.3228,0.5441,1838,2324,appariée,IA:E300D:213,H:23347_SELECTION_GLOBAL_SOUM_2026-08-13 - 3:118,FIXTURE ENLEVER,83.3
ia,23347_SELECTION_GLOBAL_SOUM_2026-08-13 - 3,E300D,Démo rail existant,2009,2530,0.3528,0.5924,2009,2530,en trop IA,IA:E300D:214,,,
ia,23347_SELECTION_GLOBAL_SOUM_2026-08-13 - 3,E300D,Démo rail existant,2199,2755,0.3862,0.6450,2199,2755,appariée,IA:E300D:215,H:23347_SELECTION_GLOBAL_SOUM_2026-08-13 - 3:109,FIXTURE ENLEVER,78.3
ia,23347_SELECTION_GLOBAL_SOUM_2026-08-13 - 3,E300D,Démo rail existant,2549,2822,0.4477,0.6607,2549,2822,en trop IA,IA:E300D:216,,,
ia,23347_SELECTION_GLOBAL_SOUM_2026-08-13 - 3,E300D,Démo rail existant,2823,2811,0.4958,0.6582,2823,2811,appariée,IA:E300D:217,H:23347_SELECTION_GLOBAL_SOUM_2026-08-13 - 3:136,FIXTURE ENLEVER,83.8
ia,23347_SELECTION_GLOBAL_SOUM_2026-08-13 - 3,E300D,Démo rail existant,3155,2539,0.5541,0.5945,3155,2539,en trop IA,IA:E300D:218,,,
ia,23347_SELECTION_GLOBAL_SOUM_2026-08-13 - 3,E300D,Démo rail existant,3155,2207,0.5541,0.5167,3155,2207,appariée,IA:E300D:219,H:23347_SELECTION_GLOBAL_SOUM_2026-08-13 - 3:60,FIXTURE ENLEVER,72.6
ia,23347_SELECTION_GLOBAL_SOUM_2026-08-13 - 3,E300D,Démo rail existant,2866,2242,0.5033,0.5249,2866,2242,appariée,IA:E300D:220,H:23347_SELECTION_GLOBAL_SOUM_2026-08-13 - 3:65,FIXTURE ENLEVER,71.4
ia,23347_SELECTION_GLOBAL_SOUM_2026-08-13 - 3,E300D,Démo rail existant,2658,2043,0.4668,0.4783,2658,2043,appariée,IA:E300D:221,H:23347_SELECTION_GLOBAL_SOUM_2026-08-13 - 3:73,FIXTURE ENLEVER,53.8
ia,23347_SELECTION_GLOBAL_SOUM_2026-08-13 - 3,E300D,Démo rail existant,2978,1664,0.5230,0.3896,2978,1664,appariée,IA:E300D:222,H:23347_SELECTION_GLOBAL_SOUM_2026-08-13 - 3:56,FIXTURE ENLEVER,16.8
ia,23347_SELECTION_GLOBAL_SOUM_2026-08-13 - 3,E300D,Démo rail existant,3155,1852,0.5541,0.4336,3155,1852,appariée,IA:E300D:223,H:23347_SELECTION_GLOBAL_SOUM_2026-08-13 - 3:58,FIXTURE ENLEVER,34.0
ia,23347_SELECTION_GLOBAL_SOUM_2026-08-13 - 3,E300D,Démo rail existant,2554,1207,0.4485,0.2826,2554,1207,en trop IA,IA:E300D:224,,,
ia,23347_SELECTION_GLOBAL_SOUM_2026-08-13 - 3,E300D,Démo rail existant,2871,1433,0.5042,0.3355,2871,1433,en trop IA,IA:E300D:225,,,
ia,23347_SELECTION_GLOBAL_SOUM_2026-08-13 - 3,E300D,Démo rail existant,2990,2569,0.5251,0.6015,2990,2569,appariée,IA:E300D:226,H:23347_SELECTION_GLOBAL_SOUM_2026-08-13 - 3:100,FIXTURE ENLEVER,33.9
ia,23347_SELECTION_GLOBAL_SOUM_2026-08-13 - 6,E400,Boîte 2x2 conduit 3/4 (fenêtres),2358,3378,0.4141,0.7909,2358,3378,appariée,IA:E400:1,H:23347_SELECTION_GLOBAL_SOUM_2026-08-13 - 6:12,4X4,1.3
ia,23347_SELECTION_GLOBAL_SOUM_2026-08-13 - 6,E400,Boîte de tirage 8x8,2010,1277,0.3530,0.2990,2010,1277,appariée,IA:E400:2,H:23347_SELECTION_GLOBAL_SOUM_2026-08-13 - 6:2,BOITE 8X8,10.7
ia,23347_SELECTION_GLOBAL_SOUM_2026-08-13 - 6,E400,Boîte de tirage 8x8,2010,1850,0.3530,0.4332,2010,1850,appariée,IA:E400:3,H:23347_SELECTION_GLOBAL_SOUM_2026-08-13 - 6:3,BOITE 8X8,2.5
ia,23347_SELECTION_GLOBAL_SOUM_2026-08-13 - 6,E400,Boîte de tirage 8x8,2010,2582,0.3530,0.6045,2010,2582,appariée,IA:E400:4,H:23347_SELECTION_GLOBAL_SOUM_2026-08-13 - 6:5,BOITE 8X8,4.1
ia,23347_SELECTION_GLOBAL_SOUM_2026-08-13 - 6,E400,Boîte de tirage 8x8,2916,1600,0.5121,0.3746,2916,1600,appariée,IA:E400:5,H:23347_SELECTION_GLOBAL_SOUM_2026-08-13 - 6:1,BOITE 8X8,4.0
ia,23347_SELECTION_GLOBAL_SOUM_2026-08-13 - 6,E400,Boîte de tirage 8x8,2916,2582,0.5121,0.6045,2916,2582,appariée,IA:E400:6,H:23347_SELECTION_GLOBAL_SOUM_2026-08-13 - 6:4,BOITE 8X8,4.7
ia,23347_SELECTION_GLOBAL_SOUM_2026-08-13 - 6,E400,Descente EMT + boîte 4x4,1600,1045,0.2810,0.2447,1600,1045,appariée,IA:E400:7,H:23347_SELECTION_GLOBAL_SOUM_2026-08-13 - 6:17,4X4,2.0
ia,23347_SELECTION_GLOBAL_SOUM_2026-08-13 - 6,E400,Descente EMT + boîte 4x4,1816,1277,0.3189,0.2990,1816,1277,appariée,IA:E400:8,H:23347_SELECTION_GLOBAL_SOUM_2026-08-13 - 6:16,4X4,13.6
ia,23347_SELECTION_GLOBAL_SOUM_2026-08-13 - 6,E400,Descente EMT + boîte 4x4,1816,1850,0.3189,0.4332,1816,1850,appariée,IA:E400:9,H:23347_SELECTION_GLOBAL_SOUM_2026-08-13 - 6:14,4X4,5.6
ia,23347_SELECTION_GLOBAL_SOUM_2026-08-13 - 6,E400,Descente EMT + boîte 4x4,2404,1994,0.4222,0.4669,2404,1994,appariée,IA:E400:10,H:23347_SELECTION_GLOBAL_SOUM_2026-08-13 - 6:15,4X4,4.1
ia,23347_SELECTION_GLOBAL_SOUM_2026-08-13 - 6,E400,Descente EMT + boîte 4x4,1816,2753,0.3189,0.6446,1816,2753,en trop IA,IA:E400:11,,,
ia,23347_SELECTION_GLOBAL_SOUM_2026-08-13 - 6,E400,Descente EMT + boîte 4x4,3215,1040,0.5646,0.2435,3215,1040,appariée,IA:E400:12,H:23347_SELECTION_GLOBAL_SOUM_2026-08-13 - 6:7,4X4,11.5
ia,23347_SELECTION_GLOBAL_SOUM_2026-08-13 - 6,E400,Descente EMT + boîte 4x4,2997,1600,0.5263,0.3746,2997,1600,appariée,IA:E400:13,H:23347_SELECTION_GLOBAL_SOUM_2026-08-13 - 6:6,4X4,6.8
ia,23347_SELECTION_GLOBAL_SOUM_2026-08-13 - 6,E400,Descente EMT + boîte 4x4,2997,2447,0.5263,0.5729,2997,2447,appariée,IA:E400:14,H:23347_SELECTION_GLOBAL_SOUM_2026-08-13 - 6:8,4X4,5.0
ia,23347_SELECTION_GLOBAL_SOUM_2026-08-13 - 6,E400,Descente EMT + boîte 4x4,3140,2720,0.5515,0.6369,3140,2720,appariée,IA:E400:15,H:23347_SELECTION_GLOBAL_SOUM_2026-08-13 - 6:9,4X4,11.0
ia,23347_SELECTION_GLOBAL_SOUM_2026-08-13 - 6,E400,Descente EMT + boîte 4x4,2422,3241,0.4254,0.7588,2422,3241,appariée,IA:E400:16,H:23347_SELECTION_GLOBAL_SOUM_2026-08-13 - 6:11,4X4,7.3
ia,,E101,Mise en route nLight (forfait),2722,1610,0.4780,0.3770,2722,1610,en trop IA (feuille sans page humaine),IA:E101:1,,,
