chunk,family,ee_codes,ne_page,ne_item,ne_material_usd,ne_manhours,ne_unit,neca_page,neca_item,neca_normal_hours,neca_unit,confidence,note,ne_raw,ne_raw_src,neca_raw,neca_raw_src
0,PRISE,,240,"15 amp, 125 volt, back & side wired, corrosion resistant, commercial grade, NEMA 5-15R Ivory || raw: Ivory L1@0.20 Ea 1.05 9.32 10.37",1.05,0.2,Ea,318,Duplex Receptacle - Straight Blade > 15 Amp 3 Wire || raw: 15 Amp 3 Wire 25.00 31.25 37.50 C,25.00,C,medium,"Generic label PRISE (no amperage/grade on plan). Assumed 15A 125V duplex, commercial grade. NECA C = per 100 units (25.00 h/100 = 0.25 h each). Book pages are the PDF page index used in prix CSVs (NE printed folio = ne_page - 1; NECA printed = neca_page).",Ivory L1@0.20 Ea 1.05 9.32 10.37,item,15 Amp 3 Wire 25.00 31.25 37.50 C,item
0,PRISE,LQE005029,255,"4 pole, 5 wire, 3 phase Y grounding locking receptacles 30A, 120/208V, NEMA L21-30R || raw: 30A, 120/208V, NEMA L21-30R L1@0.30 Ea 36.50 14.00 50.50",36.50,0.3,Ea,318,Single Receptacle - Straight Blade or Twist Lock > 30 Amp 5 Wire || raw: 30 Amp 5 Wire 50.00 62.50 75.00 C,50.00,C,high,"EE code LQE005029 = Hubbell HBL2810 (RECEPT 30A 4P5F 3PH 120/208V) = NEMA L21-30R locking receptacle, exact NE match. NECA: single receptacle twist lock 30 Amp 5 Wire, C = per 100.","30A, 120/208V, NEMA L21-30R L1@0.30 Ea 36.50 14.00 50.50",item,30 Amp 5 Wire 50.00 62.50 75.00 C,item
0,INT,ENSE9AC3454F2101550C,225,"Commercial specification-grade, side wired with ground screw, 15 amp, 120/277 volt, AC quiet Single pole, ivory || raw: Single pole, ivory L1@0.20 Ea 2.12 9.32 11.44",2.12,0.2,Ea,320,Switches - General Use Toggle Switches - Keyed Switches > 1-Pole 15 Amp || raw: 1-Pole 15 Amp 20.00 25.00 30.00 C,20.00,C,low,"EE: interrupteur 15A 347V single pole. NE has no 347V switch: nearest is 15A 120/277V commercial spec-grade single pole (voltage mismatch -> low). NECA toggle switch 1-Pole 15 Amp has no voltage rating, C = per 100 (0.20 h each).","Single pole, ivory L1@0.20 Ea 2.12 9.32 11.44",item,1-Pole 15 Amp 20.00 25.00 30.00 C,item
0,INT,ENS70AB1935194109940,225,"Commercial specification-grade, side wired with ground screw, 15 amp, 120/277 volt, AC quiet Three-way, ivory || raw: Three-way, ivory L1@0.25 Ea 3.85 11.60 15.45",3.85,0.25,Ea,320,Switches - General Use Toggle Switches - Keyed Switches > 3-Way 15 Amp || raw: 3-Way 15 Amp 35.00 43.75 52.50 C,35.00,C,low,"EE: interrupteur 3 way 15A 347V. NE nearest 15A 120/277V three-way (voltage mismatch). NECA 3-Way 15 Amp, C = per 100 (0.35 h each).","Three-way, ivory L1@0.25 Ea 3.85 11.60 15.45",item,3-Way 15 Amp 35.00 43.75 52.50 C,item
0,INT,ENS8A1385CA9112E9210,225,"Commercial specification-grade, side wired with ground screw, 15 amp, 120/277 volt, AC quiet Three-way, ivory || raw: Three-way, ivory L1@0.25 Ea 3.85 11.60 15.45",3.85,0.25,Ea,320,Switches - General Use Toggle Switches - Keyed Switches > 3-Way 15 Amp || raw: 3-Way 15 Amp 35.00 43.75 52.50 C,35.00,C,high,"EE: interrupteur 3 way 15A 120V. NE 15A 120/277V three-way commercial spec-grade covers 120V exactly. NECA 3-Way 15 Amp, C = per 100.","Three-way, ivory L1@0.25 Ea 3.85 11.60 15.45",item,3-Way 15 Amp 35.00 43.75 52.50 C,item
0,INT,ENS0A68F20F115FB1070,225,"Commercial specification-grade, side wired with ground screw, 15 amp, 120/277 volt, AC quiet Four-way, ivory || raw: Four-way, ivory L1@0.30 Ea 12.50 14.00 26.50",12.50,0.3,Ea,320,Switches - General Use Toggle Switches - Keyed Switches > 4-Way 15 Amp || raw: 4-Way 15 Amp 40.00 50.00 60.00 C,40.00,C,low,"EE: interrupteur 4 way 15A 347V. NE nearest 15A 120/277V four-way (voltage mismatch). NECA 4-Way 15 Amp, C = per 100 (0.40 h each).","Four-way, ivory L1@0.30 Ea 12.50 14.00 26.50",item,4-Way 15 Amp 40.00 50.00 60.00 C,item
0,INT,,225,"Commercial specification-grade, side wired with ground screw, 15 amp, 120/277 volt, AC quiet Single pole, ivory || raw: Single pole, ivory L1@0.20 Ea 2.12 9.32 11.44",2.12,0.2,Ea,320,Switches - General Use Toggle Switches - Keyed Switches > 1-Pole 15 Amp || raw: 1-Pole 15 Amp 20.00 25.00 30.00 C,20.00,C,medium,"Generic labels INT / INT 1 VOIE / B INT (no voltage on plan): assumed 15A single pole. NE 120/277V line; NECA 1-Pole 15 Amp, C = per 100.","Single pole, ivory L1@0.20 Ea 2.12 9.32 11.44",item,1-Pole 15 Amp 20.00 25.00 30.00 C,item
0,HAUT PARLEUR,,,none,,,,390,Sound Systems - Sound Generating Equipment > Speaker - Ceiling - Note: Includes Cutting Hole || raw: Speaker - Ceiling - Note: Includes Cutting Hole 0.75 0.95 1.15 E,0.75,E,medium,"NE 2025 has no sound-system speaker line (only apartment entry-control speakers p.373, not comparable) -> none. NECA: sound system ceiling speaker, includes cutting hole; wall surface = 0.50 h, wall flush = 0.75 h on same page. Mounting not known from label.",,,Speaker - Ceiling - Note: Includes Cutting Hole 0.75 0.95 1.15 E,item
0,TH,,,none,,,,74,Thermostats > Line Voltage 1-Circuit Thermostats || raw: Line Voltage 1-Circuit Thermostats 0.60 0.84 1.18 E,0.60,E,medium,Dupuis TH = thermostat de plinthe electrique (line voltage). NE 2025 has no thermostat line -> none. NECA line-voltage 1-circuit thermostat; 2-circuit (double pole) = 0.66 h same page.,,,Line Voltage 1-Circuit Thermostats 0.60 0.84 1.18 E,item
0,TEL,,264,Telephone wiring device plates 1 gang ivory || raw: 1 gang ivory L1@0.05 Ea .45 2.33 2.78,0.45,0.05,Ea,383,Work Area Terminations > RJ-11 Modular Jack || raw: RJ-11 Modular Jack 0.10 0.13 0.15 E,0.10,E,low,"Telephone outlet. NE has only the telephone wall plate (no jack line) -> partial, material for plate only. NECA RJ-11 modular jack 0.10 h + 1 Gang Face Plate 0.10 h (p.383) = 0.20 h per outlet; cable and box not included.",1 gang ivory L1@0.05 Ea .45 2.33 2.78,item,RJ-11 Modular Jack 0.10 0.13 0.15 E,item
0,FIXT TYPE A,,,none,,,,,none,,,none,"Luminaire type A is defined per project fixture schedule (type letter, not a product). No book line can match without the schedule -> none in both books.",,,,
0,SORTIE TEL,,264,Telephone wiring device plates 1 gang ivory || raw: 1 gang ivory L1@0.05 Ea .45 2.33 2.78,0.45,0.05,Ea,383,Work Area Terminations > RJ-11 Modular Jack || raw: RJ-11 Modular Jack 0.10 0.13 0.15 E,0.10,E,low,Same device as TEL (sortie telephone). NE plate only (no jack). NECA RJ-11 modular jack 0.10 h + face plate 0.10 h.,1 gang ivory L1@0.05 Ea .45 2.33 2.78,item,RJ-11 Modular Jack 0.10 0.13 0.15 E,item
0,PRISE 15A,,240,"15 amp, 125 volt, back & side wired, corrosion resistant, commercial grade, NEMA 5-15R Ivory || raw: Ivory L1@0.20 Ea 1.05 9.32 10.37",1.05,0.2,Ea,318,Duplex Receptacle - Straight Blade > 15 Amp 3 Wire || raw: 15 Amp 3 Wire 25.00 31.25 37.50 C,25.00,C,high,"Duplex 15A 125V receptacle, exact amperage. NE commercial grade line chosen (spec-grade lines p.240-241 range 2.83-15.10 USD, same 0.20 h). NECA C = per 100.",Ivory L1@0.20 Ea 1.05 9.32 10.37,item,15 Amp 3 Wire 25.00 31.25 37.50 C,item
0,KS,,,none,,,,,none,,,none,Dupuis dictionary: KS = abreviation non resolue (categorie indetermine). Cannot map -> none.,,,,
0,GFI,,247,"15 amp, 120 volt AC, commercial specification-grade, duplex less indicating light, with wall plate Ivory || raw: Ivory L1@0.20 Ea 11.70 9.32 21.02",11.70,0.2,Ea,318,Duplex Receptacle - Straight Blade > 15 Amp GFCI or AFCI || raw: 15 Amp GFCI or AFCI 30.00 37.50 45.00 C,30.00,C,medium,"Label GFI gives no amperage: assumed 15A 120V GFCI duplex. NE 20A version = 14.10 USD same 0.20 h (p.247). NECA 15 Amp GFCI or AFCI, C = per 100 (0.30 h each); 20 Amp = 35.00/C.",Ivory L1@0.20 Ea 11.70 9.32 21.02,item,15 Amp GFCI or AFCI 30.00 37.50 45.00 C,item
0,DETECTEUR,,372,120 volt smoke detectors Continuous red LED || raw: Continuous red LED L1@0.50 Ea 12.50 23.30 35.80,12.50,0.5,Ea,410,Fire Alarm Initiating Devices > Detector Head || raw: Detector Head 0.20 0.25 0.31 E,0.20,E,low,Dupuis: detecteur de fumee generique; system type unknown. NE: standalone 120V smoke detector. NECA fire-alarm system detector = Detector Head 0.20 h + Detector Base 0.65 h (p.410) = 0.85 h; addressable head/base same values. Pick per project (standalone vs fire alarm system).,Continuous red LED L1@0.50 Ea 12.50 23.30 35.80,item,Detector Head 0.20 0.25 0.31 E,item
0,DETECTEUR,,,none,,,,410,Fire Alarm Initiating Devices > Detector Base || raw: Detector Base 0.65 0.81 1.02 E,0.65,E,low,Companion row: NECA Detector Base 0.65 h (to add to Detector Head 0.20 h) for fire-alarm system detectors. NE has no fire-alarm system detector line -> none.,,,Detector Base 0.65 0.81 1.02 E,item
0,ENSEIGNE SORTIE,,172,"Single face exit fixtures with universal arrows, 20-watt T6 1/2 lamps Ceiling mounted, red || raw: Ceiling mounted, red L1@0.50 Ea 43.60 23.30 66.90",43.60,0.5,Ea,360,Exit Fixtures > Surface Mount - Standard or LED || raw: Surface Mount - Standard or LED 1.00 1.25 1.56 E,1.00,E,low,"Exit sign. NE 2025 has no LED exit sign: T6 lamp fixture (single face, ceiling mounted) used for labor 0.50 h; material not representative of LED pictogram signs -> low. Battery-backed 1 or 2 face = 275.00 USD, 0.75 h (p.173). NECA Exit Fixtures surface mount standard or LED 1.00 h.","Ceiling mounted, red L1@0.50 Ea 43.60 23.30 66.90",item,Surface Mount - Standard or LED 1.00 1.25 1.56 E,item
0,ENSEIGNE SORTIE,,,none,,,,360,"Combination Exit & Emergency Lights (standalone header row, Rev X) || raw: Combination Exit & Emergency Lights X 1.00 1.25 1.56 E",1.00,E,medium,Variant ENSEIGNE SORTIE 2T / EXIT 2 TETE = combination exit sign with 2 emergency heads. NECA Combination Exit & Emergency Lights 1.00 h (raw line has an X flag column in the book). NE has no combination exit/emergency unit line -> none.,,,Combination Exit & Emergency Lights X 1.00 1.25 1.56 E,item
1,FIXT TYPE L1,,,none,,,,,none,,,none,"Plan legend type code only (Dupuis: luminaire type L1, famille L) - no fixture spec (size/lamp/mount) so no book line can be selected; needs fixture schedule of each project",,,,
1,THERMOSTAT,,,none,,,,74,Thermostats: Line Voltage 1-Circuit Thermostats,0.60,E,medium,"Dupuis TH = thermostat de chauffage (plinthe electrique) -> line voltage. NECA raw p74: ""Line Voltage 1-Circuit Thermostats 0.60 0.84 1.18 E"" (alt p72 Miscellaneous Controls ""Connect Thermostat 0.75 1.25 1.50 E""). NE 2025: no thermostat line in any section",,,Line Voltage 1-Circuit Thermostats 0.60 0.84 1.18 E,note
1,PRISE DUPLEX 15A 120V,ENS74EB26E819E18BF81;ENS9074DBC3FD84B7149,240,"Duplex Receptacles: 15 amp, 125 volt, back & side wired, specification-grade, NEMA 5-15R Ivory",2.83,0.20,Ea,318,Duplex Receptacle - Straight Blade: 15 Amp 3 Wire,25.00,C,high,"NE raw p240: ""Ivory L1@0.20 Ea 2.83 9.32 12.15"" (grade choice: spec-grade; residential push-in 0.69 / commercial 1.05 also on p240, all 0.20 h). NECA raw p318: ""15 Amp 3 Wire 25.00 31.25 37.50 C"" = 0.25 h each. Device only, box/plate/wire not included",Ivory L1@0.20 Ea 2.83 9.32 12.15,note,15 Amp 3 Wire 25.00 31.25 37.50 C,note
1,PRISE DUPLEX 15A 120V,ENS904B2389107100B11,247,"GFCI Duplex Receptacles: 15 amp, 120 volt AC, commercial specification-grade, duplex less indicating light, with wall plate Ivory",11.70,0.20,Ea,318,Duplex Receptacle - Straight Blade: 15 Amp GFCI or AFCI,30.00,C,high,"GFI variant (label ""prise duplex 15A 120V GFI""). NE raw p247: ""Ivory L1@0.20 Ea 11.70 9.32 21.02"". NECA raw p318: ""15 Amp GFCI or AFCI 30.00 37.50 45.00 C"" = 0.30 h each",Ivory L1@0.20 Ea 11.70 9.32 21.02,note,15 Amp GFCI or AFCI 30.00 37.50 45.00 C,note
1,FIXT TYPE B,,,none,,,,,none,,,none,Plan legend type code only (Dupuis: luminaire type B) - no fixture spec; needs fixture schedule,,,,
1,KLAXON,,369,"Sirens and Horns: Horns, AC 24 VAC, grille",73.00,0.40,Ea,409,Security Systems - Signaling Devices: Horn - Indoor,0.60,E,low,"Dupuis: avertisseur sonore alarme incendie. NE raw p369: ""24 VAC, grille L1@0.40 Ea 73.00 18.60 91.60"" - voltage/type of Dupuis klaxon unknown, NE has no fire-alarm horn section. NECA p410 Fire Alarm - Signaling has Bell/Chime/Speaker/Strobe (all 0.75 E) but no ""Horn""; closest horn line is p409 intrusion ""Horn - Indoor 0.60 0.75 0.90 E""","24 VAC, grille L1@0.40 Ea 73.00 18.60 91.60",note,Horn - Indoor 0.60 0.75 0.90 E,note
1,KLAXON,,369,"Sirens and Horns: Horns, AC 24 VAC, weatherproof",97.50,0.40,Ea,409,Security Systems - Signaling Devices: Horn - Outdoor,0.80,E,low,"KLAXON WP variant. NE raw p369: ""24 VAC, weatherproof L1@0.40 Ea 97.50 18.60 116.10"". NECA raw p409: ""Horn - Outdoor 0.80 1.00 1.20 E"" (intrusion section, not fire alarm)","24 VAC, weatherproof L1@0.40 Ea 97.50 18.60 116.10",note,Horn - Outdoor 0.80 1.00 1.20 E,note
1,FIXT TYPE E1,,,none,,,,,none,,,none,Plan legend type code only (Dupuis: luminaire type E1) - no fixture spec; needs fixture schedule,,,,
1,EXIT,,173,"Exit Lighting Fixtures with Universal Arrows: Double face exit fixtures, 20-watt T6 1/2 lamps, Ceiling mounted, red",46.20,0.55,Ea,360,Exit Fixtures: Surface Mount - Standard or LED,1.00,E,medium,"Dupuis EXIT = enseigne de sortie (eclairage d urgence). NE raw p173: ""Ceiling mounted, red L1@0.55 Ea 46.20 25.60 71.80"" (incandescent T6-1/2 line, no LED exit line in NE 2025; battery version ""1 or 2 face exit fixtures with rechargeable batteries Ceiling mounted, red L1@0.75 Ea 275.00 34.90 309.90""). NECA raw p360: ""Surface Mount - Standard or LED 1.00 1.25 1.56 E"". Single/double face and battery unknown from label","Ceiling mounted, red L1@0.55 Ea 46.20 25.60 71.80",note,Surface Mount - Standard or LED 1.00 1.25 1.56 E,note
1,TETE DOUBLE,,,none,,,,360,Egress/Emergency Fixtures: Remote Double Head,0.70,E,medium,"Dupuis: luminaire de secours (batterie) a 2 tetes orientables. NECA raw p360: ""Remote Double Head 0.70 0.88 1.09 E""; if the unit is self-contained battery pack use ""Self Contained Dual Head 1.20 1.50 1.88 E"" (same page). NE 2025: no emergency lighting head/battery unit line found (grep emergency|battery -> only smoke detectors p372)",,,Remote Double Head 0.70 0.88 1.09 E,note
1,FIXT TYPE D,,,none,,,,,none,,,none,Plan legend type code only (Dupuis: luminaire type D) - no fixture spec; needs fixture schedule,,,,
1,RACCORD DIRECT,,,none,,,,,none,,,none,"Dupuis: sortie de cablage - raccordement direct (sans prise). No generic ""direct connection / hard-wired outlet"" line in NE 2025 (Equipment Hookup p380-381 is per equipment type) nor in NECA 2022 (grep direct|hard-wire|whip -> only direct burial cable). Price via connected equipment or as box + connector once the load is known",,,,
1,PLINTHE,,,none,,,,78,Baseboard Heaters: 60-inch,1.00,E,low,"Dupuis labels give watts (500W/1250W/2000W); NECA p78 (23 83 00) lists baseboard heaters by length only: ""24-inch 0.75"", ""36-inch 0.80"", ""48-inch 0.90"", ""60-inch 1.00 1.25 1.50 E"", ""72-inch 1.10"", ""96-inch 1.25"", ""120-inch 1.40"" - watt-to-length mapping not in book. NE 2025: no electric baseboard heater line (grep baseboard|heater -> only duct/unit heater hookups p380-381)",,,60-inch 1.00 1.25 1.50 E,note
1,FIXT TYPE E,,,none,,,,,none,,,none,Plan legend type code only (Dupuis: luminaire type E) - no fixture spec; needs fixture schedule,,,,
2,STATION MANUEL,,,none,,,,410,Fire Alarm Initiating Devices: Manual Station Non-Coded,0.50,E,medium,"Dupuis: station manuelle d'alarme incendie (pull station); variants RELO STATION / STATION WP fold into this family. NECA raw p410: ""Manual Station Non-Coded 0.50 0.63 0.78 E"" - Coded and Addressable lines on same page are identical (""Manual Station Coded 0.50 0.63 0.78 E"", ""Manual Station Addressable 0.50 0.63 0.78 E"") so type does not change hours; explosion-proof version ""Explosion Proof Manual Station with Box 1.10 1.38 1.72 E"" is not a WP equivalent. NE 2025: no pull/manual station line (grep pull station|manual station -> 0). Device only, box/wire not included",,,Manual Station Non-Coded 0.50 0.63 0.78 E,note
2,FIXT TYPE C,,,none,,,,,none,,,none,"Plan legend type code only (Dupuis: luminaire type C, variant TYPE C) - no fixture spec (size/lamp/mount) so no book line can be selected; needs fixture schedule of each project",,,,
2,BOITE,LQE008445,128,"4"" x 4"" x 2-1/8"" deep square boxes 4-S 1/2 & 3/4 KO",8.63,0.27,Ea,200,Knockout Type Steel Boxes: 4-inch Square Boxes,30.00,C,high,"EE LQE008445 = Iberville IBE52171K ""BOITE CARRE 2-1/8PO KO 1/2-3/4PO (AI)"" = 4-inch square box 2-1/8 deep with 1/2 & 3/4 KO. NE raw p128: ""4-S 1/2 & 3/4 KO L1@0.27 Ea 8.63 12.60 21.23"" (heading 4"" x 4"" x 2-1/8"" deep square boxes). NECA raw p200: ""4-inch Square Boxes 30.00 35.00 40.00 C"" = 0.30 h each. Box only, cover/plaster ring not included (NE p129 ""4-S flat blank L1@0.05 Ea 2.01 2.33 4.34"")",4-S 1/2 & 3/4 KO L1@0.27 Ea 8.63 12.60 21.23,note,4-inch Square Boxes 30.00 35.00 40.00 C,note
2,BOITE,LQE011995,128,"4"" x 4"" x 1-1/2"" deep square boxes 4-S 1/2 & 3/4 KO",5.41,0.25,Ea,200,Knockout Type Steel Boxes: 4-inch Square Boxes,30.00,C,high,"EE LQE011995 = Iberville IBE72151K ""BOITE CARRE 1-1/2PO KO 1/2-3/4PO"" = 4-inch square box 1-1/2 deep. NE raw p128: ""4-S 1/2 & 3/4 KO L1@0.25 Ea 5.41 11.60 17.01"" (heading 4"" x 4"" x 1-1/2"" deep square boxes). NECA raw p200: ""4-inch Square Boxes 30.00 35.00 40.00 C"" = 0.30 h each (NECA does not distinguish depth)",4-S 1/2 & 3/4 KO L1@0.25 Ea 5.41 11.60 17.01,note,4-inch Square Boxes 30.00 35.00 40.00 C,note
2,BOITE,LQE008444,147,NEMA 1 surface or flush mounted screw cover pull boxes 12 x 12 x 4,73.60,0.55,Ea,218,NEMA 1 Screw Cover J-Boxes & Pull Boxes with Knockouts: 12-inch x 12-inch x 4-inch,1.25,E,high,"EE LQE008444 = Hoffman HOFASE12124 ""BOITE D 12X12X4PO CEMA1"" (label 12X12). NE raw p147: ""12 x 12 x 4 L1@0.55 Ea 73.60 25.60 99.20"". NECA raw p218: ""12-inch x 12-inch x 4-inch 1.25 1.60 2.15 E""",12 x 12 x 4 L1@0.55 Ea 73.60 25.60 99.20,note,12-inch x 12-inch x 4-inch 1.25 1.60 2.15 E,note
2,BOITE,LQE011273,147,NEMA 1 surface or flush mounted screw cover pull boxes 12 x 12 x 6,86.40,0.60,Ea,218,NEMA 1 Screw Cover J-Boxes & Pull Boxes with Knockouts: 12-inch x 12-inch x 6-inch,1.35,E,high,"EE LQE011273 = Hoffman HOFASE12126 ""BOITE D 12X12X6PO CEMA1"". NE raw p147: ""12 x 12 x 6 L1@0.60 Ea 86.40 28.00 114.40"". NECA raw p218: ""12-inch x 12-inch x 6-inch 1.35 1.75 2.20 E""",12 x 12 x 6 L1@0.60 Ea 86.40 28.00 114.40,note,12-inch x 12-inch x 6-inch 1.35 1.75 2.20 E,note
2,BOITE,LQE010549,148,NEMA 1 surface or flush mounted screw cover pull boxes 24 x 24 x 6,298.00,1.00,Ea,218,NEMA 1 Screw Cover J-Boxes & Pull Boxes with Knockouts: 24-inch x 24-inch x 6-inch,2.75,E,high,"EE LQE010549 = Hoffman HOFASE24246 ""BOITE D 24X24X6PO CEMA1"". NE raw p148: ""24 x 24 x 6 L1@1.00 Ea 298.00 46.60 344.60"". NECA raw p218: ""24-inch x 24-inch x 6-inch 2.75 3.50 4.00 E""",24 x 24 x 6 L1@1.00 Ea 298.00 46.60 344.60,note,24-inch x 24-inch x 6-inch 2.75 3.50 4.00 E,note
2,BOITE,LQE004733,147,NEMA 1 surface or flush mounted screw cover pull boxes 6 x 6 x 4,31.80,0.35,Ea,218,NEMA 1 Screw Cover J-Boxes & Pull Boxes with Knockouts: 6-inch x 6-inch x 4-inch,1.00,E,high,"EE LQE004733 = Hoffman HOFASE664 ""BOITE D 6X6X4PO CEMA1"". NE raw p147: ""6 x 6 x 4 L1@0.35 Ea 31.80 16.30 48.10"". NECA raw p218: ""6-inch x 6-inch x 4-inch 1.00 1.25 1.50 E""",6 x 6 x 4 L1@0.35 Ea 31.80 16.30 48.10,note,6-inch x 6-inch x 4-inch 1.00 1.25 1.50 E,note
2,BOITE,,128,"4"" x 4"" x 1-1/2"" deep square boxes 4-S 1/2 & 3/4 KO",5.41,0.25,Ea,200,Knockout Type Steel Boxes: 4-inch Square Boxes,30.00,C,medium,"Plan label ""4X4"" or bare ""BOITE"" with no EE code: depth (1-1/2 vs 2-1/8) and KO size unknown - default to the 1-1/2 deep 1/2 & 3/4 KO line; NE raw p128: ""4-S 1/2 & 3/4 KO L1@0.25 Ea 5.41 11.60 17.01""; 2-1/8 deep alt on same page ""4-S 1/2 & 3/4 KO L1@0.27 Ea 8.63 12.60 21.23"". NECA raw p200: ""4-inch Square Boxes 30.00 35.00 40.00 C"" = 0.30 h each regardless of depth",4-S 1/2 & 3/4 KO L1@0.25 Ea 5.41 11.60 17.01,note,4-inch Square Boxes 30.00 35.00 40.00 C,note
2,BOITE,,147,NEMA 1 surface or flush mounted screw cover pull boxes 12 x 12 x 4,73.60,0.55,Ea,218,NEMA 1 Screw Cover J-Boxes & Pull Boxes with Knockouts: 12-inch x 12-inch x 4-inch,1.25,E,medium,"Plan label ""12X12"" with no EE code: depth unknown (Dupuis stock has both 12X12X4 LQE008444 and 12X12X6 LQE011273) - default to 4-inch deep. NE raw p147: ""12 x 12 x 4 L1@0.55 Ea 73.60 25.60 99.20"". NECA raw p218: ""12-inch x 12-inch x 4-inch 1.25 1.60 2.15 E""",12 x 12 x 4 L1@0.55 Ea 73.60 25.60 99.20,note,12-inch x 12-inch x 4-inch 1.25 1.60 2.15 E,note
2,DETECTEUR FUMEE,,372,Detectors: 120 volt smoke detectors Continuous red LED,12.50,0.50,Ea,410,Fire Alarm Initiating Devices: Detector Base,0.65,E,low,"Dupuis: detecteur de fumee, categorie securite_incendie / BASSE_TENSION_COMM (variant DETECTEUR FUMER). System type unknown from label (120 V stand-alone vs fire-alarm system head on base). NE raw p372: ""Continuous red LED L1@0.50 Ea 12.50 23.30 35.80"" (120 volt smoke detectors; battery type ""No LED indicator L1@0.30 Ea 10.60 14.00 24.60""; NE has no fire-alarm system smoke detector line). NECA p410 prices a system detector as base + head: ""Detector Base 0.65 0.81 1.02 E"" plus ""Detector Head 0.20 0.25 0.31 E"" (addressable identical: ""Addressable Base 0.65 0.81 1.02 E"", ""Addressable Head 0.20 0.25 0.31 E""); duct type ""Duct Smoke Detector 2.00 2.50 3.00 E""",Continuous red LED L1@0.50 Ea 12.50 23.30 35.80,note,Detector Base 0.65 0.81 1.02 E,note
2,SERPENTIN,,380,"Equipment Hookup: Hook up mechanical equipment Duct heaters, 1-ph",16.40,2.00,Ea,,none,,,low,"Dupuis: serpentin chauffant electrique (element chauffant, en pratique serpentin electrique dans conduit de ventilation = duct heater); kW and phase not in label. NE raw p380: ""Duct heaters, 1-ph L1@2.00 Ea 16.40 93.20 109.60"" (hookup labor + connection material only, heater supplied by others; 3-ph alt ""Duct heaters, 3-ph L1@2.25 Ea 33.20 105.00 138.20""). NECA p77 lists duct heaters by kW only (""250 Volt Duct Heaters"": ""2 KW 0.90 1.13 1.35 E"" ... ""800 KW 13.00 16.25 19.50 E""; ""125 Volt Duct Heaters"": ""1 KW 1.00 1.25 1.50 E"" ...) - no kW on plan label so no single line can be chosen","Duct heaters, 1-ph L1@2.00 Ea 16.40 93.20 109.60",note,,
2,GRADATEUR,,230,"Switches: Dimmer switches, incandescent with decorative wallplate, 120 volt 600W, slide on/off, ivory",12.90,0.25,Ea,320,Dimmer Switch: 1-Pole 600 Watt,0.40,E,medium,"Dupuis: gradateur d'eclairage (dimmer), wattage / pole count not in label - default single-pole 600 W. NE raw p230: ""600W, slide on/off, ivory L1@0.25 Ea 12.90 11.60 24.50"" (touch on/off 600W 18.00; three-way 1000W ""1000W, push on/off, ivory L1@0.25 Ea 43.70 11.60 55.30""; all dimmer lines 0.25 h). NECA raw p320: ""1-Pole 600 Watt 0.40 0.50 0.60 E"" (alts: ""1-Pole 1000 Watt 0.50 0.63 0.75 E"", ""3-Way 600 Watt 0.70 0.88 1.05 E""). GRADATEUR 3 VOIE is a separate Dupuis label","600W, slide on/off, ivory L1@0.25 Ea 12.90 11.60 24.50",note,1-Pole 600 Watt 0.40 0.50 0.60 E,note
2,TEL/DATA,ENS16390E3ECF14C14B0,264,Wiring Device Plates: Telephone wiring device plates 1 gang ivory,0.45,0.05,Ea,383,Work Area Terminations: RJ-45 Modular Jack,0.20,E,low,"EE ENS16390E3ECF14C14B0 = assembly ""19PE tel/data"" (Dupuis telecom_donnees). Neither book has a combined tel/data outlet line. NE 2025 has no jack line at all (Communications Cable p522-528 is cable per KLF only); only the plate: NE raw p264 ""1 gang ivory L1@0.05 Ea .45 2.33 2.78"". NECA p383 prices the outlet by component: ""RJ-45 Modular Jack 0.20 0.25 0.30 E"" (data), ""RJ-11 Modular Jack 0.10 0.13 0.15 E"" (tel), ""1 Gang Face Plate 0.10 0.13 0.15 E""; a tel/data outlet = plate + RJ-11 + RJ-45. Box, cable and termination at the rack not included",1 gang ivory L1@0.05 Ea .45 2.33 2.78,note,RJ-45 Modular Jack 0.20 0.25 0.30 E,note
2,1000W,,,none,,,,78,Baseboard Heaters: 48-inch,0.90,E,low,"Dupuis: plinthe electrique chauffante 1000W (variant PLINTHE 1000W). NECA p78 (23 83 00) lists baseboard heaters by length only, watt-to-length mapping not in book: ""24-inch 0.75 0.94 1.13 E"", ""36-inch 0.80 1.00 1.20 E"", ""48-inch 0.90 1.13 1.35 E"", ""60-inch 1.00 1.25 1.50 E"", ""72-inch 1.10 1.38 1.65 E"", ""96-inch 1.25 1.56 1.88 E"", ""120-inch 1.40 1.75 2.10 E"". 48-inch chosen only as the usual length of a 1000 W / 240 V baseboard in manufacturer catalogs (NOT from the book) - confirm against project fixture schedule. NE 2025: no electric baseboard heater line (grep baseboard|heater -> only duct/unit heater hookups p380-381)",,,48-inch 0.90 1.13 1.35 E,note
2,PRISE DUPLEX 15/20A 120V,ENSE03A359013913CDE1,242,"Duplex Receptacles: 20 amp, 125 volt, back & side wired, self grounding, commercial-grade, NEMA 5-20R Ivory",10.20,0.20,Ea,318,Duplex Receptacle - Straight Blade: 20 Amp 3 Wire,30.00,C,high,"EE ENSE03A359013913CDE1 = assembly ""4PE prise CR20 120V"" (CR20 = commercial-grade 20 A duplex, NEMA 5-20R). NE raw p242: ""Ivory L1@0.20 Ea 10.20 9.32 19.52"" (specification-grade alt same page ""Ivory L1@0.20 Ea 13.90 9.32 23.22""; GFCI 20 A p247 ""Ivory L1@0.20 Ea 14.10 9.32 23.42""). NECA raw p318: ""20 Amp 3 Wire 30.00 37.50 45.00 C"" = 0.30 h each. Device only, box/plate/wire not included",Ivory L1@0.20 Ea 10.20 9.32 19.52,note,20 Amp 3 Wire 30.00 37.50 45.00 C,note
2,FIXT TO REMOVE,,,none,,,,,none,,,none,"Dupuis: luminaire existant a enlever (demolition). NE 2025 has no demolition/removal line (grep demoli|remov -> 0). NECA 2022 26 05 05 Selective Demolition (p123-128) covers only outdoor utility work (poles, cross arms, street lighting on poles); interior lighting p357 ""Remove and Package for Disposal"" is lamps/ballasts only (""4-foot Tube 0.15 0.18 0.22 E"", ""4-foot Ballast 0.40 0.50 0.60 E"") - no whole-fixture removal line in either book",,,,
2,FIXT ENL,,,none,,,,,none,,,none,"Dupuis: luminaire existant a enlever (ENL = a enlever), same scope as FIXT TO REMOVE. No whole-fixture removal line in NE 2025 (no demolition section) nor NECA 2022 (26 05 05 p123-128 is utility/pole work; p357 removal lines are lamps/ballasts only)",,,,
2,B1000W,,,none,,,,,none,,,none,"Dupuis: luminaire type B, 1000W (plan legend type + wattage only, no fixture type/mount/lamp). 1000 W points to an HID/high-bay class but the book lines differ by fixture type and cannot be chosen from the label: NE p181 ""1000W MH, Taps L1@0.75 Ea 976.00 34.90 1,010.90"" (23"" high bay recessed HID), p184 bracket floodlight ""1000W Metal halide L1@1.25 Ea 896.00 58.20 954.20""; NECA p358 High Bay Fixtures - 1000 Watt - With Lens ""Multi Vapor HID - 24-inch Reflector (60 lbs) 3.00 3.75 4.69 E"", ""LED 3.00 3.75 4.69 E"". Needs fixture schedule",,,,
3,HOTTE,,381,Equipment Hookup: Hook up kitchen equipment - Grill hood fan,33.20,2.00,Ea,,none,,,low,"Dupuis HOTTE = sortie de cablage - hotte de cuisine (variants A/D HOTTE, HOTTE CUISINE). NE raw p381: ""Grill hood fan L1@2.00 Ea 33.20 93.20 126.40"" = commercial kitchen grill hood fan hookup, not a residential range hood outlet; NE 2025 has no range-hood / hood outlet line (grep hood|range|exhaust -> only ""Exhaust fans, small L1@1.50 Ea 49.20 69.90 119.10"" p380). NECA 2022: no hood line at all (PDF grep hood -> 0 hits; exhaust -> only p352 ""2-Lamp Heater & Exhaust Fan"" bathroom fixture, not comparable) -> none. Hood type (residential vs commercial) unknown from label",Grill hood fan L1@2.00 Ea 33.20 93.20 126.40,note,,
3,SWITCH,,225,"Commercial specification-grade, side wired with ground screw, 15 amp, 120/277 volt, AC quiet Single pole, ivory",2.12,0.20,Ea,320,Switches - General Use Toggle Switches - Keyed Switches: 1-Pole 15 Amp,20.00,C,medium,"Dupuis SWITCH = interrupteur (terme anglais), no pole/amp/voltage on plan (8 projects; variants ""Switch to remove"", ""Switch Maestro #MS-B102-XX"" = occupancy dimmer, priced separately). Assumed 15A single-pole toggle, same assumption as family INT (chunk-0). NE raw p225: ""Single pole, ivory L1@0.20 Ea 2.12 9.32 11.44"". NECA raw p320: ""1-Pole 15 Amp 20.00 25.00 30.00 C"" = 0.20 h each (C = per 100). Device only | VERIF 2026-09-27: NECA p320 table title is ""Switches - General Use Toggle Switches - Keyed Switches"" (only general toggle-switch table in NECA 2022); title completed, numbers/unit confirmed on page","Single pole, ivory L1@0.20 Ea 2.12 9.32 11.44",note,1-Pole 15 Amp 20.00 25.00 30.00 C,note
3,DETECTEUR MOUVEMENT,,,none,,,,281,Occupancy Sensors: Ceiling Mounted Sensor,0.50,E,medium,"Dupuis: detecteur de mouvement / capteur de presence (controle d eclairage). NECA raw p281 (26 09 23 Lighting Control Devices): ""Ceiling Mounted Sensor 0.50 0.63 0.75 E""; same table ""Passive Infrared Occupancy Sensor 0.50 0.63 0.75 E"", ""Automatic Wall Switch 0.35 0.44 0.53 E"" (use for wall-switch sensor, label DETECTEUR MOUVEMENT MURAL), ""Intelligent Power Pack 0.75 0.94 1.13 E"" (add if line-voltage power pack). Ceiling vs wall unknown from generic label. NE 2025: no occupancy/motion sensor line (PDF grep occupancy|motion -> prose only p367 intrusion detectors, index ""Motion detectors 366"" points to text page) -> none",,,Ceiling Mounted Sensor 0.50 0.63 0.75 E,note
3,DETECTEUR MOUVEMENT,,,none,,,,281,Occupancy Sensors: Automatic Wall Switch,0.35,E,medium,"Companion row for wall-switch type sensor (labels DETECTEUR MOUVEMENT MURAL, INTERRUPTEUR PRESENCE). NECA raw p281: ""Automatic Wall Switch 0.35 0.44 0.53 E"". NE 2025 none (see previous row)",,,Automatic Wall Switch 0.35 0.44 0.53 E,note
3,HP,,,none,,,,390,Sound Systems - Sound Generating Equipment: Speaker - Ceiling - Note: Includes Cutting Hole,0.75,E,medium,"Dupuis HP = haut-parleur (systeme de son), same device as family HAUT PARLEUR (chunk-0). NECA raw p390 (27 51 00): ""Speaker - Ceiling - Note: Includes Cutting Hole 0.75 0.95 1.15 E""; wall variant (label HP MURAL, 457 marks) ""Speaker - Wall - Surface 0.50 0.65 0.75 E"" / ""Speaker - Wall - Flush 0.75 0.95 1.15 E"" same page. If HP is a fire-alarm voice speaker use p410 ""Speaker - 8 Inch Ceiling 1.00 1.25 1.50 E"". NE 2025: no sound-system speaker line (only apartment entry-control speakers p373, not comparable) -> none",,,Speaker - Ceiling - Note: Includes Cutting Hole 0.75 0.95 1.15 E,book
3,CAMERA,,,none,,,,407,Television Systems - Camera and Enclosure: Camera Indoor on Exterior Mount,0.50,E,medium,"Dupuis CAMERA = camera de surveillance (variants CAM, RELO CAMERA, CAMERA EXT). NECA raw p407 (28 21 00 Surveillance Cameras): ""Camera Indoor on Exterior Mount 0.50 0.65 0.75 E"" = camera body only; add mount ""Mount Indoor Light Duty 0.75 0.95 1.15 E"" or dome ""Enclosure Dome - Surface Mount 1.25 1.60 1.90 E"" / ""Enclosure Dome - Ceiling Drop in 1.50 1.90 2.25 E"" as applicable; outdoor (CAMERA EXT) = ""Camera Outdoor on Exterior Mount 0.75 0.95 1.15 E"" + ""Mount Outdoor Light Duty 1.50 1.90 2.25 E"". Camera type/mount unknown from label. NE 2025: no camera/CCTV price line (PDF grep camera -> prose p366-367 only) -> none",,,Camera Indoor on Exterior Mount 0.50 0.65 0.75 E,note
3,FIXT TYPE A1,,,none,,,,,none,,,none,Plan legend type code only (Dupuis: luminaire type A1) - no fixture spec (size/lamp/mount) so no book line can be selected; needs fixture schedule of each project,,,,
3,FIXT TYPE L6,,,none,,,,,none,,,none,Plan legend type code only (Dupuis: luminaire type L6) - no fixture spec; needs fixture schedule,,,,
3,PRISE 15A 125V,,240,"Duplex Receptacles: 15 amp, 125 volt, back & side wired, corrosion resistant, commercial grade, NEMA 5-15R Ivory",1.05,0.20,Ea,318,Duplex Receptacle - Straight Blade: 15 Amp 3 Wire,25.00,C,high,"Dupuis: prise duplex 15A/125V standard - exact amperage and voltage. NE raw p240: ""Ivory L1@0.20 Ea 1.05 9.32 10.37"" (commercial grade, same choice as PRISE 15A chunk-0; residential push-in 0.69, spec-grade 2.83 same page, all 0.20 h). NECA raw p318: ""15 Amp 3 Wire 25.00 31.25 37.50 C"" = 0.25 h each. Device only, box/plate not included. Variant PRISE GFI 15A 125V -> NE p247 GFCI 11.70 / NECA p318 ""15 Amp GFCI or AFCI 30.00 C"" (see GFI chunk-0)",Ivory L1@0.20 Ea 1.05 9.32 10.37,note,15 Amp 3 Wire 25.00 31.25 37.50 C,note
3,FIXT TYPE L3,,,none,,,,,none,,,none,"Plan legend type code only (Dupuis: luminaire type L3, variants TYPE L3, L3A, L3B) - no fixture spec; needs fixture schedule",,,,
3,STROB,,,none,,,,410,Fire Alarm - Signaling: Strobe Light,0.75,E,high,"Dupuis STROB = stroboscope d alarme incendie. NECA raw p410 (28 31 00 Fire Detection and Alarm): ""Strobe Light 0.75 1.00 1.25 E"". Combined variants (KLAXON STROB / HORN STROB, separate families): ""Speaker/Strobe 0.75 1.00 1.25 E"", ""Bell/Strobe 0.75"", ""Chime/Strobe 0.75"" same page; no ""Horn/Strobe"" line in NECA. NE 2025: no fire-alarm strobe line (only p370 ""Flashing beacons Red, 120VAC L1@0.50 Ea 179.00 23.30"" = industrial beacon, not a FA strobe) -> none",,,Strobe Light 0.75 1.00 1.25 E,note
3,INT ENL,,,none,,,,,none,,,none,"Dupuis INT ENL = interrupteur existant a enlever (demolition). NE 2025: no demolition/removal lines (grep remov|demol -> prose only). NECA 2022 26 05 05 Selective Demolition (p123-128) covers utility poles, cross arms, conductors, cutouts, disconnects only - no wiring-device removal line -> none. Price as a demolition allowance",,,,
3,INTERRUPTEUR,,225,"Commercial specification-grade, side wired with ground screw, 15 amp, 120/277 volt, AC quiet Single pole, ivory",2.12,0.20,Ea,320,Switches - General Use Toggle Switches - Keyed Switches: 1-Pole 15 Amp,20.00,C,medium,"Dupuis INTERRUPTEUR = interrupteur mural standard (unipolaire). Amperage/voltage not on generic label (EE variants: interrupteur 15A 120V ENS9CA9981C195E71150, 15A 347V ENSE9AC3454F2101550C - 347V has no NE line, see INT chunk-0). NE raw p225: ""Single pole, ivory L1@0.20 Ea 2.12 9.32 11.44"". NECA raw p320: ""1-Pole 15 Amp 20.00 25.00 30.00 C"" = 0.20 h each | VERIF 2026-09-27: NECA p320 table title is ""Switches - General Use Toggle Switches - Keyed Switches"" (only general toggle-switch table in NECA 2022); title completed, numbers/unit confirmed on page","Single pole, ivory L1@0.20 Ea 2.12 9.32 11.44",note,1-Pole 15 Amp 20.00 25.00 30.00 C,note
3,INTERRUPTEUR,,225,"Commercial specification-grade, side wired with ground screw, 15 amp, 120/277 volt, AC quiet Three-way, ivory",3.85,0.25,Ea,320,Switches - General Use Toggle Switches - Keyed Switches: 3-Way 15 Amp,35.00,C,medium,"Variant INT 3 VOIE / 3VOIE / 3 VOIE (normalised to INTERRUPTEUR; 660+123+111 marks) = three-way switch. NE raw p225: ""Three-way, ivory L1@0.25 Ea 3.85 11.60 15.45"". NECA raw p320: ""3-Way 15 Amp 35.00 43.75 52.50 C"" = 0.35 h each. Voltage assumed 120/277V (15A) | VERIF 2026-09-27: NECA p320 table title is ""Switches - General Use Toggle Switches - Keyed Switches"" (only general toggle-switch table in NECA 2022); title completed, numbers/unit confirmed on page","Three-way, ivory L1@0.25 Ea 3.85 11.60 15.45",note,3-Way 15 Amp 35.00 43.75 52.50 C,note
4,STRIP,,175,"Surface mounted 120 volt fluorescent single-lamp strip lighting fixtures 48""",33.90,0.40,Ea,356,Surface Mount Strip: 48-inch Long - LED,0.75,E,low,"Dupuis: luminaire reglette/strip lineaire (variant strip); length and lamp count NOT on the label - 48-inch single-lamp taken as default only. NE raw p175: ""48"" L1@0.40 Ea 33.90 18.60 52.50"" (single-lamp; other lengths same page: ""18"" L1@0.25 Ea 22.20"", ""24"" L1@0.30 Ea 29.80"", ""36"" L1@0.35 Ea 32.50"", ""96"" slimline L1@0.60 Ea 66.50""; two-lamp ""48"" L1@0.45 Ea 71.50 21.00 92.50""). NE 2025 has no LED strip line. NECA raw p356: ""48-inch Long - LED 0.75 0.94 1.17 E"" (fluorescent ""48-inch Long 1-Lamp 0.70 0.88 1.09 E"", ""48-inch Long 2-Lamp 0.75 0.94 1.17 E""; LED alts ""24-inch Long - LED 0.60 0.75 0.94 E"", ""96-inch Long - LED 1.15 1.44 1.80 E""). Confirm length against fixture schedule","48"" L1@0.40 Ea 33.90 18.60 52.50",note,48-inch Long - LED 0.75 0.94 1.17 E,note
4,RELAIS,,,none,,,,383,Electronic Equipment: Plug-in relay,0.20,E,low,"Dupuis: relais de commande electrique, application incertaine (categorie autre). NE 2025: no stand-alone relay line (grep relay -> only motor starters/contactors ""with/without overload relays"" p385-392). NECA raw p383: ""Plug-in relay 0.20 0.25 0.30 E"" plus ""Relay socket 0.20 0.25 0.30 E"" (general-purpose plug-in relay, 27 15 00). Application-specific alts: p410 fire alarm ""Semi-Flush Control Relay 0.75 1.00 1.25 E"" / ""Addressable Control Relay 0.75 1.00 1.25 E"" / ""Single Pole Double Throw Relay Surface Manufactured with Enclosure 0.90 1.15 1.35 E""; p395 ""Relay Module - Lighting Control 0.50 0.63 0.78 E""; p72 HVAC ""DPDT 24VAC - General Purpose 1.50 2.00 2.50 E"". Pick by system once known",,,Plug-in relay 0.20 0.25 0.30 E,note
4,B300W,,,none,,,,,none,,,none,"Dupuis: luminaire type B, 300W (plan legend type + wattage only, no fixture type/mount). Book lines differ by mount and cannot be chosen from the label: NE p168 recessed ""Reflector 9"" 300W L1@0.60 Ea 175.00 28.00 203.00""; NECA p351 ""Surface Mount - Up to 300 Watt - Ceiling Mounted 300 Watt 2.00 2.50 3.13 E"", ""Porcelain Enamel Reflector With Lens - Pendant Mounted 300 Watt 1.15 1.44 1.78 E"", p352 ""Wall Mounted Incandescent 1-Lamp 300 Watt 1.25 1.56 1.95 E"", ""Recessed Prewired Hi-Hat Fixture 300 Watt 1.50 1.88 2.34 E"". Needs fixture schedule",,,,
4,TV,,,none,,,,382,Miscellaneous Connectors: Coax Type F Connector,0.20,E,low,"Dupuis: sortie/prise TV cable ou antenne (variants D TV, A TV, C TV -> TV). NE 2025 has no TV/coax wall outlet line (only coax cable per KLF p527 e.g. ""6/U 18 AWG, solid L2@7.00 KLF 594.00 326.00 920.00"" and coax adapters p538 ""Bulkhead jack, 59/62 L1@.250 Ea 7.48 11.60 19.08""; no TV plate - only telephone plates p264). NECA prices the outlet by component: raw p382 ""Coax Type F Connector 0.20 0.25 0.30 E"" + p320 ""Telephone TV & Blank Cover Plates 12.00 15.00 18.00 C"" (=0.12 h each); TV system head-end p392 ""Splitter 0.50 0.65 0.75 E"", ""Amplifier 1.00 1.25 1.50 E"". Box and cable not included",,,Coax Type F Connector 0.20 0.25 0.30 E,note
4,FIXT TYPE L2,,,none,,,,,none,,,none,"Plan legend type code only (Dupuis: luminaire type L2, variant TYPE L2) - no fixture spec (size/lamp/mount) so no book line can be selected; needs fixture schedule of each project",,,,
4,FIXT TYPE F,,,none,,,,,none,,,none,"Plan legend type code only (Dupuis: luminaire type F, variant fixt type f) - no fixture spec (size/lamp/mount) so no book line can be selected; needs fixture schedule of each project",,,,
4,MA,,,none,,,,,none,,,none,"Dupuis dictionary: MA = abreviation non resolue (categorie indetermine, 16 projets). Nothing to match in either book until the legend of the source plans resolves it",,,,
4,PRISE SECHEUSE,,249,"3 pole, 4-wire single, grounding, Dryer 30A, 125/250V, NEMA 14-30R",21.50,0.25,Ea,318,Single Receptacle - Straight Blade or Twist Lock: 30 Amp 4 Wire,45.00,C,medium,"Dupuis: prise secheuse 240V (variants B SECHEUSE, Prise Secheuse). NEMA config not on label; 4-wire 14-30R is the standard dryer receptacle. NE raw p249: ""30A, 125/250V, NEMA 14-30R L1@0.25 Ea 21.50 11.60 33.10"" (flush; surface-mounted alt same page ""30A, 125/250V, NEMA 14-30R L1@0.35 Ea 14.70 16.30 31.00""; 3-wire 10-30R ""30A, 125/250V, NEMA 10-30R L1@0.25 Ea 3.32 11.60 14.92""). NECA raw p318: ""30 Amp 4 Wire 45.00 56.25 67.50 C"" = 0.45 h each (3 wire ""30 Amp 3 Wire 40.00 50.00 60.00 C""). Device only, box/plate/wire not included","30A, 125/250V, NEMA 14-30R L1@0.25 Ea 21.50 11.60 33.10",note,30 Amp 4 Wire 45.00 56.25 67.50 C,note
4,DETECTEUR GAINE,,,none,,,,410,Fire Alarm Initiating Devices: Duct Smoke Detector,2.00,E,high,"Dupuis: detecteur de fumee de gaine (conduit CVAC), securite_incendie. NE 2025: no duct detector line (grep duct detect/smoke -> 0; p372 smoke detectors are 120 V/battery room types). NECA raw p410: ""Duct Smoke Detector 2.00 2.50 3.00 E""; accessories same page ""Duct Smoke Detector Test Station 0.80 1.00 1.20 E"", ""Duct Smoke Detector Remote Light 0.40 0.50 0.63 E"". Detector only, sampling tubes/wiring by detector spec",,,Duct Smoke Detector 2.00 2.50 3.00 E,note
4,COND,,18,"EMT conduit in concealed areas, walls and closed ceilings 1/2""",39.30,3.50,CLF,202,Electrical Metallic Tubing (EMT): 1/2-inch,4.50,C,low,"Dupuis: COND = conduit electrique (canalisation), label carries no size/type; sized runs are priced from conduits-spec.csv (most frequent spec ""1/2 3c12"", 160 occurrences) - 1/2-inch EMT used here as default only. NE raw p18: ""1/2"" L1@3.50 CLF 39.30 163.00 202.30"" (concealed; exposed ""1/2"" L1@3.75 CLF 39.30 175.00 214.30""; slab/trapeze ""1/2"" L1@3.25 CLF 39.30 151.00 190.30""; 3/4"" concealed ""3/4"" L1@3.75 CLF 74.30 175.00 249.30""). NECA raw p202: ""1/2-inch 4.50 5.60 6.70 C"" (per 100 ft; note ""Add 10% for colored conduit""). Fittings, wire, boxes not included","1/2"" L1@3.50 CLF 39.30 163.00 202.30",note,1/2-inch 4.50 5.60 6.70 C,note
4,HORN,,369,"Horns, DC 24 VDC, flush",81.80,0.40,Ea,410,Fire Alarm - Signaling: Bell,0.75,E,low,"Dupuis: avertisseur sonore d'alarme incendie (variant HORN RELO). NE raw p369: ""24 VDC, flush L1@0.40 Ea 81.80 18.60 100.40"" (fire-alarm signal circuits are 24 VDC; AC alt ""24 VAC, flush L1@0.35 Ea 81.80 16.30 98.10"", ""120 VAC, flush L1@0.35 Ea 74.10 16.30 90.40""; grille/projector/weatherproof variants same page). NECA 2022 prints NO horn line in Fire Alarm - Signaling (p410 checked in PDF text): all FA signaling devices there are 0.75 h (""Bell 0.75 1.00 1.25 E"", ""Strobe Light 0.75 1.00 1.25 E"", ""Bell/Strobe 0.75 1.00 1.25 E"", ""Chime 0.75 1.00 1.25 E"", ""Speaker/Strobe 0.75 1.00 1.25 E"") - Bell used as proxy; only explicit horn lines are security p409 ""Horn - Indoor 0.60 0.75 0.90 E"", ""Horn - Outdoor 0.80 1.00 1.20 E"". HORN STROB is a separate family","24 VDC, flush L1@0.40 Ea 81.80 18.60 100.40",note,Bell 0.75 1.00 1.25 E,note
4,P,,,none,,,,,none,,,none,"Dupuis dictionary: P = lettre seule ambigue (repere ou fixture P ?), categorie indetermine, 19 projets. Nothing to match in either book until the legend of the source plans resolves it",,,,
5,300W,,,none,,,,78,Baseboard Heaters: 24-inch,0.75,E,low,"Dupuis: plinthe electrique chauffante 300W (variants B300W, PLINTHE B300W, B 300W, CI 300W, Plinthe 300W 240V; 300W alone = 687 marks / 5 projects). NECA p78 (23 83 00) lists baseboard heaters by length only, no wattage: ""24-inch 0.75 0.94 1.13 E"", ""36-inch 0.80 1.00 1.20 E"", ""48-inch 0.90 1.13 1.35 E"", ""60-inch 1.00 1.25 1.50 E"". 24-inch chosen only because 300 W / 240 V baseboards are the shortest catalog units (NOT from the book) - confirm length on project schedule. NE 2025: no electric baseboard heater line (CSV grep baseboard -> 0; heater -> only duct/unit heater hookups p380-381) -> none",,,24-inch 0.75 0.94 1.13 E,note
5,FIXT TYPE G,,,none,,,,,none,,,none,"Plan legend type code only (Dupuis: luminaire type G, variants TYPE G, G, FIXT TYPE G1/G2/G6, FIXTR TYPE G) - no fixture spec (size/lamp/mount) so no book line can be selected; needs fixture schedule of each project. Same rule as FIXT TYPE A/B/C/D/E/L1 in chunks 0-3",,,,
5,8X8,,147,NEMA 1 surface or flush mounted screw cover pull boxes 8 x 8 x 4,43.2,0.45,Ea,218,NEMA 1 Screw Cover J-Boxes & Pull Boxes with Knockouts: 8-inch x 8-inch x 4-inch,1.1,E,medium,"Dupuis: boite electrique 8x8 po (variants 8x8x4, BOITE 8X8X4, BOITE D 8X8X4PO CEMA1 = EE HOFASE884, LQE004735). Depth 4 in assumed from the 8x8x4 variants (depth not on the bare 8X8 label; NE 8 x 8 x 6 = 53.30 USD 0.50 h p147). NE raw p147: ""8 x 8 x 4 L1@0.45 Ea 43.20 21.00 64.20"". NECA raw p218: ""8-inch x 8-inch x 4-inch 1.10 1.35 1.80 E"" (NEMA 1 screw cover). Other NECA 8x8: p216 PVC ""8-inch x 8-inch x 4-inch 0.50 0.62 0.75 E"", p202 cast iron ""8 x 8 x 4 - 22 lbs 1.70 2.15 2.55 E"" - not used (material type unknown, NEMA 1 steel assumed as in CEMA1 variant)",8 x 8 x 4 L1@0.45 Ea 43.20 21.00 64.20,note,8-inch x 8-inch x 4-inch 1.10 1.35 1.80 E,note
5,BATTERIE UNIT,,,none,,,,360,Egress/Emergency Fixtures: Self Contained Dual Head,1.2,E,medium,"Dupuis: unite de batterie de secours (eclairage d urgence); dominant variant BATTERIE UNIT 2T / 2 TETE (212+18+16 marks) = self-contained unit with 2 heads. NECA raw p360 (26 52 00 Safety Lighting): ""Self Contained Dual Head 1.20 1.50 1.88 E""; same table ""Recessed Emergency Fixtures 1.50 1.88 2.34 E""; p360 ""Power Pack with Dual Heads"" 36 W 1.10 / 54 W 1.30 / 80 W 1.40 / 110 W 1.50 / 160 W 1.70 / 200 W 1.90 E if wattage known. NE 2025: no emergency battery unit line (PDF grep ""emergency light"" -> 0; ""Emergency"" p379 = generator prose; ""battery"" -> only smoke detectors p372 and exit signs p173) -> none",,,Self Contained Dual Head 1.20 1.50 1.88 E,note
5,BATTERIE UNIT,,,none,,,,360,Egress/Emergency Fixtures: Remote Single Head,0.6,E,medium,"Companion row for variant TETE SIMPLE (502 marks / 58 projects; normalisation.json TETE SIMPLE -> BATTERIE UNIT) = remote single emergency head fed from the battery unit. NECA raw p360: ""Remote Single Head 0.60 0.75 0.94 E""; also ""Remote Double Head 0.70 0.88 1.09 E"" and p360 ""Remote lighting head for emergency & exit lights X 0.50 0.75 1.00 E"". NE 2025 none (see previous row)",,,Remote Single Head 0.60 0.75 0.94 E,note
5,DISCONN,,276,NEMA 1 general duty non-fused 240 volt safety switches 3P 30A,115.0,0.5,Ea,322,Disconnect Safety Switches - Nonfused 3-Pole: 30 Amp,2.0,E,medium,"Dupuis: sectionneur (disconnect); variants 30A NF, DISCONN 30A NF, DISCONN NF, DISCONN 30A 240V, DISCONN 30A 600V NF, DISCONN WP. 30 A non-fused is the dominant spec; poles not on label (3P assumed, motor loads). NE raw p276: ""3P 30A L1@0.50 Ea 115.00 23.30 138.30"" (NEMA 1 general duty non-fused 240 V); alternatives NE p276 fusible 2P 30A 91.20 / NEMA 3R non-fused 3P 30A 207.00 (for DISCONN WP) / p279 heavy duty non-fused 600 V 3P 30A ""L1@0.50 Ea 261.00 23.30 284.30"" (for DISCONN 30A 600V NF). NECA raw p322: ""30 Amp 2.00 2.50 3.00 E"" (Nonfused 3-Pole, NEMA 1; note: NEMA 3R add 10%); 2-pole nonfused 30 Amp = 1.70 h p322. Bare DISCONN without amperage -> low",3P 30A L1@0.50 Ea 115.00 23.30 138.30,note,30 Amp 2.00 2.50 3.00 E,note
5,TYPE B,,,none,,,,,none,,,none,"Plan legend type code only (Dupuis: luminaire type B abrege, = FIXT TYPE B already none in chunk-1; variants TYPE B1/B2) - no fixture spec; needs fixture schedule of each project",,,,
5,ENCASTRE,,167,"Recessed Lighting Fixtures with Pre-wired Housings: Round recessed light fixtures with white trim Downlight 6"" 50R20",88.0,0.6,Ea,352,Recessed Prewired Hi-Hat Fixture - Can Light or Downlight: LED,1.25,E,low,"Dupuis: luminaire encastre (pot light), no size/lamp on label (variant ENCASTRE LED 33 marks). NECA raw p352 (26 51 00): ""LED 1.25 1.56 1.95 E"" (recessed prewired can/downlight, LED) - medium for labor; add ""Ceiling Tile Cut Out 0.25 0.31 0.39 E"" p352 if in T-bar. NE 2025 has no LED recessed downlight (only p197 12 V LED accent lights 1-5 W); incandescent 6-inch downlight used: raw p167 ""Downlight 6\"" 50R20 L1@0.60 Ea 88.00 28.00 116.00"" - material not representative of LED pots -> low. Other NE p167 trims: Baffle 6"" 75R30, Cone 6"" 75R30, Eyeball 6"" 50R20, all L1@0.60","Downlight 6"" 50R20 L1@0.60 Ea 88.00 28.00 116.00",book,LED 1.25 1.56 1.95 E,note
5,1500W,,,none,,,,78,Baseboard Heaters: 60-inch,1.0,E,low,"Dupuis dictionary says ""luminaire 1500W"" but the variants (B1500W, B 1500W, P1500W, B1500W 240V, RWF 1500W, WF1500W, CF1500W) are heating labels (B = plinthe/baseboard, P = plinthe, WF/RWF = wall fan-forced, CF = ceiling fan-forced); 1500W alone (587 marks / 15 projects) type unknown. NECA p78 (23 83 00) baseboard heaters by length only, no wattage: ""48-inch 0.90 1.13 1.35 E"", ""60-inch 1.00 1.25 1.50 E"", ""72-inch 1.10 1.38 1.65 E"". 60-inch chosen only as the usual length of a 1500 W / 240 V baseboard in manufacturer catalogs (NOT from the book) - confirm on project schedule. NECA 120 V wall heaters p78 stop at 1400 W (1.50 h) / 1600 W (1.75 h), no 1500 W. NE 2025: no electric baseboard / wall heater line (grep baseboard|heater -> duct/unit heater hookups p380-381 only) -> none",,,60-inch 1.00 1.25 1.50 E,note
5,1500W,,,none,,,,352,Recessed Heating Fixtures: 1500 Watt Ceiling Heater with Fan,1.5,E,medium,"Companion row for fan-forced variants WF1500W / RWF 1500W / CF1500W (ceiling or wall fan heater). NECA raw p352: ""1500 Watt Ceiling Heater with Fan 1.50 1.88 2.25 E"" (exact wattage). For a hung unit heater use NECA p78 ""1 to 2 KW 2.00 2.50 3.00 E"" (125/250 V unit heaters with blowers incl. hanger mount). NE 2025: no wall/ceiling heater line; closest hookup-only line p381 ""Unit heaters, small L1@2.00 Ea 86.10 93.20 179.30"" (connection, not the heater) -> none",,,1500 Watt Ceiling Heater with Fan 1.50 1.88 2.25 E,note
5,FIXT TYPE L8,,,none,,,,,none,,,none,"Plan legend type code only (Dupuis: luminaire type L8, variants TYPE L8, L8A, L8W, L8-1) - no fixture spec (size/lamp/mount) so no book line can be selected; needs fixture schedule of each project",,,,
5,LAMPE TEMOIN,,,none,,,,274,"Push Button Station NEMA-1 Non Assembled (button, sel. switch, pilot light, contact block & legend plate): 1-Button",1.0,E,low,"Dupuis: lampe temoin (voyant de signalisation), 6 projects. NECA p274 (26 29 00) has no standalone pilot light line; the push button station table note reads ""Button, sel. switch, pilot light, contact block & legend plate"" so a 1-device station = raw p274 ""1-Button 1.00 1.25 1.50 E"" is the only pilot-light labor unit (p317 ""1-Button or Pilot Light 1.50 1.88 2.25 E"" is explosion-proof, not applicable). NE 2025: no standalone pilot/indicator light (PDF grep ""pilot light"" -> p220 prose, p385-387 motor starters ""2P w/ pilot light, 115V L1@0.35 Ea 126.00"", p233-234 combination switch and neon pilot ""Ivory L1@0.25 Ea 11.80 11.60 23.40"") -> none. Mounting/voltage unknown from label",,,1-Button 1.00 1.25 1.50 E,note
5,A,,,none,,,,,none,,,none,"Dupuis: lettre isolee non resolue (dictionary: ""Pourrait lier a TYPE A mais aucune confirmation""). No product identity -> nothing to look up in either book; if it is fixture type A see FIXT TYPE A (none, chunk-0)",,,,
5,ECH,,,none,,,,,none,,,none,"Dupuis: sens incertain (echangeur d air? ou ECL/eclairage?). Census hints echangeur: separate labels ECHANGEUR (613 marks) and PRISE ECH (189). Even as air exchanger (HRV) neither book has a line: NE 2025 PDF grep ""air exchanger|heat recovery|HRV"" -> 0 (closest hookup p380 ""Exhaust fans, small L1@1.50 Ea 49.20 69.90 119.10"" = connection of a small fan, not comparable); NECA 2022 grep ""heat recovery|air exchanger|ventilator"" -> 0 (only p352 bathroom heater-fan combos). Needs plan legend",,,,
6,FIXT TYPE L4,,,none,,,,,none,,,none,"Plan legend type code only (Dupuis: luminaire type L4, famille L) - no fixture spec (lamp/wattage/mount/size) on the label, so no National Estimator 2025 or NECA 2022 fixture line can be selected without inventing the type; needs the fixture schedule of each project (same treatment as FIXT TYPE A/B/C/D/E/E1/L1/L2/L3/L6 in chunks 0-4)",,,,
6,FIXT TYPE E2,,,none,,,,,none,,,none,"Plan legend type code only (Dupuis: luminaire type E2) - no fixture spec (lamp/wattage/mount/size) on the label, so no National Estimator 2025 or NECA 2022 fixture line can be selected without inventing the type; needs the fixture schedule of each project (same treatment as FIXT TYPE A/B/C/D/E/E1/L1/L2/L3/L6 in chunks 0-4)",,,,
6,KLAXON STROB,,,none,,,,410,Fire Alarm - Signaling: Speaker/Strobe,0.75,E,low,"Dupuis: appareil combine klaxon + stroboscope d alarme incendie (variants HORN STROB, C KLAXON STROB, REV KLAXON STROB, KLAXON STROBE, HORN STROB EI). NECA 2022 p410 (28 46 00 Fire Detection and Alarm) prints NO ""Horn/Strobe"" line (PDF text of p410 checked: word ""horn"" absent); every FA signaling combo on that page is 0.75 h: raw ""Speaker/Strobe 0.75 1.00 1.25 E"", ""Bell/Strobe 0.75 1.00 1.25 E"", ""Chime/Strobe 0.75 1.00 1.25 E"", ""Strobe Light 0.75 1.00 1.25 E"" -> Speaker/Strobe taken as the closest combo device, low. Intrusion-alarm alternatives p409: ""Horn - Indoor 0.60 0.75 0.90 E"", ""Indoor Strobe 0.50 0.65 0.75 E"" (not fire alarm). NE 2025: no fire-alarm strobe or horn/strobe line (horns only, p369 e.g. ""24 VDC, grille L1@0.40 Ea 81.80 18.60 100.40""; strobe grep -> 0) -> none. Device only, box/wire not included",,,Speaker/Strobe 0.75 1.00 1.25 E,note
6,B1250W,,,none,,,,78,none,,,none,"Dupuis dictionary files B1250W as ""luminaire serie/prefixe B, 1250W"" but flags the B prefix as uncertain; the label corpus (B500W/B750W/B1000W/B1250W/B1500W/B1750W/B2000W/B2250W/B2500W, variants ""B1250W 240V"", ""347 B1250W"", ""B1250W 347V"") is a 250 W-step series at 240 V / 347 V, and normalisation.json maps bare ""1250W"" -> PLINTHE: strongly reads as an electric baseboard heater (plinthe) 1250 W, not a luminaire - CATEGORY CONFLICT to resolve with Dupuis. If heater: NECA p78 (23 83 00) lists baseboard heaters by length only, watt-to-length not in book: raw ""24-inch 0.75 0.94 1.13 E"", ""36-inch 0.80 1.00 1.20 E"", ""48-inch 0.90 1.13 1.35 E"", ""60-inch 1.00 1.25 1.50 E"", ""72-inch 1.10 1.38 1.65 E"", ""96-inch 1.25 1.56 1.88 E"", ""120-inch 1.40 1.75 2.10 E"" -> no line selectable from 1250 W alone (none); NE 2025 has no electric baseboard heater line. If luminaire: no 1250 W fixture line in either book (NE HID lines are 1000 W p181/p184; NECA high bay p358 is 1000 W). Needs project schedule (heater length or fixture type)",,,,
6,LECTEUR CARTE,,,none,,,,404,Access Control: Card Reader - Wall Mounted,1.50,E,medium,"Dupuis: lecteur de carte d acces (variants LECTEUR, LECTEUR DE CARTE, ACC LECTEUR, REV LECTEUR CARTE). NECA raw p404 (28 15 00 Integrated Access Control Hardware Devices): ""Card Reader - Wall Mounted X 1.50 1.88 2.25 E"" (X = revised-line marker in the Rev column, not a value); post-mounted alt same page ""Card Reader - Post Mounted X 1.50 1.88 2.25 E"" (same hours). Reader technology (prox/keypad/biometric) not on label - keypad alt p409 ""Digital Keypad 1.00 1.25 1.50 E"". NE 2025: no card reader / access control device line (grep card reader|proximity|keypad|access control -> 0) -> none. Reader only: door controller (""Two Door Controller 2.00 2.50 3.00 E"" p403), strike, power supply (p401) and cabling priced separately",,,Card Reader - Wall Mounted X 1.50 1.88 2.25 E,note
6,FIXT TYPE I,,,none,,,,,none,,,none,"Plan legend type code only (Dupuis: luminaire type I; bare label ""I"" normalised to FIXT TYPE I) - no fixture spec (lamp/wattage/mount/size) on the label, so no National Estimator 2025 or NECA 2022 fixture line can be selected without inventing the type; needs the fixture schedule of each project (same treatment as FIXT TYPE A/B/C/D/E/E1/L1/L2/L3/L6 in chunks 0-4)",,,,
6,FIXT TYPE H,,,none,,,,,none,,,none,"Plan legend type code only (Dupuis: luminaire type H (selon legende du plan)) - no fixture spec (lamp/wattage/mount/size) on the label, so no National Estimator 2025 or NECA 2022 fixture line can be selected without inventing the type; needs the fixture schedule of each project (same treatment as FIXT TYPE A/B/C/D/E/E1/L1/L2/L3/L6 in chunks 0-4)",,,,
6,PRISE WP,,240,"Duplex Receptacles: 15 amp, 125 volt, back & side wired, corrosion resistant, commercial grade, NEMA 5-15R Ivory",1.05,0.20,Ea,318,Duplex Receptacle - Straight Blade: 15 Amp 3 Wire,25.00,C,low,"Component 1/2 (receptacle). Dupuis: prise etanche exterieure (weatherproof); variants N PRISE WP, SERV PRISE WP TOIT. Neither book has a single ""weatherproof receptacle"" line - priced as receptacle + WP cover (row 2/2). Amperage and GFCI not on label: 15 A commercial duplex assumed as for PRISE (chunk-0). NE raw p240: ""Ivory L1@0.20 Ea 1.05 9.32 10.37""; if GFCI required, NE p247 ""Ivory L1@0.20 Ea 11.70 9.32 21.02"" (15 A commercial spec-grade GFCI less light) and NECA p318 ""15 Amp GFCI or AFCI 30.00 37.50 45.00 C"". NECA raw p318: ""15 Amp 3 Wire 25.00 31.25 37.50 C"" = 0.25 h each. Box not included",Ivory L1@0.20 Ea 1.05 9.32 10.37,note,15 Amp 3 Wire 25.00 31.25 37.50 C,note
6,PRISE WP,,68,Covers for Galvanized Cast Boxes: Single gang cast with hinged cover weatherproof WLRD-1 duplex recept,54.10,0.10,Ea,320,Weatherproof Covers: Weatherproof Duplex Vertical Bell Cover,12.00,C,low,"Component 2/2 (weatherproof cover). NE raw p68: ""WLRD-1 duplex recept L1@0.10 Ea 54.10 4.66 58.76"" (cast hinged duplex cover; PVC alt p44 ""Type FS, WP PVC box covers 1 gang duplex outlet L1@0.10 Ea 20.10 4.66 24.76"", GFCI PVC ""1 gang GFCI L1@0.10 Ea 20.10 4.66 24.76""). NECA raw p320: ""Weatherproof Duplex Vertical Bell Cover 12.00 15.00 18.00 C"" = 0.12 h each; in-use (bubble) alt ""1G Vertical In-Use Cover 20.00 25.00 30.00 C"" = 0.20 h each; GFCI alt ""Weatherproof Vertical GFCI Bell Cover 15.00 18.75 22.50 C"". Cover style (flap vs in-use) not on label",WLRD-1 duplex recept L1@0.10 Ea 54.10 4.66 58.76,note,Weatherproof Duplex Vertical Bell Cover 12.00 15.00 18.00 C,note
6,FIXT TYPE B1,,,none,,,,,none,,,none,"Plan legend type code only (Dupuis: luminaire type B1) - no fixture spec (lamp/wattage/mount/size) on the label, so no National Estimator 2025 or NECA 2022 fixture line can be selected without inventing the type; needs the fixture schedule of each project (same treatment as FIXT TYPE A/B/C/D/E/E1/L1/L2/L3/L6 in chunks 0-4)",,,,
6,TYPE A,,,none,,,,,none,,,none,"Dupuis: ""luminaire type A (forme abregee probable)"" = abbreviated FIXT TYPE A (variants Type A1..A7, A2.1, A3G, AL, AR). Plan legend type letter only, no fixture spec -> no book line selectable (same as FIXT TYPE A chunk-0 / FIXT TYPE A1 chunk-3); needs project fixture schedule",,,,
6,FIXT TYPE L10,,,none,,,,,none,,,none,"Plan legend type code only (Dupuis: luminaire type L10, famille L) - no fixture spec (lamp/wattage/mount/size) on the label, so no National Estimator 2025 or NECA 2022 fixture line can be selected without inventing the type; needs the fixture schedule of each project (same treatment as FIXT TYPE A/B/C/D/E/E1/L1/L2/L3/L6 in chunks 0-4)",,,,
6,FIXT TYPE D1,,,none,,,,,none,,,none,"Plan legend type code only (Dupuis: luminaire type D1) - no fixture spec (lamp/wattage/mount/size) on the label, so no National Estimator 2025 or NECA 2022 fixture line can be selected without inventing the type; needs the fixture schedule of each project (same treatment as FIXT TYPE A/B/C/D/E/E1/L1/L2/L3/L6 in chunks 0-4)",,,,
7,FIXT TYPE J2,,,none,,,,,none,,,none,Plan legend type code only (Dupuis: luminaire type J2) - no fixture spec (size/lamp/mount) so no book line can be selected; needs fixture schedule of each project. Same rule as FIXT TYPE A/B/C/D/E/G/L1 in chunks 0-5,,,,
7,FIXT TYPE C1,,,none,,,,,none,,,none,"Plan legend type code only (Dupuis: luminaire type C1, variant TYPE C1) - no fixture spec (size/lamp/mount) so no book line can be selected; needs fixture schedule of each project. Same rule as FIXT TYPE A/B/C/D/E/G/L1 in chunks 0-5",,,,
7,FIXT TYPE L5,,,none,,,,,none,,,none,Plan legend type code only (Dupuis: luminaire type L5 (famille L)) - no fixture spec (size/lamp/mount) so no book line can be selected; needs fixture schedule of each project. Same rule as FIXT TYPE A/B/C/D/E/G/L1 in chunks 0-5,,,,
7,DM,,,none,,,,,none,,,none,"Dupuis dictionary: DM = abreviation non resolue, categorie indetermine (561 marks / 25 projets). Census variants INT DM, STATION DM, DM1-5, DM H, DM RELO give no product identity; if DM turns out to be detecteur de mouvement see family DETECTEUR MOUVEMENT (NECA p281 Occupancy Sensors, mapped in an earlier chunk) - not assumed here. Nothing to look up in either book until the plan legend resolves it",,,,
7,MONUMENT PLANCHER,,155,"Adjustable rectangle two gang cast iron floor boxes 6-3/8 x 4-3/8 3-3/8""",400.00,1.50,Ea,201,Threaded Cast Floor Boxes: 2-Gang with Cover,1.40,E,low,"Dupuis: boitier de plancher (monument) avec prises; gang count and box type (cast iron vs stamped steel vs poke-thru) NOT on label - 2-gang cast iron taken as default only. NE raw p155: ""6-3/8 x 4-3/8 3-3/8"" L1@1.50 Ea 400.00 69.90 469.90"" (one gang ""3-3/16 x 4-3/8 3-1/8"" L1@1.25 Ea 199.00 58.20 257.20"", three gang ""9-9/16 x 4-3/8 3-3/8"" L1@1.75 Ea 558.00 81.50 639.50""); monument-style cover is extra, NE p156: ""Mound, duplex, 1 side L1@0.25 Ea 219.00 11.60 230.60"", ""Mound, duplex 2 sides L1@0.25 Ea 241.00 11.60 252.60"", ""Pedestal duplex 3/4"" L1@0.25 Ea 467.00 11.60 478.60"". NECA raw p201: ""2-Gang with Cover 1.40 1.75 2.10 E"" (""1-Gang with Cover 1.20 1.65 1.95 E"", ""3-Gang with Cover 1.50 1.85 2.25 E""; poke-thru ""Poke-Thru Floor Box Dual Service- Note: Excludes Core 1.25 1.75 2.25 E""; stamped steel ""Square Floor Boxes Adjustable 100.00 112.00 125.00 C""); raised-floor pedestal alternative p159 ""Floor Mount Power Pedestal - Single or Double Duplex ... 3 Conductor # 10 Cable 0.50 0.63 0.75 E"". Receptacles (PRISE) priced separately","6-3/8 x 4-3/8 3-3/8"" L1@1.50 Ea 400.00 69.90 469.90",note,2-Gang with Cover 1.40 1.75 2.10 E,note
7,FIXT TYPE T1,,,none,,,,,none,,,none,"Plan legend type code only (Dupuis: luminaire type T1 (abrege), variant T1) - no fixture spec (size/lamp/mount) so no book line can be selected; needs fixture schedule of each project. Same rule as FIXT TYPE A/B/C/D/E/G/L1 in chunks 0-5",,,,
7,POELE,,249,"3 pole, 4-wire single, grounding, Range 50A, 125/250V, NEMA 14-50R",20.90,0.35,Ea,318,Single Receptacle - Straight Blade or Twist Lock: 50 Amp 4 Wire,55.00,C,medium,"Dupuis: sortie de cablage - cuisiniere electrique (variant B POELE; normalisation PRISE POELE -> PRISE). Amperage/NEMA config not on label; 50 A 4-wire 14-50R is the standard range receptacle. NE raw p249: ""50A, 125/250V, NEMA 14-50R L1@0.35 Ea 20.90 16.30 37.20"" (flush; surface-mounted alt same page ""50A, 125/250V, NEMA 14-50R L1@0.40 Ea 28.30 18.60 46.90""; 3-wire non-grounding 10-50R ""L1@0.30 Ea 7.56 14.00 21.56""). NECA raw p318: ""50 Amp 4 Wire 55.00 68.75 82.50 C"" = 0.55 h each (3-wire ""50 Amp 3 Wire 50.00 62.50 75.00 C""). NE Equipment Hookup p380-381 has no range/stove line. Receptacle only, box/plate/wire not included","50A, 125/250V, NEMA 14-50R L1@0.35 Ea 20.90 16.30 37.20",note,50 Amp 4 Wire 55.00 68.75 82.50 C,note
7,PRISE 20A,,242,"Duplex Receptacles: 20 amp, 125 volt, side wired, corrosion resistant, commercial-grade, NEMA 5-20R Ivory",1.32,0.20,Ea,318,Duplex Receptacle - Straight Blade: 20 Amp 3 Wire,30.00,C,high,"Dupuis: prise duplex 20A (594 marks / 40 projets), exact amperage; 125 V duplex assumed like PRISE 15A. NE raw p242: ""Ivory L1@0.20 Ea 1.32 9.32 10.64"" (corrosion resistant commercial grade, same grade choice as PRISE 15A chunk-0; alts same page all 0.20 h: self grounding commercial ""Ivory L1@0.20 Ea 7.56"", back & side wired commercial ""Ivory L1@0.20 Ea 10.20"" (used for EE assembly CR20 in chunk-2), spec-grade ""Ivory L1@0.20 Ea 13.90"", hospital grade ""Ivory L1@0.20 Ea 16.60""). NECA raw p318: ""20 Amp 3 Wire 30.00 37.50 45.00 C"" = 0.30 h each. Device only, box/plate/wire not included",Ivory L1@0.20 Ea 1.32 9.32 10.64,note,20 Amp 3 Wire 30.00 37.50 45.00 C,note
7,52171,,128,"4"" x 4"" x 2-1/8"" deep square boxes 4-S 1/2 & 3/4 KO",8.63,0.27,Ea,200,Knockout Type Steel Boxes: 4-inch Square Boxes,30.00,C,medium,"Dupuis dictionary: code numerique a 5 chiffres (catalogue?) - resolved via census: EE LQE008445 = Iberville IBE52171K ""BOITE CARRE 2-1/8PO KO 1/2-3/4PO (AI)"" and label 52171K (61 marks) -> 52171 = Iberville 52171 4-inch square box 2-1/8 deep, 1/2 & 3/4 KO (K suffix = knockout variant, not confirmed on the bare label -> medium). Same book lines as BOITE/LQE008445 chunk-2. NE raw p128: ""4-S 1/2 & 3/4 KO L1@0.27 Ea 8.63 12.60 21.23"". NECA raw p200: ""4-inch Square Boxes 30.00 35.00 40.00 C"" = 0.30 h each. Box only, cover/plaster ring not included",4-S 1/2 & 3/4 KO L1@0.27 Ea 8.63 12.60 21.23,note,4-inch Square Boxes 30.00 35.00 40.00 C,note
7,FIXT TYPE A2,,,none,,,,,none,,,none,Plan legend type code only (Dupuis: luminaire type A2) - no fixture spec (size/lamp/mount) so no book line can be selected; needs fixture schedule of each project. Same rule as FIXT TYPE A/B/C/D/E/G/L1 in chunks 0-5,,,,
7,RACCORD PARTITION,,,none,,,,,none,,,none,"Dupuis: raccordement electrique dans cloison/partition (466 marks / 13 projets; sibling label RACCORD PARTITION TEL). Ambiguous: systems-furniture partition power feed vs junction in a wall partition. No matching line in NE 2025 (grep furniture|partition|workstation|infeed -> 0; nearest are overhead raceway whips p435 ""20A, 125V, 6' long L1@0.20 Ea 73.00 9.32 82.32"", not a furniture feed) nor in NECA 2022 (grep furniture|partition|infeed -> 0; nearest p175 Modular Wiring System ""Switch or Receptacle Drop Cable 0.35 0.45 0.60 E"" and p226 ""ALTP-4 Tele-Power Pole 1.25 1.56 1.88 E"", neither is a partition feed). Same treatment as RACCORD DIRECT (none, chunk-2); price as box + connector + whip once the feed type is known",,,,
7,FIXT TYPE 2X4,,178,"Recessed 24""-wide lay-in T-bar fluorescent fixtures, steel frame 48"" 2 lamp",171.00,0.70,Ea,353,Lay-in (T-Bar) Fixtures - with Lens: 2-foot x 4-foot - LED,0.75,E,low,"Dupuis: luminaire encastre 2x4 pieds (tuile de plafond), variants FIXT  TYPE 2X4, FIXT 2X4, FIXTURE 2X4, 2X4 (ENL/RELO variants excluded). Size exact (2x4 lay-in) but lamp source/count NOT on label: NE 2025 has no 2x4 LED troffer line (LED only p197 small panel lights), so fluorescent 2-lamp taken as material proxy only. NE raw p178: ""48"" 2 lamp L1@0.70 Ea 171.00 32.60 203.60"" (recessed 24-wide lay-in T-bar steel frame; ""48"" 3 lamp L1@0.75 Ea 197.00"", ""48"" 4 lamp L1@0.80 Ea 193.00""; aluminum frame ""48"" 2 lamp L1@0.70 Ea 181.00""). NECA raw p353: ""2-foot x 4-foot - LED 0.75 0.94 1.17 E"" (fluorescent ""2-foot x 4-foot - 2-Lamp - Fluorescent 0.70 0.88 1.09 E"", ""2-foot x 4-foot - 4-Lamp - Fluorescent 0.80 1.00 1.25 E""; parabolic ""2-foot x 4-foot - 2-Lamp 0.90 1.13 1.41 E""; surface-mount p352 ""LED 0.80 0.86 1.17 E""). Confirm lamp type against fixture schedule","48"" 2 lamp L1@0.70 Ea 171.00 32.60 203.60",note,2-foot x 4-foot - LED 0.75 0.94 1.17 E,note
8,BOITE RACCORD,,147,NEMA 1 surface or flush mounted screw cover pull boxes 6 x 6 x 4,31.80,0.35,Ea,218,NEMA 1 Screw Cover J-Boxes & Pull Boxes with Knockouts: 6-inch x 6-inch x 4-inch,1.00,E,medium,"Dupuis: boite de raccordement/jonction (distribution, BT); dictionary variant 6X6X4 (label corpus: 6x6x4 219 marks / 14 projects, BOITE RACCORD 118 / 5, plus BOITE RACCORD CONNECTRAC, BOITE RACCORD PARTITION, BOITE RACCORD 1CCT, ADD 7 BOITE RACCORD). Sized on the 6X6X4 variant = Dupuis stock Hoffman HOFASE664 ""BOITE D 6X6X4PO CEMA1"" (EE LQE004733, same line as BOITE chunk-0). NE raw p147: ""6 x 6 x 4 L1@0.35 Ea 31.80 16.30 48.10"" (NEMA 1 screw cover; hinge cover alt p148 ""6 x 6 x 4 L1@0.35 Ea 30.90 16.30 47.20""; NEMA 3R alt p149 ""6 x 6 x 4 L1@0.35 Ea 60.20 16.30 76.50""). NECA raw p218: ""6-inch x 6-inch x 4-inch 1.00 1.25 1.50 E"" (NEMA 1 screw cover; PVC alt p216 ""6-inch x 6-inch x 4-inch 0.40 0.50 0.60 E""). Medium: bare ""BOITE RACCORD"" gives no size - a 4x4 device box (NE p128 ""4-S 1/2 & 3/4 KO L1@0.25 Ea 5.41 11.60 17.01"", NECA p200 ""4-inch Square Boxes 30.00 35.00 40.00 C"") is possible on the unsized labels; CONNECTRAC variant is a furniture-feed box not in either book. Box only, cover/connectors not included",6 x 6 x 4 L1@0.35 Ea 31.80 16.30 48.10,note,6-inch x 6-inch x 4-inch 1.00 1.25 1.50 E,note
8,FIXT TYPE D2,,,none,,,,,none,,,none,"Plan legend type code only (Dupuis: luminaire type D2) - no fixture spec (lamp/wattage/mount/size) on the label, so no National Estimator 2025 or NECA 2022 fixture line can be selected without inventing the type; needs the fixture schedule of each project (same treatment as FIXT TYPE A/B/C/D/E/E1/L1/L2/L3/L6 in chunks 0-4 and L4/E2/I/H/B1/L10/D1 in chunk-6)",,,,
8,FIXT TYPE L9,,,none,,,,,none,,,none,"Plan legend type code only (Dupuis: luminaire type L9 (famille L); variant with double space FIXT TYPE  L9) - no fixture spec (lamp/wattage/mount/size) on the label, so no National Estimator 2025 or NECA 2022 fixture line can be selected without inventing the type; needs the fixture schedule of each project (same treatment as FIXT TYPE A/B/C/D/E/E1/L1/L2/L3/L6 in chunks 0-4 and L4/E2/I/H/B1/L10/D1 in chunk-6)",,,,
8,FIXT TYPE J,,,none,,,,,none,,,none,"Plan legend type code only (Dupuis: luminaire type J; variants TYPE J, Type J, fixt type j; bare ""J"" flagged non-tranchable by Dupuis) - no fixture spec (lamp/wattage/mount/size) on the label, so no National Estimator 2025 or NECA 2022 fixture line can be selected without inventing the type; needs the fixture schedule of each project (same treatment as FIXT TYPE A/B/C/D/E/E1/L1/L2/L3/L6 in chunks 0-4 and L4/E2/I/H/B1/L10/D1 in chunk-6)",,,,
8,WIFI,,,none,,,,385,Computer Equipment - Network Devices: Wireless Access Point,1.00,E,medium,"Dupuis: point d acces Wi-Fi (telecom_donnees, BASSE_TENSION_COMM); variants SORTIE WIFI, REV WIFI, ENL WIFI, ADD3 NOTE 17 WIFI. NECA raw p385 (27 21 00 Data Communications Network Equipment): ""Wireless Access Point 1.00 1.25 1.50 E"" = mounting/connection of the AP device. Label does not say whether the electrician supplies the AP or only the data outlet (SORTIE WIFI): for outlet-only scope use NECA p383 ""RJ-45 Modular Jack 0.20 0.25 0.30 E"" + ""1 Gang Face Plate 0.10 0.13 0.15 E"" (same components as TEL/DATA chunk-1). NE 2025: no access point / network device line (grep wireless|wi-fi|access point -> 0; Communications Cable p522-528 is cable per KLF only) -> none. Box, cable (Cat 6) and termination priced separately",,,Wireless Access Point 1.00 1.25 1.50 E,note
8,FIXT TYPE 1,,,none,,,,,none,,,none,"Plan legend type code only (Dupuis: luminaire type 1 (numerotation numerique)) - no fixture spec (lamp/wattage/mount/size) on the label, so no National Estimator 2025 or NECA 2022 fixture line can be selected without inventing the type; needs the fixture schedule of each project (same treatment as FIXT TYPE A/B/C/D/E/E1/L1/L2/L3/L6 in chunks 0-4 and L4/E2/I/H/B1/L10/D1 in chunk-6)",,,,
8,FIXT TYPE L1A,,,none,,,,,none,,,none,"Plan legend type code only (Dupuis: luminaire type L1A) - no fixture spec (lamp/wattage/mount/size) on the label, so no National Estimator 2025 or NECA 2022 fixture line can be selected without inventing the type; needs the fixture schedule of each project (same treatment as FIXT TYPE A/B/C/D/E/E1/L1/L2/L3/L6 in chunks 0-4 and L4/E2/I/H/B1/L10/D1 in chunk-6)",,,,
8,FIXT TYPE D4,,,none,,,,,none,,,none,"Plan legend type code only (Dupuis: luminaire type D4) - no fixture spec (lamp/wattage/mount/size) on the label, so no National Estimator 2025 or NECA 2022 fixture line can be selected without inventing the type; needs the fixture schedule of each project (same treatment as FIXT TYPE A/B/C/D/E/E1/L1/L2/L3/L6 in chunks 0-4 and L4/E2/I/H/B1/L10/D1 in chunk-6)",,,,
8,FIXT TYPE L7,,,none,,,,,none,,,none,"Plan legend type code only (Dupuis: luminaire type L7 (famille L)) - no fixture spec (lamp/wattage/mount/size) on the label, so no National Estimator 2025 or NECA 2022 fixture line can be selected without inventing the type; needs the fixture schedule of each project (same treatment as FIXT TYPE A/B/C/D/E/E1/L1/L2/L3/L6 in chunks 0-4 and L4/E2/I/H/B1/L10/D1 in chunk-6)",,,,
8,FIXT TYPE R1,,,none,,,,,none,,,none,"Plan legend type code only (Dupuis: luminaire type R1) - no fixture spec (lamp/wattage/mount/size) on the label, so no National Estimator 2025 or NECA 2022 fixture line can be selected without inventing the type; needs the fixture schedule of each project (same treatment as FIXT TYPE A/B/C/D/E/E1/L1/L2/L3/L6 in chunks 0-4 and L4/E2/I/H/B1/L10/D1 in chunk-6)",,,,
8,RA,,,none,,,,,none,,,none,"Dupuis dictionary: categorie indetermine, ""abreviation ambigue (signification incertaine)"", note ""2 lettres sans contexte suffisant pour trancher"" (274 marks / 25 projects, no EE ensemble). No physical item identifiable (could be a legend mark, RACCORD abbreviation, or project-specific code) -> no National Estimator 2025 or NECA 2022 line can be selected without inventing the meaning. Resolve with Dupuis / plan legends before pricing",,,,
8,750W,,,none,,,,78,none,,,none,"Dupuis dictionary files 750W as ""luminaire cote par puissance, 750W"" (variant 750W 347V), but the label corpus reads as electric heating: B750W (234 marks, dictionary = ""plinthe electrique chauffante 750W serie B""), PLINTHE 750W, PLINTHE A 750W, B750W 240V, B750W 347V, PL 750 W, 750W 600V - CATEGORY CONFLICT to resolve with Dupuis (same as B1250W chunk-6; cf. 300W/1000W/1500W chunk-5 treated as baseboard). If heater: NECA p78 (23 83 00) lists baseboard heaters by length only, watt-to-length not in book: raw ""24-inch 0.75 0.94 1.13 E"", ""36-inch 0.80 1.00 1.20 E"", ""48-inch 0.90 1.13 1.35 E"", ""60-inch 1.00 1.25 1.50 E"", ""72-inch 1.10 1.38 1.65 E"", ""96-inch 1.25 1.56 1.88 E"", ""120-inch 1.40 1.75 2.10 E"" -> no line selectable from 750 W alone (none); NE 2025 has no electric baseboard heater line (grep baseboard|heater -> duct/unit heater hookups p380-381 only). If luminaire: the only exact 750 W fixture lines are NECA p351 (26 51 00) ""Porcelain Enamel Reflector With Lens - Pendant Mounted 750 Watt 1.35 1.69 2.16 E"", ""Porcelain Enamel Reflector - Vaportite - Surface Mounted 750 Watt 1.50 1.88 2.34 E"", ""Porcelain Enamel Reflector - Vaportite - Pendant Mounted 750 Watt 1.75 2.19 2.73 E"" (incandescent industrial reflectors, unlikely for a 2021-2026 job); NE 2025 has no 750 W fixture line (HID lines are 1000 W p181/p184). Needs project schedule (heater length or fixture type)",,,,
9,30A NF WP,,276,NEMA 3R general duty non-fused 240 volt safety switches 3P 30A,207.00,0.5,Ea,322,Disconnect Safety Switches - Nonfused 3-Pole: 30 Amp (NEMA 1; book note: for NEMA 3R add 10%),2.00,E,medium,"Dupuis: sectionneur 30A non-fusible etanche (WP) (486 occ / 42 projets; corpus 30A NF WP 249 marks / 25 projects, plus L 30A NF, DISCONN 30A NF; normalisation 30A NF -> DISCONN 30A NF). WP = NEMA 3R. Poles and voltage not on label: 3P 240 V general duty assumed (motor loads, same assumption as DISCONN chunk). NE raw p276: ""3P 30A L1@0.50 Ea 207.00 23.30 230.30"" (NEMA 3R general duty non-fused 240 V); alternatives NE p277 heavy duty 240 V NEMA 3R ""3P 30A L1@0.50 Ea 455.00 23.30 478.30"", p279 heavy duty 600 V NEMA 3R ""3P 30A L1@0.50 Ea 455.00 23.30 478.30"" (for 30A NF 600V variants). NECA raw p322: ""30 Amp 2.00 2.50 3.00 E"" (Nonfused 3-Pole) with table note ""These labor units apply to NEMA 1 enclosures only - For NEMA 3R add 10%"" -> 2.20 h for WP per the book rule; 2-pole alt p322 ""30 Amp 1.70 2.13 2.55 E"". Switch only, wiring/terminations not included",3P 30A L1@0.50 Ea 207.00 23.30 230.30,note,30 Amp 2.00 2.50 3.00 E,note
9,12X12X4,LQE008444,147,NEMA 1 surface or flush mounted screw cover pull boxes 12 x 12 x 4,73.60,0.55,Ea,218,NEMA 1 Screw Cover J-Boxes & Pull Boxes with Knockouts: 12-inch x 12-inch x 4-inch,1.25,E,high,"Dupuis: boite de jonction 12x12x4 po (distribution, BT; 382 occ / 31 projets; corpus 12X12X4 174 + 12x12x4 77 + BOITE 12X12X4 20 marks); Dupuis stock = Hoffman HOFASE12124 ""BOITE D 12X12X4PO CEMA1"" (EE LQE008444, 80 marks / 7 projects, same line as BOITE chunk-0). NE raw p147: ""12 x 12 x 4 L1@0.55 Ea 73.60 25.60 99.20"" (NEMA 1 screw cover); alternatives p148 hinge cover ""12 x 12 x 4 L1@0.55 Ea 86.40 25.60 112.00"", p149 NEMA 3R screw cover ""12 x 12 x 4 L1@0.55 Ea 124.00 25.60 149.60"", p150 NEMA 3R hinge ""12 x 12 x 4 L1@0.55 Ea 170.00 25.60 195.60"". NECA raw p218: ""12-inch x 12-inch x 4-inch 1.25 1.60 2.15 E"" (NEMA 1 screw cover; NEMA 3R same page same hours ""1.25 1.60 2.15 E""; NEMA 12 hinged ""1.10 1.40 1.70 E""; PVC p216 ""0.70 0.87 1.05 E""). Box only, connectors not included",12 x 12 x 4 L1@0.55 Ea 73.60 25.60 99.20,note,12-inch x 12-inch x 4-inch 1.25 1.60 2.15 E,note
9,STATION,,,none,,,,410,Fire Alarm Initiating Devices: Manual Station Non-Coded,0.50,E,medium,"Dupuis: station manuelle d alarme incendie (securite_incendie; 479 occ / 29 projets; variants STATION RELO, station; normalisation RELO STATION / STATION WP -> STATION MANUEL) = same device as STATION MANUEL (chunk mapped earlier, 1398 marks). NECA raw p410: ""Manual Station Non-Coded 0.50 0.63 0.78 E""; Coded and Addressable lines on same page identical (""Manual Station Coded 0.50 0.63 0.78 E"", ""Manual Station Addressable 0.50 0.63 0.78 E"") so type does not change hours. NE 2025: no pull/manual station line (grep pull station|manual station -> 0) -> none. Medium: bare STATION could also be a control station (STATION CONTROL 1 ZONE 20 marks, STATION DM 104 marks are separate labels); RELO variant = relocation, labor only (no new device). Device only, box/wire not included",,,Manual Station Non-Coded 0.50 0.63 0.78 E,note
9,MIA,,,none,,,,,none,,,none,"Dupuis dictionary: categorie indetermine, sous_type ""signification inconnue"" (459 occ / 13 projets; corpus 249 marks / 8 projects, no EE ensemble). No physical item identifiable -> no National Estimator 2025 or NECA 2022 line can be selected without inventing the meaning (same treatment as RA chunk-8). Resolve with Dupuis / plan legends before pricing",,,,
9,B750W,,,none,,,,78,none,,,none,"Dupuis dictionary: plinthe electrique chauffante 750W (serie/type B) (chauffage, BT; 362 occ / 18 projets; corpus B750W 234 marks / 12 projects + B750W 240V 52) - consistent with B-series baseboards (B1250W chunk-6, 750W chunk-8). NECA p78 (23 83 00) lists baseboard heaters by length only, watt-to-length mapping not in book: raw ""24-inch 0.75 0.94 1.13 E"", ""36-inch 0.80 1.00 1.20 E"", ""48-inch 0.90 1.13 1.35 E"", ""60-inch 1.00 1.25 1.50 E"", ""72-inch 1.10 1.38 1.65 E"", ""96-inch 1.25 1.56 1.88 E"", ""120-inch 1.40 1.75 2.10 E"" -> no line selectable from 750 W alone (none; same as 750W chunk-8). NE 2025: no electric baseboard heater line (grep baseboard|heater -> duct/unit heater hookups p380-381 only) -> none. Needs heater length from project schedule; then use the NECA p78 length line",,,,
9,CONDENSEUR,,380,Hook up mechanical equipment Air handlers,49.20,1.5,Ea,72,Miscellaneous Controls: Connect Controls at Condenser,1.00,E,low,"Dupuis: unite condenseur (climatisation) (mecanique_moteur, BT; 456 occ / 32 projets; corpus CONDENSEUR 240 marks / 23 projects + CONDENSEUR TOIT 104, SERV CONDENSEUR 72). Neither book has a ""condensing unit"" power hookup line (NE grep condens|air cond -> 0; NECA grep condens -> controls only). NE p380 ""Hook up mechanical equipment"" table has no condenser: nearest by nature (HVAC unit, single feed + disconnect connection) are ""Air handlers L1@1.50 Ea 49.20 69.90 119.10"" (chosen), ""Fan coil units L1@2.00 Ea 49.20 93.20 142.40"", ""Refrigeration, small L1@4.00 Ea 164.00 186.00 350.00"" (p381), ""Air compressor L1@1.50 Ea 49.20 69.90 119.10"" - NOT an exact match, low confidence. NECA raw p72 (23 09 00): ""Connect Controls at Condenser 1.00 1.50 2.00 E"" = control wiring connection only, not the power feed; power termination per NECA p276 ""20 Amp Circuits #12 & #10 0.25 0.30 0.36 E"" (Power Connections to Equipment Installed By Others) or NE p380 motor hookup by HP if HP known. Needs condenser HP/amps from mechanical schedule",Air handlers L1@1.50 Ea 49.20 69.90 119.10,note,Connect Controls at Condenser 1.00 1.50 2.00 E,note
9,2#12 CONN,,,none,,,,277,Standard Wire Conductor Terminations: #12,0.15,E,medium,"Dupuis: connexion filaire 2 conducteurs #12 AWG (autre, BT; 306 occ / 11 projets; corpus 2#12 Conn 240 marks / 10 projects; related 2#12 Motor 91, 10Ft 2#12 Bx 135). Read as the final connection of a 2-conductor #12 circuit to a device/equipment. NECA raw p277 (26 05 83 Wiring Connections): ""#12 0.15 0.19 0.23 E"" per conductor termination -> 2 x 0.15 = 0.30 h for the two #12; alternative p276 ""Power Connections to Equipment Installed By Others - Copper 600 Volt Conduit: 20 Amp Circuits #12 & #10 0.25 0.30 0.36 E"" (per circuit connection). NE 2025: no standalone conductor termination line (terminations are bundled in conduit assemblies p464+ and in device labor) -> none. Medium: label does not say whether wire length is included (cable/conduit priced separately)",,,#12 0.15 0.19 0.23 E,note
9,FIXT TYPE E3,,,none,,,,,none,,,none,"Plan legend type code only (Dupuis: luminaire type E3 (selon legende); 386 occ / 23 projets; corpus FIXT TYPE E3 235 marks / 13 projects + FIXT TYPE E3A 25; variant fixt type e3) - no fixture spec (lamp/wattage/mount/size) on the label, so no National Estimator 2025 or NECA 2022 fixture line can be selected without inventing the type; needs the fixture schedule of each project (same treatment as FIXT TYPE A/B/C/D/E/E1/L1/L2/L3/L6 in chunks 0-4 and L4/E2/I/H/B1/L10/D1 in chunk-6)",,,,
9,MRA,,,none,,,,,none,,,none,"Dupuis dictionary: categorie indetermine, sous_type ""abreviation non identifiee (MRA)"" (413 occ / 16 projets; corpus 230 marks / 10 projects, no EE ensemble). No physical item identifiable -> no National Estimator 2025 or NECA 2022 line can be selected without inventing the meaning (same treatment as RA chunk-8 and MIA this chunk). Resolve with Dupuis / plan legends before pricing",,,,
9,FIXT TYPE L,,,none,,,,,none,,,none,"Plan legend type code only (Dupuis: luminaire type L (sans numero), famille L; 316 occ / 28 projets; corpus FIXT TYPE L 215 marks / 14 projects; variant fixt type l) - no fixture spec (lamp/wattage/mount/size) on the label, so no National Estimator 2025 or NECA 2022 fixture line can be selected without inventing the type; needs the fixture schedule of each project (same treatment as FIXT TYPE A/B/C/D/E/E1/L1/L2/L3/L6 in chunks 0-4 and L4/E2/I/H/B1/L10/D1 in chunk-6)",,,,
9,B500W,,,none,,,,78,none,,,none,"Dupuis dictionary files B500W as ""luminaire type B, designe par puissance (500W)"" (312 occ / 13 projets; corpus 229 marks / 9 projects), but normalisation.json maps bare ""500W"" -> PLINTHE and the label corpus B500W/B750W/B1000W/B1250W/... is the 250 W-step baseboard series (B750W = ""plinthe electrique chauffante 750W"" in the same dictionary) - CATEGORY CONFLICT to resolve with Dupuis (same as B1250W chunk-6). If heater: NECA p78 (23 83 00) lists baseboard heaters by length only, watt-to-length not in book: raw ""24-inch 0.75 0.94 1.13 E"", ""36-inch 0.80 1.00 1.20 E"", ""48-inch 0.90 1.13 1.35 E"", ""60-inch 1.00 1.25 1.50 E"" -> no line selectable from 500 W alone (none); NE 2025 has no electric baseboard heater line. If luminaire: only 500 W lines are NECA p30 temporary/portable post lights (""500 Watt 1-Lamp 2.50 3.13 3.91 E"") and NE p198 ""High-bay LED industrial fixture ... 500 watt"" - neither plausible for a type-B legend fixture -> none. Needs project schedule",,,,
9,GFI WP,,247,"15 amp, 120 volt AC, commercial specification-grade, duplex less indicating light, with wall plate Ivory (GFCI)",11.70,0.2,Ea,318,Duplex Receptacle - Straight Blade: 15 Amp GFCI or AFCI,30.00,C,medium,"Dupuis: prise GFI exterieure etanche (dispositif, BT; 416 occ / 9 projets; corpus GFI WP 216 marks / 7 projects + PRISE GFI WP 184, LO PRISE GFI WP 156, L GFI WP 54, PRISE 15/20A GFI WP 32). Receptacle = same as GFI (chunk earlier): NE raw p247 ""Ivory L1@0.20 Ea 11.70 9.32 21.02"" (15 A GFCI duplex; 20 A alt same page ""Ivory L1@0.20 Ea 14.10 9.32 23.42""); NECA raw p318 ""15 Amp GFCI or AFCI 30.00 37.50 45.00 C"" = 0.30 h each (20 A alt ""35.00 43.75 52.50 C""). WP part = weatherproof cover, add-on line: NE raw p44 ""1 gang GFCI L1@0.10 Ea 20.10 4.66 24.76"" (Type FS WP PVC box covers) or p68 ""WLRD-1 duplex recept L1@0.10 Ea 54.10 4.66 58.76"" (cast hinged cover); NECA raw p320 ""Weatherproof Vertical GFCI Bell Cover 15.00 18.75 22.50 C"" (0.15 h each) or ""1G Vertical In-Use Cover 20.00 25.00 30.00 C"" (0.20 h each, in-use cover as required for wet-location receptacles). Medium: amperage (15 vs 20 A) and cover type not on label; FS/WP box priced separately",Ivory L1@0.20 Ea 11.70 9.32 21.02,note,15 Amp GFCI or AFCI 30.00 37.50 45.00 C,note
10,GACHE,,372,"Detectors: Intrusion detectors - Door opener, 24VAC || raw: Door opener, 24VAC L1@0.50 Ea 49.50 23.30 72.80",49.50,0.50,Ea,404,Access Field Devices: Electric Door Strike - New || raw: Electric Door Strike - New 2.00 2.50 3.00 E,2.00,E,low,"Dupuis GACHE = gache electrique de porte (controle d acces), 313 marks / 68 projets (variants GACHE ELECT, LECT GACHE BA = lecteur + gache, separate). Voltage (12/24 V AC/DC) and fail-safe/fail-secure not on label. NE 2025 has no ""strike"" line (grep strike -> 0); closest is the intrusion-detector ""door opener"" (= electric door release) p372: raw ""Door opener, 24VAC L1@0.50 Ea 49.50 23.30 72.80"" (alts same page ""Door opener, 24VDC L1@0.50 Ea 53.00 23.30 76.30"", ""Door opener, 16VAC L1@0.50 Ea 39.90 23.30 63.20"", ""Door opener, 3-6VDC L1@0.50 Ea 39.90 23.30 63.20"") - 24 VAC taken as default, material proxy only. NECA raw p404 (28 13 00 Access Control): ""Electric Door Strike - New 2.00 2.50 3.00 E"" (retrofit ""Electric Door Strike - Refit 2.50 3.15 3.75 E""; mortise alt ""Electric Mortise Lock - New 2.00 2.50 3.00 E""; ""Magnetic Lock X 3.00 3.75 4.50 E""; ""Door Lock Power Supply 3.00 3.75 4.50 E"" to add if PSU in scope). Device only; door hardware prep/frame cutting by others","Door opener, 24VAC L1@0.50 Ea 49.50 23.30 72.80",item,Electric Door Strike - New 2.00 2.50 3.00 E,item
10,PORTE,,,none,,,,,none,,,none,"Dupuis PORTE = porte (fonction electrique non precisee), categorie indetermine, 239 marks / 18 projets. Label alone does not say which device is at the door (gache -> family GACHE; contact -> CONTACT PORTE 133 marks; operateur -> OPERATEUR PORTE 86 marks; each is its own family). No book line can be selected without the device type. Candidates if resolved per project: NECA p404 ""Door Contact 1.00 1.25 1.50 E"", ""Electric Door Strike - New 2.00 2.50 3.00 E"", ""Door Closer - Hydraulic 2.00 2.50 3.00 E""; NE p372 ""Door switch L1@0.25 Ea 10.60 11.60 22.20"", p381 ""Overhead door, comm. L1@8.00 Ea 492.00 373.00 865.00""",,,,
10,DETECTEUR A FUMER,,372,Detectors: 120 volt smoke detectors - Continuous red LED || raw: Continuous red LED L1@0.50 Ea 12.50 23.30 35.80,12.50,0.50,Ea,410,Fire Alarm Initiating Devices: Detector Base || raw: Detector Base 0.65 0.81 1.02 E,0.65,E,low,"Dupuis DETECTEUR A FUMER = detecteur de fumee (avertisseur incendie), securite_incendie, 420 marks / 18 projets; spelling variant of DETECTEUR FUMEE / DETECTEUR FUMER (normalisation.json) -> same lines as the DETECTEUR FUMEE row (chunk-2) for consistency. System type unknown from label (120 V stand-alone vs fire-alarm system head on base). NE raw p372: ""Continuous red LED L1@0.50 Ea 12.50 23.30 35.80"" (120 volt smoke detectors; battery type ""No LED indicator L1@0.30 Ea 10.60 14.00 24.60""; multi-station ""Up to 6 units L1@0.50 Ea 13.00 23.30 36.30""; NE has no fire-alarm system smoke detector line). NECA p410 prices a system detector as base + head: ""Detector Base 0.65 0.81 1.02 E"" plus ""Detector Head 0.20 0.25 0.31 E"" = 0.85 h (addressable identical: ""Addressable Base 0.65"", ""Addressable Head 0.20""). Device only, box/wire not included",Continuous red LED L1@0.50 Ea 12.50 23.30 35.80,item,Detector Base 0.65 0.81 1.02 E,item
10,DETECTEUR A FUMER,,,none,,,,410,Fire Alarm Initiating Devices: Detector Head || raw: Detector Head 0.20 0.25 0.31 E,0.20,E,low,Companion row: NECA Detector Head 0.20 h to add to Detector Base 0.65 h (p410) for a fire-alarm system smoke detector. NE 2025 has no fire-alarm system detector line -> none,,,Detector Head 0.20 0.25 0.31 E,item
10,BATTERIE UNIT 2T,,,none,,,,360,Egress/Emergency Fixtures: Self Contained Dual Head || raw: Self Contained Dual Head 1.20 1.50 1.88 E,1.20,E,medium,"Dupuis BATTERIE UNIT 2T = unite de batterie pour eclairage d urgence a 2 tetes, securite_incendie, 393 marks / 60 projets (variant SERV BATTERIE UNIT 2T = service, excluded). Same line as BATTERIE UNIT (chunk-4) since 2T is the dominant variant there. NECA raw p360 (26 52 00 Safety Lighting): ""Self Contained Dual Head 1.20 1.50 1.88 E"" (exact: self-contained battery unit with two heads); if wattage known use ""Power Pack with Dual Heads"" 36 W 1.10 / 54 W 1.30 / 80 W 1.40 / 110 W 1.50 / 160 W 1.70 / 200 W 1.90 E same page; remote heads ""Remote Single Head 0.60 0.75 0.94 E"", ""Remote Double Head 0.70 0.88 1.09 E"". NE 2025: no emergency battery unit line (grep emergency light -> 0; battery -> smoke detectors p372, exit signs p173 only) -> none. Wattage/voltage (12 V vs 24 V, 120/347 V input) not on label -> medium not high",,,Self Contained Dual Head 1.20 1.50 1.88 E,item
10,EVAPORATEUR,,381,"Equipment Hookup: Hook up mechanical equipment - Refrigeration, small || raw: Refrigeration, small L1@4.00 Ea 164.00 186.00 350.00",164.00,4.00,Ea,276,Power Connections to Equipment Installed By Others - Copper 600 Volt Conduit: 20 Amp Circuits #12 & #10 || raw: 20 Amp Circuits #12 & #10 0.25 0.30 0.36 E,0.25,E,low,"Dupuis EVAPORATEUR = raccordement electrique d un evaporateur (equipement CVAC/refrigeration fourni par others), categorie autre, 407 marks / 20 projets. Neither book has an ""evaporator"" line (grep evaporat -> NE only ""Evap coolers, small L1@2.00 Ea 249.00 93.20 342.20"" p380 = swamp cooler, different equipment; NECA 0 hits). NE raw p381 (mechanical equipment hookup): ""Refrigeration, small L1@4.00 Ea 164.00 186.00 350.00"" taken as the refrigeration-equipment hookup proxy (alts: ""Fan coil units L1@2.00 Ea 49.20 93.20 142.40"" p380 if the evaporator is an HVAC indoor unit; kitchen ""Walk-in refigerator L1@8.00 Ea 249.00 373.00 622.00"" p381 for walk-in). NECA raw p276: ""20 Amp Circuits #12 & #10 0.25 0.30 0.36 E"" = final power connection only (circuit size unknown -> 20 A default; ""50 Amp Circuits #8 0.30 0.37 0.45 E"", ""60 Amp Circuits #6 0.33 0.42 0.50 E"" same table). NECA unit excludes conduit/wire/disconnect; NE hookup includes flex whip material only. Equipment by others","Refrigeration, small L1@4.00 Ea 164.00 186.00 350.00",item,20 Amp Circuits #12 & #10 0.25 0.30 0.36 E,item
10,FIXT TYPE L12,,,none,,,,,none,,,none,"Plan legend type code only (Dupuis: luminaire type L12, 234 marks / 15 projets) - no fixture spec (size/lamp/mount) so no book line can be selected; needs the fixture schedule of each project (same rule as FIXT TYPE L1 chunk-1)",,,,
10,FIXT TYPE S1,,,none,,,,,none,,,none,"Plan legend type code only (Dupuis: luminaire type S1, 378 marks / 25 projets; variants Type S1, FIXTURE TYPE S1A) - no fixture spec so no book line can be selected; needs the fixture schedule of each project",,,,
10,VE,,380,"Equipment Hookup: Hook up mechanical equipment - Exhaust fans, small || raw: Exhaust fans, small L1@1.50 Ea 49.20 69.90 119.10",49.20,1.50,Ea,276,Power Connections to Equipment Installed By Others - Copper 600 Volt Conduit: 20 Amp Circuits #12 & #10 || raw: 20 Amp Circuits #12 & #10 0.25 0.30 0.36 E,0.25,E,low,"Dupuis VE listed as ""abreviation non resolue"" (314 marks / 56 projets) but the dictionary resolves it in sibling entries MOTEUR VE = ""moteur pour ventilateur d extraction/evacuation (VE)"" and VE-1 = ""ventilateur d evacuation, tag mecanique VE-1"" (label variants VE TOIT, VE-T, VE 600V, VE-1, VE-M) -> exhaust/evacuation fan hookup, mechanical tag. HP/voltage not on label (one variant says 600V). NE raw p380: ""Exhaust fans, small L1@1.50 Ea 49.20 69.90 119.10"" (motor-size alt same page ""Hook up single or three-phase motors to 600 volts Fractional HP L1@0.50 Ea 5.22 23.30 28.52"" ... ""1 HP L1@0.75 Ea 6.78""). NECA raw p276: ""20 Amp Circuits #12 & #10 0.25 0.30 0.36 E"" = final connection only, 20 A default. Fan by others; disconnect/starter not included","Exhaust fans, small L1@1.50 Ea 49.20 69.90 119.10",item,20 Amp Circuits #12 & #10 0.25 0.30 0.36 E,item
10,8X8X4,LQE004735,147,Sheet Metal Pull Boxes: NEMA 1 surface or flush mounted screw cover pull boxes 8 x 8 x 4 || raw: 8 x 8 x 4 L1@0.45 Ea 43.20 21.00 64.20,43.20,0.45,Ea,218,NEMA 1 Screw Cover J-Boxes & Pull Boxes with Knockouts: 8-inch x 8-inch x 4-inch || raw: 8-inch x 8-inch x 4-inch 1.10 1.35 1.80 E,1.10,E,high,"Dupuis 8X8X4 = boite de jonction 8x8x4 po, distribution BT, 221 marks / 26 projets; Dupuis stock item BOITE D 8X8X4PO CEMA1 = Hoffman HOFASE884 (EE LQE004735, ensembles-ee.csv) = NEMA 1 screw cover. Exact size match. NE raw p147: ""8 x 8 x 4 L1@0.45 Ea 43.20 21.00 64.20"" (hinge cover alt p148 ""8 x 8 x 4 L1@0.45 Ea 51.00 21.00 72.00""; NEMA 3R p149 ""8 x 8 x 4 L1@0.45 Ea 90.20 21.00 111.20""). NECA raw p218: ""8-inch x 8-inch x 4-inch 1.10 1.35 1.80 E"" (PVC alt p216 ""8-inch x 8-inch x 4-inch 0.50 0.62 0.75 E"" not used). Same lines as bare 8X8 family (chunk-5), here confidence high because depth is on the label",8 x 8 x 4 L1@0.45 Ea 43.20 21.00 64.20,item,8-inch x 8-inch x 4-inch 1.10 1.35 1.80 E,item
10,CLOCHE,,368,"Bells, Buzzers and Sirens: Bells 6"" 24 VAC || raw: 6"" 24 VAC L1@0.35 Ea 94.80 16.30 111.10",94.80,0.35,Ea,410,Fire Alarm - Signaling: Bell || raw: Bell 0.75 1.00 1.25 E,0.75,E,medium,"Dupuis CLOCHE = cloche d alarme incendie, securite_incendie, 367 marks / 54 projets (variants Cloche FA, n cloche). NECA raw p410 (28 46 00 Fire Detection and Alarm - Signaling): ""Bell 0.75 1.00 1.25 E"" (exact device class; combo ""Bell/Strobe 0.75 1.00 1.25 E"" same page) -> high on NECA side. NE 2025 has no fire-alarm bell section; general signal bells p368 (printed folio 367): raw ""6"" 24 VAC L1@0.35 Ea 94.80 16.30 111.10"" taken as material proxy - size (4/6/10 in) and voltage (FA bells are usually 24 VDC, NE lists AC only) not on label; alts same page ""4"" 24 VAC L1@0.30 Ea 79.60 14.00 93.60"", ""6"" 120 VAC L1@0.35 Ea 94.80 16.30 111.10"", ""10"" 120 VAC L1@0.45 Ea 112.00 21.00 133.00"", single-stroke ""6"" 24 VAC L1@0.40 Ea 107.00 18.60 125.60"". Overall medium (NECA exact, NE proxy). Device only, box/wire not included","6"" 24 VAC L1@0.35 Ea 94.80 16.30 111.10",item,Bell 0.75 1.00 1.25 E,item
10,FIXT TYPE B3,,,none,,,,,none,,,none,"Plan legend type code only (Dupuis: luminaire type B3, 240 marks / 8 projets) - no fixture spec so no book line can be selected; needs the fixture schedule of each project",,,,
10,FIXT TYPE 2X2,,,none,,,,353,Lay-in (T-Bar) Fixtures - with Lens: 2-foot x 2-foot - LED || raw: 2-foot x 2-foot - LED 0.60 0.75 0.94 E,0.60,E,low,"Dupuis FIXT TYPE 2X2 = luminaire encastre 2x2 (dalle de plafond), 328 marks / 13 projets (ENL/RELO variants excluded). Size exact (2x2 lay-in) but lamp source/count NOT on label. NE 2025 has NO 2x2 troffer line at all: lay-in T-bar section p178-180 lists only 24""-wide 48""-long units (e.g. ""48"" 2 lamp L1@0.70 Ea 171.00 32.60 203.60""), PDF grep of p170-199 for 2x2 / 2 x 2 / U-lamp -> 0 hits; LED section p197 has only small round/square panel lights -> none (do not use a 2x4 price for a 2x2). NECA raw p353 (26 51 00 Interior Lighting): ""2-foot x 2-foot - LED 0.60 0.75 0.94 E"" taken as default (LED is the current spec); fluorescent alts same table ""2-foot x 2-foot - 2-Lamp - Fluorescent 0.60 0.75 0.94 E"", ""2-foot x 2-foot - 3-Lamp - Fluorescent 0.65 0.81 1.02 E""; parabolic p353 ""2-foot x 2-foot - 2-Lamp 0.80 1.00 1.25 E""; gypsum-ceiling recessed p354 ""2-foot x 2-foot - LED 1.00 1.25 1.56 E"" if not T-bar. Confirm against fixture schedule",,,2-foot x 2-foot - LED 0.60 0.75 0.94 E,item
11,HP RELO,,,none,,,,390,Sound Systems - Sound Generating Equipment: Speaker - Ceiling - Note: Includes Cutting Hole (relocation = remove + reinstall existing speaker; book has no relocation line),0.75,E,low,"Dupuis: haut-parleur relocalise (telecom_donnees, BASSE_TENSION_COMM; 366 occ / 23 projets; corpus HP RELO 136 marks / 12 projects + RELO HP 52 + relo hp 1; normalisation RELO HP -> HP RELO). Same device as HP (chunk earlier, NECA p390). Neither book has a speaker relocation / remove-and-reinstall line: NECA 26 05 05 Selective Demolition p123-125 covers utility poles, conductors, transformers, street lighting only; NECA p82 general exclusions list ""Removal and reinstalling devices, fixtures, covers, or similar items"" as NOT included; R/R = ""Remove and Relocate"" appears only in the abbreviations glossary p467. NE 2025: no sound-system speaker line and no relocation line (grep relocat -> prose p337/426/539 only) -> none. Given as reference the new-install NECA raw p390: ""Speaker - Ceiling - Note: Includes Cutting Hole 0.75 0.95 1.15 E"" (wall alternatives same page ""Speaker - Wall - Surface 0.50 0.65 0.75 E"", ""Speaker - Wall - Flush 0.75 0.95 1.15 E"") - relocation labor (removal + reinstall + rewiring) must be estimated by the estimator, not taken from the book; no new material (existing speaker reused). Low",,,Speaker - Ceiling - Note: Includes Cutting Hole 0.75 0.95 1.15 E,book
11,FIXT TYPE D3,,,none,,,,,none,,,none,"Plan legend type code only (Dupuis: luminaire type D3; 279 occ / 14 projets; corpus FIXT TYPE D3 188 marks / 8 projects) - no fixture spec (lamp/wattage/mount/size) on the label, so no National Estimator 2025 or NECA 2022 fixture line can be selected without inventing the type; needs the fixture schedule of each project (same treatment as FIXT TYPE A/B/C/D/E/E1/L1/L2/L3/L6 in chunks 0-4, L4/E2/I/H/B1/L10/D1 chunk-6, E3/L chunk-9)",,,,
11,FIXT TYPE L14,,,none,,,,,none,,,none,"Plan legend type code only (Dupuis: luminaire type L14 (famille L); 335 occ / 13 projets; corpus FIXT TYPE L14 180 marks / 9 projects + fixt type l14 4) - no fixture spec (lamp/wattage/mount/size) on the label, so no National Estimator 2025 or NECA 2022 fixture line can be selected without inventing the type; needs the fixture schedule of each project (same treatment as FIXT TYPE A/B/C/D/E/E1/L1/L2/L3/L6 in chunks 0-4, L4/E2/I/H/B1/L10/D1 chunk-6, E3/L chunk-9)",,,,
11,FIXT TYPE S3,,,none,,,,,none,,,none,"Plan legend type code only (Dupuis: luminaire type S3; 353 occ / 16 projets; corpus FIXT TYPE S3 183 marks / 9 projects) - no fixture spec (lamp/wattage/mount/size) on the label, so no National Estimator 2025 or NECA 2022 fixture line can be selected without inventing the type; needs the fixture schedule of each project (same treatment as FIXT TYPE A/B/C/D/E/E1/L1/L2/L3/L6 in chunks 0-4, L4/E2/I/H/B1/L10/D1 chunk-6, E3/L chunk-9)",,,,
11,INT DECT,,,none,,,,281,Occupancy Sensors: Automatic Wall Switch,0.35,E,medium,"Dupuis: interrupteur avec detecteur de mouvement (dispositif, BT; 299 occ / 36 projets; corpus INT DECT 183 marks / 22 projects + REV INT DECT 84, INT DECT PRESENCE 58, INT DECT PR 43) = wall-box occupancy/vacancy sensor switch. NECA raw p281 (26 09 00 Instrumentation and Control for Electrical Systems, Occupancy Sensors): ""Automatic Wall Switch 0.35 0.44 0.53 E"" (same line already used as companion row of DETECTEUR MOUVEMENT wall type); ceiling alternatives same page ""Ceiling Mounted Sensor 0.50 0.63 0.75 E"", ""Passive Infrared Occupancy Sensor 0.50 0.63 0.75 E""; add ""Intelligent Power Pack 0.75 0.94 1.13 E"" only if a power pack is specified. NE 2025: no occupancy / motion sensor switch line (PDF grep occupancy|motion|vacancy -> prose only p91/p367) -> none. Medium: PIR vs dual-tech, single vs dual relay, 120 vs 347 V not on label (hours identical in book); device only, box/wire not included",,,Automatic Wall Switch 0.35 0.44 0.53 E,note
11,DETECTEUR PRESENCE,,,none,,,,281,Occupancy Sensors: Ceiling Mounted Sensor,0.50,E,medium,"Dupuis: detecteur de presence (securite/mouvement) (categorie securite_incendie; 343 occ / 18 projets; corpus DETECTEUR PRESENCE 182 marks / 9 projects; related INT DECT PRESENCE 58). Read as lighting-control occupancy sensor (same family as DETECTEUR MOUVEMENT mapped earlier), not intrusion: NECA raw p281 (26 09 00 Occupancy Sensors): ""Ceiling Mounted Sensor 0.50 0.63 0.75 E""; same table ""Passive Infrared Occupancy Sensor 0.50 0.63 0.75 E"" (same hours), ""Automatic Wall Switch 0.35 0.44 0.53 E"" (wall-switch type), ""Intelligent Power Pack 0.75 0.94 1.13 E"" (add if line-voltage power pack). If the plan legend makes it an intrusion-alarm detector use NECA p409 (28 31 00 Intrusion Detection): ""Motion Detectors 0.80 1.00 1.20 E"" / ""Wireless Motion Detector 0.50 0.63 0.75 E"". NE 2025: no occupancy / motion sensor line (grep occupancy|motion|infrared -> prose only p367) -> none. Medium: ceiling vs wall and lighting vs security not on label; device only",,,Ceiling Mounted Sensor 0.50 0.63 0.75 E,note
11,DD,,,none,,,,,none,,,none,"Dupuis dictionary: categorie indetermine, sous_type ""abreviation non resolue"" (218 occ / 16 projets; corpus DD 182 marks / 11 projects; census variants MODULE DD 84, DD PRISE 25, DD INT 15, DD PLAF 10, DD TEL 4, DD GFI 3 suggest DD is a prefix/modifier applied to devices, not a product). No physical item identifiable -> no National Estimator 2025 or NECA 2022 line can be selected without inventing the meaning (same treatment as RA chunk-8, MIA/MRA chunk-9, DM earlier). Resolve with Dupuis / plan legends before pricing",,,,
11,FIXT TYPE L11,,,none,,,,,none,,,none,"Plan legend type code only (Dupuis: luminaire type L11 (famille L); 296 occ / 23 projets; corpus FIXT TYPE L11 178 marks / 13 projects) - no fixture spec (lamp/wattage/mount/size) on the label, so no National Estimator 2025 or NECA 2022 fixture line can be selected without inventing the type; needs the fixture schedule of each project (same treatment as FIXT TYPE A/B/C/D/E/E1/L1/L2/L3/L6 in chunks 0-4, L4/E2/I/H/B1/L10/D1 chunk-6, E3/L chunk-9)",,,,
11,DV,,,none,,,,,none,,,none,"Dupuis dictionary: categorie indetermine, sous_type ""abreviation non resolue"" (201 occ / 8 projets; corpus DV 177 marks / 7 projects; census variant MODULE DV 84 marks / 2 projects, paired with MODULE DD in the same projects). No physical item identifiable -> no National Estimator 2025 or NECA 2022 line can be selected without inventing the meaning (same treatment as DD this chunk, RA chunk-8, MIA/MRA chunk-9). Resolve with Dupuis / plan legends before pricing",,,,
11,DETECTEUR MOUV,,,none,,,,281,Occupancy Sensors: Ceiling Mounted Sensor,0.50,E,medium,"Dupuis: detecteur de mouvement (securite) (categorie securite_incendie; 366 occ / 27 projets; corpus DETECTEUR MOUV 145 marks / 13 projects + DECT MOUVEMENT 31 + DETECTEUR MOUV A 37; normalisation DECT MOUVEMENT -> DETECTEUR MOUV) = abbreviation of DETECTEUR MOUVEMENT (791 marks, mapped earlier to NECA p281) - same rows reused. NECA raw p281 (26 09 00 Occupancy Sensors): ""Ceiling Mounted Sensor 0.50 0.63 0.75 E""; ""Passive Infrared Occupancy Sensor 0.50 0.63 0.75 E"" (same hours); wall-switch type ""Automatic Wall Switch 0.35 0.44 0.53 E""; ""Intelligent Power Pack 0.75 0.94 1.13 E"" if power pack. If intrusion-alarm detector per legend: NECA raw p409 (28 31 00): ""Motion Detectors 0.80 1.00 1.20 E"", ""Wireless Motion Detector 0.50 0.63 0.75 E"". NE 2025: no occupancy / motion detector line (index ""Motion detectors 366"" points to prose p367 Intrusion Detectors, no priced line) -> none. Medium: lighting-control vs security and ceiling vs wall not on label; device only",,,Ceiling Mounted Sensor 0.50 0.63 0.75 E,note
11,FIXT TYPE K,,,none,,,,,none,,,none,"Plan legend type code only (Dupuis: luminaire type K; 331 occ / 39 projets; corpus FIXT TYPE K 150 marks / 20 projects + TYPE K 13, Type K 11, fixt type k 2) - no fixture spec (lamp/wattage/mount/size) on the label, so no National Estimator 2025 or NECA 2022 fixture line can be selected without inventing the type; needs the fixture schedule of each project (same treatment as FIXT TYPE A/B/C/D/E/E1/L1/L2/L3/L6 in chunks 0-4, L4/E2/I/H/B1/L10/D1 chunk-6, E3/L chunk-9)",,,,
11,FIXT TYPE M,,,none,,,,,none,,,none,"Plan legend type code only (Dupuis: luminaire type M (selon legende); 288 occ / 33 projets; corpus FIXT TYPE M 116 marks / 19 projects + TYPE M 20, fixt type m 20, Type M 18) - no fixture spec (lamp/wattage/mount/size) on the label, so no National Estimator 2025 or NECA 2022 fixture line can be selected without inventing the type; needs the fixture schedule of each project (same treatment as FIXT TYPE A/B/C/D/E/E1/L1/L2/L3/L6 in chunks 0-4, L4/E2/I/H/B1/L10/D1 chunk-6, E3/L chunk-9)",,,,
12,HDMI,,,none,,,,383,Work Area Terminations: RCA Module || raw: RCA Module 0.50 0.65 0.75 E,0.50,E,low,"Dupuis HDMI = sortie HDMI (signal video), telecom_donnees, 172 marks / 7 projets (variant HDMI 12 ETA). Neither book has an HDMI line (PDF grep ""HDMI"" -> 0 hits in NE 2025 and NECA 2022). NE 2025: no AV wall-outlet line at all (only telephone plates p264, coax cable per KLF p527) -> none. NECA raw p383 (27 15 00 Work Area Terminations): ""RCA Module 0.50 0.65 0.75 E"" taken as the nearest snap-in AV module proxy (an HDMI keystone module is a pass-through coupler, no field termination); alts same page ""Blank Module 0.10 0.13 0.15 E"", ""1 Gang Face Plate 0.10 0.13 0.15 E""; theatrical p392 ""I/O Plates Per Connection 0.25 0.30 0.38 E"". Pre-made HDMI cable, box and conduit not included. Proxy only -> low",,,RCA Module 0.50 0.65 0.75 E,item
12,BORNE DE RECHARGE,,,none,,,,41,Wall Mount Electric Vehicle Supply Equipment (EVSE): 40/2 AMP 2 Pole Unit || raw: 40/2 AMP 2 Pole Unit 2.00 2.50 3.10 E,2.00,E,low,"Dupuis BORNE DE RECHARGE = borne de recharge pour vehicule electrique (EVSE), categorie autre, 169 marks (BORNE RECHARGE 126 + BORNE DE RECHARGE 43, fusion per normalisation.json; variants DOUBLE 12, RAPIDE 10, 50A 120/208V 3, FUTURE 4, FPA 4 excluded; bare BORNE 86 = type incertain, separate). Amperage and mounting (wall/pedestal) not on label. NE 2025 has NO EVSE line (grep EVSE / electric vehicle / charg -> 0 product hits) -> none. NECA raw p41 (11 11 00 Vehicle Service Equipment, wall mount): ""40/2 AMP 2 Pole Unit 2.00 2.50 3.10 E"" taken as default Level 2 unit; same table ""30 AMP 2 Pole Unit 1.50 1.90 2.40 E"", ""70/2 AMP 2 Pole Unit 2.50 3.10 3.80 E""; pedestal p41 ""30 AMP 2 Pole Unit 3.00 3.80 4.70 E"", ""70/2 AMP 2 Pole Unit 4.00 5.00 6.25 E""; ceiling p41 ""30 AMP 2 Pole Unit 2.50 3.00 4.00 E"", ""40/2 AMP 2 Pole Unit 3.00 3.80 4.70 E"". NECA notes: factory warranty requires certified installers; branch wiring not included; pedestal base not included. Amperage unknown -> low",,,40/2 AMP 2 Pole Unit 2.00 2.50 3.10 E,item
12,FIXT TYPE X1,,,none,,,,,none,,,none,"Plan legend type code only (Dupuis: luminaire type X1, 169 marks / 5 projets; variants X1 39, TYPE X1 N 10, XA1 21, XB1 30 separate) - no fixture spec (size/lamp/mount) so no book line can be selected; needs the fixture schedule of each project (same rule as FIXT TYPE L1 chunk-1)",,,,
12,MODULE ADRESSABLE,,,none,,,,410,Fire Alarm Initiating Devices: Addressable Point ID Module || raw: Addressable Point ID Module 0.60 0.75 0.94 E,0.60,E,medium,"Dupuis MODULE ADRESSABLE = module adressable (boucle d alarme incendie), securite_incendie, 167 marks / 5 projets (variants MODULE ADRESSABLE CONTACT 7, Module Adressable de Transmission 6, MODULE ADRESS SUPERVISION 3, HOTTE 1 = field monitor/control modules on the SLC loop; categories.json note: could also be an addressable lighting-control module). NE 2025 has no fire-alarm system module line (grep addressable / monitor module / control module -> 0) -> none. NECA raw p410 (28 46 00 Fire Detection and Alarm): ""Addressable Point ID Module 0.60 0.75 0.94 E"" = field addressable monitor module (chosen: matches the CONTACT/SUPERVISION/HOTTE variants); alts same page ""Addressable Control Relay 0.75 1.00 1.25 E"" (field control/relay module), panel-mounted ""Addressable Modules 1.00 1.25 1.50 E"" (Modules Mounted in Control Panel table); lighting-control alt p395 ""Relay Module - Lighting Control 0.50 0.63 0.78 E"". Monitor vs control not on label -> medium. Box, SLC wiring, programming not included",,,Addressable Point ID Module 0.60 0.75 0.94 E,item
12,DETECTEUR COMBUSTION,,,none,,,,410,Fire Alarm Initiating Devices: Detector Base || raw: Detector Base 0.65 0.81 1.02 E,0.65,E,low,"Dupuis DETECTEUR COMBUSTION = detecteur de combustion (CO/gaz), securite_incendie, 165 marks / 4 projets (spelling variants Detecteur Combustion 17, detecteur combustion 14). Neither book has a CO or combustion-gas detector line (PDF grep monoxide / CO detector / gas detector / combustion -> 0 product hits; NECA p345 ""Gas Detection Head N4X 1.80 2.25 2.70 E"" is a hydrogen detector for UPS/battery rooms, different device, not used). NE 2025 -> none (smoke/heat detectors only p372). NECA p410 prices any fire-alarm system detector as base + head: raw ""Detector Base 0.65 0.81 1.02 E"" plus ""Detector Head 0.20 0.25 0.31 E"" = 0.85 h, taken as the installation proxy for a system CO/gas detector head on a base (addressable identical ""Addressable Base 0.65"", ""Addressable Head 0.20""). Stand-alone 120 V CO alarm would follow NE p372 ""Continuous red LED L1@0.50 Ea 12.50 23.30 35.80"" (smoke) as labor proxy only. Proxy -> low; system type and CO vs gas not on label",,,Detector Base 0.65 0.81 1.02 E,item
12,DETECTEUR COMBUSTION,,,none,,,,410,Fire Alarm Initiating Devices: Detector Head || raw: Detector Head 0.20 0.25 0.31 E,0.20,E,low,Companion row: NECA Detector Head 0.20 h to add to Detector Base 0.65 h (p410) for a system CO/gas detector (same convention as DETECTEUR A FUMER chunk-10). NE 2025 -> none,,,Detector Head 0.20 0.25 0.31 E,item
12,S,,,none,,,,,none,,,none,"Dupuis S = lettre seule, sens incertain, categorie indetermine, 165 marks / 28 projets (S 155 + s 10); categories.json hypotheses: interrupteur (S = switch) or luminaire type S (cf. FIXT TYPE S1/S2). No device type can be fixed from the label, so no book line is selected. Candidates if resolved per project: switch -> NE p225 ""Single pole, ivory L1@0.20 Ea 2.12 9.32 11.44"" (15 A 120/277 V spec-grade) and NECA p320 ""1-Pole 15 Amp 20.00 25.00 30.00 C"" (same lines as INT row chunk-0); fixture type S -> none (plan legend code, needs fixture schedule)",,,,
12,1/2 EMT 3#12,ENS0F6D73D2173137FF0,448,"1/2"" EMT Conduit Assemblies: 100' 1/2"" EMT conduit, 2 set screw connectors, 9 set screw couplings and 9 one-hole straps 3 #12THHN, solid || raw: 3 #12THHN, solid L1@6.17 CLF 95.20 287.00 382.20",95.20,6.17,CLF,202,Electrical Metallic Tubing (EMT): 1/2-inch || raw: 1/2-inch 4.50 5.60 6.70 C,4.50,C,high,"Dupuis conduit spec ""1/2 3c12"" = 1/2 in EMT with 3 x #12 conductors (conduits-spec.csv: most frequent spec, 160 occurrences, 2,500,732 px total length); EE ensemble ENS0F6D73D2173137FF0 ""conduit 1/2 03c12"" (key 19PE0.5 #12). Exact match. NE raw p448 (conduit assemblies, per 100 ft incl. 2 connectors, 9 couplings, 9 straps, 3 wires): ""3 #12THHN, solid L1@6.17 CLF 95.20 287.00 382.20"" (stranded alt same page ""3 #12THHN, stranded L1@6.17 CLF 85.10 287.00 372.10""). NECA prices raceway and wire separately: raw p202 ""1/2-inch 4.50 5.60 6.70 C"" (EMT per 100 ft, note ""Add 10% for colored conduit""; fittings/straps extra) + 3 x raw p150 ""#12 6.00 7.50 9.00 M"" (THHN/THWN 1/C per 1000 ft = 0.6 h/100 ft per conductor -> 1.8 h/100 ft for 3) = 6.30 h per 100 ft total, see companion row. Boxes, terminations, bends not included","3 #12THHN, solid L1@6.17 CLF 95.20 287.00 382.20",item,1/2-inch 4.50 5.60 6.70 C,item
12,1/2 EMT 3#12,ENS0F6D73D2173137FF0,,none,,,,150,600 Volt Bldg Wire-1/C-Copper Type THHN & THWN: #12 || raw: #12 6.00 7.50 9.00 M,6.00,M,high,"Companion row: NECA #12 THHN/THWN copper 6.00 h per 1000 ft (p150), x 3 conductors, to add to EMT 1/2-inch 4.50 h/100 ft (p202). Note p150: reduce labor 10% with factory-lubricated wire. NE side already bundled in the p448 assembly line -> none here",,,#12 6.00 7.50 9.00 M,item
12,SORTIE TV,,,none,,,,383,Work Area Terminations: Type F Modular Jack || raw: Type F Modular Jack 0.20 0.25 0.30 E,0.20,E,medium,"Dupuis SORTIE TV = sortie coaxiale pour televiseur, telecom_donnees, 159 marks / 13 projets (same device as TV family chunk-4 and B TV). NE 2025 has no TV/coax wall outlet line (only coax cable per KLF p527 e.g. ""6/U 18 AWG, solid L2@7.00 KLF 594.00 326.00 920.00""; telephone plates only p264) -> none. NECA raw p383 (27 15 00 Work Area Terminations): ""Type F Modular Jack 0.20 0.25 0.30 E"" (exact device class = F-type coax outlet module) + ""1 Gang Face Plate 0.10 0.13 0.15 E"" same page = 0.30 h; equivalent connector line used in TV row p382 ""Coax Type F Connector 0.20 0.25 0.30 E"" (same 0.20 h). Box, RG6 cable (p379 ""RG 6/U 8.00 10.00 12.00 M"" in conduit) and head-end (p392 ""Splitter 0.50 0.65 0.75 E"") not included. Device exact, cable type unknown -> medium",,,Type F Modular Jack 0.20 0.25 0.30 E,item
12,FIXT TYPE X,,,none,,,,,none,,,none,"Plan legend type code only (Dupuis: luminaire type X, 158 marks / 7 projets; variants Type X 14, TYPE X 4, X2 16 etc. separate) - no fixture spec so no book line can be selected; needs the fixture schedule of each project. Caution: in some Quebec legends type X designates the exit sign, NOT confirmed by the Dupuis dictionary (says luminaire type X); if the schedule confirms, use ENSEIGNE SORTIE rows (chunk-1: NE p172 ""Ceiling mounted, red L1@0.50 Ea 43.60 23.30 66.90"", NECA p360 ""Surface Mount - Standard or LED 1.00 1.25 1.56 E"")",,,,
12,FIXT TYPE C3,,,none,,,,,none,,,none,"Plan legend type code only (Dupuis: luminaire type C3, 157 marks / 6 projets; variant FIXT TYPE C3 303 1) - no fixture spec so no book line can be selected; needs the fixture schedule of each project",,,,
12,FIXT TYPE F1,,,none,,,,,none,,,none,"Plan legend type code only (Dupuis: luminaire type F1, 154 marks / 7 projets, ""variante de la famille F, type distinct au catalogue""; variants F1 EXTERIEUR 19, F1 6T 1, F12 11, F16 2 separate) - no fixture spec so no book line can be selected; needs the fixture schedule of each project",,,,
12,B PRISE,,240,"15 amp, 125 volt, back & side wired, corrosion resistant, commercial grade, NEMA 5-15R Ivory || raw: Ivory L1@0.20 Ea 1.05 9.32 10.37",1.05,0.20,Ea,318,Duplex Receptacle - Straight Blade: 15 Amp 3 Wire || raw: 15 Amp 3 Wire 25.00 31.25 37.50 C,25.00,C,low,"Dupuis B PRISE = prise, variante/serie B, dispositif BT, 153 marks / 6 projets (""prefixe B incertain, mais PRISE confirme un receptacle""; variants BB PRISE 20, B PRISE GFI 13, B PRISE 20A 3 excluded). Prefix B (circuit/panel/series letter) carries no spec -> same lines as generic PRISE row (chunk-0): 15 A 125 V duplex assumed. NE raw p240: ""Ivory L1@0.20 Ea 1.05 9.32 10.37"" (commercial grade; spec-grade alt same page ""Ivory L1@0.20 Ea 2.83 9.32 12.15""). NECA raw p318: ""15 Amp 3 Wire 25.00 31.25 37.50 C"" = 0.25 h each (GFI variant ""15 Amp GFCI or AFCI 30.00 37.50 45.00 C""; 20 A duplex ""20 Amp 3 Wire 30.00 37.50 45.00 C"" same page). Amperage/grade not on label -> low. Device only, box/plate/wire not included",Ivory L1@0.20 Ea 1.05 9.32 10.37,item,15 Amp 3 Wire 25.00 31.25 37.50 C,item
13,FIXT TYPE N,,,none,,,,,none,,,none,"Plan legend type code only (Dupuis: luminaire type N; 278 occ / 25 projets; corpus 152 marks, variants N / n) - no fixture spec (lamp/wattage/mount/size) on the label, so no National Estimator 2025 or NECA 2022 fixture line can be selected without inventing the type; needs the fixture schedule of each project (same treatment as FIXT TYPE A/B/C/D/E/E1/L1/L2/L3/L6 chunks 0-4, L4/E2/I/H/B1/L10/D1 chunk-6, E3/L chunk-9, K/M chunk-11)",,,,
13,MINI KLAXON,,369,"Sirens and Horns: Horns, AC 24 VAC, grille || raw: 24 VAC, grille L1@0.40 Ea 73.00 18.60 91.60",73.00,0.40,Ea,409,Security Systems - Signaling Devices: Horn - Indoor || raw: Horn - Indoor 0.60 0.75 0.90 E,0.60,E,low,"Dupuis: mini-klaxon (avertisseur sonore d'alarme), categorie securite_incendie (226 occ / 8 projets; corpus MINI KLAXON 93 + mini klaxon 51 + KLAXON MINIATURE 23 marks). Neither book has a 'mini' horn line: NE 2025 p369 Sirens and Horns (24 VAC flush 81.80/0.35, projector 86.20/0.40, grille 73.00/0.40, weatherproof 97.50/0.40; 120 VAC same hours); NECA 2022 fire-alarm signaling table p410 lists Bell/Strobe/Chime/Speaker only, no horn - the only horn lines are p409 Security Systems 'Horn - Indoor 0.60' / 'Horn - Outdoor 0.80' and p390 Sound Systems 'Horn 0.50'. Same rows as KLAXON chunk-1 reused; voltage (24 VDC FA circuit vs 24 VAC) and mount not on label -> low","24 VAC, grille L1@0.40 Ea 73.00 18.60 91.60",item,Horn - Indoor 0.60 0.75 0.90 E,item
13,FIXT TYPE E5,,,none,,,,,none,,,none,"Plan legend type code only (Dupuis: luminaire type E5; 236 occ / 10 projets; corpus 143 marks) - no fixture spec (lamp/wattage/mount/size) on the label, so no National Estimator 2025 or NECA 2022 fixture line can be selected without inventing the type; needs the fixture schedule of each project (same treatment as FIXT TYPE A/B/C/D/E/E1/L1/L2/L3/L6 chunks 0-4, L4/E2/I/H/B1/L10/D1 chunk-6, E3/L chunk-9, K/M chunk-11)",,,,
13,B,,,none,,,,,none,,,none,"Dupuis dictionary: categorie indetermine, sous_type 'lettre seule, sens incertain' (229 occ / 21 projets; corpus B 142 marks / 11 projects, variants B / b). Single letter = plan legend key (fixture type B? panel B? zone B?) - no physical item identifiable, so no National Estimator 2025 or NECA 2022 line can be selected without inventing the meaning (same treatment as DD/DV chunk-11, RA chunk-8, MIA/MRA chunk-9). Resolve with plan legend before pricing",,,,
13,FIXT TYPE C2,,,none,,,,,none,,,none,"Plan legend type code only (Dupuis: luminaire type C2; 276 occ / 25 projets; corpus 142 marks) - no fixture spec (lamp/wattage/mount/size) on the label, so no National Estimator 2025 or NECA 2022 fixture line can be selected without inventing the type; needs the fixture schedule of each project (same treatment as FIXT TYPE A/B/C/D/E/E1/L1/L2/L3/L6 chunks 0-4, L4/E2/I/H/B1/L10/D1 chunk-6, E3/L chunk-9, K/M chunk-11)",,,,
13,PANN,,,none,,,,,none,,,none,"Dupuis: panneau electrique de distribution, categorie distribution (282 occ / 8 projets; corpus PANN 141 marks / 4 projects; census variants PANN BEL 188 / PANN BELL 28 / PANN 100A 120/240V 40CCTC/A MAIN DISJ 72 / Panneau 192). Bare label carries no amperage, voltage, pole count, main breaker or mounting - both books price panelboards on exactly those axes: NE 2025 p325-328 (e.g. raw p325 'Indoor 120/240 volt C.B. panelboards (NQO) with plug-in breakers to 60 amps... 125A 8 poles L1@3.40 Ea 927.00 158.00 1,085.00' up to '400A 42 poles L1@15.6 Ea 1,940.00 727.00 2,667.00'; NQOB p326 '100A 8 poles L1@3.40 Ea 1,390.00 158.00 1,548.00'), NECA 2022 p290-292 Panelboard Empty Enclosure - Interior and Cover Mounting Labor (surface/recessed, by amps and dimensions) + p293 per-breaker termination tables. Picking one line would be inventing the spec -> none; price from each project's panel schedule (the single census variant 100A 120/240V 40 cct main breaker would map to NE p325-326 NQO/NQOB 100A-125A 40 poles once the row is confirmed)",,,,
13,PP,,,none,,,,,none,,,none,"Dupuis dictionary: categorie indetermine, sous_type 'sigle de 2 lettres, sens incertain' (270 occ / 18 projets; corpus PP 141 marks / 10 projects). Could be panneau de puissance, power pack, point de puissance, prise plancher... no physical item identifiable -> no National Estimator 2025 or NECA 2022 line without inventing the meaning (same treatment as DD/DV chunk-11, RA chunk-8, MIA/MRA chunk-9). Resolve with Dupuis / plan legends before pricing",,,,
13,PRISE IG,,243,"Duplex Receptacles: 20 amp, 125 volt, back & side wired, isolated ground, NEMA 5-20R Ivory || raw: Ivory L1@0.20 Ea 11.70 9.32 21.02",11.70,0.20,Ea,318,Duplex Receptacle - Straight Blade: 20 Amp 3 Wire || raw: 20 Amp 3 Wire 30.00 37.50 45.00 C,30.00,C,medium,"Dupuis: prise avec mise a la terre isolee (IG), categorie dispositif (280 occ / 22 projets; corpus PRISE IG 140 marks / 11 projects + JC PRISE IG 50). NE 2025 has explicit isolated-ground duplex lines: p243 20A NEMA 5-20R IG Brown/Ivory/White 11.70, Orange 18.10 (0.20 h); p238 15A NEMA 5-15R IG Orange 26.50 (0.20 h) (raw 'Orange L1@0.20 Ea 26.50 9.32 35.82'); hospital-grade IG+surge p241/p243/p244 22.60-40.40. NECA 2022 has no isolated-ground receptacle line (only p226 Wiremold '25TP4D Isolated Ground Pole 1.25 E'), so generic p318 Duplex 20 Amp 3 Wire 30.00 C (15 Amp 3 Wire 25.00 C) is used. Medium: IG confirmed by label, but amperage (15 vs 20) and color not on label - confirm per project",Ivory L1@0.20 Ea 11.70 9.32 21.02,item,20 Amp 3 Wire 30.00 37.50 45.00 C,item
13,PRISE IG,,238,"Single Receptacles: 15 amp, 125 volt, isolated ground, NEMA 5-15R Orange || raw: Orange L1@0.20 Ea 26.50 9.32 35.82",26.50,0.20,Ea,318,Duplex Receptacle - Straight Blade: 15 Amp 3 Wire || raw: 15 Amp 3 Wire 25.00 31.25 37.50 C,25.00,C,medium,15A alternative for PRISE IG (see 20A row above). NE p238 is the only 15A isolated-ground line without surge suppressor (NE lists it under Single Receptacles heading). NECA: no IG line -> generic 15 Amp 3 Wire duplex p318,Orange L1@0.20 Ea 26.50 9.32 35.82,item,15 Amp 3 Wire 25.00 31.25 37.50 C,item
13,FIXT TYPE P1,,,none,,,,,none,,,none,"Plan legend type code only (Dupuis: luminaire type P1 (selon legende); 262 occ / 13 projets; corpus 135 marks) - no fixture spec (lamp/wattage/mount/size) on the label, so no National Estimator 2025 or NECA 2022 fixture line can be selected without inventing the type; needs the fixture schedule of each project (same treatment as FIXT TYPE A/B/C/D/E/E1/L1/L2/L3/L6 chunks 0-4, L4/E2/I/H/B1/L10/D1 chunk-6, E3/L chunk-9, K/M chunk-11)",,,,
13,CONTACT PORTE,,372,Detectors: Intrusion detectors Door switch || raw: Door switch L1@0.25 Ea 10.60 11.60 22.20,10.60,0.25,Ea,409,"Security Systems - Detection Devices: Magnetic Switch - Note: Includes drilling, mounting and termination || raw: Magnetic Switch - Note: Includes drilling, mounting and termination 0.75 0.95 1.15 E",0.75,E,medium,"Dupuis: contact de porte (alarme/intrusion), categorie securite_incendie (175 occ / 26 projets; corpus CONTACT PORTE 133 marks / 16 projects + SEC CONTACT PORTE 50 + ACC CONTACT PORTE 32). NE 2025 p372 Intrusion detectors: 'Door switch L1@0.25 Ea 10.60 11.60 22.20' and 'Door switch, closed cir. L1@0.40 Ea 10.80 18.60 29.40' (closed-circuit = supervised NC contact, 0.40 h). NECA 2022 p409 Security Systems: 'Magnetic Switch 0.75 E' (door contact), 'Overhead Door Contact 1.00 1.25 1.50 E' for garage/overhead doors, 'Wireless Door Contact 0.50 0.63 0.75 E'. Medium: device type confirmed, but recessed vs surface, NC/NO, overhead vs swing door not on label; if the label is an access-control door contact (ACC CONTACT PORTE) the same lines apply",Door switch L1@0.25 Ea 10.60 11.60 22.20,item,"Magnetic Switch - Note: Includes drilling, mounting and termination 0.75 0.95 1.15 E",item
13,TRIAC,,230,"Switches: Dimmer switches, incandescent with decorative wallplate, 120 volt 600W, slide on/off, ivory || raw: 600W, slide on/off, ivory L1@0.25 Ea 12.90 11.60 24.50",12.90,0.25,Ea,280,Lighting Control Systems (Lutron): Dimming Power Module for Dimming Ballasts || raw: Dimming Power Module for Dimming Ballasts 0.80 1.00 1.25 E,0.80,E,low,"Dupuis: module de gradation (relais triac), categorie dispositif (171 occ / 19 projets; corpus TRIAC 133 marks / 14 projects + Relais Triac 37). Neither book has a 'triac' line. If the mark is a triac dimming/relay module in a lighting-control panel: NECA 2022 p280 Lighting Control Systems 'Dimming Power Module for Dimming Ballasts 0.80 E' (alt 'Bus Supply Module 0.80', 'Power Pack 120/277V-24V 0.50'), p281 Dimming Control Panels by relay count (24 relay 8.00 E ... 144 relay 18.00 E); NE 2025 has no lighting-control module line -> NE material given here is the only triac-based device NE prices (wall dimmer 600W p230, 12.90/0.25; NECA wall dimmer p320 '1-Pole 600 Watt 0.40 0.50 0.60 E'). Low: module vs wall dimmer, wattage and channel count unknown - confirm with lighting-control shop drawings before pricing","600W, slide on/off, ivory L1@0.25 Ea 12.90 11.60 24.50",item,Dimming Power Module for Dimming Ballasts 0.80 1.00 1.25 E,item
13,FIXT TYPE N1,,,none,,,,,none,,,none,"Plan legend type code only (Dupuis: luminaire type N1; 246 occ / 12 projets; corpus 131 marks) - no fixture spec (lamp/wattage/mount/size) on the label, so no National Estimator 2025 or NECA 2022 fixture line can be selected without inventing the type; needs the fixture schedule of each project (same treatment as FIXT TYPE A/B/C/D/E/E1/L1/L2/L3/L6 chunks 0-4, L4/E2/I/H/B1/L10/D1 chunk-6, E3/L chunk-9, K/M chunk-11)",,,,
14,FIXT TYPE R,,,none,,,,,none,,,none,"Plan legend type code only (Dupuis: luminaire type R; 211 occ / 16 projets; corpus 130 marks / 9 projects) - no fixture spec (lamp/wattage/mount/size) on the label, so no National Estimator 2025 or NECA 2022 fixture line can be selected without inventing the type; needs the fixture schedule of each project (same treatment as FIXT TYPE A/B/C/D/E/E1/L1/L2/L3/L6 chunks 0-4, L4/E2/I/H/B1/L10/D1 chunk-6, E3/L chunk-9, K/M chunk-11, N/P1/N1 chunk-13)",,,,
14,VC,,,none,,,,,none,,,none,"Dupuis dictionary: categorie indetermine, sous_type 'abreviation non resolue' (229 occ / 17 projets; corpus VC 129 marks / 11 projects; no variants, no EE code). Could be ventilateur/climatiseur, vanne de controle, valve de commande... no physical item identifiable -> no National Estimator 2025 or NECA 2022 line without inventing the meaning (same treatment as DD/DV chunk-11, PP chunk-13). Resolve per project from the plan legend",,,,
14,PULL BOX,,,none,,,,,none,,,none,"Dupuis: boite de tirage (pull box), categorie distribution (222 occ / 8 projets; corpus PULL BOX 128 marks / 5 projects; sized variants exist separately: PULL BOX 24X24X6 14 marks / 1 project, PC21 PULL BOX 52171 8 marks = Iberville 52171 4-inch square box). Bare label carries no size, NEMA type or cover type, and both books price pull boxes only by exact dimensions: NE 2025 p147-148 Sheet Metal Pull Boxes NEMA 1 screw cover (e.g. raw ""6 x 6 x 4 L1@0.35 Ea 31.80 16.30 48.10"", ""8 x 8 x 4 L1@0.45 Ea 43.20 21.00 64.20"", ""12 x 12 x 4 L1@0.55 Ea 73.60 25.60 99.20"", p148 ""24 x 24 x 6 L1@1.00 Ea 298.00 46.60 344.60""; hinged/NEMA 3R alts p148-149); NECA 2022 p218 NEMA 1 Screw Cover J-Boxes & Pull Boxes with Knockouts (raw ""6-inch x 6-inch x 4-inch 1.00 1.25 1.50 E"", ""8-inch x 8-inch x 4-inch 1.10 1.35 1.80 E"", ""12-inch x 12-inch x 4-inch 1.25 1.60 2.15 E"", ""24-inch x 24-inch x 6-inch 2.75 3.50 4.00 E""; NEMA 3R/12/4 alts same page). Material spread 31.80 -> 298.00 USD across sizes, so no default without inventing the size -> none; use the sized BOITE rows (chunk with EE LQE004733/LQE004735/LQE008444/LQE011273/LQE010549) once the plan gives dimensions",,,,
14,WF1500W,,,none,,,,78,125 Volt and 250 Volt Unit Heaters with Blowers Including Hanger Mounting Brackets: 1 to 2 KW || raw: 1 to 2 KW 2.00 2.50 3.00 E,2.00,E,low,"Dupuis dictionary tags WF1500W as 'luminaire type WF, 1500W (probable)' (158 occ / 8 projets; corpus WF1500W 127 marks / 4 projects + wf1500w 1). FLAG: census evidence contradicts the luminaire reading - the WF family runs 400W to 8KW with variants 'WF1500W 240V', 'WF3000W 347V', 'WF 1500 C/A TH' (complet avec thermostat), 'WF3kw347V SURF C/A TH' (surface, avec thermostat), 'WF 4000W 347V C/A TH' = Quebec electric heating nomenclature (aeroconvecteur / wall fan heater, e.g. Stelpro ARWF family), not a light fixture; letter prefixes A..Z WF1000W-WF2000W are heater type codes. Treated here as a 1500 W fan-forced electric heater; voltage (240 vs 347 V), mounting (encastre/surface) and integral thermostat not on the bare label. NE 2025: no electric wall/fan heater line (grep heater -> only p380-381 equipment hookups 'Duct heaters', 'Unit heaters, small L1@2.00 Ea 86.10 93.20 179.30' = hookup only, not the heater) -> none. NECA 2022 p78 (23 83 00): no 1500 W wall heater line - 'Electric 120 Volt Wall Heaters' brackets it (raw '1400 Watt 1.50 1.75 2.10 E', '1600 Watt 1.75 1.88 2.25 E'), 'Electric 240 Volt Wall Heaters' starts at raw '2500 Watt 2.00 2.25 2.70 E'; the only range that contains 1500 W without interpolation is the unit-heater-with-blower line raw '1 to 2 KW 2.00 2.50 3.00 E' -> taken, low. If the plan shows a recessed wall heater, use the 1400/1600 W wall-heater bracket instead. Dictionary category should be corrected to chauffage",,,1 to 2 KW 2.00 2.50 3.00 E,item
14,FIXT TYPE L15,,,none,,,,,none,,,none,"Plan legend type code only (Dupuis: luminaire type L15 (famille L); 252 occ / 10 projets; corpus 126 marks / 5 projects) - no fixture spec (lamp/wattage/mount/size) on the label, so no National Estimator 2025 or NECA 2022 fixture line can be selected without inventing the type; needs the fixture schedule of each project (same treatment as FIXT TYPE A/B/C/D/E/E1/L1/L2/L3/L6 chunks 0-4, L4/E2/I/H/B1/L10/D1 chunk-6, E3/L chunk-9, K/M chunk-11, N/P1/N1 chunk-13)",,,,
14,K,,,none,,,,,none,,,none,"Dupuis dictionary: categorie indetermine, sous_type 'abreviation non resolue', variante K1 (248 occ / 17 projets; corpus K 62 + k1 55 + K1 8 + k 1 = 126 marks / 8 projects; normalisation K1 -> K). Distinct from FIXT TYPE K (chunk-11, 'TYPE K' variants are normalised to FIXT TYPE K, bare K is not). No physical item identifiable -> no National Estimator 2025 or NECA 2022 line without inventing the meaning (same treatment as DD/DV chunk-11, PP chunk-13, VC this chunk). Resolve per project from the plan legend",,,,
14,TEL POMPIER,,,none,,,,410,Fire Alarm - Signaling: Fire Fighters Phone || raw: Fire Fighters Phone 1.25 1.60 2.00 E,1.25,E,medium,"Dupuis: telephone d'intervention pompier (fire fighters' telephone station, voice fire alarm system), categorie securite_incendie, BASSE_TENSION_COMM (246 occ / 9 projets; corpus TEL POMPIER 124 marks / 5 projects). NE 2025 has no fire alarm section at all (grep fire/firefighter -> 0 lines in CSV and 0 pages in PDF; Signal Systems p371-373 = dome lights, push buttons, transformers, clocks, smoke/heat detectors, intrusion) -> none. NECA 2022 p410 (28 46 00 Fire Detection and Alarm) exact device: raw 'Fire Fighters Phone 1.25 1.60 2.00 E' (handset station); if the plan symbol is a jack-only station use same page raw 'Fire Fighters Jack 0.50 0.75 1.00 E'; panel-side module raw 'Master Firefighter Telephone 2.00 2.50 3.00 E' and 'Voice Telephone Command 2.00 2.50 3.00 E' are separate (Addressable Control Panels - Modules Mounted in Control Panel). Device only; box, back box, conduit and cable separate. Medium because NECA exact but NE none and handset vs jack not on label",,,Fire Fighters Phone 1.25 1.60 2.00 E,item
14,RELAIS ADRESSABLE,,,none,,,,410,Fire Alarm - Miscellaneous Devices: Addressable Control Relay || raw: Addressable Control Relay 0.75 1.00 1.25 E,0.75,E,medium,"Dupuis: relais adressable (systeme d'alarme incendie), categorie securite_incendie (128 occ / 9 projets; corpus RELAIS ADRESSABLE 117 + Relais Adressable 6 + relais adressable 1 = 124 marks / 3 projects). Distinct from bare RELAIS (earlier chunk, NECA p383 plug-in relay) and MODULE ADRESSABLE. NE 2025: no addressable fire alarm device and no stand-alone relay line (grep addressab -> 0; relay -> only motor starter overload relays p385-410) -> none. NECA 2022 p410 exact device: raw 'Addressable Control Relay 0.75 1.00 1.25 E' (field-mounted addressable relay module); alternatives same page: conventional 'Semi-Flush Control Relay 0.75 1.00 1.25 E', 'Single Pole Double Throw Relay Surface Manufactured with Enclosure 0.90 1.15 1.35 E', panel-mounted 'Relay Module 0.90 1.15 1.35 E' (Addressable Control Panels - Modules Mounted in Control Panel), 'Addressable Point ID Module 0.60 0.75 0.94 E' (monitor module, not relay). Device only; back box and SLC wiring separate. Medium because NECA exact but NE none",,,Addressable Control Relay 0.75 1.00 1.25 E,item
14,SORTIE TEL/DATA,,264,Wiring Device Plates: Telephone wiring device plates 1 gang ivory || raw: 1 gang ivory L1@0.05 Ea .45 2.33 2.78,0.45,0.05,Ea,383,Work Area Terminations: RJ-45 Modular Jack || raw: RJ-45 Modular Jack 0.20 0.25 0.30 E,0.20,E,low,"Dupuis: sortie telephone/donnees combinee, categorie telecom_donnees, BASSE_TENSION_COMM (244 occ / 9 projets; corpus SORTIE TEL/DATA 123 marks / 5 projects). Same device as TEL/DATA (earlier chunk, EE ENS16390E3ECF14C14B0 assembly '19PE tel/data') and SORTIE TEL (chunk with NECA RJ-11) - rows reused for consistency. Neither book has a combined tel/data outlet line. NE 2025 has no jack line at all (Communications Cable p522-528 is cable per KLF only); plate only: raw p264 '1 gang ivory L1@0.05 Ea .45 2.33 2.78'. NECA 2022 p383 (27 15 00 Work Area Terminations) prices the outlet by component: raw 'RJ-45 Modular Jack 0.20 0.25 0.30 E' (data, taken), 'RJ-11 Modular Jack 0.10 0.13 0.15 E' (tel), '1 Gang Face Plate 0.10 0.13 0.15 E'; a tel/data outlet = plate 0.10 + RJ-11 0.10 + RJ-45 0.20 = 0.40 h. Box, cable, conduit and terminations at the rack separate. Low: neither book has the composite item and jack material is absent from NE",1 gang ivory L1@0.05 Ea .45 2.33 2.78,item,RJ-45 Modular Jack 0.20 0.25 0.30 E,item
14,FIXT TYPE S6,,,none,,,,,none,,,none,"Plan legend type code only (Dupuis: luminaire type S6; 242 occ / 12 projets; corpus 121 marks / 6 projects) - no fixture spec (lamp/wattage/mount/size) on the label, so no National Estimator 2025 or NECA 2022 fixture line can be selected without inventing the type; needs the fixture schedule of each project (same treatment as FIXT TYPE A/B/C/D/E/E1/L1/L2/L3/L6 chunks 0-4, L4/E2/I/H/B1/L10/D1 chunk-6, E3/L chunk-9, K/M chunk-11, N/P1/N1 chunk-13)",,,,
14,FIXT TYPE L4A,,,none,,,,,none,,,none,"Plan legend type code only (Dupuis: luminaire type L4A; 240 occ / 8 projets; corpus 120 marks / 4 projects) - no fixture spec (lamp/wattage/mount/size) on the label, so no National Estimator 2025 or NECA 2022 fixture line can be selected without inventing the type; needs the fixture schedule of each project (same treatment as FIXT TYPE A/B/C/D/E/E1/L1/L2/L3/L6 chunks 0-4, L4/E2/I/H/B1/L10/D1 chunk-6, E3/L chunk-9, K/M chunk-11, N/P1/N1 chunk-13)",,,,
14,VENTILATEUR,,380,"Equipment Hookup: Hook up mechanical equipment - Exhaust fans, small || raw: Exhaust fans, small L1@1.50 Ea 49.20 69.90 119.10",49.20,1.50,Ea,276,Power Connections to Equipment Installed By Others - Copper 600 Volt Conduit: 20 Amp Circuits #12 & #10 || raw: 20 Amp Circuits #12 & #10 0.25 0.30 0.36 E,0.25,E,low,"Dupuis: ventilateur (raccordement electrique), categorie mecanique_moteur, variante VENT (221 occ / 35 projets; corpus VENTILATEUR 76 + VENT 33 + vent 6 + Ventilateur 5 = 120 marks / 19 projects; normalisation VENT -> VENTILATEUR). Fan supplied/installed by mechanical trade, electrical scope = power connection; HP, voltage, phase and fan type (exhaust, supply, ceiling) not on label. Same rows as VE (earlier chunk) reused for consistency. NE 2025 raw p380 (Equipment Hookup): 'Exhaust fans, small L1@1.50 Ea 49.20 69.90 119.10' (alt 'Fan coil units L1@2.00 Ea 49.20 93.20 142.40' p380; ceiling fans p218 '52"" plain, white, oak L1@1.50 Ea 101.00 69.90 170.90' only if the symbol is a ceiling fan). NECA 2022 raw p276 (26 27 00 Power Connections to Equipment Installed By Others): '20 Amp Circuits #12 & #10 0.25 0.30 0.36 E' (connection only; add disconnect/starter if in scope); alts p72 Miscellaneous Controls 'Interlock to Fan 0.75 1.25 1.50 E', 'Connect Fan/Coil Unit 1.00 1.50 2.00 E'; p76 Residential Ceiling Fans '37-48-inch Diameter Ceiling Fan X 4.00 5.00 6.25 E' if ceiling fan. Low","Exhaust fans, small L1@1.50 Ea 49.20 69.90 119.10",item,20 Amp Circuits #12 & #10 0.25 0.30 0.36 E,item
15,3/4 EMT 3#12,ENSCFFFDBD5146159B90,449,"3/4"" EMT Conduit Assemblies: 100' 3/4"" EMT conduit, 2 set screw connectors, 9 set screw couplings and 9 one-hole straps 3 #12THHN, solid || raw: 3 #12THHN, solid L1@6.62 CLF 132.00 308.00 440.00",132.00,6.62,CLF,202,Electrical Metallic Tubing (EMT): 3/4-inch || raw: 3/4-inch 5.00 6.20 7.50 C,5.00,C,high,"Dupuis conduit spec ""3/4 3c12"" = 3/4 in EMT with 3 x #12 conductors (conduits-spec.csv: 118 occurrences, 1,731,768.9 px total length, 2nd most frequent spec after 1/2 3c12); EE ensemble ENSCFFFDBD5146159B90 ""conduit 3/4 03c12"" (key 19PE0.75 #12). Exact match. NE raw p449 (conduit assemblies, per 100 ft incl. 2 connectors, 9 couplings, 9 straps, 3 wires): ""3 #12THHN, solid L1@6.62 CLF 132.00 308.00 440.00"" (stranded alt same page ""3 #12THHN, stranded L1@6.62 CLF 122.00 308.00 430.00""). NECA prices raceway and wire separately: raw p202 ""3/4-inch 5.00 6.20 7.50 C"" (EMT per 100 ft, note ""Add 10% for colored conduit""; fittings/straps extra: set screw connector ""3/4-inch 0.10 0.12 0.15 E"", coupling ""3/4-inch 0.05 0.06 0.07 E"" p202) + 3 x raw p150 ""#12 6.00 7.50 9.00 M"" (THHN/THWN 1/C per 1000 ft = 0.6 h/100 ft per conductor -> 1.8 h/100 ft for 3) = 6.80 h per 100 ft total, see companion row. Same convention as 1/2 EMT 3#12 (chunk-12). Boxes, terminations, bends not included","3 #12THHN, solid L1@6.62 CLF 132.00 308.00 440.00",item,3/4-inch 5.00 6.20 7.50 C,item
15,3/4 EMT 3#12,ENSCFFFDBD5146159B90,,none,,,,150,600 Volt Bldg Wire-1/C-Copper Type THHN & THWN: #12 || raw: #12 6.00 7.50 9.00 M,6.00,M,high,"Companion row: NECA #12 THHN/THWN copper 6.00 h per 1000 ft (p150), x 3 conductors, to add to EMT 3/4-inch 5.00 h/100 ft (p202). Note p150: reduce labor 10% with factory-lubricated wire. NE side already bundled in the p449 assembly line -> none here",,,#12 6.00 7.50 9.00 M,item
15,1 VOIE,,225,"Commercial specification-grade, side wired with ground screw, 15 amp, 120/277 volt, AC quiet Single pole, ivory || raw: Single pole, ivory L1@0.20 Ea 2.12 9.32 11.44",2.12,0.20,Ea,320,Switches - General Use Toggle Switches - Keyed Switches: 1-Pole 15 Amp || raw: 1-Pole 15 Amp 20.00 25.00 30.00 C,20.00,C,medium,"Dupuis 1 VOIE = interrupteur simple / unipolaire (1 voie), dispositif BT, 232 occ / 8 projets (categories.json: ""voie"" = terminologie quebecoise du nb de positions d un interrupteur). Device type exact (single-pole switch) but amperage/voltage not on label (Quebec commercial lighting often 347 V, which has no NE line - see INT chunk-0) -> medium. NE raw p225: ""Single pole, ivory L1@0.20 Ea 2.12 9.32 11.44"" (commercial spec-grade 15 A 120/277 V; side-wired without ground screw alt same page ""Single pole ivory L1@0.20 Ea 2.70 9.32 12.02""). NECA raw p320: ""1-Pole 15 Amp 20.00 25.00 30.00 C"" = 0.20 h each (20 A alt same page ""1-Pole 20 Amp 25.00 31.25 37.50 C""). Same lines as generic INT / INTERRUPTEUR rows (chunk-0, chunk-4). Device only, box/plate/wire not included","Single pole, ivory L1@0.20 Ea 2.12 9.32 11.44",item,1-Pole 15 Amp 20.00 25.00 30.00 C,item
15,RT,,,none,,,,,none,,,none,"Dupuis RT = abreviation non identifiee, categorie indetermine, 210 occ / 13 projets (categories.json: ""reflecteur? retour? type de luminaire?; aucune source fiable""). No device type can be fixed from the label, so no book line is selected in either book. Resolve per project legend before pricing",,,,
15,MAT,,195,"Round tapered aluminum light poles with square mounting base 20' high || raw: 20' high L2@1.15 Ea 1,730.00 53.60 1,783.60",1730.00,1.15,Ea,366,Parking Lot Lighting - Steel and Aluminum Poles: 5-inch X 20-foot || raw: 5-inch X 20-foot 6.00 7.50 9.38 E,6.00,E,low,"Dupuis MAT = mat d eclairage exterieur (poteau lumineux), luminaire BT, 209 occ / 18 projets (note: ""probable mat d eclairage exterieur; sens precis incertain""). Pole height, material (steel/aluminum), shape and arm count NOT on label -> 20 ft round tapered aluminum taken as placeholder only, low. NE raw p195: ""20' high L2@1.15 Ea 1,730.00 53.60 1,783.60"" (crew L2 = 2 electricians; alts same page 15' ""L2@0.85 Ea 1,060.00"", 25' ""L2@1.30 Ea 2,750.00"", 30' without arms ""L2@1.40 Ea 2,150.00""; steel p194 round tapered 20' ""L2@1.25 Ea 2,200.00 58.20 2,258.20"", square steel 20' ""L2@1.60 Ea 1,900.00 74.50 1,974.50""; with one 4' arm p196 20' ""L2@1.30 Ea 1,950.00""). NECA raw p366 (26 56 00 Parking Lot Lighting - Steel and Aluminum Poles): ""5-inch X 20-foot 6.00 7.50 9.38 E"" (16 ft ""5.00"", 24 ft ""8.00"", 30 ft n/a - 28 ft ""8.50"", 32 ft ""9.00""; walkway poles 8-15 ft p366 ""3.00""-""4.50""). Luminaire head (PROJECTEUR / shoe box), concrete base, anchor bolts, excavation and feeder NOT included in either line (NECA p365 has separate base tables ""Parking Lot Lighting - Cast-In-Place Base"", ""Pre-Cast Concrete Bases""; NE p199 note: pole costs exclude concrete work and excavation)","20' high L2@1.15 Ea 1,730.00 53.60 1,783.60",item,5-inch X 20-foot 6.00 7.50 9.38 E,item
15,FIXT TYPE P,,,none,,,,,none,,,none,"Plan legend type code only (Dupuis: luminaire type P selon legende, 226 occ / 16 projets) - no fixture spec (size/lamp/mount) so no book line can be selected; needs the fixture schedule of each project (same rule as FIXT TYPE L1 chunk-1, FIXT TYPE P1 chunk-13)",,,,
15,PROJECTEUR,,199,"Yard and Street Lighting: Rectangular LED floodlights, die-cast aluminum housing, tempered glass lens, photoelectric cell, add the cost of mounting pole or bracket 100 watt, 250W halide equiv. || raw: 100 watt, 250W halide equiv. L1@1.55 Ea 208.00 72.20 280.20",208.00,1.55,Ea,368,Exterior Lighting: Bracket Mount - Wall Mounted: LED || raw: LED 3.50 4.38 5.47 E,3.50,E,low,"Dupuis PROJECTEUR = projecteur exterieur (floodlight), luminaire BT, 224 occ / 10 projets. Wattage, mounting (wall bracket / pole / ground) and source NOT on label -> 100 W LED taken as placeholder, low. NE raw p199 (LED floods, fixture only): ""100 watt, 250W halide equiv. L1@1.55 Ea 208.00 72.20 280.20"" (150 W ""L1@1.55 Ea 226.00"", 200 W ""L1@1.55 Ea 280.00"", 300 W ""L1@1.55 Ea 387.00""; mounting extra same page ""Add for pole mount L1@.547 Ea 17.80 25.50 43.30"", ""Add for wall mount bracket L1@1.07 Ea 35.70 49.90 85.60""; small U-bracket area floods p198 e.g. ""50 watt, 175W halide equiv. L1@1.07 Ea 59.50 49.90 109.40""; HID bracket floods p184 e.g. ""400W Metal halide L1@1.25 Ea 661.00 58.20 719.20""). NECA 2022 has no table named floodlight (PDF grep flood -> only stage fixtures p362 and UPS batteries); nearest exterior line raw p368 (26 56 00): ""Bracket Mount - Wall Mounted LED 3.50 4.38 5.47 E"" (HID alts ""250 Watt HID 3.50"", ""400 Watt HID 4.25"", ""1000 Watt HID 5.00""; ""Build Fixture Backing 1.50"" extra; pole-top head alt p367 ""Parking Lot Lighting - Shoe Box LED 3.00 3.75 4.69 E""; stage spot/flood p362 ""LED 2.00 2.50 3.00 E""). Pole (MAT), base, feeder and photocell (NECA p369 ""Photo Cell 1.00 1.20 1.44 E"") not included","100 watt, 250W halide equiv. L1@1.55 Ea 208.00 72.20 280.20",item,LED 3.50 4.38 5.47 E,item
15,3 VOIE,,225,"Commercial specification-grade, side wired with ground screw, 15 amp, 120/277 volt, AC quiet Three-way, ivory || raw: Three-way, ivory L1@0.25 Ea 3.85 11.60 15.45",3.85,0.25,Ea,320,Switches - General Use Toggle Switches - Keyed Switches: 3-Way 15 Amp || raw: 3-Way 15 Amp 35.00 43.75 52.50 C,35.00,C,medium,"Dupuis 3 VOIE = interrupteur 3 voies (three-way switch), dispositif BT, 222 occ / 30 projets. Device type exact; amperage/voltage not on label (347 V has no NE line, see INT ENS70AB1935194109940 chunk-0) -> medium. NE raw p225: ""Three-way, ivory L1@0.25 Ea 3.85 11.60 15.45"" (side-wired without ground screw alt ""Three-way ivory L1@0.25 Ea 4.84 11.60 16.44""). NECA raw p320: ""3-Way 15 Amp 35.00 43.75 52.50 C"" = 0.35 h each (20 A alt ""3-Way 20 Amp 40.00 50.00 60.00 C""). Same lines as INTERRUPTEUR 3 VOIE variant (chunk-4). Device only, box/plate/wire not included","Three-way, ivory L1@0.25 Ea 3.85 11.60 15.45",item,3-Way 15 Amp 35.00 43.75 52.50 C,item
15,M,,,none,,,,,none,,,none,"Dupuis M = lettre seule, sens incertain, categorie indetermine, 216 occ / 25 projets (M 111 marks in this batch incl. lowercase m; categories.json: ""mural? moteur? code de legende propre au projet""). No device type can be fixed from the label, so no book line is selected. Same rule as S (chunk-12). Resolve per project legend (if luminaire type M -> FIXT TYPE M chunk-11, none; if moteur -> needs HP rating)",,,,
15,E,,,none,,,,,none,,,none,"Dupuis E = lettre seule ambigue (repere ou fixture E?), categorie indetermine, 213 occ / 21 projets (categories.json: ""pourrait etre FIXT TYPE E tronque (cf. FIXT TYPE E1) mais non confirmable seul""). No device type can be fixed from the label, so no book line is selected. If the legend confirms luminaire type E -> still none (plan legend code, needs fixture schedule, cf. FIXT TYPE E chunk)",,,,
15,MONUMENT,,,none,,,,,none,,,none,"Dupuis MONUMENT = enseigne-monument exterieure (signaletique illuminee de site), luminaire BT, 202 occ / 23 projets (categories.json: ""enseigne illuminee de site, alimentation basse tension puissance""). NOT the same as MONUMENT PLANCHER (floor box, chunk). Neither book has an illuminated site/monument sign line (PDF grep monument -> 0 hits both books; NE sign hits only ""Sign recept cover L1@0.10 Ea 7.13 4.66 11.79"" p436 = Wiremold raceway fitting; NECA sign hits only exit signs p360, X-ray alert sign p363, traffic regulatory signs p451). The sign itself is normally supplied and installed by the sign contractor; electrical scope = feeder, disconnect and final connection, to be priced from the project spec (conduit/wire rows e.g. 3/4 EMT 3#12 this chunk; photocell NECA p369 ""Photo Cell 1.00 1.20 1.44 E""; time switch p369 ""Time Switches for Street Lighting 4.00 4.80 5.76 E""). -> none",,,,
15,C,,,none,,,,,none,,,none,"Dupuis C = lettre seule, sens incertain, categorie indetermine, 210 occ / 21 projets (categories.json: ""type de luminaire C (cf. FIXT TYPE C1-C3) ou autre code de legende""). No device type can be fixed from the label, so no book line is selected. If the legend confirms luminaire type C -> still none (plan legend code, needs fixture schedule, cf. FIXT TYPE C chunk)",,,,
15,COLONNETTE,,437,"Telephone-power pole assemblies, 2-1/8"" x 2-1/8"", 4 power outlets 10'-5"" pole, flush boot || raw: 10'-5"" pole, flush boot L1@1.30 Ea 155.00 60.60 215.60",155.00,1.30,Ea,226,Wiremold Product - Tele-Power Poles: ALTP-4 Tele-Power Pole || raw: ALTP-4 Tele-Power Pole 1.25 1.56 1.88 E,1.25,E,medium,"Dupuis COLONNETTE = colonnette electrique (borne d alimentation sur pied), dispositif BT, 188 occ / 22 projets (categories.json: ""poteau/borne au sol livrant des prises (parfois donnees) en espace ouvert"") = floor-to-ceiling service pole (telephone-power pole / tele-power pole). Device class exact; pole size, height, outlet count and power/data split NOT on label -> medium. NE raw p437 (per pole, crew 1 electrician, ceiling grid work not included): ""10'-5"" pole, flush boot L1@1.30 Ea 155.00 60.60 215.60"" (2-1/8 x 2-1/8, 4 power outlets; alts p437 12'-5"" ""L1@1.35 Ea 202.00"", 15'-5"" ""L1@1.40 Ea 257.00"", isolated ground 10'-5"" ""L1@1.35 Ea 181.00""; 2 x 2 4 outlets 10'-5"" adj foot ""L1@1.30 Ea 347.00""; 1-1/4 x 1-3/4 2 outlets 10' ""L1@1.25 Ea 187.00""; telephone-communications pole p438 2 x 2 ""L1@1.00 Ea 137.00 46.60 183.60""; ""Tel entrance fitting L1@0.30 Ea 12.10 14.00 26.10""). NECA raw p226 (26 27 26 Wiremold Tele-Power Poles): ""ALTP-4 Tele-Power Pole 1.25 1.56 1.88 E"" (alts same table ""30TP-3 Tele-Power Pole 1.25"", ""25TP4D Isolated Ground Pole 1.25"", ""25TC4 Tele-Comm Pole 1.00""). Branch circuit, data cabling and ceiling box not included. If the project legend shows an outdoor pedestal instead, re-map","10'-5"" pole, flush boot L1@1.30 Ea 155.00 60.60 215.60",item,ALTP-4 Tele-Power Pole 1.25 1.56 1.88 E,item
16,1750W,,,none,,,,78,Baseboard Heaters: 72-inch || raw: 72-inch 1.10 1.38 1.65 E,1.10,E,low,"Dupuis dictionary: plinthe electrique chauffante 1750W, categorie chauffage, BT (126 occ / 20 projets; corpus 1750W 104 marks / 13 projects + 1750w 2 = 106; sized variants counted separately: B1750W 78, CMU1750W 78, B 1750W 14, PLINTHE A1750W 12, A 1750W 8, B1750W 240V 8, PES 1750W 7, PLINTHE 1750W 6 - B/PLINTHE = baseboard, 240 V). NECA 2022 p78 (23 83 00) lists baseboard heaters by length only, no wattage: ""48-inch 0.90 1.13 1.35 E"", ""60-inch 1.00 1.25 1.50 E"", ""72-inch 1.10 1.38 1.65 E"", ""96-inch 1.25 1.56 1.88 E"". 72-inch chosen only as the usual length of a 1750 W / 240 V baseboard in manufacturer catalogs (NOT from the book) - confirm on project heating schedule; same convention as 1000W (48-inch) and 1500W (60-inch) earlier chunks. NECA 120 V wall heaters p78 have no 1750 W step (""1600 Watt 1.75 1.88 2.25 E"", ""1800 Watt 1.85 2.06 2.48 E""). NE 2025: no electric baseboard / wall heater line (grep 1750|baseboard -> 0 relevant; heaters only as hookups p380-381 ""Unit heaters, small L1@2.00 Ea 86.10 93.20 179.30"") -> none",,,72-inch 1.10 1.38 1.65 E,item
16,BOITE D 8X8X4PO CEMA1,LQE004735,147,NEMA 1 surface or flush mounted screw cover pull boxes 8 x 8 x 4 || raw: 8 x 8 x 4 L1@0.45 Ea 43.20 21.00 64.20,43.20,0.45,Ea,218,NEMA 1 Screw Cover J-Boxes & Pull Boxes with Knockouts: 8-inch x 8-inch x 4-inch || raw: 8-inch x 8-inch x 4-inch 1.10 1.35 1.80 E,1.10,E,high,"EE LQE004735 = Hoffman HOFASE884 ""BOITE D 8X8X4PO CEMA1"" (ensembles-ee.csv, 104 marks / 8 projects; Dupuis dictionary: boite de distribution 8x8x4 po, cote CEMA1 (NEMA1), distribution, BT, 208 occ / 16 projets). Exact size and NEMA 1 match. NE raw p147 (Sheet Metal Pull Boxes): ""8 x 8 x 4 L1@0.45 Ea 43.20 21.00 64.20"" (alts: hinge cover p148 ""8 x 8 x 4 L1@0.45 Ea 51.00 21.00 72.00""; NEMA 3R p149 ""8 x 8 x 4 L1@0.45 Ea 90.20 21.00 111.20""). NECA raw p218: ""8-inch x 8-inch x 4-inch 1.10 1.35 1.80 E"" (PVC alt p216 ""8-inch x 8-inch x 4-inch 0.50 0.62 0.75 E""). Same family as BOITE LQE004733 6x6x4 / LQE008444 12x12x4 (chunk-0). Bare labels 8x8x4 (169 marks) / 8X8 (574) are separate families",8 x 8 x 4 L1@0.45 Ea 43.20 21.00 64.20,item,8-inch x 8-inch x 4-inch 1.10 1.35 1.80 E,item
16,3/4 EMT 3#10,ENS6730DA3DBD1321551,449,"3/4"" EMT Conduit Assemblies: 100' 3/4"" EMT conduit, 2 set screw connectors, 9 set screw couplings and 9 one-hole straps 3 #10THHN, solid || raw: 3 #10THHN, solid L1@6.92 CLF 159.00 322.00 481.00",159.00,6.92,CLF,202,Electrical Metallic Tubing (EMT): 3/4-inch || raw: 3/4-inch 5.00 6.20 7.50 C,5.00,C,high,"Dupuis conduit spec ""3/4 3c10"" = 3/4 in EMT with 3 x #10 conductors (conduits-spec.csv: 104 occurrences, 1,314,676.9 px total length, 3rd most frequent spec); EE ensemble ENS6730DA3DBD1321551 ""conduit 3/4 03c10"" (key 19PE0.75 #10). Exact match. NE raw p449 (conduit assemblies, per 100 ft incl. 2 connectors, 9 couplings, 9 straps, 3 wires): ""3 #10THHN, solid L1@6.92 CLF 159.00 322.00 481.00"" (stranded alt same page ""3 #10THHN, stranded L1@6.92 CLF 143.00 322.00 465.00""). NECA prices raceway and wire separately: raw p202 ""3/4-inch 5.00 6.20 7.50 C"" (EMT per 100 ft, note ""Add 10% for colored conduit""; fittings extra: set screw connector ""3/4-inch 0.10 0.12 0.15 E"", coupling ""3/4-inch 0.05 0.06 0.07 E"" p202) + 3 x raw p150 ""#10 7.00 8.75 10.50 M"" (= 0.7 h/100 ft per conductor -> 2.1 h/100 ft for 3) = 7.10 h per 100 ft total, see companion row. Same convention as 1/2 EMT 3#12 (chunk-12) and 3/4 EMT 3#12. Boxes, terminations, bends not included","3 #10THHN, solid L1@6.92 CLF 159.00 322.00 481.00",item,3/4-inch 5.00 6.20 7.50 C,item
16,3/4 EMT 3#10,ENS6730DA3DBD1321551,,none,,,,150,600 Volt Bldg Wire-1/C-Copper Type THHN & THWN: #10 || raw: #10 7.00 8.75 10.50 M,7.00,M,high,"Companion row: NECA #10 THHN/THWN copper 7.00 h per 1000 ft (p150), x 3 conductors, to add to EMT 3/4-inch 5.00 h/100 ft (p202). Note p150: reduce labor 10% with factory-lubricated wire. NE side already bundled in the p449 assembly line -> none here",,,#10 7.00 8.75 10.50 M,item
16,LAMPADAIRE,,,none,,,,,none,,,none,"Dupuis dictionary: lampadaire exterieur (poteau d'eclairage), categorie luminaire, BT (206 occ / 12 projets; corpus LAMPADAIRE 103 marks / 6 projects; variants ENL LAMPADAIRE 12 (enlever), LAMPADAIRE TYPE A 9, LAMPADAIRE TYPEB 7, LAMPADAIRE ADD1 7, BASE LAMPADAIRE 7, PRST LAMPADAIRE 7, LAMPADAIRE PH2 7). Bare label carries no pole height, material, luminaire wattage/type or base, and both books price each component only by exact spec: NE 2025 p194 Steel Light Poles (e.g. raw ""Round tapered steel street light poles with square mounting base 20' high L1@1.25 Ea 2200.00 58.20"", ""Square steel street light poles ... 20' high 1.6 Ea 1900.00 74.50""), p185-187 HID pole-mounted floodlights / area lighting by wattage (raw ""1000W Hi pres sodium L1@1.30 Ea 1690.00 60.60 1750.60"" p187); NECA 2022 p366 ""Parking Lot Lighting - Steel and Aluminum Poles"" (raw ""5-inch X 20-foot 6.00 7.50 9.38 E"", ""5-inch X 24-foot 8.00 10.00 12.50 E""), p367 ""Street Lighting Systems - Metal Poles With Internal Wiring"" (raw ""20-foot 4.00 5.00 6.25 E"", ""30-foot 5.00 6.25 7.81 E""), p365 fixtures attached before erection (raw ""LED 2.40 3.00 3.60 E"", ""400 Watt 2.40 3.00 3.75 E""), p365 pre-cast bases (raw ""24-inch X 48-inch Base 5.00 6.25 7.81 E""). No line can be selected without inventing height/wattage -> none (same treatment as PULL BOX chunk-14); needs the site lighting schedule of each project (pole height, luminaire, base type)",,,,
16,A/C UNIT,,380,Equipment Hookup: Hook up mechanical equipment - Air handlers || raw: Air handlers L1@1.50 Ea 49.20 69.90 119.10,49.20,1.50,Ea,276,Power Connections to Equipment Installed By Others - Copper 600 Volt Conduit: 20 Amp Circuits #12 & #10 || raw: 20 Amp Circuits #12 & #10 0.25 0.30 0.36 E,0.25,E,low,"Dupuis dictionary: raccordement electrique pour unite de climatisation, categorie mecanique_moteur, BT (186 occ / 50 projets; corpus A/C UNIT 97 marks / 27 projects + a/c unit 2 = 99; A/C 16 and FAN /HEATER/A/C 107 are separate families). Unit supplied/installed by mechanical; electrical scope = feed + disconnect + final connection; tonnage/HP/amps/voltage not on label. Neither book has an ""air conditioner"" / ""A/C unit"" line (NE grep air cond -> 0; NECA grep air cond|condition -> HVAC controls p72 only). NE raw p380 (Hook up mechanical equipment): ""Air handlers L1@1.50 Ea 49.20 69.90 119.10"" chosen as nearest HVAC-unit hookup (alts same table: ""Fan coil units L1@2.00 Ea 49.20 93.20 142.40"", ""Refrigeration, small L1@4.00 Ea 164.00 186.00 350.00"" p381, ""Air compressor L1@1.50 Ea 49.20 69.90 119.10"") - NOT an exact match. NECA raw p276: ""20 Amp Circuits #12 & #10 0.25 0.30 0.36 E"" = final power connection only, 20 A default (""50 Amp Circuits #8 0.30 0.37 0.45 E"", ""60 Amp Circuits #6 0.33 0.42 0.50 E"" same table); controls side NECA p72 ""Connect Controls at Condenser 1.00 1.50 2.00 E"" / ""Connect Controls at Roof Top HVAC 1.00 1.50 2.00 E"". Same convention as CONDENSEUR and EVAPORATEUR (earlier chunks). Needs unit amps/voltage from mechanical schedule; disconnect and branch circuit priced separately",Air handlers L1@1.50 Ea 49.20 69.90 119.10,item,20 Amp Circuits #12 & #10 0.25 0.30 0.36 E,item
16,FIXT TYPE D7,,,none,,,,,none,,,none,"Plan legend type code only (Dupuis: luminaire type D7; 172 occ / 9 projets; corpus 99 marks / 6 projects) - no fixture spec (lamp/wattage/mount/size) on the label, so no National Estimator 2025 or NECA 2022 fixture line can be selected without inventing the type; needs the fixture schedule of each project (same treatment as FIXT TYPE A/B/C/D/E/E1/L1/L2/L3/L6 chunks 0-4, L4/E2/I/H/B1/L10/D1 chunk-6, E3/L chunk-9, K/M chunk-11, N/P1/N1 chunk-13, R/L15/S6/L4A chunk-14)",,,,
16,RM,,,none,,,,,none,,,none,"Dupuis dictionary: categorie indetermine, sous_type 'sigle de 2 lettres, sens incertain', no variants (126 occ / 19 projets; corpus RM 98 marks / 13 projects, no EE code). Could be relais/moteur, remote, salle mecanique (room)... no physical item identifiable -> no National Estimator 2025 or NECA 2022 line without inventing the meaning (same treatment as DD/DV chunk-11, PP chunk-13, VC/K chunk-14). Resolve per project from the plan legend",,,,
16,3/4 EMT 7#12,ENSAFF5D05713B179C81,18,"EMT conduit in concealed areas, walls and closed ceilings 3/4"" || raw: 3/4"" L1@3.75 CLF 74.30 175.00 249.30",74.30,3.75,CLF,202,Electrical Metallic Tubing (EMT): 3/4-inch || raw: 3/4-inch 5.00 6.20 7.50 C,5.00,C,medium,"Dupuis conduit spec ""3/4 7c12"" = 3/4 in EMT with 7 x #12 conductors (conduits-spec.csv: 98 occurrences, 394,953.2 px total length); EE ensemble ENSAFF5D05713B179C81 ""conduit 3/4 07c12"" (key 19PE0.75 #12). NE 2025 p449 3/4"" EMT conduit assemblies stop at 6 conductors (raw ""6 #12THHN, solid L1@8.72 CLF 184.00 406.00 590.00"") - no 7-wire assembly, so priced as raceway + wire separately: NE raw p18 ""3/4"" L1@3.75 CLF 74.30 175.00 249.30"" (EMT in concealed areas; alts p18 ""3/4"" L1@3.50 CLF 74.30 163.00 237.30"" slab/trapeze, ""3/4"" L1@4.00 CLF 74.30 186.00 260.30"" exposed; connectors/couplings/straps extra, e.g. p20 ""Die cast set screw EMT connectors 3/4"" L1@0.06 Ea 0.49 2.80"") + 7 x NE raw p94 ""# 12 L2@7.00 KLF 173.00 326.00 499.00"" (THHN solid copper, per 1000 ft = 0.70 h and 17.30 USD per 100 ft per conductor -> 4.90 h and 121.10 USD per 100 ft for 7), see companion row. NECA raw p202 ""3/4-inch 5.00 6.20 7.50 C"" + 7 x raw p150 ""#12 6.00 7.50 9.00 M"" (0.6 h/100 ft per conductor -> 4.2 h) = 9.20 h per 100 ft total. Medium: sizes exact but NE side is a sum of two tables rather than one assembly line. Boxes, terminations, bends not included","3/4"" L1@3.75 CLF 74.30 175.00 249.30",item,3/4-inch 5.00 6.20 7.50 C,item
16,3/4 EMT 7#12,ENSAFF5D05713B179C81,94,Copper Building Wire: Type THHN 600 volt solid copper building wire # 12 || raw: # 12 L2@7.00 KLF 173.00 326.00 499.00,173.00,7.00,KLF,150,600 Volt Bldg Wire-1/C-Copper Type THHN & THWN: #12 || raw: #12 6.00 7.50 9.00 M,6.00,M,high,"Companion row: wire per 1000 ft, x 7 conductors. NE raw p94 ""# 12 L2@7.00 KLF 173.00 326.00 499.00"" (crew L2). NECA raw p150 ""#12 6.00 7.50 9.00 M"" (note p150: reduce labor 10% with factory-lubricated wire). Add to the 3/4-inch EMT rows above",# 12 L2@7.00 KLF 173.00 326.00 499.00,item,#12 6.00 7.50 9.00 M,item
16,FIXT TYPE A3,,,none,,,,,none,,,none,"Plan legend type code only (Dupuis: luminaire type A3; 134 occ / 12 projets; corpus 97 marks / 7 projects) - no fixture spec (lamp/wattage/mount/size) on the label, so no National Estimator 2025 or NECA 2022 fixture line can be selected without inventing the type; needs the fixture schedule of each project (same treatment as FIXT TYPE A/B/C/D/E/E1/L1/L2/L3/L6 chunks 0-4, L4/E2/I/H/B1/L10/D1 chunk-6, E3/L chunk-9, K/M chunk-11, N/P1/N1 chunk-13, R/L15/S6/L4A chunk-14)",,,,
16,CHAUFFE-EAU,,381,Equipment Hookup: Hook up kitchen equipment - Booster water heater || raw: Booster water heater L1@2.50 Ea 114.00 116.00 230.00,114.00,2.50,Ea,276,Power Connections to Equipment Installed By Others - Copper 600 Volt Conduit: 20 Amp Circuits #12 & #10 || raw: 20 Amp Circuits #12 & #10 0.25 0.30 0.36 E,0.25,E,low,"Dupuis dictionary: chauffe-eau (raccordement electrique), categorie chauffage, BT (146 occ / 92 projets; corpus CHAUFFE-EAU 90 marks / 57 projects + Chauffe-Eau 2 = 92; spelling variants CHAUFFE EAU 41 / 29 and CHAUFFEAU 33 / 12 are separate families, normalisation.json maps CHAUFFEAU -> CHAUFFE EAU). Water heater supplied by plumbing; electrical scope = feed + final connection; kW/voltage/amps not on label. Neither book has a domestic/commercial storage water heater line: NE grep water heater -> only p381 kitchen ""Booster water heater L1@2.50 Ea 114.00 116.00 230.00"" (booster = small instantaneous kitchen unit, hookup labor + connection material only) chosen as nearest; NECA grep water heater -> 0 (p29 temporary heaters, p78 space heaters not comparable). NECA raw p276: ""20 Amp Circuits #12 & #10 0.25 0.30 0.36 E"" = final power connection only, 20 A default (""50 Amp Circuits #8 0.30 0.37 0.45 E"" for a 4.5-6 kW / 240 V tank on 30 A is not a listed step - 50 A is the next line). Same convention as EVAPORATEUR / A/C UNIT. Needs kW and voltage from plumbing schedule; disconnect and branch circuit priced separately",Booster water heater L1@2.50 Ea 114.00 116.00 230.00,item,20 Amp Circuits #12 & #10 0.25 0.30 0.36 E,item
16,FIXT TYPE S,,,none,,,,,none,,,none,"Plan legend type code only (Dupuis: luminaire type S (sans numero); 107 occ / 12 projets; corpus FIXT TYPE S 70 marks / 7 projects + fixt type s 22 / 1 = 92) - no fixture spec (lamp/wattage/mount/size) on the label, so no National Estimator 2025 or NECA 2022 fixture line can be selected without inventing the type; needs the fixture schedule of each project (same treatment as FIXT TYPE A/B/C/D/E/E1/L1/L2/L3/L6 chunks 0-4, L4/E2/I/H/B1/L10/D1 chunk-6, E3/L chunk-9, K/M chunk-11, N/P1/N1 chunk-13, R/L15/S6/L4A chunk-14)",,,,
16,BOITE VOLUME,,,none,,,,72,Miscellaneous Controls: Connect VAV Unit || raw: Connect VAV Unit 1.00 1.50 2.00 E,1.00,E,low,"Dupuis dictionary: categorie indetermine, sous_type 'fonction ambigue (controle de volume ou boite CVAC)' (175 occ / 15 projets; corpus BOITE VOLUME 91 marks / 9 projects; variants JC BOITE VOLUME FIM 44 / 2, BOITE DE VOLUME FIM 10 / 2, BOITE VOLUME - 8 / 2; COMM CONTROL VOLUME 22 is a separate audio family). The FIM (fourni-installe par mecanique) variants point to a CVAC volume box (boite a volume variable / VAV terminal) connected by the electrician, not an audio volume control. NECA raw p72 (23 09 00 Instrumentation and Control for HVAC, Miscellaneous Controls): ""Connect VAV Unit 1.00 1.50 2.00 E"" = control/power connection to the VAV unit only (unit by others). Low because the label meaning is ambiguous per Dupuis and the NECA line is a connection, not the box. NE 2025: no VAV / volume box line (grep vav|variable air|volume -> 0; nearest hookup p380 ""Fan coil units L1@2.00 Ea 49.20 93.20 142.40"" is a different terminal unit) -> none. Confirm meaning on each project's mechanical legend",,,Connect VAV Unit 1.00 1.50 2.00 E,item
17,FIXT TYPE B2,,,none,,,,,none,,,none,"Plan legend type code only (Dupuis: luminaire type B2 (selon legende); 173 occ / 23 projets; corpus 91 marks / 12 projects) - no fixture spec (lamp/wattage/mount/size) on the label, so no National Estimator 2025 or NECA 2022 fixture line can be selected without inventing the type; needs the fixture schedule of each project (same treatment as FIXT TYPE A/B/C/D/E/E1/L1/L2/L3/L6 chunks 0-4, L4/E2/I/H/B1/L10/D1 chunk-6, E3/L chunk-9, K/M chunk-11, N/P1/N1 chunk-13, R/L15/S6/L4A chunk-14, P chunk-15)",,,,
17,2#12 MOTOR,,380,Equipment Hookup: Hook up single or three-phase motors to 600 volts - Fractional HP || raw: Fractional HP L1@0.50 Ea 5.22 23.30 28.52,5.22,0.50,Ea,276,Power Connections to Equipment Installed By Others - Copper 600 Volt Conduit: 20 Amp Circuits #12 & #10 || raw: 20 Amp Circuits #12 & #10 0.25 0.30 0.36 E,0.25,E,low,"Dupuis 2#12 MOTOR = alimentation moteur, 2 conducteurs #12 AWG (mecanique_moteur, BT; 92 occ / 15 projets; corpus 2#12 Motor 91 marks / 14 projects; variant 2#12 Motor EV-X 118 marks / 1 project = separate; related 2#12 Conn 240, chunk earlier). Read as the final power connection of a 2-wire #12 (20 A) circuit to a small motor supplied by others; motor HP, voltage and phase not on label -> low. NE 2025 raw p380: ""Fractional HP L1@0.50 Ea 5.22 23.30 28.52"" (2 x #12 = 20 A circuit implies a fractional-HP motor at 120/208/240 V; next size ""1 HP L1@0.75 Ea 6.78 34.90 41.68"" same page; material = flex/fittings/lugs only, motor by others). NECA raw p276 (26 05 83 Wiring Connections): ""20 Amp Circuits #12 & #10 0.25 0.30 0.36 E"" per circuit connection; alternative p277 ""Standard Wire Conductor Terminations: #12 0.15 0.19 0.23 E"" x 2 conductors = 0.30 h (used for 2#12 CONN). Conduit/cable run, disconnect and starter not included",Fractional HP L1@0.50 Ea 5.22 23.30 28.52,item,20 Amp Circuits #12 & #10 0.25 0.30 0.36 E,item
17,EXIT COMBO,,,none,,,,360,"Combination Exit & Emergency Lights (own heading, 26 52 00 Safety Lighting) || raw: Combination Exit & Emergency Lights X 1.00 1.25 1.56 E",1.00,E,medium,"Dupuis EXIT COMBO = enseigne de sortie combinee a l eclairage de secours (securite_incendie, BT; 157 occ / 18 projets; corpus EXIT COMBO 85 + exit combo 4 = 89 marks / 11 projects). Same device as ENSEIGNE SORTIE 2T / EXIT 2 TETE (chunk-0 second row). NECA raw p360 (26 52 00 Safety Lighting): ""Combination Exit & Emergency Lights X 1.00 1.25 1.56 E"" (X flag column in book); remote heads if any ""Remote lighting head for emergency & exit lights X 0.50 0.75 1.00 E"" same page. NE 2025 has NO combination exit/emergency unit (PDF grep ""combination exit"" -> 0; only T6-1/2 exit fixtures p172-173 and ""1 or 2 face exit fixtures with rechargeable batteries Ceiling mounted, red L1@0.75 Ea 275.00 34.90 309.90"" p173, which has no emergency heads) -> none; material must come from supplier quote. Single/double face, LED and battery runtime not on label",,,Combination Exit & Emergency Lights X 1.00 1.25 1.56 E,item
17,BORNE,,,none,,,,,none,,,none,"Dupuis BORNE = borne electrique, type incertain, categorie indetermine (172 occ / 8 projets; corpus bare BORNE 86 marks / 4 projects; categories.json: ""Pourrait designer une borne de recharge VE ou une borne/terminal generique; ambigu""). Not merged with BORNE DE RECHARGE (EVSE, 169 marks, chunk earlier) nor BORNE ELECTRIQUE 29 / BORNE INT 22 / BORNE INST 6 (separate labels). No device type can be fixed from the label, so no book line is selected in either book. If the project legend confirms an EV charger -> use BORNE DE RECHARGE row (NECA p41 ""40/2 AMP 2 Pole Unit 2.00 2.50 3.10 E"", NE none); if a power pedestal/bollard -> COLONNETTE row (chunk-15, NE p437 / NECA p226)",,,,
17,OPERATEUR PORTE,,381,"Equipment Hookup: Hook up mechanical equipment - Overhead door, comm. || raw: Overhead door, comm. L1@8.00 Ea 492.00 373.00 865.00",492.00,8.00,Ea,276,Power Connections to Equipment Installed By Others - Copper 600 Volt Conduit: 20 Amp Circuits #12 & #10 || raw: 20 Amp Circuits #12 & #10 0.25 0.30 0.36 E,0.25,E,low,"Dupuis OPERATEUR PORTE = operateur de porte automatique (moteur), mecanique_moteur, BT (148 occ / 37 projets; corpus 86 marks / 22 projects; normalisation OP -> OPERATEUR DE PORTE, a separate label in categories.json ""autre""). Operator supplied/installed by door trade; electrical scope = power (and control) connection. Door type (overhead/sectional vs swing/sliding pedestrian), HP and voltage not on label -> low. Neither book has an ""automatic door operator"" line (PDF grep ""door operator"" / ""automatic door"" -> 0 hits both books). NE 2025 raw p381 (Equipment Hookup): ""Overhead door, comm. L1@8.00 Ea 492.00 373.00 865.00"" taken as the only door-operator hookup line (includes control station wiring per that table); residential/light alt same page ""Overhead door, res. L1@2.50 Ea 98.80 116.00 214.80"" - for a pedestrian swing-door operator (120 V cord/plug, 15-20 A) the NE p380 motor hookup ""Fractional HP L1@0.50 Ea 5.22 23.30 28.52"" is the better fit. NECA raw p276 (26 05 83): ""20 Amp Circuits #12 & #10 0.25 0.30 0.36 E"" per power connection; control/interlock wiring to push buttons, safety edges or access control not included (NECA p404 access devices, e.g. ""Door Management Device 1.25 1.50 1.75 E"", if in scope)","Overhead door, comm. L1@8.00 Ea 492.00 373.00 865.00",item,20 Amp Circuits #12 & #10 0.25 0.30 0.36 E,item
17,FIXT TYPE R2,,,none,,,,,none,,,none,"Plan legend type code only (Dupuis: luminaire type R2 (serie R); 157 occ / 12 projets; corpus 83 marks / 7 projects) - no fixture spec (lamp/wattage/mount/size) on the label, so no National Estimator 2025 or NECA 2022 fixture line can be selected without inventing the type; needs the fixture schedule of each project (same treatment as FIXT TYPE A/B/C/D/E/E1/L1/L2/L3/L6 chunks 0-4, L4/E2/I/H/B1/L10/D1 chunk-6, E3/L chunk-9, K/M chunk-11, N/P1/N1 chunk-13, R/L15/S6/L4A chunk-14, P chunk-15)",,,,
17,30A 600V NF,,279,600 Volt Heavy Duty Safety Switches: NEMA 1 heavy duty non-fused 600 volt safety switches 3P 30A || raw: 3P 30A L1@0.50 Ea 261.00 23.30 284.30,261.00,0.50,Ea,322,Disconnect Safety Switches - Nonfused 3-Pole (NEMA 1; NEMA 3R add 10%): 30 Amp || raw: 30 Amp 2.00 2.50 3.00 E,2.00,E,medium,"Dupuis 30A 600V NF = sectionneur 30 A 600 V non-fusible (mecanique_moteur, BT; 130 occ / 23 projets; corpus 83 marks / 15 projects; same device as DISCONN variant ""DISCONN 30A 600V NF"" noted in DISCONN row, chunk earlier). Amperage, voltage and non-fused match exactly; poles and enclosure not on label (3P NEMA 1 assumed, 600 V = 3-phase motor loads) -> medium. NE 2025 raw p279: ""3P 30A L1@0.50 Ea 261.00 23.30 284.30"" (NEMA 1 heavy duty non-fused 600 V; 2P 30A same price/labor ""2P 30A L1@0.50 Ea 261.00 23.30 284.30""; NEMA 3R outdoor ""3P 30A L1@0.50 Ea 455.00 23.30 478.30"" same page; 4P ""4P 30A L1@0.60 Ea 736.00 28.00 764.00""). NECA raw p322 (26 28 16): ""30 Amp 2.00 2.50 3.00 E"" 3-pole nonfused (2-pole alt ""30 Amp 1.70 2.13 2.55 E"" p322; 4-pole ""30 Amp 2.50 3.13 3.75 E"" p323; note: NEMA 3R add 10%, stainless add 20%). Conductor terminations included per NECA disconnect tables; feeder/branch wiring separate",3P 30A L1@0.50 Ea 261.00 23.30 284.30,item,30 Amp 2.00 2.50 3.00 E,item
17,USB,,,none,,,,318,Duplex Receptacle - Straight Blade: 15 Amp 3 Wire with USB Ports || raw: 15 Amp 3 Wire with USB Ports 25.00 31.25 37.50 C,25.00,C,medium,"Dupuis USB = prise de courant avec chargeur USB integre (dispositif, BT; 160 occ / 10 projets; corpus 80 marks / 5 projects; categories.json: ""interprete comme receptacle combine USB plutot que cablage de donnees""). NECA raw p318 (26 27 26 Wiring Devices): ""15 Amp 3 Wire with USB Ports 25.00 31.25 37.50 C"" = 0.25 h each (20 A alt same page ""20 Amp 3 Wire with USB Ports 30.00 37.50 45.00 C""); amperage not on label -> 15 A taken as the Quebec default, medium. NE 2025 has NO USB receptacle line (PDF grep ""USB"" -> 0 hits) -> none; the plain 15 A spec-grade duplex p240 ""Ivory L1@0.20 Ea 2.83 9.32 12.15"" gives labor only and its material is not representative of a USB charger receptacle. Box, plate and branch circuit separate (family PRISE rows)",,,15 Amp 3 Wire with USB Ports 25.00 31.25 37.50 C,item
17,FIXT TYPE L13,,,none,,,,,none,,,none,"Plan legend type code only (Dupuis: luminaire type L13; 156 occ / 12 projets; corpus 80 marks / 7 projects) - no fixture spec (lamp/wattage/mount/size) on the label, so no National Estimator 2025 or NECA 2022 fixture line can be selected without inventing the type; needs the fixture schedule of each project (same treatment as FIXT TYPE A/B/C/D/E/E1/L1/L2/L3/L6 chunks 0-4, L4/E2/I/H/B1/L10/D1 chunk-6, E3/L chunk-9, K/M chunk-11, N/P1/N1 chunk-13, R/L15/S6/L4A chunk-14, P chunk-15)",,,,
17,FIXT TYPE H1,,,none,,,,,none,,,none,"Plan legend type code only (Dupuis: luminaire type H1 (au catalogue du releve); 156 occ / 19 projets; corpus 79 marks / 10 projects) - no fixture spec (lamp/wattage/mount/size) on the label, so no National Estimator 2025 or NECA 2022 fixture line can be selected without inventing the type; needs the fixture schedule of each project (same treatment as FIXT TYPE A/B/C/D/E/E1/L1/L2/L3/L6 chunks 0-4, L4/E2/I/H/B1/L10/D1 chunk-6, E3/L chunk-9, K/M chunk-11, N/P1/N1 chunk-13, R/L15/S6/L4A chunk-14, P chunk-15)",,,,
17,BA,,,none,,,,,none,,,none,"Dupuis BA = abreviation ambigue, signification incertaine, categorie indetermine (102 occ / 17 projets; corpus 79 marks / 10 projects; categories.json: ""2 lettres sans contexte suffisant pour trancher""). Corpus compounds do not settle it either (""ba x4 type e"" 7 marks -> ballast?; ""LECT GACHE BA"" in GACHE row -> bouton/acces?). No device type can be fixed from the label, so no book line is selected in either book. Same rule as RT (chunk-15), S (chunk-12), M/E/C (chunk-15). Resolve per project legend before pricing",,,,
17,J,,,none,,,,,none,,,none,"Dupuis J = lettre seule ambigue (repere ou fixture ""J""?), categorie indetermine (148 occ / 15 projets; corpus J 77 + j 1 = 78 marks / 7 projects; categories.json: ""Pourrait etre FIXT TYPE J abrege ou autre chose (ex. crochet-J); non tranchable""). Corpus compounds J PRISE 39, J INT 13, J PLAF 11, J 1 VOIE 10, J GFI 6, J TEL 5 suggest a junction-box/device-box prefix (""J"" + device) in some projects, but the bare letter is not confirmable and those compounds are separate labels. No device type can be fixed from the label, so no book line is selected. Same rule as single letters RT/M/E/C (chunk-15), S (chunk-12). Resolve per project legend (if luminaire type J -> plan legend code, needs fixture schedule; if junction box -> use BOITE/PULL BOX rows)",,,,
18,BOUTON RELACHE,,371,"Signal Systems: Surface mounted push buttons for signal systems - Round, plain || raw: Round, plain L1@0.20 Ea 3.59 9.32 12.91",3.59,0.20,Ea,404,Access Field Devices: Request to Exit || raw: Request to Exit 1.00 1.25 1.50 E,1.00,E,low,"Dupuis BOUTON RELACHE = bouton de relache/deverrouillage de porte (securite_incendie; categories.json: ""Bouton associe au controle d acces (relache de porte)""; 110 occ / 23 projets; corpus 78 marks / 16 projects). Read as the push-to-exit / door-release button of an access-controlled door (works with GACHE row, chunk earlier). NECA raw p404 (28 15 00 Access Field Devices): ""Request to Exit 1.00 1.25 1.50 E"" (REX push button); alternative same page ""Emergency Door Release 1.00 1.25 1.50 E"" (break-glass type, same hours) - button type (momentary REX vs emergency break-glass, illuminated or not) not on label -> low. NE 2025 has NO access-control door-release button (PDF grep ""door release"" / ""request to exit"" / ""exit button"" -> 0); nearest is the low-voltage signal push button raw p371 ""Round, plain L1@0.20 Ea 3.59 9.32 12.91"" (surface mounted; flush alt ""5/8\"" lighted, plain L1@0.25 Ea 4.40 11.60 16.00"" p371; intrusion ""Desk push button L1@0.25 Ea 22.40 11.60 34.00"" p372) - material proxy only, an access-control REX button costs more; take material from supplier quote. Strike (GACHE row), power supply (NECA p404 ""Door Lock Power Supply 3.00 3.75 4.50 E"") and cabling separate","Round, plain L1@0.20 Ea 3.59 9.32 12.91",item,Request to Exit 1.00 1.25 1.50 E,item
18,WF 2000W,,,none,,,,78,Electric 120 Volt Wall Heaters: 2000 Watt || raw: 2000 Watt 2.00 2.25 2.70 E,2.00,E,low,"Dupuis dictionary: ""luminaire (WF) 2000W"" (146 occ / 8 projets; corpus WF 2000W 77 marks / 5 projects; separate spellings WF2000W 10 / 2 and wf2000w 3 / 1 not merged). FLAG (same as WF1500W chunk-14): the WF series (WF1000W-WF8KW, variants ""WF1500W 240V"", ""WF3000W 347V"", ""WF 1500 C/A TH"") is Quebec electric heating nomenclature (aeroconvecteur mural / wall fan-forced heater), not a light fixture - dictionary category should be corrected to chauffage. Treated as a 2000 W wall fan-forced heater. NECA raw p78 (23 83 00): ""2000 Watt 2.00 2.25 2.70 E"" = exact wattage, but table is ""Electric 120 Volt Wall Heaters"" while a 2000 W unit in Quebec is 240 V or 347 V (NECA 240 V wall heater table starts at raw ""2500 Watt 2.00 2.25 2.70 E"", same hours); hung unit-heater alt raw p78 ""1 to 2 KW 2.00 2.50 3.00 E"" (same normal hours). Voltage, recessed/surface mounting and integral thermostat not on label -> low. NE 2025: no electric wall/fan heater line (grep heater -> only p380-381 hookups ""Unit heaters, small L1@2.00 Ea 86.10 93.20 179.30"" = connection only) -> none; heater material from supplier quote",,,2000 Watt 2.00 2.25 2.70 E,item
18,CHAUFFE EAU,,381,Equipment Hookup: Hook up kitchen equipment - Booster water heater || raw: Booster water heater L1@2.50 Ea 114.00 116.00 230.00,114.00,2.50,Ea,276,Power Connections to Equipment Installed By Others - Copper 600 Volt Conduit: 20 Amp Circuits #12 & #10 || raw: 20 Amp Circuits #12 & #10 0.25 0.30 0.36 E,0.25,E,low,"Dupuis CHAUFFE EAU = chauffe-eau (raccordement electrique), categorie autre, BT (144 occ / 60 projets; variant CHAUFFEAU, normalisation.json CHAUFFEAU -> CHAUFFE EAU; corpus CHAUFFE EAU 41 marks / 29 projects + chauffe eau 2 / 2 + CHAUFFEAU 33 / 12 = 76). Same device as CHAUFFE-EAU (hyphen spelling, chunk-16) - identical book lines taken for consistency. Water heater supplied by plumbing; electrical scope = feed + final connection; kW/voltage/amps not on label -> low. Neither book has a storage water heater line: NE grep ""water heater"" -> only p381 kitchen raw ""Booster water heater L1@2.50 Ea 114.00 116.00 230.00"" (hookup labor + connection material only, no heater) taken as nearest; NECA grep ""water heater"" -> 0. NECA raw p276 (26 05 83): ""20 Amp Circuits #12 & #10 0.25 0.30 0.36 E"" = final power connection, 20 A default (a 4.5-6 kW / 240 V tank on 30 A falls between this line and ""50 Amp Circuits #8 0.30 0.37 0.45 E""). Disconnect and branch circuit priced separately; confirm kW/voltage on plumbing schedule",Booster water heater L1@2.50 Ea 114.00 116.00 230.00,item,20 Amp Circuits #12 & #10 0.25 0.30 0.36 E,item
18,FIXT TYPE K2,,,none,,,,,none,,,none,"Plan legend type code only (Dupuis: luminaire type K2; 150 occ / 8 projets; corpus FIXT TYPE K2 50 marks / 3 projects + fixt type k2 25 / 1 = 75) - no fixture spec (lamp/wattage/mount/size) on the label, so no National Estimator 2025 or NECA 2022 fixture line can be selected without inventing the type; needs the fixture schedule of each project (same treatment as FIXT TYPE A/B/C/D/E/E1/L1/L2/L3/L6 chunks 0-4, L4/E2/I/H/B1/L10/D1 chunk-6, E3/L chunk-9, K/M chunk-11, N/P1/N1 chunk-13, R/L15/S6/L4A chunk-14, P chunk-15, D7/A3/S chunk-16, B2/R2/L13/H1 chunk-17)",,,,
18,1 EMT 13#12,ENS2BE4B1181801EE197,18,"EMT conduit in concealed areas, walls and closed ceilings 1"" || raw: 1"" L1@4.25 CLF 125.00 198.00 323.00",125.00,4.25,CLF,202,Electrical Metallic Tubing (EMT): 1-inch || raw: 1-inch 5.50 6.80 8.20 C,5.50,C,medium,"Dupuis conduit spec ""1 13c12"" = 1 in EMT with 13 x #12 conductors (conduits-spec.csv: 75 occurrences, 210,812.6 px total length); EE ensemble ENS2BE4B1181801EE197 ""conduit 1 13c12"" (key 19PE1 #12). NE 2025 p450 1"" EMT conduit assemblies stop at 6 conductors (raw ""6 #12THHN, solid L1@9.53 CLF 238.00 444.00 682.00"") - no 13-wire assembly, so priced as raceway + wire separately (same method as 3/4 EMT 7#12 chunk-16): NE raw p18 ""1\"" L1@4.25 CLF 125.00 198.00 323.00"" (EMT in concealed areas; alts p18 slab/trapeze and exposed lines; connectors/couplings/straps extra) + 13 x NE raw p94 ""# 12 L2@7.00 KLF 173.00 326.00 499.00"" (THHN solid copper, per 1000 ft = 0.70 h and 17.30 USD per 100 ft per conductor -> 9.10 h and 224.90 USD per 100 ft for 13), see companion row. NECA raw p202 ""1-inch 5.50 6.80 8.20 C"" + 13 x raw p150 ""#12 6.00 7.50 9.00 M"" (0.6 h/100 ft per conductor -> 7.80 h) = 13.30 h per 100 ft total. Medium: sizes exact but NE side is a sum of two tables rather than one assembly line. Conduit fill for 13 x #12 in 1"" EMT not checked against either book (verify per CEC). Boxes, terminations, bends not included","1"" L1@4.25 CLF 125.00 198.00 323.00",item,1-inch 5.50 6.80 8.20 C,item
18,1 EMT 13#12,ENS2BE4B1181801EE197,94,Copper Building Wire: Type THHN 600 volt solid copper building wire # 12 || raw: # 12 L2@7.00 KLF 173.00 326.00 499.00,173.00,7.00,KLF,150,600 Volt Bldg Wire-1/C-Copper Type THHN & THWN: #12 || raw: #12 6.00 7.50 9.00 M,6.00,M,high,"Companion row: wire per 1000 ft, x 13 conductors. NE raw p94 ""# 12 L2@7.00 KLF 173.00 326.00 499.00"" (crew L2). NECA raw p150 ""#12 6.00 7.50 9.00 M"" (note p150: reduce labor 10% with factory-lubricated wire). Add to the 1"" EMT raceway row above",# 12 L2@7.00 KLF 173.00 326.00 499.00,item,#12 6.00 7.50 9.00 M,item
18,TR,,,none,,,,,none,,,none,"Dupuis TR = transformateur (distribution, BT; 148 occ / 16 projets; corpus 74 marks / 8 projects). Label carries no kVA, phase, voltage or mounting, and both books price transformers by exactly those: NE 2025 p333-335 ""Dry Type Transformers, Indoor/Outdoor"" (single-phase from raw "".050 KVA L1@0.25 Ea 213.00 11.60 224.60"" p333; three-phase from raw ""3 KVA L2@0.75 Ea 2,520.00 34.90 2,554.90"" p335); NECA 2022 p287-288 (26 22 00) ""Transformers Indoor Type Up to 600 Volt Primary"" from raw ""10 KVA 4.00 6.00 8.00 E"", ""Single Phase Wall Mounted"" from raw ""1/2 KVA 4.00 5.00 6.00 E"", ""Three Phase Wall Mounted"" from raw ""1 KVA 5.00 6.25 7.50 E"", floor mounted from raw ""15 KVA 8.00 10.00 12.00 E"" (1-ph) / ""15 KVA 9.00 11.25 13.50 E"" (3-ph); note: NECA units = unload, inspect, handling and setting only. No line selectable from the bare label -> none in both books; resolve kVA/phase from the project single-line diagram, then pick the matching NE p333-335 and NECA p287-288 lines. Not merged with TH (thermostat) or TYPE T1",,,,
18,FIXT TYPE D6,,,none,,,,,none,,,none,"Plan legend type code only (Dupuis: luminaire type D6; 130 occ / 9 projets; corpus 74 marks / 6 projects) - no fixture spec (lamp/wattage/mount/size) on the label, so no National Estimator 2025 or NECA 2022 fixture line can be selected without inventing the type; needs the fixture schedule of each project (same treatment as FIXT TYPE A/B/C/D/E/E1/L1/L2/L3/L6 chunks 0-4, L4/E2/I/H/B1/L10/D1 chunk-6, E3/L chunk-9, K/M chunk-11, N/P1/N1 chunk-13, R/L15/S6/L4A chunk-14, P chunk-15, D7/A3/S chunk-16, B2/R2/L13/H1 chunk-17)",,,,
18,H,,,none,,,,,none,,,none,"Dupuis H = lettre isolee non resolue, categorie indetermine (109 occ / 18 projets; corpus H 66 marks / 10 projects + h 8 / 1 = 74). Could be FIXT TYPE H abbreviated (FIXT TYPE H chunk-6, H1 chunk-17), a heater/hotte mark or a plan reference - not confirmable from the label. No device type can be fixed, so no book line is selected in either book. Same rule as single letters RT/M/E/C (chunk-15), S (chunk-12), J/BA (chunk-17). Resolve per project legend (if luminaire type H -> plan legend code, needs fixture schedule)",,,,
18,3/4 EMT 9#12,ENS68FBD2DD139190131,18,"EMT conduit in concealed areas, walls and closed ceilings 3/4"" || raw: 3/4"" L1@3.75 CLF 74.30 175.00 249.30",74.30,3.75,CLF,202,Electrical Metallic Tubing (EMT): 3/4-inch || raw: 3/4-inch 5.00 6.20 7.50 C,5.00,C,medium,"Dupuis conduit spec ""3/4 9c12"" = 3/4 in EMT with 9 x #12 conductors (conduits-spec.csv: 74 occurrences, 208,056.5 px total length); EE ensemble ENS68FBD2DD139190131 ""conduit 3/4 09c12"" (key 19PE0.75 #12). NE 2025 p449 3/4"" EMT conduit assemblies stop at 6 conductors (raw ""6 #12THHN, solid L1@8.72 CLF 184.00 406.00 590.00"") - no 9-wire assembly, so priced as raceway + wire separately (same method as 3/4 EMT 7#12 chunk-16): NE raw p18 ""3/4\"" L1@3.75 CLF 74.30 175.00 249.30"" (EMT in concealed areas; alts p18 ""3/4\"" L1@3.50 CLF 74.30 163.00 237.30"" slab/trapeze, ""3/4\"" L1@4.00 CLF 74.30 186.00 260.30"" exposed; connectors/couplings/straps extra) + 9 x NE raw p94 ""# 12 L2@7.00 KLF 173.00 326.00 499.00"" (0.70 h and 17.30 USD per 100 ft per conductor -> 6.30 h and 155.70 USD per 100 ft for 9), see companion row. NECA raw p202 ""3/4-inch 5.00 6.20 7.50 C"" + 9 x raw p150 ""#12 6.00 7.50 9.00 M"" (0.6 h/100 ft per conductor -> 5.40 h) = 10.40 h per 100 ft total. Medium: sizes exact but NE side is a sum of two tables. Conduit fill for 9 x #12 in 3/4"" EMT not checked against either book (verify per CEC). Boxes, terminations, bends not included","3/4"" L1@3.75 CLF 74.30 175.00 249.30",item,3/4-inch 5.00 6.20 7.50 C,item
18,3/4 EMT 9#12,ENS68FBD2DD139190131,94,Copper Building Wire: Type THHN 600 volt solid copper building wire # 12 || raw: # 12 L2@7.00 KLF 173.00 326.00 499.00,173.00,7.00,KLF,150,600 Volt Bldg Wire-1/C-Copper Type THHN & THWN: #12 || raw: #12 6.00 7.50 9.00 M,6.00,M,high,"Companion row: wire per 1000 ft, x 9 conductors. NE raw p94 ""# 12 L2@7.00 KLF 173.00 326.00 499.00"" (crew L2). NECA raw p150 ""#12 6.00 7.50 9.00 M"" (note p150: reduce labor 10% with factory-lubricated wire). Add to the 3/4"" EMT raceway row above",# 12 L2@7.00 KLF 173.00 326.00 499.00,item,#12 6.00 7.50 9.00 M,item
18,B 1500W,,,none,,,,78,none,,,none,"Dupuis dictionary: ""luminaire type B, designe par puissance (1500W)"" (117 occ / 16 projets; corpus B 1500W 68 marks / 10 projects + b 1500w 4 / 1 = 72; categories.json note ""Nomenclature lettre+puissance distincte de PLINTHE; probable luminaire""). FLAG (same as B750W chunk, B1250W chunk-6, 1500W chunk): the B-series (B500W...B2500W in 250 W steps, variants ""B1500W 240V"", ""347 B1250W"") reads as electric baseboard heaters (plinthe serie B) at 240 V / 347 V, and normalisation.json maps bare ""1250W"" -> PLINTHE - CATEGORY CONFLICT to resolve with Dupuis. Treated as a 1500 W baseboard. NECA p78 (23 83 00) lists baseboard heaters by length only, watt-to-length mapping not in book: raw ""48-inch 0.90 1.13 1.35 E"", ""60-inch 1.00 1.25 1.50 E"", ""72-inch 1.10 1.38 1.65 E"" -> no line selectable from 1500 W alone (none; same rule as B750W). NECA 120 V wall heaters p78 skip 1500 W (raw ""1400 Watt 1.50 1.75 2.10 E"" / ""1600 Watt 1.75 1.88 2.25 E""). NE 2025: no electric baseboard / wall heater line (grep baseboard|heater -> duct/unit heater hookups p380-381 only) -> none. Needs heater length from project schedule, then use the NECA p78 length line; the 1500W row (chunk earlier) shows the 60-inch line as a catalog-based assumption only",,,,
18,F,,,none,,,,,none,,,none,"Dupuis F = lettre isolee non resolue, categorie indetermine (137 occ / 21 projets; corpus F 70 marks / 11 projects + f 1 / 1 = 71; categories.json: ""Pourrait lier a TYPE F mais aucune confirmation ; non invente""). No device type can be fixed from the label, so no book line is selected in either book. Same rule as single letters RT/M/E/C (chunk-15), S (chunk-12), J/BA (chunk-17), H (this chunk). Resolve per project legend (if luminaire type F -> plan legend code, needs fixture schedule)",,,,
18,20A 1P,,308,"Circuit Breakers: 120/240 volt bolt-on circuit breakers, 10,000 A.I.C. 1 pole 20A || raw: 1 pole 20A L1@0.15 Ea 29.80 6.99 36.79",29.80,0.15,Ea,293,Panelboard Terminations: Single Pole Circuit Breaker (copper conductor termination including neutral): 20 Amp || raw: 20 Amp 0.34 0.43 0.51 E,0.34,E,medium,"Dupuis 20A 1P = disjoncteur 20 A 1 pole (distribution, BT; 134 occ / 10 projets; corpus 70 marks / 6 projects). Amperage and poles match exactly; breaker type (bolt-on vs plug-in), voltage rating (120/240 vs 347/600 V) and interrupting rating not on label -> medium. NE 2025 raw p308: ""1 pole 20A L1@0.15 Ea 29.80 6.99 36.79"" (120/240 V bolt-on, 10 kA - bolt-on taken as the commercial-panel default); plug-in alt raw p307 ""1 pole 20A L1@0.10 Ea 23.40 4.66 28.06"" (120/240 V plug-in, 10 kA); higher-rated thermal-magnetic alts p309 ""1 pole 20A L1@0.20 Ea 149.00 9.32 158.32"", p310 ""1 pole 20A L1@0.30 Ea 187.00 14.00 201.00"", p313 ""1 pole 20A L1@0.25 Ea 100.00 11.60 111.60"" / ""1 pole 20A L1@0.30 Ea 115.00 14.00 129.00"" (for 347 V lighting panels use the p310/p313 lines per their table headers). NECA 2022 has no ""install branch breaker"" line (panelboard tables p289-292 price the enclosure/interior with breakers factory-installed); raw p293 (26 24 00): ""20 Amp 0.34 0.43 0.51 E"" = single-pole breaker termination incl. neutral, taken as the per-breaker labor; add raw p293 ""Add for Special Purpose Breakers (Arc-Fault, GFI, Shunt Trip) 0.15 0.25 0.35 E"" if applicable. Panel and branch wiring separate",1 pole 20A L1@0.15 Ea 29.80 6.99 36.79,item,20 Amp 0.34 0.43 0.51 E,item
19,FIXT TYPE D5,,,none,,,,,none,,,none,"Plan legend type code only (Dupuis: luminaire type D5; 121 occ / 8 projets; corpus 69 marks / 5 projects; categories.json: sous-variante D5 du type D) - no fixture spec (lamp/wattage/mount/size) on the label, so no National Estimator 2025 or NECA 2022 fixture line can be selected without inventing the type; needs the fixture schedule of each project (same treatment as FIXT TYPE A/B/C/D/E/E1/L1/L2/L3/L6 chunks 0-4, L4/E2/I/H/B1/L10/D1 chunk-6, E3/L chunk-9, K/M chunk-11, N/P1/N1 chunk-13, R/L15/S6/L4A chunk-14, P chunk-15, D7/A3/S chunk-16, B2/R2/L13/H1 chunk-17)",,,,
19,RS,,,none,,,,,none,,,none,"Dupuis RS = abreviation non resolue, categorie indetermine (100 occ / 8 projets; corpus 69 marks / 5 projects; categories.json: ""Signification incertaine ; non listee au glossaire du brief""). No compound label in etiquettes.csv contains RS as a token to settle it (could be a fixture type, a remote switch, a relay, a project legend mark). No device type can be fixed from the label, so no book line is selected in either book. Same rule as RT/M (chunk-15), BA/J (chunk-17). Resolve per project legend before pricing",,,,
19,FIXTURE TYPE B,,,none,,,,,none,,,none,"Plan legend type code only (Dupuis: luminaire type B (orthographe complete FIXTURE vs FIXT); 69 occ / 9 projets; corpus 69 marks / 9 projects; categories.json: ""lien avec FIXT TYPE B1 incertain (B != B1)""; same legend code as FIXT TYPE B (chunk 0-4) -> reuse that project fixture schedule) - no fixture spec (lamp/wattage/mount/size) on the label, so no National Estimator 2025 or NECA 2022 fixture line can be selected without inventing the type; needs the fixture schedule of each project (same treatment as FIXT TYPE A/B/C/D/E/E1/L1/L2/L3/L6 chunks 0-4, L4/E2/I/H/B1/L10/D1 chunk-6, E3/L chunk-9, K/M chunk-11, N/P1/N1 chunk-13, R/L15/S6/L4A chunk-14, P chunk-15, D7/A3/S chunk-16, B2/R2/L13/H1 chunk-17)",,,,
19,OS,,,none,,,,281,Occupancy Sensors: Ceiling Mounted Sensor || raw: Ceiling Mounted Sensor 0.50 0.63 0.75 E,0.50,E,medium,"Dupuis OS = detecteur de presence / occupancy sensor (plafonnier), dispositif, BT (131 occ / 9 projets; corpus bare OS 68 marks / 6 projects; compounds Detecteur OS2 81, SERV OS3 40, INT OS 26, OS DT 24, JC OS4 22, INT OS4 21, W OS 20, OS1 19 = separate labels with a project index/suffix; categories.json: ""Abreviation anglaise courante du metier pour capteur de presence lie au controle d eclairage""). Same device as DETECTEUR MOUVEMENT / DETECTEUR PRESENCE / DETECTEUR MOUV (chunks earlier) -> same lines reused. NECA raw p281 (26 09 00 Occupancy Sensors): ""Ceiling Mounted Sensor 0.50 0.63 0.75 E"" (Dupuis says plafonnier -> ceiling); same table ""Passive Infrared Occupancy Sensor 0.50 0.63 0.75 E"" (same hours), wall-switch type ""Automatic Wall Switch 0.35 0.44 0.53 E"" (use for INT OS labels), ""Intelligent Power Pack 0.75 0.94 1.13 E"" (add if line-voltage power pack). NE 2025 has no occupancy/motion sensor product line (CSV grep occupancy|motion sensor -> 0) -> none; material from supplier quote. Technology (PIR/ultrasonic/dual) and low-voltage vs line-voltage not on label -> medium",,,Ceiling Mounted Sensor 0.50 0.63 0.75 E,item
19,R,,,none,,,,,none,,,none,"Dupuis R = lettre seule ambigue (repere ou fixture ""R""?), categorie indetermine (124 occ / 11 projets; corpus R 60 + r 7 = 67 marks / 4 projects; categories.json: ""Pourrait etre lie a FIXT TYPE R3 (famille R) mais non confirmable seul""). Not merged with FIXT TYPE R (chunk-14, also none) because the single letter is not proven to be the luminaire code (could be a relay, a receptacle mark, a legend index). No device type can be fixed from the label, so no book line is selected. Same rule as single letters RT/M/E/C (chunk-15), J (chunk-17). Resolve per project legend before pricing",,,,
19,FIXT TYPE BB,,,none,,,,,none,,,none,"Plan legend type code only (Dupuis: luminaire type BB; 122 occ / 8 projets; corpus 66 marks / 5 projects) - no fixture spec (lamp/wattage/mount/size) on the label, so no National Estimator 2025 or NECA 2022 fixture line can be selected without inventing the type; needs the fixture schedule of each project (same treatment as FIXT TYPE A/B/C/D/E/E1/L1/L2/L3/L6 chunks 0-4, L4/E2/I/H/B1/L10/D1 chunk-6, E3/L chunk-9, K/M chunk-11, N/P1/N1 chunk-13, R/L15/S6/L4A chunk-14, P chunk-15, D7/A3/S chunk-16, B2/R2/L13/H1 chunk-17)",,,,
19,FIXT TYPE N2,,,none,,,,,none,,,none,"Plan legend type code only (Dupuis: luminaire type N2; 120 occ / 15 projets; corpus 64 marks / 8 projects; lowercase fixt type n2 2 marks / 1 project merged; categories.json: type de luminaire au catalogue du releve) - no fixture spec (lamp/wattage/mount/size) on the label, so no National Estimator 2025 or NECA 2022 fixture line can be selected without inventing the type; needs the fixture schedule of each project (same treatment as FIXT TYPE A/B/C/D/E/E1/L1/L2/L3/L6 chunks 0-4, L4/E2/I/H/B1/L10/D1 chunk-6, E3/L chunk-9, K/M chunk-11, N/P1/N1 chunk-13, R/L15/S6/L4A chunk-14, P chunk-15, D7/A3/S chunk-16, B2/R2/L13/H1 chunk-17)",,,,
19,MOTEUR 600V,,380,Equipment Hookup: Hook up single or three-phase motors to 600 volts - Fractional HP || raw: Fractional HP L1@0.50 Ea 5.22 23.30 28.52,5.22,0.50,Ea,276,Power Connections to Equipment Installed By Others - Copper 600 Volt Conduit: 20 Amp Circuits #12 & #10 || raw: 20 Amp Circuits #12 & #10 0.25 0.30 0.36 E,0.25,E,low,"Dupuis MOTEUR 600V = moteur electrique 600 V, mecanique_moteur, BT (107 occ / 11 projets; corpus MOTEUR 600V 64 + moteur 600v 1 = 65 marks / 5 projects; categories.json: ""Raccordement moteur triphase industriel 600V""). Read as the final power connection of a 600 V three-phase motor supplied by others; HP and circuit size NOT on the label (corpus variants MOTEUR 2 HP 600V 14 marks, MOTEUR UV 600V 11 are separate labels) -> low. NE 2025 p380 table ""Hook up single or three-phase motors to 600 volts"" is the exact voltage class; the line depends on HP: raw floor ""Fractional HP L1@0.50 Ea 5.22 23.30 28.52"", then ""1 HP L1@0.75 Ea 6.78 34.90 41.68"" (1 to 3 HP identical), ""5 HP L1@1.00 Ea 9.88 46.60 56.48"" (5 and 7-1/2 HP), ""10 HP L1@1.25 Ea 19.50 58.20 77.70"" (10-15 HP), ""20 HP L1@1.50 Ea 33.20 69.90 103.10"" (20-25 HP), ""30 HP L1@2.00 Ea 65.80 93.20 159.00"", ""50 HP L1@3.00 Ea 98.80 140.00 238.80"", ""75 HP L1@4.00 Ea 164.00 186.00 350.00"", ""100 HP L1@5.00 Ea 233.00 233.00 466.00"" (material = flex/fittings/lugs only, motor by others) -> pick the HP line from the mechanical schedule. NECA 2022 has no per-HP motor connection table in Division 26 (p59 ""Motor Handling - 0 - 600 Volt A.C. Up to 5 Horsepower 5.00 6.00 7.00 E"" is Division 21 unload/inspect/install of the motor itself, not applicable when the motor is set by others; p274-275 are starters). Closest is p276 (26 05 83 Wiring Connections) by circuit size: raw floor ""20 Amp Circuits #12 & #10 0.25 0.30 0.36 E"", then ""50 Amp Circuits #8 0.30 0.37 0.45 E"", ""60 Amp Circuits #6 0.33 0.42 0.50 E"", ""80 Amp Circuits #4 0.36 0.45 0.54 E"", ""100 Amp Circuits #2 0.45 0.57 0.68 E"" -> pick by conductor size of the motor branch circuit. Conduit/cable run, disconnect and starter not included (see 30A 600V NF chunk-17, starters separate)",Fractional HP L1@0.50 Ea 5.22 23.30 28.52,item,20 Amp Circuits #12 & #10 0.25 0.30 0.36 E,item
19,HORN WP,,369,"Sirens and Horns: Horns, AC 24 VAC, weatherproof || raw: 24 VAC, weatherproof L1@0.40 Ea 97.50 18.60 116.10",97.50,0.40,Ea,409,Security Systems - Signaling Devices: Horn - Outdoor || raw: Horn - Outdoor 0.80 1.00 1.20 E,0.80,E,low,"Dupuis HORN WP = avertisseur sonore (horn) etanche, exterieur, securite_incendie (76 occ / 9 projets; corpus 65 marks / 6 projects; categories.json: ""WP=Weatherproof (etanche) ; dispositif de notification du systeme d alarme incendie, usage exterieur""). Same lines as the KLAXON WP variant row (chunk earlier) for consistency; indoor HORN row (chunk earlier) used NE p369 ""24 VDC, flush"" + NECA p410 Bell 0.75. NE 2025 p369 weatherproof horns exist only in AC voltages: raw ""24 VAC, weatherproof L1@0.40 Ea 97.50 18.60 116.10"" (also ""120 VAC, weatherproof L1@0.40 Ea 97.50 18.60 116.10"", ""240 VAC, weatherproof L1@0.40 Ea 101.00 18.60 119.60""); fire-alarm signal circuits are typically 24 VDC and NE has no DC weatherproof horn (DC lines are flush/projector/grille only) -> low; labor 0.40 h identical across all p369 horn lines. NECA 2022 p410 Fire Alarm - Signaling prints no horn and no weatherproof line (all FA signaling devices 0.75 E: ""Bell 0.75 1.00 1.25 E"", ""Strobe Light 0.75 1.00 1.25 E""); closest outdoor horn is p409 (28 31 00 Intrusion Detection) raw ""Horn - Outdoor 0.80 1.00 1.20 E"" (indoor ""Horn - Indoor 0.60 0.75 0.90 E"") -> low. Weatherproof back box, voltage, candela/strobe not on label","24 VAC, weatherproof L1@0.40 Ea 97.50 18.60 116.10",item,Horn - Outdoor 0.80 1.00 1.20 E,item
19,1/2 EMT 5#12,ENS4DDD71F9D514C715F,448,"1/2"" EMT Conduit Assemblies: 100' 1/2"" EMT conduit, 2 set screw connectors, 9 set screw couplings and 9 one-hole straps 5 #12THHN, solid || raw: 5 #12THHN, solid L1@7.57 CLF 130.00 353.00 483.00",130.00,7.57,CLF,202,Electrical Metallic Tubing (EMT): 1/2-inch || raw: 1/2-inch 4.50 5.60 6.70 C,4.50,C,high,"Dupuis conduit spec ""1/2 5c12"" = 1/2 in EMT with 5 x #12 conductors (conduits-spec.csv: 65 occurrences, 353,953.6 px total length); EE ensemble ENS4DDD71F9D514C715F ""conduit 1/2 05c12"" (key 19PE0.5 #12); corpus label ""1/2 5c12"" 65 marks. Exact match. NE raw p448 (conduit assemblies, per 100 ft incl. 2 connectors, 9 couplings, 9 straps, 5 wires): ""5 #12THHN, solid L1@7.57 CLF 130.00 353.00 483.00"" (stranded alt same page ""5 #12THHN, stranded L1@7.57 CLF 113.00 353.00 466.00""). NECA raw p202 (26 05 33 EMT, note: add 10% for colored conduit): ""1/2-inch 4.50 5.60 6.70 C"" per 100 ft raceway only; wire in companion row. Same method as 1/2 EMT 3#12 (chunk-14) and 3/4 EMT 3#12 (chunk-15). Note: 5 x #12 THHN in 1/2 in EMT is at the CEC/NEC fill limit for compact/THHN; verify project fill rules","5 #12THHN, solid L1@7.57 CLF 130.00 353.00 483.00",item,1/2-inch 4.50 5.60 6.70 C,item
19,1/2 EMT 5#12,ENS4DDD71F9D514C715F,,none,,,,150,600 Volt Bldg Wire-1/C-Copper Type THHN & THWN: #12 || raw: #12 6.00 7.50 9.00 M,6.00,M,high,"Companion row: NECA #12 THHN/THWN copper 6.00 h per 1000 ft (p150), x 5 conductors, to add to EMT 1/2-inch 4.50 h/100 ft (p202). Note p150: reduce labor 10% with factory-lubricated wire. NE side already bundled in the p448 assembly line -> none here",,,#12 6.00 7.50 9.00 M,item
19,FIXT TYPE S2,,,none,,,,,none,,,none,"Plan legend type code only (Dupuis: luminaire type S2; 120 occ / 13 projets; corpus 64 marks / 8 projects) - no fixture spec (lamp/wattage/mount/size) on the label, so no National Estimator 2025 or NECA 2022 fixture line can be selected without inventing the type; needs the fixture schedule of each project (same treatment as FIXT TYPE A/B/C/D/E/E1/L1/L2/L3/L6 chunks 0-4, L4/E2/I/H/B1/L10/D1 chunk-6, E3/L chunk-9, K/M chunk-11, N/P1/N1 chunk-13, R/L15/S6/L4A chunk-14, P chunk-15, D7/A3/S chunk-16, B2/R2/L13/H1 chunk-17)",,,,
19,HORLOGE,,237,"Time Switches: 24 hour plain dial, 40 amp 120V, SPST || raw: 120V, SPST L1@1.00 Ea 63.70 46.60 110.30",63.70,1.00,Ea,281,"Time Clocks and Lighting Contactors: 120 Volt 24-Hour timer, multi-pole || raw: 120 Volt 24-Hour timer, multi-pole 1.60 2.00 2.50 E",1.60,E,low,"Dupuis HORLOGE = horloge de controle (minuterie electrique), dispositif, BT (105 occ / 9 projets; corpus HORLOGE 60 + horloge 3 = 63 marks / 5 projects; compounds SEC HORLOGE 32, SEC HORLOGE DOUBLE 17, RELO HORLOGE 13 = separate labels; categories.json: ""Dispositif de controle temporise (eclairage/CVAC) ou horloge alimentee""). Read as a 24-hour time switch (time clock) controlling lighting/HVAC; dial type, voltage, poles and 7-day/astro option NOT on label -> low. NE raw p237 (Time Switches, 40 amp): floor ""120V, SPST L1@1.00 Ea 63.70 46.60 110.30"" (24 hour plain dial); same page ""208/277V, SPST L1@1.00 Ea 71.10 46.60 117.70"", DPST ""120V, DPST L1@1.00 Ea 69.60 46.60 116.20"", skip-a-day ""120V, SPDT L1@1.00 Ea 92.90 46.60 139.50"", astro-dial + skip-a-day ""120V, SPDT L1@1.00 Ea 150.00 46.60 196.60"", outdoor heavy-duty ""120V, SPST L1@1.00 Ea 97.70 46.60 144.30"" - labor 1.00 h identical across the table, only material changes. NECA raw p281 (26 09 00 Time Clocks and Lighting Contactors, note: contactor enclosure not included): ""120 Volt 24-Hour timer, multi-pole 1.60 2.00 2.50 E""; astronomical alt same page ""120 Volt 24Hr- Programmable Astronomical Switch 2.25 2.81 3.52 E""; lighting contactor if any ""Lighting Contactor up to 4 Pole 0.80 1.00 1.25 E"" (separate). If the project legend means a wall clock (SEC HORLOGE = secondary clock of a clock system) use instead NE p371 ""Commercial grade clocks 8 in dia. silver L1@0.50 Ea 45.80 23.30 69.10"" and NECA p396 (27 53 00 Clock Systems) ""Single-Face Clock 0.60 0.75 0.90 E"" - not selected here because Dupuis defines HORLOGE as minuterie","120V, SPST L1@1.00 Ea 63.70 46.60 110.30",item,"120 Volt 24-Hour timer, multi-pole 1.60 2.00 2.50 E",item
20,FIXT TYPE G1,,,none,,,,,none,,,none,"Plan legend type code only (Dupuis: luminaire type G1 selon legende, BT; 124 occ / 10 projets; corpus 62 marks / 5 projects; categories.json: ""Type de luminaire codifie selon la legende du projet"") - no fixture spec (lamp/wattage/mount/size) on the label, so no National Estimator 2025 or NECA 2022 fixture line can be selected without inventing the type; needs the fixture schedule of each project (same treatment as FIXT TYPE A/B/C/D/E/E1/L1/L2/L3/L6 chunks 0-4, L4/E2/I/H/B1/L10/D1 chunk-6, E3/L chunk-9, K/M chunk-11, N/P1/N1 chunk-13, R/L15/S6/L4A chunk-14, P chunk-15, D7/A3/S chunk-16, B2/R2/L13/H1 chunk-17, D5/FIXTURE TYPE B chunk-19)",,,,
20,GFI 15/20,,247,"Ground Fault Circuit Interrupter (GFCI) Duplex Receptacles: 20 amp, 120 volt AC, commercial specification-grade, duplex with indicating light and wall plate, feed through Ivory || raw: Ivory L1@0.20 Ea 14.10 9.32 23.42",14.10,0.20,Ea,318,Duplex Receptacle - Straight Blade: 20 Amp GFCI or AFCI || raw: 20 Amp GFCI or AFCI 35.00 43.75 52.50 C,35.00,C,medium,"Dupuis GFI 15/20 = disjoncteur/prise GFI 15/20A, dispositif, BT (120 occ / 8 projets; corpus GFI 15/20 61 marks / 5 projects + GFI 15/20A 180, PRISE 15/20A GFI 45, PRISE 15/20 GFI 30, 15/20GFI 12, 15/20 GFI DISJ 12 = separate labels; categories.json: ""GFI = disjoncteur de fuite a la terre (brief); calibre 15/20A""). Read as a GFCI duplex receptacle rated 15/20 A (Quebec plan convention for a 20 A T-slot 5-20R receptacle also accepting 15 A plugs; the 15/20 calibre wording is not resolved further in the Dupuis files) -> 20 A GFCI lines taken, voltage (120 V) assumed -> medium. NE 2025 raw p247: ""Ivory L1@0.20 Ea 14.10 9.32 23.42"" (20 A 120 V commercial spec-grade GFCI duplex, feed-through; 15 A alt same page ""Ivory L1@0.20 Ea 11.70 9.32 21.02"" used for GFI / GFI WP chunks; heavy-duty 20 A alt ""Ivory L1@0.20 Ea 60.40 9.32 69.72""). NECA 2022 raw p318 (26 27 26 Wiring Devices): ""20 Amp GFCI or AFCI 35.00 43.75 52.50 C"" = 0.35 h each (C = per 100; 15 A alt ""15 Amp GFCI or AFCI 30.00 37.50 45.00 C""). If the label means a GFI breaker instead (categories.json says disjoncteur/prise), use the 15A 1P / 20A 1P breaker rows plus NECA p293 ""Add for Special Purpose Breakers (Arc-Fault, GFI, Shunt Trip) 0.15 0.25 0.35 E"". Box, plate and branch wiring separate",Ivory L1@0.20 Ea 14.10 9.32 23.42,item,20 Amp GFCI or AFCI 35.00 43.75 52.50 C,item
20,L,,,none,,,,,none,,,none,"Dupuis L = lettre isolee non resolue, categorie indetermine (116 occ / 13 projets; corpus L 55 marks / 6 projects + l 5 marks / 1 project; categories.json: ""Signification incertaine (luminaire? ligne?) ; non inventee""). Same rule as the bare-letter rows D/H/V/RS (chunks 15/17/19): could be a luminaire type L (see FIXT TYPE L chunk-9 -> also none), a legend mark, or a line reference; no device type can be fixed from the label, so no book line is selected in either book. Resolve per project legend before pricing",,,,
20,D,,,none,,,,,none,,,none,"Dupuis D = lettre seule ambigue (repere ou fixture ""D""?), categorie indetermine (117 occ / 23 projets; corpus D 46 marks / 10 projects + d 13 marks / 2 projects; categories.json: ""Pourrait etre lie a FIXT TYPE D7 (famille D) mais non confirmable seul""). No device type can be fixed from the label (luminaire type D -> would still need the fixture schedule, see FIXT TYPE D chunks 0-4 / D5 chunk-19 -> none), so no book line is selected in either book. Resolve per project legend before pricing",,,,
20,FIXT TYPE F3,,,none,,,,,none,,,none,"Plan legend type code only (Dupuis: luminaire type F3, BT; 114 occ / 8 projets; corpus 57 marks / 4 projects) - no fixture spec (lamp/wattage/mount/size) on the label, so no National Estimator 2025 or NECA 2022 fixture line can be selected without inventing the type; needs the fixture schedule of each project (same treatment as FIXT TYPE A/B/C/D/E/E1/L1/L2/L3/L6 chunks 0-4, L4/E2/I/H/B1/L10/D1 chunk-6, E3/L chunk-9, K/M chunk-11, N/P1/N1 chunk-13, R/L15/S6/L4A chunk-14, P chunk-15, D7/A3/S chunk-16, B2/R2/L13/H1 chunk-17, D5/FIXTURE TYPE B chunk-19)",,,,
20,POMPE,,381,"Equipment Hookup: Hook up mechanical equipment - Sump pumps, small || raw: Sump pumps, small L1@2.00 Ea 33.10 93.20 126.30",33.10,2.00,Ea,276,Power Connections to Equipment Installed By Others - Copper 600 Volt Conduit: 20 Amp Circuits #12 & #10 || raw: 20 Amp Circuits #12 & #10 0.25 0.30 0.36 E,0.25,E,low,"Dupuis POMPE = pompe (raccordement moteur), mecanique_moteur, BT (84 occ / 22 projets; corpus 57 marks / 13 projects). Read as the final power connection of a pump motor supplied by others; HP, voltage, phase and circuit size NOT on the label -> low. NE 2025 has exactly one pump hookup line, raw p381 (Equipment Hookup, mechanical equipment): ""Sump pumps, small L1@2.00 Ea 33.10 93.20 126.30"" (material = flex/fittings/lugs only, pump by others); alt same page ""Pump control panels L1@2.50 Ea 83.60 116.00 199.60"" if a control panel is in scope; for a larger pump use the per-HP motor hookup table p380 ""Hook up single or three-phase motors to 600 volts"" (raw floor ""Fractional HP L1@0.50 Ea 5.22 23.30 28.52"", ""1 HP L1@0.75 Ea 6.78 34.90 41.68"", ""5 HP L1@1.00 Ea 9.88 46.60 56.48"", ""10 HP L1@1.25 Ea 19.50 58.20 77.70"" ... see MOTEUR 600V row) picked from the mechanical schedule. NECA 2022: no pump connection line (grep pump -> only p332 Fire Pump Controller 25-200 HP, Division 26 33 00 fire pump controllers, not a small pump); same treatment as MOTEUR 600V / VENTILATEUR / CHAUFFE-EAU rows: raw p276 (26 05 83 Wiring Connections) by branch-circuit size, floor ""20 Amp Circuits #12 & #10 0.25 0.30 0.36 E"" (then ""50 Amp Circuits #8 0.30 0.37 0.45 E"", ""60 Amp Circuits #6 0.33 0.42 0.50 E""). Conduit/cable run, disconnect (see NF 30A row) and starter not included","Sump pumps, small L1@2.00 Ea 33.10 93.20 126.30",item,20 Amp Circuits #12 & #10 0.25 0.30 0.36 E,item
20,15A 1P,,308,"Circuit Breakers: 120/240 volt bolt-on circuit breakers, 10,000 A.I.C. 1 pole 15A || raw: 1 pole 15A L1@0.15 Ea 29.80 6.99 36.79",29.80,0.15,Ea,293,Panelboard Terminations: Single Pole Circuit Breaker (copper conductor termination including neutral): 15 Amp || raw: 15 Amp 0.32 0.40 0.48 E,0.32,E,medium,"Dupuis 15A 1P = disjoncteur 15 A 1 pole, distribution, BT (96 occ / 13 projets; corpus 56 marks / 8 projects; variants 15A 1P DCAA 12, 15A 1P 347V 9, 15A 1P 120V 6 = separate labels; categories.json: ""Notation amperage+poles typique d'un disjoncteur, distincte de INTERRUPTEUR 15A 120V""). Amperage and poles match exactly; breaker type (bolt-on vs plug-in), voltage rating (120/240 vs 347/600 V) and interrupting rating not on label -> medium (same treatment as 20A 1P row). NE 2025 raw p308: ""1 pole 15A L1@0.15 Ea 29.80 6.99 36.79"" (120/240 V bolt-on, 10 kA - bolt-on taken as the commercial-panel default); plug-in alt raw p307 ""1 pole 15A L1@0.10 Ea 23.40 4.66 28.06""; 347 V lighting-panel alts raw p310 ""1 pole 15A L1@0.30 Ea 187.00 14.00 201.00"" (277/480 V thermal magnetic, 100 A frame), p313 ""1 pole 15A L1@0.25 Ea 100.00 11.60 111.60"" (277 V plug-on) / ""1 pole 15A L1@0.30 Ea 115.00 14.00 129.00"" (277 V bolt-on) -> use for the 15A 1P 347V label. NECA 2022 has no ""install branch breaker"" line (panelboards p289-292 priced with breakers factory-installed); raw p293 (26 24 00): ""15 Amp 0.32 0.40 0.48 E"" = single-pole breaker termination incl. neutral, taken as the per-breaker labor. Panel and branch wiring separate",1 pole 15A L1@0.15 Ea 29.80 6.99 36.79,item,15 Amp 0.32 0.40 0.48 E,item
20,NF 30A,,276,240 Volt General Duty Safety Switches: NEMA 1 general duty non-fused 240 volt safety switches 3P 30A || raw: 3P 30A L1@0.50 Ea 115.00 23.30 138.30,115.00,0.50,Ea,322,Disconnect Safety Switches - Nonfused 3-Pole (NEMA 1; NEMA 3R add 10%): 30 Amp || raw: 30 Amp 2.00 2.50 3.00 E,2.00,E,medium,"Dupuis NF 30A = sectionneur non-fusible 30 A, mecanique_moteur, BT (77 occ / 11 projets; corpus 56 marks / 7 projects; categories.json: ""NF=non-fusible, sectionneur 30A""; same device as 30A NF WP (weatherproof, chunk earlier) and 30A 600V NF (chunk-17) without their qualifiers). Amperage and non-fused match exactly; poles, voltage and enclosure not on label: 3P 240 V general duty NEMA 1 assumed (indoor, motor loads, same assumption as DISCONN row) -> medium. NE 2025 raw p276: ""3P 30A L1@0.50 Ea 115.00 23.30 138.30"" (NEMA 1 general duty non-fused 240 V; NEMA 3R alt same page ""3P 30A L1@0.50 Ea 207.00 23.30 230.30""; 600 V heavy duty NEMA 1 alt raw p279 ""3P 30A L1@0.50 Ea 261.00 23.30 284.30"" / 2P ""2P 30A L1@0.50 Ea 261.00 23.30 284.30"" -> use when the feed is 600 V). NECA 2022 raw p322 (26 28 00): ""30 Amp 2.00 2.50 3.00 E"" (Nonfused 3-Pole, NEMA 1; note: NEMA 3R add 10%, stainless add 20%; 2-pole alt same page ""30 Amp 1.70 2.13 2.55 E""). Line-side/load-side conduit and wire separate",3P 30A L1@0.50 Ea 115.00 23.30 138.30,item,30 Amp 2.00 2.50 3.00 E,item
20,A INT,,225,"Switches: Commercial specification-grade, side wired with ground screw, 15 amp, 120/277 volt, AC quiet Single pole, ivory || raw: Single pole, ivory L1@0.20 Ea 2.12 9.32 11.44",2.12,0.20,Ea,320,Switches - General Use Toggle Switches - Keyed Switches: 1-Pole 15 Amp || raw: 1-Pole 15 Amp 20.00 25.00 30.00 C,20.00,C,medium,"Dupuis A INT = interrupteur, repere A, dispositif, BT (110 occ / 8 projets; corpus 55 marks / 4 projects; categories.json: ""INT=interrupteur (brief) ; lettre A probablement un repere de commutation (ex. multi-voies)""). The letter A is a switching-group mark on the plan (which fixtures the switch controls), not a device spec -> same generic switch as INT / B INT / INTERRUPTEUR rows: 15 A single pole assumed, voltage (120 vs 347 V) not on label -> medium. NE 2025 raw p225: ""Single pole, ivory L1@0.20 Ea 2.12 9.32 11.44"" (15 A 120/277 V commercial spec-grade; three-way alt same page ""Three-way, ivory L1@0.25 Ea 3.85 11.60 15.45"" if the A mark denotes a multi-location circuit; NE has no 347 V switch line). NECA 2022 raw p320 (26 27 26): ""1-Pole 15 Amp 20.00 25.00 30.00 C"" = 0.20 h each (C = per 100; 3-way alt ""3-Way 15 Amp 35.00 43.75 52.50 C""). Box, plate and wiring separate","Single pole, ivory L1@0.20 Ea 2.12 9.32 11.44",item,1-Pole 15 Amp 20.00 25.00 30.00 C,item
20,GRADATEUR 3 VOIE,,230,"Switches: Dimmer switches, incandescent with decorative wallplate, 120 volt, three-way 600W, touch on/off, ivory || raw: 600W, touch on/off, ivory L1@0.25 Ea 35.60 11.60 47.20",35.60,0.25,Ea,320,Dimmer Switch: 3-Way 600 Watt || raw: 3-Way 600 Watt 0.70 0.88 1.05 E,0.70,E,medium,"Dupuis GRADATEUR 3 VOIE = gradateur 3 voies (3-way dimmer), dispositif, BT (82 occ / 17 projets; corpus 55 marks / 11 projects; separate label from GRADATEUR, chunk earlier). Three-way matches exactly; wattage and load type (incandescent vs LED/0-10 V) not on label -> 600 W default like the GRADATEUR row -> medium. NE 2025 raw p230 (three-way dimmer table, 120 V incandescent): ""600W, touch on/off, ivory L1@0.25 Ea 35.60 11.60 47.20"" (alts same page ""800W, push on/off, ivory L1@0.25 Ea 31.20 11.60 42.80"", ""1000W, push on/off, ivory L1@0.25 Ea 43.70 11.60 55.30""; all dimmer lines 0.25 h; NE has no 600 W three-way slide line). NECA 2022 raw p320 (26 27 26 Dimmer Switch): ""3-Way 600 Watt 0.70 0.88 1.05 E"" (alts ""3-Way 1000 Watt 0.85 1.06 1.28 E"", ""3 Way - 1500 Watt 0.85 1.06 1.28 E"", ""3 Way - 2000 Watt 0.90 1.13 1.35 E""). Box, plate, companion 3-way switch and travellers separate","600W, touch on/off, ivory L1@0.25 Ea 35.60 11.60 47.20",item,3-Way 600 Watt 0.70 0.88 1.05 E,item
20,1/2 EMT 3#10,ENSA25D66E8153101291,448,"1/2"" EMT Conduit Assemblies: 100' 1/2"" EMT conduit, 2 set screw connectors, 9 set screw couplings and 9 one-hole straps 3 #10THHN, solid || raw: 3 #10THHN, solid L1@6.47 CLF 122.00 301.00 423.00",122.00,6.47,CLF,202,Electrical Metallic Tubing (EMT): 1/2-inch || raw: 1/2-inch 4.50 5.60 6.70 C,4.50,C,high,"Dupuis conduit spec ""1/2 3c10"" = 1/2 in EMT with 3 x #10 conductors (conduits-spec.csv: 55 occurrences, 548,059.9 px total length); EE ensemble ENSA25D66E8153101291 ""conduit 1/2 03c10"" (key 19PE0.5 #10); corpus label ""1/2 3c10"" 55 marks. Exact match. NE 2025 raw p448 (conduit assemblies, per 100 ft incl. 2 connectors, 9 couplings, 9 straps, 3 wires): ""3 #10THHN, solid L1@6.47 CLF 122.00 301.00 423.00"" (stranded alt same page ""3 #10THHN, stranded L1@6.47 CLF 106.00 301.00 407.00""). NECA 2022 prices raceway and wire separately: raw p202 (26 05 33 EMT, note: add 10% for colored conduit) ""1/2-inch 4.50 5.60 6.70 C"" = 4.50 h per 100 ft raceway (fittings extra: same page ""EMT Set Screw Box Connectors 1/2-inch 0.08 0.10 0.12 E"", ""EMT Set Screw Couplings 1/2-inch 0.04 0.05 0.06 E""); wire in companion row. Same treatment as 1/2 EMT 3#12 / 3/4 EMT 3#10 rows","3 #10THHN, solid L1@6.47 CLF 122.00 301.00 423.00",item,1/2-inch 4.50 5.60 6.70 C,item
20,1/2 EMT 3#10,ENSA25D66E8153101291,,none,,,,150,600 Volt Bldg Wire-1/C-Copper Type THHN & THWN: #10 || raw: #10 7.00 8.75 10.50 M,7.00,M,high,"Companion row: NECA #10 THHN/THWN copper 7.00 h per 1000 ft (p150), x 3 conductors, to add to EMT 1/2-inch 4.50 h/100 ft (p202). Note p150: reduce labor 10% with factory-lubricated wire. NE side already bundled in the p448 assembly line -> none here",,,#10 7.00 8.75 10.50 M,item
20,FIXT TYPE F2,,,none,,,,,none,,,none,"Plan legend type code only (Dupuis: luminaire type F2, BT; 108 occ / 12 projets; corpus 54 marks / 6 projects) - no fixture spec (lamp/wattage/mount/size) on the label, so no National Estimator 2025 or NECA 2022 fixture line can be selected without inventing the type; needs the fixture schedule of each project (same treatment as FIXT TYPE A/B/C/D/E/E1/L1/L2/L3/L6 chunks 0-4, L4/E2/I/H/B1/L10/D1 chunk-6, E3/L chunk-9, K/M chunk-11, N/P1/N1 chunk-13, R/L15/S6/L4A chunk-14, P chunk-15, D7/A3/S chunk-16, B2/R2/L13/H1 chunk-17, D5/FIXTURE TYPE B chunk-19)",,,,
21,SECHOIRE A MAIN,,,none,,,,276,Power Connections to Equipment Installed By Others - Copper 600 Volt Conduit: 20 Amp Circuits #12 & #10 || raw: 20 Amp Circuits #12 & #10 0.25 0.30 0.36 E,0.25,E,low,"Dupuis SECHOIRE A MAIN = sortie de cablage - seche-mains electrique, dispositif BT (corpus 54 marks / 15 projects; variant SECHOIR A MAIN 27 marks / 5 projects, categories.json ""raccordement pour secheur a main""). Dryer supplied by owner/architectural trade; electrical scope = dedicated circuit + power connection. Neither book has a hand dryer line (PDF grep ""hand dryer""/""hand-dryer"" -> 0 hits in both; csv grep dryer -> only NE p249 clothes-DRYER receptacles NEMA 10-30R/14-30R, not applicable). NE 2025 -> none (closest generic hookup p380 ""Fractional HP L1@0.50 Ea 5.22 23.30 28.52"" if the estimator wants a motor-hookup proxy - not selected). NECA raw p276 (26 05 83): ""20 Amp Circuits #12 & #10 0.25 0.30 0.36 E"" per power connection only; amperage/voltage (120 V 20 A vs 208 V) not on label -> low. Branch circuit raceway, wire, box and disconnect priced separately",,,20 Amp Circuits #12 & #10 0.25 0.30 0.36 E,item
21,D/M,,,none,,,,281,Occupancy Sensors: Ceiling Mounted Sensor || raw: Ceiling Mounted Sensor 0.50 0.63 0.75 E,0.50,E,low,"Dupuis D/M = abreviation incertaine, categorie indetermine (corpus 53 marks / 16 projects; categories.json: ""Hypothese: detecteur de mouvement (D/M), notation non confirmable""). Compound labels D/M COMBINER (19), D/M RACCORD (13), REV D/M COMB 2.1HP (10) do not settle it (2.1HP suggests a motor, not a sensor). Priced ONLY under the detecteur-de-mouvement hypothesis, same rows as DETECTEUR MOUVEMENT / DETECTEUR MOUV (chunks earlier): NECA raw p281 (26 09 23): ""Ceiling Mounted Sensor 0.50 0.63 0.75 E"" (alts same page ""Passive Infrared Occupancy Sensor 0.50"", ""Automatic Wall Switch 0.35""; security-type ""Motion Detectors 0.80 1.00 1.20 E"" p409). NE 2025: no occupancy/motion sensor line -> none. Low: meaning of D/M not confirmed - resolve per project legend before pricing",,,Ceiling Mounted Sensor 0.50 0.63 0.75 E,item
21,TH INTEGRE,,,none,,,,74,Thermostats: Line Voltage 1-Circuit Thermostats || raw: Line Voltage 1-Circuit Thermostats 0.60 0.84 1.18 E,0.60,E,low,"Dupuis TH INTEGRE = thermostat integre a la plinthe chauffante, chauffage BT (corpus TH INTEGRE 12 marks / 7 projects + TH INT 41 marks / 6 projects; normalisation TH INT -> TH INTEGRE). A built-in (integral) baseboard thermostat is a factory kit mounted in the heater end cap: neither book has a line for it (PDF grep ""built-in thermostat""/""integral thermostat"" -> 0 hits both). NECA raw p74 (23 09 00 Thermostats): ""Line Voltage 1-Circuit Thermostats 0.60 0.84 1.18 E"" is a WALL line-voltage thermostat (same line as TH/THERMOSTAT chunks) - taken as upper bound; for an integral kit the wiring is usually inside the baseboard labor (NECA p78 ""Baseboard Heaters"" 0.75-1.40 E by length) -> low. 2-circuit (double pole) alt same page ""Line Voltage 2-Circuit Thermostats 0.66 0.92 1.30 E"". NE 2025: no thermostat line in any section -> none",,,Line Voltage 1-Circuit Thermostats 0.60 0.84 1.18 E,item
21,VOLET MOTORIZER,,,none,,,,74,Temperature Controls - Actuators - Damper: Damper Motor || raw: Damper Motor 0.75 1.00 1.25 E,0.75,E,low,"Dupuis VOLET MOTORIZER = volet motorise (store ou clapet motorise), mecanique_moteur BT (corpus 52 marks / 8 projects; spelling variant VOLET MOTORISER 43 marks / 9 projects, categories.json ""volet/store motorise""). Label does not say whether it is an HVAC damper (clapet) or a window shade (store). Priced under the damper hypothesis: NECA raw p74 (23 09 00 Actuators - Damper): ""Damper Motor 0.75 1.00 1.25 E"" (same table ""Mounting Base 1.00"", ""Control Linkage 1.00"", ""Terminate Conductors 0.75"" if in scope; p72 ""Interlock to Damper 0.75 1.25 1.50 E"" for the interlock wiring). If it is a motorized window shade, NECA p280 Lighting Control Systems (Lutron-based) has shade-control components only, no per-shade motor line; no per-shade line found. NE 2025: no damper/shade/actuator line (PDF grep ""motorized shade""/""roller shade"" -> 0; closest hookup p381 ""Motorized valves L1@1.50 Ea 16.40 69.90 86.30"" is a valve, not selected) -> none. Low: device type not fixed by label",,,Damper Motor 0.75 1.00 1.25 E,item
21,1 1/4 EMT 25#12,ENS83C7EEE51211BB561,18,"EMT conduit in concealed areas, walls and closed ceilings 1-1/4"" || raw: 1-1/4"" L1@5.00 CLF 189.00 233.00 422.00",189.00,5.00,CLF,202,Electrical Metallic Tubing (EMT): 1 1/4-inch || raw: 1 1/4-inch 6.20 7.80 9.30 C,6.20,C,medium,"Dupuis conduit spec ""1 1/4 25c12"" = 1-1/4 in EMT with 25 x #12 conductors; EE ensemble ENS83C7EEE51211BB561 ""conduit 1''1/4 25c12"" (key 19PE1.25 #12; 0 marks in ensembles-ee.csv, 52 marks under label 1''1/4 25c12). NE 2025 p451 1-1/4"" EMT conduit assemblies stop at 6 conductors (raw ""6 #14THHN, solid L1@9.74 CLF 279.00 454.00 733.00"") - no 25-wire assembly, so priced as raceway + wire separately (same method as 1 EMT 13#12 / 3/4 EMT 9#12 chunk-18): NE raw p18 ""1-1/4\"" L1@5.00 CLF 189.00 233.00 422.00"" (EMT in concealed areas; alts p18 ""1-1/4\"" L1@4.50 CLF 189.00 210.00 399.00"" slab/trapeze, ""1-1/4\"" L1@6.00 CLF 189.00 280.00 469.00"" exposed; connectors/couplings/straps extra) + 25 x NE raw p94 ""# 12 L2@7.00 KLF 173.00 326.00 499.00"" (0.70 h and 17.30 USD per 100 ft per conductor -> 17.50 h and 432.50 USD per 100 ft for 25), see companion row. NECA raw p202 ""1 1/4-inch 6.20 7.80 9.30 C"" + 25 x raw p150 ""#12 6.00 7.50 9.00 M"" (0.6 h/100 ft per conductor -> 15.00 h) = 21.20 h per 100 ft total. Medium: sizes exact but NE side is a sum of two tables rather than one assembly line. Conduit fill for 25 x #12 in 1-1/4"" EMT not checked against either book (verify per CEC). Boxes, terminations, bends not included","1-1/4"" L1@5.00 CLF 189.00 233.00 422.00",item,1 1/4-inch 6.20 7.80 9.30 C,item
21,1 1/4 EMT 25#12,ENS83C7EEE51211BB561,94,Copper Building Wire: Type THHN 600 volt solid copper building wire # 12 || raw: # 12 L2@7.00 KLF 173.00 326.00 499.00,173.00,7.00,KLF,150,600 Volt Bldg Wire-1/C-Copper Type THHN & THWN: #12 || raw: #12 6.00 7.50 9.00 M,6.00,M,high,"Companion row: wire per 1000 ft, x 25 conductors. NE raw p94 ""# 12 L2@7.00 KLF 173.00 326.00 499.00"" (crew L2). NECA raw p150 ""#12 6.00 7.50 9.00 M"" (note p150: reduce labor 10% with factory-lubricated wire). Add to the 1-1/4"" EMT raceway row above",# 12 L2@7.00 KLF 173.00 326.00 499.00,item,#12 6.00 7.50 9.00 M,item
21,OPERATEUR DE PORTE,,381,"Equipment Hookup: Hook up mechanical equipment - Overhead door, comm. || raw: Overhead door, comm. L1@8.00 Ea 492.00 373.00 865.00",492.00,8.00,Ea,276,Power Connections to Equipment Installed By Others - Copper 600 Volt Conduit: 20 Amp Circuits #12 & #10 || raw: 20 Amp Circuits #12 & #10 0.25 0.30 0.36 E,0.25,E,low,"Dupuis OPERATEUR DE PORTE = operateur de porte automatique (accessibilite), categorie autre BT (corpus 13 marks / 5 projects + OP 38 marks via normalisation OP -> OPERATEUR DE PORTE + op lowercase; family total 51 marks). Same device as OPERATEUR PORTE (chunk-17) - rows reused, to be merged at consolidation. Neither book has an ""automatic door operator"" line (PDF grep ""door operator""/""automatic door"" -> 0 hits both). NE raw p381 (Equipment Hookup): ""Overhead door, comm. L1@8.00 Ea 492.00 373.00 865.00"" (includes control station wiring per that table); residential alt ""Overhead door, res. L1@2.50 Ea 98.80 116.00 214.80""; for a pedestrian swing-door operator (120 V, 15-20 A) NE p380 ""Fractional HP L1@0.50 Ea 5.22 23.30 28.52"" is the better fit. NE p372 ""Door opener, 24VAC L1@0.50 Ea 49.50"" is an intrusion-system electric strike accessory, not this. NECA raw p276: ""20 Amp Circuits #12 & #10 0.25 0.30 0.36 E"" per power connection; control/actuator/access-control wiring not included (NECA p404 ""Door Management Device 1.25 1.50 1.75 E"" if in scope). Low: door type, HP, voltage not on label","Overhead door, comm. L1@8.00 Ea 492.00 373.00 865.00",item,20 Amp Circuits #12 & #10 0.25 0.30 0.36 E,item
21,PRISE 20A 125V,,242,"Duplex Receptacles: 20 amp, 125 volt, side wired, corrosion resistant, commercial-grade, NEMA 5-20R Ivory || raw: Ivory L1@0.20 Ea 1.32 9.32 10.64",1.32,0.20,Ea,318,Duplex Receptacle - Straight Blade: 20 Amp 3 Wire || raw: 20 Amp 3 Wire 30.00 37.50 45.00 C,30.00,C,high,"Dupuis PRISE 20A 125V = prise duplex 20A 125V, dispositif BT (corpus 51 marks / 4 projects; variants SUR POTEAUX 5, TOIT 4 excluded). Exact amperage and voltage on label -> same lines as PRISE 20A (earlier chunk). NE raw p242: ""Ivory L1@0.20 Ea 1.32 9.32 10.64"" (corrosion resistant commercial grade; alts same page all 0.20 h: self grounding commercial ""Ivory L1@0.20 Ea 7.56 9.32 16.88"", back & side wired commercial ""Ivory L1@0.20 Ea 10.20 9.32 19.52"", spec-grade ""Ivory L1@0.20 Ea 13.90 9.32 23.22""; GFCI 20 A p247 ""Ivory L1@0.20 Ea 14.10 9.32 23.42""). NECA raw p318 (26 27 26): ""20 Amp 3 Wire 30.00 37.50 45.00 C"" = 0.30 h each. Device only, box/plate/wire not included",Ivory L1@0.20 Ea 1.32 9.32 10.64,item,20 Amp 3 Wire 30.00 37.50 45.00 C,item
21,CLAVIER,,,none,,,,409,Security Systems - Peripherals: Digital Keypad || raw: Digital Keypad 1.00 1.25 1.50 E,1.00,E,medium,"Dupuis CLAVIER = clavier de systeme d alarme / controle d acces, securite_incendie (corpus 50 marks / 13 projects; variants CLAVIER CODE 12, CLAVIER NUM 9, INTR CLAVIER 7 excluded). NECA raw p409 (28 31 00 Intrusion Detection - Peripherals): ""Digital Keypad 1.00 1.25 1.50 E""; alts same page ""LCD Remote Keypad 2.50 3.25 4.00 E"" (control-panel class keypad), ""Wireless Remote Keypad 0.50 0.63 0.75 E""; fire-alarm annunciator keypad p410 ""LCD Annunciator / Keypad 2.00 2.50 3.00 E"" if it is a fire panel keypad. Medium: alarm vs access-control vs lighting keypad not on label (access-control keypad reader -> p404 ""Card Reader - Wall Mounted 1.50"", see LECTEUR CARTE). NE 2025: no keypad line (csv grep keypad -> 0) -> none. Device only; back box, cable and panel programming not included",,,Digital Keypad 1.00 1.25 1.50 E,item
21,PORTE GARAGE,,381,"Equipment Hookup: Hook up mechanical equipment - Overhead door, res. || raw: Overhead door, res. L1@2.50 Ea 98.80 116.00 214.80",98.80,2.50,Ea,276,Power Connections to Equipment Installed By Others - Copper 600 Volt Conduit: 20 Amp Circuits #12 & #10 || raw: 20 Amp Circuits #12 & #10 0.25 0.30 0.36 E,0.25,E,low,"Dupuis PORTE GARAGE = raccordement pour operateur motorise de porte de garage, mecanique_moteur BT (corpus 50 marks / 14 projects; variants PORTE GARAGE 3/4HP 14 marks / 2 projects, MOTEUR PORTE GARAGE 3, JC PORTE GARAGE 2). Opener supplied/installed by door trade; electrical scope = power connection (typically a 120 V receptacle at the ceiling for a 1/2-3/4 HP cord-connected opener) + optional control wiring. Neither book has a ""garage door opener"" line (PDF grep ""garage door"" -> 0 hits both). NE raw p381 (Equipment Hookup): ""Overhead door, res. L1@2.50 Ea 98.80 116.00 214.80"" chosen because the 3/4 HP variant is a residential-class opener; commercial alt same page ""Overhead door, comm. L1@8.00 Ea 492.00 373.00 865.00"" (used for OPERATEUR PORTE); if only a receptacle is required, NE p242 duplex 20 A 0.20 h / p240 15 A 0.20 h instead. NECA raw p276: ""20 Amp Circuits #12 & #10 0.25 0.30 0.36 E"" per power connection. Low: res vs comm door and connection type (receptacle vs hard-wired) not on label","Overhead door, res. L1@2.50 Ea 98.80 116.00 214.80",item,20 Amp Circuits #12 & #10 0.25 0.30 0.36 E,item
21,FIXT TYPE C4,,,none,,,,,none,,,none,"Plan legend type code only (Dupuis: luminaire type C4, serie C; corpus 50 marks / 5 projects; variants C4A 22, C4B 23 excluded; ""C4 2KW"" 11 marks is a different item - a 2 kW heater mark, not this fixture) - no fixture spec (lamp/wattage/mount/size) on the label, so no National Estimator 2025 or NECA 2022 fixture line can be selected without inventing the type; needs the fixture schedule of each project (same treatment as FIXT TYPE A/B/C/D/E/E1/L1/L2/L3/L6 chunks 0-4, L4/E2/I/H/B1/L10/D1 chunk-6, E3/L chunk-9, K/M chunk-11, N/P1/N1 chunk-13, R/L15/S6/L4A chunk-14, P chunk-15, D7/A3/S chunk-16, B2/R2/L13/H1 chunk-17, K2/D6 chunk-18, D5/B/BB/N2/S2 chunk-19)",,,,
21,TEE,,,none,,,,,none,,,none,"Dupuis TEE = abreviation non resolue, categorie indetermine (corpus 50 marks / 5 projects; categories.json: ""Possible raccord de conduit en T, mais incertain si symbole d estimation ou note materiel""). Two candidate readings, neither confirmed: (a) conduit T body / tee fitting - NECA raw p199 (26 05 33 Steel Threaded Conduit Bodies - Three Hubs): ""1/2-inch 0.80 1.00 1.20 E"", ""3/4-inch 1.00 1.25 1.50 E"", ""1-inch 1.25 1.55 1.85 E"" (size not on label; NE 2025 has no steel conduit body/tee line in the csv, only PVC reducing bushings p42); (b) TEE as spelling of TETE (tete d eclairage d urgence - compound labels ""TEE L1"" 42 marks, ""TEE TYPE B"" 16 marks look like fixture references; normalisation TETE SIMPLE -> BATTERIE UNIT) - NECA raw p360: ""Remote Single Head 0.60 0.75 0.94 E"". Because the two readings give different devices and sizes, no line is selected in either book; resolve per project legend before pricing (same rule as RS chunk-19, RT/M chunk-15, BA/J chunk-17)",,,,
21,1 EMT 15#12,ENSD0FB00E612897E119,18,"EMT conduit in concealed areas, walls and closed ceilings 1"" || raw: 1"" L1@4.25 CLF 125.00 198.00 323.00",125.00,4.25,CLF,202,Electrical Metallic Tubing (EMT): 1-inch || raw: 1-inch 5.50 6.80 8.20 C,5.50,C,medium,"Dupuis conduit spec ""1 15c12"" = 1 in EMT with 15 x #12 conductors; EE ensemble ENSD0FB00E612897E119 ""conduit 1 15c12"" (key 19PE1 #12; 0 marks in ensembles-ee.csv, 50 marks under label 1 15c12). NE 2025 p450 1"" EMT conduit assemblies stop at 6 conductors (raw ""6 #14THHN, solid L1@8.93 CLF 206.00 416.00 622.00"") - no 15-wire assembly, so priced as raceway + wire separately (same method as 1 EMT 13#12 chunk-18): NE raw p18 ""1\"" L1@4.25 CLF 125.00 198.00 323.00"" (EMT in concealed areas; alts p18 ""1\"" L1@4.00 CLF 125.00 186.00 311.00"" slab/trapeze, ""1\"" L1@4.50 CLF 125.00 210.00 335.00"" exposed; connectors/couplings/straps extra) + 15 x NE raw p94 ""# 12 L2@7.00 KLF 173.00 326.00 499.00"" (0.70 h and 17.30 USD per 100 ft per conductor -> 10.50 h and 259.50 USD per 100 ft for 15), see companion row. NECA raw p202 ""1-inch 5.50 6.80 8.20 C"" + 15 x raw p150 ""#12 6.00 7.50 9.00 M"" (0.6 h/100 ft per conductor -> 9.00 h) = 14.50 h per 100 ft total. Medium: sizes exact but NE side is a sum of two tables rather than one assembly line. Conduit fill for 15 x #12 in 1"" EMT not checked against either book (verify per CEC). Boxes, terminations, bends not included","1"" L1@4.25 CLF 125.00 198.00 323.00",item,1-inch 5.50 6.80 8.20 C,item
21,1 EMT 15#12,ENSD0FB00E612897E119,94,Copper Building Wire: Type THHN 600 volt solid copper building wire # 12 || raw: # 12 L2@7.00 KLF 173.00 326.00 499.00,173.00,7.00,KLF,150,600 Volt Bldg Wire-1/C-Copper Type THHN & THWN: #12 || raw: #12 6.00 7.50 9.00 M,6.00,M,high,"Companion row: wire per 1000 ft, x 15 conductors. NE raw p94 ""# 12 L2@7.00 KLF 173.00 326.00 499.00"" (crew L2). NECA raw p150 ""#12 6.00 7.50 9.00 M"" (note p150: reduce labor 10% with factory-lubricated wire). Add to the 1"" EMT raceway row above",# 12 L2@7.00 KLF 173.00 326.00 499.00,item,#12 6.00 7.50 9.00 M,item
22,FIXT TYPE G2,,,none,,,,,none,,,none,"Plan legend type code only (Dupuis: luminaire type G2, BT; 98 occ / 8 projets; corpus 49 marks / 4 projects; categories.json: ""Sous-variante G2 du type G"" (FIXT TYPE G chunk-3 -> none, G1 chunk-20 -> none)) - no fixture spec (lamp/wattage/mount/size) on the label, so no National Estimator 2025 or NECA 2022 fixture line can be selected without inventing the type; needs the fixture schedule of each project (same treatment as FIXT TYPE A/B/C/D/E/E1/L1/L2/L3/L6 chunks 0-4, L4/E2/I/H/B1/L10/D1 chunk-6, E3/L chunk-9, K/M chunk-11, N/P1/N1 chunk-13, R/L15/S6/L4A chunk-14, P chunk-15, D7/A3/S chunk-16, B2/R2/L13/H1 chunk-17, D5/FIXTURE TYPE B chunk-19, G1/F3/F2 chunk-20)",,,,
22,COMBO,,,none,,,,360,Power Pack with Dual Heads: Combination Exit & Emergency Lights || raw: Combination Exit & Emergency Lights X 1.00 1.25 1.56 E,1.00,E,medium,"Dupuis COMBO = appareil combine enseigne de sortie + eclairage de secours, luminaire, BT (86 occ / 14 projets; corpus 49 marks / 8 projects; categories.json: ""'EXIT COMBO' apparait ailleurs dans le corpus, confirmant ce type d appareil combine""). Same device as EXIT COMBO (chunk-17) and ENSEIGNE SORTIE 2T (chunk-0) - rows reused for consistency. NECA raw p360 (26 52 00 Safety Lighting): ""Combination Exit & Emergency Lights X 1.00 1.25 1.56 E"" (X flag column in book); remote heads if any ""Remote lighting head for emergency & exit lights X 0.50 0.75 1.00 E"", ""Protective cages for exit or emergency lights X 0.40 0.50 0.60 E"" same page. NE 2025 has NO combination exit/emergency unit (CSV grep combination+exit/emergency -> 0 lines; only exit fixtures p172-173 and emergency lighting units separately) -> none. Voltage (120/347 V), face count, battery type and lens legend not on label -> medium",,,Combination Exit & Emergency Lights X 1.00 1.25 1.56 E,item
22,BOUTON POUSSOIRE,,371,"Signal Systems: Surface mounted push buttons for signal systems - Round, plain || raw: Round, plain L1@0.20 Ea 3.59 9.32 12.91",3.59,0.20,Ea,295,Field Mounted Push Button Switches: 1 Button || raw: 1 Button 0.80 1.00 1.20 E,0.80,E,low,"Dupuis BOUTON POUSSOIRE (sic, = bouton poussoir) = bouton poussoir generique, commande murale, dispositif, BT (84 occ / 8 projets; corpus 49 marks / 5 projects; categories.json: ""Bouton poussoir generique; usage possible: sonnette, gache electrique, operateur de porte""). Function (doorbell / door release / door operator / motor control), voltage and enclosure NOT on label -> low. NE raw p371 (Signal Systems): ""Round, plain L1@0.20 Ea 3.59 9.32 12.91"" (alts same page ""Oblong, ivory L1@0.20 Ea 3.03 9.32 12.35"", flush ""5/8\"" chrome L1@0.25 Ea 2.57 11.60 14.17"", ""5/8\"" lighted, plain L1@0.25 Ea 4.40 11.60 16.00""; p372 intrusion ""Desk push button L1@0.25 Ea 22.40 11.60 34.00""). NECA raw p295 (26 24 00): ""1 Button 0.80 1.00 1.20 E"" (field-mounted single push button); alts p274 ""Push Button Station NEMA-1 Non Assembled 1-Button 1.00 1.25 1.50 E"" (motor control), p404 ""Request to Exit 1.00 1.25 1.50 E"" (door release, used for BOUTON RELACHE chunk-18), p317 explosion-proof ""1-Button or Pilot Light 1.50 1.88 2.25 E"". Neither book has a doorbell-specific push button line (NECA grep door bell/chime -> fire-alarm chimes p410 only). Button only; box, wiring and controlled device separate","Round, plain L1@0.20 Ea 3.59 9.32 12.91",item,1 Button 0.80 1.00 1.20 E,item
22,FIXT TYPE E7,,,none,,,,,none,,,none,"Plan legend type code only (Dupuis: luminaire type E7, BT; 90 occ / 8 projets; corpus 47 marks / 5 projects) - no fixture spec (lamp/wattage/mount/size) on the label, so no National Estimator 2025 or NECA 2022 fixture line can be selected without inventing the type; needs the fixture schedule of each project (same treatment as FIXT TYPE A/B/C/D/E/E1/L1/L2/L3/L6 chunks 0-4, L4/E2/I/H/B1/L10/D1 chunk-6, E3/L chunk-9, K/M chunk-11, N/P1/N1 chunk-13, R/L15/S6/L4A chunk-14, P chunk-15, D7/A3/S chunk-16, B2/R2/L13/H1 chunk-17, D5/FIXTURE TYPE B chunk-19, G1/F3/F2 chunk-20)",,,,
22,FIXT TYPE M1,,,none,,,,,none,,,none,"Plan legend type code only (Dupuis: luminaire type M1, BT; 83 occ / 16 projets; corpus 47 marks / 9 projects; categories.json: ""Type de luminaire au catalogue du releve"" (FIXT TYPE M chunk-11 -> none)) - no fixture spec (lamp/wattage/mount/size) on the label, so no National Estimator 2025 or NECA 2022 fixture line can be selected without inventing the type; needs the fixture schedule of each project (same treatment as FIXT TYPE A/B/C/D/E/E1/L1/L2/L3/L6 chunks 0-4, L4/E2/I/H/B1/L10/D1 chunk-6, E3/L chunk-9, K/M chunk-11, N/P1/N1 chunk-13, R/L15/S6/L4A chunk-14, P chunk-15, D7/A3/S chunk-16, B2/R2/L13/H1 chunk-17, D5/FIXTURE TYPE B chunk-19, G1/F3/F2 chunk-20)",,,,
22,GFI 20A,,247,"Ground Fault Circuit Interrupter (GFCI) Duplex Receptacles: 20 amp, 120 volt AC, commercial specification-grade, duplex with indicating light and wall plate, feed through Ivory || raw: Ivory L1@0.20 Ea 14.10 9.32 23.42",14.10,0.20,Ea,318,Duplex Receptacle - Straight Blade: 20 Amp GFCI or AFCI || raw: 20 Amp GFCI or AFCI 35.00 43.75 52.50 C,35.00,C,medium,"Dupuis GFI 20A = disjoncteur de fuite a la terre (GFI) 20A, dispositif, BT (58 occ / 11 projets; corpus 47 marks / 9 projects; categories.json: ""GFI defini dans le glossaire du brief""). Read as a 20 A GFCI duplex receptacle like GFI (chunk-0), GFI 15/20 (chunk-20) and GFI WP; amperage exact, voltage (120 V) not on label and receptacle-vs-breaker ambiguity per categories.json -> medium. NE raw p247: ""Ivory L1@0.20 Ea 14.10 9.32 23.42"" (20 A commercial spec-grade, feed through). NECA raw p318: ""20 Amp GFCI or AFCI 35.00 43.75 52.50 C"" = 0.35 h each (C = per 100). NE alts same page p247: 15 A ""Ivory L1@0.20 Ea 11.70 9.32 21.02"" (less indicating light) / ""Ivory L1@0.20 Ea 13.00 9.32 22.32"" (with light), 20 A heavy duty ""Ivory L1@0.20 Ea 60.40 9.32 69.72"", 15 A hospital grade ""Ivory L1@0.20 Ea 65.00 9.32 74.32"". NECA p318 alts: ""15 Amp GFCI or AFCI 30.00 37.50 45.00 C"", ""GFCI - Blank Face 30.00 37.50 45.00 C"", plugtail ""20 Amp GFCI 25.00 31.25 39.00 C""; if the label means a GFI breaker instead of a receptacle: NECA p293 ""Add for Special Purpose Breakers (Arc-Fault, GFI, Shunt Trip) 0.15 0.25 0.35 E"" on top of the 1-pole breaker termination (see 15A 1P / 20A 1P rows), NE 2025 has no GFCI circuit-breaker line (grep GFCI -> receptacles p247 and WP cover p44 only). Device only; box, plate (included in NE line) and WP cover not counted",Ivory L1@0.20 Ea 14.10 9.32 23.42,item,20 Amp GFCI or AFCI 35.00 43.75 52.50 C,item
22,FIXT TYPE Q,,,none,,,,,none,,,none,"Plan legend type code only (Dupuis: luminaire type Q, BT; 92 occ / 14 projets; corpus 46 marks / 7 projects; categories.json: ""luminaire type Q (selon legende)"") - no fixture spec (lamp/wattage/mount/size) on the label, so no National Estimator 2025 or NECA 2022 fixture line can be selected without inventing the type; needs the fixture schedule of each project (same treatment as FIXT TYPE A/B/C/D/E/E1/L1/L2/L3/L6 chunks 0-4, L4/E2/I/H/B1/L10/D1 chunk-6, E3/L chunk-9, K/M chunk-11, N/P1/N1 chunk-13, R/L15/S6/L4A chunk-14, P chunk-15, D7/A3/S chunk-16, B2/R2/L13/H1 chunk-17, D5/FIXTURE TYPE B chunk-19, G1/F3/F2 chunk-20)",,,,
22,BRASSEUR AIR,,380,"Equipment Hookup: Hook up mechanical equipment - Exhaust fans, small || raw: Exhaust fans, small L1@1.50 Ea 49.20 69.90 119.10",49.20,1.50,Ea,276,Power Connections to Equipment Installed By Others - Copper 600 Volt Conduit: 20 Amp Circuits #12 & #10 || raw: 20 Amp Circuits #12 & #10 0.25 0.30 0.36 E,0.25,E,low,"Dupuis BRASSEUR AIR = brasseur d air / ventilateur de circulation, mecanique_moteur, BT (60 occ / 10 projets; corpus 46 marks / 6 projects; categories.json: ""Ventilateur de circulation d air; equipement motorise""). Read like VENTILATEUR / VE / POMPE (earlier chunks): fan supplied by mechanical, electrical scope = power connection; diameter, HP, voltage, mounting (suspended / wall / HVLS) NOT on label -> low. NE raw p380 (Equipment Hookup): ""Exhaust fans, small L1@1.50 Ea 49.20 69.90 119.10"" (alt ""Fan coil units L1@2.00 Ea 49.20 93.20 142.40""); NE has no commercial air-circulator line, only residential lighted ceiling fans p218 (e.g. ""52\"" plain, white, oak L1@1.50 Ea 101.00 69.90 170.90""). NECA raw p276 (26 05 83): ""20 Amp Circuits #12 & #10 0.25 0.30 0.36 E"" (connection only). If the electrician installs the fan itself, use instead NECA p76 (23 34 00 HVAC Fans): ""Suspended Destratification Fan, 10\"" Dia., X 1.50 1.88 2.34 E"" / 12\"" 1.75 / 14\"" 2.00, ""24\"" Destratification Fan X 5.00 6.25 7.81 E"", ""Wall Mounted 24 \"" Destratification Fan X 3.00 3.75 4.69 E"", ""Low Velocity Ceiling Fan - Up to 12-foot Diameter X 16.00 20.00 25.00 E"", residential ""37-48-inch Diameter Ceiling Fan X 4.00 5.00 6.25 E"" - pick by diameter from the mechanical schedule","Exhaust fans, small L1@1.50 Ea 49.20 69.90 119.10",item,20 Amp Circuits #12 & #10 0.25 0.30 0.36 E,item
22,3/4 EMT 5#12,ENS5B4F85B31101A51A8,449,"3/4"" EMT Conduit Assemblies: 100' 3/4"" EMT conduit, 2 set screw connectors, 9 set screw couplings and 9 one-hole straps 5 #12THHN, solid || raw: 5 #12THHN, solid L1@8.02 CLF 166.00 374.00 540.00",166.00,8.02,CLF,202,Electrical Metallic Tubing (EMT): 3/4-inch || raw: 3/4-inch 5.00 6.20 7.50 C,5.00,C,high,"Dupuis conduit spec ""3/4 5c12"" = 3/4 in EMT with 5 x #12 conductors (conduits-spec.csv: 46 occurrences, 226,925.5 px total length); EE ensemble ENS5B4F85B31101A51A8 ""conduit 3/4 05c12"" (key 19PE0.75 #12); corpus label ""3/4 5c12"" 46 marks. Exact match. NE raw p449 (conduit assemblies, per 100 ft incl. 2 connectors, 9 couplings, 9 straps, 5 wires): ""5 #12THHN, solid L1@8.02 CLF 166.00 374.00 540.00"" (stranded alt same page ""5 #12THHN, stranded L1@8.02 CLF 150.00 374.00 524.00""). NECA prices raceway and wire separately: raw p202 (26 05 33 EMT, note: add 10% for colored conduit) ""3/4-inch 5.00 6.20 7.50 C"" = 5.00 h per 100 ft; fittings extra same page ""EMT Set Screw Box Connectors 3/4-inch 0.10 0.12 0.15 E"", ""EMT Set Screw Couplings 3/4-inch 0.05 0.06 0.07 E""; wire in companion row. Same method as 1/2 EMT 5#12 (chunk-19) and 3/4 EMT 3#12 (chunk earlier)","5 #12THHN, solid L1@8.02 CLF 166.00 374.00 540.00",item,3/4-inch 5.00 6.20 7.50 C,item
22,3/4 EMT 5#12,ENS5B4F85B31101A51A8,,none,,,,150,600 Volt Bldg Wire-1/C-Copper Type THHN & THWN: #12 || raw: #12 6.00 7.50 9.00 M,6.00,M,high,"Companion row: NECA #12 THHN/THWN copper 6.00 h per 1000 ft (p150), x 5 conductors, to add to EMT 3/4-inch 5.00 h/100 ft (p202). Note p150: reduce labor 10% with factory-lubricated wire. NE side already bundled in the p449 assembly line -> none here",,,#12 6.00 7.50 9.00 M,item
22,LC,,,none,,,,,none,,,none,"Dupuis LC = sigle de 2 lettres, sens incertain, categorie indetermine (84 occ / 11 projets; corpus LC 35 marks / 5 projects + lc 10 marks / 1 project; categories.json: ""Aucune interpretation dominante identifiable sans la legende du plan""). Same rule as the unresolved letter rows D/H/V/RS/L (chunks 15/17/19/20): no device type can be fixed from the label (could be a luminaire type LC, a lighting-control mark, a low-voltage/comm mark or a plan reference), so no book line is selected in either book. Resolve per project legend before pricing",,,,
22,PRISE 15/20A GFI,,247,"Ground Fault Circuit Interrupter (GFCI) Duplex Receptacles: 20 amp, 120 volt AC, commercial specification-grade, duplex with indicating light and wall plate, feed through Ivory || raw: Ivory L1@0.20 Ea 14.10 9.32 23.42",14.10,0.20,Ea,318,Duplex Receptacle - Straight Blade: 20 Amp GFCI or AFCI || raw: 20 Amp GFCI or AFCI 35.00 43.75 52.50 C,35.00,C,medium,"Dupuis PRISE 15/20A GFI = prise GFI 15/20A, dispositif, BT (60 occ / 14 projets; corpus 45 marks / 10 projects). Same device and same rows as GFI 15/20 (chunk-20): 15/20 A read as the Quebec plan convention for a 20 A T-slot receptacle also accepting 15 A plugs (not resolved further in the Dupuis files); voltage not on label -> medium. NE raw p247: ""Ivory L1@0.20 Ea 14.10 9.32 23.42"" (20 A commercial spec-grade GFCI duplex, feed through). NECA raw p318: ""20 Amp GFCI or AFCI 35.00 43.75 52.50 C"" = 0.35 h each. NE alts same page p247: 15 A ""Ivory L1@0.20 Ea 11.70 9.32 21.02"" (less indicating light) / ""Ivory L1@0.20 Ea 13.00 9.32 22.32"" (with light), 20 A heavy duty ""Ivory L1@0.20 Ea 60.40 9.32 69.72"", 15 A hospital grade ""Ivory L1@0.20 Ea 65.00 9.32 74.32"". NECA p318 alts: ""15 Amp GFCI or AFCI 30.00 37.50 45.00 C"", ""GFCI - Blank Face 30.00 37.50 45.00 C"", plugtail ""20 Amp GFCI 25.00 31.25 39.00 C""; if the label means a GFI breaker instead of a receptacle: NECA p293 ""Add for Special Purpose Breakers (Arc-Fault, GFI, Shunt Trip) 0.15 0.25 0.35 E"" on top of the 1-pole breaker termination (see 15A 1P / 20A 1P rows), NE 2025 has no GFCI circuit-breaker line (grep GFCI -> receptacles p247 and WP cover p44 only). Device only; box, plate (included in NE line) and WP cover not counted",Ivory L1@0.20 Ea 14.10 9.32 23.42,item,20 Amp GFCI or AFCI 35.00 43.75 52.50 C,item
22,PRISE 15A GFI,,247,"Ground Fault Circuit Interrupter (GFCI) Duplex Receptacles: 15 amp, 120 volt AC, commercial specification-grade, duplex less indicating light, with wall plate Ivory || raw: Ivory L1@0.20 Ea 11.70 9.32 21.02",11.70,0.20,Ea,318,Duplex Receptacle - Straight Blade: 15 Amp GFCI or AFCI || raw: 15 Amp GFCI or AFCI 30.00 37.50 45.00 C,30.00,C,high,"Dupuis PRISE 15A GFI (label written ""Prise 15A GFI"") = prise GFI 15A, dispositif, BT (50 occ / 10 projets; corpus 45 marks / 8 projects). Device type (GFCI duplex receptacle) and amperage exact; voltage not written but the book line is the 120 V AC 15 A GFCI duplex (same rows as GFI chunk-0 and PRISE DUPLEX 15A 120V GFI variant) -> high. NE raw p247: ""Ivory L1@0.20 Ea 11.70 9.32 21.02"" (15 A commercial spec-grade, less indicating light, with wall plate; with light ""Ivory L1@0.20 Ea 13.00 9.32 22.32""; hospital grade ""Ivory L1@0.20 Ea 65.00 9.32 74.32""). NECA raw p318: ""15 Amp GFCI or AFCI 30.00 37.50 45.00 C"" = 0.30 h each (plugtail alt ""15 Amp GFCI 20.00 25.00 31.25 C""). Device only; box and WP cover (GFI WP row) not counted",Ivory L1@0.20 Ea 11.70 9.32 21.02,item,15 Amp GFCI or AFCI 30.00 37.50 45.00 C,item
23,1 1/4 EMT 17#12,ENS588565C1185126AE0,18,"EMT conduit in concealed areas, walls and closed ceilings 1-1/4"" || raw: 1-1/4"" L1@5.00 CLF 189.00 233.00 422.00",189.00,5.00,CLF,202,Electrical Metallic Tubing (EMT): 1 1/4-inch || raw: 1 1/4-inch 6.20 7.80 9.30 C,6.20,C,medium,"Dupuis conduit spec ""1''1/4 17c12"" = 1-1/4 in EMT with 17 x #12 conductors; EE ensemble ENS588565C1185126AE0 ""conduit 1''1/4 17c12"" (key 19PE1.25 #12; corpus 45 marks). Row 1/2 = conduit per 100 ft. NE raw p18 (concealed areas, walls and closed ceilings): ""1-1/4"" L1@5.00 CLF 189.00 233.00 422.00"" (alts same page: in floor slab / trapeze ""1-1/4"" L1@4.50 CLF 189.00 210.00 399.00"", exposed ""1-1/4"" L1@6.00 CLF 189.00 280.00 469.00""). NECA raw p202 (26 05 33 EMT): ""1 1/4-inch 6.20 7.80 9.30 C"" = 0.062 h/ft (note: add 10% for colored conduit). Medium: installation condition (concealed vs exposed vs slab) not on label; couplings, connectors, straps and boxes priced separately. Same lines as 1 1/4 EMT 25#12 (chunk-21)","1-1/4"" L1@5.00 CLF 189.00 233.00 422.00",item,1 1/4-inch 6.20 7.80 9.30 C,item
23,1 1/4 EMT 17#12,ENS588565C1185126AE0,94,Copper Building Wire: Type THHN 600 volt solid copper building wire # 12 || raw: # 12 L2@7.00 KLF 173.00 326.00 499.00,173.00,7.00,KLF,150,600 Volt Bldg Wire-1/C-Copper Type THHN & THWN: #12 || raw: #12 6.00 7.50 9.00 M,6.00,M,high,"Companion row 2/2: wire per 1000 ft, x 17 conductors. NE raw p94 ""# 12 L2@7.00 KLF 173.00 326.00 499.00"" (crew L2; stranded alt same page). NECA raw p150 ""#12 6.00 7.50 9.00 M"" = 0.006 h/ft (reduce 10% for factory-lubricated wire). Exact size match (#12); THHN solid assumed as in chunk-21",# 12 L2@7.00 KLF 173.00 326.00 499.00,item,#12 6.00 7.50 9.00 M,item
23,FIXT TYPE L3A,,,none,,,,,none,,,none,"Plan legend type code only (Dupuis: luminaire type L3A, famille L; categories.json ""luminaire type L3A"", dictionnaire 88 occ / 10 projets; corpus 44 marks / 5 projects) - no fixture spec (lamp/wattage/mount/size) on the label, so no National Estimator 2025 or NECA 2022 fixture line can be selected without inventing the type. Same rule as FIXT TYPE L3 (chunk-3) and FIXT TYPE C4 (chunk-21); resolve from each project fixture schedule",,,,
23,PRISE TOIT,,247,"Ground Fault Circuit Interrupter (GFCI) Duplex Receptacles: 15 amp, 120 volt AC, commercial specification-grade, duplex less indicating light, with wall plate Ivory || raw: Ivory L1@0.20 Ea 11.70 9.32 21.02",11.70,0.20,Ea,318,Duplex Receptacle - Straight Blade: 15 Amp GFCI or AFCI || raw: 15 Amp GFCI or AFCI 30.00 37.50 45.00 C,30.00,C,low,"Dupuis PRISE TOIT = prise electrique de toiture, dispositif BT (categories.json: ""Receptacle installe sur le toit (entretien/equipement CVAC)""; dictionnaire 72 occ / 15 projets; corpus PRISE TOIT 37 marks / 8 projects + prise toit 6 / 2; related SERV PRISE WP TOIT 25, JC PRISE GFI TOIT 10 - separate labels). Amperage (15/20 A), GFCI and cover type NOT on label -> low. Read as the wet-location GFCI service receptacle at rooftop mechanical equipment: receptacle = same lines as GFI WP (chunk earlier): NE raw p247 ""Ivory L1@0.20 Ea 11.70 9.32 21.02"" (20 A alt same page ""Ivory L1@0.20 Ea 14.10 9.32 23.42""; non-GFCI 15 A duplex p240 ""Ivory L1@0.20 Ea 1.05 9.32 10.37""); NECA raw p318 ""15 Amp GFCI or AFCI 30.00 37.50 45.00 C"" = 0.30 h each (20 A alt ""20 Amp GFCI or AFCI 35.00 43.75 52.50 C""). Weatherproof in-use cover to add: NE raw p68 ""WLRD-1 duplex recept L1@0.10 Ea 54.10 4.66 58.76"" (cast hinged) or p44 ""1 gang GFCI L1@0.10 Ea 20.10 4.66 24.76"" (Type FS WP PVC cover); NECA raw p320 ""1G Vertical In-Use Cover 20.00 25.00 30.00 C"" (0.20 h each). FS box, roof penetration/support and circuit not included",Ivory L1@0.20 Ea 11.70 9.32 21.02,item,15 Amp GFCI or AFCI 30.00 37.50 45.00 C,item
23,VOLET MOTORISER,,,none,,,,74,Temperature Controls - Actuators - Damper: Damper Motor || raw: Damper Motor 0.75 1.00 1.25 E,0.75,E,low,"Dupuis VOLET MOTORISER = volet/store motorise (categories.json: categorie ""autre"", ""Equipement motorise specialise""; dictionnaire 57 occ / 11 projets; corpus 43 marks / 9 projects) - spelling variant of VOLET MOTORIZER (chunk-21, 52 marks / 8 projects); same mapping. Label does not say whether it is an HVAC damper (clapet) or a window shade (store). Priced under the damper hypothesis: NECA raw p74 (23 09 00 Actuators - Damper): ""Damper Motor 0.75 1.00 1.25 E"" (same table ""Mounting Base"", ""Control Linkage"", ""Terminate Conductors"" if in scope). If motorized window shade: NECA has no per-shade motor line (PDF grep motorized/roller/window shade -> 0). NE 2025: no damper/shade/actuator line (PDF grep damper -> pole vibration dampers prose only p194-196; motorized shade/roller shade -> 0) -> none. Low: device type not fixed by label; power/control wiring to the motor priced separately",,,Damper Motor 0.75 1.00 1.25 E,item
23,SECHOIRE,,249,"Single Receptacles: 3 pole, 4-wire single, grounding, Dryer 30A, 125/250V, NEMA 14-30R || raw: 30A, 125/250V, NEMA 14-30R L1@0.25 Ea 21.50 11.60 33.10",21.50,0.25,Ea,318,Single Receptacle - Straight Blade or Twist Lock: 30 Amp 4 Wire || raw: 30 Amp 4 Wire 45.00 56.25 67.50 C,45.00,C,low,"Dupuis SECHOIRE = sortie/circuit pour secheuse electrique, dispositif BT (categories.json: ""Probable variante de secheuse; receptacle/circuit dedie 240V""; dictionnaire 109 occ / 17 projets with variants A SECHEUSE, D SECHEUSE; normalisation A SECHEUSE / D SECHEUSE -> SECHOIRE; corpus SECHOIRE 34 marks / 6 projects + A SECHEUSE 4 + D SECHEUSE 4). Read as the dryer receptacle = same lines as PRISE SECHEUSE (chunk earlier): NE raw p249 ""30A, 125/250V, NEMA 14-30R L1@0.25 Ea 21.50 11.60 33.10"" (flush; surface alt same page ""30A, 125/250V, NEMA 14-30R L1@0.35 Ea 14.70 16.30 31.00""; 3-wire ""30A, 125/250V, NEMA 10-30R L1@0.25 Ea 3.32 11.60 14.92""). NECA raw p318 ""30 Amp 4 Wire 45.00 56.25 67.50 C"" = 0.45 h each (3 wire ""30 Amp 3 Wire 40.00 50.00 60.00 C""); NECA has no ""dryer"" line (PDF grep -> 0). Low: label says dryer outlet, not the receptacle type - could be a hard-wired outlet or a commercial dryer of higher rating; box, plate, 2P 30 A breaker and #10 circuit priced separately","30A, 125/250V, NEMA 14-30R L1@0.25 Ea 21.50 11.60 33.10",item,30 Amp 4 Wire 45.00 56.25 67.50 C,item
23,CARILLON,,370,"Beacons and Chimes: Chimes One entrance, white || raw: One entrance, white L1@0.40 Ea 17.40 18.60 36.00",17.40,0.40,Ea,,none,,,medium,"Dupuis CARILLON = carillon de porte (sonnette), telecom_donnees BASSE_TENSION_COMM (categories.json: ""Dispositif de signalisation sonore basse tension""; corpus CARILLON 39 marks / 7 projects + Carillon 3 / 1; BOUTON SONNETTE 13 marks separate). NE raw p370 (Beacons and Chimes - Chimes): ""One entrance, white L1@0.40 Ea 17.40 18.60 36.00"" (alts same page ""One entrance, beige L1@0.40 Ea 17.40 18.60 36.00"", ""Two entrance, white L1@0.40 Ea 13.00 18.60 31.60"", ""Two entrance, beige L1@0.40 Ea 13.00 18.60 31.60"", plus ""Bar chimes"" lines). Medium: one- vs two-entrance and finish not on label; chime unit only - push button (BOUTON row / NE p371), bell transformer and bell wire priced separately. NECA 2022: no doorbell / door chime line (PDF grep door bell|door chime|chime -> only p410 Fire Alarm - Signaling ""Chime 0.75 1.00 1.25 E"", a fire-alarm notification appliance, not a doorbell; not selected) -> none","One entrance, white L1@0.40 Ea 17.40 18.60 36.00",item,,
23,V,,,none,,,,,none,,,none,"Dupuis V = lettre isolee non resolue, categorie indetermine (categories.json: ""Signification incertaine (volt? ventilateur?); non inventee""; dictionnaire 82 occ / 12 projets; corpus V 38 marks / 5 projects + v 3 / 1). No device type can be fixed from the label, so no book line is selected in either book. Same rule as RT (chunk-15), BA (chunk-17), S (chunk-12), M/E/C (chunk-15). Resolve per project legend before pricing",,,,
23,3/4 EMT 4#10,ENSB04E387C10C4D1A1C,18,"EMT conduit in concealed areas, walls and closed ceilings 3/4"" || raw: 3/4"" L1@3.75 CLF 74.30 175.00 249.30",74.30,3.75,CLF,202,Electrical Metallic Tubing (EMT): 3/4-inch || raw: 3/4-inch 5.00 6.20 7.50 C,5.00,C,medium,"Dupuis conduit spec ""3/4 4c10"" = 3/4 in EMT with 4 x #10 conductors; EE ensemble ENSB04E387C10C4D1A1C ""conduit 3/4 04c10"" (key 19PE0.75 #10; corpus 40 marks). Row 1/2 = conduit per 100 ft. NE raw p18 (concealed areas, walls and closed ceilings): ""3/4"" L1@3.75 CLF 74.30 175.00 249.30"" (alts same page: in floor slab / trapeze ""3/4"" L1@3.50 CLF 74.30 163.00 237.30"", exposed ""3/4"" L1@4.00 CLF 74.30 186.00 260.30""). NECA raw p202 (26 05 33 EMT): ""3/4-inch 5.00 6.20 7.50 C"" = 0.05 h/ft (note: add 10% for colored conduit). Medium: installation condition not on label; couplings, connectors, straps and boxes priced separately. Same conduit lines as 3/4 EMT 9#12 (chunk-18)","3/4"" L1@3.75 CLF 74.30 175.00 249.30",item,3/4-inch 5.00 6.20 7.50 C,item
23,3/4 EMT 4#10,ENSB04E387C10C4D1A1C,94,Copper Building Wire: Type THHN 600 volt solid copper building wire # 10 || raw: # 10 L2@8.00 KLF 264.00 373.00 637.00,264.00,8.00,KLF,150,600 Volt Bldg Wire-1/C-Copper Type THHN & THWN: #10 || raw: #10 7.00 8.75 10.50 M,7.00,M,high,"Companion row 2/2: wire per 1000 ft, x 4 conductors. NE raw p94 ""# 10 L2@8.00 KLF 264.00 373.00 637.00"" (crew L2; stranded alt same page). NECA raw p150 ""#10 7.00 8.75 10.50 M"" = 0.007 h/ft (reduce 10% for factory-lubricated wire). Exact size match (#10); THHN solid assumed",# 10 L2@8.00 KLF 264.00 373.00 637.00,item,#10 7.00 8.75 10.50 M,item
23,T,,,none,,,,,none,,,none,"Dupuis T = lettre seule ambigue, categorie indetermine (categories.json: ""Aucun indice suffisant (ni TEL, ni TH selon le lexique du brief)""; dictionnaire 74 occ / 12 projets; corpus T 33 marks / 5 projects + t 5 / 2). No device type can be fixed from the label (telephone? thermostat? transformer?), so no book line is selected in either book. Same rule as V (this chunk), RT (chunk-15), BA (chunk-17). Resolve per project legend before pricing",,,,
23,SECHOIR,,249,"Single Receptacles: 3 pole, 4-wire single, grounding, Dryer 30A, 125/250V, NEMA 14-30R || raw: 30A, 125/250V, NEMA 14-30R L1@0.25 Ea 21.50 11.60 33.10",21.50,0.25,Ea,318,Single Receptacle - Straight Blade or Twist Lock: 30 Amp 4 Wire || raw: 30 Amp 4 Wire 45.00 56.25 67.50 C,45.00,C,low,"Dupuis SECHOIR = raccordement/prise pour secheuse, dispositif BT (categories.json: ""Circuit dedie pour secheuse residentielle/commerciale""; dictionnaire 71 occ / 15 projets; corpus 38 marks / 7 projects). Same reading and same lines as SECHOIRE (this chunk) and PRISE SECHEUSE (chunk earlier): NE raw p249 ""30A, 125/250V, NEMA 14-30R L1@0.25 Ea 21.50 11.60 33.10""; NECA raw p318 ""30 Amp 4 Wire 45.00 56.25 67.50 C"" = 0.45 h each. Low: besides the receptacle type not being on the label, corpus shows SECHOIR also used for hand/hair dryers (SECHOIR A MAIN 27 marks, SECHOIR 134W CONAIR 8 marks - separate labels, see SECHOIRE A MAIN chunk-21: NECA p276 ""20 Amp Circuits #12 & #10 0.25 0.30 0.36 E""); check the project legend before applying the dryer receptacle","30A, 125/250V, NEMA 14-30R L1@0.25 Ea 21.50 11.60 33.10",item,30 Amp 4 Wire 45.00 56.25 67.50 C,item
23,LECTEUR DE CARTE,,,none,,,,404,Access Control: Card Reader - Wall Mounted || raw: Card Reader - Wall Mounted X 1.50 1.88 2.25 E,1.50,E,medium,"Dupuis LECTEUR DE CARTE = lecteur de carte d acces, securite_incendie (categories.json: ""Controle d acces, exemple explicite de la categorie dans le brief""; corpus 37 marks / 7 projects) - full-form variant of LECTEUR CARTE (chunk-6; normalisation LECTEUR -> LECTEUR CARTE); same mapping. NECA raw p404 (28 15 00 Integrated Access Control Hardware Devices): ""Card Reader - Wall Mounted X 1.50 1.88 2.25 E"" (X = revised-line marker, not a value; post-mounted alt same page ""Card Reader - Post Mounted X 1.50 1.88 2.25 E""). Reader technology (prox/keypad/biometric) not on label - keypad alt p409 ""Digital Keypad 1.00 1.25 1.50 E"". NE 2025: no card reader / access control device line (PDF grep card reader|proximity reader -> 0) -> none. Reader only: door controller (p403 ""Two Door Controller 2.00 2.50 3.00 E""), strike (GACHE row), power supply and cabling priced separately",,,Card Reader - Wall Mounted X 1.50 1.88 2.25 E,item
23,BOUTON,,371,"Signal Systems: Surface mounted push buttons for signal systems - Round, plain || raw: Round, plain L1@0.20 Ea 3.59 9.32 12.91",3.59,0.20,Ea,295,Field Mounted Push Button Switches: 1 Button || raw: 1 Button 0.80 1.00 1.20 E,0.80,E,low,"Dupuis BOUTON = bouton, fonction incertaine, categorie indetermine (categories.json: ""Hypotheses: bouton-poussoir moteur, station manuelle incendie, sonnette""; dictionnaire 73 occ / 23 projets; corpus BOUTON 36 marks / 11 projects + Bouton 1; compounds BOUTON RELACHE 78, BOUTON POUSSOIRE 49, BOUTON SORTIE 48, BOUTON PANIC 32, BOUTON SONNETTE 13 are separate labels already mapped or to map). Only the device class (a push button) is fixed, not its function/voltage/enclosure -> low; same lines as BOUTON POUSSOIRE (chunk earlier). NE raw p371 (Signal Systems, surface push buttons): ""Round, plain L1@0.20 Ea 3.59 9.32 12.91"" (alts same page ""Oblong, ivory L1@0.20 Ea 3.03 9.32 12.35"", lighted/flush lines). NECA raw p295 (Field Mounted Push Button Switches): ""1 Button 0.80 1.00 1.20 E"" (motor-control station); function alternatives: door release NECA p404 ""Request to Exit 1.00 1.25 1.50 E"" (see BOUTON RELACHE chunk-18), fire alarm manual station NECA p410 (STATION MANUEL row). If the plan legend reads it as a doorbell button, pair with CARILLON (this chunk)","Round, plain L1@0.20 Ea 3.59 9.32 12.91",item,1 Button 0.80 1.00 1.20 E,item
24,A 1000W,,,none,,,,78,Baseboard Heaters: 48-inch || raw: 48-inch 0.90 1.13 1.35 E,0.90,E,low,"Dupuis dictionnaire-symboles classes ""A 1000W"" as luminaire type A designated by wattage (50 occ / 10 projets; corpus 32+5 marks); categories.json note itself says only ""probable luminaire"". Corpus evidence points the other way: letter prefixes A/B/C/D are unit/panel markers on other labels (normalisation.json: A PRISE->PRISE, A TH->THERMOSTAT, A TV->TV, A HOTTE->HOTTE, D PRISE->PRISE) and etiquettes.csv has B 300W, B 500W, B 1000W (208 marks), B 1250W, B 1500W = the standard electric baseboard wattage ladder, while bare ""1000W"" = plinthe electrique chauffante 1000W (1971 occ / 38 projets). Read as plinthe 1000W, repere A (NOT a 1000 W HID luminaire) - confirm on the plan legend. Same book treatment as family 1000W (earlier chunk): NECA p78 (23 83 00) lists baseboard heaters by length only, raw ""48-inch 0.90 1.13 1.35 E"" (48 in = usual 1000 W/240 V length in manufacturer catalogs, NOT from the book; neighbours ""36-inch 0.80 1.00 1.20 E"", ""60-inch 1.00 1.25 1.50 E""). NE 2025: no electric baseboard heater line (CSV grep baseboard -> 0) -> none. If a project legend proves it IS a 1000 W HID luminaire, use NE p181 raw ""1000W MH, Taps L1@0.75 Ea 976.00 34.90 1,010.90"" (23 in recessed high bay) / NECA p358 ""High Bay Fixtures - 1000 Watt - With Lens: LED 3.00 3.75 4.69 E"" instead",,,48-inch 0.90 1.13 1.35 E,item
24,1/2 EMT 4#12,ENS72A033C39816D16C0,448,"1/2"" EMT Conduit Assemblies: 100' 1/2"" EMT conduit, 2 set screw connectors, 9 set screw couplings and 9 one-hole straps 4 #12THHN, solid || raw: 4 #12THHN, solid L1@6.87 CLF 113.00 320.00 433.00",113.00,6.87,CLF,202,Electrical Metallic Tubing (EMT): 1/2-inch || raw: 1/2-inch 4.50 5.60 6.70 C,4.50,C,high,"Dupuis conduit spec ""1/2 4c12"" = 1/2 in EMT with 4 x #12 conductors (conduits-spec.csv: 37 occurrences, 302,528.6 px total length); EE ensemble ENS72A033C39816D16C0 ""conduit 1/2 04c12"" (key 19PE0.5 #12). Exact match. NE raw p448 (conduit assemblies, per 100 ft incl. 2 connectors, 9 couplings, 9 straps, 4 wires): ""4 #12THHN, solid L1@6.87 CLF 113.00 320.00 433.00"" (stranded alt same page ""4 #12THHN, stranded L1@6.87 CLF 99.00 320.00 419.00""). NECA prices raceway and wire separately: raw p202 ""1/2-inch 4.50 5.60 6.70 C"" (EMT per 100 ft, note ""Add 10% for colored conduit""; fittings extra: ""EMT Set Screw Box Connectors 1/2-inch 0.08 0.10 0.12 E"", ""EMT Set Screw Couplings 1/2-inch 0.04 0.05 0.06 E"" p202) + 4 x raw p150 ""#12 6.00 7.50 9.00 M"" (0.6 h/100 ft per conductor -> 2.4 h/100 ft for 4) = 6.90 h per 100 ft total, see companion row. Same convention as 1/2 EMT 3#12 (chunk-12). Boxes, terminations, bends not included","4 #12THHN, solid L1@6.87 CLF 113.00 320.00 433.00",item,1/2-inch 4.50 5.60 6.70 C,item
24,1/2 EMT 4#12,ENS72A033C39816D16C0,,none,,,,150,600 Volt Bldg Wire-1/C-Copper Type THHN & THWN: #12 || raw: #12 6.00 7.50 9.00 M,6.00,M,high,"Companion row: NECA #12 THHN/THWN copper 6.00 h per 1000 ft (p150), x 4 conductors, to add to EMT 1/2-inch 4.50 h/100 ft (p202). Note p150: reduce labor 10% with factory-lubricated wire. NE side already bundled in the p448 assembly line -> none here",,,#12 6.00 7.50 9.00 M,item
24,1 1/4 EMT 19#12,ENSCE207558DF9514513,18,"EMT conduit in concealed areas, walls and closed ceilings 1-1/4"" || raw: 1-1/4"" L1@5.00 CLF 189.00 233.00 422.00",189.00,5.00,CLF,202,Electrical Metallic Tubing (EMT): 1 1/4-inch || raw: 1 1/4-inch 6.20 7.80 9.30 C,6.20,C,medium,"Dupuis conduit spec ""1''1/4 19c12"" = 1-1/4 in EMT with 19 x #12 conductors (conduits-spec.csv: 37 occurrences, 143,086.5 px total length); EE ensemble ENSCE207558DF9514513 ""conduit 1''1/4 19c12"" (key 19PE1.25 #12). NE 2025 p451 1-1/4"" EMT conduit assemblies stop at 6 conductors (raw ""6 #12THHN, solid L1@10.3 CLF 311.00 480.00 791.00"") - no 19-wire assembly, so priced as raceway + wire separately: NE raw p18 ""1-1/4"" L1@5.00 CLF 189.00 233.00 422.00"" (EMT in concealed areas; alts p18 ""1-1/4"" L1@4.50 CLF 189.00 210.00 399.00"" slab/trapeze, ""1-1/4"" L1@6.00 CLF 189.00 280.00 469.00"" exposed; connectors/couplings/straps extra, e.g. p20 ""Die cast set screw EMT connectors 1-1/4"" L1@0.10 Ea 1.63 4.66 6.29"") + 19 x NE raw p94 ""# 12 L2@7.00 KLF 173.00 326.00 499.00"" (THHN solid copper, per 1000 ft = 0.70 h and 17.30 USD per 100 ft per conductor -> 13.30 h and 328.70 USD per 100 ft for 19), see companion row; total 18.30 h and 517.70 USD per 100 ft. NECA raw p202 ""1 1/4-inch 6.20 7.80 9.30 C"" (fittings extra: ""EMT Set Screw Box Connectors 1 1/4-inch 0.16 0.20 0.24 E"", ""EMT Set Screw Couplings 1 1/4-inch 0.08 0.09 0.10 E"", ""EMT Factory Elbows 1 1/4-inch 0.32 0.40 0.48 E"" p202) + 19 x raw p150 ""#12 6.00 7.50 9.00 M"" (0.6 h/100 ft per conductor -> 11.4 h) = 17.60 h per 100 ft total. Medium: sizes exact but both books are a sum of two tables rather than one assembly line (same treatment as 3/4 EMT 7#12). Boxes, terminations, bends not included","1-1/4"" L1@5.00 CLF 189.00 233.00 422.00",item,1 1/4-inch 6.20 7.80 9.30 C,item
24,1 1/4 EMT 19#12,ENSCE207558DF9514513,94,Type THHN 600 volt solid copper building wire # 12 || raw: # 12 L2@7.00 KLF 173.00 326.00 499.00,173.00,7.00,KLF,150,600 Volt Bldg Wire-1/C-Copper Type THHN & THWN: #12 || raw: #12 6.00 7.50 9.00 M,6.00,M,medium,"Companion row: conductor lines to multiply by 19 and add to the 1-1/4 in EMT raceway row. NE raw p94 ""# 12 L2@7.00 KLF 173.00 326.00 499.00"" (THHN solid; stranded alt p94 not listed for THHN #12 solid/stranded split - THW stranded ""# 12 L2@7.00 KLF 290.00 326.00 616.00""), crew L2, per 1000 ft. NECA raw p150 ""#12 6.00 7.50 9.00 M"" per 1000 ft; note p150: reduce labor 10% with factory-lubricated wire",# 12 L2@7.00 KLF 173.00 326.00 499.00,item,#12 6.00 7.50 9.00 M,item
24,INT MOUV,,,none,,,,281,Occupancy Sensors: Automatic Wall Switch || raw: Automatic Wall Switch 0.35 0.44 0.53 E,0.35,E,medium,"Dupuis INT MOUV = interrupteur detecteur de mouvement (occupancy sensor wall switch), dispositif BT (70 occ / 8 projets; corpus 35 marks / 4 projects; categories.json: ""interrupteur mural avec capteur de presence integre""). NECA raw p281 (26 09 23 Lighting Control Devices): ""Automatic Wall Switch 0.35 0.44 0.53 E"" = wall-box occupancy sensor switch, function matches; same table ""Passive Infrared Occupancy Sensor 0.50 0.63 0.75 E"", ""Ceiling Mounted Sensor 0.50 0.63 0.75 E"" (use if the sensor is ceiling type), ""Intelligent Power Pack 0.75 0.94 1.13 E"" (add if a power pack is required). Medium: device type matches but voltage (120/347 V), PIR/ultrasonic and single/3-way not on label. NE 2025: no occupancy/motion sensor switch line (CSV grep occupancy|motion|sensor switch|vacancy -> 0; same finding as DETECTEUR MOUVEMENT row) -> none; nearest NE is an ordinary toggle switch (p225) which is NOT the same device",,,Automatic Wall Switch 0.35 0.44 0.53 E,item
24,CP,,,none,,,,,none,,,none,"Dupuis CP = abreviation non resolue, categorie indetermine (dictionnaire-symboles: 69 occ / 11 projets; categories.json: ""Possible lien avec carte d acces (securite) mais non confirme ; non listee au glossaire""); corpus 20 CP + 15 cp marks / 5 projects. Two-letter code with no resolved meaning (could be carte-d-acces reader, control panel, or a circuit/panel reference) - selecting any book line would be inventing the device. -> none; resolve against each project legend, then price as LECTEUR CARTE or panel family",,,,
24,EXIT RELO,,,none,,,,360,Exit Fixtures: Surface Mount - Standard or LED || raw: Surface Mount - Standard or LED 1.00 1.25 1.56 E,1.00,E,low,"Dupuis EXIT RELO = enseigne de sortie (EXIT) relocalisee, luminaire BT (52 occ / 14 projets; corpus 34+1 marks / 8 projects); RELO = a relocaliser (recurrent corpus pattern, cf. DETECTEUR RELO, RELO PRISE). Scope = remove the existing exit sign and re-hang it at the new location, fixture reused -> no material. Neither book has a relocation line for interior fixtures (CSV grep relocat|reloc -> 0 in both; NECA 26 05 05 Selective Demolition p123-127 covers only outdoor line work and street lighting, e.g. ""Removal of Street Lighting Systems - Light Fixtures Attached Before Pole Erection 250 Watt 1.00 1.25 1.56 E"", not applicable). Re-installation labor taken as a new exit fixture: NECA raw p360 ""Surface Mount - Standard or LED 1.00 1.25 1.56 E"" (pendant ""1.50 1.88 2.34 E"", recessed ""1.25 1.56 1.95 E""); removal hours and the new branch-circuit extension (conduit/wire families) NOT included and not in the book -> low. NE 2025: material not applicable (existing fixture); labor-only reference if needed NE p172 ""Single face exit fixtures ... Ceiling mounted, red L1@0.50 Ea 43.60 23.30 66.90"" (material column must be dropped) -> none",,,Surface Mount - Standard or LED 1.00 1.25 1.56 E,item
24,30A 600V NF WP,,279,600 Volt Heavy Duty Safety Switches: NEMA 3R heavy duty non-fused 600 volt safety switches 3P 30A || raw: 3P 30A L1@0.50 Ea 455.00 23.30 478.30,455.00,0.50,Ea,322,Disconnect Safety Switches - Nonfused 3-Pole (NEMA 1; book note: for NEMA 3R add 10%): 30 Amp || raw: 30 Amp 2.00 2.50 3.00 E,2.00,E,medium,"Dupuis 30A 600V NF WP = sectionneur 30 A 600 V non-fusible etanche (mecanique_moteur, BT; 45 occ / 15 projets; corpus 34 marks / 9 projects; sibling families 30A 600V NF and 30A NF WP mapped in earlier chunks). WP = NEMA 3R. Amperage, voltage, non-fused and enclosure match exactly; poles not on label (3P assumed, 600 V = 3-phase motor loads) -> medium. NE 2025 raw p279: ""3P 30A L1@0.50 Ea 455.00 23.30 478.30"" (NEMA 3R heavy duty non-fused 600 V; 2-pole alt same page ""2P 30A L1@0.50 Ea 455.00 23.30 478.30""; NEMA 1 600 V alt p279 ""3P 30A L1@0.50 Ea 261.00 23.30 284.30""). NECA raw p322: ""30 Amp 2.00 2.50 3.00 E"" (Nonfused 3-Pole) with table note ""These labor units apply to NEMA 1 enclosures only - For NEMA 3R add 10% - For stainless steel enclosures add 20%"" -> 2.20 h for WP per the book rule; 2-pole alt p322 ""30 Amp 1.70 2.13 2.55 E"". Switch only, wiring/terminations not included",3P 30A L1@0.50 Ea 455.00 23.30 478.30,item,30 Amp 2.00 2.50 3.00 E,item
24,1/2 EMT 4#14,ENSC410F2AA176D25010,448,"1/2"" EMT Conduit Assemblies: 100' 1/2"" EMT conduit, 2 set screw connectors, 9 set screw couplings and 9 one-hole straps 4 #14THHN, solid || raw: 4 #14THHN, solid L1@6.47 CLF 91.30 301.00 392.30",91.30,6.47,CLF,202,Electrical Metallic Tubing (EMT): 1/2-inch || raw: 1/2-inch 4.50 5.60 6.70 C,4.50,C,high,"Dupuis conduit spec ""1/2 4c14"" = 1/2 in EMT with 4 x #14 conductors (conduits-spec.csv: 34 occurrences, 396,809.6 px total length); EE ensemble ENSC410F2AA176D25010 ""conduit 1/2 04c14"" (key 19PE0.5 #14). Exact match. NE raw p448 (conduit assemblies, per 100 ft incl. 2 connectors, 9 couplings, 9 straps, 4 wires): ""4 #14THHN, solid L1@6.47 CLF 91.30 301.00 392.30"" (stranded alt same page ""4 #14THHN, stranded L1@6.47 CLF 82.20 301.00 383.20""). NECA prices raceway and wire separately: raw p202 ""1/2-inch 4.50 5.60 6.70 C"" (EMT per 100 ft, note ""Add 10% for colored conduit""; fittings extra p202) + 4 x raw p150 ""#14 5.00 6.20 7.50 M"" (0.5 h/100 ft per conductor -> 2.0 h/100 ft for 4) = 6.50 h per 100 ft total, see companion row. Same convention as 1/2 EMT 3#12 (chunk-12). Boxes, terminations, bends not included","4 #14THHN, solid L1@6.47 CLF 91.30 301.00 392.30",item,1/2-inch 4.50 5.60 6.70 C,item
24,1/2 EMT 4#14,ENSC410F2AA176D25010,,none,,,,150,600 Volt Bldg Wire-1/C-Copper Type THHN & THWN: #14 || raw: #14 5.00 6.20 7.50 M,5.00,M,high,"Companion row: NECA #14 THHN/THWN copper 5.00 h per 1000 ft (p150), x 4 conductors, to add to EMT 1/2-inch 4.50 h/100 ft (p202). Note p150: reduce labor 10% with factory-lubricated wire. NE side already bundled in the p448 assembly line -> none here",,,#14 5.00 6.20 7.50 M,item
24,CR10,,,none,,,,,none,,,none,"Dupuis CR10 = code ambigu (relais de controle ou reference de circuit), categorie indetermine (dictionnaire-symboles: 64 occ / 11 projets; categories.json: ""Code court sans contexte suffisant; plusieurs interpretations possibles""); corpus 33 marks / 6 projects. Could be a control relay tag (CR = control relay, #10), a circuit reference or a device schedule mark - selecting any book line would be inventing the device. -> none; resolve against each project legend/schedule",,,,
24,FIXT TYPE P3,,,none,,,,,none,,,none,"Plan legend type code only (Dupuis: luminaire type P3, ""Type de luminaire au catalogue du releve""; 64 occ / 8 projets; corpus 32 marks / 4 projects) - no fixture spec (lamp/wattage/mount/size) on the label, so no National Estimator 2025 or NECA 2022 fixture line can be selected without inventing the type; needs the fixture schedule of each project (same treatment as FIXT TYPE A/B/C/D/E/E1/L1/L2/L3/L6 chunks 0-4, L4/E2/I/H/B1/L10/D1 chunk-6, E3/L chunk-9, K/M chunk-11, P1 earlier chunk)",,,,
24,MOTEUR,,380,Equipment Hookup: Hook up single or three-phase motors to 600 volts - Fractional HP || raw: Fractional HP L1@0.50 Ea 5.22 23.30 28.52,5.22,0.50,Ea,276,Power Connections to Equipment Installed By Others - Copper 600 Volt Conduit: 20 Amp Circuits #12 & #10 || raw: 20 Amp Circuits #12 & #10 0.25 0.30 0.36 E,0.25,E,low,"Dupuis MOTEUR = moteur electrique (generique), mecanique_moteur, BT (56 occ / 19 projets; corpus 31 MOTEUR + 1 moteur marks / 10 projects; categories.json: ""Moteur generique, sans precision de type ni de puissance""). Read as the final power connection of a motor supplied and set by others; HP, voltage and circuit size NOT on the label -> low (voltage also unknown, unlike MOTEUR 600V earlier chunk). NE 2025 p380 ""Hook up single or three-phase motors to 600 volts"" covers all voltages up to 600 V; the line depends on HP: raw floor ""Fractional HP L1@0.50 Ea 5.22 23.30 28.52"", then ""1 HP L1@0.75 Ea 6.78 34.90 41.68"" (1 to 3 HP identical), ""5 HP L1@1.00 Ea 9.88 46.60 56.48"" (5 and 7-1/2 HP), ""10 HP L1@1.25 Ea 19.50 58.20 77.70"" (10-15 HP), ""20 HP L1@1.50 Ea 33.20 69.90 103.10"" (20-25 HP), ""30 HP L1@2.00 Ea 65.80 93.20 159.00"", ""50 HP L1@3.00 Ea 98.80 140.00 238.80"", ""75 HP L1@4.00 Ea 164.00 186.00 350.00"", ""100 HP L1@5.00 Ea 233.00 233.00 466.00"" (material = flex/fittings/lugs only, motor by others) -> pick the HP line from the mechanical schedule. NECA 2022 has no per-HP motor connection table in Division 26 (p59 ""Motor Handling - 0 - 600 Volt A.C."" is Division 21 unload/inspect/install of the motor itself, not applicable when the motor is set by others; p274-275 are starters). Closest is p276 (26 05 83 Wiring Connections) by circuit size: raw floor ""20 Amp Circuits #12 & #10 0.25 0.30 0.36 E"", then ""50 Amp Circuits #8 0.30 0.37 0.45 E"", ""60 Amp Circuits #6 0.33 0.42 0.50 E"", ""80 Amp Circuits #4 0.36 0.45 0.54 E"", ""100 Amp Circuits #2 0.45 0.57 0.68 E"". Disconnect, starter, conduit and wire priced separately",Fractional HP L1@0.50 Ea 5.22 23.30 28.52,item,20 Amp Circuits #12 & #10 0.25 0.30 0.36 E,item
24,FIXT TYPE P2,,,none,,,,,none,,,none,"Plan legend type code only (Dupuis: luminaire type P2; 60 occ / 18 projets; corpus 30 marks / 9 projects) - no fixture spec (lamp/wattage/mount/size) on the label, so no National Estimator 2025 or NECA 2022 fixture line can be selected without inventing the type; needs the fixture schedule of each project (same treatment as FIXT TYPE P1/P3 and A/B/C/D/E/L series in earlier chunks)",,,,
25,FIXT TYPE M2,,,none,,,,,none,,,none,"Plan legend type code only (Dupuis dictionnaire: luminaire type M2, BT, 54 occ / 11 projets; categories.json note empty; corpus FIXT TYPE M2 29 marks / 6 projects) - no fixture spec (lamp/wattage/mount/size) on the label, so no National Estimator 2025 or NECA 2022 fixture line can be selected without inventing the type; needs the fixture schedule of each project (same treatment as FIXT TYPE M chunk-11 and M1 chunk-22, and all other FIXT TYPE x codes chunks 0-24)",,,,
25,2KW,,,none,,,,78,Baseboard Heaters: 96-inch || raw: 96-inch 1.25 1.56 1.88 E,1.25,E,low,"Dupuis dictionnaire + categories.json: plinthe electrique chauffante 2000W (2kW), chauffage, BT (46 occ / 12 projets; note: ""Puissance seule, coherent avec les autres etiquettes de plinthes""); corpus 2KW 26 marks / 7 projects + 2kw 2 / 1. Row 1/2 = baseboard reading. NECA raw p78 (23 83 00 Baseboard Heaters, by length only, no wattage in book): ""96-inch 1.25 1.56 1.88 E"" - 96 in chosen only as the usual length of a 2000 W / 240 V baseboard in manufacturer catalogs (approx. 250 W/ft, NOT from the book; same convention as 300W->24in, 1000W->48in, 1500W->60in, 1750W->72in in chunks 2/5/16); neighbours ""72-inch 1.10 1.38 1.65 E"", ""120-inch 1.40 1.75 2.10 E"". NE 2025: no electric baseboard heater line (CSV grep baseboard -> 0; only hookup lines p380-381 e.g. ""Unit heaters, small L1@2.00 Ea 86.10 93.20 179.30"") -> none. Low: kW notation in the corpus also names unit heaters (3KW, 4KW, AE 5KW, FORCE FLOW 5KW, HEATER 10KW) - see companion row; confirm on the project heating schedule",,,96-inch 1.25 1.56 1.88 E,item
25,2KW,,,none,,,,78,125 Volt and 250 Volt Unit Heaters with Blowers Including Hanger Mounting Brackets: 1 to 2 KW || raw: 1 to 2 KW 2.00 2.50 3.00 E,2.00,E,low,"Companion row 2/2: alternative reading as a 2 kW unit heater / aerotherme (corpus kW-style labels 3KW 18 marks, 4KW 26, AE 5KW 12, FORCE FLOW 5KW 6, HEATER 10KW 600V 15A 9 are unit/duct heaters, and C4 2KW 11 marks). NECA raw p78 (23 83 00, ""125 Volt and 250 Volt Unit Heaters with Blowers Including Hanger Mounting Brackets""): ""1 to 2 KW 2.00 2.50 3.00 E"" = exact kW class; next ""3 KW 2.50 3.13 3.75 E"". If a wall fan-forced heater (aeroconvecteur) is meant: NECA p78 ""Electric 120 Volt Wall Heaters: 2000 Watt 2.00 2.25 2.70 E"" (same as WF 2000W chunk-18). NE 2025: no electric unit/wall heater line, only the connection p381 ""Unit heaters, small L1@2.00 Ea 86.10 93.20 179.30"" -> none. Use this row only if the legend shows a unit heater; otherwise row 1",,,1 to 2 KW 2.00 2.50 3.00 E,item
25,1/2 EMT 4#10,ENS8B6D59671591A6F61,448,"1/2"" EMT Conduit Assemblies: 100' 1/2"" EMT conduit, 2 set screw connectors, 9 set screw couplings and 9 one-hole straps 4 #10THHN, solid || raw: 4 #10THHN, solid L1@7.27 CLF 149.00 339.00 488.00",149.00,7.27,CLF,202,Electrical Metallic Tubing (EMT): 1/2-inch || raw: 1/2-inch 4.50 5.60 6.70 C,4.50,C,high,"Dupuis conduit spec ""1/2 4c10"" = 1/2 in EMT with 4 x #10 conductors (conduits-spec.csv: 28 occurrences, 225,585.7 px total length); EE ensemble ENS8B6D59671591A6F61 ""conduit 1/2 04c10"" (key 19PE0.5 #10; 0 marks in ensembles-ee.csv, 28 marks under label 1/2 4c10). Exact match. NE 2025 raw p448 (1/2"" EMT conduit assemblies, per 100 ft incl. 2 set screw connectors, 9 couplings, 9 one-hole straps, 4 wires): ""4 #10THHN, solid L1@7.27 CLF 149.00 339.00 488.00"" (stranded alt same page ""4 #10THHN, stranded L1@7.27 CLF 127.00 339.00 466.00""). NECA 2022 prices raceway and wire separately: raw p202 (26 05 33 EMT, note: add 10% for colored conduit) ""1/2-inch 4.50 5.60 6.70 C"" per 100 ft raceway only, fittings extra; wire in companion row. Same method as 1/2 EMT 3#10 chunk-20 and 3/4 EMT 4#10 chunk-23 | VERIFIED 2026-09-27 (chunk-25 adversarial pass): cited page(s) rendered and read; item, unit and numbers match the page exactly","4 #10THHN, solid L1@7.27 CLF 149.00 339.00 488.00",item,1/2-inch 4.50 5.60 6.70 C,item
25,1/2 EMT 4#10,ENS8B6D59671591A6F61,,none,,,,150,600 Volt Bldg Wire-1/C-Copper Type THHN & THWN: #10 || raw: #10 7.00 8.75 10.50 M,7.00,M,high,"Companion row: NECA #10 THHN/THWN copper 7.00 h per 1000 ft (raw p150 ""#10 7.00 8.75 10.50 M""), x 4 conductors, to add to EMT 1/2-inch 4.50 h/100 ft (p202). Note p150: reduce labor 10% with factory-lubricated wire. NE side already bundled in the p448 assembly line -> none here | VERIFIED 2026-09-27 (chunk-25 adversarial pass): cited page(s) rendered and read; item, unit and numbers match the page exactly",,,#10 7.00 8.75 10.50 M,item
25,SECHOIR A MAIN,,,none,,,,276,Power Connections to Equipment Installed By Others - Copper 600 Volt Conduit: 20 Amp Circuits #12 & #10 || raw: 20 Amp Circuits #12 & #10 0.25 0.30 0.36 E,0.25,E,low,"Dupuis dictionnaire + categories.json: raccordement pour secheur a main, dispositif BT (58 occ / 12 projets; note: ""Alimentation dediee pour secheur a main (toilettes publiques/commerciales)""); corpus SECHOIR A MAIN 27 marks / 5 projects; spelling variant SECHOIRE A MAIN (54 marks) mapped in chunk-21 - same rows reused for consistency. Dryer supplied by owner/architectural trade; electrical scope = dedicated circuit + power connection. Neither book has a hand dryer line (CSV grep ""hand dryer""/""hand-dryer"" -> 0 in both; ""dryer"" in NE -> only p249 clothes-dryer receptacles NEMA 10-30R/14-30R, not applicable). NE 2025 -> none (generic hookup floor p380 ""Fractional HP L1@0.50 Ea 5.22 23.30 28.52"" only if the estimator wants a placeholder). NECA raw p276 (26 05 19 Power Connections to Equipment Installed By Others - Copper 600 Volt Conduit): ""20 Amp Circuits #12 & #10 0.25 0.30 0.36 E"" = final connection of a 20 A branch circuit (typical hand dryer 120/208 V 20 A; circuit size NOT on the label -> low); box, conduit and wire priced separately",,,20 Amp Circuits #12 & #10 0.25 0.30 0.36 E,item
25,INTERRUPTEUR 15A 120V,ENS9CA9981C195E71150,225,"Switches: Commercial specification-grade, side wired with ground screw, 15 amp, 120/277 volt, AC quiet Single pole, ivory || raw: Single pole, ivory L1@0.20 Ea 2.12 9.32 11.44",2.12,0.20,Ea,320,Switches - General Use Toggle Switches - Keyed Switches: 1-Pole 15 Amp || raw: 1-Pole 15 Amp 20.00 25.00 30.00 C,20.00,C,high,"Dupuis dictionnaire + categories.json: interrupteur unipolaire 15A 120V, dispositif BT (54 occ / 12 projets; note: ""Interrupteur standard, calibre explicite""); EE ensemble ENS9CA9981C195E71150 ""interrupteur  15A 120V"" (key 4PE int. 15A 120V; 27 marks / 6 projects). Exact spec match (single pole, 15 A, 120 V). NE 2025 raw p225 (Switches, commercial specification-grade, side wired with ground screw, 15 amp, 120/277 volt, AC quiet): ""Single pole, ivory L1@0.20 Ea 2.12 9.32 11.44"" (residential grade alt p224 ""Single pole, ivory L1@0.20 Ea 1.05 9.32 10.37"", 15 amp 120 volt). NECA raw p320 (26 27 00 Switches - General Use Toggle Switches): ""1-Pole 15 Amp 20.00 25.00 30.00 C"" = 0.20 h each. Same lines as generic INTERRUPTEUR chunk-3 row 1 (there medium because amperage/voltage were not on the label) | VERIFIED 2026-09-27 (chunk-25 adversarial pass): NE p225 ""Single pole, ivory L1@0.20 Ea 2.12 9.32 11.44"" exact; NECA p320 raw line ""1-Pole 15 Amp 20.00 25.00 30.00 C"" exact, but the table heading on the page reads ""Switches - General Use Toggle Switches - Keyed Switches"" (heading restored here; it is the only general-use toggle switch table in the book, TOC p115, same heading used in chunks 0/3/15/20)","Single pole, ivory L1@0.20 Ea 2.12 9.32 11.44",item,1-Pole 15 Amp 20.00 25.00 30.00 C,item
25,MOTEUR FRACT,,380,Equipment Hookup: Hook up single or three-phase motors to 600 volts - Fractional HP || raw: Fractional HP L1@0.50 Ea 5.22 23.30 28.52,5.22,0.50,Ea,276,Power Connections to Equipment Installed By Others - Copper 600 Volt Conduit: 20 Amp Circuits #12 & #10 || raw: 20 Amp Circuits #12 & #10 0.25 0.30 0.36 E,0.25,E,medium,"Dupuis dictionnaire + categories.json: moteur fractionnaire (<1 HP), mecanique_moteur, BT (54 occ / 10 projets); corpus MOTEUR FRACT 27 marks / 5 projects. Read as the final power connection of a fractional-HP motor supplied and set by others (fans, small pumps). NE 2025 raw p380 (Equipment Hookup, ""Hook up single or three-phase motors to 600 volts""): ""Fractional HP L1@0.50 Ea 5.22 23.30 28.52"" = exact HP class (next ""1 HP L1@0.75 Ea 6.78 34.90 41.68""). NECA 2022 has no motor-connection table by HP (grep fractional/HP -> only p59 ""Motor Handling"" unload-inspect-install labor, e.g. ""Up to 5 Horsepower 5.00 6.00 7.00 E"" 0-600 V AC, which is motor setting by the EC, not the connection); closest = raw p276 (26 05 19 Power Connections to Equipment Installed By Others - Copper 600 Volt Conduit): ""20 Amp Circuits #12 & #10 0.25 0.30 0.36 E"" (fractional HP motors run on 15/20 A circuits). Medium: HP class exact on NE side; voltage and phase not on the label (NE table covers all voltages to 600 V). Same lines as MOTEUR 600V chunk-19 and MOTEUR chunk-24 (both low because HP unknown there) | VERIFIED 2026-09-27 (chunk-25 adversarial pass): cited page(s) rendered and read; item, unit and numbers match the page exactly",Fractional HP L1@0.50 Ea 5.22 23.30 28.52,item,20 Amp Circuits #12 & #10 0.25 0.30 0.36 E,item
25,EXIT 2T,,,none,,,,360,26 52 00 Safety Lighting: Combination Exit & Emergency Lights || raw: Combination Exit & Emergency Lights X 1.00 1.25 1.56 E,1.00,E,medium,"Dupuis dictionnaire + categories.json: enseigne de sortie (EXIT) avec 2 tetes d'urgence, luminaire BT (54 occ / 8 projets; note: ""Brief classe enseigne de sortie/EXIT sous luminaire; combine a 2 tetes d'eclairage d'urgence""); corpus EXIT 2T 27 marks / 4 projects. Same device as ENSEIGNE SORTIE 2T / EXIT 2 TETE (chunk-0 row 2) and EXIT COMBO (chunk-17) - same lines reused. NECA raw p360 (26 52 00 Safety Lighting, ""Power Pack with Dual Heads"" table): ""Combination Exit & Emergency Lights X 1.00 1.25 1.56 E"" (X flag column in the book); remote heads if any ""Remote lighting head for emergency & exit lights X 0.50 0.75 1.00 E"" same page. NE 2025 has no combination exit/emergency unit (grep ""combination exit"" -> 0; only T6-1/2 exit fixtures p172-173, e.g. battery-backed ""1 or 2 face exit fixtures with rechargeable batteries Ceiling mounted, red L1@0.75 Ea 275.00 34.90 309.90"" = exit sign without heads) -> none. Medium: device class exact, wattage/face count not on label | VERIFIED 2026-09-27 (chunk-25 adversarial pass): NECA p360 raw line ""Combination Exit & Emergency Lights X 1.00 1.25 1.56 E"" exact (Rev column X); on the page it is a standalone single-line table under 26 52 00 Safety Lighting, NOT a sub-line of ""Power Pack with Dual Heads"" (36-200 Watt, 1.10-1.90 E) - parser heading corrected",,,Combination Exit & Emergency Lights X 1.00 1.25 1.56 E,item
25,1 1/4 EMT 21#12,ENS2106BF6314A661491,18,"EMT conduit in concealed areas, walls and closed ceilings 1-1/4"" || raw: 1-1/4"" L1@5.00 CLF 189.00 233.00 422.00",189.00,5.00,CLF,202,Electrical Metallic Tubing (EMT): 1 1/4-inch || raw: 1 1/4-inch 6.20 7.80 9.30 C,6.20,C,medium,"Dupuis conduit spec ""1''1/4 21c12"" = 1-1/4 in EMT with 21 x #12 conductors (conduits-spec.csv: 27 occurrences, 74,044.1 px total length); EE ensemble ENS2106BF6314A661491 ""conduit 1''1/4 21c12"" (key 19PE1.25 #12; 0 marks in ensembles-ee.csv, 27 marks under the label). NE 2025 p451 1-1/4"" EMT conduit assemblies stop at 6 conductors (raw ""6 #10THHN, stranded"" is the last line) - no 21-wire assembly, so priced as raceway + wire separately (same method as 1 1/4 EMT 17#12 chunk-23, 19#12 chunk-24, 25#12 chunk-21). Row 1/2 = conduit per 100 ft. NE raw p18 (EMT in concealed areas, walls and closed ceilings): ""1-1/4"" L1@5.00 CLF 189.00 233.00 422.00"" (alts same page: in floor slab / trapeze ""1-1/4"" L1@4.50 CLF 189.00 210.00 399.00"", exposed ""1-1/4"" L1@6.00 CLF 189.00 280.00 469.00""). NECA raw p202 (26 05 33 EMT): ""1 1/4-inch 6.20 7.80 9.30 C"" = 0.062 h/ft (note: add 10% for colored conduit). Medium: installation condition not on label; couplings, connectors, straps and boxes extra in both books | VERIFIED 2026-09-27 (chunk-25 adversarial pass): cited page(s) rendered and read; item, unit and numbers match the page exactly","1-1/4"" L1@5.00 CLF 189.00 233.00 422.00",item,1 1/4-inch 6.20 7.80 9.30 C,item
25,1 1/4 EMT 21#12,ENS2106BF6314A661491,94,Copper Building Wire: Type THHN 600 volt solid copper building wire # 12 || raw: # 12 L2@7.00 KLF 173.00 326.00 499.00,173.00,7.00,KLF,150,600 Volt Bldg Wire-1/C-Copper Type THHN & THWN: #12 || raw: #12 6.00 7.50 9.00 M,6.00,M,high,"Companion row 2/2: wire per 1000 ft, x 21 conductors, to add to the 1-1/4 in EMT raceway row. NE raw p94 (Copper Building Wire, Type THHN 600 volt solid copper): ""# 12 L2@7.00 KLF 173.00 326.00 499.00"" (crew L2). NECA raw p150 (600 Volt Bldg Wire-1/C-Copper Type THHN & THWN): ""#12 6.00 7.50 9.00 M"" = 0.006 h/ft (note p150: reduce labor 10% with factory-lubricated wire). Exact size match (#12); THHN solid assumed as in chunks 21/23/24 | VERIFIED 2026-09-27 (chunk-25 adversarial pass): cited page(s) rendered and read; item, unit and numbers match the page exactly",# 12 L2@7.00 KLF 173.00 326.00 499.00,item,#12 6.00 7.50 9.00 M,item
25,1 1/4 EMT 23#12,ENS85FC0360A011AC217,18,"EMT conduit in concealed areas, walls and closed ceilings 1-1/4"" || raw: 1-1/4"" L1@5.00 CLF 189.00 233.00 422.00",189.00,5.00,CLF,202,Electrical Metallic Tubing (EMT): 1 1/4-inch || raw: 1 1/4-inch 6.20 7.80 9.30 C,6.20,C,medium,"Dupuis conduit spec ""1''1/4 23c12"" = 1-1/4 in EMT with 23 x #12 conductors (conduits-spec.csv: 27 occurrences, 51,781.1 px total length); EE ensemble ENS85FC0360A011AC217 ""conduit 1''1/4 23c12"" (key 19PE1.25 #12; 0 marks in ensembles-ee.csv, 27 marks under the label). NE 2025 p451 1-1/4"" EMT conduit assemblies stop at 6 conductors (raw ""6 #10THHN, stranded"" is the last line) - no 23-wire assembly, so priced as raceway + wire separately (same method as 1 1/4 EMT 17#12 chunk-23, 19#12 chunk-24, 25#12 chunk-21). Row 1/2 = conduit per 100 ft. NE raw p18 (EMT in concealed areas, walls and closed ceilings): ""1-1/4"" L1@5.00 CLF 189.00 233.00 422.00"" (alts same page: in floor slab / trapeze ""1-1/4"" L1@4.50 CLF 189.00 210.00 399.00"", exposed ""1-1/4"" L1@6.00 CLF 189.00 280.00 469.00""). NECA raw p202 (26 05 33 EMT): ""1 1/4-inch 6.20 7.80 9.30 C"" = 0.062 h/ft (note: add 10% for colored conduit). Medium: installation condition not on label; couplings, connectors, straps and boxes extra in both books | VERIFIED 2026-09-27 (chunk-25 adversarial pass): cited page(s) rendered and read; item, unit and numbers match the page exactly","1-1/4"" L1@5.00 CLF 189.00 233.00 422.00",item,1 1/4-inch 6.20 7.80 9.30 C,item
25,1 1/4 EMT 23#12,ENS85FC0360A011AC217,94,Copper Building Wire: Type THHN 600 volt solid copper building wire # 12 || raw: # 12 L2@7.00 KLF 173.00 326.00 499.00,173.00,7.00,KLF,150,600 Volt Bldg Wire-1/C-Copper Type THHN & THWN: #12 || raw: #12 6.00 7.50 9.00 M,6.00,M,high,"Companion row 2/2: wire per 1000 ft, x 23 conductors, to add to the 1-1/4 in EMT raceway row. NE raw p94 (Copper Building Wire, Type THHN 600 volt solid copper): ""# 12 L2@7.00 KLF 173.00 326.00 499.00"" (crew L2). NECA raw p150 (600 Volt Bldg Wire-1/C-Copper Type THHN & THWN): ""#12 6.00 7.50 9.00 M"" = 0.006 h/ft (note p150: reduce labor 10% with factory-lubricated wire). Exact size match (#12); THHN solid assumed as in chunks 21/23/24 | VERIFIED 2026-09-27 (chunk-25 adversarial pass): cited page(s) rendered and read; item, unit and numbers match the page exactly",# 12 L2@7.00 KLF 173.00 326.00 499.00,item,#12 6.00 7.50 9.00 M,item
25,DEBIT,,380,Equipment Hookup: Hook up mechanical equipment Flow switches || raw: Flow switches L1@1.00 Ea 16.40 46.60 63.00,16.40,1.00,Ea,410,Fire Alarm Initiating Devices: Flow Switch - No Plumbing || raw: Flow Switch - No Plumbing 1.20 1.50 1.88 E,1.20,E,low,"Dupuis dictionnaire: DEBIT = indetermine, sens incertain (49 occ / 9 projets); categories.json: ""Hypothese: interrupteur/detecteur de debit (flow switch); non confirmable""; corpus DEBIT 26 marks / 5 projects. Mapped on that hypothesis only (flow switch = sprinkler waterflow switch or HVAC flow switch, supplied by mechanical/sprinkler trade, wired by EC) -> low; confirm on the project legend (DEBIT could also tag an air-flow device). NE 2025 raw p380 (Equipment Hookup, ""Hook up mechanical equipment""): ""Flow switches L1@1.00 Ea 16.40 46.60 63.00"" (connection only). NECA raw p410 (28 31 00 Fire Alarm Initiating Devices): ""Flow Switch - No Plumbing 1.20 1.50 1.88 E"" (sprinkler waterflow switch wired to the fire alarm, plumbing by others); HVAC alternative NECA p72 (23 09 00 Temperature Controls - Electrical Relays - Water Flow Switch, installation only) ""PENN NEMA-1 1-inch NPT 1.50 2.00 2.50 E"" + ""Terminate Conductors 0.50 0.75 1.00 E""",Flow switches L1@1.00 Ea 16.40 46.60 63.00,item,Flow Switch - No Plumbing 1.20 1.50 1.88 E,item
25,BARRE MISE A LA TERRE,,,none,,,,178,Ground Bar Assembly: 1/4-inch x 4-inch x 12-inch Ground Bus Assembly || raw: 1/4-inch x 4-inch x 12-inch Ground Bus Assembly 1.50 1.88 2.34 E,1.50,E,low,"Dupuis dictionnaire + categories.json: barre de mise a la terre, distribution, BT (44 occ / 14 projets; note: ""Composant de mise a la terre du systeme de distribution electrique""); corpus BARRE MISE A LA TERRE 25 marks / 8 projects + barre mise a la terre 1 / 1. = copper ground bus bar (TGB/TMGB or equipment ground bar) on insulated standoffs. NECA raw p178 (26 05 26 Grounding, ""Ground Bar Assembly"" table; notes: copper ground bar with wall/floor mounting brackets and insulated standoffs, wire terminations NOT included): ""1/4-inch x 4-inch x 12-inch Ground Bus Assembly 1.50 1.88 2.34 E"" = smallest listed size, chosen as floor only (bar size NOT on the label -> low); table continues ""1/4-inch x 4-inch x 18-inch 1.75 2.19 2.73 E"", ""... x 24-inch 2.00 2.50 3.13 E"", ""... x 36-inch 2.50 3.13 3.91 E"", ""... x 48-inch 3.50 4.38 5.47 E"", 6-inch wide series ""1/4-inch x 6-inch x 12-inch 1.75 2.19 2.73 E"". NE 2025 has no ground bus bar line (CSV grep ""ground bus|grounding bus|ground bar|bus bar"" -> only insulated ground bushings p55 and MC/UF cable with ground) -> none",,,1/4-inch x 4-inch x 12-inch Ground Bus Assembly 1.50 1.88 2.34 E,item
25,PC,,,none,,,,,none,,,none,"Dupuis dictionnaire + categories.json: PC = indetermine, abreviation ambigue (43 occ / 16 projets; note: ""2 lettres sans contexte suffisant pour trancher entre plusieurs significations possibles""); corpus PC 25 marks / 10 projects + pc 1 / 1. Candidate meanings on Quebec plans (poste de controle / panneau de controle / photocellule / prise de courant / ordinateur PC data outlet) are incompatible and none is confirmed, so no National Estimator 2025 or NECA 2022 line can be selected without inventing the device -> none in both books; resolve per project legend (cf. LC chunk-22, D/M chunk-21 for other ambiguous abbreviations)",,,,
26,FIXT TYPE L3B,,,none,,,,,none,,,none,"Plan legend type code only (Dupuis dictionnaire-symboles: luminaire type L3B, famille L, BT, 50 occ / 8 projets; categories.json: ""Variante de la famille L avec suffixe lettre""; corpus etiquettes.csv 25 marks / 4 projects) - no fixture spec (lamp/wattage/mount/size) on the label, so no National Estimator 2025 or NECA 2022 fixture line can be selected without inventing the type; needs the fixture schedule of each project (same treatment as FIXT TYPE A/B/C/D/E/L series, P1/P2/P3 and L3A in earlier chunks)",,,,
26,MOTEUR 120V,,380,Equipment Hookup: Hook up single or three-phase motors to 600 volts - Fractional HP || raw: Fractional HP L1@0.50 Ea 5.22 23.30 28.52,5.22,0.50,Ea,276,Power Connections to Equipment Installed By Others - Copper 600 Volt Conduit: 20 Amp Circuits #12 & #10 || raw: 20 Amp Circuits #12 & #10 0.25 0.30 0.36 E,0.25,E,low,"Dupuis MOTEUR 120V = moteur 120 V, mecanique_moteur, BT (dictionnaire: 49 occ / 9 projets; corpus 25 marks / 5 projects). Read as the final power connection of a 120 V single-phase motor supplied and set by others (same reading as MOTEUR and MOTEUR 600V in earlier chunks). Voltage matches the NE table (motors ""to 600 volts"" covers 120 V) but HP is NOT on the label -> low. NE 2025 raw p380 floor line ""Fractional HP L1@0.50 Ea 5.22 23.30 28.52"" (a 120 V motor is normally fractional HP - estimator judgement, not a book statement; next lines same page ""1 HP L1@0.75 Ea 6.78 34.90 41.68"" up to ""3 HP L1@0.75 Ea 6.78 34.90 41.68""; material = flex/fittings/lugs only, motor by others). NECA 2022 has no per-HP motor connection table (p59 Motor Handling = setting the motor itself, not applicable); closest p276 (26 05 83 Wiring Connections) by circuit size, raw floor ""20 Amp Circuits #12 & #10 0.25 0.30 0.36 E"" (next ""50 Amp Circuits #8 0.30 0.37 0.45 E""). Disconnect, starter, conduit and wire priced separately",Fractional HP L1@0.50 Ea 5.22 23.30 28.52,item,20 Amp Circuits #12 & #10 0.25 0.30 0.36 E,item
26,FIXTURE TYPE C,,,none,,,,,none,,,none,"Plan legend type code only (Dupuis dictionnaire-symboles: luminaire type C, BT, 25 occ / 8 projets; categories.json: ""FIXTURE=orthographe complete de FIXT ; aucun FIXT TYPE C exact dans ce lot pour fusionner"" - same family as FIXT TYPE C mapped none in an earlier chunk; corpus 25 marks / 8 projects) - no fixture spec (lamp/wattage/mount/size) on the label, so no National Estimator 2025 or NECA 2022 fixture line can be selected without inventing the type; needs the fixture schedule of each project (same treatment as FIXT TYPE A/B/C/D/E/L series, P1/P2/P3 and L3A in earlier chunks)",,,,
26,UTA,,380,Equipment Hookup: Hook up mechanical equipment - Air handlers || raw: Air handlers L1@1.50 Ea 49.20 69.90 119.10,49.20,1.50,Ea,276,Power Connections to Equipment Installed By Others - Copper 600 Volt Conduit: 20 Amp Circuits #12 & #10 || raw: 20 Amp Circuits #12 & #10 0.25 0.30 0.36 E,0.25,E,medium,"Dupuis UTA = unite de traitement d'air (raccordement electrique), mecanique_moteur, BT (dictionnaire: 45 occ / 17 projets; corpus 24 marks / 10 projects). Scope = final power connection of an air handling unit supplied and set by the mechanical trade. NE 2025 raw p380 ""Air handlers L1@1.50 Ea 49.20 69.90 119.10"" = exact function match (the book gives one line for all air handler sizes; material = flex/fittings/lugs, unit by others) -> medium (size/voltage/circuit not on label, but the book line does not split by them). NECA 2022 has no air-handler hookup line (CSV grep air hand|AHU|HVAC -> only p72 ""Connect Controls at Roof Top HVAC 1.00 1.50 2.00 E"" which is the 23 09 00 controls connection, not the power feed); closest p276 (26 05 83 Wiring Connections) by circuit size, raw floor ""20 Amp Circuits #12 & #10 0.25 0.30 0.36 E"" (then ""50 Amp Circuits #8 0.30 0.37 0.45 E"", ""60 Amp Circuits #6 0.33 0.42 0.50 E"", ""100 Amp Circuits #2 0.45 0.57 0.68 E"") - pick per the mechanical schedule; add p72 controls line if the electrical contract includes the control wiring. Disconnect, starter/VFD, conduit and wire priced separately",Air handlers L1@1.50 Ea 49.20 69.90 119.10,item,20 Amp Circuits #12 & #10 0.25 0.30 0.36 E,item
26,1 EMT 7#10,ENSDDB0EBAFB4AE12C0D,18,"EMT conduit in concealed areas, walls and closed ceilings 1"" || raw: 1"" L1@4.25 CLF 125.00 198.00 323.00",125.00,4.25,CLF,202,Electrical Metallic Tubing (EMT): 1-inch || raw: 1-inch 5.50 6.80 8.20 C,5.50,C,medium,"Dupuis conduit spec ""1 7c10"" = 1"" EMT with 7 x #10 conductors (conduits-spec.csv: 24 occurrences, 163,278.7 px total length); EE ensemble ENSDDB0EBAFB4AE12C0D ""conduit 1 07c10"" (key 19PE1 #10). NE 2025 p450 1"" EMT conduit assemblies stop at 6 conductors (raw ""6 #10THHN, solid L1@10.1 CLF 292.00 471.00 763.00"") - no 7-wire assembly. Row 1/2 = conduit per 100 ft, priced as raceway + wire separately. NE raw p18 (concealed areas, walls and closed ceilings): ""1"" L1@4.25 CLF 125.00 198.00 323.00"" (alts same page: in floor slab / trapeze ""1"" L1@4.00 CLF 125.00 186.00 311.00"", exposed ""1"" L1@4.50 CLF 125.00 210.00 335.00""). NECA raw p202 (26 05 33 EMT): ""1-inch 5.50 6.80 8.20 C"" (note: add 10% for colored conduit; fittings extra: ""EMT Set Screw Box Connectors 1-inch 0.12 0.15 0.18 E"", ""EMT Set Screw Couplings 1-inch 0.06 0.07 0.08 E"", ""EMT Factory Elbows 1-inch 0.25 0.31 0.37 E"" p202). Totals per 100 ft with 7 conductors (see companion row): NE 9.85 h and 309.80 USD; NECA 10.40 h. Medium: sizes exact but both books are a sum of two tables rather than one assembly line; installation condition (concealed vs exposed vs slab) not on label; couplings, connectors, straps, boxes, terminations not included","1"" L1@4.25 CLF 125.00 198.00 323.00",item,1-inch 5.50 6.80 8.20 C,item
26,1 EMT 7#10,ENSDDB0EBAFB4AE12C0D,94,Copper Building Wire: Type THHN 600 volt solid copper building wire # 10 || raw: # 10 L2@8.00 KLF 264.00 373.00 637.00,264.00,8.00,KLF,150,600 Volt Bldg Wire-1/C-Copper Type THHN & THWN: #10 || raw: #10 7.00 8.75 10.50 M,7.00,M,high,"Companion row 2/2: wire per 1000 ft, x 7 conductors, to add to the 1"" EMT raceway row. NE raw p94 ""# 10 L2@8.00 KLF 264.00 373.00 637.00"" (THHN solid, crew L2; = 0.80 h and 26.40 USD per 100 ft per conductor -> 5.60 h and 184.80 USD per 100 ft for 7; THW alts same page). NECA raw p150 ""#10 7.00 8.75 10.50 M"" = 0.70 h per 100 ft per conductor -> 4.90 h for 7 (note p150: reduce labor 10% with factory-lubricated wire). Exact size match (#10); THHN solid assumed as in earlier chunks",# 10 L2@8.00 KLF 264.00 373.00 637.00,item,#10 7.00 8.75 10.50 M,item
26,DETECTEUR THERMIQUE,,372,"Detectors: Temperature detectors - Fixed temp, 135 degree || raw: Fixed temp, 135 degree L1@0.50 Ea 20.00 23.30 43.30",20.00,0.50,Ea,410,Fire Alarm Initiating Devices: Detector Head || raw: Detector Head 0.20 0.25 0.31 E,0.20,E,medium,"Dupuis DETECTEUR THERMIQUE = detecteur thermique (chaleur), securite_incendie, BASSE_TENSION_COMM (dictionnaire: 74 occ / 21 projets; corpus 22 marks / 9 projects). Device type matches exactly (heat detector); fixed-temp vs rate-of-rise and temperature rating not on label -> medium. NE 2025 raw p372 (Detectors > Temperature detectors): ""Fixed temp, 135 degree L1@0.50 Ea 20.00 23.30 43.30"" - all four heat detector lines identical in labor and material: ""Rise heat, 135 degree L1@0.50 Ea 20.00 23.30 43.30"", ""Rise heat, 200 degree L1@0.50 Ea 20.00 23.30 43.30"", ""Fixed temp, 190 degree L1@0.50 Ea 20.00 23.30 43.30"" (signal devices, page note: conditions of pages 5-6; fire-alarm system wiring not included). NECA 2022 has no ordinary heat detector line by name in 28 46 00 (only ""Explosion Proof Heat Detector with Box 1.30 1.63 2.03 E"" p410, hazardous locations - not selected); a system heat detector is priced like a smoke detector as base + head: raw p410 ""Detector Head 0.20 0.25 0.31 E"" plus companion ""Detector Base 0.65 0.81 1.02 E"" = 0.85 h (addressable identical: ""Addressable Head 0.20 0.25 0.31 E"", ""Addressable Base 0.65 0.81 1.02 E""), same convention as DETECTEUR / DETECTEUR FUMEE rows in earlier chunks. Security-system alt p409 ""Heat Sensor 0.80 1.00 1.20 E"" (28 16 00 intrusion panel sensor) if the detector is on a security panel rather than the fire alarm","Fixed temp, 135 degree L1@0.50 Ea 20.00 23.30 43.30",item,Detector Head 0.20 0.25 0.31 E,item
26,DETECTEUR THERMIQUE,,,none,,,,410,Fire Alarm Initiating Devices: Detector Base || raw: Detector Base 0.65 0.81 1.02 E,0.65,E,medium,Companion row: NECA Detector Base 0.65 h (p410) to add to Detector Head 0.20 h for a fire-alarm system heat detector (0.85 h total). NE side already covered by the p372 temperature detector line (complete device) -> none here,,,Detector Base 0.65 0.81 1.02 E,item
26,2 EMT 33#12,ENS9E93142F911561EE1,18,"EMT conduit in concealed areas, walls and closed ceilings 2"" || raw: 2"" L1@8.00 CLF 285.00 373.00 658.00",285.00,8.00,CLF,202,Electrical Metallic Tubing (EMT): 2-inch || raw: 2-inch 8.00 10.00 12.00 C,8.00,C,medium,"Dupuis conduit spec ""2 33c12"" = 2"" EMT with 33 x #12 conductors (conduits-spec.csv: 22 occurrences, 56,083.1 px total length); EE ensemble ENS9E93142F911561EE1 ""conduit 2 33c12"" (key 19PE2 #12). NE 2025 has no 2"" EMT conduit assemblies (assembly tables p448-451 cover 1/2"" to 1-1/4"" only). Row 1/2 = conduit per 100 ft, priced as raceway + wire separately. NE raw p18 (concealed areas, walls and closed ceilings): ""2"" L1@8.00 CLF 285.00 373.00 658.00"" (alts same page: in floor slab / trapeze ""2"" L1@7.00 CLF 285.00 326.00 611.00"", exposed ""2"" L1@10.0 CLF 285.00 466.00 751.00""). NECA raw p202 (26 05 33 EMT): ""2-inch 8.00 10.00 12.00 C"" (note: add 10% for colored conduit; fittings extra: ""EMT Set Screw Box Connectors 2-inch 0.25 0.31 0.37 E"", ""EMT Set Screw Couplings 2-inch 0.12 0.14 0.16 E"", ""Field Bending EMT Conduit 2-inch 1.00 1.24 1.50 E"" p202). Totals per 100 ft with 33 conductors (see companion row): NE 31.10 h and 855.90 USD; NECA 27.80 h. Medium: sizes exact but both books are a sum of two tables rather than one assembly line; installation condition (concealed vs exposed vs slab) not on label; couplings, connectors, straps, boxes, terminations not included","2"" L1@8.00 CLF 285.00 373.00 658.00",item,2-inch 8.00 10.00 12.00 C,item
26,2 EMT 33#12,ENS9E93142F911561EE1,94,Copper Building Wire: Type THHN 600 volt solid copper building wire # 12 || raw: # 12 L2@7.00 KLF 173.00 326.00 499.00,173.00,7.00,KLF,150,600 Volt Bldg Wire-1/C-Copper Type THHN & THWN: #12 || raw: #12 6.00 7.50 9.00 M,6.00,M,high,"Companion row 2/2: wire per 1000 ft, x 33 conductors, to add to the 2"" EMT raceway row. NE raw p94 ""# 12 L2@7.00 KLF 173.00 326.00 499.00"" (THHN solid, crew L2; = 0.70 h and 17.30 USD per 100 ft per conductor -> 23.10 h and 570.90 USD per 100 ft for 33; THW alts same page). NECA raw p150 ""#12 6.00 7.50 9.00 M"" = 0.60 h per 100 ft per conductor -> 19.80 h for 33 (note p150: reduce labor 10% with factory-lubricated wire). Exact size match (#12); THHN solid assumed as in earlier chunks",# 12 L2@7.00 KLF 173.00 326.00 499.00,item,#12 6.00 7.50 9.00 M,item
26,2 EMT 42#12,ENS97D7F99411A1221C9,18,"EMT conduit in concealed areas, walls and closed ceilings 2"" || raw: 2"" L1@8.00 CLF 285.00 373.00 658.00",285.00,8.00,CLF,202,Electrical Metallic Tubing (EMT): 2-inch || raw: 2-inch 8.00 10.00 12.00 C,8.00,C,medium,"Dupuis conduit spec ""2 42c12"" = 2"" EMT with 42 x #12 conductors (conduits-spec.csv: 22 occurrences, 86,002.3 px total length); EE ensemble ENS97D7F99411A1221C9 ""conduit 2 42c12"" (key 19PE2 #12). NE 2025 has no 2"" EMT conduit assemblies (assembly tables p448-451 cover 1/2"" to 1-1/4"" only). Row 1/2 = conduit per 100 ft, priced as raceway + wire separately. NE raw p18 (concealed areas, walls and closed ceilings): ""2"" L1@8.00 CLF 285.00 373.00 658.00"" (alts same page: in floor slab / trapeze ""2"" L1@7.00 CLF 285.00 326.00 611.00"", exposed ""2"" L1@10.0 CLF 285.00 466.00 751.00""). NECA raw p202 (26 05 33 EMT): ""2-inch 8.00 10.00 12.00 C"" (note: add 10% for colored conduit; fittings extra: ""EMT Set Screw Box Connectors 2-inch 0.25 0.31 0.37 E"", ""EMT Set Screw Couplings 2-inch 0.12 0.14 0.16 E"", ""Field Bending EMT Conduit 2-inch 1.00 1.24 1.50 E"" p202). Totals per 100 ft with 42 conductors (see companion row): NE 37.40 h and 1011.60 USD; NECA 33.20 h. Medium: sizes exact but both books are a sum of two tables rather than one assembly line; installation condition (concealed vs exposed vs slab) not on label; couplings, connectors, straps, boxes, terminations not included","2"" L1@8.00 CLF 285.00 373.00 658.00",item,2-inch 8.00 10.00 12.00 C,item
26,2 EMT 42#12,ENS97D7F99411A1221C9,94,Copper Building Wire: Type THHN 600 volt solid copper building wire # 12 || raw: # 12 L2@7.00 KLF 173.00 326.00 499.00,173.00,7.00,KLF,150,600 Volt Bldg Wire-1/C-Copper Type THHN & THWN: #12 || raw: #12 6.00 7.50 9.00 M,6.00,M,high,"Companion row 2/2: wire per 1000 ft, x 42 conductors, to add to the 2"" EMT raceway row. NE raw p94 ""# 12 L2@7.00 KLF 173.00 326.00 499.00"" (THHN solid, crew L2; = 0.70 h and 17.30 USD per 100 ft per conductor -> 29.40 h and 726.60 USD per 100 ft for 42; THW alts same page). NECA raw p150 ""#12 6.00 7.50 9.00 M"" = 0.60 h per 100 ft per conductor -> 25.20 h for 42 (note p150: reduce labor 10% with factory-lubricated wire). Exact size match (#12); THHN solid assumed as in earlier chunks",# 12 L2@7.00 KLF 173.00 326.00 499.00,item,#12 6.00 7.50 9.00 M,item
26,1 EMT 12#12,ENSA806CB04CD12BE01A,18,"EMT conduit in concealed areas, walls and closed ceilings 1"" || raw: 1"" L1@4.25 CLF 125.00 198.00 323.00",125.00,4.25,CLF,202,Electrical Metallic Tubing (EMT): 1-inch || raw: 1-inch 5.50 6.80 8.20 C,5.50,C,medium,"Dupuis conduit spec ""1 12c12"" = 1"" EMT with 12 x #12 conductors (conduits-spec.csv: 22 occurrences, 69,861.4 px total length); EE ensemble ENSA806CB04CD12BE01A ""conduit 1 12c12"" (key 19PE1 #12). NE 2025 p450 1"" EMT conduit assemblies stop at 6 conductors (raw ""6 #12THHN, solid L1@9.53 CLF 238.00 444.00 682.00"") - no 12-wire assembly. Row 1/2 = conduit per 100 ft, priced as raceway + wire separately. NE raw p18 (concealed areas, walls and closed ceilings): ""1"" L1@4.25 CLF 125.00 198.00 323.00"" (alts same page: in floor slab / trapeze ""1"" L1@4.00 CLF 125.00 186.00 311.00"", exposed ""1"" L1@4.50 CLF 125.00 210.00 335.00""). NECA raw p202 (26 05 33 EMT): ""1-inch 5.50 6.80 8.20 C"" (note: add 10% for colored conduit; fittings extra: ""EMT Set Screw Box Connectors 1-inch 0.12 0.15 0.18 E"", ""EMT Set Screw Couplings 1-inch 0.06 0.07 0.08 E"", ""EMT Factory Elbows 1-inch 0.25 0.31 0.37 E"" p202). Totals per 100 ft with 12 conductors (see companion row): NE 12.65 h and 332.60 USD; NECA 12.70 h. Medium: sizes exact but both books are a sum of two tables rather than one assembly line; installation condition (concealed vs exposed vs slab) not on label; couplings, connectors, straps, boxes, terminations not included","1"" L1@4.25 CLF 125.00 198.00 323.00",item,1-inch 5.50 6.80 8.20 C,item
26,1 EMT 12#12,ENSA806CB04CD12BE01A,94,Copper Building Wire: Type THHN 600 volt solid copper building wire # 12 || raw: # 12 L2@7.00 KLF 173.00 326.00 499.00,173.00,7.00,KLF,150,600 Volt Bldg Wire-1/C-Copper Type THHN & THWN: #12 || raw: #12 6.00 7.50 9.00 M,6.00,M,high,"Companion row 2/2: wire per 1000 ft, x 12 conductors, to add to the 1"" EMT raceway row. NE raw p94 ""# 12 L2@7.00 KLF 173.00 326.00 499.00"" (THHN solid, crew L2; = 0.70 h and 17.30 USD per 100 ft per conductor -> 8.40 h and 207.60 USD per 100 ft for 12; THW alts same page). NECA raw p150 ""#12 6.00 7.50 9.00 M"" = 0.60 h per 100 ft per conductor -> 7.20 h for 12 (note p150: reduce labor 10% with factory-lubricated wire). Exact size match (#12); THHN solid assumed as in earlier chunks",# 12 L2@7.00 KLF 173.00 326.00 499.00,item,#12 6.00 7.50 9.00 M,item
26,FIXT TYPE R3,,,none,,,,,none,,,none,"Plan legend type code only (Dupuis dictionnaire-symboles: luminaire type R3, BT, 31 occ / 8 projets; categories.json note on the single letter R: ""Pourrait etre lie a FIXT TYPE R3 (famille R) mais non confirmable seul""; corpus 21 marks / 5 projects) - no fixture spec (lamp/wattage/mount/size) on the label, so no National Estimator 2025 or NECA 2022 fixture line can be selected without inventing the type; needs the fixture schedule of each project (same treatment as FIXT TYPE A/B/C/D/E/L series, P1/P2/P3 and L3A in earlier chunks)",,,,
26,2 EMT 31#12,ENS1ED9F0B99FEBF209B,18,"EMT conduit in concealed areas, walls and closed ceilings 2"" || raw: 2"" L1@8.00 CLF 285.00 373.00 658.00",285.00,8.00,CLF,202,Electrical Metallic Tubing (EMT): 2-inch || raw: 2-inch 8.00 10.00 12.00 C,8.00,C,medium,"Dupuis conduit spec ""2 31c12"" = 2"" EMT with 31 x #12 conductors (conduits-spec.csv: 21 occurrences, 44,200.4 px total length); EE ensemble ENS1ED9F0B99FEBF209B ""conduit 2 31c12"" (key 19PE2 #12). NE 2025 has no 2"" EMT conduit assemblies (assembly tables p448-451 cover 1/2"" to 1-1/4"" only). Row 1/2 = conduit per 100 ft, priced as raceway + wire separately. NE raw p18 (concealed areas, walls and closed ceilings): ""2"" L1@8.00 CLF 285.00 373.00 658.00"" (alts same page: in floor slab / trapeze ""2"" L1@7.00 CLF 285.00 326.00 611.00"", exposed ""2"" L1@10.0 CLF 285.00 466.00 751.00""). NECA raw p202 (26 05 33 EMT): ""2-inch 8.00 10.00 12.00 C"" (note: add 10% for colored conduit; fittings extra: ""EMT Set Screw Box Connectors 2-inch 0.25 0.31 0.37 E"", ""EMT Set Screw Couplings 2-inch 0.12 0.14 0.16 E"", ""Field Bending EMT Conduit 2-inch 1.00 1.24 1.50 E"" p202). Totals per 100 ft with 31 conductors (see companion row): NE 29.70 h and 821.30 USD; NECA 26.60 h. Medium: sizes exact but both books are a sum of two tables rather than one assembly line; installation condition (concealed vs exposed vs slab) not on label; couplings, connectors, straps, boxes, terminations not included","2"" L1@8.00 CLF 285.00 373.00 658.00",item,2-inch 8.00 10.00 12.00 C,item
26,2 EMT 31#12,ENS1ED9F0B99FEBF209B,94,Copper Building Wire: Type THHN 600 volt solid copper building wire # 12 || raw: # 12 L2@7.00 KLF 173.00 326.00 499.00,173.00,7.00,KLF,150,600 Volt Bldg Wire-1/C-Copper Type THHN & THWN: #12 || raw: #12 6.00 7.50 9.00 M,6.00,M,high,"Companion row 2/2: wire per 1000 ft, x 31 conductors, to add to the 2"" EMT raceway row. NE raw p94 ""# 12 L2@7.00 KLF 173.00 326.00 499.00"" (THHN solid, crew L2; = 0.70 h and 17.30 USD per 100 ft per conductor -> 21.70 h and 536.30 USD per 100 ft for 31; THW alts same page). NECA raw p150 ""#12 6.00 7.50 9.00 M"" = 0.60 h per 100 ft per conductor -> 18.60 h for 31 (note p150: reduce labor 10% with factory-lubricated wire). Exact size match (#12); THHN solid assumed as in earlier chunks",# 12 L2@7.00 KLF 173.00 326.00 499.00,item,#12 6.00 7.50 9.00 M,item
26,PRISE 30A 250V,,249,"Single Receptacles: 2 pole, 3-wire single, grounding 30A, 250V, NEMA 6-30R || raw: 30A, 250V, NEMA 6-30R L1@0.25 Ea 13.00 11.60 24.60",13.00,0.25,Ea,318,Single Receptacle - Straight Blade or Twist Lock: 30 Amp 3 Wire || raw: 30 Amp 3 Wire 40.00 50.00 60.00 C,40.00,C,medium,"Dupuis PRISE 30A 250V = prise 30 A 250 V, dispositif BT (dictionnaire: 36 occ / 10 projets; categories.json: ""Receptacle haute puissance, typiquement pour secheuse ou equipement 250V""; corpus 20 marks / 6 projects). Amperage and voltage match exactly; the straight 30 A / 250 V single receptacle is NEMA 6-30R (2-pole 3-wire grounding) - configuration and flush/surface/locking not on the label -> medium. NE 2025 raw p249: ""30A, 250V, NEMA 6-30R L1@0.25 Ea 13.00 11.60 24.60"" (flush single receptacle; locking alt p254 ""30A, 250V, NEMA L6-30R L1@0.25 Ea 23.60 11.60 35.20""; 3-phase alt p250 ""30A, 250V, NEMA 15-30R L1@0.30 Ea 28.40 14.00 42.40""; if the legend means a 125/250 V dryer outlet use p249 ""30A, 125/250V, NEMA 14-30R L1@0.25 Ea 21.50 11.60 33.10"" as in SECHOIR rows). NECA raw p318 (26 27 26 Wiring Devices): ""30 Amp 3 Wire 40.00 50.00 60.00 C"" = 0.40 h each (4-wire alt ""30 Amp 4 Wire 45.00 56.25 67.50 C"" = 0.45 h). Box, cover plate, branch circuit not included","30A, 250V, NEMA 6-30R L1@0.25 Ea 13.00 11.60 24.60",item,30 Amp 3 Wire 40.00 50.00 60.00 C,item
27,60A NF WP,,276,NEMA 3R general duty non-fused 240 volt safety switches 3P 60A || raw: 3P 60A L1@0.70 Ea 323.00 32.60 355.60,323.00,0.70,Ea,322,Disconnect Safety Switches - Nonfused 3-Pole: 60 Amp (NEMA 1; book note: for NEMA 3R add 10%) || raw: 60 Amp 3.00 3.75 4.50 E,3.00,E,medium,"Dupuis dictionnaire: ""60A NF WP"" = sectionneur 60A non-fusible etanche, mecanique_moteur (28 occ / 12 projets; etiquettes.csv 60A NF WP 20 marks / 8 projects, variants 60ANF WP 2, 60A 2P NF WP 4, 60A 600V NF WP 1). WP = NEMA 3R. Poles and voltage not on label: 3P 240 V general duty assumed, same convention as 30A NF WP (chunk-9) and DISCONN (chunk-5). NE raw p276: ""3P 60A L1@0.70 Ea 323.00 32.60 355.60"" (NEMA 3R general duty non-fused 240 V); alternatives NE p277 heavy duty 240 V NEMA 3R ""3P 60A L1@0.70 Ea 824.00 32.60 856.60"", p279 heavy duty 600 V NEMA 3R ""3P 60A L1@0.70 Ea 824.00 32.60 856.60"" (for 60A 600V NF WP), 2P NEMA 3R heavy duty p277 ""2P 60A L1@0.70 Ea 824.00 32.60 856.60"" (for 60A 2P NF WP; no 2P general duty NEMA 3R line in NE). NECA raw p322 (26 28 00): ""60 Amp 3.00 3.75 4.50 E"" (Nonfused 3-Pole) with table note ""These labor units apply to NEMA 1 enclosures only - For NEMA 3R add 10%"" -> 3.30 h for WP per the book rule; 2-pole alt p322 ""60 Amp 2.50 3.13 3.75 E"". Switch only, wiring/terminations not included",3P 60A L1@0.70 Ea 323.00 32.60 355.60,item,60 Amp 3.00 3.75 4.50 E,item
27,3/4 EMT 5#10,ENS05D76B4F160134D61,449,"3/4"" EMT Conduit Assemblies: 100' 3/4"" EMT conduit, 2 set screw connectors, 9 set screw couplings and 9 one-hole straps 5 #10THHN, solid || raw: 5 #10THHN, solid L1@8.52 CLF 212.00 397.00 609.00",212.00,8.52,CLF,202,Electrical Metallic Tubing (EMT): 3/4-inch || raw: 3/4-inch 5.00 6.20 7.50 C,5.00,C,high,"Dupuis conduit spec ""3/4 5c10"" = 3/4 in EMT with 5 x #10 conductors (conduits-spec.csv: 20 occurrences, 99,333.2 px total length); EE ensemble ENS05D76B4F160134D61 ""conduit 3/4 05c10"" (key 19PE0.75 #10). Exact match. NE 2025 raw p449 (conduit assemblies, per 100 ft incl. 2 connectors, 9 couplings, 9 straps, 5 wires): ""5 #10THHN, solid L1@8.52 CLF 212.00 397.00 609.00"" (stranded alt same page ""5 #10THHN, stranded L1@8.52 CLF 185.00 397.00 582.00""; bare raceway alt p18 concealed ""3/4"" L1@3.75 CLF 74.30 175.00 249.30""). NECA 2022 prices raceway and wire separately: raw p202 (26 05 33 EMT, note: add 10% for colored conduit) ""3/4-inch 5.00 6.20 7.50 C"" = 5.00 h per 100 ft raceway (fittings extra: same page ""EMT Set Screw Box Connectors 3/4-inch 0.10 0.12 0.15 E"", ""EMT Set Screw Couplings 3/4-inch 0.05 0.06 0.07 E""); wire in companion row. Same treatment as 1/2 EMT 3#10 (chunk-20)","5 #10THHN, solid L1@8.52 CLF 212.00 397.00 609.00",item,3/4-inch 5.00 6.20 7.50 C,item
27,3/4 EMT 5#10,ENS05D76B4F160134D61,,none,,,,150,600 Volt Bldg Wire-1/C-Copper Type THHN & THWN: #10 || raw: #10 7.00 8.75 10.50 M,7.00,M,high,"Companion row: NECA #10 THHN/THWN copper 7.00 h per 1000 ft (p150) = 0.70 h per 100 ft per conductor, x 5 conductors = 3.50 h per 100 ft, to add to EMT 3/4-inch 5.00 h/100 ft (p202). Note p150: reduce labor 10% with factory-lubricated wire. NE side already bundled in the p449 assembly line -> none here",,,#10 7.00 8.75 10.50 M,item
27,MINUTERIE,,237,"Time Switches: 24 hour plain dial, 40 amp 120V, DPST || raw: 120V, DPST L1@1.00 Ea 69.60 46.60 116.20",69.60,1.00,Ea,281,"Time Clocks and Lighting Contactors: 120 Volt 24-Hour timer, multi-pole || raw: 120 Volt 24-Hour timer, multi-pole 1.60 2.00 2.50 E",1.60,E,low,"Dupuis dictionnaire: ""MINUTERIE"" = minuterie (interrupteur temporise), dispositif (33 occ / 26 projets; etiquettes.csv MINUTERIE 17 marks / 13 projects + Minuterie 2; brand variants MINUTERIE 24H 8, MINUTERIE T103 40A 1, Minuterie Intermatic ET1125 1, MINUTERIE PARAGON EL 7100/120 1, MINUTERIE TORK ENCASTRE 2 -> corpus points to 24-hour time clocks, Intermatic T103 = 24 h dial 40 A 125 V DPST). Type (24 h dial vs electronic vs wall-box interval timer), voltage and poles NOT on the bare label -> low. NE raw p237 (Time Switches): ""120V, DPST L1@1.00 Ea 69.60 46.60 116.20"" (24 hour plain dial, 40 amp; alts same page SPST ""120V, SPST L1@1.00 Ea 63.70 46.60 110.30"", 208/277V DPST ""208/277V, DPST L1@1.00 Ea 73.90 46.60 120.50"", skip-a-day ""120V, DPST L1@1.00 Ea 89.90 46.60 136.50"", astro ""120V, DPST L1@1.00 Ea 145.00 46.60 191.60"", 7 day ""120V, 4PST-4NO L1@1.50 Ea 404.00 69.90 473.90""). NE has no wall-box spring-wound/interval timer switch line (grep spring|countdown|interval -> 0 in wiring devices). NECA raw p281 (26 09 00): ""120 Volt 24-Hour timer, multi-pole 1.60 2.00 2.50 E"" (alt same page ""120 Volt 24Hr- Programmable Astronomical Switch 2.25 2.81 3.52 E""; wall-box alt p72 23 09 00 ""Timer: Wall Mounted 1.00 1.50 2.00 E"" for an interval timer switch). Device only, enclosure/wiring not included","120V, DPST L1@1.00 Ea 69.60 46.60 116.20",item,"120 Volt 24-Hour timer, multi-pole 1.60 2.00 2.50 E",item
27,60A F,,276,NEMA 1 general duty fusible 240 volt safety switches 3P 60A || raw: 3P 60A L1@0.70 Ea 233.00 32.60 265.60,233.00,0.70,Ea,323,Disconnect Safety Switches - Fused 3-Pole: 60 Amp (NEMA 1; book note: for NEMA 3R add 10%) || raw: 60 Amp 3.30 4.13 4.95 E,3.30,E,medium,"Dupuis dictionnaire: ""60A F"" = sectionneur 60A fusible, mecanique_moteur (33 occ / 9 projets; etiquettes.csv 60A F 17 marks / 5 projects + 60a f 2; variants 60A F 600V 4, 60A 600V F 1, 60A  600V F 1). Poles, voltage and enclosure not on label: 3P 240 V NEMA 1 general duty assumed (same convention as DISCONN chunk-5). NE raw p276: ""3P 60A L1@0.70 Ea 233.00 32.60 265.60"" (NEMA 1 general duty fusible 240 V; alts: 2P ""2P 60A L1@0.70 Ea 147.00 32.60 179.60"" p276, NEMA 3R general duty fusible ""3P 60A L1@0.70 Ea 317.00 32.60 349.60"" p276, heavy duty fusible 600 V NEMA 1 ""3P 60A L1@0.70 Ea 600.00 32.60 632.60"" p281 for 60A F 600V, NEMA 3R 600 V ""3P 60A L1@0.70 Ea 990.00 32.60 1,022.60"" p281). NECA raw p323 (26 28 00): ""60 Amp 3.30 4.13 4.95 E"" (Fused 3-Pole; table note ""These labor units apply to NEMA 1 enclosures only - For NEMA 3R add 10% - For stainless steel enclosures add 20%""; 2-pole alt ""60 Amp 2.70 3.38 4.05 E"" p323). Fuses extra: NECA p322 ""Fuse Installation ... Cartridge 1 Amp to 100 Amp 0.04 0.05 0.06 E"". Switch only, wiring/terminations not included",3P 60A L1@0.70 Ea 233.00 32.60 265.60,item,60 Amp 3.30 4.13 4.95 E,item
27,PLINTHE 750W,,,none,,,,78,Baseboard Heaters: 36-inch || raw: 36-inch 0.80 1.00 1.20 E,0.80,E,low,"Dupuis dictionnaire: ""PLINTHE 750W"" = plinthe electrique (baseboard) 750 W, chauffage (30 occ / 12 projets; etiquettes.csv PLINTHE 750W 18 marks / 6 projects + plinthe 750w 1, PLINTHE 750W SRC 3, PLINTHE 750W CBB 2). NECA p78 (23 83 00) lists baseboard heaters by LENGTH only, no wattage: raw ""24-inch 0.75 0.94 1.13 E"", ""36-inch 0.80 1.00 1.20 E"", ""48-inch 0.90 1.13 1.35 E"", ""60-inch 1.00 1.25 1.50 E"", ""72-inch 1.10 1.38 1.65 E"", ""96-inch 1.25 1.56 1.88 E"", ""120-inch 1.40 1.75 2.10 E"". Watt-to-length mapping is NOT in the book; the 36-inch line is given only as the nearest length class for a low-wattage unit and must be confirmed against the project heater schedule -> low (same treatment as PLINTHE chunk-1, which used 60-inch for the 500-2000 W mix). Thermostat separate: p78 ""Thermostat Baseboard Section 0.60 0.75 0.90 E"". NE 2025: no electric baseboard heater line (grep baseboard -> 0; heater -> duct/unit heater hookups only) -> none",,,36-inch 0.80 1.00 1.20 E,item
27,1 EMT 11#12,ENS40CCBCA3D01064E11,18,"EMT conduit in concealed areas, walls and closed ceilings 1"" || raw: 1"" L1@4.25 CLF 125.00 198.00 323.00",125.00,4.25,CLF,202,Electrical Metallic Tubing (EMT): 1-inch || raw: 1-inch 5.50 6.80 8.20 C,5.50,C,medium,"Dupuis conduit spec ""1 11c12"" = 1"" EMT with 11 x #12 conductors (conduits-spec.csv: 19 occurrences, 44,945.5 px total length); EE ensemble ENS40CCBCA3D01064E11 ""conduit 1 11c12"" (key 19PE1 #12). NE 2025 p450 1"" EMT conduit assemblies stop at 6 conductors (raw ""6 #12THHN, solid L1@9.53 CLF 238.00 444.00 682.00"") - no 11-wire assembly. Row 1/2 = conduit per 100 ft, priced as raceway + wire separately. NE raw p18 (concealed areas, walls and closed ceilings): ""1"" L1@4.25 CLF 125.00 198.00 323.00"" (alts same page: in floor slab / trapeze ""1"" L1@4.00 CLF 125.00 186.00 311.00"", exposed ""1"" L1@4.50 CLF 125.00 210.00 335.00""). NECA raw p202 (26 05 33 EMT): ""1-inch 5.50 6.80 8.20 C"" (note: add 10% for colored conduit; fittings extra: ""EMT Set Screw Box Connectors 1-inch 0.12 0.15 0.18 E"", ""EMT Set Screw Couplings 1-inch 0.06 0.07 0.08 E"", ""EMT Factory Elbows 1-inch 0.25 0.31 0.37 E"" p202). Medium: installation condition not on label. Same conduit lines as 1 EMT 12#12 (chunk-26)","1"" L1@4.25 CLF 125.00 198.00 323.00",item,1-inch 5.50 6.80 8.20 C,item
27,1 EMT 11#12,ENS40CCBCA3D01064E11,94,Copper Building Wire: Type THHN 600 volt solid copper building wire # 12 || raw: # 12 L2@7.00 KLF 173.00 326.00 499.00,173.00,7.00,KLF,150,600 Volt Bldg Wire-1/C-Copper Type THHN & THWN: #12 || raw: #12 6.00 7.50 9.00 M,6.00,M,high,"Companion row 2/2: wire per 1000 ft, x 11 conductors, to add to the 1"" EMT raceway row. NE raw p94 ""# 12 L2@7.00 KLF 173.00 326.00 499.00"" (THHN solid, crew L2; = 0.70 h and 17.30 USD per 100 ft per conductor -> 7.70 h and 190.30 USD per 100 ft for 11; THW alt same page ""# 12 L2@7.00 KLF 250.00 326.00 576.00""). NECA raw p150 ""#12 6.00 7.50 9.00 M"" = 0.60 h per 100 ft per conductor -> 6.60 h for 11 (note p150: reduce labor 10% with factory-lubricated wire). Exact size match (#12); THHN solid assumed as in earlier chunks",# 12 L2@7.00 KLF 173.00 326.00 499.00,item,#12 6.00 7.50 9.00 M,item
27,FIXT TYPE S4,,,none,,,,,none,,,none,"Plan legend type code only (Dupuis dictionnaire: luminaire type S4 (selon legende), 35 occ / 15 projets; etiquettes.csv FIXT TYPE S4 18 marks / 8 projects) - no fixture spec (lamp/wattage/mount/size) on the label, so no National Estimator 2025 or NECA 2022 fixture line can be selected without inventing the type; needs the fixture schedule of each project (same treatment as FIXT TYPE A/B/C/D/E/K/L1... in chunks 0-11, M2 chunk-25)",,,,
27,BATTERIE UNIT 2 TETE,,,none,,,,360,Egress/Emergency Fixtures: Self Contained Dual Head || raw: Self Contained Dual Head 1.20 1.50 1.88 E,1.20,E,medium,"Dupuis dictionnaire: ""BATTERIE UNIT 2 TETE"" = unite de secours a piles, 2 tetes (eclairage d urgence), securite_incendie (34 occ / 16 projets; etiquettes.csv 18 marks / 9 projects). Spelled-out variant of BATTERIE UNIT 2T (chunk-10) -> same line. NECA raw p360 (26 52 00 Safety Lighting): ""Self Contained Dual Head 1.20 1.50 1.88 E"" (exact: self-contained battery unit with two heads); if wattage known use ""Power Pack with Dual Heads"" 36 Watt 1.10 / 54 Watt 1.30 / 80 Watt 1.40 / 110 Watt 1.50 / 160 Watt 1.70 / 200 Watt 1.90 E same page; remote heads ""Remote Double Head 0.70 0.88 1.09 E"". NE 2025: no emergency battery unit line (grep emergency|battery unit|egress -> 0) -> none. Wattage/voltage (12 V vs 24 V, 120/347 V input) not on label -> medium not high",,,Self Contained Dual Head 1.20 1.50 1.88 E,item
27,CL,,,none,,,,,none,,,none,"Dupuis dictionnaire classifies ""CL"" as indetermine - ""abreviation non identifiee (CL)"" (32 occ / 8 projets; etiquettes.csv CL 18 marks / 5 projects, no EE ensemble, no normalisation entry). Could be an abbreviation of CLOCHE (fire alarm bell, chunk-10: NE p368 ""6"" 24 VAC L1@0.35 Ea 94.80 16.30 111.10"", NECA p410 ""Bell 0.75 1.00 1.25 E""), of CLAVIER (keypad) or of a plan legend code - the meaning is not established in the vocabulary, so selecting a book line would be a guess -> none; resolve per project legend before pricing",,,,
27,DETECTEUR DE GAINE,,,none,,,,410,Fire Alarm Initiating Devices: Duct Smoke Detector || raw: Duct Smoke Detector 2.00 2.50 3.00 E,2.00,E,high,"Dupuis dictionnaire: ""DETECTEUR DE GAINE"" = detecteur de fumee de gaine (conduit CVAC), securite_incendie (47 occ / 13 projets; etiquettes.csv 17 marks / 6 projects + PC21 DETECTEUR DE GAINE VA-1 1). Spelled-out variant of DETECTEUR GAINE (chunk-4) -> same line. NECA raw p410 (28 46 00 Fire Detection and Alarm): ""Duct Smoke Detector 2.00 2.50 3.00 E""; accessories same page ""Duct Smoke Detector Test Station 0.80 1.00 1.20 E"", ""Duct Smoke Detector Remote Light 0.40 0.50 0.63 E"". NE 2025: no duct smoke detector line (grep duct -> P&C duct/raceway only; p372 smoke detectors are 120 V/battery room types) -> none. Detector only, sampling tubes/wiring by detector spec",,,Duct Smoke Detector 2.00 2.50 3.00 E,item
27,2 EMT 27#12,ENS181CFDEE14FDA1271,18,"EMT conduit in concealed areas, walls and closed ceilings 2"" || raw: 2"" L1@8.00 CLF 285.00 373.00 658.00",285.00,8.00,CLF,202,Electrical Metallic Tubing (EMT): 2-inch || raw: 2-inch 8.00 10.00 12.00 C,8.00,C,medium,"Dupuis conduit spec ""2 27c12"" = 2"" EMT with 27 x #12 conductors (conduits-spec.csv: 17 occurrences, 36,382.3 px total length); EE ensemble ENS181CFDEE14FDA1271 ""conduit 2 27c12"" (key 19PE2 #12). NE 2025 has no 2"" EMT conduit assemblies (assembly tables p448-451 cover 1/2"" to 1-1/4"" only). Row 1/2 = conduit per 100 ft, priced as raceway + wire separately. NE raw p18 (concealed areas, walls and closed ceilings): ""2"" L1@8.00 CLF 285.00 373.00 658.00"" (alts same page: in floor slab / trapeze ""2"" L1@7.00 CLF 285.00 326.00 611.00"", exposed ""2"" L1@10.0 CLF 285.00 466.00 751.00""). NECA raw p202 (26 05 33 EMT): ""2-inch 8.00 10.00 12.00 C"" (note: add 10% for colored conduit; fittings extra: ""EMT Set Screw Box Connectors 2-inch 0.25 0.31 0.37 E"", ""EMT Set Screw Couplings 2-inch 0.12 0.14 0.16 E"", ""Field Bending EMT Conduit 2-inch 1.00 1.24 1.50 E"" p202). Medium: installation condition not on label. Same conduit lines as 2 EMT 31#12 (chunk-26)","2"" L1@8.00 CLF 285.00 373.00 658.00",item,2-inch 8.00 10.00 12.00 C,item
27,2 EMT 27#12,ENS181CFDEE14FDA1271,94,Copper Building Wire: Type THHN 600 volt solid copper building wire # 12 || raw: # 12 L2@7.00 KLF 173.00 326.00 499.00,173.00,7.00,KLF,150,600 Volt Bldg Wire-1/C-Copper Type THHN & THWN: #12 || raw: #12 6.00 7.50 9.00 M,6.00,M,high,"Companion row 2/2: wire per 1000 ft, x 27 conductors, to add to the 2"" EMT raceway row. NE raw p94 ""# 12 L2@7.00 KLF 173.00 326.00 499.00"" (THHN solid, crew L2; = 0.70 h and 17.30 USD per 100 ft per conductor -> 18.90 h and 467.10 USD per 100 ft for 27; THW alt same page ""# 12 L2@7.00 KLF 250.00 326.00 576.00""). NECA raw p150 ""#12 6.00 7.50 9.00 M"" = 0.60 h per 100 ft per conductor -> 16.20 h for 27 (note p150: reduce labor 10% with factory-lubricated wire). Exact size match (#12); THHN solid assumed as in earlier chunks",# 12 L2@7.00 KLF 173.00 326.00 499.00,item,#12 6.00 7.50 9.00 M,item
27,3/4 EMT 4#12,ENSBD0CD3CD111193D11,449,"3/4"" EMT Conduit Assemblies: 100' 3/4"" EMT conduit, 2 set screw connectors, 9 set screw couplings and 9 one-hole straps 4 #12THHN, solid || raw: 4 #12THHN, solid L1@7.32 CLF 149.00 341.00 490.00",149.00,7.32,CLF,202,Electrical Metallic Tubing (EMT): 3/4-inch || raw: 3/4-inch 5.00 6.20 7.50 C,5.00,C,high,"Dupuis conduit spec ""3/4 4c12"" = 3/4 in EMT with 4 x #12 conductors (conduits-spec.csv: 17 occurrences, 159,809.1 px total length); EE ensemble ENSBD0CD3CD111193D11 ""conduit 3/4 04c12"" (key 19PE0.75 #12). Exact match. NE 2025 raw p449 (conduit assemblies, per 100 ft incl. 2 connectors, 9 couplings, 9 straps, 4 wires): ""4 #12THHN, solid L1@7.32 CLF 149.00 341.00 490.00"" (stranded alt same page ""4 #12THHN, stranded L1@7.32 CLF 136.00 341.00 477.00""; bare raceway alt p18 concealed ""3/4"" L1@3.75 CLF 74.30 175.00 249.30""). NECA 2022 prices raceway and wire separately: raw p202 (26 05 33 EMT, note: add 10% for colored conduit) ""3/4-inch 5.00 6.20 7.50 C"" = 5.00 h per 100 ft raceway (fittings extra: same page ""EMT Set Screw Box Connectors 3/4-inch 0.10 0.12 0.15 E"", ""EMT Set Screw Couplings 3/4-inch 0.05 0.06 0.07 E""); wire in companion row. Same treatment as 1/2 EMT 3#12 / 1/2 EMT 3#10 (chunk-20)","4 #12THHN, solid L1@7.32 CLF 149.00 341.00 490.00",item,3/4-inch 5.00 6.20 7.50 C,item
27,3/4 EMT 4#12,ENSBD0CD3CD111193D11,,none,,,,150,600 Volt Bldg Wire-1/C-Copper Type THHN & THWN: #12 || raw: #12 6.00 7.50 9.00 M,6.00,M,high,"Companion row: NECA #12 THHN/THWN copper 6.00 h per 1000 ft (p150) = 0.60 h per 100 ft per conductor, x 4 conductors = 2.40 h per 100 ft, to add to EMT 3/4-inch 5.00 h/100 ft (p202). Note p150: reduce labor 10% with factory-lubricated wire. NE side already bundled in the p449 assembly line -> none here",,,#12 6.00 7.50 9.00 M,item
28,PLINTHE 1500W,,,none,,,,78,Baseboard Heaters: 60-inch || raw: 60-inch 1.00 1.25 1.50 E,1.00,E,low,"Dupuis PLINTHE 1500W = plinthe electrique chauffante 1500 W, chauffage, BT (dictionnaire: 28 occ / 8 projets; corpus etiquettes.csv 16 marks / 6 projects; same device as 1500W baseboard reading in chunk-5 and B1500W/P1500W variants). NECA raw p78 (23 83 00 Baseboard Heaters, listed by length only, no wattage in book): ""60-inch 1.00 1.25 1.50 E"" - 60 in chosen only as the usual length of a 1500 W / 240 V baseboard in manufacturer catalogs (approx. 250 W/ft, NOT from the book; same convention as 1000W->48in, 2KW->96in in chunks 5/16/25); neighbours ""48-inch 0.90 1.13 1.35 E"", ""72-inch 1.10 1.38 1.65 E""; thermostat section extra ""Thermostat Baseboard Section 0.60 0.75 0.90 E"" p78. NECA p275 (26 05 83) only redirects to 23 83 00. NE 2025: no electric baseboard heater line (PDF grep ""baseboard"" -> 0 pages; only duct/unit heater hookups p380-381) -> none. Low: length not on label, NE side missing",,,60-inch 1.00 1.25 1.50 E,item
28,VA,,,none,,,,,none,,,none,"Dupuis dictionnaire-symboles: VA = ""sigle incertain"", categorie indetermine (24 occ / 12 projets; corpus 16 marks / 7 projects); categories.json note: ""Hypothese: unite volt-ampere (charge) ou autre; sens isole incertain."" Label is not a device: most likely the VA unit of a load or panel schedule annotation, or a truncated legend text. No National Estimator 2025 or NECA 2022 line can be selected without inventing the item -> none / none. To resolve with Dupuis (check plans where VA appears)",,,,
28,TYPE F,,,none,,,,,none,,,none,"Plan legend type code only (Dupuis dictionnaire-symboles: ""luminaire type F (forme abregee probable)"", luminaire, BT, 23 occ / 9 projets; categories.json: ""Probable variante abregee de FIXT TYPE F ; aucune forme exacte dans ce lot""; corpus Type F 9 marks / 3 projects + TYPE F 7 marks / 3 projects = 16). Same family as FIXT TYPE F (mapped none in an earlier chunk) - no fixture spec (lamp/wattage/mount/size) on the label, so no National Estimator 2025 or NECA 2022 fixture line can be selected without inventing the type; needs the fixture schedule of each project (same treatment as TYPE A / TYPE B / FIXT TYPE series in earlier chunks)",,,,
28,60A NF,,276,240 Volt General Duty Safety Switches: NEMA 1 general duty non-fused 240 volt safety switches 3P 60A || raw: 3P 60A L1@0.70 Ea 145.00 32.60 177.60,145.00,0.70,Ea,322,"Disconnect Safety Switches - Nonfused 3-Pole (NEMA 1; book note: for NEMA 3R add 10%, stainless add 20%): 60 Amp || raw: 60 Amp 3.00 3.75 4.50 E",3.00,E,medium,"Dupuis 60A NF = sectionneur 60 A non-fusible, mecanique_moteur, BT (dictionnaire: 23 occ / 13 projets; corpus 16 marks / 9 projects; WP variant 60A NF WP separate). Amperage and non-fused match exactly; poles and voltage not on label -> 3P 240 V general duty NEMA 1 taken as default (same convention as 30A NF / DISCONN / NF 30A in earlier chunks) -> medium. NE raw p276: ""3P 60A L1@0.70 Ea 145.00 32.60 177.60""; alts: NEMA 3R p276 ""3P 60A L1@0.70 Ea 323.00 32.60 355.60"" (for 60A NF WP), 600 V heavy duty NEMA 1 p279 ""3P 60A L1@0.70 Ea 455.00 32.60 487.60"" (if 600 V motor), heavy duty 240 V 2P p277 ""2P 60A L1@0.70 Ea 455.00 32.60 487.60"". NECA raw p322 (26 28 16 Disconnect Safety Switches - Nonfused 3-Pole): ""60 Amp 3.00 3.75 4.50 E""; 2-pole alt same page ""60 Amp 2.50 3.13 3.75 E"". Switch only; feeder conduit/wire, terminations and mounting hardware not included",3P 60A L1@0.70 Ea 145.00 32.60 177.60,item,60 Amp 3.00 3.75 4.50 E,item
28,3/4 EMT 3#8,ENS89E4264114A9B1051,18,"EMT conduit in concealed areas, walls and closed ceilings 3/4"" || raw: 3/4"" L1@3.75 CLF 74.30 175.00 249.30",74.30,3.75,CLF,202,Electrical Metallic Tubing (EMT): 3/4-inch || raw: 3/4-inch 5.00 6.20 7.50 C,5.00,C,medium,"Dupuis conduit spec ""3/4 3c8"" = 3/4"" EMT with 3 x #8 conductors (conduits-spec.csv: 16 occurrences, 61,477.9 px total length); EE ensemble ENS89E4264114A9B1051 ""conduit 3/4 03c08"" (key 19PE0.75 #08). NE 2025 p449 3/4"" EMT conduit assemblies list #14, #12 and #10 conductors only (1 to 6 wires; largest ""6 #10THHN, stranded L1@8.72 CLF ..."", none in #8) - no #8 assembly. Row 1/2 = conduit per 100 ft, priced as raceway + wire separately. NE raw p18 (concealed areas, walls and closed ceilings): ""3/4"" L1@3.75 CLF 74.30 175.00 249.30"" (alts same page: in floor slab / trapeze ""3/4"" L1@3.50 CLF 74.30 163.00 237.30"", exposed ""3/4"" L1@4.00 CLF 74.30 186.00 260.30""). NECA raw p202 (26 05 33 EMT): ""3/4-inch 5.00 6.20 7.50 C"" (note: add 10% for colored conduit; fittings extra: ""EMT Set Screw Box Connectors 3/4-inch 0.10 0.12 0.15 E"", ""EMT Set Screw Couplings 3/4-inch 0.05 0.06 0.07 E"", ""EMT Factory Elbows 3/4-inch 0.22 0.27 0.33 E"" p202). Totals per 100 ft with 3 conductors (see companion row): NE 6.45 h and 196.70 USD; NECA 7.70 h. Medium: sizes exact but both books are a sum of two tables rather than one assembly line; installation condition (concealed vs exposed vs slab) not on label; couplings, connectors, straps, boxes, terminations not included","3/4"" L1@3.75 CLF 74.30 175.00 249.30",item,3/4-inch 5.00 6.20 7.50 C,item
28,3/4 EMT 3#8,ENS89E4264114A9B1051,95,Copper Building Wire: Type THHN 600 volt stranded copper building wire # 8 || raw: # 8 L2@9.00 KLF 408.00 419.00 827.00,408.00,9.00,KLF,150,600 Volt Bldg Wire-1/C-Copper Type THHN & THWN: #8 || raw: #8 9.00 11.25 13.50 M,9.00,M,high,"Companion row 2/2: wire per 1000 ft, x 3 conductors, to add to the 3/4"" EMT raceway row. NE raw p95 ""# 8 L2@9.00 KLF 408.00 419.00 827.00"" (THHN stranded, crew L2; = 0.90 h and 40.80 USD per 100 ft per conductor -> 2.70 h and 122.40 USD per 100 ft for 3; THW/XHHW alts same pages). NECA raw p150 ""#8 9.00 11.25 13.50 M"" = 0.90 h per 100 ft per conductor -> 2.70 h for 3 (note p150: reduce labor 10% with factory-lubricated wire). Exact size match (#8); THHN stranded is the only #8 THHN form listed in NE 2025 (p94 solid stops at #10)",# 8 L2@9.00 KLF 408.00 419.00 827.00,item,#8 9.00 11.25 13.50 M,item
28,2 EMT 37#12,ENSB21032F0AA14CD512,18,"EMT conduit in concealed areas, walls and closed ceilings 2"" || raw: 2"" L1@8.00 CLF 285.00 373.00 658.00",285.00,8.00,CLF,202,Electrical Metallic Tubing (EMT): 2-inch || raw: 2-inch 8.00 10.00 12.00 C,8.00,C,medium,"Dupuis conduit spec ""2 37c12"" = 2"" EMT with 37 x #12 conductors (conduits-spec.csv: 16 occurrences, 28,738.3 px total length); EE ensemble ENSB21032F0AA14CD512 ""conduit 2 37c12"" (key 19PE2 #12). NE 2025 has no 2"" EMT conduit assemblies (assembly tables p448-451 cover 1/2"" to 1-1/4"" only) - same method as 2 EMT 31/33/42#12 in chunk-26. Row 1/2 = conduit per 100 ft, priced as raceway + wire separately. NE raw p18 (concealed areas, walls and closed ceilings): ""2"" L1@8.00 CLF 285.00 373.00 658.00"" (alts same page: in floor slab / trapeze ""2"" L1@7.00 CLF 285.00 326.00 611.00"", exposed ""2"" L1@10.0 CLF 285.00 466.00 751.00""). NECA raw p202 (26 05 33 EMT): ""2-inch 8.00 10.00 12.00 C"" (note: add 10% for colored conduit; fittings extra: ""EMT Set Screw Box Connectors 2-inch 0.25 0.31 0.37 E"", ""EMT Set Screw Couplings 2-inch 0.12 0.14 0.16 E"", ""Field Bending EMT Conduit 2-inch 1.00 1.24 1.50 E"" p202). Totals per 100 ft with 37 conductors (see companion row): NE 33.90 h and 925.10 USD; NECA 30.20 h. Medium: sizes exact but both books are a sum of two tables rather than one assembly line; installation condition (concealed vs exposed vs slab) not on label; couplings, connectors, straps, boxes, terminations not included","2"" L1@8.00 CLF 285.00 373.00 658.00",item,2-inch 8.00 10.00 12.00 C,item
28,2 EMT 37#12,ENSB21032F0AA14CD512,94,Copper Building Wire: Type THHN 600 volt solid copper building wire # 12 || raw: # 12 L2@7.00 KLF 173.00 326.00 499.00,173.00,7.00,KLF,150,600 Volt Bldg Wire-1/C-Copper Type THHN & THWN: #12 || raw: #12 6.00 7.50 9.00 M,6.00,M,high,"Companion row 2/2: wire per 1000 ft, x 37 conductors, to add to the 2"" EMT raceway row. NE raw p94 ""# 12 L2@7.00 KLF 173.00 326.00 499.00"" (THHN solid, crew L2; = 0.70 h and 17.30 USD per 100 ft per conductor -> 25.90 h and 640.10 USD per 100 ft for 37; THW/XHHW alts same pages). NECA raw p150 ""#12 6.00 7.50 9.00 M"" = 0.60 h per 100 ft per conductor -> 22.20 h for 37 (note p150: reduce labor 10% with factory-lubricated wire). Exact size match (#12); THHN solid assumed as in earlier chunks",# 12 L2@7.00 KLF 173.00 326.00 499.00,item,#12 6.00 7.50 9.00 M,item
28,1 EMT 4#6,ENS199CAC4C18914BEE1,18,"EMT conduit in concealed areas, walls and closed ceilings 1"" || raw: 1"" L1@4.25 CLF 125.00 198.00 323.00",125.00,4.25,CLF,202,Electrical Metallic Tubing (EMT): 1-inch || raw: 1-inch 5.50 6.80 8.20 C,5.50,C,medium,"Dupuis conduit spec ""1 4c6"" = 1"" EMT with 4 x #6 conductors (conduits-spec.csv: 16 occurrences, 57,117.4 px total length); EE ensemble ENS199CAC4C18914BEE1 ""conduit 1 04c06"" (key 19PE1 #06). NE 2025 p450 1"" EMT conduit assemblies list #14, #12 and #10 conductors only (1 to 6 wires; none in #6) - no #6 assembly. Row 1/2 = conduit per 100 ft, priced as raceway + wire separately. NE raw p18 (concealed areas, walls and closed ceilings): ""1"" L1@4.25 CLF 125.00 198.00 323.00"" (alts same page: in floor slab / trapeze ""1"" L1@4.00 CLF 125.00 186.00 311.00"", exposed ""1"" L1@4.50 CLF 125.00 210.00 335.00""). NECA raw p202 (26 05 33 EMT): ""1-inch 5.50 6.80 8.20 C"" (note: add 10% for colored conduit; fittings extra: ""EMT Set Screw Box Connectors 1-inch 0.12 0.15 0.18 E"", ""EMT Set Screw Couplings 1-inch 0.06 0.07 0.08 E"", ""EMT Factory Elbows 1-inch 0.25 0.31 0.37 E"" p202). Totals per 100 ft with 4 conductors (see companion row): NE 8.25 h and 367.80 USD; NECA 9.90 h. Medium: sizes exact but both books are a sum of two tables rather than one assembly line; installation condition (concealed vs exposed vs slab) not on label; couplings, connectors, straps, boxes, terminations not included","1"" L1@4.25 CLF 125.00 198.00 323.00",item,1-inch 5.50 6.80 8.20 C,item
28,1 EMT 4#6,ENS199CAC4C18914BEE1,95,"Copper Building Wire: Type THHN 600 volt stranded copper building wire # 6 || raw: # 6 L2@10.0 KLF 607.00 466.00 1,073.00",607.00,10.00,KLF,150,600 Volt Bldg Wire-1/C-Copper Type THHN & THWN: #6 || raw: #6 11.00 13.75 16.50 M,11.00,M,high,"Companion row 2/2: wire per 1000 ft, x 4 conductors, to add to the 1"" EMT raceway row. NE raw p95 ""# 6 L2@10.0 KLF 607.00 466.00 1,073.00"" (THHN stranded, crew L2; = 1.00 h and 60.70 USD per 100 ft per conductor -> 4.00 h and 242.80 USD per 100 ft for 4; THW/XHHW alts same pages). NECA raw p150 ""#6 11.00 13.75 16.50 M"" = 1.10 h per 100 ft per conductor -> 4.40 h for 4 (note p150: reduce labor 10% with factory-lubricated wire). Exact size match (#6); THHN stranded is the only #6 THHN form listed in NE 2025 (p94 solid stops at #10)","# 6 L2@10.0 KLF 607.00 466.00 1,073.00",item,#6 11.00 13.75 16.50 M,item
28,1 1/4 EMT 13#10,ENSC3DFDBDA15919F560,18,"EMT conduit in concealed areas, walls and closed ceilings 1-1/4"" || raw: 1-1/4"" L1@5.00 CLF 189.00 233.00 422.00",189.00,5.00,CLF,202,Electrical Metallic Tubing (EMT): 1-1/4-inch || raw: 1 1/4-inch 6.20 7.80 9.30 C,6.20,C,medium,"Dupuis conduit spec ""1''1/4 13c10"" = 1-1/4"" EMT with 13 x #10 conductors (conduits-spec.csv: 16 occurrences, 74,388.2 px total length); EE ensemble ENSC3DFDBDA15919F560 ""conduit 1''1/4 13c10"" (key 19PE1.25 #10). NE 2025 p451 1-1/4"" EMT conduit assemblies stop at 6 conductors (raw ""6 #10THHN, solid L1@10.9 CLF 365.00 508.00 873.00"") - no 13-wire assembly. Row 1/2 = conduit per 100 ft, priced as raceway + wire separately. NE raw p18 (concealed areas, walls and closed ceilings): ""1-1/4"" L1@5.00 CLF 189.00 233.00 422.00"" (alts same page: in floor slab / trapeze ""1-1/4"" L1@4.50 CLF 189.00 210.00 399.00"", exposed ""1-1/4"" L1@6.00 CLF 189.00 280.00 469.00""). NECA raw p202 (26 05 33 EMT): ""1 1/4-inch 6.20 7.80 9.30 C"" (note: add 10% for colored conduit; fittings extra: ""EMT Set Screw Box Connectors 1 1/4-inch 0.16 0.20 0.24 E"", ""EMT Set Screw Couplings 1 1/4-inch 0.08 0.09 0.10 E"", ""EMT Factory Elbows 1 1/4-inch 0.32 0.40 0.48 E"", ""Field Bending EMT Conduit 1 1/4-inch 0.64 0.80 0.96 E"" p202). Totals per 100 ft with 13 conductors (see companion row): NE 15.40 h and 532.20 USD; NECA 15.30 h. Medium: sizes exact but both books are a sum of two tables rather than one assembly line; installation condition (concealed vs exposed vs slab) not on label; couplings, connectors, straps, boxes, terminations not included","1-1/4"" L1@5.00 CLF 189.00 233.00 422.00",item,1 1/4-inch 6.20 7.80 9.30 C,item
28,1 1/4 EMT 13#10,ENSC3DFDBDA15919F560,94,Copper Building Wire: Type THHN 600 volt solid copper building wire # 10 || raw: # 10 L2@8.00 KLF 264.00 373.00 637.00,264.00,8.00,KLF,150,600 Volt Bldg Wire-1/C-Copper Type THHN & THWN: #10 || raw: #10 7.00 8.75 10.50 M,7.00,M,high,"Companion row 2/2: wire per 1000 ft, x 13 conductors, to add to the 1-1/4"" EMT raceway row. NE raw p94 ""# 10 L2@8.00 KLF 264.00 373.00 637.00"" (THHN solid, crew L2; = 0.80 h and 26.40 USD per 100 ft per conductor -> 10.40 h and 343.20 USD per 100 ft for 13; THW/XHHW alts same pages). NECA raw p150 ""#10 7.00 8.75 10.50 M"" = 0.70 h per 100 ft per conductor -> 9.10 h for 13 (note p150: reduce labor 10% with factory-lubricated wire). Exact size match (#10); THHN solid assumed as in earlier chunks",# 10 L2@8.00 KLF 264.00 373.00 637.00,item,#10 7.00 8.75 10.50 M,item
28,DISCONN 30A 600V NF,,279,600 Volt Heavy Duty Safety Switches: NEMA 1 heavy duty non-fused 600 volt safety switches 3P 30A || raw: 3P 30A L1@0.50 Ea 261.00 23.30 284.30,261.00,0.50,Ea,322,"Disconnect Safety Switches - Nonfused 3-Pole (NEMA 1; book note: for NEMA 3R add 10%, stainless add 20%): 30 Amp || raw: 30 Amp 2.00 2.50 3.00 E",2.00,E,medium,"Dupuis DISCONN 30A 600V NF = sectionneur non fusible 30 A 600 V, mecanique_moteur, BT (dictionnaire: 30 occ / 10 projets; categories.json: ""Sectionneur (disconnect), explicitement liste sous mecanique_moteur; 600V reste basse tension (<750V)""; corpus 15 marks / 5 projects). Same device as 30A 600V NF (earlier chunk) - rows reused for consistency, to be merged at consolidation. Amperage, voltage and non-fused match exactly; poles and enclosure not on label -> 3P NEMA 1 assumed (600 V class implies heavy duty in NE) -> medium. NE raw p279: ""3P 30A L1@0.50 Ea 261.00 23.30 284.30""; alts: NEMA 3R p279 ""3P 30A L1@0.50 Ea 455.00 23.30 478.30"" (WP variant), NEMA 12 p280 ""3P 30A L1@0.50 Ea 579.00 23.30 602.30"", NEMA 4 p280 ""3P 30A L1@0.60 Ea 1,900.00 28.00 ..."". NECA raw p322 (26 28 16): ""30 Amp 2.00 2.50 3.00 E"" (NECA does not split 240/600 V for nonfused switches; 2-pole alt ""30 Amp 1.70 2.13 2.55 E""). Switch only; feeder, terminations and mounting hardware not included",3P 30A L1@0.50 Ea 261.00 23.30 284.30,item,30 Amp 2.00 2.50 3.00 E,item
28,DEMARREUR MANUEL,,386,Manual Motor Starters: Manual motor starters with overload relays 2P standard || raw: 2P standard L1@0.40 Ea 111.00 18.60 129.60,111.00,0.40,Ea,274,Manual Motor Starter with Enclosure (26 05 83): 2-Pole 1/2 Horsepower || raw: 2-Pole 1/2 Horsepower 0.65 0.81 0.98 E,0.65,E,low,"Dupuis DEMARREUR MANUEL = demarreur manuel de moteur, mecanique_moteur, BT (dictionnaire: 26 occ / 10 projets; categories.json: ""Correspond explicitement a l exemple demarreurs de la categorie mecanique_moteur""; corpus 15 marks / 6 projects). Device type matches exactly (manual motor starter) but poles, HP, voltage, overload relays and pilot light are not on the label -> 2-pole with thermal overload (the usual Quebec ""demarreur manuel"" for a fractional-HP 120/240 V fan or pump) taken as default -> low. NE raw p386 (Manual motor starters with overload relays, NEMA 1): ""2P standard L1@0.40 Ea 111.00 18.60 129.60""; alts: ""1P standard L1@0.30 Ea 98.00 14.00 112.00"", ""2P w/ pilot light, 115V L1@0.40 Ea 155.00 18.60 173.60"", flush mounted p386 ""2P standard L1@0.40 Ea 106.00 18.60 124.60""; without overload p385 ""2P standard L1@0.35 Ea 84.80 16.30 101.10"", ""3P standard L1@0.40 Ea 106.00 18.60 124.60""; NEMA 4 & 5 p385 ""2P standard L1@0.50 Ea 309.00 23.30 332.30"". NECA raw p274 (26 05 83 Wiring Connections, ""Manual Motor Starter with Enclosure""): ""2-Pole 1/2 Horsepower 0.65 0.81 0.98 E""; alts same table ""1-Pole 1/2 Horsepower 0.60 0.75 0.90 E"", ""3-Pole 1 Horsepower 0.70 0.88 1.05 E""; box-mounted toggle without enclosure ""2-Pole 1/2 Horsepower 0.40 0.50 0.60 E""; larger NEMA-size starters p331 (26 29 00) ""2P NEMA 00 1.10 1.38 1.65 E"". Starter only; branch circuit, box and motor connection not included (motor hookup = MOTEUR rows)",2P standard L1@0.40 Ea 111.00 18.60 129.60,item,2-Pole 1/2 Horsepower 0.65 0.81 0.98 E,item
28,OUVRE PORTE,,381,"Equipment Hookup: Hook up mechanical equipment - Overhead door, comm. || raw: Overhead door, comm. L1@8.00 Ea 492.00 373.00 865.00",492.00,8.00,Ea,276,Power Connections to Equipment Installed By Others - Copper 600 Volt Conduit: 20 Amp Circuits #12 & #10 || raw: 20 Amp Circuits #12 & #10 0.25 0.30 0.36 E,0.25,E,low,"Dupuis OUVRE PORTE = ouvre-porte automatique, categorie autre, BT (dictionnaire: 26 occ / 8 projets; categories.json: ""Ne correspond precisement a aucune categorie listee ; identifiable mais generique""; corpus 15 marks / 5 projects). Same device as OPERATEUR DE PORTE / OPERATEUR PORTE (chunks 17 and later) - rows reused, to be merged at consolidation. Neither book has an ""automatic door operator"" line (PDF grep ""door opener|door operator|automatic door"": NE 2025 hits only p367 prose, p372 intrusion door opener = electric release, p545 index; NECA 2022 -> 0 hits). NE raw p381 (Equipment Hookup): ""Overhead door, comm. L1@8.00 Ea 492.00 373.00 865.00""; residential alt ""Overhead door, res. L1@2.50 Ea 98.80 116.00 214.80""; for a pedestrian swing-door operator (120 V, 15-20 A) NE p380 ""Fractional HP L1@0.50 Ea 5.22 23.30 28.52"" is the better fit. NE p372 ""Door opener, 24VAC L1@0.50 Ea 49.50 23.30 72.80"" is an intrusion-system electric door release, not this. NECA raw p276: ""20 Amp Circuits #12 & #10 0.25 0.30 0.36 E"" per power connection; push-plate/actuator and access-control wiring not included (NECA p404 ""Door Management Device 1.25 1.50 1.75 E"" if in scope). Low: door type, HP, voltage not on label","Overhead door, comm. L1@8.00 Ea 492.00 373.00 865.00",item,20 Amp Circuits #12 & #10 0.25 0.30 0.36 E,item
28,INTERCOM,,,none,,,,390,Sound Systems - Sound Generating Equipment (27 41 00): Intercom - Satellite Unit || raw: Intercom - Satellite Unit 0.80 1.00 1.20 E,0.80,E,low,"Dupuis INTERCOM = systeme d intercom (interphone), telecom_donnees, BASSE_TENSION_COMM (dictionnaire: 21 occ / 11 projets; categories.json: ""Systeme de communication interne (interphone)""; corpus 15 marks / 6 projects). A mark on the plan is read as one intercom station (satellite/remote unit); master vs remote, door-entry vs paging type and cabling not on label -> low. NE 2025: no intercom line (PDF grep ""intercom"" -> 0 pages; p367 prose only mentions apartment entry control systems) -> none. NECA raw p390 (27 41 00 Sound Systems - Sound Generating Equipment): ""Intercom - Satellite Unit 0.80 1.00 1.20 E""; master/head-end same page ""Intercom - Central Unit 8.00 10.00 12.00 E"" (one per system, to add); access-control door-entry alternative p404 (28 15 00): ""Intercom - Remote Station 1.50 1.90 2.25 E"", ""Intercom - Master Station 2.00 2.50 3.00 E"", ""Intercom - Central Unit 4.00 5.00 6.00 E""; theatrical p390 ""Production Intercom Wall Station, Surface Mount 1.50 1.90 2.25 E"". Station only; back box, conduit, cable and power supply not included",,,Intercom - Satellite Unit 0.80 1.00 1.20 E,item
29,1 1/4 EMT 4#3,ENS5390A54F14C1C9DA1,18,"EMT conduit in concealed areas, walls and closed ceilings 1-1/4"" || raw: 1-1/4"" L1@5.00 CLF 189.00 233.00 422.00",189.00,5.00,CLF,202,Electrical Metallic Tubing (EMT): 1 1/4-inch || raw: 1 1/4-inch 6.20 7.80 9.30 C,6.20,C,medium,"Dupuis conduit spec ""1''1/4 4c3"" = 1-1/4 in EMT with 4 x #3 conductors (conduits-spec.csv: 15 occurrences, 52,676.7 px total length); EE ensemble ENS5390A54F14C1C9DA1 ""conduit 1''1/4 04c03"" (key 19PE1.25 #03). NE 2025 p451 1-1/4"" EMT conduit assemblies cover #14/#12/#10 only (largest raw ""6 #10THHN, solid L1@10.9 CLF 365.00 508.00 873.00"") - no #3 assembly. Row 1/2 = conduit per 100 ft, priced as raceway + wire separately. NE raw p18 (concealed areas, walls and closed ceilings): ""1-1/4"" L1@5.00 CLF 189.00 233.00 422.00"" (alts same page: in floor slab / trapeze ""1-1/4"" L1@4.50 CLF 189.00 210.00 399.00"", exposed ""1-1/4"" L1@6.00 CLF 189.00 280.00 469.00""). NECA raw p202 (26 05 33 EMT): ""1 1/4-inch 6.20 7.80 9.30 C"" (note: add 10% for colored conduit; fittings extra). Medium: installation condition not on label. Same conduit lines as 1 1/4 EMT 17#12 (chunk-21/22)","1-1/4"" L1@5.00 CLF 189.00 233.00 422.00",item,1 1/4-inch 6.20 7.80 9.30 C,item
29,1 1/4 EMT 4#3,ENS5390A54F14C1C9DA1,,none,,,,150,600 Volt Bldg Wire-1/C-Copper Type THHN & THWN: #3 || raw: #3 15.00 18.75 22.50 M,15.00,M,medium,"Companion row 2/2: wire per 1000 ft, x 4 conductors, to add to the 1-1/4"" EMT raceway row. NECA raw p150 ""#3 15.00 18.75 22.50 M"" = 1.50 h per 100 ft per conductor -> 6.00 h per 100 ft for 4 (note p150: reduce labor 10% with factory-lubricated wire); exact size match. NE 2025 has NO #3 building wire line: THHN stranded p95 goes ""# 4 L2@12.0 KLF 1,130.00 559.00 1,689.00"" then ""# 2 L3@13.0 KLF 1,780.00 606.00 2,386.00"" (THW p94 and XHHW p95 likewise skip #3) -> none, never interpolate; if a NE figure is required, the estimator must pick #4 or #2 explicitly. Medium because the NE side is missing",,,#3 15.00 18.75 22.50 M,item
29,MOTEUR VE,,380,"Equipment Hookup: Hook up mechanical equipment - Exhaust fans, small || raw: Exhaust fans, small L1@1.50 Ea 49.20 69.90 119.10",49.20,1.50,Ea,276,Power Connections to Equipment Installed By Others - Copper 600 Volt Conduit: 20 Amp Circuits #12 & #10 || raw: 20 Amp Circuits #12 & #10 0.25 0.30 0.36 E,0.25,E,medium,"Dupuis dictionnaire: ""MOTEUR VE"" = moteur pour ventilateur d'extraction/evacuation (VE), mecanique_moteur, BT (24 occ / 8 projets; etiquettes.csv MOTEUR VE 10 marks / 4 projects + moteur ve 3 / 1). Read as the final power connection of an exhaust-fan motor supplied and set by the mechanical trade. NE 2025 raw p380 (Equipment Hookup, mechanical equipment): ""Exhaust fans, small L1@1.50 Ea 49.20 69.90 119.10"" = exact function match (material = flex/fittings/lugs, fan by others); alt by HP p380 motor table ""Fractional HP L1@0.50 Ea 5.22 23.30 28.52"" (used for MOTEUR FRACT chunk-25) if only the motor termination is in scope. NECA 2022 has no exhaust-fan hookup line (grep exhaust fan -> only p352 ""2-Lamp Heater & Exhaust Fan 1.40 1.75 2.10 E"" = recessed bathroom heater-fan fixture, p76 23 34 00 = ceiling/destratification fans set by the EC, not applicable); closest p276 (26 05 83 Wiring Connections) by circuit size, raw floor ""20 Amp Circuits #12 & #10 0.25 0.30 0.36 E"" (next ""50 Amp Circuits #8 0.30 0.37 0.45 E""); add p72 (23 09 00) ""Interlock to Fan 0.75 1.25 1.50 E"" if the control interlock is in the electrical contract. Medium: HP/voltage/size not on label, but NE gives one line for small exhaust fans. Disconnect, starter, conduit and wire priced separately (same treatment as UTA chunk-26)","Exhaust fans, small L1@1.50 Ea 49.20 69.90 119.10",item,20 Amp Circuits #12 & #10 0.25 0.30 0.36 E,item
29,BOUTON SONNETTE,,371,"Signal Systems: Surface mounted push buttons for signal systems - Round, plain || raw: Round, plain L1@0.20 Ea 3.59 9.32 12.91",3.59,0.20,Ea,,none,,,medium,"Dupuis dictionnaire: ""BOUTON SONNETTE"" = bouton de sonnette (carillon), dispositif (17 occ / 11 projets; etiquettes.csv 13 marks / 8 projects). Push button only - chime unit is the CARILLON family (chunk-11: NE p370 ""One entrance, white L1@0.40 Ea 17.40 18.60 36.00""). NE 2025 raw p371 (Signal Systems, surface mounted push buttons): ""Round, plain L1@0.20 Ea 3.59 9.32 12.91"" (alts same page: ""Round, gold L1@0.20 Ea 3.59 9.32 12.91"", ""Oblong, brown L1@0.20 Ea 3.03 9.32 12.35"", ""Oblong, ivory L1@0.20 Ea 3.03 9.32 12.35""; flush mounted ""5/8"" chrome L1@0.25 Ea 2.57 11.60 14.17"", ""5/8"" lighted, plain L1@0.25 Ea 4.40 11.60 16.00""). Medium: surface vs flush and lighted vs plain not on label. NECA 2022: no doorbell push button line (grep push button/door bell/bell -> p274 ""Push Button Station NEMA-1 ... 1-Button 1.00 1.25 1.50 E"" is an industrial motor-control station, p280 Lutron wallstations, p410 fire alarm; none is a doorbell button) -> none. Bell wire, transformer and box not included","Round, plain L1@0.20 Ea 3.59 9.32 12.91",item,,
29,TA,,,none,,,,,none,,,none,"Dupuis dictionnaire classifies ""TA"" as indetermine - ""sigle incertain"" (16 occ / 9 projets; etiquettes.csv TA 13 marks / 6 projects, no EE ensemble, no normalisation entry). Could stand for thermostat d'ambiance, tableau auxiliaire, or a plan legend code - the meaning is not established in the vocabulary, so selecting a book line would be a guess -> none; resolve per project legend before pricing (same treatment as CL chunk-27, VA)",,,,
29,PANN CONTROL,,,none,,,,,none,,,none,"Dupuis dictionnaire: ""PANN CONTROL"" = panneau de controle, type non precise, categorie indetermine (24 occ / 8 projets; etiquettes.csv 12 marks / 4 projects). Both books price control panels by system, and the label carries none: NE 2025 p380-381 mechanical hookup ""Boiler control panels L1@8.00 Ea 164.00 373.00 537.00"", ""Chiller control panels L1@16.0 Ea 164.00 745.00 909.00"", ""Pump control panels L1@2.50 Ea 83.60 116.00 199.60"", ""Sump control panels L1@2.50 Ea 33.10 116.00 149.10"", ""Mech control panel, small L1@4.00 Ea 98.80 186.00 284.80""; NECA 2022 p280 ""Lighting Control Panel 8.00 10.00 12.50 E"", p281 ""Dimming Control Panel - 24 Relay (Up to 24 Relay) 8.00 10.00 12.50 E"", p341 ""Generator Control Panel 14.40 18.00 21.60 E"", p409 ""Control Panel - Commercial 4.00 5.00 6.00 E"" (intrusion). Picking one would invent the system type -> none; resolve from the project legend/mechanical schedule, then use the matching line above",,,,
29,2 EMT 35#12,ENSFFA0DE0A11E16C171,18,"EMT conduit in concealed areas, walls and closed ceilings 2"" || raw: 2"" L1@8.00 CLF 285.00 373.00 658.00",285.00,8.00,CLF,202,Electrical Metallic Tubing (EMT): 2-inch || raw: 2-inch 8.00 10.00 12.00 C,8.00,C,medium,"Dupuis conduit spec ""2 35c12"" = 2"" EMT with 35 x #12 conductors (conduits-spec.csv: 12 occurrences, 43,280.4 px total length); EE ensemble ENSFFA0DE0A11E16C171 ""conduit 2 35c12"" (key 19PE2 #12). NE 2025 has no 2"" EMT conduit assemblies (assembly tables p448-451 cover 1/2"" to 1-1/4"" only). Row 1/2 = conduit per 100 ft, priced as raceway + wire separately. NE raw p18 (concealed areas, walls and closed ceilings): ""2"" L1@8.00 CLF 285.00 373.00 658.00"" (alts same page: in floor slab / trapeze ""2"" L1@7.00 CLF 285.00 326.00 611.00"", exposed ""2"" L1@10.0 CLF 285.00 466.00 751.00""). NECA raw p202 (26 05 33 EMT): ""2-inch 8.00 10.00 12.00 C"" (note: add 10% for colored conduit; fittings extra: ""EMT Set Screw Box Connectors 2-inch 0.25 0.31 0.37 E"", ""EMT Set Screw Couplings 2-inch 0.12 0.14 0.16 E"" p202). Medium: installation condition not on label. Same conduit lines as 2 EMT 27#12 (chunk-27) and 2 EMT 31/33/42#12 (chunk-26)","2"" L1@8.00 CLF 285.00 373.00 658.00",item,2-inch 8.00 10.00 12.00 C,item
29,2 EMT 35#12,ENSFFA0DE0A11E16C171,94,Copper Building Wire: Type THHN 600 volt solid copper building wire # 12 || raw: # 12 L2@7.00 KLF 173.00 326.00 499.00,173.00,7.00,KLF,150,600 Volt Bldg Wire-1/C-Copper Type THHN & THWN: #12 || raw: #12 6.00 7.50 9.00 M,6.00,M,high,"Companion row 2/2: wire per 1000 ft, x 35 conductors, to add to the 2"" EMT raceway row. NE raw p94 ""# 12 L2@7.00 KLF 173.00 326.00 499.00"" (THHN solid, crew L2; = 0.70 h and 17.30 USD per 100 ft per conductor -> 24.50 h and 605.50 USD per 100 ft for 35; THW alt same page ""# 12 L2@7.00 KLF 250.00 326.00 576.00""). NECA raw p150 ""#12 6.00 7.50 9.00 M"" = 0.60 h per 100 ft per conductor -> 21.00 h for 35 (note p150: reduce labor 10% with factory-lubricated wire). Exact size match (#12); THHN solid assumed as in earlier chunks",# 12 L2@7.00 KLF 173.00 326.00 499.00,item,#12 6.00 7.50 9.00 M,item
29,1 EMT 3#6,ENS95A3E880EC1C39414,18,"EMT conduit in concealed areas, walls and closed ceilings 1"" || raw: 1"" L1@4.25 CLF 125.00 198.00 323.00",125.00,4.25,CLF,202,Electrical Metallic Tubing (EMT): 1-inch || raw: 1-inch 5.50 6.80 8.20 C,5.50,C,medium,"Dupuis conduit spec ""1 3c6"" = 1"" EMT with 3 x #6 conductors (conduits-spec.csv: 12 occurrences, 85,501.8 px total length); EE ensemble ENS95A3E880EC1C39414 ""conduit 1 03c06"" (key 19PE1 #06). NE 2025 p450 1"" EMT conduit assemblies cover #14/#12/#10 only (e.g. raw ""3 #10THHN, solid L1@7.73 CLF 213.00 360.00 573.00"") - no #6 assembly. Row 1/2 = conduit per 100 ft, priced as raceway + wire separately. NE raw p18 (concealed areas, walls and closed ceilings): ""1"" L1@4.25 CLF 125.00 198.00 323.00"" (alts same page: in floor slab / trapeze ""1"" L1@4.00 CLF 125.00 186.00 311.00"", exposed ""1"" L1@4.50 CLF 125.00 210.00 335.00""). NECA raw p202 (26 05 33 EMT): ""1-inch 5.50 6.80 8.20 C"" (note: add 10% for colored conduit; fittings extra: ""EMT Set Screw Box Connectors 1-inch 0.12 0.15 0.18 E"", ""EMT Set Screw Couplings 1-inch 0.06 0.07 0.08 E"" p202). Medium: installation condition not on label. Same conduit lines as 1 EMT 7#10 (chunk-26) and 1 EMT 11#12 (chunk-27)","1"" L1@4.25 CLF 125.00 198.00 323.00",item,1-inch 5.50 6.80 8.20 C,item
29,1 EMT 3#6,ENS95A3E880EC1C39414,95,"Copper Building Wire: Type THHN 600 volt stranded copper building wire # 6 || raw: # 6 L2@10.0 KLF 607.00 466.00 1,073.00",607.00,10.0,KLF,150,600 Volt Bldg Wire-1/C-Copper Type THHN & THWN: #6 || raw: #6 11.00 13.75 16.50 M,11.00,M,high,"Companion row 2/2: wire per 1000 ft, x 3 conductors, to add to the 1"" EMT raceway row. NE raw p95 ""# 6 L2@10.0 KLF 607.00 466.00 1,073.00"" (THHN stranded, crew L2 - NE lists #6 in stranded only; = 1.00 h and 60.70 USD per 100 ft per conductor -> 3.00 h and 182.10 USD per 100 ft for 3; THW alt p94 ""# 6 L2@10.0 KLF 942.00 466.00 1,408.00"", XHHW alt p95 ""# 6 L2@10.0 KLF 1,050.00 466.00 1,516.00""). NECA raw p150 ""#6 11.00 13.75 16.50 M"" = 1.10 h per 100 ft per conductor -> 3.30 h for 3 (note p150: reduce labor 10% with factory-lubricated wire). Exact size match (#6)","# 6 L2@10.0 KLF 607.00 466.00 1,073.00",item,#6 11.00 13.75 16.50 M,item
29,B TV,,,none,,,,383,Work Area Terminations: Type F Modular Jack || raw: Type F Modular Jack 0.20 0.25 0.30 E,0.20,E,medium,"Dupuis dictionnaire: ""B TV"" = sortie television, variante B, telecom_donnees BASSE_TENSION_COMM (19 occ / 9 projets; etiquettes.csv 11 marks / 5 projects). Prefix B (circuit/series letter) carries no spec -> same device as TV (chunk-4) and SORTIE TV (chunk-12). NE 2025 has no TV/coax wall outlet line (only coax cable per KLF p527 e.g. ""6/U 18 AWG, solid L2@7.00 KLF 594.00 326.00 920.00""; telephone plates only p264) -> none. NECA raw p383 (27 15 00 Work Area Terminations): ""Type F Modular Jack 0.20 0.25 0.30 E"" + ""1 Gang Face Plate 0.10 0.13 0.15 E"" same page = 0.30 h (alt p382 ""Coax Type F Connector 0.20 0.25 0.30 E"", p320 ""Telephone TV & Blank Cover Plates 12.00 15.00 18.00 C""). Box, RG6 cable (p379 ""RG 6/U 8.00 10.00 12.00 M"" in conduit) and head-end not included. Device exact, cable type unknown -> medium",,,Type F Modular Jack 0.20 0.25 0.30 E,item
29,1 EMT 3#8,ENS4087D7CC105E611F1,18,"EMT conduit in concealed areas, walls and closed ceilings 1"" || raw: 1"" L1@4.25 CLF 125.00 198.00 323.00",125.00,4.25,CLF,202,Electrical Metallic Tubing (EMT): 1-inch || raw: 1-inch 5.50 6.80 8.20 C,5.50,C,medium,"Dupuis conduit spec ""1 3c8"" = 1"" EMT with 3 x #8 conductors (conduits-spec.csv: 11 occurrences, 55,889.1 px total length); EE ensemble ENS4087D7CC105E611F1 ""conduit 1 03c08"" (key 19PE1 #08). NE 2025 p450 1"" EMT conduit assemblies cover #14/#12/#10 only - no #8 assembly. Row 1/2 = conduit per 100 ft, priced as raceway + wire separately. NE raw p18 (concealed areas, walls and closed ceilings): ""1"" L1@4.25 CLF 125.00 198.00 323.00"" (alts same page: in floor slab / trapeze ""1"" L1@4.00 CLF 125.00 186.00 311.00"", exposed ""1"" L1@4.50 CLF 125.00 210.00 335.00""). NECA raw p202 (26 05 33 EMT): ""1-inch 5.50 6.80 8.20 C"" (note: add 10% for colored conduit; fittings extra as in 1 EMT 3#6 row). Medium: installation condition not on label. Same conduit lines as 1 EMT 3#6 (this chunk)","1"" L1@4.25 CLF 125.00 198.00 323.00",item,1-inch 5.50 6.80 8.20 C,item
29,1 EMT 3#8,ENS4087D7CC105E611F1,95,Copper Building Wire: Type THHN 600 volt stranded copper building wire # 8 || raw: # 8 L2@9.00 KLF 408.00 419.00 827.00,408.00,9.00,KLF,150,600 Volt Bldg Wire-1/C-Copper Type THHN & THWN: #8 || raw: #8 9.00 11.25 13.50 M,9.00,M,high,"Companion row 2/2: wire per 1000 ft, x 3 conductors, to add to the 1"" EMT raceway row. NE raw p95 ""# 8 L2@9.00 KLF 408.00 419.00 827.00"" (THHN stranded, crew L2 - NE lists #8 in stranded only; = 0.90 h and 40.80 USD per 100 ft per conductor -> 2.70 h and 122.40 USD per 100 ft for 3; THW alt p94 ""# 8 L2@9.00 KLF 800.00 419.00 1,219.00"", XHHW alt p95 ""# 8 L2@9.00 KLF 987.00 419.00 1,406.00""). NECA raw p150 ""#8 9.00 11.25 13.50 M"" = 0.90 h per 100 ft per conductor -> 2.70 h for 3 (note p150: reduce labor 10% with factory-lubricated wire). Exact size match (#8)",# 8 L2@9.00 KLF 408.00 419.00 827.00,item,#8 9.00 11.25 13.50 M,item
29,2 EMT 31#10,ENS09B0131412312115B,18,"EMT conduit in concealed areas, walls and closed ceilings 2"" || raw: 2"" L1@8.00 CLF 285.00 373.00 658.00",285.00,8.00,CLF,202,Electrical Metallic Tubing (EMT): 2-inch || raw: 2-inch 8.00 10.00 12.00 C,8.00,C,medium,"Dupuis conduit spec ""2 31c10"" = 2"" EMT with 31 x #10 conductors (conduits-spec.csv: 11 occurrences, 39,497.3 px total length); EE ensemble ENS09B0131412312115B ""conduit 2 31c10"" (key 19PE2 #10). NE 2025 has no 2"" EMT conduit assemblies (p448-451 cover 1/2"" to 1-1/4"" only). Row 1/2 = conduit per 100 ft, priced as raceway + wire separately. NE raw p18 (concealed areas, walls and closed ceilings): ""2"" L1@8.00 CLF 285.00 373.00 658.00"" (alts same page: in floor slab / trapeze ""2"" L1@7.00 CLF 285.00 326.00 611.00"", exposed ""2"" L1@10.0 CLF 285.00 466.00 751.00""). NECA raw p202 (26 05 33 EMT): ""2-inch 8.00 10.00 12.00 C"" (note: add 10% for colored conduit; fittings extra as in 2 EMT 35#12 row). Medium: installation condition not on label. Same conduit lines as 2 EMT 35#12 (this chunk)","2"" L1@8.00 CLF 285.00 373.00 658.00",item,2-inch 8.00 10.00 12.00 C,item
29,2 EMT 31#10,ENS09B0131412312115B,94,Copper Building Wire: Type THHN 600 volt solid copper building wire # 10 || raw: # 10 L2@8.00 KLF 264.00 373.00 637.00,264.00,8.00,KLF,150,600 Volt Bldg Wire-1/C-Copper Type THHN & THWN: #10 || raw: #10 7.00 8.75 10.50 M,7.00,M,high,"Companion row 2/2: wire per 1000 ft, x 31 conductors, to add to the 2"" EMT raceway row. NE raw p94 ""# 10 L2@8.00 KLF 264.00 373.00 637.00"" (THHN solid, crew L2; = 0.80 h and 26.40 USD per 100 ft per conductor -> 24.80 h and 818.40 USD per 100 ft for 31; stranded alt p95 ""# 10 L2@8.00 KLF 209.00 373.00 582.00""). NECA raw p150 ""#10 7.00 8.75 10.50 M"" = 0.70 h per 100 ft per conductor -> 21.70 h for 31 (note p150: reduce labor 10% with factory-lubricated wire). Exact size match (#10); THHN solid assumed as in 1 EMT 7#10 (chunk-26)",# 10 L2@8.00 KLF 264.00 373.00 637.00,item,#10 7.00 8.75 10.50 M,item
29,HUM,,,none,,,,276,Power Connections to Equipment Installed By Others - Copper 600 Volt Conduit: 20 Amp Circuits #12 & #10 || raw: 20 Amp Circuits #12 & #10 0.25 0.30 0.36 E,0.25,E,low,"Dupuis dictionnaire: ""HUM"" = humidificateur (raccordement electrique), categorie autre, BT (17 occ / 11 projets; etiquettes.csv HUM 10 marks / 7 projects). Scope = final power connection of a humidifier supplied and set by the mechanical trade. NE 2025 has no humidifier hookup line (grep humid -> only p380 ""Humidistat L1@1.00 Ea 16.40 46.60 63.00"" = the control, not the humidifier; not selected) -> none. NECA 2022 likewise has no humidifier line (grep humid -> p74 23 09 00 ""Humidistat 120 Volt Up to 20 Amp 1.00 1.25 1.50 E"", p73 humidity sensors = controls only); closest p276 (26 05 83 Wiring Connections) by circuit size, raw floor ""20 Amp Circuits #12 & #10 0.25 0.30 0.36 E"" (next ""50 Amp Circuits #8 0.30 0.37 0.45 E"") -> low: circuit size, voltage and whether the humidistat/control wiring is in the electrical contract are not on the label. Add NE p380 Humidistat / NECA p74 Humidistat lines if the control is included. Disconnect, conduit and wire priced separately",,,20 Amp Circuits #12 & #10 0.25 0.30 0.36 E,item
29,CABLE CHAUFFANT,,,none,,,,79,Heat Tape and Accessories: Self Regulating Heat Tape || raw: Self Regulating Heat Tape 2.50 4.00 6.00 C,2.50,C,low,"Dupuis dictionnaire: ""CABLE CHAUFFANT"" = cable chauffant (tracage/deglacage), chauffage, BT (17 occ / 10 projets; etiquettes.csv CABLE CHAUFFANT 8 marks / 5 projects + Cable Chauffant 2 / 1). NE 2025 has no heat-trace / heating cable line (grep heat cable|heat trace|heat tape|snow|de-ic -> 0; ""heating"" hits are duct/unit heater hookups only) -> none. NECA raw p79 (23 83 00 Radiant Heating): ""Self Regulating Heat Tape 2.50 4.00 6.00 C"" = 2.50 h per 100 ft, the usual pipe-tracing / de-icing product; alt same page constant-wattage ""One Conductor 600 Volt Heating Cable"" by W/ft: ""2 Watt/Foot Plastic Jacket 2.00 2.50 3.00 C"", ""5 Watt/Foot Plastic Jacket 2.20 2.75 3.30 C"", ""7 Watt/Foot Plastic Jacket 2.40 3.00 3.60 C"", ""10 Watt/Foot Plastic Jacket 2.60 3.25 3.90 C"", ""15 Watt/Foot Plastic Jacket 2.80 3.50 4.20 C"", ""20 Watt/Foot Plastic Jacket 3.00 3.75 4.50 C""; accessories p79 ""Power Connection Kit with J Box 0.75 1.00 1.25 E"", ""End Seal Kit 0.50 0.75 1.00 E"", ""Splice Kit 0.50 0.75 1.00 E"", ""Tee Kit 0.75 1.50 2.00 E"", ""Ordinary Area Thermostats 1.00 1.50 2.00 E""; snow-melting mats p425 (32 17 00) if slab/ramp application. Low: cable type (self-regulating vs constant wattage), W/ft and application (pipe/roof/slab) not on label; length is per plan",,,Self Regulating Heat Tape 2.50 4.00 6.00 C,item
30,3/4 EMT 6#12,ENS66D32ACE19F1BB320,449,"3/4"" EMT Conduit Assemblies: 100' 3/4"" EMT conduit, 2 set screw connectors, 9 set screw couplings and 9 one-hole straps 6 #12THHN, solid || raw: 6 #12THHN, solid L1@8.72 CLF 184.00 406.00 590.00",184.00,8.72,CLF,202,Electrical Metallic Tubing (EMT): 3/4-inch || raw: 3/4-inch 5.00 6.20 7.50 C,5.00,C,high,"Dupuis conduit spec ""3/4 6c12"" = 3/4 in EMT with 6 x #12 conductors (conduits-spec.csv: 10 occurrences, 25,750.1 px total length); EE ensemble ENS66D32ACE19F1BB320 ""conduit 3/4 06c12"" (key 19PE0.75 #12). Exact match. NE raw p449 (conduit assemblies, per 100 ft incl. 2 connectors, 9 couplings, 9 straps, 6 wires): ""6 #12THHN, solid L1@8.72 CLF 184.00 406.00 590.00"" (stranded alt same page ""6 #12THHN, stranded L1@8.72 CLF 164.00 406.00 570.00""). NECA prices raceway and wire separately: raw p202 (26 05 33 EMT, note: add 10% for colored conduit) ""3/4-inch 5.00 6.20 7.50 C"" = 5.00 h per 100 ft; fittings extra same page ""EMT Set Screw Box Connectors 3/4-inch 0.10 0.12 0.15 E"", ""EMT Set Screw Couplings 3/4-inch 0.05 0.06 0.07 E""; wire in companion row (NECA total 8.60 h per 100 ft). Same method as 1/2 EMT 5#12 (chunk-19) and 3/4 EMT 5#12 (chunk earlier).","6 #12THHN, solid L1@8.72 CLF 184.00 406.00 590.00",item,3/4-inch 5.00 6.20 7.50 C,item
30,3/4 EMT 6#12,ENS66D32ACE19F1BB320,,none,,,,150,600 Volt Bldg Wire-1/C-Copper Type THHN & THWN: #12 || raw: #12 6.00 7.50 9.00 M,6.00,M,high,"Companion row: NECA #12 THHN/THWN copper 6.00 h per 1000 ft (p150), x 6 conductors = 3.60 h per 100 ft, to add to EMT 3/4-inch 5.00 h/100 ft (p202). Note p150: reduce labor 10% with factory-lubricated wire. NE side already bundled in the p449 assembly line -> none here",,,#12 6.00 7.50 9.00 M,item
30,2 EMT 27#10,ENSEA79F6F3189190E81,18,"EMT conduit in concealed areas, walls and closed ceilings 2"" || raw: 2"" L1@8.00 CLF 285.00 373.00 658.00",285.00,8.00,CLF,202,Electrical Metallic Tubing (EMT): 2-inch || raw: 2-inch 8.00 10.00 12.00 C,8.00,C,medium,"Dupuis conduit spec ""2 27c10"" = 2"" EMT with 27 x #10 conductors (conduits-spec.csv: 10 occurrences, 31,083.9 px total length); EE ensemble ENSEA79F6F3189190E81 ""conduit 2 27c10"" (key 19PE2 #10). NE 2025 conduit assemblies (p448-451) cover 1/2"" to 1-1/4"" with #14/#12/#10 only, 1 to 6 wires - no assembly for this spec. Row 1/2 = conduit per 100 ft, priced as raceway + wire separately. NE raw p18 (concealed areas, walls and closed ceilings): ""2"" L1@8.00 CLF 285.00 373.00 658.00"" (alts same page: in floor slab / trapeze ""2"" L1@7.00 CLF 285.00 326.00 611.00"", exposed ""2"" L1@10.0 CLF 285.00 466.00 751.00""). NECA raw p202 (26 05 33 EMT): ""2-inch 8.00 10.00 12.00 C"" (note: add 10% for colored conduit; fittings extra: ""EMT Set Screw Box Connectors 2-inch 0.25 0.31 0.37 E"", ""EMT Set Screw Couplings 2-inch 0.12 0.14 0.16 E"", ""Field Bending EMT Conduit 2-inch 1.00 1.24 1.50 E"" p202). Totals per 100 ft with 27 conductors (see companion row): NE 29.60 h and 997.80 USD; NECA 26.90 h. Medium: sizes exact but both books are a sum of two tables rather than one assembly line; installation condition (concealed vs exposed vs slab) not on label; couplings, connectors, straps, boxes, terminations not included.","2"" L1@8.00 CLF 285.00 373.00 658.00",item,2-inch 8.00 10.00 12.00 C,item
30,2 EMT 27#10,ENSEA79F6F3189190E81,94,Copper Building Wire: Type THHN 600 volt solid copper building wire # 10 || raw: # 10 L2@8.00 KLF 264.00 373.00 637.00,264.00,8.00,KLF,150,600 Volt Bldg Wire-1/C-Copper Type THHN & THWN: #10 || raw: #10 7.00 8.75 10.50 M,7.00,M,high,"Companion row 2/2: wire per 1000 ft, x 27 conductors, to add to the 2"" EMT raceway row. NE raw p94 ""# 10 L2@8.00 KLF 264.00 373.00 637.00"" (THHN solid, crew L2; = 0.80 h and 26.40 USD per 100 ft per conductor -> 21.60 h and 712.80 USD per 100 ft for 27; THW/XHHW alts same pages). NECA raw p150 ""#10 7.00 8.75 10.50 M"" = 0.70 h per 100 ft per conductor -> 18.90 h for 27 (note p150: reduce labor 10% with factory-lubricated wire). Exact size match (#10); THHN solid as in earlier chunks",# 10 L2@8.00 KLF 264.00 373.00 637.00,item,#10 7.00 8.75 10.50 M,item
30,FIXT TYPE S5,,,none,,,,,none,,,none,"Plan legend type code only (Dupuis dictionnaire: luminaire type S5 (selon legende), luminaire, BT, 17 occ / 9 projets; etiquettes.csv FIXT TYPE S5 9 marks / 5 projects, plus ""FIXT TYPE S5  11"" 6 / 1 and ""FIXT TYPE S5 10"" 2 / 1) - no fixture spec (lamp/wattage/mount/size) on the label, so no National Estimator 2025 or NECA 2022 fixture line can be selected without inventing the type; needs the fixture schedule of each project (same treatment as FIXT TYPE S4 chunk-28 and FIXT TYPE A/B/C/D/E/K/L1... in chunks 0-11)",,,,
30,2 EMT 4#3,ENSACCF77E917D10EFA1,18,"EMT conduit in concealed areas, walls and closed ceilings 2"" || raw: 2"" L1@8.00 CLF 285.00 373.00 658.00",285.00,8.00,CLF,202,Electrical Metallic Tubing (EMT): 2-inch || raw: 2-inch 8.00 10.00 12.00 C,8.00,C,low,"Dupuis conduit spec ""2 4c3"" (conduits-spec.csv: 9 occurrences, 34,502.2 px total length). WARNING - conductor size conflict: family label / conduits-spec.csv ""2 4c3"" reads as 4 x #3, but the EE ensemble ENSACCF77E917D10EFA1 is named ""conduit 2 4c3/0"" with key ""19PE2 # 000"" = 4 x 3/0 AWG. 3/0 is the physically plausible reading (4 x 3/0 THHN in 2"" EMT is a normal 200 A feeder fill; 4 x #3 in 2"" EMT would be a grossly oversized raceway, 1-1/4"" suffices) -> verify on the plans; both readings priced in the companion row -> low. Row 1/2 = 2"" EMT conduit per 100 ft (independent of conductor size). NE raw p18 (concealed areas, walls and closed ceilings): ""2"" L1@8.00 CLF 285.00 373.00 658.00"" (alts same page: in floor slab / trapeze ""2"" L1@7.00 CLF 285.00 326.00 611.00"", exposed ""2"" L1@10.0 CLF 285.00 466.00 751.00""). NECA raw p202 (26 05 33 EMT): ""2-inch 8.00 10.00 12.00 C"" (note: add 10% for colored conduit; fittings extra: ""EMT Set Screw Box Connectors 2-inch 0.25 0.31 0.37 E"", ""EMT Set Screw Couplings 2-inch 0.12 0.14 0.16 E"", ""Field Bending EMT Conduit 2-inch 1.00 1.24 1.50 E"" p202). Totals per 100 ft with 4 conductors (see companion row): if #3 -> NE conduit only 8.00 h and 285.00 USD (no NE #3 line) / NECA 14.00 h; if 3/0 -> NE 14.80 h and 1,949.00 USD / NECA 18.40 h. Couplings, connectors, straps, boxes, terminations not included","2"" L1@8.00 CLF 285.00 373.00 658.00",item,2-inch 8.00 10.00 12.00 C,item
30,2 EMT 4#3,ENSACCF77E917D10EFA1,,none,,,,150,600 Volt Bldg Wire-1/C-Copper Type THHN & THWN: #3 || raw: #3 15.00 18.75 22.50 M,15.00,M,low,"Companion row 2/2: wire per 1000 ft, x 4 conductors, to add to the 2"" EMT raceway row. NE 2025 has NO #3 building wire line (p94-95 THW/THHN/XHHW go # 6, # 4, # 2, # 1 - verified in the PDF text, no ""# 3"" on p94-95) -> none for #3 as labelled. NECA raw p150 ""#3 15.00 18.75 22.50 M"" = 1.50 h per 100 ft per conductor -> 6.00 h for 4 (note p150: reduce labor 10% with factory-lubricated wire). If the EE ensemble reading (4 x 3/0, see raceway row) is confirmed: NE raw p95 ""# 3/0 L3@17.0 KLF 4,160.00 792.00 4,952.00"" (THHN stranded, crew L3; = 1.70 h and 416.00 USD per 100 ft per conductor -> 6.80 h and 1,664.00 USD for 4; THW alt p94 ""# 3/0 L3@17.0 KLF 5,630.00 792.00 6,422.00""); NECA raw p150 ""3/0 26.00 32.50 39.00 M"" = 2.60 h per 100 ft per conductor -> 10.40 h for 4. Low until the conductor size is confirmed on the plans",,,#3 15.00 18.75 22.50 M,item
30,2 EMT 39#12,ENSC44FBFD5B2C4EB148,18,"EMT conduit in concealed areas, walls and closed ceilings 2"" || raw: 2"" L1@8.00 CLF 285.00 373.00 658.00",285.00,8.00,CLF,202,Electrical Metallic Tubing (EMT): 2-inch || raw: 2-inch 8.00 10.00 12.00 C,8.00,C,medium,"Dupuis conduit spec ""2 39c12"" = 2"" EMT with 39 x #12 conductors (conduits-spec.csv: 9 occurrences, 15,125.6 px total length); EE ensemble ENSC44FBFD5B2C4EB148 ""conduit 2 39c12"" (key 19PE2 #12). NE 2025 conduit assemblies (p448-451) cover 1/2"" to 1-1/4"" with #14/#12/#10 only, 1 to 6 wires - no assembly for this spec. Row 1/2 = conduit per 100 ft, priced as raceway + wire separately. NE raw p18 (concealed areas, walls and closed ceilings): ""2"" L1@8.00 CLF 285.00 373.00 658.00"" (alts same page: in floor slab / trapeze ""2"" L1@7.00 CLF 285.00 326.00 611.00"", exposed ""2"" L1@10.0 CLF 285.00 466.00 751.00""). NECA raw p202 (26 05 33 EMT): ""2-inch 8.00 10.00 12.00 C"" (note: add 10% for colored conduit; fittings extra: ""EMT Set Screw Box Connectors 2-inch 0.25 0.31 0.37 E"", ""EMT Set Screw Couplings 2-inch 0.12 0.14 0.16 E"", ""Field Bending EMT Conduit 2-inch 1.00 1.24 1.50 E"" p202). Totals per 100 ft with 39 conductors (see companion row): NE 35.30 h and 959.70 USD; NECA 31.40 h. Medium: sizes exact but both books are a sum of two tables rather than one assembly line; installation condition (concealed vs exposed vs slab) not on label; couplings, connectors, straps, boxes, terminations not included.","2"" L1@8.00 CLF 285.00 373.00 658.00",item,2-inch 8.00 10.00 12.00 C,item
30,2 EMT 39#12,ENSC44FBFD5B2C4EB148,94,Copper Building Wire: Type THHN 600 volt solid copper building wire # 12 || raw: # 12 L2@7.00 KLF 173.00 326.00 499.00,173.00,7.00,KLF,150,600 Volt Bldg Wire-1/C-Copper Type THHN & THWN: #12 || raw: #12 6.00 7.50 9.00 M,6.00,M,high,"Companion row 2/2: wire per 1000 ft, x 39 conductors, to add to the 2"" EMT raceway row. NE raw p94 ""# 12 L2@7.00 KLF 173.00 326.00 499.00"" (THHN solid, crew L2; = 0.70 h and 17.30 USD per 100 ft per conductor -> 27.30 h and 674.70 USD per 100 ft for 39; THW/XHHW alts same pages). NECA raw p150 ""#12 6.00 7.50 9.00 M"" = 0.60 h per 100 ft per conductor -> 23.40 h for 39 (note p150: reduce labor 10% with factory-lubricated wire). Exact size match (#12); THHN solid as in earlier chunks",# 12 L2@7.00 KLF 173.00 326.00 499.00,item,#12 6.00 7.50 9.00 M,item
30,30A 600V F,,281,600 Volt Heavy Duty Safety Switches: NEMA 1 heavy duty fusible 600 volt safety switches 3P 30A || raw: 3P 30A L1@0.50 Ea 492.00 23.30 515.30,492.00,0.50,Ea,323,"Disconnect Safety Switches - Fused 3-Pole (NEMA 1; book note: for NEMA 3R add 10%, stainless add 20%): 30 Amp || raw: 30 Amp 2.20 2.75 3.30 E",2.20,E,medium,"Dupuis 30A 600V F = sectionneur fusible 30A/600V, mecanique_moteur, BT (dictionnaire: 16 occ / 8 projets; categories.json note: ""F=fusible (contraste avec NF=non-fusible)""; etiquettes.csv 8 marks / 4 projects; related labels ""Disc Sw 30A 600V Fused"" 1, ""D/M COMB 30A 600V FPA"" 3). Fused counterpart of 30A 600V NF / DISCONN 30A 600V NF (chunk-28) - same conventions. Amperage, voltage and fusible match exactly; poles and enclosure not on label -> 3P NEMA 1 assumed (600 V class = heavy duty in NE) -> medium. NE raw p281: ""3P 30A L1@0.50 Ea 492.00 23.30 515.30""; alts: NEMA 3R p281 ""3P 30A L1@0.50 Ea 836.00 23.30 859.30"" (WP variant), NEMA 12 p282 ""3P 30A L1@0.50 Ea 878.00 23.30 901.30"", NEMA 4 p282 ""3P 30A L1@0.60 Ea 2,250.00 28.00 2,278.00""; bus-duct plug-in p357 ""30A, 3P, 600V L2@0.50 Ea 899.00 23.30 922.30"". NECA raw p323 (26 28 00 Fused 3-Pole): ""30 Amp 2.20 2.75 3.30 E"" (NECA does not split 240/600 V; 2-pole alt ""30 Amp 2.00 2.50 3.00 E"", 4-pole ""30 Amp 2.70 3.38 4.05 E"" p323). Fuses extra: NECA p322 ""Fuse Installation ... Cartridge 1 Amp to 100 Amp 0.04 0.05 0.06 E""; NE material excludes fuses. Switch only; feeder, terminations and mounting hardware not included",3P 30A L1@0.50 Ea 492.00 23.30 515.30,item,30 Amp 2.20 2.75 3.30 E,item
30,CONTACTEUR,,392,"AC Magnetic Contactors Without Overload Relays: NEMA 1 three pole AC magnetic contactors without overload relays Size 1 7.5 HP, 208V || raw: Size 1 7.5 HP, 208V L1@0.70 Ea 714.00 32.60 746.60",714.00,0.70,Ea,279,"Enclosed Lighting & Heating Contactors - NEMA 1 Enclosure up to 600 Volt AC (book note: NEMA 3R add 10%, stainless add 20%): 30 Amp 3 Pole || raw: 30 Amp 3 Pole 2.00 2.50 3.00 E",2.00,E,low,"Dupuis CONTACTEUR = contacteur (demarrage moteur), mecanique_moteur, BT (dictionnaire: 14 occ / 9 projets; etiquettes.csv CONTACTEUR 5 marks / 3 projects + contacteur 3 / 2; specified variants in the corpus are mostly LIGHTING contactors: ""CONTACTEUR 12 POLE 30A"" 4, ""CONTACTEUR ECL"" 3, ""CONTACTEUR 8 POLE 8903-L-G80"" 2 (Square D 8903L = lighting contactor), ""CONTACTEUR ECL 4POLE"" 2, ""CONTACTEUR 30A 208V 2POLE"" 1). Bare label gives no poles, amps, NEMA size, voltage, coil or enclosure -> low. Followed the dictionary (motor contactor) for NE: raw p392 (NEMA 1 three pole AC magnetic contactors without overload relays): ""Size 1 7.5 HP, 208V L1@0.70 Ea 714.00 32.60 746.60""; alts same page ""Size 0 3 HP, 208V L1@0.60 Ea 615.00 28.00 643.00"", ""Size 00 1.5 HP, 208V L1@0.60 Ea 501.00 28.00 529.00"", ""Size 2 10 HP, 208V L1@1.00 Ea 1,410.00 46.60 1,456.60""; two-pole p390 ""Size 1 2 HP, 115V L1@0.75 Ea 326.00 34.90 360.90""; NEMA 4 p392 ""Size 1 7.5 HP, 208V L1@1.50 Ea 1,410.00 69.90 1,479.90"". NE 2025 has no lighting-contactor price line (PDF grep ""lighting contactor"" -> p220 prose only). NECA has no enclosed motor-contactor table (only starters with overload, 26 29 00) -> raw p279 (26 09 00 Enclosed Lighting & Heating Contactors, NEMA 1, up to 600 V): ""30 Amp 3 Pole 2.00 2.50 3.00 E""; alts same table ""30 Amp 2 Pole 1.80 2.25 2.70 E"", ""30 Amp 4 Pole 2.20 2.75 3.30 E"", ""30 Amp 8 Pole 3.00 3.75 4.50 E"" (for the 8/12-pole ECL variants), ""60 Amp 3 Pole 3.20 4.00 4.80 E""; open contactor in an existing enclosure p281 ""Lighting Contactor up to 4 Pole 0.80 1.00 1.25 E"" (note: does not include enclosure). Contactor only; control wiring, pilot devices, branch circuit and motor connection not included (motor hookup = MOTEUR rows)","Size 1 7.5 HP, 208V L1@0.70 Ea 714.00 32.60 746.60",item,30 Amp 3 Pole 2.00 2.50 3.00 E,item
30,GSM,,,none,,,,409,Security Systems - Peripherals (28 16 00): Cellular Phone Link || raw: Cellular Phone Link 3.00 4.00 5.00 E,3.00,E,low,"Dupuis GSM = module de communication cellulaire (GSM), telecom_donnees, BASSE_TENSION_COMM (dictionnaire: 10 occ / 8 projets; categories.json note: ""Technologie cellulaire ; role precis (alarme/signal) incertain""; etiquettes.csv 8 marks / 6 projects). Read as one cellular communicator (alarm / fire-alarm signal transmitter); system it serves, antenna and power supply not on label -> low. NE 2025: no cellular / GSM / dialer / communicator line (PDF grep ""cellular"" -> p520 cellular flooring and index only) -> none. NECA raw p409 (Security Systems - Peripherals): ""Cellular Phone Link 3.00 4.00 5.00 E""; alts: same page ""Internet Communicator 1.50 2.00 2.25 E""; fire alarm p410 (Fire Alarm Control Panels Hardwired) ""Integrated Digital Communicator 1.00 1.25 1.50 E"" if the GSM is the fire-alarm panel communicator. Device only; back box, conduit, cable, antenna and 120 V supply not included",,,Cellular Phone Link 3.00 4.00 5.00 E,item
30,1 1/4 EMT 3#4,ENSC947E397BBFDF8035,18,"EMT conduit in concealed areas, walls and closed ceilings 1-1/4"" || raw: 1-1/4"" L1@5.00 CLF 189.00 233.00 422.00",189.00,5.00,CLF,202,Electrical Metallic Tubing (EMT): 1-1/4-inch || raw: 1 1/4-inch 6.20 7.80 9.30 C,6.20,C,medium,"Dupuis conduit spec ""1''1/4 3c4"" = 1-1/4"" EMT with 3 x #4 conductors (conduits-spec.csv: 8 occurrences, 27,395.8 px total length); EE ensemble ENSC947E397BBFDF8035 ""conduit 1''1/4 03c04"" (key 19PE1.25 #04). NE 2025 conduit assemblies (p448-451) cover 1/2"" to 1-1/4"" with #14/#12/#10 only, 1 to 6 wires - no assembly for this spec. Row 1/2 = conduit per 100 ft, priced as raceway + wire separately. NE raw p18 (concealed areas, walls and closed ceilings): ""1-1/4"" L1@5.00 CLF 189.00 233.00 422.00"" (alts same page: in floor slab / trapeze ""1-1/4"" L1@4.50 CLF 189.00 210.00 399.00"", exposed ""1-1/4"" L1@6.00 CLF 189.00 280.00 469.00""). NECA raw p202 (26 05 33 EMT): ""1 1/4-inch 6.20 7.80 9.30 C"" (note: add 10% for colored conduit; fittings extra: ""EMT Set Screw Box Connectors 1 1/4-inch 0.16 0.20 0.24 E"", ""EMT Set Screw Couplings 1 1/4-inch 0.08 0.09 0.10 E"", ""EMT Factory Elbows 1 1/4-inch 0.32 0.40 0.48 E"" p202). Totals per 100 ft with 3 conductors (see companion row): NE 8.60 h and 528.00 USD; NECA 10.10 h. Medium: sizes exact but both books are a sum of two tables rather than one assembly line; installation condition (concealed vs exposed vs slab) not on label; couplings, connectors, straps, boxes, terminations not included.","1-1/4"" L1@5.00 CLF 189.00 233.00 422.00",item,1 1/4-inch 6.20 7.80 9.30 C,item
30,1 1/4 EMT 3#4,ENSC947E397BBFDF8035,95,"Copper Building Wire: Type THHN 600 volt stranded copper building wire # 4 || raw: # 4 L2@12.0 KLF 1,130.00 559.00 1,689.00",1130.00,12.0,KLF,150,600 Volt Bldg Wire-1/C-Copper Type THHN & THWN: #4 || raw: #4 13.00 16.25 19.50 M,13.00,M,high,"Companion row 2/2: wire per 1000 ft, x 3 conductors, to add to the 1-1/4"" EMT raceway row. NE raw p95 ""# 4 L2@12.0 KLF 1,130.00 559.00 1,689.00"" (THHN stranded, crew L2; = 1.20 h and 113.00 USD per 100 ft per conductor -> 3.60 h and 339.00 USD per 100 ft for 3; THW/XHHW alts same pages). NECA raw p150 ""#4 13.00 16.25 19.50 M"" = 1.30 h per 100 ft per conductor -> 3.90 h for 3 (note p150: reduce labor 10% with factory-lubricated wire). Exact size match (#4); THHN stranded as in earlier chunks (NE 2025 lists #4 THHN in stranded only, p95)","# 4 L2@12.0 KLF 1,130.00 559.00 1,689.00",item,#4 13.00 16.25 19.50 M,item
30,1/2 EMT 6#12,ENS038655E0139123B21,448,"1/2"" EMT Conduit Assemblies: 100' 1/2"" EMT conduit, 2 set screw connectors, 9 set screw couplings and 9 one-hole straps 6 #12THHN, solid || raw: 6 #12THHN, solid L1@8.27 CLF 147.00 385.00 532.00",147.00,8.27,CLF,202,Electrical Metallic Tubing (EMT): 1/2-inch || raw: 1/2-inch 4.50 5.60 6.70 C,4.50,C,high,"Dupuis conduit spec ""1/2 6c12"" = 1/2 in EMT with 6 x #12 conductors (conduits-spec.csv: 8 occurrences, 57,238.6 px total length); EE ensemble ENS038655E0139123B21 ""conduit 1/2 06c12"" (key 19PE0.5 #12). Exact match. NE raw p448 (conduit assemblies, per 100 ft incl. 2 connectors, 9 couplings, 9 straps, 6 wires): ""6 #12THHN, solid L1@8.27 CLF 147.00 385.00 532.00"" (stranded alt same page ""6 #12THHN, stranded L1@8.27 CLF 127.00 385.00 512.00""). NECA prices raceway and wire separately: raw p202 (26 05 33 EMT, note: add 10% for colored conduit) ""1/2-inch 4.50 5.60 6.70 C"" = 4.50 h per 100 ft; fittings extra same page EMT Set Screw Box Connectors 1/2-inch 0.08 0.10 0.12 E; wire in companion row (NECA total 8.10 h per 100 ft). Same method as 1/2 EMT 5#12 (chunk-19) and 3/4 EMT 5#12 (chunk earlier). Note: 6 x #12 THHN in 1/2 in EMT is above the NEC Annex C fill (5 x #12 THHN max in 1/2"" EMT) although NE lists the assembly; verify project fill rules (CEC) - same caution as 1/2 EMT 5#12","6 #12THHN, solid L1@8.27 CLF 147.00 385.00 532.00",item,1/2-inch 4.50 5.60 6.70 C,item
30,1/2 EMT 6#12,ENS038655E0139123B21,,none,,,,150,600 Volt Bldg Wire-1/C-Copper Type THHN & THWN: #12 || raw: #12 6.00 7.50 9.00 M,6.00,M,high,"Companion row: NECA #12 THHN/THWN copper 6.00 h per 1000 ft (p150), x 6 conductors = 3.60 h per 100 ft, to add to EMT 1/2-inch 4.50 h/100 ft (p202). Note p150: reduce labor 10% with factory-lubricated wire. NE side already bundled in the p448 assembly line -> none here",,,#12 6.00 7.50 9.00 M,item
30,1 1/4 EMT 4#4,ENS77C38C36117947F09,18,"EMT conduit in concealed areas, walls and closed ceilings 1-1/4"" || raw: 1-1/4"" L1@5.00 CLF 189.00 233.00 422.00",189.00,5.00,CLF,202,Electrical Metallic Tubing (EMT): 1-1/4-inch || raw: 1 1/4-inch 6.20 7.80 9.30 C,6.20,C,medium,"Dupuis conduit spec ""1''1/4 4c4"" = 1-1/4"" EMT with 4 x #4 conductors (conduits-spec.csv: 8 occurrences, 38,702.0 px total length); EE ensemble ENS77C38C36117947F09 ""conduit 1''1/4 04c04"" (key 19PE1.25 #04). NE 2025 conduit assemblies (p448-451) cover 1/2"" to 1-1/4"" with #14/#12/#10 only, 1 to 6 wires - no assembly for this spec. Row 1/2 = conduit per 100 ft, priced as raceway + wire separately. NE raw p18 (concealed areas, walls and closed ceilings): ""1-1/4"" L1@5.00 CLF 189.00 233.00 422.00"" (alts same page: in floor slab / trapeze ""1-1/4"" L1@4.50 CLF 189.00 210.00 399.00"", exposed ""1-1/4"" L1@6.00 CLF 189.00 280.00 469.00""). NECA raw p202 (26 05 33 EMT): ""1 1/4-inch 6.20 7.80 9.30 C"" (note: add 10% for colored conduit; fittings extra: ""EMT Set Screw Box Connectors 1 1/4-inch 0.16 0.20 0.24 E"", ""EMT Set Screw Couplings 1 1/4-inch 0.08 0.09 0.10 E"", ""EMT Factory Elbows 1 1/4-inch 0.32 0.40 0.48 E"" p202). Totals per 100 ft with 4 conductors (see companion row): NE 9.80 h and 641.00 USD; NECA 11.40 h. Medium: sizes exact but both books are a sum of two tables rather than one assembly line; installation condition (concealed vs exposed vs slab) not on label; couplings, connectors, straps, boxes, terminations not included.","1-1/4"" L1@5.00 CLF 189.00 233.00 422.00",item,1 1/4-inch 6.20 7.80 9.30 C,item
30,1 1/4 EMT 4#4,ENS77C38C36117947F09,95,"Copper Building Wire: Type THHN 600 volt stranded copper building wire # 4 || raw: # 4 L2@12.0 KLF 1,130.00 559.00 1,689.00",1130.00,12.0,KLF,150,600 Volt Bldg Wire-1/C-Copper Type THHN & THWN: #4 || raw: #4 13.00 16.25 19.50 M,13.00,M,high,"Companion row 2/2: wire per 1000 ft, x 4 conductors, to add to the 1-1/4"" EMT raceway row. NE raw p95 ""# 4 L2@12.0 KLF 1,130.00 559.00 1,689.00"" (THHN stranded, crew L2; = 1.20 h and 113.00 USD per 100 ft per conductor -> 4.80 h and 452.00 USD per 100 ft for 4; THW/XHHW alts same pages). NECA raw p150 ""#4 13.00 16.25 19.50 M"" = 1.30 h per 100 ft per conductor -> 5.20 h for 4 (note p150: reduce labor 10% with factory-lubricated wire). Exact size match (#4); THHN stranded as in earlier chunks (NE 2025 lists #4 THHN in stranded only, p95)","# 4 L2@12.0 KLF 1,130.00 559.00 1,689.00",item,#4 13.00 16.25 19.50 M,item
30,1 1/4 EMT 22#12,ENS8A7F3AB9191B71281,18,"EMT conduit in concealed areas, walls and closed ceilings 1-1/4"" || raw: 1-1/4"" L1@5.00 CLF 189.00 233.00 422.00",189.00,5.00,CLF,202,Electrical Metallic Tubing (EMT): 1-1/4-inch || raw: 1 1/4-inch 6.20 7.80 9.30 C,6.20,C,medium,"Dupuis conduit spec ""1''1/4 22c12"" = 1-1/4"" EMT with 22 x #12 conductors (conduits-spec.csv: 8 occurrences, 21,420.0 px total length); EE ensemble ENS8A7F3AB9191B71281 ""conduit 1''1/4 22c12"" (key 19PE1.25 #12). NE 2025 conduit assemblies (p448-451) cover 1/2"" to 1-1/4"" with #14/#12/#10 only, 1 to 6 wires - no assembly for this spec. Row 1/2 = conduit per 100 ft, priced as raceway + wire separately. NE raw p18 (concealed areas, walls and closed ceilings): ""1-1/4"" L1@5.00 CLF 189.00 233.00 422.00"" (alts same page: in floor slab / trapeze ""1-1/4"" L1@4.50 CLF 189.00 210.00 399.00"", exposed ""1-1/4"" L1@6.00 CLF 189.00 280.00 469.00""). NECA raw p202 (26 05 33 EMT): ""1 1/4-inch 6.20 7.80 9.30 C"" (note: add 10% for colored conduit; fittings extra: ""EMT Set Screw Box Connectors 1 1/4-inch 0.16 0.20 0.24 E"", ""EMT Set Screw Couplings 1 1/4-inch 0.08 0.09 0.10 E"", ""EMT Factory Elbows 1 1/4-inch 0.32 0.40 0.48 E"" p202). Totals per 100 ft with 22 conductors (see companion row): NE 20.40 h and 569.60 USD; NECA 19.40 h. Medium: sizes exact but both books are a sum of two tables rather than one assembly line; installation condition (concealed vs exposed vs slab) not on label; couplings, connectors, straps, boxes, terminations not included.","1-1/4"" L1@5.00 CLF 189.00 233.00 422.00",item,1 1/4-inch 6.20 7.80 9.30 C,item
30,1 1/4 EMT 22#12,ENS8A7F3AB9191B71281,94,Copper Building Wire: Type THHN 600 volt solid copper building wire # 12 || raw: # 12 L2@7.00 KLF 173.00 326.00 499.00,173.00,7.00,KLF,150,600 Volt Bldg Wire-1/C-Copper Type THHN & THWN: #12 || raw: #12 6.00 7.50 9.00 M,6.00,M,high,"Companion row 2/2: wire per 1000 ft, x 22 conductors, to add to the 1-1/4"" EMT raceway row. NE raw p94 ""# 12 L2@7.00 KLF 173.00 326.00 499.00"" (THHN solid, crew L2; = 0.70 h and 17.30 USD per 100 ft per conductor -> 15.40 h and 380.60 USD per 100 ft for 22; THW/XHHW alts same pages). NECA raw p150 ""#12 6.00 7.50 9.00 M"" = 0.60 h per 100 ft per conductor -> 13.20 h for 22 (note p150: reduce labor 10% with factory-lubricated wire). Exact size match (#12); THHN solid as in earlier chunks",# 12 L2@7.00 KLF 173.00 326.00 499.00,item,#12 6.00 7.50 9.00 M,item
31,PANN ALARME,,,none,,,,410,Fire Detection and Alarm (28 46 00) - Addressable Control Panels - Modules Mounted in Control Panel: Addressable Control Panel - Main Board X || raw: Addressable Control Panel - Main Board X 4.00 5.00 6.00 E,4.00,E,medium,"Dupuis dictionnaire: ""PANN ALARME"" = panneau de controle d alarme incendie (FACP), securite_incendie, BT (14 occ / 14 projets; etiquettes.csv 7 marks / 7 projects + ""PANN ALARME INCENDIE"" 1). NE 2025 has no fire-alarm control panel line: PDF grep ""fire alarm"" -> prose only (p270 fire alarm breaker, p367 smoke detector intro, p546 index); p372 Detectors are 120 V stand-alone devices -> none. NECA raw p410 (28 46 00): ""Addressable Control Panel - Main Board X 4.00 5.00 6.00 E"" (main board / cabinet only; hardwired alt same page ""Fire Alarm Control Panels Hardwired - Up to 8 Zones 4.00 5.00 6.00 E"" = identical hours, so the addressable/conventional choice does not change the labor). Modules mounted in the panel are extra, same table p410: ""Power Supply 6 Amps 2.00 2.50 3.00 E"", ""LCD Annunciator / Keypad 2.00 2.50 3.00 E"", ""Relay Module 0.90 1.15 1.35 E"", ""4 Circuit Signal Module 0.90 1.15 1.35 E"", ""Addressable Modules 1.00 1.25 1.50 E"", ""Amplifier 2.00 2.50 3.00 E"", ""Voice Telephone Command 2.00 2.50 3.00 E"", ""Integrated Digital Communicator 1.00 1.25 1.50 E"". Medium: function exact, but panel size (loops, voice, modules) not on label -> add modules from the project FA riser; programming/commissioning by the FA vendor not included",,,Addressable Control Panel - Main Board X 4.00 5.00 6.00 E,item
31,ONDULATEUR,,,none,,,,343,Battery Equipment (26 33 00) - Uninterruptible Power Supply Up to 600 Volt Self Contained: 1.0 KVA || raw: 1.0 KVA 4.00 5.00 6.00 E,4.00,E,low,"Dupuis dictionnaire: ""ONDULATEUR"" = onduleur / UPS (alimentation sans interruption), distribution, BT (14 occ / 8 projets; etiquettes.csv 7 marks / 4 projects). NE 2025 has no UPS line (PDF grep ""UPS"" -> p17 abbreviation only; ""uninterrupt"" -> prose p366 listing signal systems) -> none. NECA 2022 prices UPS strictly by kVA and the label carries none; the 1.0 KVA floor of the self-contained table is given only as a reference: raw p343 ""1.0 KVA 4.00 5.00 6.00 E"" (same table ""1.5 KVA 4.50 5.63 6.75 E"", ""2 KVA 5.00 6.25 7.50 E"", ""3.0 KVA 7.00 8.75 10.50 E"", ""5.0 KVA 8.00 10.00 12.00 E"", ""10 KVA 12.00 15.00 18.00 E"", ""15 KVA 16.00 20.00 24.00 E"", ""20 KVA 20.00 25.00 30.00 E"", ""30.0 KVA 26.00 32.50 39.00 E""; plug-in desktop/rack units instead: ""UPS Systems - Single Phase 120V: Up to 650 VA 1.25 1.56 1.88 E"", ""Up to 3000 VA 1.30 1.63 1.95 E""; three-phase systems with battery cabinets, MBC and PDU p343-344/321). Low: kVA, phase and battery configuration must come from the project single-line diagram; resolve, then pick the matching kVA line",,,1.0 KVA 4.00 5.00 6.00 E,item
31,30A,,276,240 Volt General Duty Safety Switches: NEMA 1 general duty non-fused 240 volt safety switches 3P 30A || raw: 3P 30A L1@0.50 Ea 115.00 23.30 138.30,115.00,0.50,Ea,322,Disconnect Safety Switches - Nonfused 3-Pole (NEMA 1; NEMA 3R add 10%): 30 Amp || raw: 30 Amp 2.00 2.50 3.00 E,2.00,E,low,"Dupuis dictionnaire: ""30A"" = sectionneur 30A (calibre de base), mecanique_moteur, BT (14 occ / 8 projets; etiquettes.csv 7 marks / 4 projects). Bare amperage: fused/non-fused, poles, voltage and enclosure all absent -> same device family as NF 30A (chunk earlier), 30A NF WP and 30A 600V NF (chunk-17); non-fused 3P 240 V general duty NEMA 1 assumed as the base-rating reading, hence low (NF 30A was medium because non-fused was stated). NE 2025 raw p276: ""3P 30A L1@0.50 Ea 115.00 23.30 138.30"" (NEMA 1 general duty non-fused 240 V; alts: NEMA 3R ""3P 30A L1@0.50 Ea 207.00 23.30 230.30"" p276, 2P ""2P 30A L1@0.50 Ea 91.20 23.30 114.50"" p276, heavy duty 600 V non-fused ""3P 30A L1@0.50 Ea 261.00 23.30 284.30"" p279). NECA raw p322 (26 28 00): ""30 Amp 2.00 2.50 3.00 E"" (non-fused 3-pole NEMA 1; 2-pole alt ""30 Amp 1.70 2.13 2.55 E""; book note NEMA 3R add 10%). Fuses, conduit and wire not included",3P 30A L1@0.50 Ea 115.00 23.30 138.30,item,30 Amp 2.00 2.50 3.00 E,item
31,3/4 HP,,380,Equipment Hookup: Hook up single or three-phase motors to 600 volts - Fractional HP || raw: Fractional HP L1@0.50 Ea 5.22 23.30 28.52,5.22,0.50,Ea,276,Power Connections to Equipment Installed By Others - Copper 600 Volt Conduit: 20 Amp Circuits #12 & #10 || raw: 20 Amp Circuits #12 & #10 0.25 0.30 0.36 E,0.25,E,medium,"Dupuis dictionnaire: ""3/4 HP"" = moteur electrique, puissance 3/4 HP, mecanique_moteur, BT (12 occ / 8 projets; etiquettes.csv 6 marks / 4 projects + ""3/4 hp 120v"" 2 / 1). Read as the final power connection of a 3/4 HP motor supplied and set by others (same treatment as MOTEUR FRACT chunk-25). NE 2025 raw p380 (""Hook up single or three-phase motors to 600 volts""): ""Fractional HP L1@0.50 Ea 5.22 23.30 28.52"" = exact HP class (3/4 HP < 1 HP; next line ""1 HP L1@0.75 Ea 6.78 34.90 41.68""). NECA 2022 has no motor-connection table by HP; closest p276 (26 05 83 Wiring Connections) by branch-circuit size, raw ""20 Amp Circuits #12 & #10 0.25 0.30 0.36 E"" (a 3/4 HP motor at 120-600 V is a 15-20 A circuit). Medium: HP exact in NE, proxy by circuit size in NECA; disconnect, starter, conduit and wire priced separately",Fractional HP L1@0.50 Ea 5.22 23.30 28.52,item,20 Amp Circuits #12 & #10 0.25 0.30 0.36 E,item
31,750W 347V,,,none,,,,78,Electric Heating (23 83 00) - Baseboard Heaters: 36-inch || raw: 36-inch 0.80 1.00 1.20 E,0.80,E,low,"Dupuis dictionnaire: ""750W 347V"" = ""luminaire cote par puissance, 750W/347V"", categorie luminaire (10 occ / 8 projets; etiquettes.csv 6 marks / 5 projects; corpus variants ""B750W 347V"" 10 marks, ""347V B750W"" 12). FLAG - category conflict (same as B 1500W / B750W chunks): the corpus pattern ""<W> 347V"" is electric heating at 347 V (""Plinthe 1000W 347V"", ""1000W 347V"", ""1250W 347V"", ""2500W 347V"" in etiquettes.csv) and normalisation.json maps bare wattages to PLINTHE; treated here as a 750 W / 347 V baseboard heater, to confirm with Dupuis. NE 2025: no electric baseboard heater line (grep baseboard -> 0) and no 750 W fixture (p198-199 ""200 watt, 750W halide equiv."" lines are 200 W LED fixtures, not 750 W) -> none. NECA p78 lists baseboard heaters by LENGTH only, no wattage or voltage: raw ""24-inch 0.75 0.94 1.13 E"", ""36-inch 0.80 1.00 1.20 E"", ""48-inch 0.90 1.13 1.35 E"", ""60-inch 1.00 1.25 1.50 E""; 36-inch given as the nearest length class for a 750 W unit (same choice as PLINTHE 750W chunk-27), watt-to-length mapping is NOT in the book -> low. If it really is a luminaire, NECA p351 has ""Porcelain Enamel Reflector With Lens - Pendant Mounted 750 Watt 1.35 1.69 2.16 E"" (industrial incandescent reflector); no 347 V-specific line in either book. Thermostat separate: p78 ""Thermostat Baseboard Section 0.60 0.75 0.90 E""",,,36-inch 0.80 1.00 1.20 E,item
31,VE-1,,380,"Equipment Hookup: Hook up mechanical equipment - Exhaust fans, small || raw: Exhaust fans, small L1@1.50 Ea 49.20 69.90 119.10",49.20,1.50,Ea,276,Power Connections to Equipment Installed By Others - Copper 600 Volt Conduit: 20 Amp Circuits #12 & #10 || raw: 20 Amp Circuits #12 & #10 0.25 0.30 0.36 E,0.25,E,medium,"Dupuis dictionnaire: ""VE-1"" = ventilateur d evacuation, tag mecanique VE-1, mecanique_moteur, BT (10 occ / 8 projets; etiquettes.csv 5 marks / 4 projects + ""VE-1 600V"" 2 / 1, ""30A NF VE1"" 2 / 1 = disconnect for the same fan). Mechanical tag of an exhaust fan set by the mechanical trade -> same device as MOTEUR VE (chunk-29): final power connection. NE 2025 raw p380 (Equipment Hookup, mechanical equipment): ""Exhaust fans, small L1@1.50 Ea 49.20 69.90 119.10"" (material = flex/fittings/lugs, fan by others; motor-only alt by HP p380 ""Fractional HP L1@0.50 Ea 5.22 23.30 28.52""). NECA 2022 has no exhaust-fan hookup line (grep exhaust fan -> p352 bathroom heater-fan fixture only); closest p276 (26 05 83 Wiring Connections) raw floor ""20 Amp Circuits #12 & #10 0.25 0.30 0.36 E""; add p72 (23 09 00) ""Interlock to Fan 0.75 1.25 1.50 E"" if the control interlock is in the electrical contract. Medium: HP/voltage/size not on label (VE-1 600V variant suggests 3-phase 600 V), NE gives one line for small exhaust fans. Disconnect (30A NF VE1), starter, conduit and wire priced separately","Exhaust fans, small L1@1.50 Ea 49.20 69.90 119.10",item,20 Amp Circuits #12 & #10 0.25 0.30 0.36 E,item
31,B HOTTE,,381,Equipment Hookup: Hook up kitchen equipment - Grill hood fan || raw: Grill hood fan L1@2.00 Ea 33.20 93.20 126.40,33.20,2.00,Ea,,none,,,low,"Dupuis dictionnaire: ""B HOTTE"" = hotte de cuisine, unite B (raccordement electrique), mecanique_moteur, BT (10 occ / 10 projets; etiquettes.csv 5 marks / 5 projects). Same device as HOTTE (chunk earlier) with a unit letter B = second hood on the plan. NE 2025 raw p381 (Hook up kitchen equipment): ""Grill hood fan L1@2.00 Ea 33.20 93.20 126.40"" = commercial kitchen hood fan hookup; NE has no residential range-hood outlet line (only ""Exhaust fans, small L1@1.50 Ea 49.20 69.90 119.10"" p380). NECA 2022: no hood line at all (PDF/CSV grep hood -> 0 hits; exhaust -> p352 ""2-Lamp Heater & Exhaust Fan"" bathroom fixture, not comparable) -> none. Low: hood type (residential vs commercial), fan HP and lighting/controls (hood light, fire-suppression interlock) unknown from label",Grill hood fan L1@2.00 Ea 33.20 93.20 126.40,item,,
31,1 1/4 EMT 15#10,ENS0F1A3B80AD1929A16,18,"EMT conduit in concealed areas, walls and closed ceilings 1-1/4"" || raw: 1-1/4"" L1@5.00 CLF 189.00 233.00 422.00",189.00,5.00,CLF,202,Electrical Metallic Tubing (EMT): 1-1/4-inch || raw: 1 1/4-inch 6.20 7.80 9.30 C,6.20,C,medium,"Dupuis conduit spec ""1 1/4 15c10"" = 1-1/4"" EMT with 15 x #10 conductors (conduits-spec.csv: 7 occurrences, 14,286.1 px total length); EE ensemble ENS0F1A3B80AD1929A16 ""conduit 1 1/4 15c10"" (key 19PE1.25 #10). NE 2025 p451 1-1/4"" EMT conduit assemblies stop at 6 conductors (raw ""6 #10THHN, solid L1@10.9 CLF 365.00 508.00 873.00"") - no assembly for this wire count. Row 1/2 = conduit per 100 ft, priced as raceway + wire separately (same method as chunk-26/28/29). NE raw p18 (concealed areas, walls and closed ceilings): ""1-1/4"" L1@5.00 CLF 189.00 233.00 422.00"" (alts same page: in floor slab / trapeze ""1-1/4"" L1@4.50 CLF 189.00 210.00 399.00"", exposed ""1-1/4"" L1@6.00 CLF 189.00 280.00 469.00""). NECA raw p202 (26 05 33 EMT): ""1 1/4-inch 6.20 7.80 9.30 C"" (note: add 10% for colored conduit; fittings extra: ""EMT Set Screw Box Connectors 1 1/4-inch 0.16 0.20 0.24 E"", ""EMT Set Screw Couplings 1 1/4-inch 0.08 0.09 0.10 E"", ""EMT Factory Elbows 1 1/4-inch 0.32 0.40 0.48 E"", ""Field Bending EMT Conduit 1 1/4-inch 0.64 0.80 0.96 E"" p202). Totals per 100 ft with 15 conductors (see companion row): NE 17.00 h and 585.00 USD; NECA 16.70 h. Medium: sizes exact but both books are a sum of two tables rather than one assembly line; installation condition (concealed vs exposed vs slab) not on label; couplings, connectors, straps, boxes, terminations not included","1-1/4"" L1@5.00 CLF 189.00 233.00 422.00",item,1 1/4-inch 6.20 7.80 9.30 C,item
31,1 1/4 EMT 15#10,ENS0F1A3B80AD1929A16,94,Copper Building Wire: Type THHN 600 volt solid copper building wire # 10 || raw: # 10 L2@8.00 KLF 264.00 373.00 637.00,264.00,8.00,KLF,150,600 Volt Bldg Wire-1/C-Copper Type THHN & THWN: #10 || raw: #10 7.00 8.75 10.50 M,7.00,M,high,"Companion row 2/2: wire per 1000 ft, x 15 conductors, to add to the 1-1/4"" EMT raceway row. NE raw p94 ""# 10 L2@8.00 KLF 264.00 373.00 637.00"" (THHN solid, crew L2; = 0.80 h and 26.40 USD per 100 ft per conductor -> 12.00 h and 396.00 USD per 100 ft for 15; THW/XHHW alts same pages). NECA raw p150 ""#10 7.00 8.75 10.50 M"" = 0.70 h per 100 ft per conductor -> 10.50 h for 15 (note p150: reduce labor 10% with factory-lubricated wire). Exact size match (#10); THHN solid assumed as in earlier chunks",# 10 L2@8.00 KLF 264.00 373.00 637.00,item,#10 7.00 8.75 10.50 M,item
31,1 1/4 EMT 9#10,ENS5D2E5411131116131,18,"EMT conduit in concealed areas, walls and closed ceilings 1-1/4"" || raw: 1-1/4"" L1@5.00 CLF 189.00 233.00 422.00",189.00,5.00,CLF,202,Electrical Metallic Tubing (EMT): 1-1/4-inch || raw: 1 1/4-inch 6.20 7.80 9.30 C,6.20,C,medium,"Dupuis conduit spec ""1 1/4 9c10"" = 1-1/4"" EMT with 9 x #10 conductors (conduits-spec.csv: 7 occurrences, 10,246.0 px total length); EE ensemble ENS5D2E5411131116131 ""conduit 1 1/4 9c10"" (key 19PE1.25 #10). NE 2025 p451 1-1/4"" EMT conduit assemblies stop at 6 conductors (raw ""6 #10THHN, solid L1@10.9 CLF 365.00 508.00 873.00"") - no assembly for this wire count. Row 1/2 = conduit per 100 ft, priced as raceway + wire separately (same method as chunk-26/28/29). NE raw p18 (concealed areas, walls and closed ceilings): ""1-1/4"" L1@5.00 CLF 189.00 233.00 422.00"" (alts same page: in floor slab / trapeze ""1-1/4"" L1@4.50 CLF 189.00 210.00 399.00"", exposed ""1-1/4"" L1@6.00 CLF 189.00 280.00 469.00""). NECA raw p202 (26 05 33 EMT): ""1 1/4-inch 6.20 7.80 9.30 C"" (note: add 10% for colored conduit; fittings extra: ""EMT Set Screw Box Connectors 1 1/4-inch 0.16 0.20 0.24 E"", ""EMT Set Screw Couplings 1 1/4-inch 0.08 0.09 0.10 E"", ""EMT Factory Elbows 1 1/4-inch 0.32 0.40 0.48 E"", ""Field Bending EMT Conduit 1 1/4-inch 0.64 0.80 0.96 E"" p202). Totals per 100 ft with 9 conductors (see companion row): NE 12.20 h and 426.60 USD; NECA 12.50 h. Medium: sizes exact but both books are a sum of two tables rather than one assembly line; installation condition (concealed vs exposed vs slab) not on label; couplings, connectors, straps, boxes, terminations not included","1-1/4"" L1@5.00 CLF 189.00 233.00 422.00",item,1 1/4-inch 6.20 7.80 9.30 C,item
31,1 1/4 EMT 9#10,ENS5D2E5411131116131,94,Copper Building Wire: Type THHN 600 volt solid copper building wire # 10 || raw: # 10 L2@8.00 KLF 264.00 373.00 637.00,264.00,8.00,KLF,150,600 Volt Bldg Wire-1/C-Copper Type THHN & THWN: #10 || raw: #10 7.00 8.75 10.50 M,7.00,M,high,"Companion row 2/2: wire per 1000 ft, x 9 conductors, to add to the 1-1/4"" EMT raceway row. NE raw p94 ""# 10 L2@8.00 KLF 264.00 373.00 637.00"" (THHN solid, crew L2; = 0.80 h and 26.40 USD per 100 ft per conductor -> 7.20 h and 237.60 USD per 100 ft for 9; THW/XHHW alts same pages). NECA raw p150 ""#10 7.00 8.75 10.50 M"" = 0.70 h per 100 ft per conductor -> 6.30 h for 9 (note p150: reduce labor 10% with factory-lubricated wire). Exact size match (#10); THHN solid assumed as in earlier chunks",# 10 L2@8.00 KLF 264.00 373.00 637.00,item,#10 7.00 8.75 10.50 M,item
31,1 1/4 EMT 11#10,ENSB652A86DFC1481070,18,"EMT conduit in concealed areas, walls and closed ceilings 1-1/4"" || raw: 1-1/4"" L1@5.00 CLF 189.00 233.00 422.00",189.00,5.00,CLF,202,Electrical Metallic Tubing (EMT): 1-1/4-inch || raw: 1 1/4-inch 6.20 7.80 9.30 C,6.20,C,medium,"Dupuis conduit spec ""1 1/4 11c10"" = 1-1/4"" EMT with 11 x #10 conductors (conduits-spec.csv: 7 occurrences, 14,264.4 px total length); EE ensemble ENSB652A86DFC1481070 ""conduit 1 1/4 11c10"" (key 19PE1.25 #10). NE 2025 p451 1-1/4"" EMT conduit assemblies stop at 6 conductors (raw ""6 #10THHN, solid L1@10.9 CLF 365.00 508.00 873.00"") - no assembly for this wire count. Row 1/2 = conduit per 100 ft, priced as raceway + wire separately (same method as chunk-26/28/29). NE raw p18 (concealed areas, walls and closed ceilings): ""1-1/4"" L1@5.00 CLF 189.00 233.00 422.00"" (alts same page: in floor slab / trapeze ""1-1/4"" L1@4.50 CLF 189.00 210.00 399.00"", exposed ""1-1/4"" L1@6.00 CLF 189.00 280.00 469.00""). NECA raw p202 (26 05 33 EMT): ""1 1/4-inch 6.20 7.80 9.30 C"" (note: add 10% for colored conduit; fittings extra: ""EMT Set Screw Box Connectors 1 1/4-inch 0.16 0.20 0.24 E"", ""EMT Set Screw Couplings 1 1/4-inch 0.08 0.09 0.10 E"", ""EMT Factory Elbows 1 1/4-inch 0.32 0.40 0.48 E"", ""Field Bending EMT Conduit 1 1/4-inch 0.64 0.80 0.96 E"" p202). Totals per 100 ft with 11 conductors (see companion row): NE 13.80 h and 479.40 USD; NECA 13.90 h. Medium: sizes exact but both books are a sum of two tables rather than one assembly line; installation condition (concealed vs exposed vs slab) not on label; couplings, connectors, straps, boxes, terminations not included","1-1/4"" L1@5.00 CLF 189.00 233.00 422.00",item,1 1/4-inch 6.20 7.80 9.30 C,item
31,1 1/4 EMT 11#10,ENSB652A86DFC1481070,94,Copper Building Wire: Type THHN 600 volt solid copper building wire # 10 || raw: # 10 L2@8.00 KLF 264.00 373.00 637.00,264.00,8.00,KLF,150,600 Volt Bldg Wire-1/C-Copper Type THHN & THWN: #10 || raw: #10 7.00 8.75 10.50 M,7.00,M,high,"Companion row 2/2: wire per 1000 ft, x 11 conductors, to add to the 1-1/4"" EMT raceway row. NE raw p94 ""# 10 L2@8.00 KLF 264.00 373.00 637.00"" (THHN solid, crew L2; = 0.80 h and 26.40 USD per 100 ft per conductor -> 8.80 h and 290.40 USD per 100 ft for 11; THW/XHHW alts same pages). NECA raw p150 ""#10 7.00 8.75 10.50 M"" = 0.70 h per 100 ft per conductor -> 7.70 h for 11 (note p150: reduce labor 10% with factory-lubricated wire). Exact size match (#10); THHN solid assumed as in earlier chunks",# 10 L2@8.00 KLF 264.00 373.00 637.00,item,#10 7.00 8.75 10.50 M,item
31,1 1/4 EMT 16#12,ENS40793E2C16D120241,18,"EMT conduit in concealed areas, walls and closed ceilings 1-1/4"" || raw: 1-1/4"" L1@5.00 CLF 189.00 233.00 422.00",189.00,5.00,CLF,202,Electrical Metallic Tubing (EMT): 1-1/4-inch || raw: 1 1/4-inch 6.20 7.80 9.30 C,6.20,C,medium,"Dupuis conduit spec ""1 1/4 16c12"" = 1-1/4"" EMT with 16 x #12 conductors (conduits-spec.csv: 6 occurrences, 12,484.8 px total length); EE ensemble ENS40793E2C16D120241 ""conduit 1 1/4 16c12"" (key 19PE1.25 #12). NE 2025 p451 1-1/4"" EMT conduit assemblies stop at 6 conductors (raw ""6 #10THHN, solid L1@10.9 CLF 365.00 508.00 873.00"") - no assembly for this wire count. Row 1/2 = conduit per 100 ft, priced as raceway + wire separately (same method as chunk-26/28/29). NE raw p18 (concealed areas, walls and closed ceilings): ""1-1/4"" L1@5.00 CLF 189.00 233.00 422.00"" (alts same page: in floor slab / trapeze ""1-1/4"" L1@4.50 CLF 189.00 210.00 399.00"", exposed ""1-1/4"" L1@6.00 CLF 189.00 280.00 469.00""). NECA raw p202 (26 05 33 EMT): ""1 1/4-inch 6.20 7.80 9.30 C"" (note: add 10% for colored conduit; fittings extra: ""EMT Set Screw Box Connectors 1 1/4-inch 0.16 0.20 0.24 E"", ""EMT Set Screw Couplings 1 1/4-inch 0.08 0.09 0.10 E"", ""EMT Factory Elbows 1 1/4-inch 0.32 0.40 0.48 E"", ""Field Bending EMT Conduit 1 1/4-inch 0.64 0.80 0.96 E"" p202). Totals per 100 ft with 16 conductors (see companion row): NE 16.20 h and 465.80 USD; NECA 15.80 h. Medium: sizes exact but both books are a sum of two tables rather than one assembly line; installation condition (concealed vs exposed vs slab) not on label; couplings, connectors, straps, boxes, terminations not included","1-1/4"" L1@5.00 CLF 189.00 233.00 422.00",item,1 1/4-inch 6.20 7.80 9.30 C,item
31,1 1/4 EMT 16#12,ENS40793E2C16D120241,94,Copper Building Wire: Type THHN 600 volt solid copper building wire # 12 || raw: # 12 L2@7.00 KLF 173.00 326.00 499.00,173.00,7.00,KLF,150,600 Volt Bldg Wire-1/C-Copper Type THHN & THWN: #12 || raw: #12 6.00 7.50 9.00 M,6.00,M,high,"Companion row 2/2: wire per 1000 ft, x 16 conductors, to add to the 1-1/4"" EMT raceway row. NE raw p94 ""# 12 L2@7.00 KLF 173.00 326.00 499.00"" (THHN solid, crew L2; = 0.70 h and 17.30 USD per 100 ft per conductor -> 11.20 h and 276.80 USD per 100 ft for 16; THW/XHHW alts same pages). NECA raw p150 ""#12 6.00 7.50 9.00 M"" = 0.60 h per 100 ft per conductor -> 9.60 h for 16 (note p150: reduce labor 10% with factory-lubricated wire). Exact size match (#12); THHN solid assumed as in earlier chunks",# 12 L2@7.00 KLF 173.00 326.00 499.00,item,#12 6.00 7.50 9.00 M,item
31,2 EMT 25#10,ENS8524C64C9013A1130,18,"EMT conduit in concealed areas, walls and closed ceilings 2"" || raw: 2"" L1@8.00 CLF 285.00 373.00 658.00",285.00,8.00,CLF,202,Electrical Metallic Tubing (EMT): 2-inch || raw: 2-inch 8.00 10.00 12.00 C,8.00,C,medium,"Dupuis conduit spec ""2 25c10"" = 2"" EMT with 25 x #10 conductors (conduits-spec.csv: 6 occurrences, 41,320.4 px total length); EE ensemble ENS8524C64C9013A1130 ""conduit 2 25c10"" (key 19PE2 #10). NE 2025 has no 2"" EMT conduit assemblies (assembly tables p448-451 cover 1/2"" to 1-1/4"" only). Row 1/2 = conduit per 100 ft, priced as raceway + wire separately (same method as chunk-26/28/29). NE raw p18 (concealed areas, walls and closed ceilings): ""2"" L1@8.00 CLF 285.00 373.00 658.00"" (alts same page: in floor slab / trapeze ""2"" L1@7.00 CLF 285.00 326.00 611.00"", exposed ""2"" L1@10.0 CLF 285.00 466.00 751.00""). NECA raw p202 (26 05 33 EMT): ""2-inch 8.00 10.00 12.00 C"" (note: add 10% for colored conduit; fittings extra: ""EMT Set Screw Box Connectors 2-inch 0.25 0.31 0.37 E"", ""EMT Set Screw Couplings 2-inch 0.12 0.14 0.16 E"", ""Field Bending EMT Conduit 2-inch 1.00 1.24 1.50 E"" p202). Totals per 100 ft with 25 conductors (see companion row): NE 28.00 h and 945.00 USD; NECA 25.50 h. Medium: sizes exact but both books are a sum of two tables rather than one assembly line; installation condition (concealed vs exposed vs slab) not on label; couplings, connectors, straps, boxes, terminations not included","2"" L1@8.00 CLF 285.00 373.00 658.00",item,2-inch 8.00 10.00 12.00 C,item
31,2 EMT 25#10,ENS8524C64C9013A1130,94,Copper Building Wire: Type THHN 600 volt solid copper building wire # 10 || raw: # 10 L2@8.00 KLF 264.00 373.00 637.00,264.00,8.00,KLF,150,600 Volt Bldg Wire-1/C-Copper Type THHN & THWN: #10 || raw: #10 7.00 8.75 10.50 M,7.00,M,high,"Companion row 2/2: wire per 1000 ft, x 25 conductors, to add to the 2"" EMT raceway row. NE raw p94 ""# 10 L2@8.00 KLF 264.00 373.00 637.00"" (THHN solid, crew L2; = 0.80 h and 26.40 USD per 100 ft per conductor -> 20.00 h and 660.00 USD per 100 ft for 25; THW/XHHW alts same pages). NECA raw p150 ""#10 7.00 8.75 10.50 M"" = 0.70 h per 100 ft per conductor -> 17.50 h for 25 (note p150: reduce labor 10% with factory-lubricated wire). Exact size match (#10); THHN solid assumed as in earlier chunks",# 10 L2@8.00 KLF 264.00 373.00 637.00,item,#10 7.00 8.75 10.50 M,item
32,5KW,,,none,,,,78,Electric Heating (23 83 00) - 125 Volt and 250 Volt Unit Heaters with Blowers Including Hanger Mounting Brackets: 5 KW || raw: 5 KW 3.00 3.75 4.50 E,3.00,E,low,"Dupuis dictionnaire + categories.json: ""5KW"" = categorie indetermine, ""puissance seule, appareil non precise"", note ""Aucun type d appareil indique, seulement la puissance ; categorie non attribuable sans invention"" (8 occ / 8 projets; etiquettes.csv 5 marks / 5 projects). Corpus kW-style labels at this rating are unit heaters / aerothermes: ""AE 5KW"" 12 marks / 1 project, ""FORCE FLOW 5KW"" 6 marks / 1 project (etiquettes.csv), same reading as 3KW/4KW/HEATER 10KW noted in the 2KW companion row (chunk earlier) -> read as a 5 kW unit heater, to confirm on the project heating schedule. NECA raw p78 (23 83 00, ""125 Volt and 250 Volt Unit Heaters with Blowers Including Hanger Mounting Brackets""): ""5 KW 3.00 3.75 4.50 E"" = exact kW class (neighbours ""4 KW 2.75 3.44 4.13 E"", ""6 KW 3.25 4.06 4.88 E""); hours are for setting the heater on its brackets, thermostat and disconnect extra. NE 2025: no electric unit heater line by kW (CSV grep heater -> only hookup lines p380-381: ""Unit heaters, small L1@2.00 Ea 86.10 93.20 179.30"" = final connection of a heater furnished by others) -> none. Low: appliance type not on label (a 5 kW baseboard/duct heater/wall heater would use other tables: NECA p78 baseboard by length only, ""Electric 120 Volt Wall Heaters"" stop at 4000 W), voltage unknown (600 V units common in Quebec; NECA table is 125/250 V)",,,5 KW 3.00 3.75 4.50 E,item
32,C HOTTE,,381,Equipment Hookup: Hook up kitchen equipment - Grill hood fan || raw: Grill hood fan L1@2.00 Ea 33.20 93.20 126.40,33.20,2.00,Ea,,none,,,low,"Dupuis dictionnaire: ""C HOTTE"" = hotte de cuisine, unite C (raccordement electrique), mecanique_moteur, BT; categories.json note ""Raccordement de hotte de cuisine motorisee ; lettre C probablement un repere de logement/zone"" (8 occ / 8 projets; etiquettes.csv 4 marks / 4 projects). Same device as HOTTE and B HOTTE (chunk-31) with unit letter C = third hood on the plan; identical lines. NE 2025 raw p381 (Hook up kitchen equipment): ""Grill hood fan L1@2.00 Ea 33.20 93.20 126.40"" = commercial kitchen hood fan hookup; NE has no residential range-hood outlet line (only ""Exhaust fans, small L1@1.50 Ea 49.20 69.90 119.10"" p380). NECA 2022: no hood line at all (CSV grep hood -> 0 hits; exhaust -> p352 ""2-Lamp Heater & Exhaust Fan"" bathroom fixture, not comparable) -> none. Low: hood type (residential vs commercial), fan HP and lighting/controls (hood light, fire-suppression interlock) unknown from label",Grill hood fan L1@2.00 Ea 33.20 93.20 126.40,item,,
32,A POELE,,249,"3 pole, 4-wire single, grounding, Range 50A, 125/250V, NEMA 14-50R || raw: 50A, 125/250V, NEMA 14-50R L1@0.35 Ea 20.90 16.30 37.20",20.90,0.35,Ea,318,Single Receptacle - Straight Blade or Twist Lock: 50 Amp 4 Wire || raw: 50 Amp 4 Wire 55.00 68.75 82.50 C,55.00,C,medium,"Dupuis dictionnaire: ""A POELE"" = raccordement/sortie pour cuisiniere electrique, dispositif, BT; categories.json note ""POELE=cuisiniere/poele ; connexion dediee type PRISE SECHEUSE"" (8 occ / 8 projets; etiquettes.csv 4 marks / 4 projects). Same device as POELE and B POELE (chunk earlier) with unit letter A = first range on the plan; identical lines. Amperage/NEMA config not on label; 50 A 4-wire 14-50R is the standard range receptacle. NE 2025 raw p249: ""50A, 125/250V, NEMA 14-50R L1@0.35 Ea 20.90 16.30 37.20"" (flush; surface-mounted alt same page ""50A, 125/250V, NEMA 14-50R L1@0.40 Ea 28.30 18.60 46.90""). NECA raw p318: ""50 Amp 4 Wire 55.00 68.75 82.50 C"" = 0.55 h each (3-wire ""50 Amp 3 Wire 50.00 62.50 75.00 C""). NE Equipment Hookup p381 kitchen table has no range/stove line (Ovens ""L1@1.50 Ea 33.20 69.90 103.10"" is commercial equipment hookup). Receptacle only, box/plate/wire not included","50A, 125/250V, NEMA 14-50R L1@0.35 Ea 20.90 16.30 37.20",item,50 Amp 4 Wire 55.00 68.75 82.50 C,item
32,1 EMT 10#12,ENSFA08B20A120A58B0D,18,"EMT conduit in concealed areas, walls and closed ceilings 1"" || raw: 1"" L1@4.25 CLF 125.00 198.00 323.00",125.00,4.25,CLF,202,Electrical Metallic Tubing (EMT): 1-inch || raw: 1-inch 5.50 6.80 8.20 C,5.50,C,medium,"Dupuis conduit spec ""1 10c12"" = 1"" EMT with 10 x #12 conductors (conduits-spec.csv: 5 occurrences, 11,594.5 px total length); EE ensemble ENSFA08B20A120A58B0D ""conduit 1 10c12"" (key 19PE1 #12; 0 marks in ensembles-ee.csv). NE 2025 p450 1"" EMT conduit assemblies list #14/#12/#10 conductors only, 1 to 6 wires (largest line raw p450 ""6 #10THHN, solid L1@10.1 CLF 292.00 471.00 763.00"") - no assembly for 10 x #12. Row 1/2 = conduit per 100 ft, priced as raceway + wire separately (same method as chunk-26/28/29/31). NE raw p18 (concealed areas, walls and closed ceilings): ""1"" L1@4.25 CLF 125.00 198.00 323.00"" (alts same page: in floor slab / trapeze ""1"" L1@4.00 CLF 125.00 186.00 311.00"", exposed ""1"" L1@4.50 CLF 125.00 210.00 335.00""). NECA raw p202 (26 05 33 EMT): ""1-inch 5.50 6.80 8.20 C"" (note: add 10% for colored conduit; fittings extra: ""EMT Set Screw Box Connectors 1-inch 0.12 0.15 0.18 E"", ""EMT Set Screw Couplings 1-inch 0.06 0.07 0.08 E"", ""EMT Factory Elbows 1-inch 0.25 0.31 0.37 E"" p202). Totals per 100 ft with 10 conductors (see companion row): NE 11.25 h and 298.00 USD; NECA 11.50 h. Medium: sizes exact but both books are a sum of two tables rather than one assembly line; installation condition (concealed vs exposed vs slab) not on label; couplings, connectors, straps, boxes, terminations not included","1"" L1@4.25 CLF 125.00 198.00 323.00",item,1-inch 5.50 6.80 8.20 C,item
32,1 EMT 10#12,ENSFA08B20A120A58B0D,94,Copper Building Wire: Type THHN 600 volt solid copper building wire # 12 || raw: # 12 L2@7.00 KLF 173.00 326.00 499.00,173.00,7.00,KLF,150,600 Volt Bldg Wire-1/C-Copper Type THHN & THWN: #12 || raw: #12 6.00 7.50 9.00 M,6.00,M,high,"Companion row 2/2: wire per 1000 ft, x 10 conductors, to add to the 1"" EMT raceway row. NE raw p94 ""# 12 L2@7.00 KLF 173.00 326.00 499.00"" (THHN solid, crew L2; = 0.70 h and 17.30 USD per 100 ft per conductor -> 7.00 h and 173.00 USD per 100 ft for 10; THW/XHHW alts same pages). NECA raw p150 ""#12 6.00 7.50 9.00 M"" = 0.60 h per 100 ft per conductor -> 6.00 h for 10 (note p150: reduce labor 10% with factory-lubricated wire). Exact size match (#12); THHN solid assumed as in earlier chunks",# 12 L2@7.00 KLF 173.00 326.00 499.00,item,#12 6.00 7.50 9.00 M,item
32,2 EMT 3#1,ENS7B933CC4DE1821E50,18,"EMT conduit in concealed areas, walls and closed ceilings 2"" || raw: 2"" L1@8.00 CLF 285.00 373.00 658.00",285.00,8.00,CLF,202,Electrical Metallic Tubing (EMT): 2-inch || raw: 2-inch 8.00 10.00 12.00 C,8.00,C,low,"Dupuis conduit spec ""2 3c1"" = 2"" EMT with 3 x #1 conductors (conduits-spec.csv: 5 occurrences, 9,802.2 px total length); EE ensemble ENS7B933CC4DE1821E50 ""conduit 2 3c1/0"" (key 19PE2 # 0; 0 marks in ensembles-ee.csv). FLAG - gauge conflict: the conduit spec reads ""2 3c1"" (#1 AWG) but the EE ensemble carried by the task is named ""conduit 2 3c1/0"" (key ""19PE2 # 0"" = 1/0 AWG); priced here at #1 as written on the spec, 1/0 alternative given in the companion row -> low. NE 2025 has no 2"" EMT conduit assemblies (assembly tables p448-451 cover 1/2"" to 1-1/4"" only). Row 1/2 = conduit per 100 ft, priced as raceway + wire separately (same method as chunk-26/28/29/31). NE raw p18 (concealed areas, walls and closed ceilings): ""2"" L1@8.00 CLF 285.00 373.00 658.00"" (alts same page: in floor slab / trapeze ""2"" L1@7.00 CLF 285.00 326.00 611.00"", exposed ""2"" L1@10.0 CLF 285.00 466.00 751.00""). NECA raw p202 (26 05 33 EMT): ""2-inch 8.00 10.00 12.00 C"" (note: add 10% for colored conduit; fittings extra: ""EMT Set Screw Box Connectors 2-inch 0.25 0.31 0.37 E"", ""EMT Set Screw Couplings 2-inch 0.12 0.14 0.16 E"", ""Field Bending EMT Conduit 2-inch 1.00 1.24 1.50 E"" p202). Totals per 100 ft with 3 conductors (see companion row): NE 12.20 h and 960.00 USD; NECA 13.70 h. Low: sizes exact but both books are a sum of two tables rather than one assembly line; installation condition (concealed vs exposed vs slab) not on label; couplings, connectors, straps, boxes, terminations not included","2"" L1@8.00 CLF 285.00 373.00 658.00",item,2-inch 8.00 10.00 12.00 C,item
32,2 EMT 3#1,ENS7B933CC4DE1821E50,95,"Copper Building Wire: Type THHN 600 volt stranded copper building wire # 1 || raw: # 1 L3@14.0 KLF 2,250.00 652.00 2,902.00",2250.00,14.00,KLF,150,600 Volt Bldg Wire-1/C-Copper Type THHN & THWN: #1 || raw: #1 19.00 23.75 28.50 M,19.00,M,low,"Companion row 2/2: wire per 1000 ft, x 3 conductors, to add to the 2"" EMT raceway row. NE raw p95 ""# 1 L3@14.0 KLF 2,250.00 652.00 2,902.00"" (THHN stranded, crew L3; = 1.40 h and 225.00 USD per 100 ft per conductor -> 4.20 h and 675.00 USD per 100 ft for 3; THW/XHHW alts same pages). NECA raw p150 ""#1 19.00 23.75 28.50 M"" = 1.90 h per 100 ft per conductor -> 5.70 h for 3 (note p150: reduce labor 10% with factory-lubricated wire). Exact size match (#1); THHN stranded is the only #1 THHN form listed in NE 2025 (p94 solid stops at #10). 1/0 alternative if the ensemble name is right: NE raw p95 ""# 1/0 L3@15.0 KLF 2,620.00 699.00 3,319.00"" (= 1.50 h and 262.00 USD per 100 ft per conductor -> 4.50 h and 786.00 USD for 3); NECA raw p150 ""1/0 22.00 27.50 33.00 M"" (= 2.20 h per 100 ft per conductor -> 6.60 h for 3; note p150: 1/0-4/0 reduce labor 10% for aluminum). Low: #1 vs 1/0 to resolve against the plan feeder schedule","# 1 L3@14.0 KLF 2,250.00 652.00 2,902.00",item,#1 19.00 23.75 28.50 M,item
32,1 EMT 8#10,ENS9FEEA3C3B011C1660,18,"EMT conduit in concealed areas, walls and closed ceilings 1"" || raw: 1"" L1@4.25 CLF 125.00 198.00 323.00",125.00,4.25,CLF,202,Electrical Metallic Tubing (EMT): 1-inch || raw: 1-inch 5.50 6.80 8.20 C,5.50,C,medium,"Dupuis conduit spec ""1 8c10"" = 1"" EMT with 8 x #10 conductors (conduits-spec.csv: 4 occurrences, 3,867.1 px total length); EE ensemble ENS9FEEA3C3B011C1660 ""conduit 1 08c10"" (key 19PE1 #10; 0 marks in ensembles-ee.csv). NE 2025 p450 1"" EMT conduit assemblies list #14/#12/#10 conductors only, 1 to 6 wires (largest line raw p450 ""6 #10THHN, solid L1@10.1 CLF 292.00 471.00 763.00"") - no assembly for 8 x #10. Row 1/2 = conduit per 100 ft, priced as raceway + wire separately (same method as chunk-26/28/29/31). NE raw p18 (concealed areas, walls and closed ceilings): ""1"" L1@4.25 CLF 125.00 198.00 323.00"" (alts same page: in floor slab / trapeze ""1"" L1@4.00 CLF 125.00 186.00 311.00"", exposed ""1"" L1@4.50 CLF 125.00 210.00 335.00""). NECA raw p202 (26 05 33 EMT): ""1-inch 5.50 6.80 8.20 C"" (note: add 10% for colored conduit; fittings extra: ""EMT Set Screw Box Connectors 1-inch 0.12 0.15 0.18 E"", ""EMT Set Screw Couplings 1-inch 0.06 0.07 0.08 E"", ""EMT Factory Elbows 1-inch 0.25 0.31 0.37 E"" p202). Totals per 100 ft with 8 conductors (see companion row): NE 10.65 h and 336.20 USD; NECA 11.10 h. Medium: sizes exact but both books are a sum of two tables rather than one assembly line; installation condition (concealed vs exposed vs slab) not on label; couplings, connectors, straps, boxes, terminations not included","1"" L1@4.25 CLF 125.00 198.00 323.00",item,1-inch 5.50 6.80 8.20 C,item
32,1 EMT 8#10,ENS9FEEA3C3B011C1660,94,Copper Building Wire: Type THHN 600 volt solid copper building wire # 10 || raw: # 10 L2@8.00 KLF 264.00 373.00 637.00,264.00,8.00,KLF,150,600 Volt Bldg Wire-1/C-Copper Type THHN & THWN: #10 || raw: #10 7.00 8.75 10.50 M,7.00,M,high,"Companion row 2/2: wire per 1000 ft, x 8 conductors, to add to the 1"" EMT raceway row. NE raw p94 ""# 10 L2@8.00 KLF 264.00 373.00 637.00"" (THHN solid, crew L2; = 0.80 h and 26.40 USD per 100 ft per conductor -> 6.40 h and 211.20 USD per 100 ft for 8; THW/XHHW alts same pages). NECA raw p150 ""#10 7.00 8.75 10.50 M"" = 0.70 h per 100 ft per conductor -> 5.60 h for 8 (note p150: reduce labor 10% with factory-lubricated wire). Exact size match (#10); THHN solid assumed as in earlier chunks",# 10 L2@8.00 KLF 264.00 373.00 637.00,item,#10 7.00 8.75 10.50 M,item
32,3/4 EMT 4#8,ENSDD54E9FDA04F10F12,18,"EMT conduit in concealed areas, walls and closed ceilings 3/4"" || raw: 3/4"" L1@3.75 CLF 74.30 175.00 249.30",74.30,3.75,CLF,202,Electrical Metallic Tubing (EMT): 3/4-inch || raw: 3/4-inch 5.00 6.20 7.50 C,5.00,C,medium,"Dupuis conduit spec ""3/4 4c8"" = 3/4"" EMT with 4 x #8 conductors (conduits-spec.csv: 4 occurrences, 8,527.9 px total length); EE ensemble ENSDD54E9FDA04F10F12 ""conduit 3/4 04c08"" (key 19PE0.75 #08; 0 marks in ensembles-ee.csv). NE 2025 p449 3/4"" EMT conduit assemblies list #14/#12/#10 conductors only, 1 to 6 wires (largest line raw p449 ""6 #10THHN, solid L1@9.32 CLF 238.00 434.00 672.00"") - no assembly for 4 x #8. Row 1/2 = conduit per 100 ft, priced as raceway + wire separately (same method as chunk-26/28/29/31). NE raw p18 (concealed areas, walls and closed ceilings): ""3/4"" L1@3.75 CLF 74.30 175.00 249.30"" (alts same page: in floor slab / trapeze ""3/4"" L1@3.50 CLF 74.30 163.00 237.30"", exposed ""3/4"" L1@4.00 CLF 74.30 186.00 260.30""). NECA raw p202 (26 05 33 EMT): ""3/4-inch 5.00 6.20 7.50 C"" (note: add 10% for colored conduit; fittings extra: ""EMT Set Screw Box Connectors 3/4-inch 0.10 0.12 0.15 E"", ""EMT Set Screw Couplings 3/4-inch 0.05 0.06 0.07 E"", ""EMT Factory Elbows 3/4-inch 0.22 0.27 0.33 E"" p202). Totals per 100 ft with 4 conductors (see companion row): NE 7.35 h and 237.50 USD; NECA 8.60 h. Medium: sizes exact but both books are a sum of two tables rather than one assembly line; installation condition (concealed vs exposed vs slab) not on label; couplings, connectors, straps, boxes, terminations not included","3/4"" L1@3.75 CLF 74.30 175.00 249.30",item,3/4-inch 5.00 6.20 7.50 C,item
32,3/4 EMT 4#8,ENSDD54E9FDA04F10F12,95,Copper Building Wire: Type THHN 600 volt stranded copper building wire # 8 || raw: # 8 L2@9.00 KLF 408.00 419.00 827.00,408.00,9.00,KLF,150,600 Volt Bldg Wire-1/C-Copper Type THHN & THWN: #8 || raw: #8 9.00 11.25 13.50 M,9.00,M,high,"Companion row 2/2: wire per 1000 ft, x 4 conductors, to add to the 3/4"" EMT raceway row. NE raw p95 ""# 8 L2@9.00 KLF 408.00 419.00 827.00"" (THHN stranded, crew L2; = 0.90 h and 40.80 USD per 100 ft per conductor -> 3.60 h and 163.20 USD per 100 ft for 4; THW/XHHW alts same pages). NECA raw p150 ""#8 9.00 11.25 13.50 M"" = 0.90 h per 100 ft per conductor -> 3.60 h for 4 (note p150: reduce labor 10% with factory-lubricated wire). Exact size match (#8); THHN stranded is the only #8 THHN form listed in NE 2025 (p94 solid stops at #10)",# 8 L2@9.00 KLF 408.00 419.00 827.00,item,#8 9.00 11.25 13.50 M,item
32,2 EMT 29#12,ENS2957DE12104147E31,18,"EMT conduit in concealed areas, walls and closed ceilings 2"" || raw: 2"" L1@8.00 CLF 285.00 373.00 658.00",285.00,8.00,CLF,202,Electrical Metallic Tubing (EMT): 2-inch || raw: 2-inch 8.00 10.00 12.00 C,8.00,C,medium,"Dupuis conduit spec ""2 29c12"" = 2"" EMT with 29 x #12 conductors (conduits-spec.csv: 4 occurrences, 19,041.4 px total length); EE ensemble ENS2957DE12104147E31 ""conduit 2 29c12"" (key 19PE2 #12; 0 marks in ensembles-ee.csv). NE 2025 has no 2"" EMT conduit assemblies (assembly tables p448-451 cover 1/2"" to 1-1/4"" only). Row 1/2 = conduit per 100 ft, priced as raceway + wire separately (same method as chunk-26/28/29/31). NE raw p18 (concealed areas, walls and closed ceilings): ""2"" L1@8.00 CLF 285.00 373.00 658.00"" (alts same page: in floor slab / trapeze ""2"" L1@7.00 CLF 285.00 326.00 611.00"", exposed ""2"" L1@10.0 CLF 285.00 466.00 751.00""). NECA raw p202 (26 05 33 EMT): ""2-inch 8.00 10.00 12.00 C"" (note: add 10% for colored conduit; fittings extra: ""EMT Set Screw Box Connectors 2-inch 0.25 0.31 0.37 E"", ""EMT Set Screw Couplings 2-inch 0.12 0.14 0.16 E"", ""Field Bending EMT Conduit 2-inch 1.00 1.24 1.50 E"" p202). Totals per 100 ft with 29 conductors (see companion row): NE 28.30 h and 786.70 USD; NECA 25.40 h. Medium: sizes exact but both books are a sum of two tables rather than one assembly line; installation condition (concealed vs exposed vs slab) not on label; couplings, connectors, straps, boxes, terminations not included","2"" L1@8.00 CLF 285.00 373.00 658.00",item,2-inch 8.00 10.00 12.00 C,item
32,2 EMT 29#12,ENS2957DE12104147E31,94,Copper Building Wire: Type THHN 600 volt solid copper building wire # 12 || raw: # 12 L2@7.00 KLF 173.00 326.00 499.00,173.00,7.00,KLF,150,600 Volt Bldg Wire-1/C-Copper Type THHN & THWN: #12 || raw: #12 6.00 7.50 9.00 M,6.00,M,high,"Companion row 2/2: wire per 1000 ft, x 29 conductors, to add to the 2"" EMT raceway row. NE raw p94 ""# 12 L2@7.00 KLF 173.00 326.00 499.00"" (THHN solid, crew L2; = 0.70 h and 17.30 USD per 100 ft per conductor -> 20.30 h and 501.70 USD per 100 ft for 29; THW/XHHW alts same pages). NECA raw p150 ""#12 6.00 7.50 9.00 M"" = 0.60 h per 100 ft per conductor -> 17.40 h for 29 (note p150: reduce labor 10% with factory-lubricated wire). Exact size match (#12); THHN solid assumed as in earlier chunks",# 12 L2@7.00 KLF 173.00 326.00 499.00,item,#12 6.00 7.50 9.00 M,item
32,2 EMT 29#10,ENSEEEC9BF5D01517F12,18,"EMT conduit in concealed areas, walls and closed ceilings 2"" || raw: 2"" L1@8.00 CLF 285.00 373.00 658.00",285.00,8.00,CLF,202,Electrical Metallic Tubing (EMT): 2-inch || raw: 2-inch 8.00 10.00 12.00 C,8.00,C,medium,"Dupuis conduit spec ""2 29c10"" = 2"" EMT with 29 x #10 conductors (conduits-spec.csv: 4 occurrences, 8,891.8 px total length); EE ensemble ENSEEEC9BF5D01517F12 ""conduit 2 29c10"" (key 19PE2 #10; 0 marks in ensembles-ee.csv). NE 2025 has no 2"" EMT conduit assemblies (assembly tables p448-451 cover 1/2"" to 1-1/4"" only). Row 1/2 = conduit per 100 ft, priced as raceway + wire separately (same method as chunk-26/28/29/31). NE raw p18 (concealed areas, walls and closed ceilings): ""2"" L1@8.00 CLF 285.00 373.00 658.00"" (alts same page: in floor slab / trapeze ""2"" L1@7.00 CLF 285.00 326.00 611.00"", exposed ""2"" L1@10.0 CLF 285.00 466.00 751.00""). NECA raw p202 (26 05 33 EMT): ""2-inch 8.00 10.00 12.00 C"" (note: add 10% for colored conduit; fittings extra: ""EMT Set Screw Box Connectors 2-inch 0.25 0.31 0.37 E"", ""EMT Set Screw Couplings 2-inch 0.12 0.14 0.16 E"", ""Field Bending EMT Conduit 2-inch 1.00 1.24 1.50 E"" p202). Totals per 100 ft with 29 conductors (see companion row): NE 31.20 h and 1,050.60 USD; NECA 28.30 h. Medium: sizes exact but both books are a sum of two tables rather than one assembly line; installation condition (concealed vs exposed vs slab) not on label; couplings, connectors, straps, boxes, terminations not included","2"" L1@8.00 CLF 285.00 373.00 658.00",item,2-inch 8.00 10.00 12.00 C,item
32,2 EMT 29#10,ENSEEEC9BF5D01517F12,94,Copper Building Wire: Type THHN 600 volt solid copper building wire # 10 || raw: # 10 L2@8.00 KLF 264.00 373.00 637.00,264.00,8.00,KLF,150,600 Volt Bldg Wire-1/C-Copper Type THHN & THWN: #10 || raw: #10 7.00 8.75 10.50 M,7.00,M,high,"Companion row 2/2: wire per 1000 ft, x 29 conductors, to add to the 2"" EMT raceway row. NE raw p94 ""# 10 L2@8.00 KLF 264.00 373.00 637.00"" (THHN solid, crew L2; = 0.80 h and 26.40 USD per 100 ft per conductor -> 23.20 h and 765.60 USD per 100 ft for 29; THW/XHHW alts same pages). NECA raw p150 ""#10 7.00 8.75 10.50 M"" = 0.70 h per 100 ft per conductor -> 20.30 h for 29 (note p150: reduce labor 10% with factory-lubricated wire). Exact size match (#10); THHN solid assumed as in earlier chunks",# 10 L2@8.00 KLF 264.00 373.00 637.00,item,#10 7.00 8.75 10.50 M,item
32,3/4 EMT 3#6,ENS003DB51715411B191,18,"EMT conduit in concealed areas, walls and closed ceilings 3/4"" || raw: 3/4"" L1@3.75 CLF 74.30 175.00 249.30",74.30,3.75,CLF,202,Electrical Metallic Tubing (EMT): 3/4-inch || raw: 3/4-inch 5.00 6.20 7.50 C,5.00,C,medium,"Dupuis conduit spec ""3/4 3c6"" = 3/4"" EMT with 3 x #6 conductors (conduits-spec.csv: 4 occurrences, 6,538.0 px total length); EE ensemble ENS003DB51715411B191 ""conduit 3/4 03c06"" (key 19PE0.75 #06; 0 marks in ensembles-ee.csv). NE 2025 p449 3/4"" EMT conduit assemblies list #14/#12/#10 conductors only, 1 to 6 wires (largest line raw p449 ""6 #10THHN, solid L1@9.32 CLF 238.00 434.00 672.00"") - no assembly for 3 x #6. Row 1/2 = conduit per 100 ft, priced as raceway + wire separately (same method as chunk-26/28/29/31). NE raw p18 (concealed areas, walls and closed ceilings): ""3/4"" L1@3.75 CLF 74.30 175.00 249.30"" (alts same page: in floor slab / trapeze ""3/4"" L1@3.50 CLF 74.30 163.00 237.30"", exposed ""3/4"" L1@4.00 CLF 74.30 186.00 260.30""). NECA raw p202 (26 05 33 EMT): ""3/4-inch 5.00 6.20 7.50 C"" (note: add 10% for colored conduit; fittings extra: ""EMT Set Screw Box Connectors 3/4-inch 0.10 0.12 0.15 E"", ""EMT Set Screw Couplings 3/4-inch 0.05 0.06 0.07 E"", ""EMT Factory Elbows 3/4-inch 0.22 0.27 0.33 E"" p202). Totals per 100 ft with 3 conductors (see companion row): NE 6.75 h and 256.40 USD; NECA 8.30 h. Medium: sizes exact but both books are a sum of two tables rather than one assembly line; installation condition (concealed vs exposed vs slab) not on label; couplings, connectors, straps, boxes, terminations not included","3/4"" L1@3.75 CLF 74.30 175.00 249.30",item,3/4-inch 5.00 6.20 7.50 C,item
32,3/4 EMT 3#6,ENS003DB51715411B191,95,"Copper Building Wire: Type THHN 600 volt stranded copper building wire # 6 || raw: # 6 L2@10.0 KLF 607.00 466.00 1,073.00",607.00,10.00,KLF,150,600 Volt Bldg Wire-1/C-Copper Type THHN & THWN: #6 || raw: #6 11.00 13.75 16.50 M,11.00,M,high,"Companion row 2/2: wire per 1000 ft, x 3 conductors, to add to the 3/4"" EMT raceway row. NE raw p95 ""# 6 L2@10.0 KLF 607.00 466.00 1,073.00"" (THHN stranded, crew L2; = 1.00 h and 60.70 USD per 100 ft per conductor -> 3.00 h and 182.10 USD per 100 ft for 3; THW/XHHW alts same pages). NECA raw p150 ""#6 11.00 13.75 16.50 M"" = 1.10 h per 100 ft per conductor -> 3.30 h for 3 (note p150: reduce labor 10% with factory-lubricated wire). Exact size match (#6); THHN stranded is the only #6 THHN form listed in NE 2025 (p94 solid stops at #10)","# 6 L2@10.0 KLF 607.00 466.00 1,073.00",item,#6 11.00 13.75 16.50 M,item
32,2 EMT 21#10,ENS80A7CC75E41101480,18,"EMT conduit in concealed areas, walls and closed ceilings 2"" || raw: 2"" L1@8.00 CLF 285.00 373.00 658.00",285.00,8.00,CLF,202,Electrical Metallic Tubing (EMT): 2-inch || raw: 2-inch 8.00 10.00 12.00 C,8.00,C,medium,"Dupuis conduit spec ""2 21c10"" = 2"" EMT with 21 x #10 conductors (conduits-spec.csv: 4 occurrences, 14,452.0 px total length); EE ensemble ENS80A7CC75E41101480 ""conduit 2 21c10"" (key 19PE2 #10; 0 marks in ensembles-ee.csv). NE 2025 has no 2"" EMT conduit assemblies (assembly tables p448-451 cover 1/2"" to 1-1/4"" only). Row 1/2 = conduit per 100 ft, priced as raceway + wire separately (same method as chunk-26/28/29/31). NE raw p18 (concealed areas, walls and closed ceilings): ""2"" L1@8.00 CLF 285.00 373.00 658.00"" (alts same page: in floor slab / trapeze ""2"" L1@7.00 CLF 285.00 326.00 611.00"", exposed ""2"" L1@10.0 CLF 285.00 466.00 751.00""). NECA raw p202 (26 05 33 EMT): ""2-inch 8.00 10.00 12.00 C"" (note: add 10% for colored conduit; fittings extra: ""EMT Set Screw Box Connectors 2-inch 0.25 0.31 0.37 E"", ""EMT Set Screw Couplings 2-inch 0.12 0.14 0.16 E"", ""Field Bending EMT Conduit 2-inch 1.00 1.24 1.50 E"" p202). Totals per 100 ft with 21 conductors (see companion row): NE 24.80 h and 839.40 USD; NECA 22.70 h. Medium: sizes exact but both books are a sum of two tables rather than one assembly line; installation condition (concealed vs exposed vs slab) not on label; couplings, connectors, straps, boxes, terminations not included","2"" L1@8.00 CLF 285.00 373.00 658.00",item,2-inch 8.00 10.00 12.00 C,item
32,2 EMT 21#10,ENS80A7CC75E41101480,94,Copper Building Wire: Type THHN 600 volt solid copper building wire # 10 || raw: # 10 L2@8.00 KLF 264.00 373.00 637.00,264.00,8.00,KLF,150,600 Volt Bldg Wire-1/C-Copper Type THHN & THWN: #10 || raw: #10 7.00 8.75 10.50 M,7.00,M,high,"Companion row 2/2: wire per 1000 ft, x 21 conductors, to add to the 2"" EMT raceway row. NE raw p94 ""# 10 L2@8.00 KLF 264.00 373.00 637.00"" (THHN solid, crew L2; = 0.80 h and 26.40 USD per 100 ft per conductor -> 16.80 h and 554.40 USD per 100 ft for 21; THW/XHHW alts same pages). NECA raw p150 ""#10 7.00 8.75 10.50 M"" = 0.70 h per 100 ft per conductor -> 14.70 h for 21 (note p150: reduce labor 10% with factory-lubricated wire). Exact size match (#10); THHN solid assumed as in earlier chunks",# 10 L2@8.00 KLF 264.00 373.00 637.00,item,#10 7.00 8.75 10.50 M,item
32,1 1/4 EMT 6#6,ENSC2249CE81017D7B0D,18,"EMT conduit in concealed areas, walls and closed ceilings 1-1/4"" || raw: 1-1/4"" L1@5.00 CLF 189.00 233.00 422.00",189.00,5.00,CLF,202,Electrical Metallic Tubing (EMT): 1 1/4-inch || raw: 1 1/4-inch 6.20 7.80 9.30 C,6.20,C,medium,"Dupuis conduit spec ""1''1/4 6c6"" = 1-1/4"" EMT with 6 x #6 conductors (conduits-spec.csv: 4 occurrences, 200,559.5 px total length); EE ensemble ENSC2249CE81017D7B0D ""conduit 1''1/4 06c06"" (key 19PE1.25 #06; 0 marks in ensembles-ee.csv). NE 2025 p451 1-1/4"" EMT conduit assemblies list #14/#12/#10 conductors only, 1 to 6 wires (largest line raw p451 ""6 #10THHN, solid L1@10.9 CLF 365.00 508.00 873.00"") - no assembly for 6 x #6. Row 1/2 = conduit per 100 ft, priced as raceway + wire separately (same method as chunk-26/28/29/31). NE raw p18 (concealed areas, walls and closed ceilings): ""1-1/4"" L1@5.00 CLF 189.00 233.00 422.00"" (alts same page: in floor slab / trapeze ""1-1/4"" L1@4.50 CLF 189.00 210.00 399.00"", exposed ""1-1/4"" L1@6.00 CLF 189.00 280.00 469.00""). NECA raw p202 (26 05 33 EMT): ""1 1/4-inch 6.20 7.80 9.30 C"" (note: add 10% for colored conduit; fittings extra: ""EMT Set Screw Box Connectors 1 1/4-inch 0.16 0.20 0.24 E"", ""EMT Set Screw Couplings 1 1/4-inch 0.08 0.09 0.10 E"", ""EMT Factory Elbows 1 1/4-inch 0.32 0.40 0.48 E"" p202). Totals per 100 ft with 6 conductors (see companion row): NE 11.00 h and 553.20 USD; NECA 12.80 h. Medium: sizes exact but both books are a sum of two tables rather than one assembly line; installation condition (concealed vs exposed vs slab) not on label; couplings, connectors, straps, boxes, terminations not included","1-1/4"" L1@5.00 CLF 189.00 233.00 422.00",item,1 1/4-inch 6.20 7.80 9.30 C,item
32,1 1/4 EMT 6#6,ENSC2249CE81017D7B0D,95,"Copper Building Wire: Type THHN 600 volt stranded copper building wire # 6 || raw: # 6 L2@10.0 KLF 607.00 466.00 1,073.00",607.00,10.00,KLF,150,600 Volt Bldg Wire-1/C-Copper Type THHN & THWN: #6 || raw: #6 11.00 13.75 16.50 M,11.00,M,high,"Companion row 2/2: wire per 1000 ft, x 6 conductors, to add to the 1-1/4"" EMT raceway row. NE raw p95 ""# 6 L2@10.0 KLF 607.00 466.00 1,073.00"" (THHN stranded, crew L2; = 1.00 h and 60.70 USD per 100 ft per conductor -> 6.00 h and 364.20 USD per 100 ft for 6; THW/XHHW alts same pages). NECA raw p150 ""#6 11.00 13.75 16.50 M"" = 1.10 h per 100 ft per conductor -> 6.60 h for 6 (note p150: reduce labor 10% with factory-lubricated wire). Exact size match (#6); THHN stranded is the only #6 THHN form listed in NE 2025 (p94 solid stops at #10)","# 6 L2@10.0 KLF 607.00 466.00 1,073.00",item,#6 11.00 13.75 16.50 M,item
33,4 EMT 4#3,,18,"EMT conduit in concealed areas, walls and closed ceilings 4"" || raw: 4"" L1@16.0 CLF 842.00 745.00 1,587.00",842.00,16.0,CLF,202,Electrical Metallic Tubing (EMT): 4-inch || raw: 4-inch 16.00 20.00 24.00 C,16.00,C,low,"Dupuis conduit spec ""4 4c3"" (conduits-spec.csv: 3 occurrences, 18,195.4 px total length); NO EE ensemble code for this spec in ensembles-ee.csv (the only ""4c3"" ensembles are 1''1/4 and 2 in). WARNING - implausible as labelled: 4 x #3 THHN in 4"" EMT is a grossly oversized raceway (1-1/4"" suffices, cf. Dupuis spec ""1''1/4 4c3"", 15 occurrences); the label is very likely truncated (4c3/0 or 4c3xx kcmil, as in chunk-30 where ""2 4c3"" was really 4 x 3/0 per its EE name) -> verify conductor size on the plans; no EE name here to disambiguate. Row 1/2 = 4"" EMT conduit per 100 ft (independent of conductor size). NE raw p18 (concealed areas, walls and closed ceilings): ""4"" L1@16.0 CLF 842.00 745.00 1,587.00"" (alts same page: in floor slab / trapeze ""4"" L1@12.0 CLF 842.00 559.00 1,401.00"", exposed ""4"" L1@18.0 CLF 842.00 839.00 1,681.00""). NECA raw p202 (26 05 33 EMT): ""4-inch 16.00 20.00 24.00 C"" (note: add 10% for colored conduit; fittings extra: ""EMT Set Screw Box Connectors 4-inch 0.45 0.60 0.75 E"", ""EMT Set Screw Couplings 4-inch 0.22 0.24 0.26 E"", ""EMT Factory Elbows 4-inch 1.00 1.25 1.50 E"", ""Field Bending EMT Conduit 4-inch 2.00 2.50 3.00 E"" p202). Totals per 100 ft as labelled (4 x #3, see companion row): NE conduit only 16.00 h and 842.00 USD (no NE #3 line); NECA 22.00 h. Couplings, connectors, straps, boxes, terminations not included","4"" L1@16.0 CLF 842.00 745.00 1,587.00",item,4-inch 16.00 20.00 24.00 C,item
33,4 EMT 4#3,,,none,,,,150,600 Volt Bldg Wire-1/C-Copper Type THHN & THWN: #3 || raw: #3 15.00 18.75 22.50 M,15.00,M,low,"Companion row 2/2: wire per 1000 ft, x 4 conductors, to add to the 4"" EMT raceway row. NE 2025 has NO #3 building wire line (p94-95 THHN/THW/XHHW go # 6, # 4, # 2, # 1 - no ""# 3"", verified in the CSV extracted from the PDF text) -> none for #3 as labelled. NECA raw p150 ""#3 15.00 18.75 22.50 M"" = 1.50 h per 100 ft per conductor -> 6.00 h for 4 (note p150: reduce labor 10% with factory-lubricated wire). Low: conductor size as labelled is physically implausible for a 4"" raceway (see raceway row); if the plans show e.g. 3/0 use NE raw p95 ""# 3/0 L3@17.0 KLF 4,160.00 792.00 4,952.00"" and NECA raw p150 ""3/0 26.00 32.50 39.00 M""; if 350 kcmil, NE raw p95 ""#350 KCMIL L4@24.0 KLF 8,660.00 1,120.00 9,780.00"" and NECA raw p150 ""350 kcmil 38.00 48.00 57.00 M"" - do not price until confirmed",,,#3 15.00 18.75 22.50 M,item
33,1 1/4 EMT 10#10,ENSC721B6D012816F123,18,"EMT conduit in concealed areas, walls and closed ceilings 1-1/4"" || raw: 1-1/4"" L1@5.00 CLF 189.00 233.00 422.00",189.00,5.00,CLF,202,Electrical Metallic Tubing (EMT): 1 1/4-inch || raw: 1 1/4-inch 6.20 7.80 9.30 C,6.20,C,medium,"Dupuis conduit spec ""1''1/4 10c10"" = 1-1/4"" EMT with 10 x #10 conductors (conduits-spec.csv: 3 occurrences, 7,132.4 px total length); EE ensemble ENSC721B6D012816F123 ""conduit 1''1/4 10c10"" (key 19PE1.25 #10). NE 2025 conduit assemblies (p448-451) cover 1/2"" to 1-1/4"" with #14/#12/#10 only, 1 to 6 wires - no assembly for this spec. Row 1/2 = conduit per 100 ft, priced as raceway + wire separately (same method as chunk-26 to 31). NE raw p18 (concealed areas, walls and closed ceilings): ""1-1/4"" L1@5.00 CLF 189.00 233.00 422.00"" (alts same page: in floor slab / trapeze ""1-1/4"" L1@4.50 CLF 189.00 210.00 399.00"", exposed ""1-1/4"" L1@6.00 CLF 189.00 280.00 469.00""). NECA raw p202 (26 05 33 EMT): ""1 1/4-inch 6.20 7.80 9.30 C"" (note: add 10% for colored conduit; fittings extra: ""EMT Set Screw Box Connectors 1 1/4-inch 0.16 0.20 0.24 E"", ""EMT Set Screw Couplings 1 1/4-inch 0.08 0.09 0.10 E"", ""Field Bending EMT Conduit 1 1/4-inch 0.64 0.80 0.96 E"" p202). Totals per 100 ft with 10 conductors (see companion row): NE 13.00 h and 453.00 USD; NECA 13.20 h. Medium: sizes exact but both books are a sum of two tables rather than one assembly line; installation condition (concealed vs exposed vs slab) not on label; couplings, connectors, straps, boxes, terminations not included","1-1/4"" L1@5.00 CLF 189.00 233.00 422.00",item,1 1/4-inch 6.20 7.80 9.30 C,item
33,1 1/4 EMT 10#10,ENSC721B6D012816F123,94,Copper Building Wire: Type THHN 600 volt solid copper building wire # 10 || raw: # 10 L2@8.00 KLF 264.00 373.00 637.00,264.00,8.00,KLF,150,600 Volt Bldg Wire-1/C-Copper Type THHN & THWN: #10 || raw: #10 7.00 8.75 10.50 M,7.00,M,high,"Companion row 2/2: wire per 1000 ft, x 10 conductors, to add to the 1-1/4"" EMT raceway row. NE raw p94 ""# 10 L2@8.00 KLF 264.00 373.00 637.00"" (THHN solid, crew L2; = 0.80 h and 26.40 USD per 100 ft per conductor -> 8.00 h and 264.00 USD per 100 ft for 10; THW/XHHW alts same pages). NECA raw p150 ""#10 7.00 8.75 10.50 M"" = 0.70 h per 100 ft per conductor -> 7.00 h for 10 (note p150: reduce labor 10% with factory-lubricated wire). Exact size match (#10). THHN solid as in earlier chunks. NE 2025 p451 1-1/4"" EMT assemblies stop at 6 conductors (raw ""6 #10THHN, solid L1@10.9 CLF 365.00 508.00 873.00"") - no assembly for 10 wires",# 10 L2@8.00 KLF 264.00 373.00 637.00,item,#10 7.00 8.75 10.50 M,item
33,1 EMT 4#8,ENS380E403B12BF115C1,18,"EMT conduit in concealed areas, walls and closed ceilings 1"" || raw: 1"" L1@4.25 CLF 125.00 198.00 323.00",125.00,4.25,CLF,202,Electrical Metallic Tubing (EMT): 1-inch || raw: 1-inch 5.50 6.80 8.20 C,5.50,C,medium,"Dupuis conduit spec ""1 4c8"" = 1"" EMT with 4 x #8 conductors (conduits-spec.csv: 3 occurrences, 36,223.5 px total length); EE ensemble ENS380E403B12BF115C1 ""conduit 1 04c08"" (key 19PE1 #08). NE 2025 conduit assemblies (p448-451) cover 1/2"" to 1-1/4"" with #14/#12/#10 only, 1 to 6 wires - no assembly for this spec. Row 1/2 = conduit per 100 ft, priced as raceway + wire separately (same method as chunk-26 to 31). NE raw p18 (concealed areas, walls and closed ceilings): ""1"" L1@4.25 CLF 125.00 198.00 323.00"" (alts same page: in floor slab / trapeze ""1"" L1@4.00 CLF 125.00 186.00 311.00"", exposed ""1"" L1@4.50 CLF 125.00 210.00 335.00""). NECA raw p202 (26 05 33 EMT): ""1-inch 5.50 6.80 8.20 C"" (note: add 10% for colored conduit; fittings extra: ""EMT Set Screw Box Connectors 1-inch 0.12 0.15 0.18 E"", ""EMT Set Screw Couplings 1-inch 0.06 0.07 0.08 E"", ""EMT Factory Elbows 1-inch 0.25 0.31 0.37 E"" p202). Totals per 100 ft with 4 conductors (see companion row): NE 7.85 h and 288.20 USD; NECA 9.10 h. Medium: sizes exact but both books are a sum of two tables rather than one assembly line (NE p450 1"" EMT assemblies list #14/#12/#10 only, max ""6 #10THHN, solid L1@10.1 CLF 292.00 471.00 763.00"" - no #8 assembly); installation condition (concealed vs exposed vs slab) not on label; couplings, connectors, straps, boxes, terminations not included","1"" L1@4.25 CLF 125.00 198.00 323.00",item,1-inch 5.50 6.80 8.20 C,item
33,1 EMT 4#8,ENS380E403B12BF115C1,95,Copper Building Wire: Type THHN 600 volt stranded copper building wire # 8 || raw: # 8 L2@9.00 KLF 408.00 419.00 827.00,408.00,9.00,KLF,150,600 Volt Bldg Wire-1/C-Copper Type THHN & THWN: #8 || raw: #8 9.00 11.25 13.50 M,9.00,M,high,"Companion row 2/2: wire per 1000 ft, x 4 conductors, to add to the 1"" EMT raceway row. NE raw p95 ""# 8 L2@9.00 KLF 408.00 419.00 827.00"" (THHN stranded (NE 2025 lists #8 THHN in stranded only, p95), crew L2; = 0.90 h and 40.80 USD per 100 ft per conductor -> 3.60 h and 163.20 USD per 100 ft for 4; THW/XHHW alts same pages). NECA raw p150 ""#8 9.00 11.25 13.50 M"" = 0.90 h per 100 ft per conductor -> 3.60 h for 4 (note p150: reduce labor 10% with factory-lubricated wire). Exact size match (#8).",# 8 L2@9.00 KLF 408.00 419.00 827.00,item,#8 9.00 11.25 13.50 M,item
33,2 EMT 41#12,ENS8B67FC7C14A19B199,18,"EMT conduit in concealed areas, walls and closed ceilings 2"" || raw: 2"" L1@8.00 CLF 285.00 373.00 658.00",285.00,8.00,CLF,202,Electrical Metallic Tubing (EMT): 2-inch || raw: 2-inch 8.00 10.00 12.00 C,8.00,C,medium,"Dupuis conduit spec ""2 41c12"" = 2"" EMT with 41 x #12 conductors (conduits-spec.csv: 3 occurrences, 3,326.3 px total length); EE ensemble ENS8B67FC7C14A19B199 ""conduit 2 41c12"" (key 19PE2 #12). NE 2025 conduit assemblies (p448-451) cover 1/2"" to 1-1/4"" with #14/#12/#10 only, 1 to 6 wires - no assembly for this spec. Row 1/2 = conduit per 100 ft, priced as raceway + wire separately (same method as chunk-26 to 31). NE raw p18 (concealed areas, walls and closed ceilings): ""2"" L1@8.00 CLF 285.00 373.00 658.00"" (alts same page: in floor slab / trapeze ""2"" L1@7.00 CLF 285.00 326.00 611.00"", exposed ""2"" L1@10.0 CLF 285.00 466.00 751.00""). NECA raw p202 (26 05 33 EMT): ""2-inch 8.00 10.00 12.00 C"" (note: add 10% for colored conduit; fittings extra: ""EMT Set Screw Box Connectors 2-inch 0.25 0.31 0.37 E"", ""EMT Set Screw Couplings 2-inch 0.12 0.14 0.16 E"", ""Field Bending EMT Conduit 2-inch 1.00 1.24 1.50 E"" p202). Totals per 100 ft with 41 conductors (see companion row): NE 36.70 h and 994.30 USD; NECA 32.60 h. Medium: sizes exact but both books are a sum of two tables rather than one assembly line; installation condition (concealed vs exposed vs slab) not on label; couplings, connectors, straps, boxes, terminations not included","2"" L1@8.00 CLF 285.00 373.00 658.00",item,2-inch 8.00 10.00 12.00 C,item
33,2 EMT 41#12,ENS8B67FC7C14A19B199,94,Copper Building Wire: Type THHN 600 volt solid copper building wire # 12 || raw: # 12 L2@7.00 KLF 173.00 326.00 499.00,173.00,7.00,KLF,150,600 Volt Bldg Wire-1/C-Copper Type THHN & THWN: #12 || raw: #12 6.00 7.50 9.00 M,6.00,M,high,"Companion row 2/2: wire per 1000 ft, x 41 conductors, to add to the 2"" EMT raceway row. NE raw p94 ""# 12 L2@7.00 KLF 173.00 326.00 499.00"" (THHN solid, crew L2; = 0.70 h and 17.30 USD per 100 ft per conductor -> 28.70 h and 709.30 USD per 100 ft for 41; THW/XHHW alts same pages). NECA raw p150 ""#12 6.00 7.50 9.00 M"" = 0.60 h per 100 ft per conductor -> 24.60 h for 41 (note p150: reduce labor 10% with factory-lubricated wire). Exact size match (#12). THHN solid as in earlier chunks",# 12 L2@7.00 KLF 173.00 326.00 499.00,item,#12 6.00 7.50 9.00 M,item
33,2 EMT 4#4,ENS90C8793D101147321,18,"EMT conduit in concealed areas, walls and closed ceilings 2"" || raw: 2"" L1@8.00 CLF 285.00 373.00 658.00",285.00,8.00,CLF,202,Electrical Metallic Tubing (EMT): 2-inch || raw: 2-inch 8.00 10.00 12.00 C,8.00,C,low,"Dupuis conduit spec ""2 4c4"" (conduits-spec.csv: 3 occurrences, 8,293.0 px total length). WARNING - conductor size conflict: family label / conduits-spec.csv ""2 4c4"" reads as 4 x #4, but the EE ensemble ENS90C8793D101147321 is named ""conduit 2 4c4/0"" with key ""19PE2 # 0000"" = 4 x 4/0 AWG. 4/0 is the physically plausible reading (4 x 4/0 THHN in 2"" EMT is a normal 225-250 A feeder fill; 4 x #4 in 2"" EMT would be grossly oversized, 1-1/4"" suffices - cf. Dupuis spec ""1''1/4 4c4"" in chunk-30) -> verify on the plans; both readings priced in the companion row -> low (same situation as ""2 EMT 4#3"" in chunk-30). Row 1/2 = 2"" EMT conduit per 100 ft (independent of conductor size). NE raw p18 (concealed areas, walls and closed ceilings): ""2"" L1@8.00 CLF 285.00 373.00 658.00"" (alts same page: in floor slab / trapeze ""2"" L1@7.00 CLF 285.00 326.00 611.00"", exposed ""2"" L1@10.0 CLF 285.00 466.00 751.00""). NECA raw p202 (26 05 33 EMT): ""2-inch 8.00 10.00 12.00 C"" (note: add 10% for colored conduit; fittings extra: ""EMT Set Screw Box Connectors 2-inch 0.25 0.31 0.37 E"", ""EMT Set Screw Couplings 2-inch 0.12 0.14 0.16 E"", ""Field Bending EMT Conduit 2-inch 1.00 1.24 1.50 E"" p202). Totals per 100 ft with 4 conductors (see companion row): if #4 -> NE 12.80 h and 737.00 USD / NECA 13.20 h; if 4/0 -> NE 15.20 h and 2,373.00 USD / NECA 19.60 h. Couplings, connectors, straps, boxes, terminations not included","2"" L1@8.00 CLF 285.00 373.00 658.00",item,2-inch 8.00 10.00 12.00 C,item
33,2 EMT 4#4,ENS90C8793D101147321,95,"Copper Building Wire: Type THHN 600 volt stranded copper building wire # 4 || raw: # 4 L2@12.0 KLF 1,130.00 559.00 1,689.00",1130.00,12.0,KLF,150,600 Volt Bldg Wire-1/C-Copper Type THHN & THWN: #4 || raw: #4 13.00 16.25 19.50 M,13.00,M,low,"Companion row 2/2: wire per 1000 ft, x 4 conductors, to add to the 2"" EMT raceway row - priced as labelled (#4). NE raw p95 ""# 4 L2@12.0 KLF 1,130.00 559.00 1,689.00"" (THHN stranded, crew L2; = 1.20 h and 113.00 USD per 100 ft per conductor -> 4.80 h and 452.00 USD for 4). NECA raw p150 ""#4 13.00 16.25 19.50 M"" = 1.30 h per 100 ft per conductor -> 5.20 h for 4 (note p150: reduce labor 10% with factory-lubricated wire). If the EE ensemble reading (4 x 4/0, see raceway row) is confirmed: NE raw p95 ""# 4/0 L3@18.0 KLF 5,220.00 839.00 6,059.00"" (THHN stranded, crew L3; = 1.80 h and 522.00 USD per 100 ft per conductor -> 7.20 h and 2,088.00 USD for 4); NECA raw p150 ""4/0 29.00 36.20 43.50 M"" = 2.90 h per 100 ft per conductor -> 11.60 h for 4. Low until the conductor size is confirmed on the plans","# 4 L2@12.0 KLF 1,130.00 559.00 1,689.00",item,#4 13.00 16.25 19.50 M,item
33,3/4 EMT 8#12,ENS2237888311317C128,18,"EMT conduit in concealed areas, walls and closed ceilings 3/4"" || raw: 3/4"" L1@3.75 CLF 74.30 175.00 249.30",74.30,3.75,CLF,202,Electrical Metallic Tubing (EMT): 3/4-inch || raw: 3/4-inch 5.00 6.20 7.50 C,5.00,C,medium,"Dupuis conduit spec ""3/4 8c12"" = 3/4"" EMT with 8 x #12 conductors (conduits-spec.csv: 3 occurrences, 2,906.1 px total length); EE ensemble ENS2237888311317C128 ""conduit 3/4 08c12"" (key 19PE0.75 #12). NE 2025 conduit assemblies (p448-451) cover 1/2"" to 1-1/4"" with #14/#12/#10 only, 1 to 6 wires - no assembly for this spec. Row 1/2 = conduit per 100 ft, priced as raceway + wire separately (same method as chunk-26 to 31). NE raw p18 (concealed areas, walls and closed ceilings): ""3/4"" L1@3.75 CLF 74.30 175.00 249.30"" (alts same page: in floor slab / trapeze ""3/4"" L1@3.50 CLF 74.30 163.00 237.30"", exposed ""3/4"" L1@4.00 CLF 74.30 186.00 260.30""). NECA raw p202 (26 05 33 EMT): ""3/4-inch 5.00 6.20 7.50 C"" (note: add 10% for colored conduit; fittings extra: ""EMT Set Screw Box Connectors 3/4-inch 0.10 0.12 0.15 E"", ""EMT Set Screw Couplings 3/4-inch 0.05 0.06 0.07 E"", ""EMT Factory Elbows 3/4-inch 0.22 0.27 0.33 E"" p202). Totals per 100 ft with 8 conductors (see companion row): NE 9.35 h and 212.70 USD; NECA 9.80 h. Medium: sizes exact but both books are a sum of two tables rather than one assembly line (NE p449 3/4"" EMT assemblies stop at 6 conductors, raw ""6 #12THHN, solid L1@8.72 CLF 184.00 406.00 590.00"" - no 8-wire assembly); installation condition (concealed vs exposed vs slab) not on label; couplings, connectors, straps, boxes, terminations not included. Fill: verify 8 x #12 THHN in 3/4"" EMT against the project code (CEC) - near the upper limit of the raceway","3/4"" L1@3.75 CLF 74.30 175.00 249.30",item,3/4-inch 5.00 6.20 7.50 C,item
33,3/4 EMT 8#12,ENS2237888311317C128,94,Copper Building Wire: Type THHN 600 volt solid copper building wire # 12 || raw: # 12 L2@7.00 KLF 173.00 326.00 499.00,173.00,7.00,KLF,150,600 Volt Bldg Wire-1/C-Copper Type THHN & THWN: #12 || raw: #12 6.00 7.50 9.00 M,6.00,M,high,"Companion row 2/2: wire per 1000 ft, x 8 conductors, to add to the 3/4"" EMT raceway row. NE raw p94 ""# 12 L2@7.00 KLF 173.00 326.00 499.00"" (THHN solid, crew L2; = 0.70 h and 17.30 USD per 100 ft per conductor -> 5.60 h and 138.40 USD per 100 ft for 8; THW/XHHW alts same pages). NECA raw p150 ""#12 6.00 7.50 9.00 M"" = 0.60 h per 100 ft per conductor -> 4.80 h for 8 (note p150: reduce labor 10% with factory-lubricated wire). Exact size match (#12). THHN solid as in earlier chunks",# 12 L2@7.00 KLF 173.00 326.00 499.00,item,#12 6.00 7.50 9.00 M,item
33,2 EMT 22#10,ENSF6E4EAE013F106BC0,18,"EMT conduit in concealed areas, walls and closed ceilings 2"" || raw: 2"" L1@8.00 CLF 285.00 373.00 658.00",285.00,8.00,CLF,202,Electrical Metallic Tubing (EMT): 2-inch || raw: 2-inch 8.00 10.00 12.00 C,8.00,C,medium,"Dupuis conduit spec ""2 22c10"" = 2"" EMT with 22 x #10 conductors (conduits-spec.csv: 3 occurrences, 4,744.3 px total length); EE ensemble ENSF6E4EAE013F106BC0 ""conduit 2 22c10"" (key 19PE2 #10). NE 2025 conduit assemblies (p448-451) cover 1/2"" to 1-1/4"" with #14/#12/#10 only, 1 to 6 wires - no assembly for this spec. Row 1/2 = conduit per 100 ft, priced as raceway + wire separately (same method as chunk-26 to 31). NE raw p18 (concealed areas, walls and closed ceilings): ""2"" L1@8.00 CLF 285.00 373.00 658.00"" (alts same page: in floor slab / trapeze ""2"" L1@7.00 CLF 285.00 326.00 611.00"", exposed ""2"" L1@10.0 CLF 285.00 466.00 751.00""). NECA raw p202 (26 05 33 EMT): ""2-inch 8.00 10.00 12.00 C"" (note: add 10% for colored conduit; fittings extra: ""EMT Set Screw Box Connectors 2-inch 0.25 0.31 0.37 E"", ""EMT Set Screw Couplings 2-inch 0.12 0.14 0.16 E"", ""Field Bending EMT Conduit 2-inch 1.00 1.24 1.50 E"" p202). Totals per 100 ft with 22 conductors (see companion row): NE 25.60 h and 865.80 USD; NECA 23.40 h. Medium: sizes exact but both books are a sum of two tables rather than one assembly line; installation condition (concealed vs exposed vs slab) not on label; couplings, connectors, straps, boxes, terminations not included","2"" L1@8.00 CLF 285.00 373.00 658.00",item,2-inch 8.00 10.00 12.00 C,item
33,2 EMT 22#10,ENSF6E4EAE013F106BC0,94,Copper Building Wire: Type THHN 600 volt solid copper building wire # 10 || raw: # 10 L2@8.00 KLF 264.00 373.00 637.00,264.00,8.00,KLF,150,600 Volt Bldg Wire-1/C-Copper Type THHN & THWN: #10 || raw: #10 7.00 8.75 10.50 M,7.00,M,high,"Companion row 2/2: wire per 1000 ft, x 22 conductors, to add to the 2"" EMT raceway row. NE raw p94 ""# 10 L2@8.00 KLF 264.00 373.00 637.00"" (THHN solid, crew L2; = 0.80 h and 26.40 USD per 100 ft per conductor -> 17.60 h and 580.80 USD per 100 ft for 22; THW/XHHW alts same pages). NECA raw p150 ""#10 7.00 8.75 10.50 M"" = 0.70 h per 100 ft per conductor -> 15.40 h for 22 (note p150: reduce labor 10% with factory-lubricated wire). Exact size match (#10). THHN solid as in earlier chunks",# 10 L2@8.00 KLF 264.00 373.00 637.00,item,#10 7.00 8.75 10.50 M,item
33,1 1/4 EMT 4#6,ENS7948F9C2157771120,18,"EMT conduit in concealed areas, walls and closed ceilings 1-1/4"" || raw: 1-1/4"" L1@5.00 CLF 189.00 233.00 422.00",189.00,5.00,CLF,202,Electrical Metallic Tubing (EMT): 1 1/4-inch || raw: 1 1/4-inch 6.20 7.80 9.30 C,6.20,C,medium,"Dupuis conduit spec ""1''1/4 4c6"" = 1-1/4"" EMT with 4 x #6 conductors (conduits-spec.csv: 3 occurrences, 8,664.6 px total length); EE ensemble ENS7948F9C2157771120 ""conduit 1''1/4 04c06"" (key 19PE1.25 #06). NE 2025 conduit assemblies (p448-451) cover 1/2"" to 1-1/4"" with #14/#12/#10 only, 1 to 6 wires - no assembly for this spec. Row 1/2 = conduit per 100 ft, priced as raceway + wire separately (same method as chunk-26 to 31). NE raw p18 (concealed areas, walls and closed ceilings): ""1-1/4"" L1@5.00 CLF 189.00 233.00 422.00"" (alts same page: in floor slab / trapeze ""1-1/4"" L1@4.50 CLF 189.00 210.00 399.00"", exposed ""1-1/4"" L1@6.00 CLF 189.00 280.00 469.00""). NECA raw p202 (26 05 33 EMT): ""1 1/4-inch 6.20 7.80 9.30 C"" (note: add 10% for colored conduit; fittings extra: ""EMT Set Screw Box Connectors 1 1/4-inch 0.16 0.20 0.24 E"", ""EMT Set Screw Couplings 1 1/4-inch 0.08 0.09 0.10 E"", ""Field Bending EMT Conduit 1 1/4-inch 0.64 0.80 0.96 E"" p202). Totals per 100 ft with 4 conductors (see companion row): NE 9.00 h and 431.80 USD; NECA 10.60 h. Medium: sizes exact but both books are a sum of two tables rather than one assembly line (NE p451 1-1/4"" EMT assemblies list #14/#12/#10 only - no #6 assembly); installation condition (concealed vs exposed vs slab) not on label; couplings, connectors, straps, boxes, terminations not included","1-1/4"" L1@5.00 CLF 189.00 233.00 422.00",item,1 1/4-inch 6.20 7.80 9.30 C,item
33,1 1/4 EMT 4#6,ENS7948F9C2157771120,95,"Copper Building Wire: Type THHN 600 volt stranded copper building wire # 6 || raw: # 6 L2@10.0 KLF 607.00 466.00 1,073.00",607.00,10.0,KLF,150,600 Volt Bldg Wire-1/C-Copper Type THHN & THWN: #6 || raw: #6 11.00 13.75 16.50 M,11.00,M,high,"Companion row 2/2: wire per 1000 ft, x 4 conductors, to add to the 1-1/4"" EMT raceway row. NE raw p95 ""# 6 L2@10.0 KLF 607.00 466.00 1,073.00"" (THHN stranded (NE 2025 lists #6 THHN in stranded only, p95), crew L2; = 1.00 h and 60.70 USD per 100 ft per conductor -> 4.00 h and 242.80 USD per 100 ft for 4; THW/XHHW alts same pages). NECA raw p150 ""#6 11.00 13.75 16.50 M"" = 1.10 h per 100 ft per conductor -> 4.40 h for 4 (note p150: reduce labor 10% with factory-lubricated wire). Exact size match (#6).","# 6 L2@10.0 KLF 607.00 466.00 1,073.00",item,#6 11.00 13.75 16.50 M,item
33,2 EMT 23#10,ENSC2480F2116C11FFF0,18,"EMT conduit in concealed areas, walls and closed ceilings 2"" || raw: 2"" L1@8.00 CLF 285.00 373.00 658.00",285.00,8.00,CLF,202,Electrical Metallic Tubing (EMT): 2-inch || raw: 2-inch 8.00 10.00 12.00 C,8.00,C,medium,"Dupuis conduit spec ""2 23c10"" = 2"" EMT with 23 x #10 conductors (conduits-spec.csv: 3 occurrences, 8,536.0 px total length); EE ensemble ENSC2480F2116C11FFF0 ""conduit 2 23c10"" (key 19PE2 #10). NE 2025 conduit assemblies (p448-451) cover 1/2"" to 1-1/4"" with #14/#12/#10 only, 1 to 6 wires - no assembly for this spec. Row 1/2 = conduit per 100 ft, priced as raceway + wire separately (same method as chunk-26 to 31). NE raw p18 (concealed areas, walls and closed ceilings): ""2"" L1@8.00 CLF 285.00 373.00 658.00"" (alts same page: in floor slab / trapeze ""2"" L1@7.00 CLF 285.00 326.00 611.00"", exposed ""2"" L1@10.0 CLF 285.00 466.00 751.00""). NECA raw p202 (26 05 33 EMT): ""2-inch 8.00 10.00 12.00 C"" (note: add 10% for colored conduit; fittings extra: ""EMT Set Screw Box Connectors 2-inch 0.25 0.31 0.37 E"", ""EMT Set Screw Couplings 2-inch 0.12 0.14 0.16 E"", ""Field Bending EMT Conduit 2-inch 1.00 1.24 1.50 E"" p202). Totals per 100 ft with 23 conductors (see companion row): NE 26.40 h and 892.20 USD; NECA 24.10 h. Medium: sizes exact but both books are a sum of two tables rather than one assembly line; installation condition (concealed vs exposed vs slab) not on label; couplings, connectors, straps, boxes, terminations not included","2"" L1@8.00 CLF 285.00 373.00 658.00",item,2-inch 8.00 10.00 12.00 C,item
33,2 EMT 23#10,ENSC2480F2116C11FFF0,94,Copper Building Wire: Type THHN 600 volt solid copper building wire # 10 || raw: # 10 L2@8.00 KLF 264.00 373.00 637.00,264.00,8.00,KLF,150,600 Volt Bldg Wire-1/C-Copper Type THHN & THWN: #10 || raw: #10 7.00 8.75 10.50 M,7.00,M,high,"Companion row 2/2: wire per 1000 ft, x 23 conductors, to add to the 2"" EMT raceway row. NE raw p94 ""# 10 L2@8.00 KLF 264.00 373.00 637.00"" (THHN solid, crew L2; = 0.80 h and 26.40 USD per 100 ft per conductor -> 18.40 h and 607.20 USD per 100 ft for 23; THW/XHHW alts same pages). NECA raw p150 ""#10 7.00 8.75 10.50 M"" = 0.70 h per 100 ft per conductor -> 16.10 h for 23 (note p150: reduce labor 10% with factory-lubricated wire). Exact size match (#10). THHN solid as in earlier chunks",# 10 L2@8.00 KLF 264.00 373.00 637.00,item,#10 7.00 8.75 10.50 M,item
33,2 EMT 19#10,ENS58AC240214948AC17,18,"EMT conduit in concealed areas, walls and closed ceilings 2"" || raw: 2"" L1@8.00 CLF 285.00 373.00 658.00",285.00,8.00,CLF,202,Electrical Metallic Tubing (EMT): 2-inch || raw: 2-inch 8.00 10.00 12.00 C,8.00,C,medium,"Dupuis conduit spec ""2 19c10"" = 2"" EMT with 19 x #10 conductors (conduits-spec.csv: 3 occurrences, 9,324.0 px total length); EE ensemble ENS58AC240214948AC17 ""conduit 2 19c10"" (key 19PE2 #10). NE 2025 conduit assemblies (p448-451) cover 1/2"" to 1-1/4"" with #14/#12/#10 only, 1 to 6 wires - no assembly for this spec. Row 1/2 = conduit per 100 ft, priced as raceway + wire separately (same method as chunk-26 to 31). NE raw p18 (concealed areas, walls and closed ceilings): ""2"" L1@8.00 CLF 285.00 373.00 658.00"" (alts same page: in floor slab / trapeze ""2"" L1@7.00 CLF 285.00 326.00 611.00"", exposed ""2"" L1@10.0 CLF 285.00 466.00 751.00""). NECA raw p202 (26 05 33 EMT): ""2-inch 8.00 10.00 12.00 C"" (note: add 10% for colored conduit; fittings extra: ""EMT Set Screw Box Connectors 2-inch 0.25 0.31 0.37 E"", ""EMT Set Screw Couplings 2-inch 0.12 0.14 0.16 E"", ""Field Bending EMT Conduit 2-inch 1.00 1.24 1.50 E"" p202). Totals per 100 ft with 19 conductors (see companion row): NE 23.20 h and 786.60 USD; NECA 21.30 h. Medium: sizes exact but both books are a sum of two tables rather than one assembly line; installation condition (concealed vs exposed vs slab) not on label; couplings, connectors, straps, boxes, terminations not included","2"" L1@8.00 CLF 285.00 373.00 658.00",item,2-inch 8.00 10.00 12.00 C,item
33,2 EMT 19#10,ENS58AC240214948AC17,94,Copper Building Wire: Type THHN 600 volt solid copper building wire # 10 || raw: # 10 L2@8.00 KLF 264.00 373.00 637.00,264.00,8.00,KLF,150,600 Volt Bldg Wire-1/C-Copper Type THHN & THWN: #10 || raw: #10 7.00 8.75 10.50 M,7.00,M,high,"Companion row 2/2: wire per 1000 ft, x 19 conductors, to add to the 2"" EMT raceway row. NE raw p94 ""# 10 L2@8.00 KLF 264.00 373.00 637.00"" (THHN solid, crew L2; = 0.80 h and 26.40 USD per 100 ft per conductor -> 15.20 h and 501.60 USD per 100 ft for 19; THW/XHHW alts same pages). NECA raw p150 ""#10 7.00 8.75 10.50 M"" = 0.70 h per 100 ft per conductor -> 13.30 h for 19 (note p150: reduce labor 10% with factory-lubricated wire). Exact size match (#10). THHN solid as in earlier chunks",# 10 L2@8.00 KLF 264.00 373.00 637.00,item,#10 7.00 8.75 10.50 M,item
33,1 1/4 EMT 12#10,ENS5836706B1257013F1,18,"EMT conduit in concealed areas, walls and closed ceilings 1-1/4"" || raw: 1-1/4"" L1@5.00 CLF 189.00 233.00 422.00",189.00,5.00,CLF,202,Electrical Metallic Tubing (EMT): 1 1/4-inch || raw: 1 1/4-inch 6.20 7.80 9.30 C,6.20,C,medium,"Dupuis conduit spec ""1''1/4 12c10"" = 1-1/4"" EMT with 12 x #10 conductors (conduits-spec.csv: 3 occurrences, 8,887.8 px total length); EE ensemble ENS5836706B1257013F1 ""conduit 1''1/4 12c10"" (key 19PE1.25 #10). NE 2025 conduit assemblies (p448-451) cover 1/2"" to 1-1/4"" with #14/#12/#10 only, 1 to 6 wires - no assembly for this spec. Row 1/2 = conduit per 100 ft, priced as raceway + wire separately (same method as chunk-26 to 31). NE raw p18 (concealed areas, walls and closed ceilings): ""1-1/4"" L1@5.00 CLF 189.00 233.00 422.00"" (alts same page: in floor slab / trapeze ""1-1/4"" L1@4.50 CLF 189.00 210.00 399.00"", exposed ""1-1/4"" L1@6.00 CLF 189.00 280.00 469.00""). NECA raw p202 (26 05 33 EMT): ""1 1/4-inch 6.20 7.80 9.30 C"" (note: add 10% for colored conduit; fittings extra: ""EMT Set Screw Box Connectors 1 1/4-inch 0.16 0.20 0.24 E"", ""EMT Set Screw Couplings 1 1/4-inch 0.08 0.09 0.10 E"", ""Field Bending EMT Conduit 1 1/4-inch 0.64 0.80 0.96 E"" p202). Totals per 100 ft with 12 conductors (see companion row): NE 14.60 h and 505.80 USD; NECA 14.60 h. Medium: sizes exact but both books are a sum of two tables rather than one assembly line; installation condition (concealed vs exposed vs slab) not on label; couplings, connectors, straps, boxes, terminations not included","1-1/4"" L1@5.00 CLF 189.00 233.00 422.00",item,1 1/4-inch 6.20 7.80 9.30 C,item
33,1 1/4 EMT 12#10,ENS5836706B1257013F1,94,Copper Building Wire: Type THHN 600 volt solid copper building wire # 10 || raw: # 10 L2@8.00 KLF 264.00 373.00 637.00,264.00,8.00,KLF,150,600 Volt Bldg Wire-1/C-Copper Type THHN & THWN: #10 || raw: #10 7.00 8.75 10.50 M,7.00,M,high,"Companion row 2/2: wire per 1000 ft, x 12 conductors, to add to the 1-1/4"" EMT raceway row. NE raw p94 ""# 10 L2@8.00 KLF 264.00 373.00 637.00"" (THHN solid, crew L2; = 0.80 h and 26.40 USD per 100 ft per conductor -> 9.60 h and 316.80 USD per 100 ft for 12; THW/XHHW alts same pages). NECA raw p150 ""#10 7.00 8.75 10.50 M"" = 0.70 h per 100 ft per conductor -> 8.40 h for 12 (note p150: reduce labor 10% with factory-lubricated wire). Exact size match (#10). THHN solid as in earlier chunks. NE 2025 p451 1-1/4"" EMT assemblies stop at 6 conductors (raw ""6 #10THHN, solid L1@10.9 CLF 365.00 508.00 873.00"") - no assembly for 12 wires",# 10 L2@8.00 KLF 264.00 373.00 637.00,item,#10 7.00 8.75 10.50 M,item
33,3/1 EMT 2#3,,,none,,,,,none,,,none,"Dupuis conduit spec ""3/1 2c3"" (conduits-spec.csv: 3 occurrences, 122,966.4 px total length - long runs); no EE ensemble code for this spec. ""3/1"" is NOT an EMT trade size (books list 1/2, 3/4, 1, 1-1/4, 1-1/2, 2, 2-1/2, 3, 3-1/2, 4 - NE p18, NECA p202): the label is a plan-text misread (likely ""3/4"" or ""1"" with a stray character, or a 3c1/0 type spec re-split) -> the raceway cannot be selected without inventing a size -> none. Same doubt on the conductors (""2c3"" = 2 x #3 is an unusual set: no neutral/ground count) -> verify on the plans. Reference lines once confirmed: raceway NE p18 concealed 3/4"" ""3/4"" L1@3.75 CLF 74.30 175.00 249.30"" or 1"" ""1"" L1@4.25 CLF 125.00 198.00 323.00"", NECA p202 ""3/4-inch 5.00 6.20 7.50 C"" / ""1-inch 5.50 6.80 8.20 C""; wire #3: NE 2025 has NO #3 line (p94-95), NECA raw p150 ""#3 15.00 18.75 22.50 M"" = 1.50 h per 100 ft per conductor",,,,
34,2 EMT 4#2,ENSD607B57A1311A0DB0,18,"EMT conduit in concealed areas, walls and closed ceilings 2"" || raw: 2"" L1@8.00 CLF 285.00 373.00 658.00",285.00,8.00,CLF,202,Electrical Metallic Tubing (EMT): 2-inch || raw: 2-inch 8.00 10.00 12.00 C,8.00,C,low,"Dupuis conduit spec ""2 4c2"" = 2"" EMT with 4 x #2 conductors (conduits-spec.csv: 3 occurrences, 2,964.0 px total length); EE ensemble ENSD607B57A1311A0DB0 ""conduit 2 4c2/0"" (key 19PE2 # 00; 0 marks in ensembles-ee.csv). FLAG - gauge conflict: the conduit spec reads ""2 4c2"" (#2 AWG) but the EE ensemble carried by the task is named ""conduit 2 4c2/0"" (key ""19PE2 # 00"" = 2/0 AWG); priced here at #2 as written on the spec, 2/0 alternative given in the companion row (same situation as ""2 EMT 3#1"" chunk-32 and ""2 EMT 4#4"" chunk-33) -> low. NE 2025 conduit assembly tables p448-451 cover 1/2"" to 1-1/4"" only with #14/#12/#10 conductors, 1 to 6 wires - no assembly for this spec. Row 1/2 = conduit per 100 ft, priced as raceway + wire separately (same method as chunk-26/28/29/31/32/33). NE raw p18 (concealed areas, walls and closed ceilings): ""2"" L1@8.00 CLF 285.00 373.00 658.00"" (alts same page: in floor slab / trapeze ""2"" L1@7.00 CLF 285.00 326.00 611.00"", exposed ""2"" L1@10.0 CLF 285.00 466.00 751.00""). NECA raw p202 (26 05 33 EMT): ""2-inch 8.00 10.00 12.00 C"" (note: add 10% for colored conduit; fittings extra: ""EMT Set Screw Box Connectors 2-inch 0.25 0.31 0.37 E"", ""EMT Set Screw Couplings 2-inch 0.12 0.14 0.16 E"", ""Field Bending EMT Conduit 2-inch 1.00 1.24 1.50 E"" p202). Totals per 100 ft with 4 conductors as labelled (see companion row): NE 13.20 h and 997.00 USD; NECA 14.80 h. Not included: couplings, connectors, straps, boxes, terminations not included","2"" L1@8.00 CLF 285.00 373.00 658.00",item,2-inch 8.00 10.00 12.00 C,item
34,2 EMT 4#2,ENSD607B57A1311A0DB0,95,"Copper Building Wire: Type THHN 600 volt stranded copper building wire # 2 || raw: # 2 L3@13.0 KLF 1,780.00 606.00 2,386.00",1780.00,13.00,KLF,150,600 Volt Bldg Wire-1/C-Copper Type THHN & THWN: #2 || raw: #2 17.00 21.25 25.50 M,17.00,M,low,"Companion row 2/2: wire per 1000 ft, x 4 conductors, to add to the 2"" EMT raceway row. NE raw p95 ""# 2 L3@13.0 KLF 1,780.00 606.00 2,386.00"" (THHN stranded, crew L3; = 1.30 h and 178.00 USD per 100 ft per conductor -> 5.20 h and 712.00 USD per 100 ft for 4; THW/XHHW alts same pages). NECA raw p150 ""#2 17.00 21.25 25.50 M"" = 1.70 h per 100 ft per conductor -> 6.80 h for 4 (note p150: reduce labor 10% with factory-lubricated wire). Exact size match (#2); THHN stranded is the only #2 THHN form listed in NE 2025 (p94 solid stops at #10). Low until the conductor size is confirmed on the plans (spec #2 vs EE name 2/0). Alternative if the EE ensemble reading (4 x 2/0) is confirmed on the plans: NE raw p95 ""# 2/0 L3@16.0 KLF 3,310.00 745.00 4,055.00"" (crew L3; -> 6.40 h and 1,324.00 USD per 100 ft for 4); NECA raw p150 ""2/0 24.00 30.00 36.00 M"" -> 9.60 h for 4; totals with raceway then NE 14.40 h / 1,609.00 USD, NECA 17.60 h","# 2 L3@13.0 KLF 1,780.00 606.00 2,386.00",item,#2 17.00 21.25 25.50 M,item
34,1 EMT 5#10,ENSAE6AC3B6B3AB1220E,18,"EMT conduit in concealed areas, walls and closed ceilings 1"" || raw: 1"" L1@4.25 CLF 125.00 198.00 323.00",125.00,4.25,CLF,202,Electrical Metallic Tubing (EMT): 1-inch || raw: 1-inch 5.50 6.80 8.20 C,5.50,C,medium,"Dupuis conduit spec ""1 5c10"" = 1"" EMT with 5 x #10 conductors (conduits-spec.csv: 3 occurrences, 6,937.0 px total length); EE ensemble ENSAE6AC3B6B3AB1220E ""conduit 1 05c10"" (key 19PE1 #10; 0 marks in ensembles-ee.csv). Note: NE raw p450 ""5 #10THHN, solid L1@9.33 CLF 266.00 435.00 701.00"" (1"" EMT Conduit Assemblies: 100 ft 1"" EMT, 2 set screw connectors, 9 couplings, 9 one-hole straps + wire) is a single assembly line that exactly matches this spec; raceway + wire method kept here for consistency with all previous conduit chunks (sum = 125.00 + 132.00 = 257.00 USD and 4.25 + 4.00 = 8.25 h vs assembly 266.00 USD / 9.33 h, which includes fittings) - use either, not both. NE 2025 1"" EMT conduit assemblies (p448-451) list #14/#12/#10 conductors only, 1 to 6 wires - no assembly for 5 x #10. Row 1/2 = conduit per 100 ft, priced as raceway + wire separately (same method as chunk-26/28/29/31/32/33). NE raw p18 (concealed areas, walls and closed ceilings): ""1"" L1@4.25 CLF 125.00 198.00 323.00"" (alts same page: in floor slab / trapeze ""1"" L1@4.00 CLF 125.00 186.00 311.00"", exposed ""1"" L1@4.50 CLF 125.00 210.00 335.00""). NECA raw p202 (26 05 33 EMT): ""1-inch 5.50 6.80 8.20 C"" (note: add 10% for colored conduit; fittings extra: ""EMT Set Screw Box Connectors 1-inch 0.12 0.15 0.18 E"", ""EMT Set Screw Couplings 1-inch 0.06 0.07 0.08 E"", ""EMT Factory Elbows 1-inch 0.25 0.31 0.37 E"" p202). Totals per 100 ft with 5 conductors as labelled (see companion row): NE 8.25 h and 257.00 USD; NECA 9.00 h. Medium: sizes exact but both books are a sum of two tables rather than one assembly line; installation condition (concealed vs exposed vs slab) not on label; couplings, connectors, straps, boxes, terminations not included","1"" L1@4.25 CLF 125.00 198.00 323.00",item,1-inch 5.50 6.80 8.20 C,item
34,1 EMT 5#10,ENSAE6AC3B6B3AB1220E,94,Copper Building Wire: Type THHN 600 volt solid copper building wire # 10 || raw: # 10 L2@8.00 KLF 264.00 373.00 637.00,264.00,8.00,KLF,150,600 Volt Bldg Wire-1/C-Copper Type THHN & THWN: #10 || raw: #10 7.00 8.75 10.50 M,7.00,M,high,"Companion row 2/2: wire per 1000 ft, x 5 conductors, to add to the 1"" EMT raceway row. NE raw p94 ""# 10 L2@8.00 KLF 264.00 373.00 637.00"" (THHN solid, crew L2; = 0.80 h and 26.40 USD per 100 ft per conductor -> 4.00 h and 132.00 USD per 100 ft for 5; THW/XHHW alts same pages). NECA raw p150 ""#10 7.00 8.75 10.50 M"" = 0.70 h per 100 ft per conductor -> 3.50 h for 5 (note p150: reduce labor 10% with factory-lubricated wire). Exact size match (#10); THHN solid assumed as in earlier chunks. Cross-check: NE raw p450 assembly ""5 #10THHN, solid L1@9.33 CLF 266.00 435.00 701.00"" gives 9.33 h / 266.00 USD per 100 ft all-in (fittings included) for this exact spec.",# 10 L2@8.00 KLF 264.00 373.00 637.00,item,#10 7.00 8.75 10.50 M,item
34,1 EMT 6#10,ENS494DF2E117CC3DF1A,18,"EMT conduit in concealed areas, walls and closed ceilings 1"" || raw: 1"" L1@4.25 CLF 125.00 198.00 323.00",125.00,4.25,CLF,202,Electrical Metallic Tubing (EMT): 1-inch || raw: 1-inch 5.50 6.80 8.20 C,5.50,C,medium,"Dupuis conduit spec ""1 6c10"" = 1"" EMT with 6 x #10 conductors (conduits-spec.csv: 2 occurrences, 964.0 px total length); EE ensemble ENS494DF2E117CC3DF1A ""conduit 1 06c10"" (key 19PE1 #10; 0 marks in ensembles-ee.csv). Note: NE raw p450 ""6 #10THHN, solid L1@10.1 CLF 292.00 471.00 763.00"" is a single assembly line that exactly matches 1"" EMT with 6 x #10 (cited in chunk-32); raceway + wire method kept here for consistency (sum = 125.00 + 158.40 = 283.40 USD and 4.25 + 4.80 = 9.05 h vs assembly 292.00 USD / 10.1 h, which includes fittings) - use either, not both. NE 2025 1"" EMT conduit assemblies (p448-451) list #14/#12/#10 conductors only, 1 to 6 wires - no assembly for 6 x #10. Row 1/2 = conduit per 100 ft, priced as raceway + wire separately (same method as chunk-26/28/29/31/32/33). NE raw p18 (concealed areas, walls and closed ceilings): ""1"" L1@4.25 CLF 125.00 198.00 323.00"" (alts same page: in floor slab / trapeze ""1"" L1@4.00 CLF 125.00 186.00 311.00"", exposed ""1"" L1@4.50 CLF 125.00 210.00 335.00""). NECA raw p202 (26 05 33 EMT): ""1-inch 5.50 6.80 8.20 C"" (note: add 10% for colored conduit; fittings extra: ""EMT Set Screw Box Connectors 1-inch 0.12 0.15 0.18 E"", ""EMT Set Screw Couplings 1-inch 0.06 0.07 0.08 E"", ""EMT Factory Elbows 1-inch 0.25 0.31 0.37 E"" p202). Totals per 100 ft with 6 conductors as labelled (see companion row): NE 9.05 h and 283.40 USD; NECA 9.70 h. Medium: sizes exact but both books are a sum of two tables rather than one assembly line; installation condition (concealed vs exposed vs slab) not on label; couplings, connectors, straps, boxes, terminations not included","1"" L1@4.25 CLF 125.00 198.00 323.00",item,1-inch 5.50 6.80 8.20 C,item
34,1 EMT 6#10,ENS494DF2E117CC3DF1A,94,Copper Building Wire: Type THHN 600 volt solid copper building wire # 10 || raw: # 10 L2@8.00 KLF 264.00 373.00 637.00,264.00,8.00,KLF,150,600 Volt Bldg Wire-1/C-Copper Type THHN & THWN: #10 || raw: #10 7.00 8.75 10.50 M,7.00,M,high,"Companion row 2/2: wire per 1000 ft, x 6 conductors, to add to the 1"" EMT raceway row. NE raw p94 ""# 10 L2@8.00 KLF 264.00 373.00 637.00"" (THHN solid, crew L2; = 0.80 h and 26.40 USD per 100 ft per conductor -> 4.80 h and 158.40 USD per 100 ft for 6; THW/XHHW alts same pages). NECA raw p150 ""#10 7.00 8.75 10.50 M"" = 0.70 h per 100 ft per conductor -> 4.20 h for 6 (note p150: reduce labor 10% with factory-lubricated wire). Exact size match (#10); THHN solid assumed as in earlier chunks. Cross-check: NE raw p450 assembly ""6 #10THHN, solid L1@10.1 CLF 292.00 471.00 763.00"" gives 10.1 h / 292.00 USD per 100 ft all-in (fittings included) for this exact spec.",# 10 L2@8.00 KLF 264.00 373.00 637.00,item,#10 7.00 8.75 10.50 M,item
34,2 EMT 4#1,ENS9B9D70EEE312B1000,18,"EMT conduit in concealed areas, walls and closed ceilings 2"" || raw: 2"" L1@8.00 CLF 285.00 373.00 658.00",285.00,8.00,CLF,202,Electrical Metallic Tubing (EMT): 2-inch || raw: 2-inch 8.00 10.00 12.00 C,8.00,C,low,"Dupuis conduit spec ""2 4c1"" = 2"" EMT with 4 x #1 conductors (conduits-spec.csv: 2 occurrences, 2,036.7 px total length); EE ensemble ENS9B9D70EEE312B1000 ""conduit 2 4c1/0"" (key 19PE2 # 0; 0 marks in ensembles-ee.csv). FLAG - gauge conflict: the conduit spec reads ""2 4c1"" (#1 AWG) but the EE ensemble carried by the task is named ""conduit 2 4c1/0"" (key ""19PE2 # 0"" = 1/0 AWG); priced here at #1 as written on the spec, 1/0 alternative given in the companion row (same situation as ""2 EMT 3#1"" chunk-32 and ""2 EMT 4#4"" chunk-33) -> low. NE 2025 conduit assembly tables p448-451 cover 1/2"" to 1-1/4"" only with #14/#12/#10 conductors, 1 to 6 wires - no assembly for this spec. Row 1/2 = conduit per 100 ft, priced as raceway + wire separately (same method as chunk-26/28/29/31/32/33). NE raw p18 (concealed areas, walls and closed ceilings): ""2"" L1@8.00 CLF 285.00 373.00 658.00"" (alts same page: in floor slab / trapeze ""2"" L1@7.00 CLF 285.00 326.00 611.00"", exposed ""2"" L1@10.0 CLF 285.00 466.00 751.00""). NECA raw p202 (26 05 33 EMT): ""2-inch 8.00 10.00 12.00 C"" (note: add 10% for colored conduit; fittings extra: ""EMT Set Screw Box Connectors 2-inch 0.25 0.31 0.37 E"", ""EMT Set Screw Couplings 2-inch 0.12 0.14 0.16 E"", ""Field Bending EMT Conduit 2-inch 1.00 1.24 1.50 E"" p202). Totals per 100 ft with 4 conductors as labelled (see companion row): NE 13.60 h and 1,185.00 USD; NECA 15.60 h. Not included: couplings, connectors, straps, boxes, terminations not included","2"" L1@8.00 CLF 285.00 373.00 658.00",item,2-inch 8.00 10.00 12.00 C,item
34,2 EMT 4#1,ENS9B9D70EEE312B1000,95,"Copper Building Wire: Type THHN 600 volt stranded copper building wire # 1 || raw: # 1 L3@14.0 KLF 2,250.00 652.00 2,902.00",2250.00,14.00,KLF,150,600 Volt Bldg Wire-1/C-Copper Type THHN & THWN: #1 || raw: #1 19.00 23.75 28.50 M,19.00,M,low,"Companion row 2/2: wire per 1000 ft, x 4 conductors, to add to the 2"" EMT raceway row. NE raw p95 ""# 1 L3@14.0 KLF 2,250.00 652.00 2,902.00"" (THHN stranded, crew L3; = 1.40 h and 225.00 USD per 100 ft per conductor -> 5.60 h and 900.00 USD per 100 ft for 4; THW/XHHW alts same pages). NECA raw p150 ""#1 19.00 23.75 28.50 M"" = 1.90 h per 100 ft per conductor -> 7.60 h for 4 (note p150: reduce labor 10% with factory-lubricated wire). Exact size match (#1); THHN stranded is the only #1 THHN form listed in NE 2025 (p94 solid stops at #10). Low until the conductor size is confirmed on the plans (spec #1 vs EE name 1/0). Alternative if the EE ensemble reading (4 x 1/0) is confirmed on the plans: NE raw p95 ""# 1/0 L3@15.0 KLF 2,620.00 699.00 3,319.00"" (crew L3; -> 6.00 h and 1,048.00 USD per 100 ft for 4); NECA raw p150 ""1/0 22.00 27.50 33.00 M"" -> 8.80 h for 4; totals with raceway then NE 14.00 h / 1,333.00 USD, NECA 16.80 h","# 1 L3@14.0 KLF 2,250.00 652.00 2,902.00",item,#1 19.00 23.75 28.50 M,item
34,1 1/4 EMT 7#8,ENS2FDB39CD167147120,18,"EMT conduit in concealed areas, walls and closed ceilings 1-1/4"" || raw: 1-1/4"" L1@5.00 CLF 189.00 233.00 422.00",189.00,5.00,CLF,202,Electrical Metallic Tubing (EMT): 1 1/4-inch || raw: 1 1/4-inch 6.20 7.80 9.30 C,6.20,C,medium,"Dupuis conduit spec ""1''1/4 7c8"" = 1-1/4"" EMT with 7 x #8 conductors (conduits-spec.csv: 2 occurrences, 7,418.0 px total length); EE ensemble ENS2FDB39CD167147120 ""conduit 1''1/4 07c08"" (key 19PE1.25 #08; 0 marks in ensembles-ee.csv). NE 2025 1-1/4"" EMT conduit assemblies (p448-451) list #14/#12/#10 conductors only, 1 to 6 wires - no assembly for 7 x #8. Row 1/2 = conduit per 100 ft, priced as raceway + wire separately (same method as chunk-26/28/29/31/32/33). NE raw p18 (concealed areas, walls and closed ceilings): ""1-1/4"" L1@5.00 CLF 189.00 233.00 422.00"" (alts same page: in floor slab / trapeze ""1-1/4"" L1@4.50 CLF 189.00 210.00 399.00"", exposed ""1-1/4"" L1@6.00 CLF 189.00 280.00 469.00""). NECA raw p202 (26 05 33 EMT): ""1 1/4-inch 6.20 7.80 9.30 C"" (note: add 10% for colored conduit; fittings extra: ""EMT Set Screw Box Connectors 1 1/4-inch 0.16 0.20 0.24 E"", ""EMT Set Screw Couplings 1 1/4-inch 0.08 0.09 0.10 E"", ""EMT Factory Elbows 1 1/4-inch 0.32 0.40 0.48 E; Field Bending EMT Conduit 1 1/4-inch 0.64 0.80 0.96 E"" p202). Totals per 100 ft with 7 conductors as labelled (see companion row): NE 11.30 h and 474.60 USD; NECA 12.50 h. Medium: sizes exact but both books are a sum of two tables rather than one assembly line; installation condition (concealed vs exposed vs slab) not on label; couplings, connectors, straps, boxes, terminations not included","1-1/4"" L1@5.00 CLF 189.00 233.00 422.00",item,1 1/4-inch 6.20 7.80 9.30 C,item
34,1 1/4 EMT 7#8,ENS2FDB39CD167147120,95,Copper Building Wire: Type THHN 600 volt stranded copper building wire # 8 || raw: # 8 L2@9.00 KLF 408.00 419.00 827.00,408.00,9.00,KLF,150,600 Volt Bldg Wire-1/C-Copper Type THHN & THWN: #8 || raw: #8 9.00 11.25 13.50 M,9.00,M,high,"Companion row 2/2: wire per 1000 ft, x 7 conductors, to add to the 1-1/4"" EMT raceway row. NE raw p95 ""# 8 L2@9.00 KLF 408.00 419.00 827.00"" (THHN stranded, crew L2; = 0.90 h and 40.80 USD per 100 ft per conductor -> 6.30 h and 285.60 USD per 100 ft for 7; THW/XHHW alts same pages). NECA raw p150 ""#8 9.00 11.25 13.50 M"" = 0.90 h per 100 ft per conductor -> 6.30 h for 7 (note p150: reduce labor 10% with factory-lubricated wire). Exact size match (#8); THHN stranded is the only #8 THHN form listed in NE 2025 (p94 solid stops at #10).",# 8 L2@9.00 KLF 408.00 419.00 827.00,item,#8 9.00 11.25 13.50 M,item
34,3 EMT 3#30,,18,"EMT conduit in concealed areas, walls and closed ceilings 3"" || raw: 3"" L1@12.0 CLF 571.00 559.00 1,130.00",571.00,12.00,CLF,202,Electrical Metallic Tubing (EMT): 3-inch || raw: 3-inch 11.00 13.70 16.50 C,11.00,C,medium,"Dupuis conduit spec ""3 3c30"" = 3"" EMT with 3 x 300 kcmil conductors (conduits-spec.csv: 2 occurrences, 1,835.0 px total length); no EE ensemble code carried by the task - closest ensemble in ensembles-ee.csv: ENS8F30D7D319814B172 ""conduit 3 3c300mcm"" (key 19PE3 #300). Reading of ""3c30"": Dupuis shorthand for 3 x 300 MCM (kcmil) - confirmed by the ensembles-ee.csv entry ""conduit 3 3c300mcm"" (key 19PE3 #300) for the same 3"" size; #30 AWG does not exist as building wire. NE 2025 conduit assembly tables p448-451 cover 1/2"" to 1-1/4"" only with #14/#12/#10 conductors, 1 to 6 wires - no assembly for this spec. Row 1/2 = conduit per 100 ft, priced as raceway + wire separately (same method as chunk-26/28/29/31/32/33). NE raw p18 (concealed areas, walls and closed ceilings): ""3"" L1@12.0 CLF 571.00 559.00 1,130.00"" (alts same page: in floor slab / trapeze ""3"" L1@10.0 CLF 571.00 466.00 1,037.00"", exposed ""3"" L1@14.0 CLF 571.00 652.00 1,223.00""). NECA raw p202 (26 05 33 EMT): ""3-inch 11.00 13.70 16.50 C"" (note: add 10% for colored conduit; fittings extra: ""EMT Set Screw Box Connectors 3-inch 0.35 0.45 0.50 E"", ""EMT Set Screw Couplings 3-inch 0.16 0.18 0.20 E"", ""EMT Factory Elbows 3-inch 0.70 0.87 1.05 E; Field Bending EMT Conduit 3-inch 1.40 1.74 2.10 E"" p202). Totals per 100 ft with 3 conductors as labelled (see companion row): NE 18.90 h and 2,791.00 USD; NECA 21.50 h. Medium: sizes exact but both books are a sum of two tables rather than one assembly line; installation condition (concealed vs exposed vs slab) not on label; couplings, connectors, straps, boxes, terminations not included","3"" L1@12.0 CLF 571.00 559.00 1,130.00",item,3-inch 11.00 13.70 16.50 C,item
34,3 EMT 3#30,,95,"Copper Building Wire: Type THHN 600 volt stranded copper building wire #300 KCMIL || raw: #300 KCMIL L4@23.0 KLF 7,400.00 1,070.00 8,470.00",7400.00,23.00,KLF,150,600 Volt Bldg Wire-1/C-Copper Type THHN & THWN: 300 kcmil || raw: 300 kcmil 35.00 44.00 52.00 M,35.00,M,medium,"Companion row 2/2: wire per 1000 ft, x 3 conductors, to add to the 3"" EMT raceway row. NE raw p95 ""#300 KCMIL L4@23.0 KLF 7,400.00 1,070.00 8,470.00"" (THHN stranded, crew L4; = 2.30 h and 740.00 USD per 100 ft per conductor -> 6.90 h and 2,220.00 USD per 100 ft for 3; THW/XHHW alts same pages). NECA raw p150 ""300 kcmil 35.00 44.00 52.00 M"" = 3.50 h per 100 ft per conductor -> 10.50 h for 3 (note p150: reduce labor 10% with factory-lubricated wire). Exact size match (300 kcmil); THHN stranded is the only #300KCMIL THHN form listed in NE 2025 (p94 solid stops at #10). Medium: size read as 300 kcmil from the Dupuis shorthand ""c30"" (ensemble ""conduit 3 3c300mcm""), not written in full on the spec; the task carried no EE code.","#300 KCMIL L4@23.0 KLF 7,400.00 1,070.00 8,470.00",item,300 kcmil 35.00 44.00 52.00 M,item
34,21/2 EMT 3#25,,18,"EMT conduit in concealed areas, walls and closed ceilings 2-1/2"" || raw: 2-1/2"" L1@10.0 CLF 465.00 466.00 931.00",465.00,10.00,CLF,202,Electrical Metallic Tubing (EMT): 2 1/2-inch || raw: 2 1/2-inch 9.50 11.80 14.20 C,9.50,C,medium,"Dupuis conduit spec ""21/2 3c25"" = 2-1/2"" EMT with 3 x 250 kcmil conductors (conduits-spec.csv: 2 occurrences, 6,719.0 px total length); no EE ensemble code carried by the task - closest ensemble in ensembles-ee.csv: ENS6D995D14E6E91BF10 ""conduit 2 1/2 3c250mcm"" (key 19PE2.5 #250). Reading of ""21/2 3c25"": 2-1/2"" EMT with 3 x 250 MCM (kcmil) - confirmed by the ensembles-ee.csv entry ""conduit 2 1/2 3c250mcm"" (key 19PE2.5 #250); #25 AWG does not exist as building wire. NE 2025 conduit assembly tables p448-451 cover 1/2"" to 1-1/4"" only with #14/#12/#10 conductors, 1 to 6 wires - no assembly for this spec. Row 1/2 = conduit per 100 ft, priced as raceway + wire separately (same method as chunk-26/28/29/31/32/33). NE raw p18 (concealed areas, walls and closed ceilings): ""2-1/2"" L1@10.0 CLF 465.00 466.00 931.00"" (alts same page: in floor slab / trapeze ""2-1/2"" L1@9.00 CLF 465.00 419.00 884.00"", exposed ""2-1/2"" L1@12.0 CLF 465.00 559.00 1,024.00""). NECA raw p202 (26 05 33 EMT): ""2 1/2-inch 9.50 11.80 14.20 C"" (note: add 10% for colored conduit; fittings extra: ""EMT Set Screw Box Connectors 2 1/2-inch 0.30 0.37 0.45 E"", ""EMT Set Screw Couplings 2 1/2-inch 0.14 0.16 0.18 E"", ""EMT Factory Elbows 2 1/2-inch 0.60 0.75 0.90 E; Field Bending EMT Conduit 2 1/2-inch 1.20 1.50 1.80 E"" p202). Totals per 100 ft with 3 conductors as labelled (see companion row): NE 16.00 h and 2,331.00 USD; NECA 19.10 h. Medium: sizes exact but both books are a sum of two tables rather than one assembly line; installation condition (concealed vs exposed vs slab) not on label; couplings, connectors, straps, boxes, terminations not included","2-1/2"" L1@10.0 CLF 465.00 466.00 931.00",item,2 1/2-inch 9.50 11.80 14.20 C,item
34,21/2 EMT 3#25,,95,"Copper Building Wire: Type THHN 600 volt stranded copper building wire #250 KCMIL || raw: #250 KCMIL L4@20.0 KLF 6,220.00 932.00 7,152.00",6220.00,20.00,KLF,150,600 Volt Bldg Wire-1/C-Copper Type THHN & THWN: 250 kcmil || raw: 250 kcmil 32.00 40.00 48.00 M,32.00,M,medium,"Companion row 2/2: wire per 1000 ft, x 3 conductors, to add to the 2-1/2"" EMT raceway row. NE raw p95 ""#250 KCMIL L4@20.0 KLF 6,220.00 932.00 7,152.00"" (THHN stranded, crew L4; = 2.00 h and 622.00 USD per 100 ft per conductor -> 6.00 h and 1,866.00 USD per 100 ft for 3; THW/XHHW alts same pages). NECA raw p150 ""250 kcmil 32.00 40.00 48.00 M"" = 3.20 h per 100 ft per conductor -> 9.60 h for 3 (note p150: reduce labor 10% with factory-lubricated wire). Exact size match (250 kcmil); THHN stranded is the only #250KCMIL THHN form listed in NE 2025 (p94 solid stops at #10). Medium: size read as 250 kcmil from the Dupuis shorthand ""c25"" (ensemble ""conduit 2 1/2 3c250mcm""), not written in full on the spec; the task carried no EE code.","#250 KCMIL L4@20.0 KLF 6,220.00 932.00 7,152.00",item,250 kcmil 32.00 40.00 48.00 M,item
34,2 EMT 26#12,ENS34665FADAF69780AB,18,"EMT conduit in concealed areas, walls and closed ceilings 2"" || raw: 2"" L1@8.00 CLF 285.00 373.00 658.00",285.00,8.00,CLF,202,Electrical Metallic Tubing (EMT): 2-inch || raw: 2-inch 8.00 10.00 12.00 C,8.00,C,medium,"Dupuis conduit spec ""2 26c12"" = 2"" EMT with 26 x #12 conductors (conduits-spec.csv: 2 occurrences, 2,528.0 px total length); EE ensemble ENS34665FADAF69780AB ""conduit 2 26c12"" (key 19PE2 #12; 0 marks in ensembles-ee.csv). NE 2025 conduit assembly tables p448-451 cover 1/2"" to 1-1/4"" only with #14/#12/#10 conductors, 1 to 6 wires - no assembly for this spec. Row 1/2 = conduit per 100 ft, priced as raceway + wire separately (same method as chunk-26/28/29/31/32/33). NE raw p18 (concealed areas, walls and closed ceilings): ""2"" L1@8.00 CLF 285.00 373.00 658.00"" (alts same page: in floor slab / trapeze ""2"" L1@7.00 CLF 285.00 326.00 611.00"", exposed ""2"" L1@10.0 CLF 285.00 466.00 751.00""). NECA raw p202 (26 05 33 EMT): ""2-inch 8.00 10.00 12.00 C"" (note: add 10% for colored conduit; fittings extra: ""EMT Set Screw Box Connectors 2-inch 0.25 0.31 0.37 E"", ""EMT Set Screw Couplings 2-inch 0.12 0.14 0.16 E"", ""Field Bending EMT Conduit 2-inch 1.00 1.24 1.50 E"" p202). Totals per 100 ft with 26 conductors as labelled (see companion row): NE 26.20 h and 734.80 USD; NECA 23.60 h. Medium: sizes exact but both books are a sum of two tables rather than one assembly line; installation condition (concealed vs exposed vs slab) not on label; couplings, connectors, straps, boxes, terminations not included","2"" L1@8.00 CLF 285.00 373.00 658.00",item,2-inch 8.00 10.00 12.00 C,item
34,2 EMT 26#12,ENS34665FADAF69780AB,94,Copper Building Wire: Type THHN 600 volt solid copper building wire # 12 || raw: # 12 L2@7.00 KLF 173.00 326.00 499.00,173.00,7.00,KLF,150,600 Volt Bldg Wire-1/C-Copper Type THHN & THWN: #12 || raw: #12 6.00 7.50 9.00 M,6.00,M,high,"Companion row 2/2: wire per 1000 ft, x 26 conductors, to add to the 2"" EMT raceway row. NE raw p94 ""# 12 L2@7.00 KLF 173.00 326.00 499.00"" (THHN solid, crew L2; = 0.70 h and 17.30 USD per 100 ft per conductor -> 18.20 h and 449.80 USD per 100 ft for 26; THW/XHHW alts same pages). NECA raw p150 ""#12 6.00 7.50 9.00 M"" = 0.60 h per 100 ft per conductor -> 15.60 h for 26 (note p150: reduce labor 10% with factory-lubricated wire). Exact size match (#12); THHN solid assumed as in earlier chunks.",# 12 L2@7.00 KLF 173.00 326.00 499.00,item,#12 6.00 7.50 9.00 M,item
34,2 EMT 32#12,ENS21745EF918813DCC0,18,"EMT conduit in concealed areas, walls and closed ceilings 2"" || raw: 2"" L1@8.00 CLF 285.00 373.00 658.00",285.00,8.00,CLF,202,Electrical Metallic Tubing (EMT): 2-inch || raw: 2-inch 8.00 10.00 12.00 C,8.00,C,medium,"Dupuis conduit spec ""2 32c12"" = 2"" EMT with 32 x #12 conductors (conduits-spec.csv: 1 occurrences, 637.0 px total length); EE ensemble ENS21745EF918813DCC0 ""conduit 2 32c12"" (key 19PE2 #12; 0 marks in ensembles-ee.csv). NE 2025 conduit assembly tables p448-451 cover 1/2"" to 1-1/4"" only with #14/#12/#10 conductors, 1 to 6 wires - no assembly for this spec. Row 1/2 = conduit per 100 ft, priced as raceway + wire separately (same method as chunk-26/28/29/31/32/33). NE raw p18 (concealed areas, walls and closed ceilings): ""2"" L1@8.00 CLF 285.00 373.00 658.00"" (alts same page: in floor slab / trapeze ""2"" L1@7.00 CLF 285.00 326.00 611.00"", exposed ""2"" L1@10.0 CLF 285.00 466.00 751.00""). NECA raw p202 (26 05 33 EMT): ""2-inch 8.00 10.00 12.00 C"" (note: add 10% for colored conduit; fittings extra: ""EMT Set Screw Box Connectors 2-inch 0.25 0.31 0.37 E"", ""EMT Set Screw Couplings 2-inch 0.12 0.14 0.16 E"", ""Field Bending EMT Conduit 2-inch 1.00 1.24 1.50 E"" p202). Totals per 100 ft with 32 conductors as labelled (see companion row): NE 30.40 h and 838.60 USD; NECA 27.20 h. Medium: sizes exact but both books are a sum of two tables rather than one assembly line; installation condition (concealed vs exposed vs slab) not on label; couplings, connectors, straps, boxes, terminations not included","2"" L1@8.00 CLF 285.00 373.00 658.00",item,2-inch 8.00 10.00 12.00 C,item
34,2 EMT 32#12,ENS21745EF918813DCC0,94,Copper Building Wire: Type THHN 600 volt solid copper building wire # 12 || raw: # 12 L2@7.00 KLF 173.00 326.00 499.00,173.00,7.00,KLF,150,600 Volt Bldg Wire-1/C-Copper Type THHN & THWN: #12 || raw: #12 6.00 7.50 9.00 M,6.00,M,high,"Companion row 2/2: wire per 1000 ft, x 32 conductors, to add to the 2"" EMT raceway row. NE raw p94 ""# 12 L2@7.00 KLF 173.00 326.00 499.00"" (THHN solid, crew L2; = 0.70 h and 17.30 USD per 100 ft per conductor -> 22.40 h and 553.60 USD per 100 ft for 32; THW/XHHW alts same pages). NECA raw p150 ""#12 6.00 7.50 9.00 M"" = 0.60 h per 100 ft per conductor -> 19.20 h for 32 (note p150: reduce labor 10% with factory-lubricated wire). Exact size match (#12); THHN solid assumed as in earlier chunks.",# 12 L2@7.00 KLF 173.00 326.00 499.00,item,#12 6.00 7.50 9.00 M,item
34,13/1 EMT 2#1,,,none,,,,,none,,,none,"Dupuis conduit spec ""13/1 2c1"" (conduits-spec.csv: 1 occurrence, 1,824.0 px total length); no EE ensemble code for this spec. ""13/1"" is NOT an EMT trade size (books list 1/2, 3/4, 1, 1-1/4, 1-1/2, 2, 2-1/2, 3, 3-1/2, 4 - NE p18, NECA p202): the label is a plan-text misread (most likely ""1 1/4"" or ""1 1/2"" with lost characters, or ""3/4""/""1"" with a stray digit) -> the raceway cannot be selected without inventing a size -> none (same treatment as ""3/1 EMT 2#3"" in chunk-33). Reference lines once the size is confirmed on the plans: NE p18 concealed ""1"" L1@4.25 CLF 125.00 198.00 323.00"" / ""1-1/4"" L1@5.00 CLF 189.00 233.00 422.00"" / ""1-1/2"" L1@6.00 CLF 234.00 280.00 514.00""; NECA p202 ""1-inch 5.50 6.80 8.20 C"" / ""1 1/4-inch 6.20 7.80 9.30 C"" / ""1 1/2-inch 7.00 8.70 10.50 C"". Conductors (2 x #1) priced in the companion row",,,,
34,13/1 EMT 2#1,,95,"Copper Building Wire: Type THHN 600 volt stranded copper building wire # 1 || raw: # 1 L3@14.0 KLF 2,250.00 652.00 2,902.00",2250.00,14.00,KLF,150,600 Volt Bldg Wire-1/C-Copper Type THHN & THWN: #1 || raw: #1 19.00 23.75 28.50 M,19.00,M,low,"Companion row 2/2: wire per 1000 ft, x 2 conductors (raceway row = none, size unreadable). NE raw p95 ""# 1 L3@14.0 KLF 2,250.00 652.00 2,902.00"" (THHN stranded, crew L3; = 1.40 h and 225.00 USD per 100 ft per conductor -> 2.80 h and 450.00 USD per 100 ft for 2). NECA raw p150 ""#1 19.00 23.75 28.50 M"" = 1.90 h per 100 ft per conductor -> 3.80 h for 2 (note p150: reduce labor 10% with factory-lubricated wire). Exact gauge match (#1) but low: the whole label is suspect (conduit size unreadable; ""2c1"" = 2 x #1 with no neutral/ground count is unusual, may be a re-split of a 2c1/0-type spec - cf. EE names ""conduit 2 4c1/0"") -> verify on the plans; 1/0 alternative: NE raw p95 ""# 1/0 L3@15.0 KLF 2,620.00 699.00 3,319.00"", NECA raw p150 ""1/0 22.00 27.50 33.00 M""","# 1 L3@14.0 KLF 2,250.00 652.00 2,902.00",item,#1 19.00 23.75 28.50 M,item
34,1 1/4 EMT 18#12,ENS1CB3C02FC288A70E1,18,"EMT conduit in concealed areas, walls and closed ceilings 1-1/4"" || raw: 1-1/4"" L1@5.00 CLF 189.00 233.00 422.00",189.00,5.00,CLF,202,Electrical Metallic Tubing (EMT): 1 1/4-inch || raw: 1 1/4-inch 6.20 7.80 9.30 C,6.20,C,medium,"Dupuis conduit spec ""1''1/4 18c12"" = 1-1/4"" EMT with 18 x #12 conductors (conduits-spec.csv: 1 occurrences, 3,567.0 px total length); EE ensemble ENS1CB3C02FC288A70E1 ""conduit 1''1/4 18c12"" (key 19PE1.25 #12; 0 marks in ensembles-ee.csv). NE 2025 1-1/4"" EMT conduit assemblies (p448-451) list #14/#12/#10 conductors only, 1 to 6 wires - no assembly for 18 x #12. Row 1/2 = conduit per 100 ft, priced as raceway + wire separately (same method as chunk-26/28/29/31/32/33). NE raw p18 (concealed areas, walls and closed ceilings): ""1-1/4"" L1@5.00 CLF 189.00 233.00 422.00"" (alts same page: in floor slab / trapeze ""1-1/4"" L1@4.50 CLF 189.00 210.00 399.00"", exposed ""1-1/4"" L1@6.00 CLF 189.00 280.00 469.00""). NECA raw p202 (26 05 33 EMT): ""1 1/4-inch 6.20 7.80 9.30 C"" (note: add 10% for colored conduit; fittings extra: ""EMT Set Screw Box Connectors 1 1/4-inch 0.16 0.20 0.24 E"", ""EMT Set Screw Couplings 1 1/4-inch 0.08 0.09 0.10 E"", ""EMT Factory Elbows 1 1/4-inch 0.32 0.40 0.48 E; Field Bending EMT Conduit 1 1/4-inch 0.64 0.80 0.96 E"" p202). Totals per 100 ft with 18 conductors as labelled (see companion row): NE 17.60 h and 500.40 USD; NECA 17.00 h. Medium: sizes exact but both books are a sum of two tables rather than one assembly line; installation condition (concealed vs exposed vs slab) not on label; couplings, connectors, straps, boxes, terminations not included","1-1/4"" L1@5.00 CLF 189.00 233.00 422.00",item,1 1/4-inch 6.20 7.80 9.30 C,item
34,1 1/4 EMT 18#12,ENS1CB3C02FC288A70E1,94,Copper Building Wire: Type THHN 600 volt solid copper building wire # 12 || raw: # 12 L2@7.00 KLF 173.00 326.00 499.00,173.00,7.00,KLF,150,600 Volt Bldg Wire-1/C-Copper Type THHN & THWN: #12 || raw: #12 6.00 7.50 9.00 M,6.00,M,high,"Companion row 2/2: wire per 1000 ft, x 18 conductors, to add to the 1-1/4"" EMT raceway row. NE raw p94 ""# 12 L2@7.00 KLF 173.00 326.00 499.00"" (THHN solid, crew L2; = 0.70 h and 17.30 USD per 100 ft per conductor -> 12.60 h and 311.40 USD per 100 ft for 18; THW/XHHW alts same pages). NECA raw p150 ""#12 6.00 7.50 9.00 M"" = 0.60 h per 100 ft per conductor -> 10.80 h for 18 (note p150: reduce labor 10% with factory-lubricated wire). Exact size match (#12); THHN solid assumed as in earlier chunks.",# 12 L2@7.00 KLF 173.00 326.00 499.00,item,#12 6.00 7.50 9.00 M,item
34,1 1/4 EMT 4#8,ENS6849FF131861821AF,18,"EMT conduit in concealed areas, walls and closed ceilings 1-1/4"" || raw: 1-1/4"" L1@5.00 CLF 189.00 233.00 422.00",189.00,5.00,CLF,202,Electrical Metallic Tubing (EMT): 1 1/4-inch || raw: 1 1/4-inch 6.20 7.80 9.30 C,6.20,C,medium,"Dupuis conduit spec ""1''1/4 4c8"" = 1-1/4"" EMT with 4 x #8 conductors (conduits-spec.csv: 1 occurrences, 961.0 px total length); EE ensemble ENS6849FF131861821AF ""conduit 1''1/4 04c08"" (key 19PE1.25 #08; 0 marks in ensembles-ee.csv). NE 2025 1-1/4"" EMT conduit assemblies (p448-451) list #14/#12/#10 conductors only, 1 to 6 wires - no assembly for 4 x #8. Row 1/2 = conduit per 100 ft, priced as raceway + wire separately (same method as chunk-26/28/29/31/32/33). NE raw p18 (concealed areas, walls and closed ceilings): ""1-1/4"" L1@5.00 CLF 189.00 233.00 422.00"" (alts same page: in floor slab / trapeze ""1-1/4"" L1@4.50 CLF 189.00 210.00 399.00"", exposed ""1-1/4"" L1@6.00 CLF 189.00 280.00 469.00""). NECA raw p202 (26 05 33 EMT): ""1 1/4-inch 6.20 7.80 9.30 C"" (note: add 10% for colored conduit; fittings extra: ""EMT Set Screw Box Connectors 1 1/4-inch 0.16 0.20 0.24 E"", ""EMT Set Screw Couplings 1 1/4-inch 0.08 0.09 0.10 E"", ""EMT Factory Elbows 1 1/4-inch 0.32 0.40 0.48 E; Field Bending EMT Conduit 1 1/4-inch 0.64 0.80 0.96 E"" p202). Totals per 100 ft with 4 conductors as labelled (see companion row): NE 8.60 h and 352.20 USD; NECA 9.80 h. Medium: sizes exact but both books are a sum of two tables rather than one assembly line; installation condition (concealed vs exposed vs slab) not on label; couplings, connectors, straps, boxes, terminations not included","1-1/4"" L1@5.00 CLF 189.00 233.00 422.00",item,1 1/4-inch 6.20 7.80 9.30 C,item
34,1 1/4 EMT 4#8,ENS6849FF131861821AF,95,Copper Building Wire: Type THHN 600 volt stranded copper building wire # 8 || raw: # 8 L2@9.00 KLF 408.00 419.00 827.00,408.00,9.00,KLF,150,600 Volt Bldg Wire-1/C-Copper Type THHN & THWN: #8 || raw: #8 9.00 11.25 13.50 M,9.00,M,high,"Companion row 2/2: wire per 1000 ft, x 4 conductors, to add to the 1-1/4"" EMT raceway row. NE raw p95 ""# 8 L2@9.00 KLF 408.00 419.00 827.00"" (THHN stranded, crew L2; = 0.90 h and 40.80 USD per 100 ft per conductor -> 3.60 h and 163.20 USD per 100 ft for 4; THW/XHHW alts same pages). NECA raw p150 ""#8 9.00 11.25 13.50 M"" = 0.90 h per 100 ft per conductor -> 3.60 h for 4 (note p150: reduce labor 10% with factory-lubricated wire). Exact size match (#8); THHN stranded is the only #8 THHN form listed in NE 2025 (p94 solid stops at #10).",# 8 L2@9.00 KLF 408.00 419.00 827.00,item,#8 9.00 11.25 13.50 M,item
35,1 EMT 5#8,ENS161DAC2ABB1421B70,18,"EMT conduit in concealed areas, walls and closed ceilings 1"" || raw: 1"" L1@4.25 CLF 125.00 198.00 323.00",125.00,4.25,CLF,202,Electrical Metallic Tubing (EMT): 1-inch || raw: 1-inch 5.50 6.80 8.20 C,5.50,C,medium,"Dupuis conduit spec ""1 5c8"" = 1"" EMT with 5 x #8 conductors (conduits-spec.csv: 1 occurrence(s), 2,625.0 px total length); EE ensemble ENS161DAC2ABB1421B70 ""conduit 1 05c08"" (key 19PE1 #08). NE 2025 conduit assemblies (p448-451) cover 1/2"" to 1-1/4"" with #14/#12/#10 only, 1 to 6 wires - no assembly for this spec. Row 1/2 = conduit per 100 ft, priced as raceway + wire separately (same method as chunk-26 to 34). NE raw p18 (concealed areas, walls and closed ceilings): ""1"" L1@4.25 CLF 125.00 198.00 323.00"" (alts same page: in floor slab / trapeze ""1"" L1@4.00 CLF 125.00 186.00 311.00"", exposed ""1"" L1@4.50 CLF 125.00 210.00 335.00""). NECA raw p202 (26 05 33 EMT): ""1-inch 5.50 6.80 8.20 C"" (note: add 10% for colored conduit; fittings extra: ""EMT Set Screw Box Connectors 1-inch 0.12 0.15 0.18 E"", ""EMT Set Screw Couplings 1-inch 0.06 0.07 0.08 E"", ""EMT Factory Elbows 1-inch 0.25 0.31 0.37 E"" p202). Totals per 100 ft with 5 conductors (see companion row): NE 8.75 h and 329.00 USD; NECA 10.00 h. Medium: sizes exact but both books are a sum of two tables rather than one assembly line; installation condition (concealed vs exposed vs slab) not on label; couplings, connectors, straps, boxes, terminations not included. Fill: verify 5 x #8 THHN in 1"" EMT against the project code (CEC) before pricing","1"" L1@4.25 CLF 125.00 198.00 323.00",item,1-inch 5.50 6.80 8.20 C,item
35,1 EMT 5#8,ENS161DAC2ABB1421B70,95,Copper Building Wire: Type THHN 600 volt stranded copper building wire # 8 || raw: # 8 L2@9.00 KLF 408.00 419.00 827.00,408.00,9.00,KLF,150,600 Volt Bldg Wire-1/C-Copper Type THHN & THWN: #8 || raw: #8 9.00 11.25 13.50 M,9.00,M,high,"Companion row 2/2: wire per 1000 ft, x 5 conductors, to add to the 1"" EMT raceway row. NE raw p95 ""# 8 L2@9.00 KLF 408.00 419.00 827.00"" (THHN stranded (NE 2025 lists #8 THHN in stranded only, p95), crew L2; = 0.90 h and 40.80 USD per 100 ft per conductor -> 4.50 h and 204.00 USD per 100 ft for 5; THW/XHHW alts same pages). NECA raw p150 ""#8 9.00 11.25 13.50 M"" = 0.90 h per 100 ft per conductor -> 4.50 h for 5 (note p150: reduce labor 10% with factory-lubricated wire). Exact size match (#8).",# 8 L2@9.00 KLF 408.00 419.00 827.00,item,#8 9.00 11.25 13.50 M,item
35,2 EMT 28#10,ENSD55378D214714E180,18,"EMT conduit in concealed areas, walls and closed ceilings 2"" || raw: 2"" L1@8.00 CLF 285.00 373.00 658.00",285.00,8.00,CLF,202,Electrical Metallic Tubing (EMT): 2-inch || raw: 2-inch 8.00 10.00 12.00 C,8.00,C,medium,"Dupuis conduit spec ""2 28c10"" = 2"" EMT with 28 x #10 conductors (conduits-spec.csv: 1 occurrence(s), 2,076.0 px total length); EE ensemble ENSD55378D214714E180 ""conduit 2 28c10"" (key 19PE2 #10). NE 2025 conduit assemblies (p448-451) cover 1/2"" to 1-1/4"" with #14/#12/#10 only, 1 to 6 wires - no assembly for this spec. Row 1/2 = conduit per 100 ft, priced as raceway + wire separately (same method as chunk-26 to 34). NE raw p18 (concealed areas, walls and closed ceilings): ""2"" L1@8.00 CLF 285.00 373.00 658.00"" (alts same page: in floor slab / trapeze ""2"" L1@7.00 CLF 285.00 326.00 611.00"", exposed ""2"" L1@10.0 CLF 285.00 466.00 751.00""). NECA raw p202 (26 05 33 EMT): ""2-inch 8.00 10.00 12.00 C"" (note: add 10% for colored conduit; fittings extra: ""EMT Set Screw Box Connectors 2-inch 0.25 0.31 0.37 E"", ""EMT Set Screw Couplings 2-inch 0.12 0.14 0.16 E"", ""Field Bending EMT Conduit 2-inch 1.00 1.24 1.50 E"" p202). Totals per 100 ft with 28 conductors (see companion row): NE 30.40 h and 1,024.20 USD; NECA 27.60 h. Medium: sizes exact but both books are a sum of two tables rather than one assembly line; installation condition (concealed vs exposed vs slab) not on label; couplings, connectors, straps, boxes, terminations not included","2"" L1@8.00 CLF 285.00 373.00 658.00",item,2-inch 8.00 10.00 12.00 C,item
35,2 EMT 28#10,ENSD55378D214714E180,94,Copper Building Wire: Type THHN 600 volt solid copper building wire # 10 || raw: # 10 L2@8.00 KLF 264.00 373.00 637.00,264.00,8.00,KLF,150,600 Volt Bldg Wire-1/C-Copper Type THHN & THWN: #10 || raw: #10 7.00 8.75 10.50 M,7.00,M,high,"Companion row 2/2: wire per 1000 ft, x 28 conductors, to add to the 2"" EMT raceway row. NE raw p94 ""# 10 L2@8.00 KLF 264.00 373.00 637.00"" (THHN solid, crew L2; = 0.80 h and 26.40 USD per 100 ft per conductor -> 22.40 h and 739.20 USD per 100 ft for 28; THW/XHHW alts same pages). NECA raw p150 ""#10 7.00 8.75 10.50 M"" = 0.70 h per 100 ft per conductor -> 19.60 h for 28 (note p150: reduce labor 10% with factory-lubricated wire). Exact size match (#10).",# 10 L2@8.00 KLF 264.00 373.00 637.00,item,#10 7.00 8.75 10.50 M,item
35,3/1 EMT 6#3,,,none,,,,,none,,,none,"Dupuis conduit spec ""3/1 6c3"" (conduits-spec.csv: 1 occurrence, 633.0 px total length); no EE ensemble code for this spec (no ""6c3"" ensemble in ensembles-ee.csv). ""3/1"" is NOT an EMT trade size (books list 1/2, 3/4, 1, 1-1/4, 1-1/2, 2, 2-1/2, 3, 3-1/2, 4 - NE p18, NECA p202): the label is a plan-text misread (same case as ""3/1 2c3"" in chunk-33, marked none) -> the raceway cannot be selected without inventing a size -> none. Conductors ""6c3"" = 6 x #3 also doubtful (a 6-conductor #3 set is unusual; could be a re-split of a 6c3/0 or 3c... spec) -> verify on the plans. Reference lines once confirmed: raceway NE p18 concealed e.g. 1-1/4"" ""1-1/4"" L1@5.00 CLF 189.00 233.00 422.00"" / 1-1/2"" and 2"" ""2"" L1@8.00 CLF 285.00 373.00 658.00""; NECA p202 ""1 1/4-inch 6.20 7.80 9.30 C"" / ""2-inch 8.00 10.00 12.00 C""; wire #3: NE 2025 has NO #3 building wire line (p94-95 THHN/THW/XHHW go # 6, # 4, # 2, # 1 - verified in the CSV), NECA raw p150 ""#3 15.00 18.75 22.50 M"" = 1.50 h per 100 ft per conductor -> 9.00 h for 6. Do not price until the plans are read",,,,
35,3 EMT 4#35,,18,"EMT conduit in concealed areas, walls and closed ceilings 3"" || raw: 3"" L1@12.0 CLF 571.00 559.00 1,130.00",571.00,12.00,CLF,202,Electrical Metallic Tubing (EMT): 3-inch || raw: 3-inch 11.00 13.70 16.50 C,11.00,C,medium,"Dupuis conduit spec ""3 4c35"" = 3"" EMT with 4 x 350 kcmil conductors (conduits-spec.csv: 1 occurrence(s), 489.5 px total length); no EE code was attached to this family by the recensement, BUT ensembles-ee.csv holds ENS5873D53D15616DA00 ""conduit 3 4c350mcm"" (key 19PE3 #350, 0 marks) which is the same spec: ""35"" in the Dupuis label is 350 kcmil (Dupuis writes kcmil sizes with the trailing zero dropped, cf. ""3c35"", ""3c50"") -> priced as 4 x 350 kcmil. NE 2025 conduit assemblies (p448-451) cover 1/2"" to 1-1/4"" with #14/#12/#10 only, 1 to 6 wires - no assembly for this spec. Row 1/2 = conduit per 100 ft, priced as raceway + wire separately (same method as chunk-26 to 34). NE raw p18 (concealed areas, walls and closed ceilings): ""3"" L1@12.0 CLF 571.00 559.00 1,130.00"" (alts same page: in floor slab / trapeze ""3"" L1@10.0 CLF 571.00 466.00 1,037.00"", exposed ""3"" L1@14.0 CLF 571.00 652.00 1,223.00""). NECA raw p202 (26 05 33 EMT): ""3-inch 11.00 13.70 16.50 C"" (note: add 10% for colored conduit; fittings extra: ""EMT Set Screw Box Connectors 3-inch 0.35 0.45 0.50 E"", ""EMT Set Screw Couplings 3-inch 0.16 0.18 0.20 E"", ""EMT Factory Elbows 3-inch 0.70 0.87 1.05 E"", ""Field Bending EMT Conduit 3-inch 1.40 1.74 2.10 E"" p202). Totals per 100 ft with 4 conductors (see companion row): NE 21.60 h and 4,035.00 USD; NECA 26.20 h. Medium: sizes exact but both books are a sum of two tables rather than one assembly line; installation condition (concealed vs exposed vs slab) not on label; couplings, connectors, straps, boxes, terminations not included","3"" L1@12.0 CLF 571.00 559.00 1,130.00",item,3-inch 11.00 13.70 16.50 C,item
35,3 EMT 4#35,,95,"Copper Building Wire: Type THHN 600 volt stranded copper building wire #350 KCMIL || raw: #350 KCMIL L4@24.0 KLF 8,660.00 1,120.00 9,780.00",8660.00,24.00,KLF,150,600 Volt Bldg Wire-1/C-Copper Type THHN & THWN: 350 kcmil || raw: 350 kcmil 38.00 48.00 57.00 M,38.00,M,medium,"Companion row 2/2: wire per 1000 ft, x 4 conductors, to add to the 3"" EMT raceway row. NE raw p95 ""#350 KCMIL L4@24.0 KLF 8,660.00 1,120.00 9,780.00"" (THHN stranded, crew L4; = 2.40 h and 866.00 USD per 100 ft per conductor -> 9.60 h and 3,464.00 USD per 100 ft for 4; THW/XHHW alts same pages). NECA raw p150 ""350 kcmil 38.00 48.00 57.00 M"" = 3.80 h per 100 ft per conductor -> 15.20 h for 4 (note p150: reduce labor 10% with factory-lubricated wire). Exact size match (350 kcmil). Reading ""35"" = 350 kcmil rests on the EE ensemble name ""conduit 3 4c350mcm"" in ensembles-ee.csv (not on a guess); if the plans show a different kcmil size, re-select on NE p95 / NECA p150. NE 350 kcmil uses crew L4 (4 electricians).","#350 KCMIL L4@24.0 KLF 8,660.00 1,120.00 9,780.00",item,350 kcmil 38.00 48.00 57.00 M,item
35,2 EMT 30#12,ENSD8BEE50B11843350E,18,"EMT conduit in concealed areas, walls and closed ceilings 2"" || raw: 2"" L1@8.00 CLF 285.00 373.00 658.00",285.00,8.00,CLF,202,Electrical Metallic Tubing (EMT): 2-inch || raw: 2-inch 8.00 10.00 12.00 C,8.00,C,medium,"Dupuis conduit spec ""2 30c12"" = 2"" EMT with 30 x #12 conductors (conduits-spec.csv: 1 occurrence(s), 4,622.0 px total length); EE ensemble ENSD8BEE50B11843350E ""conduit 2 30c12"" (key 19PE2 #12). NE 2025 conduit assemblies (p448-451) cover 1/2"" to 1-1/4"" with #14/#12/#10 only, 1 to 6 wires - no assembly for this spec. Row 1/2 = conduit per 100 ft, priced as raceway + wire separately (same method as chunk-26 to 34). NE raw p18 (concealed areas, walls and closed ceilings): ""2"" L1@8.00 CLF 285.00 373.00 658.00"" (alts same page: in floor slab / trapeze ""2"" L1@7.00 CLF 285.00 326.00 611.00"", exposed ""2"" L1@10.0 CLF 285.00 466.00 751.00""). NECA raw p202 (26 05 33 EMT): ""2-inch 8.00 10.00 12.00 C"" (note: add 10% for colored conduit; fittings extra: ""EMT Set Screw Box Connectors 2-inch 0.25 0.31 0.37 E"", ""EMT Set Screw Couplings 2-inch 0.12 0.14 0.16 E"", ""Field Bending EMT Conduit 2-inch 1.00 1.24 1.50 E"" p202). Totals per 100 ft with 30 conductors (see companion row): NE 29.00 h and 804.00 USD; NECA 26.00 h. Medium: sizes exact but both books are a sum of two tables rather than one assembly line; installation condition (concealed vs exposed vs slab) not on label; couplings, connectors, straps, boxes, terminations not included","2"" L1@8.00 CLF 285.00 373.00 658.00",item,2-inch 8.00 10.00 12.00 C,item
35,2 EMT 30#12,ENSD8BEE50B11843350E,94,Copper Building Wire: Type THHN 600 volt solid copper building wire # 12 || raw: # 12 L2@7.00 KLF 173.00 326.00 499.00,173.00,7.00,KLF,150,600 Volt Bldg Wire-1/C-Copper Type THHN & THWN: #12 || raw: #12 6.00 7.50 9.00 M,6.00,M,high,"Companion row 2/2: wire per 1000 ft, x 30 conductors, to add to the 2"" EMT raceway row. NE raw p94 ""# 12 L2@7.00 KLF 173.00 326.00 499.00"" (THHN solid, crew L2; = 0.70 h and 17.30 USD per 100 ft per conductor -> 21.00 h and 519.00 USD per 100 ft for 30; THW/XHHW alts same pages). NECA raw p150 ""#12 6.00 7.50 9.00 M"" = 0.60 h per 100 ft per conductor -> 18.00 h for 30 (note p150: reduce labor 10% with factory-lubricated wire). Exact size match (#12).",# 12 L2@7.00 KLF 173.00 326.00 499.00,item,#12 6.00 7.50 9.00 M,item
35,2 EMT 3#4,ENS1698BC3F17216C138,18,"EMT conduit in concealed areas, walls and closed ceilings 2"" || raw: 2"" L1@8.00 CLF 285.00 373.00 658.00",285.00,8.00,CLF,202,Electrical Metallic Tubing (EMT): 2-inch || raw: 2-inch 8.00 10.00 12.00 C,8.00,C,low,"Dupuis conduit spec ""2 3c4"" (conduits-spec.csv: 1 occurrence, 1,324.0 px total length). WARNING - conductor size conflict: family label / conduits-spec.csv ""2 3c4"" reads as 3 x #4, but the EE ensemble ENS1698BC3F17216C138 is named ""conduit 2 3c4/0"" with key ""19PE2 # 0000"" = 3 x 4/0 AWG. 4/0 is the physically plausible reading (3 x 4/0 THHN in 2"" EMT is a normal feeder; 3 x #4 in 2"" EMT would be grossly oversized, 1"" or 1-1/4"" suffices) -> verify on the plans; both readings priced in the companion row -> low (same situation as ""2 EMT 4#4"" in chunk-33 and ""2 EMT 4#3"" in chunk-30). Row 1/2 = 2"" EMT conduit per 100 ft (independent of conductor size). NE raw p18 (concealed areas, walls and closed ceilings): ""2"" L1@8.00 CLF 285.00 373.00 658.00"" (alts same page: in floor slab / trapeze ""2"" L1@7.00 CLF 285.00 326.00 611.00"", exposed ""2"" L1@10.0 CLF 285.00 466.00 751.00""). NECA raw p202 (26 05 33 EMT): ""2-inch 8.00 10.00 12.00 C"" (note: add 10% for colored conduit; fittings extra: ""EMT Set Screw Box Connectors 2-inch 0.25 0.31 0.37 E"", ""EMT Set Screw Couplings 2-inch 0.12 0.14 0.16 E"", ""Field Bending EMT Conduit 2-inch 1.00 1.24 1.50 E"" p202). Totals per 100 ft with 3 conductors (see companion row): if #4 -> NE 11.60 h and 624.00 USD / NECA 11.90 h; if 4/0 -> NE 13.40 h and 1,851.00 USD / NECA 16.70 h. Couplings, connectors, straps, boxes, terminations not included","2"" L1@8.00 CLF 285.00 373.00 658.00",item,2-inch 8.00 10.00 12.00 C,item
35,2 EMT 3#4,ENS1698BC3F17216C138,95,"Copper Building Wire: Type THHN 600 volt stranded copper building wire # 4 || raw: # 4 L2@12.0 KLF 1,130.00 559.00 1,689.00",1130.00,12.00,KLF,150,600 Volt Bldg Wire-1/C-Copper Type THHN & THWN: #4 || raw: #4 13.00 16.25 19.50 M,13.00,M,low,"Companion row 2/2: wire per 1000 ft, x 3 conductors, to add to the 2"" EMT raceway row - priced as labelled (#4). NE raw p95 ""# 4 L2@12.0 KLF 1,130.00 559.00 1,689.00"" (THHN stranded, crew L2; = 1.20 h and 113.00 USD per 100 ft per conductor -> 3.60 h and 339.00 USD for 3). NECA raw p150 ""#4 13.00 16.25 19.50 M"" = 1.30 h per 100 ft per conductor -> 3.90 h for 3 (note p150: reduce labor 10% with factory-lubricated wire). If the EE ensemble reading (3 x 4/0, see raceway row) is confirmed: NE raw p95 ""# 4/0 L3@18.0 KLF 5,220.00 839.00 6,059.00"" (THHN stranded, crew L3; = 1.80 h and 522.00 USD per 100 ft per conductor -> 5.40 h and 1,566.00 USD for 3); NECA raw p150 ""4/0 29.00 36.20 43.50 M"" = 2.90 h per 100 ft per conductor -> 8.70 h for 3. Low until the conductor size is confirmed on the plans","# 4 L2@12.0 KLF 1,130.00 559.00 1,689.00",item,#4 13.00 16.25 19.50 M,item
35,1 EMT 3#10,ENS8D3877F819B1BD17D,450,"1"" EMT Conduit Assemblies: 100' 1"" EMT conduit, 2 set screw connectors, 9 set screw couplings and 9 one-hole straps 3 #10THHN, solid || raw: 3 #10THHN, solid L1@7.73 CLF 213.00 360.00 573.00",213.00,7.73,CLF,202,Electrical Metallic Tubing (EMT): 1-inch || raw: 1-inch 5.50 6.80 8.20 C,5.50,C,high,"Dupuis conduit spec ""1 3c10"" = 1"" EMT with 3 x #10 conductors (conduits-spec.csv: 1 occurrence, 5,225.0 px total length); EE ensemble ENS8D3877F819B1BD17D ""conduit 1 03c10"" (key 19PE1 #10). Exact match. NE raw p450 (conduit assemblies, per 100 ft incl. 2 connectors, 9 couplings, 9 straps, 3 wires): ""3 #10THHN, solid L1@7.73 CLF 213.00 360.00 573.00"" (stranded alt same page ""3 #10THHN, stranded L1@7.73 CLF 197.00 360.00 557.00""; separate-table alt: NE p18 concealed ""1"" L1@4.25 CLF 125.00 198.00 323.00"" + 3 x p94 ""# 10 L2@8.00 KLF 264.00 373.00 637.00"" = 6.65 h and 204.20 USD per 100 ft, without fittings). NECA prices raceway and wire separately: raw p202 ""1-inch 5.50 6.80 8.20 C"" (EMT per 100 ft, note ""Add 10% for colored conduit""; fittings/straps extra: ""EMT Set Screw Box Connectors 1-inch 0.12 0.15 0.18 E"", ""EMT Set Screw Couplings 1-inch 0.06 0.07 0.08 E"", ""EMT Factory Elbows 1-inch 0.25 0.31 0.37 E"" p202) + 3 x raw p150 ""#10 7.00 8.75 10.50 M"" (THHN/THWN 1/C per 1000 ft = 0.70 h/100 ft per conductor -> 2.10 h/100 ft for 3) = 7.60 h per 100 ft total, see companion row. Boxes, terminations, bends not included","3 #10THHN, solid L1@7.73 CLF 213.00 360.00 573.00",item,1-inch 5.50 6.80 8.20 C,item
35,1 EMT 3#10,ENS8D3877F819B1BD17D,,none,,,,150,600 Volt Bldg Wire-1/C-Copper Type THHN & THWN: #10 || raw: #10 7.00 8.75 10.50 M,7.00,M,high,"Companion row: NECA #10 THHN/THWN copper 7.00 h per 1000 ft (p150), x 3 conductors, to add to EMT 1-inch 5.50 h/100 ft (p202). Note p150: reduce labor 10% with factory-lubricated wire. NE side already bundled in the p450 assembly line -> none here",,,#10 7.00 8.75 10.50 M,item
35,2 EMT 36#12,ENS59AD1A18105E1A61A,18,"EMT conduit in concealed areas, walls and closed ceilings 2"" || raw: 2"" L1@8.00 CLF 285.00 373.00 658.00",285.00,8.00,CLF,202,Electrical Metallic Tubing (EMT): 2-inch || raw: 2-inch 8.00 10.00 12.00 C,8.00,C,medium,"Dupuis conduit spec ""2 36c12"" = 2"" EMT with 36 x #12 conductors (conduits-spec.csv: 1 occurrence(s), 6,438.0 px total length); EE ensemble ENS59AD1A18105E1A61A ""conduit 2 36c12"" (key 19PE2 #12). NE 2025 conduit assemblies (p448-451) cover 1/2"" to 1-1/4"" with #14/#12/#10 only, 1 to 6 wires - no assembly for this spec. Row 1/2 = conduit per 100 ft, priced as raceway + wire separately (same method as chunk-26 to 34). NE raw p18 (concealed areas, walls and closed ceilings): ""2"" L1@8.00 CLF 285.00 373.00 658.00"" (alts same page: in floor slab / trapeze ""2"" L1@7.00 CLF 285.00 326.00 611.00"", exposed ""2"" L1@10.0 CLF 285.00 466.00 751.00""). NECA raw p202 (26 05 33 EMT): ""2-inch 8.00 10.00 12.00 C"" (note: add 10% for colored conduit; fittings extra: ""EMT Set Screw Box Connectors 2-inch 0.25 0.31 0.37 E"", ""EMT Set Screw Couplings 2-inch 0.12 0.14 0.16 E"", ""Field Bending EMT Conduit 2-inch 1.00 1.24 1.50 E"" p202). Totals per 100 ft with 36 conductors (see companion row): NE 33.20 h and 907.80 USD; NECA 29.60 h. Medium: sizes exact but both books are a sum of two tables rather than one assembly line; installation condition (concealed vs exposed vs slab) not on label; couplings, connectors, straps, boxes, terminations not included","2"" L1@8.00 CLF 285.00 373.00 658.00",item,2-inch 8.00 10.00 12.00 C,item
35,2 EMT 36#12,ENS59AD1A18105E1A61A,94,Copper Building Wire: Type THHN 600 volt solid copper building wire # 12 || raw: # 12 L2@7.00 KLF 173.00 326.00 499.00,173.00,7.00,KLF,150,600 Volt Bldg Wire-1/C-Copper Type THHN & THWN: #12 || raw: #12 6.00 7.50 9.00 M,6.00,M,high,"Companion row 2/2: wire per 1000 ft, x 36 conductors, to add to the 2"" EMT raceway row. NE raw p94 ""# 12 L2@7.00 KLF 173.00 326.00 499.00"" (THHN solid, crew L2; = 0.70 h and 17.30 USD per 100 ft per conductor -> 25.20 h and 622.80 USD per 100 ft for 36; THW/XHHW alts same pages). NECA raw p150 ""#12 6.00 7.50 9.00 M"" = 0.60 h per 100 ft per conductor -> 21.60 h for 36 (note p150: reduce labor 10% with factory-lubricated wire). Exact size match (#12).",# 12 L2@7.00 KLF 173.00 326.00 499.00,item,#12 6.00 7.50 9.00 M,item
35,1 EMT 7#14,,18,"EMT conduit in concealed areas, walls and closed ceilings 1"" || raw: 1"" L1@4.25 CLF 125.00 198.00 323.00",125.00,4.25,CLF,202,Electrical Metallic Tubing (EMT): 1-inch || raw: 1-inch 5.50 6.80 8.20 C,5.50,C,medium,"Dupuis conduit spec ""1 7c14"" = 1"" EMT with 7 x #14 conductors (conduits-spec.csv: 1 occurrence(s), 2,756.0 px total length); NO EE ensemble code for this spec in ensembles-ee.csv (no ""7c14"" ensemble). NE 2025 conduit assemblies (p448-451) cover 1/2"" to 1-1/4"" with #14/#12/#10 only, 1 to 6 wires - no assembly for this spec. Row 1/2 = conduit per 100 ft, priced as raceway + wire separately (same method as chunk-26 to 34). NE raw p18 (concealed areas, walls and closed ceilings): ""1"" L1@4.25 CLF 125.00 198.00 323.00"" (alts same page: in floor slab / trapeze ""1"" L1@4.00 CLF 125.00 186.00 311.00"", exposed ""1"" L1@4.50 CLF 125.00 210.00 335.00""). NECA raw p202 (26 05 33 EMT): ""1-inch 5.50 6.80 8.20 C"" (note: add 10% for colored conduit; fittings extra: ""EMT Set Screw Box Connectors 1-inch 0.12 0.15 0.18 E"", ""EMT Set Screw Couplings 1-inch 0.06 0.07 0.08 E"", ""EMT Factory Elbows 1-inch 0.25 0.31 0.37 E"" p202). Totals per 100 ft with 7 conductors (see companion row): NE 8.45 h and 209.00 USD; NECA 9.00 h. NE p450 1"" EMT assemblies stop at 6 conductors (raw ""6 #14THHN, solid L1@8.93 CLF 206.00 416.00 622.00"") - no 7-wire assembly, hence the two-table method. Medium: sizes exact but both books are a sum of two tables rather than one assembly line; installation condition (concealed vs exposed vs slab) not on label; couplings, connectors, straps, boxes, terminations not included","1"" L1@4.25 CLF 125.00 198.00 323.00",item,1-inch 5.50 6.80 8.20 C,item
35,1 EMT 7#14,,94,Copper Building Wire: Type THHN 600 volt solid copper building wire # 14 || raw: # 14 L2@6.00 KLF 120.00 280.00 400.00,120.00,6.00,KLF,150,600 Volt Bldg Wire-1/C-Copper Type THHN & THWN: #14 || raw: #14 5.00 6.20 7.50 M,5.00,M,high,"Companion row 2/2: wire per 1000 ft, x 7 conductors, to add to the 1"" EMT raceway row. NE raw p94 ""# 14 L2@6.00 KLF 120.00 280.00 400.00"" (THHN solid, crew L2; = 0.60 h and 12.00 USD per 100 ft per conductor -> 4.20 h and 84.00 USD per 100 ft for 7; THW/XHHW alts same pages). NECA raw p150 ""#14 5.00 6.20 7.50 M"" = 0.50 h per 100 ft per conductor -> 3.50 h for 7 (note p150: reduce labor 10% with factory-lubricated wire). Exact size match (#14). THHN solid as in earlier chunks (stranded alt p95 ""# 14 L2@6.00 KLF 97.50 280.00 377.50"").",# 14 L2@6.00 KLF 120.00 280.00 400.00,item,#14 5.00 6.20 7.50 M,item
35,1 1/4 EMT 3#6,ENS68E85707B51638E02,18,"EMT conduit in concealed areas, walls and closed ceilings 1-1/4"" || raw: 1-1/4"" L1@5.00 CLF 189.00 233.00 422.00",189.00,5.00,CLF,202,Electrical Metallic Tubing (EMT): 1 1/4-inch || raw: 1 1/4-inch 6.20 7.80 9.30 C,6.20,C,medium,"Dupuis conduit spec ""1''1/4 3c6"" = 1-1/4"" EMT with 3 x #6 conductors (conduits-spec.csv: 1 occurrence(s), 4,050.0 px total length); EE ensemble ENS68E85707B51638E02 ""conduit 1''1/4 03c06"" (key 19PE1.25 #06). NE 2025 conduit assemblies (p448-451) cover 1/2"" to 1-1/4"" with #14/#12/#10 only, 1 to 6 wires - no assembly for this spec. Row 1/2 = conduit per 100 ft, priced as raceway + wire separately (same method as chunk-26 to 34). NE raw p18 (concealed areas, walls and closed ceilings): ""1-1/4"" L1@5.00 CLF 189.00 233.00 422.00"" (alts same page: in floor slab / trapeze ""1-1/4"" L1@4.50 CLF 189.00 210.00 399.00"", exposed ""1-1/4"" L1@6.00 CLF 189.00 280.00 469.00""). NECA raw p202 (26 05 33 EMT): ""1 1/4-inch 6.20 7.80 9.30 C"" (note: add 10% for colored conduit; fittings extra: ""EMT Set Screw Box Connectors 1 1/4-inch 0.16 0.20 0.24 E"", ""EMT Set Screw Couplings 1 1/4-inch 0.08 0.09 0.10 E"", ""EMT Factory Elbows 1 1/4-inch 0.32 0.40 0.48 E"", ""Field Bending EMT Conduit 1 1/4-inch 0.64 0.80 0.96 E"" p202). Totals per 100 ft with 3 conductors (see companion row): NE 8.00 h and 371.10 USD; NECA 9.50 h. NE p451 1-1/4"" EMT assemblies list #14/#12/#10 only - no #6 assembly. Medium: sizes exact but both books are a sum of two tables rather than one assembly line; installation condition (concealed vs exposed vs slab) not on label; couplings, connectors, straps, boxes, terminations not included","1-1/4"" L1@5.00 CLF 189.00 233.00 422.00",item,1 1/4-inch 6.20 7.80 9.30 C,item
35,1 1/4 EMT 3#6,ENS68E85707B51638E02,95,"Copper Building Wire: Type THHN 600 volt stranded copper building wire # 6 || raw: # 6 L2@10.0 KLF 607.00 466.00 1,073.00",607.00,10.00,KLF,150,600 Volt Bldg Wire-1/C-Copper Type THHN & THWN: #6 || raw: #6 11.00 13.75 16.50 M,11.00,M,high,"Companion row 2/2: wire per 1000 ft, x 3 conductors, to add to the 1-1/4"" EMT raceway row. NE raw p95 ""# 6 L2@10.0 KLF 607.00 466.00 1,073.00"" (THHN stranded (NE 2025 lists #6 THHN in stranded only, p95), crew L2; = 1.00 h and 60.70 USD per 100 ft per conductor -> 3.00 h and 182.10 USD per 100 ft for 3; THW/XHHW alts same pages). NECA raw p150 ""#6 11.00 13.75 16.50 M"" = 1.10 h per 100 ft per conductor -> 3.30 h for 3 (note p150: reduce labor 10% with factory-lubricated wire). Exact size match (#6).","# 6 L2@10.0 KLF 607.00 466.00 1,073.00",item,#6 11.00 13.75 16.50 M,item
35,3 EMT 3#35,,18,"EMT conduit in concealed areas, walls and closed ceilings 3"" || raw: 3"" L1@12.0 CLF 571.00 559.00 1,130.00",571.00,12.00,CLF,202,Electrical Metallic Tubing (EMT): 3-inch || raw: 3-inch 11.00 13.70 16.50 C,11.00,C,medium,"Dupuis conduit spec ""3 3c35"" = 3"" EMT with 3 x 350 kcmil conductors (conduits-spec.csv: 1 occurrence(s), 1,404.0 px total length); no EE code was attached to this family by the recensement, BUT ensembles-ee.csv holds ENSCF824E64164131D51 ""conduit 3 3c350mcm"" (key 19PE3 #350, 0 marks) which is the same spec: ""35"" in the Dupuis label is 350 kcmil (trailing zero dropped, cf. ""4c35"", ""3c50"") -> priced as 3 x 350 kcmil. NE 2025 conduit assemblies (p448-451) cover 1/2"" to 1-1/4"" with #14/#12/#10 only, 1 to 6 wires - no assembly for this spec. Row 1/2 = conduit per 100 ft, priced as raceway + wire separately (same method as chunk-26 to 34). NE raw p18 (concealed areas, walls and closed ceilings): ""3"" L1@12.0 CLF 571.00 559.00 1,130.00"" (alts same page: in floor slab / trapeze ""3"" L1@10.0 CLF 571.00 466.00 1,037.00"", exposed ""3"" L1@14.0 CLF 571.00 652.00 1,223.00""). NECA raw p202 (26 05 33 EMT): ""3-inch 11.00 13.70 16.50 C"" (note: add 10% for colored conduit; fittings extra: ""EMT Set Screw Box Connectors 3-inch 0.35 0.45 0.50 E"", ""EMT Set Screw Couplings 3-inch 0.16 0.18 0.20 E"", ""EMT Factory Elbows 3-inch 0.70 0.87 1.05 E"", ""Field Bending EMT Conduit 3-inch 1.40 1.74 2.10 E"" p202). Totals per 100 ft with 3 conductors (see companion row): NE 19.20 h and 3,169.00 USD; NECA 22.40 h. Medium: sizes exact but both books are a sum of two tables rather than one assembly line; installation condition (concealed vs exposed vs slab) not on label; couplings, connectors, straps, boxes, terminations not included","3"" L1@12.0 CLF 571.00 559.00 1,130.00",item,3-inch 11.00 13.70 16.50 C,item
35,3 EMT 3#35,,95,"Copper Building Wire: Type THHN 600 volt stranded copper building wire #350 KCMIL || raw: #350 KCMIL L4@24.0 KLF 8,660.00 1,120.00 9,780.00",8660.00,24.00,KLF,150,600 Volt Bldg Wire-1/C-Copper Type THHN & THWN: 350 kcmil || raw: 350 kcmil 38.00 48.00 57.00 M,38.00,M,medium,"Companion row 2/2: wire per 1000 ft, x 3 conductors, to add to the 3"" EMT raceway row. NE raw p95 ""#350 KCMIL L4@24.0 KLF 8,660.00 1,120.00 9,780.00"" (THHN stranded, crew L4; = 2.40 h and 866.00 USD per 100 ft per conductor -> 7.20 h and 2,598.00 USD per 100 ft for 3; THW/XHHW alts same pages). NECA raw p150 ""350 kcmil 38.00 48.00 57.00 M"" = 3.80 h per 100 ft per conductor -> 11.40 h for 3 (note p150: reduce labor 10% with factory-lubricated wire). Exact size match (350 kcmil). Reading ""35"" = 350 kcmil rests on the EE ensemble name ""conduit 3 3c350mcm"" in ensembles-ee.csv (not on a guess); if the plans show a different kcmil size, re-select on NE p95 / NECA p150. NE 350 kcmil uses crew L4 (4 electricians).","#350 KCMIL L4@24.0 KLF 8,660.00 1,120.00 9,780.00",item,350 kcmil 38.00 48.00 57.00 M,item
35,4 EMT 3#50,,18,"EMT conduit in concealed areas, walls and closed ceilings 4"" || raw: 4"" L1@16.0 CLF 842.00 745.00 1,587.00",842.00,16.00,CLF,202,Electrical Metallic Tubing (EMT): 4-inch || raw: 4-inch 16.00 20.00 24.00 C,16.00,C,medium,"Dupuis conduit spec ""4 3c50"" = 4"" EMT with 3 x 500 kcmil conductors (conduits-spec.csv: 1 occurrence(s), 746.0 px total length); no EE code was attached to this family by the recensement, BUT ensembles-ee.csv holds ENSF0744905109DB13B0 ""conduit 4 3c500mcm"" (key 19PE4 #500, 0 marks) which is the same spec: ""50"" in the Dupuis label is 500 kcmil (trailing zero dropped, cf. ""3c35"") -> priced as 3 x 500 kcmil. NE 2025 conduit assemblies (p448-451) cover 1/2"" to 1-1/4"" with #14/#12/#10 only, 1 to 6 wires - no assembly for this spec. Row 1/2 = conduit per 100 ft, priced as raceway + wire separately (same method as chunk-26 to 34). NE raw p18 (concealed areas, walls and closed ceilings): ""4"" L1@16.0 CLF 842.00 745.00 1,587.00"" (alts same page: in floor slab / trapeze ""4"" L1@12.0 CLF 842.00 559.00 1,401.00"", exposed ""4"" L1@18.0 CLF 842.00 839.00 1,681.00""). NECA raw p202 (26 05 33 EMT): ""4-inch 16.00 20.00 24.00 C"" (note: add 10% for colored conduit; fittings extra: ""EMT Set Screw Box Connectors 4-inch 0.45 0.60 0.75 E"", ""EMT Set Screw Couplings 4-inch 0.22 0.24 0.26 E"", ""EMT Factory Elbows 4-inch 1.00 1.25 1.50 E"", ""Field Bending EMT Conduit 4-inch 2.00 2.50 3.00 E"" p202). Totals per 100 ft with 3 conductors (see companion row): NE 23.80 h and 4,532.00 USD; NECA 29.20 h. Medium: sizes exact but both books are a sum of two tables rather than one assembly line; installation condition (concealed vs exposed vs slab) not on label; couplings, connectors, straps, boxes, terminations not included","4"" L1@16.0 CLF 842.00 745.00 1,587.00",item,4-inch 16.00 20.00 24.00 C,item
35,4 EMT 3#50,,95,"Copper Building Wire: Type THHN 600 volt stranded copper building wire #500 KCMIL || raw: #500 KCMIL L4@26.0 KLF 12,300.00 1,210.00 13,510.00",12300.00,26.00,KLF,150,600 Volt Bldg Wire-1/C-Copper Type THHN & THWN: 500 kcmil || raw: 500 kcmil 44.00 55.00 66.00 M,44.00,M,medium,"Companion row 2/2: wire per 1000 ft, x 3 conductors, to add to the 4"" EMT raceway row. NE raw p95 ""#500 KCMIL L4@26.0 KLF 12,300.00 1,210.00 13,510.00"" (THHN stranded, crew L4; = 2.60 h and 1,230.00 USD per 100 ft per conductor -> 7.80 h and 3,690.00 USD per 100 ft for 3; THW/XHHW alts same pages). NECA raw p150 ""500 kcmil 44.00 55.00 66.00 M"" = 4.40 h per 100 ft per conductor -> 13.20 h for 3 (note p150: reduce labor 10% with factory-lubricated wire). Exact size match (500 kcmil). Reading ""50"" = 500 kcmil rests on the EE ensemble name ""conduit 4 3c500mcm"" in ensembles-ee.csv (not on a guess); if the plans show a different kcmil size, re-select on NE p95 / NECA p150. NE 500 kcmil uses crew L4 (4 electricians).","#500 KCMIL L4@26.0 KLF 12,300.00 1,210.00 13,510.00",item,500 kcmil 44.00 55.00 66.00 M,item
36,4/1 EMT 2#3,,,none,,,,,none,,,none,"Dupuis conduit spec ""4/1 2c3"" (conduits-spec.csv: 1 occurrence, 45,736.2 px total length - long run); no EE ensemble code for this spec in ensembles-ee.csv; 0 marks. the label is a plan-text misread (""4/1"" is NOT an EMT trade size: books list 1/2, 3/4, 1, 1-1/4, 1-1/2, 2, 2-1/2, 3, 3-1/2, 4 - NE p18, NECA p202; most likely ""3/4"" or ""1 1/4"" with lost/garbled characters, or a Nc1/0-type spec re-split) -> the raceway cannot be selected without inventing a size -> none (same treatment as ""3/1 EMT 2#3"" chunk-33 and ""13/1 EMT 2#1"" chunk-34). Reference lines once the size is confirmed on the plans: NE p18 concealed ""3/4"" L1@3.75 CLF 74.30 175.00 249.30"" / ""1"" L1@4.25 CLF 125.00 198.00 323.00"" / ""1-1/4"" L1@5.00 CLF 189.00 233.00 422.00""; NECA p202 ""3/4-inch 5.00 6.20 7.50 C"" / ""1-inch 5.50 6.80 8.20 C"" / ""1 1/4-inch 6.20 7.80 9.30 C"". Conductors (2 x #3, unusual set: no neutral/ground count - verify on the plans) in the companion row.",,,,
36,4/1 EMT 2#3,,,none,,,,150,600 Volt Bldg Wire-1/C-Copper Type THHN & THWN: #3 || raw: #3 15.00 18.75 22.50 M,15.00,M,low,"Companion row 2/2: wire per 1000 ft, x 2 conductors (raceway row = none, size unreadable). NE 2025 has NO #3 building wire line (p94-95 THHN/THW/XHHW go # 6, # 4, # 2, # 1 - no ""# 3"", verified in the CSV extracted from the PDF text; same finding as ""4 EMT 4#3"" chunk-33 and ""3/1 EMT 2#3"" chunk-33) -> none. NECA raw p150 ""#3 15.00 18.75 22.50 M"" = 1.50 h per 100 ft per conductor -> 3.00 h per 100 ft for 2 (note p150: reduce labor 10% with factory-lubricated wire). Exact gauge match (#3) but low: the whole label is suspect (conduit size unreadable; ""2c3"" may be a re-split of a 2c3/0-type spec) -> verify on the plans; 3/0 alternative: NE raw p95 ""# 3/0 L3@17.0 KLF 4,160.00 792.00 4,952.00"" (THHN stranded), NECA raw p150 ""3/0 26.00 32.50 39.00 M"".",,,#3 15.00 18.75 22.50 M,item
36,4/1 EMT 2#2,,,none,,,,,none,,,none,"Dupuis conduit spec ""4/1 2c2"" (conduits-spec.csv: 1 occurrence, 2,327.2 px total length); no EE ensemble code for this spec in ensembles-ee.csv; 0 marks. the label is a plan-text misread (""4/1"" is NOT an EMT trade size: books list 1/2, 3/4, 1, 1-1/4, 1-1/2, 2, 2-1/2, 3, 3-1/2, 4 - NE p18, NECA p202; most likely ""3/4"" or ""1 1/4"" with lost/garbled characters, or a Nc1/0-type spec re-split) -> the raceway cannot be selected without inventing a size -> none (same treatment as ""3/1 EMT 2#3"" chunk-33 and ""13/1 EMT 2#1"" chunk-34). Reference lines once the size is confirmed on the plans: NE p18 concealed ""3/4"" L1@3.75 CLF 74.30 175.00 249.30"" / ""1"" L1@4.25 CLF 125.00 198.00 323.00"" / ""1-1/4"" L1@5.00 CLF 189.00 233.00 422.00""; NECA p202 ""3/4-inch 5.00 6.20 7.50 C"" / ""1-inch 5.50 6.80 8.20 C"" / ""1 1/4-inch 6.20 7.80 9.30 C"". Conductors (2 x #2, unusual set: no neutral/ground count - verify on the plans) in the companion row.",,,,
36,4/1 EMT 2#2,,95,"Copper Building Wire: Type THHN 600 volt stranded copper building wire # 2 || raw: # 2 L3@13.0 KLF 1,780.00 606.00 2,386.00",1780.00,13.00,KLF,150,600 Volt Bldg Wire-1/C-Copper Type THHN & THWN: #2 || raw: #2 17.00 21.25 25.50 M,17.00,M,low,"Companion row 2/2: wire per 1000 ft, x 2 conductors (raceway row = none, size unreadable). NE raw p95 ""# 2 L3@13.0 KLF 1,780.00 606.00 2,386.00"" (THHN stranded, crew L3; = 1.30 h and 178.00 USD per 100 ft per conductor -> 2.60 h and 356.00 USD per 100 ft for 2; THW/XHHW alts same pages). NECA raw p150 ""#2 17.00 21.25 25.50 M"" = 1.70 h per 100 ft per conductor -> 3.40 h for 2 (note p150: reduce labor 10% with factory-lubricated wire). Exact gauge match (#2; THHN stranded is the only #2 THHN form in NE 2025, p94 solid stops at #10) but low: the whole label is suspect (conduit size unreadable; ""2c2"" may be a re-split of a 2c2/0-type spec, cf. EE names ""conduit 2 4c2/0"" chunk-34) -> verify on the plans; 2/0 alternative: NE raw p95 ""# 2/0 L3@16.0 KLF 3,310.00 745.00 4,055.00"", NECA raw p150 ""2/0 24.00 30.00 36.00 M"".","# 2 L3@13.0 KLF 1,780.00 606.00 2,386.00",item,#2 17.00 21.25 25.50 M,item
36,2 EMT 30#10,ENS9CE4FFC1A312B1131,18,"EMT conduit in concealed areas, walls and closed ceilings 2"" || raw: 2"" L1@8.00 CLF 285.00 373.00 658.00",285.00,8.00,CLF,202,Electrical Metallic Tubing (EMT): 2-inch || raw: 2-inch 8.00 10.00 12.00 C,8.00,C,medium,"Dupuis conduit spec ""2 30c10"" = 2"" EMT with 30 x #10 conductors (conduits-spec.csv: 1 occurrence, 2,413.0 px total length); EE ensemble ENS9CE4FFC1A312B1131 ""conduit 2 30c10"" (key 19PE2 #10; 0 marks in ensembles-ee.csv) - spec and EE name agree. Row 1/2 = conduit per 100 ft, priced as raceway + wire separately (same method as chunk-26/28/29/31/32/33/34); NE 2025 conduit assembly tables p448-451 cover 1/2"" to 1-1/4"" only, 1 to 6 wires - no assembly for 2"" or 30 conductors. NE raw p18 (concealed areas, walls and closed ceilings): ""2"" L1@8.00 CLF 285.00 373.00 658.00"" (alts same page: in floor slab / trapeze ""2"" L1@7.00 CLF 285.00 326.00 611.00"", exposed ""2"" L1@10.0 CLF 285.00 466.00 751.00""). NECA raw p202 (26 05 33 EMT): ""2-inch 8.00 10.00 12.00 C"" (note: add 10% for colored conduit; fittings extra: ""EMT Set Screw Box Connectors 2-inch 0.25 0.31 0.37 E"", ""EMT Set Screw Couplings 2-inch 0.12 0.14 0.16 E"", ""Field Bending EMT Conduit 2-inch 1.00 1.24 1.50 E"" p202). Totals per 100 ft with 30 conductors as labelled (see companion row): NE 32.00 h and 1,077.00 USD; NECA 29.00 h. Medium: sizes exact and EE name consistent, but both books are a sum of two tables rather than one assembly line; installation condition (concealed vs exposed vs slab) not on label; neither book gives a labor adder for pulling 30 conductors in one raceway (NECA p150 lists no multi-conductor-pull factor - checked); couplings, connectors, straps, boxes, terminations not included.","2"" L1@8.00 CLF 285.00 373.00 658.00",item,2-inch 8.00 10.00 12.00 C,item
36,2 EMT 30#10,ENS9CE4FFC1A312B1131,94,Copper Building Wire: Type THHN 600 volt solid copper building wire # 10 || raw: # 10 L2@8.00 KLF 264.00 373.00 637.00,264.00,8.00,KLF,150,600 Volt Bldg Wire-1/C-Copper Type THHN & THWN: #10 || raw: #10 7.00 8.75 10.50 M,7.00,M,high,"Companion row 2/2: wire per 1000 ft, x 30 conductors, to add to the 2"" EMT raceway row. NE raw p94 ""# 10 L2@8.00 KLF 264.00 373.00 637.00"" (THHN solid, crew L2; = 0.80 h and 26.40 USD per 100 ft per conductor -> 24.00 h and 792.00 USD per 100 ft for 30; THW/XHHW alts same pages). NECA raw p150 ""#10 7.00 8.75 10.50 M"" = 0.70 h per 100 ft per conductor -> 21.00 h for 30 (note p150: reduce labor 10% with factory-lubricated wire). Exact size match (#10); THHN solid assumed as in earlier chunks (stranded #10 THHN also listed NE p95 - check spec).",# 10 L2@8.00 KLF 264.00 373.00 637.00,item,#10 7.00 8.75 10.50 M,item
