cote,page_humaine,feuille_ia,libelle,x_px,y_px,x_norm,y_norm,x_px_ia,y_px_ia,statut,id,id_apparie,libelle_apparie,distance_px_ia
humain,00 Addenda MEP01_Plans-unlocked-page-00015,S267_ADD_4,ADD FIXTURE G2,2413,3418,0.3452,0.6915,1960,2772,appariée,H:00 Addenda MEP01_Plans-unlocked-page-00015:1,IA:S267_ADD_4:11,G2 Applique de zone type 2,16.1
humain,00 Addenda MEP01_Plans-unlocked-page-00015,S267_ADD_4,ADD FIXTURE G2,3469,3414,0.4962,0.6907,2814,2769,appariée,H:00 Addenda MEP01_Plans-unlocked-page-00015:2,IA:S267_ADD_4:12,G2 Applique de zone type 2,13.8
humain,00 Addenda MEP01_Plans-unlocked-page-00015,S267_ADD_4,ADD FIXTURE G2,3760,3227,0.5379,0.6528,3049,2616,appariée,H:00 Addenda MEP01_Plans-unlocked-page-00015:3,IA:S267_ADD_4:8,G2 Applique de zone type 2,25.6
humain,00 Addenda MEP01_Plans-unlocked-page-00015,S267_ADD_4,ADD FIXTURE G2,2669,3223,0.3818,0.6520,2167,2612,appariée,H:00 Addenda MEP01_Plans-unlocked-page-00015:4,IA:S267_ADD_4:7,G2 Applique de zone type 2,29.0
humain,00 Addenda MEP01_Plans-unlocked-page-00015,S267_ADD_4,ADD FIXTURE G2,3479,2682,0.4977,0.5426,2822,2170,appariée,H:00 Addenda MEP01_Plans-unlocked-page-00015:5,IA:S267_ADD_4:10,G2 Applique de zone type 2,8.3
humain,00 Addenda MEP01_Plans-unlocked-page-00015,S267_ADD_4,ADD FIXTURE G2,3757,2515,0.5374,0.5088,3047,2033,appariée,H:00 Addenda MEP01_Plans-unlocked-page-00015:6,IA:S267_ADD_4:6,G2 Applique de zone type 2,33.4
humain,00 Addenda MEP01_Plans-unlocked-page-00015,S267_ADD_4,ADD FIXTURE G2,2675,2516,0.3826,0.5090,2172,2034,appariée,H:00 Addenda MEP01_Plans-unlocked-page-00015:7,IA:S267_ADD_4:5,G2 Applique de zone type 2,32.0
humain,00 Addenda MEP01_Plans-unlocked-page-00015,S267_ADD_4,ADD FIXTURE G2,4171,1089,0.5966,0.2203,3381,867,appariée,H:00 Addenda MEP01_Plans-unlocked-page-00015:8,IA:S267_ADD_4:4,G2 Applique de zone type 2,17.5
humain,00 Addenda MEP01_Plans-unlocked-page-00015,S267_ADD_4,ADD FIXTURE G2,3472,1094,0.4967,0.2213,2816,871,appariée,H:00 Addenda MEP01_Plans-unlocked-page-00015:9,IA:S267_ADD_4:3,G2 Applique de zone type 2,20.8
humain,00 Addenda MEP01_Plans-unlocked-page-00015,S267_ADD_4,ADD FIXTURE G2,2769,1089,0.3961,0.2203,2248,867,appariée,H:00 Addenda MEP01_Plans-unlocked-page-00015:10,IA:S267_ADD_4:2,G2 Applique de zone type 2,17.1
humain,00 Addenda MEP01_Plans-unlocked-page-00015,S267_ADD_4,ADD FIXTURE G2,4170,3930,0.5965,0.7950,3381,3191,appariée,H:00 Addenda MEP01_Plans-unlocked-page-00015:11,IA:S267_ADD_4:20,G2 Applique de zone type 2,25.7
humain,00 Addenda MEP01_Plans-unlocked-page-00015,S267_ADD_4,ADD FIXTURE G2,3477,3937,0.4974,0.7965,2820,3197,appariée,H:00 Addenda MEP01_Plans-unlocked-page-00015:12,IA:S267_ADD_4:19,G2 Applique de zone type 2,19.4
humain,00 Addenda MEP01_Plans-unlocked-page-00015,S267_ADD_4,ADD FIXTURE G2,2772,3931,0.3965,0.7952,2250,3192,appariée,H:00 Addenda MEP01_Plans-unlocked-page-00015:13,IA:S267_ADD_4:18,G2 Applique de zone type 2,24.4
humain,00 Addenda MEP01_Plans-unlocked-page-00015,S267_ADD_4,ADD FIXTURE G2,2074,3935,0.2967,0.7961,1685,3195,appariée,H:00 Addenda MEP01_Plans-unlocked-page-00015:14,IA:S267_ADD_4:17,G2 Applique de zone type 2,21.0
humain,00 Addenda MEP01_Plans-unlocked-page-00015,S267_ADD_4,ADD FIXTURE G2,2417,2687,0.3457,0.5436,1963,2174,appariée,H:00 Addenda MEP01_Plans-unlocked-page-00015:15,IA:S267_ADD_4:9,G2 Applique de zone type 2,12.1
humain,00 Addenda MEP01_Plans-unlocked-page-00015,S267_ADD_4,ADD FIXTURE G2,2073,1083,0.2965,0.2191,1685,862,appariée,H:00 Addenda MEP01_Plans-unlocked-page-00015:16,IA:S267_ADD_4:1,G2 Applique de zone type 2,11.6
humain,00 Addenda MEP01_Plans-unlocked-page-00015,S267_ADD_4,ADD FIXTURE G2,866,2206,0.1239,0.4463,709,1780,appariée,H:00 Addenda MEP01_Plans-unlocked-page-00015:17,IA:S267_ADD_4:13,G2 Applique de zone type 2,23.1
humain,00 Addenda MEP01_Plans-unlocked-page-00015,S267_ADD_4,ADD FIXTURE G2,870,3128,0.1244,0.6328,712,2535,appariée,H:00 Addenda MEP01_Plans-unlocked-page-00015:18,IA:S267_ADD_4:14,G2 Applique de zone type 2,24.2
humain,00 Addenda MEP01_Plans-unlocked-page-00015,S267_ADD_4,ADD FIXTURE G2,681,2766,0.0974,0.5596,559,2239,appariée,H:00 Addenda MEP01_Plans-unlocked-page-00015:19,IA:S267_ADD_4:16,G2 Applique de zone type 2,18.6
humain,00 Addenda MEP01_Plans-unlocked-page-00015,S267_ADD_4,ADD FIXTURE G2,674,1679,0.0964,0.3397,553,1349,appariée,H:00 Addenda MEP01_Plans-unlocked-page-00015:20,IA:S267_ADD_4:15,G2 Applique de zone type 2,28.0
humain,00 Addenda MEP01_Plans-unlocked-page-00015,S267_ADD_4,ADD FIXTURE TYPE G3,1414,1848,0.2023,0.3739,1152,1488,appariée,H:00 Addenda MEP01_Plans-unlocked-page-00015:21,IA:S267_ADD_4:31,G3 Applique de zone type 3,19.7
humain,00 Addenda MEP01_Plans-unlocked-page-00015,S267_ADD_4,ADD FIXTURE TYPE G3,1415,2617,0.2024,0.5294,1153,2117,appariée,H:00 Addenda MEP01_Plans-unlocked-page-00015:22,IA:S267_ADD_4:30,G3 Applique de zone type 3,16.8
humain,00 Addenda MEP01_Plans-unlocked-page-00015,S267_ADD_4,ADD FIXTURE TYPE G3,1411,3386,0.2018,0.6850,1149,2746,appariée,H:00 Addenda MEP01_Plans-unlocked-page-00015:23,IA:S267_ADD_4:29,G3 Applique de zone type 3,19.9
humain,00 Addenda MEP01_Plans-unlocked-page-00015,S267_ADD_4,ADD FIXTURE TYPE G3,1978,3684,0.2829,0.7453,1608,2990,appariée,H:00 Addenda MEP01_Plans-unlocked-page-00015:24,IA:S267_ADD_4:28,G3 Applique de zone type 3,27.6
humain,00 Addenda MEP01_Plans-unlocked-page-00015,S267_ADD_4,ADD FIXTURE TYPE G3,1977,2950,0.2828,0.5968,1607,2389,appariée,H:00 Addenda MEP01_Plans-unlocked-page-00015:25,IA:S267_ADD_4:27,G3 Applique de zone type 3,26.0
humain,00 Addenda MEP01_Plans-unlocked-page-00015,S267_ADD_4,ADD FIXTURE TYPE G3,1976,2266,0.2827,0.4584,1606,1829,appariée,H:00 Addenda MEP01_Plans-unlocked-page-00015:26,IA:S267_ADD_4:26,G3 Applique de zone type 3,25.5
humain,00 Addenda MEP01_Plans-unlocked-page-00015,S267_ADD_4,ADD FIXTURE TYPE G3,3479,2006,0.4977,0.4058,2822,1617,manquante IA,H:00 Addenda MEP01_Plans-unlocked-page-00015:27,,,
humain,00 Addenda MEP01_Plans-unlocked-page-00015,S267_ADD_4,ADD FIXTURE TYPE G3,2418,2000,0.3459,0.4046,1964,1612,appariée,H:00 Addenda MEP01_Plans-unlocked-page-00015:28,IA:S267_ADD_4:24,G3 Applique de zone type 3,8.3
humain,00 Addenda MEP01_Plans-unlocked-page-00015,S267_ADD_4,ADD FIXTURE TYPE G3,2681,1608,0.3835,0.3253,2176,1291,appariée,H:00 Addenda MEP01_Plans-unlocked-page-00015:29,IA:S267_ADD_4:22,G3 Applique de zone type 3,34.1
humain,00 Addenda MEP01_Plans-unlocked-page-00015,S267_ADD_4,ADD FIXTURE TYPE G3,3769,1607,0.5391,0.3251,3056,1290,appariée,H:00 Addenda MEP01_Plans-unlocked-page-00015:30,IA:S267_ADD_4:23,G3 Applique de zone type 3,34.8
humain,00 Addenda MEP01_Plans-unlocked-page-00015,S267_ADD_4,ADD FIXTURE TYPE G3,1974,1344,0.2824,0.2719,1605,1075,appariée,H:00 Addenda MEP01_Plans-unlocked-page-00015:31,IA:S267_ADD_4:21,G3 Applique de zone type 3,24.6
humain,00 Addenda MEP01_Plans-unlocked-page-00015,S267_ADD_4,ADD FIXTURE TYPE L5,4760,2455,0.6809,0.4967,3858,1984,appariée,H:00 Addenda MEP01_Plans-unlocked-page-00015:32,IA:S267_ADD_4:45,L5 Lampadaire type 5,25.7
humain,00 Addenda MEP01_Plans-unlocked-page-00015,S267_ADD_4,ADD FIXTURE TYPE L5,4760,1865,0.6809,0.3773,3858,1501,appariée,H:00 Addenda MEP01_Plans-unlocked-page-00015:33,IA:S267_ADD_4:44,L5 Lampadaire type 5,35.0
humain,00 Addenda MEP01_Plans-unlocked-page-00015,S267_ADD_4,ADD FIXTURE TYPE L5,3509,475,0.5019,0.0961,2846,364,appariée,H:00 Addenda MEP01_Plans-unlocked-page-00015:34,IA:S267_ADD_4:41,L5 Lampadaire type 5,33.7
humain,00 Addenda MEP01_Plans-unlocked-page-00015,S267_ADD_4,ADD FIXTURE TYPE L5,2743,478,0.3924,0.0967,2226,367,appariée,H:00 Addenda MEP01_Plans-unlocked-page-00015:35,IA:S267_ADD_4:40,L5 Lampadaire type 5,35.8
humain,00 Addenda MEP01_Plans-unlocked-page-00015,S267_ADD_4,ADD FIXTURE TYPE L5,2099,473,0.3003,0.0957,1706,363,appariée,H:00 Addenda MEP01_Plans-unlocked-page-00015:36,IA:S267_ADD_4:39,L5 Lampadaire type 5,31.7
humain,00 Addenda MEP01_Plans-unlocked-page-00015,S267_ADD_4,ADD FIXTURE TYPE L5,1558,4164,0.2229,0.8424,1268,3382,appariée,H:00 Addenda MEP01_Plans-unlocked-page-00015:37,IA:S267_ADD_4:42,L5 Lampadaire type 5,52.4
humain,00 Addenda MEP01_Plans-unlocked-page-00015,S267_ADD_4,ADD FIXTURE TYPE L5,4839,4179,0.6922,0.8454,3922,3395,appariée,H:00 Addenda MEP01_Plans-unlocked-page-00015:38,IA:S267_ADD_4:43,L5 Lampadaire type 5,65.0
humain,00 Addenda MEP01_Plans-unlocked-page-00015,S267_ADD_4,ADD FIXTURE TYPE L5,4756,3640,0.6803,0.7364,3854,2954,appariée,H:00 Addenda MEP01_Plans-unlocked-page-00015:39,IA:S267_ADD_4:47,L5 Lampadaire type 5,14.1
humain,00 Addenda MEP01_Plans-unlocked-page-00015,S267_ADD_4,ADD FIXTURE TYPE L5,4753,3157,0.6799,0.6387,3852,2558,appariée,H:00 Addenda MEP01_Plans-unlocked-page-00015:40,IA:S267_ADD_4:46,L5 Lampadaire type 5,46.1
humain,00 Addenda MEP01_Plans-unlocked-page-00015,S267_ADD_4,ADD FIXTURE TYPE L2,5799,2820,0.8295,0.5705,4698,2283,appariée,H:00 Addenda MEP01_Plans-unlocked-page-00015:41,IA:S267_ADD_4:32,L2 Lampadaire type 2,22.7
humain,00 Addenda MEP01_Plans-unlocked-page-00015,S267_ADD_4,ADD FIXTURE TYPE L2,5155,3425,0.7374,0.6929,4177,2778,appariée,H:00 Addenda MEP01_Plans-unlocked-page-00015:42,IA:S267_ADD_4:33,L2 Lampadaire type 2,27.1
humain,00 Addenda MEP01_Plans-unlocked-page-00015,S267_ADD_4,ADD FIXTURE TYPE L2,4627,1149,0.6619,0.2324,3750,916,appariée,H:00 Addenda MEP01_Plans-unlocked-page-00015:43,IA:S267_ADD_4:34,L2 Lampadaire type 2,40.6
humain,00 Addenda MEP01_Plans-unlocked-page-00015,S267_ADD_4,ADDFIXTURE TYPE L3,5411,2070,0.7740,0.4188,4384,1669,appariée,H:00 Addenda MEP01_Plans-unlocked-page-00015:44,IA:S267_ADD_4:37,L3 Lampadaire type 3,13.8
humain,00 Addenda MEP01_Plans-unlocked-page-00015,S267_ADD_4,ADDFIXTURE TYPE L3,5411,2637,0.7740,0.5335,4384,2133,appariée,H:00 Addenda MEP01_Plans-unlocked-page-00015:45,IA:S267_ADD_4:38,L3 Lampadaire type 3,15.4
humain,00 Addenda MEP01_Plans-unlocked-page-00015,S267_ADD_4,ADDFIXTURE TYPE L3,934,1097,0.1336,0.2219,764,873,appariée,H:00 Addenda MEP01_Plans-unlocked-page-00015:46,IA:S267_ADD_4:36,L3 Lampadaire type 3,25.1
humain,00 Addenda MEP01_Plans-unlocked-page-00015,S267_ADD_4,ADDFIXTURE TYPE L3,1418,581,0.2028,0.1175,1155,451,appariée,H:00 Addenda MEP01_Plans-unlocked-page-00015:47,IA:S267_ADD_4:35,L3 Lampadaire type 3,23.1
humain,00 Addenda MEP01_Plans-unlocked-page-00015,S267_ADD_4,ADD PUIT ACCES,4675,1815,0.6687,0.3672,3789,1461,appariée,H:00 Addenda MEP01_Plans-unlocked-page-00015:48,IA:S267_ADD_4:61,Puits d'accès électrique/télécom,7.4
humain,00 Addenda MEP01_Plans-unlocked-page-00015,S267_ADD_4,ADD PUIT ACCES,4672,3319,0.6683,0.6714,3786,2691,appariée,H:00 Addenda MEP01_Plans-unlocked-page-00015:49,IA:S267_ADD_4:62,Puits d'accès électrique/télécom,15.4
humain,00 Addenda MEP01_Plans-unlocked-page-00015,S267_ADD_4,ADD PUIT ACCES,4672,4250,0.6683,0.8598,3786,3453,appariée,H:00 Addenda MEP01_Plans-unlocked-page-00015:50,IA:S267_ADD_4:65,Puits d'accès électrique/télécom,8.8
humain,00 Addenda MEP01_Plans-unlocked-page-00015,S267_ADD_4,ADD PUIT ACCES,2406,4045,0.3442,0.8183,1954,3285,appariée,H:00 Addenda MEP01_Plans-unlocked-page-00015:51,IA:S267_ADD_4:64,Puits d'accès électrique/télécom,10.6
humain,00 Addenda MEP01_Plans-unlocked-page-00015,S267_ADD_4,ADD PUIT ACCES,1864,3856,0.2666,0.7801,1516,3130,appariée,H:00 Addenda MEP01_Plans-unlocked-page-00015:52,IA:S267_ADD_4:63,Puits d'accès électrique/télécom,8.0
humain,00 Addenda MEP01_Plans-unlocked-page-00015,S267_ADD_4,B2  2/6 1X12,3468,2244,0.4961,0.4540,2813,1811,manquante IA,H:00 Addenda MEP01_Plans-unlocked-page-00015:53,,,
humain,00 Addenda MEP01_Plans-unlocked-page-00015,S267_ADD_4,B2  2/6 1X12,3470,1983,0.4964,0.4012,2814,1598,manquante IA,H:00 Addenda MEP01_Plans-unlocked-page-00015:54,,,
humain,00 Addenda MEP01_Plans-unlocked-page-00015,S267_ADD_4,B2  2/6 1X12,3467,1988,0.4959,0.4022,2812,1602,appariée,H:00 Addenda MEP01_Plans-unlocked-page-00015:55,IA:S267_ADD_4:25,G3 Applique de zone type 3,7.3
humain,00 Électricité_Plans_pour AO - 3,S267_ADD_4,FIXTURE TYPE G3,3672,5469,0.2822,0.5942,1610,2349,exclue (doublon),H:00 Électricité_Plans_pour AO - 3:1,H:00 Addenda MEP01_Plans-unlocked-page-00015:25,,
humain,00 Électricité_Plans_pour AO - 3,S267_ADD_4,FIXTURE TYPE G3,3673,4198,0.2823,0.4561,1610,1796,exclue (doublon),H:00 Électricité_Plans_pour AO - 3:2,H:00 Addenda MEP01_Plans-unlocked-page-00015:26,,
humain,00 Électricité_Plans_pour AO - 3,S267_ADD_4,FIXTURE TYPE G3,2623,4853,0.2016,0.5273,1153,2081,exclue (doublon),H:00 Électricité_Plans_pour AO - 3:3,H:00 Addenda MEP01_Plans-unlocked-page-00015:22,,
humain,00 Électricité_Plans_pour AO - 3,S267_ADD_4,FIXTURE TYPE G3,4490,3732,0.3451,0.4055,1965,1594,exclue (doublon),H:00 Électricité_Plans_pour AO - 3:4,H:00 Addenda MEP01_Plans-unlocked-page-00015:28,,
humain,00 Électricité_Plans_pour AO - 3,S267_ADD_4,FIXTURE TYPE G3,6457,3730,0.4963,0.4053,2821,1593,exclue (doublon),H:00 Électricité_Plans_pour AO - 3:5,H:00 Addenda MEP01_Plans-unlocked-page-00015:54,,
humain,00 Électricité_Plans_pour AO - 3,S267_ADD_4,FIXTURE TYPE G3,4974,2984,0.3823,0.3242,2176,1268,exclue (doublon),H:00 Électricité_Plans_pour AO - 3:6,H:00 Addenda MEP01_Plans-unlocked-page-00015:29,,
humain,00 Électricité_Plans_pour AO - 3,S267_ADD_4,FIXTURE TYPE G3,6988,2981,0.5371,0.3239,3052,1267,exclue (doublon),H:00 Électricité_Plans_pour AO - 3:7,H:00 Addenda MEP01_Plans-unlocked-page-00015:30,,
humain,00 Électricité_Plans_pour AO - 3,S267_ADD_4,FIXTURE TYPE G3,3676,2503,0.2825,0.2719,1611,1059,exclue (doublon),H:00 Électricité_Plans_pour AO - 3:8,H:00 Addenda MEP01_Plans-unlocked-page-00015:31,,
humain,00 Électricité_Plans_pour AO - 3,S267_ADD_4,FIXTURE TYPE G3,2625,6274,0.2018,0.6817,1154,2699,exclue (doublon),H:00 Électricité_Plans_pour AO - 3:9,H:00 Addenda MEP01_Plans-unlocked-page-00015:23,,
humain,00 Électricité_Plans_pour AO - 3,S267_ADD_4,FIXTURE TYPE G3,3675,6831,0.2825,0.7422,1611,2942,exclue (doublon),H:00 Électricité_Plans_pour AO - 3:10,H:00 Addenda MEP01_Plans-unlocked-page-00015:24,,
humain,00 Électricité_Plans_pour AO - 3,S267_ADD_4,FIXTURE TYPE G3,2618,3424,0.2012,0.3720,1151,1460,exclue (doublon),H:00 Électricité_Plans_pour AO - 3:11,H:00 Addenda MEP01_Plans-unlocked-page-00015:21,,
humain,00 Électricité_Plans_pour AO - 3,S267_ADD_4,FIXTURE TYPE G2,1265,3129,0.0972,0.3400,562,1331,exclue (doublon),H:00 Électricité_Plans_pour AO - 3:12,H:00 Addenda MEP01_Plans-unlocked-page-00015:20,,
humain,00 Électricité_Plans_pour AO - 3,S267_ADD_4,FIXTURE TYPE G2,1627,4101,0.1250,0.4456,720,1754,exclue (doublon),H:00 Électricité_Plans_pour AO - 3:13,H:00 Addenda MEP01_Plans-unlocked-page-00015:17,,
humain,00 Électricité_Plans_pour AO - 3,S267_ADD_4,FIXTURE TYPE G2,4973,4675,0.3822,0.5079,2176,2004,exclue (doublon),H:00 Électricité_Plans_pour AO - 3:14,H:00 Addenda MEP01_Plans-unlocked-page-00015:7,,
humain,00 Électricité_Plans_pour AO - 3,S267_ADD_4,FIXTURE TYPE G2,4477,4988,0.3441,0.5419,1960,2140,exclue (doublon),H:00 Électricité_Plans_pour AO - 3:15,H:00 Addenda MEP01_Plans-unlocked-page-00015:15,,
humain,00 Électricité_Plans_pour AO - 3,S267_ADD_4,FIXTURE TYPE G2,1270,5150,0.0976,0.5595,565,2211,exclue (doublon),H:00 Électricité_Plans_pour AO - 3:16,H:00 Addenda MEP01_Plans-unlocked-page-00015:19,,
humain,00 Électricité_Plans_pour AO - 3,S267_ADD_4,FIXTURE TYPE G2,1625,5803,0.1249,0.6305,719,2495,exclue (doublon),H:00 Électricité_Plans_pour AO - 3:17,H:00 Addenda MEP01_Plans-unlocked-page-00015:18,,
humain,00 Électricité_Plans_pour AO - 3,S267_ADD_4,FIXTURE TYPE G2,4480,6344,0.3443,0.6893,1961,2730,exclue (doublon),H:00 Électricité_Plans_pour AO - 3:18,H:00 Addenda MEP01_Plans-unlocked-page-00015:1,,
humain,00 Électricité_Plans_pour AO - 3,S267_ADD_4,FIXTURE TYPE G2,4963,5982,0.3814,0.6499,2171,2572,exclue (doublon),H:00 Électricité_Plans_pour AO - 3:19,H:00 Addenda MEP01_Plans-unlocked-page-00015:4,,
humain,00 Électricité_Plans_pour AO - 3,S267_ADD_4,FIXTURE TYPE G2,5158,7301,0.3964,0.7932,2256,3146,exclue (doublon),H:00 Électricité_Plans_pour AO - 3:20,H:00 Addenda MEP01_Plans-unlocked-page-00015:13,,
humain,00 Électricité_Plans_pour AO - 3,S267_ADD_4,FIXTURE TYPE G2,3858,7296,0.2965,0.7927,1690,3144,exclue (doublon),H:00 Électricité_Plans_pour AO - 3:21,H:00 Addenda MEP01_Plans-unlocked-page-00015:14,,
humain,00 Électricité_Plans_pour AO - 3,S267_ADD_4,FIXTURE TYPE G2,6455,7303,0.4961,0.7935,2820,3147,exclue (doublon),H:00 Électricité_Plans_pour AO - 3:22,H:00 Addenda MEP01_Plans-unlocked-page-00015:12,,
humain,00 Électricité_Plans_pour AO - 3,S267_ADD_4,FIXTURE TYPE G2,6455,6353,0.4961,0.6902,2820,2734,exclue (doublon),H:00 Électricité_Plans_pour AO - 3:23,H:00 Addenda MEP01_Plans-unlocked-page-00015:2,,
humain,00 Électricité_Plans_pour AO - 3,S267_ADD_4,FIXTURE TYPE G2,6986,5989,0.5369,0.6507,3051,2576,exclue (doublon),H:00 Électricité_Plans_pour AO - 3:24,H:00 Addenda MEP01_Plans-unlocked-page-00015:3,,
humain,00 Électricité_Plans_pour AO - 3,S267_ADD_4,FIXTURE TYPE G2,7750,7298,0.5956,0.7929,3384,3145,exclue (doublon),H:00 Électricité_Plans_pour AO - 3:25,H:00 Addenda MEP01_Plans-unlocked-page-00015:11,,
humain,00 Électricité_Plans_pour AO - 3,S267_ADD_4,FIXTURE TYPE G2,6446,4989,0.4954,0.5420,2816,2140,exclue (doublon),H:00 Électricité_Plans_pour AO - 3:26,H:00 Addenda MEP01_Plans-unlocked-page-00015:5,,
humain,00 Électricité_Plans_pour AO - 3,S267_ADD_4,FIXTURE TYPE G2,6986,4670,0.5369,0.5074,3051,2002,exclue (doublon),H:00 Électricité_Plans_pour AO - 3:27,H:00 Addenda MEP01_Plans-unlocked-page-00015:6,,
humain,00 Électricité_Plans_pour AO - 3,S267_ADD_4,FIXTURE TYPE G2,6446,2024,0.4954,0.2199,2816,851,exclue (doublon),H:00 Électricité_Plans_pour AO - 3:28,H:00 Addenda MEP01_Plans-unlocked-page-00015:9,,
humain,00 Électricité_Plans_pour AO - 3,S267_ADD_4,FIXTURE TYPE G2,7741,2021,0.5950,0.2196,3380,849,exclue (doublon),H:00 Électricité_Plans_pour AO - 3:29,H:00 Addenda MEP01_Plans-unlocked-page-00015:8,,
humain,00 Électricité_Plans_pour AO - 3,S267_ADD_4,FIXTURE TYPE G2,5160,2028,0.3966,0.2203,2257,852,exclue (doublon),H:00 Électricité_Plans_pour AO - 3:30,H:00 Addenda MEP01_Plans-unlocked-page-00015:10,,
humain,00 Électricité_Plans_pour AO - 3,S267_ADD_4,FIXTURE TYPE G2,3860,2031,0.2967,0.2207,1691,854,exclue (doublon),H:00 Électricité_Plans_pour AO - 3:31,H:00 Addenda MEP01_Plans-unlocked-page-00015:16,,
humain,00 Électricité_Plans_pour AO - 3,S267_ADD_4,FIXTURE TYPE L5,3891,887,0.2991,0.0964,1705,356,exclue (doublon),H:00 Électricité_Plans_pour AO - 3:32,H:00 Addenda MEP01_Plans-unlocked-page-00015:36,,
humain,00 Électricité_Plans_pour AO - 3,S267_ADD_4,FIXTURE TYPE L5,5098,893,0.3918,0.0970,2230,359,exclue (doublon),H:00 Électricité_Plans_pour AO - 3:33,H:00 Addenda MEP01_Plans-unlocked-page-00015:35,,
humain,00 Électricité_Plans_pour AO - 3,S267_ADD_4,FIXTURE TYPE L5,6522,887,0.5013,0.0964,2849,356,exclue (doublon),H:00 Électricité_Plans_pour AO - 3:34,H:00 Addenda MEP01_Plans-unlocked-page-00015:34,,
humain,00 Électricité_Plans_pour AO - 3,S267_ADD_4,FIXTURE TYPE L5,8980,7736,0.6902,0.8405,3919,3335,exclue (doublon),H:00 Électricité_Plans_pour AO - 3:35,H:00 Addenda MEP01_Plans-unlocked-page-00015:38,,
humain,00 Électricité_Plans_pour AO - 3,S267_ADD_4,FIXTURE TYPE L5,8817,6743,0.6777,0.7326,3848,2904,exclue (doublon),H:00 Électricité_Plans_pour AO - 3:36,H:00 Addenda MEP01_Plans-unlocked-page-00015:39,,
humain,00 Électricité_Plans_pour AO - 3,S267_ADD_4,FIXTURE TYPE L5,8821,5865,0.6780,0.6372,3850,2522,exclue (doublon),H:00 Électricité_Plans_pour AO - 3:37,H:00 Addenda MEP01_Plans-unlocked-page-00015:40,,
humain,00 Électricité_Plans_pour AO - 3,S267_ADD_4,FIXTURE TYPE L5,8819,4573,0.6778,0.4968,3849,1960,exclue (doublon),H:00 Électricité_Plans_pour AO - 3:38,H:00 Addenda MEP01_Plans-unlocked-page-00015:32,,
humain,00 Électricité_Plans_pour AO - 3,S267_ADD_4,FIXTURE TYPE L5,8817,3471,0.6777,0.3771,3848,1480,exclue (doublon),H:00 Électricité_Plans_pour AO - 3:39,H:00 Addenda MEP01_Plans-unlocked-page-00015:33,,
humain,00 Électricité_Plans_pour AO - 3,S267_ADD_4,FIXTURE TYPE L5,2890,7733,0.2221,0.8402,1269,3334,exclue (doublon),H:00 Électricité_Plans_pour AO - 3:40,H:00 Addenda MEP01_Plans-unlocked-page-00015:37,,
humain,00 Électricité_Plans_pour AO - 3,S267_ADD_4,FIXTURE TYPE L2,9554,6355,0.7343,0.6905,4168,2735,exclue (doublon),H:00 Électricité_Plans_pour AO - 3:41,H:00 Addenda MEP01_Plans-unlocked-page-00015:42,,
humain,00 Électricité_Plans_pour AO - 3,S267_ADD_4,FIXTURE TYPE L2,10745,5220,0.8258,0.5671,4686,2241,exclue (doublon),H:00 Électricité_Plans_pour AO - 3:42,H:00 Addenda MEP01_Plans-unlocked-page-00015:41,,
humain,00 Électricité_Plans_pour AO - 3,S267_ADD_4,FIXTURE TYPE L2,8587,2135,0.6600,0.2320,3748,899,exclue (doublon),H:00 Électricité_Plans_pour AO - 3:43,H:00 Addenda MEP01_Plans-unlocked-page-00015:43,,
humain,00 Électricité_Plans_pour AO - 3,S267_ADD_4,FIXTURE TYPE L3,10039,3849,0.7716,0.4182,4379,1645,exclue (doublon),H:00 Électricité_Plans_pour AO - 3:44,H:00 Addenda MEP01_Plans-unlocked-page-00015:44,,
humain,00 Électricité_Plans_pour AO - 3,S267_ADD_4,FIXTURE TYPE L3,10047,4901,0.7722,0.5325,4383,2102,exclue (doublon),H:00 Électricité_Plans_pour AO - 3:45,H:00 Addenda MEP01_Plans-unlocked-page-00015:45,,
humain,00 Électricité_Plans_pour AO - 3,S267_ADD_4,FIXTURE TYPE L3,2619,1091,0.2013,0.1185,1152,445,exclue (doublon),H:00 Électricité_Plans_pour AO - 3:46,H:00 Addenda MEP01_Plans-unlocked-page-00015:47,,
humain,00 Électricité_Plans_pour AO - 3,S267_ADD_4,FIXTURE TYPE L3,1736,2041,0.1334,0.2218,767,858,exclue (doublon),H:00 Électricité_Plans_pour AO - 3:47,H:00 Addenda MEP01_Plans-unlocked-page-00015:46,,
humain,00 Addenda MEP01_Plans-unlocked-page-00016,S267_ADD_21,ADD FIXTURE TYPE A1,4078,4158,0.5796,0.8394,3307,3361,appariée,H:00 Addenda MEP01_Plans-unlocked-page-00016:1,IA:S267_ADD_21:24,A1 Troffer 2x4,14.6
humain,00 Addenda MEP01_Plans-unlocked-page-00016,S267_ADD_21,ADD FIXTURE TYPE A1,4075,4264,0.5792,0.8608,3305,3447,appariée,H:00 Addenda MEP01_Plans-unlocked-page-00016:2,IA:S267_ADD_21:25,A1 Troffer 2x4,14.1
humain,00 Addenda MEP01_Plans-unlocked-page-00016,S267_ADD_21,ADD FIXTURE TYPE A1,4429,4155,0.6295,0.8388,3591,3358,appariée,H:00 Addenda MEP01_Plans-unlocked-page-00016:3,IA:S267_ADD_21:3,A1 Troffer 2x4,13.6
humain,00 Addenda MEP01_Plans-unlocked-page-00016,S267_ADD_21,ADD FIXTURE TYPE A1,4430,4263,0.6296,0.8606,3592,3446,appariée,H:00 Addenda MEP01_Plans-unlocked-page-00016:4,IA:S267_ADD_21:7,A1 Troffer 2x4,15.6
humain,00 Addenda MEP01_Plans-unlocked-page-00016,S267_ADD_21,ADD FIXTURE TYPE A1,4642,4156,0.6597,0.8390,3763,3359,appariée,H:00 Addenda MEP01_Plans-unlocked-page-00016:5,IA:S267_ADD_21:4,A1 Troffer 2x4,14.5
humain,00 Addenda MEP01_Plans-unlocked-page-00016,S267_ADD_21,ADD FIXTURE TYPE A1,4639,4263,0.6593,0.8606,3761,3446,appariée,H:00 Addenda MEP01_Plans-unlocked-page-00016:6,IA:S267_ADD_21:55,A1 Troffer 2x4 urgence,15.1
humain,00 Addenda MEP01_Plans-unlocked-page-00016,S267_ADD_21,ADD FIXTURE TYPE A1,4856,4157,0.6902,0.8392,3937,3360,appariée,H:00 Addenda MEP01_Plans-unlocked-page-00016:7,IA:S267_ADD_21:5,A1 Troffer 2x4,15.6
humain,00 Addenda MEP01_Plans-unlocked-page-00016,S267_ADD_21,ADD FIXTURE TYPE A1,4857,4262,0.6903,0.8604,3937,3445,appariée,H:00 Addenda MEP01_Plans-unlocked-page-00016:8,IA:S267_ADD_21:8,A1 Troffer 2x4,15.3
humain,00 Addenda MEP01_Plans-unlocked-page-00016,S267_ADD_21,ADD FIXTURE TYPE A1,4855,4370,0.6900,0.8822,3936,3533,appariée,H:00 Addenda MEP01_Plans-unlocked-page-00016:9,IA:S267_ADD_21:12,A1 Troffer 2x4,16.5
humain,00 Addenda MEP01_Plans-unlocked-page-00016,S267_ADD_21,ADD FIXTURE TYPE A1,4642,4368,0.6597,0.8818,3763,3531,appariée,H:00 Addenda MEP01_Plans-unlocked-page-00016:10,IA:S267_ADD_21:11,A1 Troffer 2x4,14.9
humain,00 Addenda MEP01_Plans-unlocked-page-00016,S267_ADD_21,ADD FIXTURE TYPE A1,4427,4367,0.6292,0.8816,3589,3531,appariée,H:00 Addenda MEP01_Plans-unlocked-page-00016:11,IA:S267_ADD_21:10,A1 Troffer 2x4,13.7
humain,00 Addenda MEP01_Plans-unlocked-page-00016,S267_ADD_21,ADD FIXTURE TYPE A1,4074,4385,0.5790,0.8852,3304,3545,appariée,H:00 Addenda MEP01_Plans-unlocked-page-00016:12,IA:S267_ADD_21:26,A1 Troffer 2x4,16.4
humain,00 Addenda MEP01_Plans-unlocked-page-00016,S267_ADD_21,ADD FIXTURE TYPE A1,4079,4490,0.5797,0.9064,3308,3631,appariée,H:00 Addenda MEP01_Plans-unlocked-page-00016:13,IA:S267_ADD_21:27,A1 Troffer 2x4,15.8
humain,00 Addenda MEP01_Plans-unlocked-page-00016,S267_ADD_21,ADD FIXTURE TYPE A1,4432,4476,0.6299,0.9036,3594,3619,appariée,H:00 Addenda MEP01_Plans-unlocked-page-00016:14,IA:S267_ADD_21:13,A1 Troffer 2x4,16.2
humain,00 Addenda MEP01_Plans-unlocked-page-00016,S267_ADD_21,ADD FIXTURE TYPE A1,4642,4476,0.6597,0.9036,3763,3619,appariée,H:00 Addenda MEP01_Plans-unlocked-page-00016:15,IA:S267_ADD_21:14,A1 Troffer 2x4,15.6
humain,00 Addenda MEP01_Plans-unlocked-page-00016,S267_ADD_21,ADD FIXTURE TYPE A1,4852,4474,0.6896,0.9032,3933,3618,appariée,H:00 Addenda MEP01_Plans-unlocked-page-00016:16,IA:S267_ADD_21:15,A1 Troffer 2x4,13.7
humain,00 Addenda MEP01_Plans-unlocked-page-00016,S267_ADD_21,ADD FIXTURE TYPE A1,5068,4155,0.7203,0.8388,4108,3358,appariée,H:00 Addenda MEP01_Plans-unlocked-page-00016:17,IA:S267_ADD_21:6,A1 Troffer 2x4,13.6
humain,00 Addenda MEP01_Plans-unlocked-page-00016,S267_ADD_21,ADD FIXTURE TYPE A1,5069,4263,0.7204,0.8606,4109,3446,appariée,H:00 Addenda MEP01_Plans-unlocked-page-00016:18,IA:S267_ADD_21:9,A1 Troffer 2x4,15.6
humain,00 Addenda MEP01_Plans-unlocked-page-00016,S267_ADD_21,ADD FIXTURE TYPE A1,5023,4390,0.7139,0.8862,4072,3549,appariée,H:00 Addenda MEP01_Plans-unlocked-page-00016:19,IA:S267_ADD_21:28,A1 Troffer 2x4,15.4
humain,00 Addenda MEP01_Plans-unlocked-page-00016,S267_ADD_21,ADD FIXTURE TYPE A1,5094,4495,0.7240,0.9074,4129,3635,appariée,H:00 Addenda MEP01_Plans-unlocked-page-00016:20,IA:S267_ADD_21:29,A1 Troffer 2x4,14.9
humain,00 Addenda MEP01_Plans-unlocked-page-00016,S267_ADD_21,ADD FIXTURE TYPE A1,5476,4394,0.7783,0.8870,4438,3553,appariée,H:00 Addenda MEP01_Plans-unlocked-page-00016:21,IA:S267_ADD_21:36,A1 Troffer 2x4,13.8
humain,00 Addenda MEP01_Plans-unlocked-page-00016,S267_ADD_21,ADD FIXTURE TYPE A1,5616,4396,0.7982,0.8874,4552,3554,appariée,H:00 Addenda MEP01_Plans-unlocked-page-00016:22,IA:S267_ADD_21:41,A1 Troffer 2x4,15.2
humain,00 Addenda MEP01_Plans-unlocked-page-00016,S267_ADD_21,ADD FIXTURE TYPE A1,5612,4255,0.7976,0.8590,4548,3440,appariée,H:00 Addenda MEP01_Plans-unlocked-page-00016:23,IA:S267_ADD_21:40,A1 Troffer 2x4,15.8
humain,00 Addenda MEP01_Plans-unlocked-page-00016,S267_ADD_21,ADD FIXTURE TYPE A1,5785,4395,0.8222,0.8872,4688,3553,appariée,H:00 Addenda MEP01_Plans-unlocked-page-00016:24,IA:S267_ADD_21:59,A1 Troffer 2x4 urgence,14.8
humain,00 Addenda MEP01_Plans-unlocked-page-00016,S267_ADD_21,ADD FIXTURE TYPE A1,5926,4396,0.8422,0.8874,4803,3554,appariée,H:00 Addenda MEP01_Plans-unlocked-page-00016:25,IA:S267_ADD_21:53,A1 Troffer 2x4,15.4
humain,00 Addenda MEP01_Plans-unlocked-page-00016,S267_ADD_21,ADD FIXTURE TYPE A1,5926,4255,0.8422,0.8590,4803,3440,appariée,H:00 Addenda MEP01_Plans-unlocked-page-00016:26,IA:S267_ADD_21:52,A1 Troffer 2x4,15.8
humain,00 Addenda MEP01_Plans-unlocked-page-00016,S267_ADD_21,ADD FIXTURE TYPE A1,5782,4252,0.8218,0.8584,4686,3437,appariée,H:00 Addenda MEP01_Plans-unlocked-page-00016:27,IA:S267_ADD_21:46,A1 Troffer 2x4,13.2
humain,00 Addenda MEP01_Plans-unlocked-page-00016,S267_ADD_21,ADD FIXTURE TYPE A1,5479,4254,0.7787,0.8588,4441,3439,appariée,H:00 Addenda MEP01_Plans-unlocked-page-00016:28,IA:S267_ADD_21:35,A1 Troffer 2x4,15.5
humain,00 Addenda MEP01_Plans-unlocked-page-00016,S267_ADD_21,ADD FIXTURE TYPE A1,5475,4113,0.7781,0.8303,4438,3324,appariée,H:00 Addenda MEP01_Plans-unlocked-page-00016:29,IA:S267_ADD_21:34,A1 Troffer 2x4,15.2
humain,00 Addenda MEP01_Plans-unlocked-page-00016,S267_ADD_21,ADD FIXTURE TYPE A1,5477,3972,0.7784,0.8018,4439,3209,appariée,H:00 Addenda MEP01_Plans-unlocked-page-00016:30,IA:S267_ADD_21:33,A1 Troffer 2x4,15.8
humain,00 Addenda MEP01_Plans-unlocked-page-00016,S267_ADD_21,ADD FIXTURE TYPE A1,5616,3970,0.7982,0.8014,4552,3208,appariée,H:00 Addenda MEP01_Plans-unlocked-page-00016:31,IA:S267_ADD_21:39,A1 Troffer 2x4,13.8
humain,00 Addenda MEP01_Plans-unlocked-page-00016,S267_ADD_21,ADD FIXTURE TYPE A1,5618,4113,0.7984,0.8303,4553,3324,appariée,H:00 Addenda MEP01_Plans-unlocked-page-00016:32,IA:S267_ADD_21:57,A1 Troffer 2x4 urgence,15.3
humain,00 Addenda MEP01_Plans-unlocked-page-00016,S267_ADD_21,ADD FIXTURE TYPE A1,5785,4111,0.8222,0.8299,4688,3322,appariée,H:00 Addenda MEP01_Plans-unlocked-page-00016:33,IA:S267_ADD_21:45,A1 Troffer 2x4,13.9
humain,00 Addenda MEP01_Plans-unlocked-page-00016,S267_ADD_21,ADD FIXTURE TYPE A1,5785,3973,0.8222,0.8020,4688,3210,appariée,H:00 Addenda MEP01_Plans-unlocked-page-00016:34,IA:S267_ADD_21:44,A1 Troffer 2x4,16.6
humain,00 Addenda MEP01_Plans-unlocked-page-00016,S267_ADD_21,ADD FIXTURE TYPE A1,5927,3972,0.8424,0.8018,4803,3209,appariée,H:00 Addenda MEP01_Plans-unlocked-page-00016:35,IA:S267_ADD_21:50,A1 Troffer 2x4,15.8
humain,00 Addenda MEP01_Plans-unlocked-page-00016,S267_ADD_21,ADD FIXTURE TYPE A1,5929,4115,0.8426,0.8307,4805,3326,appariée,H:00 Addenda MEP01_Plans-unlocked-page-00016:36,IA:S267_ADD_21:51,A1 Troffer 2x4,17.4
humain,00 Addenda MEP01_Plans-unlocked-page-00016,S267_ADD_21,ADD FIXTURE TYPE A1,5927,3830,0.8424,0.7732,4803,3094,appariée,H:00 Addenda MEP01_Plans-unlocked-page-00016:37,IA:S267_ADD_21:49,A1 Troffer 2x4,15.3
humain,00 Addenda MEP01_Plans-unlocked-page-00016,S267_ADD_21,ADD FIXTURE TYPE A1,5927,3687,0.8424,0.7443,4803,2978,appariée,H:00 Addenda MEP01_Plans-unlocked-page-00016:38,IA:S267_ADD_21:48,A1 Troffer 2x4,13.1
humain,00 Addenda MEP01_Plans-unlocked-page-00016,S267_ADD_21,ADD FIXTURE TYPE A1,5783,3690,0.8219,0.7449,4687,2980,appariée,H:00 Addenda MEP01_Plans-unlocked-page-00016:39,IA:S267_ADD_21:42,A1 Troffer 2x4,15.2
humain,00 Addenda MEP01_Plans-unlocked-page-00016,S267_ADD_21,ADD FIXTURE TYPE A1,5784,3832,0.8220,0.7736,4688,3096,appariée,H:00 Addenda MEP01_Plans-unlocked-page-00016:40,IA:S267_ADD_21:43,A1 Troffer 2x4,16.8
humain,00 Addenda MEP01_Plans-unlocked-page-00016,S267_ADD_21,ADD FIXTURE TYPE A1,5620,3830,0.7987,0.7732,4555,3094,appariée,H:00 Addenda MEP01_Plans-unlocked-page-00016:41,IA:S267_ADD_21:56,A1 Troffer 2x4 urgence,15.5
humain,00 Addenda MEP01_Plans-unlocked-page-00016,S267_ADD_21,ADD FIXTURE TYPE A1,5620,3687,0.7987,0.7443,4555,2978,appariée,H:00 Addenda MEP01_Plans-unlocked-page-00016:42,IA:S267_ADD_21:38,A1 Troffer 2x4,13.3
humain,00 Addenda MEP01_Plans-unlocked-page-00016,S267_ADD_21,ADD FIXTURE TYPE A1,5479,3688,0.7787,0.7445,4441,2979,appariée,H:00 Addenda MEP01_Plans-unlocked-page-00016:43,IA:S267_ADD_21:31,A1 Troffer 2x4,14.3
humain,00 Addenda MEP01_Plans-unlocked-page-00016,S267_ADD_21,ADD FIXTURE TYPE A1,5479,3832,0.7787,0.7736,4441,3096,appariée,H:00 Addenda MEP01_Plans-unlocked-page-00016:44,IA:S267_ADD_21:32,A1 Troffer 2x4,17.3
humain,00 Addenda MEP01_Plans-unlocked-page-00016,S267_ADD_21,ADD FIXTURE TYPE A1,5476,3544,0.7783,0.7154,4438,2861,appariée,H:00 Addenda MEP01_Plans-unlocked-page-00016:45,IA:S267_ADD_21:30,A1 Troffer 2x4,11.7
humain,00 Addenda MEP01_Plans-unlocked-page-00016,S267_ADD_21,ADD FIXTURE TYPE A1,5616,3544,0.7982,0.7154,4552,2861,appariée,H:00 Addenda MEP01_Plans-unlocked-page-00016:46,IA:S267_ADD_21:37,A1 Troffer 2x4,11.4
humain,00 Addenda MEP01_Plans-unlocked-page-00016,S267_ADD_21,ADD FIXTURE TYPE A1,5784,3544,0.8220,0.7154,4688,2861,appariée,H:00 Addenda MEP01_Plans-unlocked-page-00016:47,IA:S267_ADD_21:58,A1 Troffer 2x4 urgence,11.7
humain,00 Addenda MEP01_Plans-unlocked-page-00016,S267_ADD_21,ADD FIXTURE TYPE A1,5925,3542,0.8421,0.7150,4802,2860,appariée,H:00 Addenda MEP01_Plans-unlocked-page-00016:48,IA:S267_ADD_21:47,A1 Troffer 2x4,9.9
humain,00 Addenda MEP01_Plans-unlocked-page-00016,S267_ADD_21,ADD FIXTURE TYPE A1,786,4175,0.1117,0.8428,643,3375,appariée,H:00 Addenda MEP01_Plans-unlocked-page-00016:49,IA:S267_ADD_21:16,A1 Troffer 2x4,22.0
humain,00 Addenda MEP01_Plans-unlocked-page-00016,S267_ADD_21,ADD FIXTURE TYPE A1,648,4316,0.0921,0.8713,531,3489,appariée,H:00 Addenda MEP01_Plans-unlocked-page-00016:50,IA:S267_ADD_21:20,A1 Troffer 2x4,18.8
humain,00 Addenda MEP01_Plans-unlocked-page-00016,S267_ADD_21,ADD FIXTURE TYPE A1,646,4453,0.0918,0.8989,530,3601,appariée,H:00 Addenda MEP01_Plans-unlocked-page-00016:51,IA:S267_ADD_21:19,A1 Troffer 2x4,21.0
humain,00 Addenda MEP01_Plans-unlocked-page-00016,S267_ADD_21,ADD FIXTURE TYPE A1,789,4456,0.1121,0.8995,645,3603,appariée,H:00 Addenda MEP01_Plans-unlocked-page-00016:52,IA:S267_ADD_21:17,A1 Troffer 2x4,19.8
humain,00 Addenda MEP01_Plans-unlocked-page-00016,S267_ADD_21,ADD FIXTURE TYPE A1,789,4316,0.1121,0.8713,645,3489,appariée,H:00 Addenda MEP01_Plans-unlocked-page-00016:53,IA:S267_ADD_21:18,A1 Troffer 2x4,19.7
humain,00 Addenda MEP01_Plans-unlocked-page-00016,S267_ADD_21,ADD FIXTURE TYPE A1,928,4175,0.1319,0.8428,758,3375,appariée,H:00 Addenda MEP01_Plans-unlocked-page-00016:54,IA:S267_ADD_21:1,A1 Troffer 2x4,22.1
humain,00 Addenda MEP01_Plans-unlocked-page-00016,S267_ADD_21,ADD FIXTURE TYPE A1,926,4315,0.1316,0.8711,756,3488,appariée,H:00 Addenda MEP01_Plans-unlocked-page-00016:55,IA:S267_ADD_21:54,A1 Troffer 2x4 urgence,23.8
humain,00 Addenda MEP01_Plans-unlocked-page-00016,S267_ADD_21,ADD FIXTURE TYPE A1,928,4460,0.1319,0.9003,758,3606,appariée,H:00 Addenda MEP01_Plans-unlocked-page-00016:56,IA:S267_ADD_21:2,A1 Troffer 2x4,22.1
humain,00 Addenda MEP01_Plans-unlocked-page-00016,S267_ADD_21,ADD FIXTURE TYPE A1,1069,4456,0.1519,0.8995,872,3603,appariée,H:00 Addenda MEP01_Plans-unlocked-page-00016:57,IA:S267_ADD_21:21,A1 Troffer 2x4,23.2
humain,00 Addenda MEP01_Plans-unlocked-page-00016,S267_ADD_21,ADD FIXTURE TYPE A1,1068,4315,0.1518,0.8711,871,3488,appariée,H:00 Addenda MEP01_Plans-unlocked-page-00016:58,IA:S267_ADD_21:22,A1 Troffer 2x4,23.9
humain,00 Addenda MEP01_Plans-unlocked-page-00016,S267_ADD_21,ADD FIXTURE TYPE A1,1068,4176,0.1518,0.8430,871,3375,appariée,H:00 Addenda MEP01_Plans-unlocked-page-00016:59,IA:S267_ADD_21:23,A1 Troffer 2x4,23.8
humain,00 Addenda MEP01_Plans-unlocked-page-00016,S267_ADD_21,ADD FIXTURE TYPE B1,4252,4157,0.6043,0.8392,3448,3360,appariée,H:00 Addenda MEP01_Plans-unlocked-page-00016:60,IA:S267_ADD_21:60,B1 Troffer 2x2,16.0
humain,00 Addenda MEP01_Plans-unlocked-page-00016,S267_ADD_21,ADD FIXTURE TYPE B1,4248,4261,0.6037,0.8602,3445,3444,appariée,H:00 Addenda MEP01_Plans-unlocked-page-00016:61,IA:S267_ADD_21:61,B1 Troffer 2x2,13.7
humain,00 Addenda MEP01_Plans-unlocked-page-00016,S267_ADD_21,ADD FIXTURE TYPE B1,4253,4367,0.6045,0.8816,3449,3531,appariée,H:00 Addenda MEP01_Plans-unlocked-page-00016:62,IA:S267_ADD_21:62,B1 Troffer 2x2,15.2
humain,00 Addenda MEP01_Plans-unlocked-page-00016,S267_ADD_21,ADD FIXTURE TYPE B1,4248,4476,0.6037,0.9036,3445,3619,appariée,H:00 Addenda MEP01_Plans-unlocked-page-00016:63,IA:S267_ADD_21:63,B1 Troffer 2x2,15.5
humain,00 Addenda MEP01_Plans-unlocked-page-00016,S267_ADD_21,ADD FIXTURE TYPE D1,5046,3647,0.7172,0.7362,4090,2945,appariée,H:00 Addenda MEP01_Plans-unlocked-page-00016:64,IA:S267_ADD_21:179,D1 High bay urgence,9.2
humain,00 Addenda MEP01_Plans-unlocked-page-00016,S267_ADD_21,ADD FIXTURE TYPE D1,5042,3984,0.7166,0.8043,4087,3219,appariée,H:00 Addenda MEP01_Plans-unlocked-page-00016:65,IA:S267_ADD_21:166,D1 High bay,5.7
humain,00 Addenda MEP01_Plans-unlocked-page-00016,S267_ADD_21,ADD FIXTURE TYPE D1,5292,3990,0.7521,0.8055,4289,3224,appariée,H:00 Addenda MEP01_Plans-unlocked-page-00016:66,IA:S267_ADD_21:187,D1 High bay urgence,7.1
humain,00 Addenda MEP01_Plans-unlocked-page-00016,S267_ADD_21,ADD FIXTURE TYPE D1,5285,3725,0.7511,0.7520,4284,3009,appariée,H:00 Addenda MEP01_Plans-unlocked-page-00016:67,IA:S267_ADD_21:172,D1 High bay,5.2
humain,00 Addenda MEP01_Plans-unlocked-page-00016,S267_ADD_21,ADD FIXTURE TYPE D1,5281,4238,0.7506,0.8555,4281,3426,appariée,H:00 Addenda MEP01_Plans-unlocked-page-00016:68,IA:S267_ADD_21:173,D1 High bay,10.2
humain,00 Addenda MEP01_Plans-unlocked-page-00016,S267_ADD_21,ADD FIXTURE TYPE D1,4742,3982,0.6739,0.8039,3844,3218,appariée,H:00 Addenda MEP01_Plans-unlocked-page-00016:69,IA:S267_ADD_21:184,D1 High bay urgence,4.4
humain,00 Addenda MEP01_Plans-unlocked-page-00016,S267_ADD_21,ADD FIXTURE TYPE D1,4742,3645,0.6739,0.7358,3844,2944,appariée,H:00 Addenda MEP01_Plans-unlocked-page-00016:70,IA:S267_ADD_21:155,D1 High bay,8.4
humain,00 Addenda MEP01_Plans-unlocked-page-00016,S267_ADD_21,ADD FIXTURE TYPE D1,4448,3645,0.6322,0.7358,3606,2944,appariée,H:00 Addenda MEP01_Plans-unlocked-page-00016:71,IA:S267_ADD_21:154,D1 High bay,7.6
humain,00 Addenda MEP01_Plans-unlocked-page-00016,S267_ADD_21,ADD FIXTURE TYPE D1,4440,3984,0.6310,0.8043,3600,3219,appariée,H:00 Addenda MEP01_Plans-unlocked-page-00016:72,IA:S267_ADD_21:165,D1 High bay,7.3
humain,00 Addenda MEP01_Plans-unlocked-page-00016,S267_ADD_21,ADD FIXTURE TYPE D1,4138,3995,0.5881,0.8065,3356,3228,appariée,H:00 Addenda MEP01_Plans-unlocked-page-00016:73,IA:S267_ADD_21:164,D1 High bay,13.9
humain,00 Addenda MEP01_Plans-unlocked-page-00016,S267_ADD_21,ADD FIXTURE TYPE D1,4140,3640,0.5884,0.7348,3357,2939,appariée,H:00 Addenda MEP01_Plans-unlocked-page-00016:74,IA:S267_ADD_21:178,D1 High bay urgence,4.4
humain,00 Addenda MEP01_Plans-unlocked-page-00016,S267_ADD_21,ADD FIXTURE TYPE D1,3848,3647,0.5469,0.7362,3121,2945,appariée,H:00 Addenda MEP01_Plans-unlocked-page-00016:75,IA:S267_ADD_21:153,D1 High bay,9.6
humain,00 Addenda MEP01_Plans-unlocked-page-00016,S267_ADD_21,ADD FIXTURE TYPE D1,3846,3986,0.5466,0.8047,3119,3221,appariée,H:00 Addenda MEP01_Plans-unlocked-page-00016:76,IA:S267_ADD_21:183,D1 High bay urgence,6.0
humain,00 Addenda MEP01_Plans-unlocked-page-00016,S267_ADD_21,ADD FIXTURE TYPE D1,3555,3643,0.5052,0.7354,2884,2942,appariée,H:00 Addenda MEP01_Plans-unlocked-page-00016:77,IA:S267_ADD_21:152,D1 High bay,6.0
humain,00 Addenda MEP01_Plans-unlocked-page-00016,S267_ADD_21,ADD FIXTURE TYPE D1,3557,3986,0.5055,0.8047,2885,3221,appariée,H:00 Addenda MEP01_Plans-unlocked-page-00016:78,IA:S267_ADD_21:163,D1 High bay,5.8
humain,00 Addenda MEP01_Plans-unlocked-page-00016,S267_ADD_21,ADD FIXTURE TYPE D1,3544,4323,0.5037,0.8727,2875,3495,appariée,H:00 Addenda MEP01_Plans-unlocked-page-00016:79,IA:S267_ADD_21:171,D1 High bay,12.9
humain,00 Addenda MEP01_Plans-unlocked-page-00016,S267_ADD_21,ADD FIXTURE TYPE D1,3240,4308,0.4605,0.8697,2629,3483,appariée,H:00 Addenda MEP01_Plans-unlocked-page-00016:80,IA:S267_ADD_21:186,D1 High bay urgence,4.1
humain,00 Addenda MEP01_Plans-unlocked-page-00016,S267_ADD_21,ADD FIXTURE TYPE D1,3242,3647,0.4608,0.7362,2631,2945,appariée,H:00 Addenda MEP01_Plans-unlocked-page-00016:81,IA:S267_ADD_21:177,D1 High bay urgence,9.5
humain,00 Addenda MEP01_Plans-unlocked-page-00016,S267_ADD_21,ADD FIXTURE TYPE D1,3244,3993,0.4610,0.8061,2632,3227,appariée,H:00 Addenda MEP01_Plans-unlocked-page-00016:82,IA:S267_ADD_21:162,D1 High bay,11.5
humain,00 Addenda MEP01_Plans-unlocked-page-00016,S267_ADD_21,ADD FIXTURE TYPE D1,2947,4319,0.4188,0.8719,2392,3492,appariée,H:00 Addenda MEP01_Plans-unlocked-page-00016:83,IA:S267_ADD_21:170,D1 High bay,9.8
humain,00 Addenda MEP01_Plans-unlocked-page-00016,S267_ADD_21,ADD FIXTURE TYPE D1,2726,4317,0.3874,0.8715,2213,3490,appariée,H:00 Addenda MEP01_Plans-unlocked-page-00016:84,IA:S267_ADD_21:169,D1 High bay,8.9
humain,00 Addenda MEP01_Plans-unlocked-page-00016,S267_ADD_21,ADD FIXTURE TYPE D1,2510,4323,0.3567,0.8727,2038,3495,appariée,H:00 Addenda MEP01_Plans-unlocked-page-00016:85,IA:S267_ADD_21:168,D1 High bay,13.5
humain,00 Addenda MEP01_Plans-unlocked-page-00016,S267_ADD_21,ADD FIXTURE TYPE D1,2213,4308,0.3145,0.8697,1798,3483,appariée,H:00 Addenda MEP01_Plans-unlocked-page-00016:86,IA:S267_ADD_21:185,D1 High bay urgence,6.8
humain,00 Addenda MEP01_Plans-unlocked-page-00016,S267_ADD_21,ADD FIXTURE TYPE D1,1908,4319,0.2712,0.8719,1551,3492,appariée,H:00 Addenda MEP01_Plans-unlocked-page-00016:87,IA:S267_ADD_21:167,D1 High bay,10.0
humain,00 Addenda MEP01_Plans-unlocked-page-00016,S267_ADD_21,ADD FIXTURE TYPE D1,1910,3988,0.2715,0.8051,1553,3222,appariée,H:00 Addenda MEP01_Plans-unlocked-page-00016:88,IA:S267_ADD_21:158,D1 High bay,8.8
humain,00 Addenda MEP01_Plans-unlocked-page-00016,S267_ADD_21,ADD FIXTURE TYPE D1,2208,3986,0.3138,0.8047,1794,3221,appariée,H:00 Addenda MEP01_Plans-unlocked-page-00016:89,IA:S267_ADD_21:159,D1 High bay,6.4
humain,00 Addenda MEP01_Plans-unlocked-page-00016,S267_ADD_21,ADD FIXTURE TYPE D1,2515,3993,0.3574,0.8061,2042,3227,appariée,H:00 Addenda MEP01_Plans-unlocked-page-00016:90,IA:S267_ADD_21:160,D1 High bay,13.1
humain,00 Addenda MEP01_Plans-unlocked-page-00016,S267_ADD_21,ADD FIXTURE TYPE D1,2728,3982,0.3877,0.8039,2215,3218,appariée,H:00 Addenda MEP01_Plans-unlocked-page-00016:91,IA:S267_ADD_21:182,D1 High bay urgence,6.1
humain,00 Addenda MEP01_Plans-unlocked-page-00016,S267_ADD_21,ADD FIXTURE TYPE D1,2943,3984,0.4183,0.8043,2389,3219,appariée,H:00 Addenda MEP01_Plans-unlocked-page-00016:92,IA:S267_ADD_21:161,D1 High bay,4.4
humain,00 Addenda MEP01_Plans-unlocked-page-00016,S267_ADD_21,ADD FIXTURE TYPE D1,2945,3649,0.4186,0.7366,2390,2947,appariée,H:00 Addenda MEP01_Plans-unlocked-page-00016:93,IA:S267_ADD_21:151,D1 High bay,10.8
humain,00 Addenda MEP01_Plans-unlocked-page-00016,S267_ADD_21,ADD FIXTURE TYPE D1,2730,3645,0.3880,0.7358,2216,2944,appariée,H:00 Addenda MEP01_Plans-unlocked-page-00016:94,IA:S267_ADD_21:150,D1 High bay,10.4
humain,00 Addenda MEP01_Plans-unlocked-page-00016,S267_ADD_21,ADD FIXTURE TYPE D1,2510,3643,0.3567,0.7354,2038,2942,appariée,H:00 Addenda MEP01_Plans-unlocked-page-00016:95,IA:S267_ADD_21:149,D1 High bay,6.3
humain,00 Addenda MEP01_Plans-unlocked-page-00016,S267_ADD_21,ADD FIXTURE TYPE D1,2206,3643,0.3135,0.7354,1792,2942,appariée,H:00 Addenda MEP01_Plans-unlocked-page-00016:96,IA:S267_ADD_21:176,D1 High bay urgence,6.0
humain,00 Addenda MEP01_Plans-unlocked-page-00016,S267_ADD_21,ADD FIXTURE TYPE D1,1913,3640,0.2719,0.7348,1555,2939,appariée,H:00 Addenda MEP01_Plans-unlocked-page-00016:97,IA:S267_ADD_21:148,D1 High bay,7.8
humain,00 Addenda MEP01_Plans-unlocked-page-00016,S267_ADD_21,ADD FIXTURE TYPE D1,1607,3649,0.2284,0.7366,1307,2947,appariée,H:00 Addenda MEP01_Plans-unlocked-page-00016:98,IA:S267_ADD_21:147,D1 High bay,11.1
humain,00 Addenda MEP01_Plans-unlocked-page-00016,S267_ADD_21,ADD FIXTURE TYPE D1,1603,3986,0.2278,0.8047,1304,3221,appariée,H:00 Addenda MEP01_Plans-unlocked-page-00016:99,IA:S267_ADD_21:181,D1 High bay urgence,5.9
humain,00 Addenda MEP01_Plans-unlocked-page-00016,S267_ADD_21,ADD FIXTURE TYPE D1,1316,3990,0.1870,0.8055,1072,3224,appariée,H:00 Addenda MEP01_Plans-unlocked-page-00016:100,IA:S267_ADD_21:157,D1 High bay,13.4
humain,00 Addenda MEP01_Plans-unlocked-page-00016,S267_ADD_21,ADD FIXTURE TYPE D1,1305,3645,0.1855,0.7358,1063,2944,appariée,H:00 Addenda MEP01_Plans-unlocked-page-00016:101,IA:S267_ADD_21:175,D1 High bay urgence,7.6
humain,00 Addenda MEP01_Plans-unlocked-page-00016,S267_ADD_21,ADD FIXTURE TYPE D1,1000,3643,0.1421,0.7354,816,2942,appariée,H:00 Addenda MEP01_Plans-unlocked-page-00016:102,IA:S267_ADD_21:146,D1 High bay,7.2
humain,00 Addenda MEP01_Plans-unlocked-page-00016,S267_ADD_21,ADD FIXTURE TYPE D1,996,3984,0.1416,0.8043,813,3219,appariée,H:00 Addenda MEP01_Plans-unlocked-page-00016:103,IA:S267_ADD_21:156,D1 High bay,4.3
humain,00 Addenda MEP01_Plans-unlocked-page-00016,S267_ADD_21,ADD FIXTURE TYPE D1,659,3993,0.0937,0.8061,540,3227,appariée,H:00 Addenda MEP01_Plans-unlocked-page-00016:104,IA:S267_ADD_21:180,D1 High bay urgence,15.4
humain,00 Addenda MEP01_Plans-unlocked-page-00016,S267_ADD_21,ADD FIXTURE TYPE D1,709,3649,0.1008,0.7366,581,2947,appariée,H:00 Addenda MEP01_Plans-unlocked-page-00016:105,IA:S267_ADD_21:145,D1 High bay,12.7
humain,00 Addenda MEP01_Plans-unlocked-page-00016,S267_ADD_21,ADD FIXTURE TYPE D1,368,3640,0.0523,0.7348,305,2939,appariée,H:00 Addenda MEP01_Plans-unlocked-page-00016:106,IA:S267_ADD_21:174,D1 High bay urgence,4.4
humain,00 Addenda MEP01_Plans-unlocked-page-00016,S267_ADD_21,ADD FIXTURE TYPE C3,306,3935,0.0435,0.7944,255,3179,appariée,H:00 Addenda MEP01_Plans-unlocked-page-00016:107,IA:S267_ADD_21:138,C3 Spot boîtier 2h urgence,6.7
humain,00 Addenda MEP01_Plans-unlocked-page-00016,S267_ADD_21,ADD FIXTURE TYPE C3,306,4038,0.0435,0.8152,255,3263,appariée,H:00 Addenda MEP01_Plans-unlocked-page-00016:108,IA:S267_ADD_21:140,C3 Spot boîtier 2h urgence,6.6
humain,00 Addenda MEP01_Plans-unlocked-page-00016,S267_ADD_21,ADD FIXTURE TYPE C3,443,4047,0.0630,0.8170,365,3270,appariée,H:00 Addenda MEP01_Plans-unlocked-page-00016:109,IA:S267_ADD_21:141,C3 Spot boîtier 2h urgence,9.1
humain,00 Addenda MEP01_Plans-unlocked-page-00016,S267_ADD_21,ADD FIXTURE TYPE C3,439,3930,0.0624,0.7934,362,3175,appariée,H:00 Addenda MEP01_Plans-unlocked-page-00016:110,IA:S267_ADD_21:139,C3 Spot boîtier 2h urgence,4.2
humain,00 Addenda MEP01_Plans-unlocked-page-00016,S267_ADD_21,ADD FIXTURE TYPE C3,1233,4137,0.1752,0.8351,1005,3344,appariée,H:00 Addenda MEP01_Plans-unlocked-page-00016:111,IA:S267_ADD_21:128,C3 Spot boîtier 2h,4.0
humain,00 Addenda MEP01_Plans-unlocked-page-00016,S267_ADD_21,ADD FIXTURE TYPE C3,1377,4138,0.1957,0.8353,1121,3344,appariée,H:00 Addenda MEP01_Plans-unlocked-page-00016:112,IA:S267_ADD_21:129,C3 Spot boîtier 2h,5.5
humain,00 Addenda MEP01_Plans-unlocked-page-00016,S267_ADD_21,ADD FIXTURE TYPE C3,1378,4230,0.1958,0.8539,1122,3419,appariée,H:00 Addenda MEP01_Plans-unlocked-page-00016:113,IA:S267_ADD_21:131,C3 Spot boîtier 2h,6.6
humain,00 Addenda MEP01_Plans-unlocked-page-00016,S267_ADD_21,ADD FIXTURE TYPE C3,1232,4223,0.1751,0.8525,1004,3414,appariée,H:00 Addenda MEP01_Plans-unlocked-page-00016:114,IA:S267_ADD_21:130,C3 Spot boîtier 2h,1.0
humain,00 Addenda MEP01_Plans-unlocked-page-00016,S267_ADD_21,ADD FIXTURE TYPE C3,1231,4313,0.1750,0.8707,1003,3487,appariée,H:00 Addenda MEP01_Plans-unlocked-page-00016:115,IA:S267_ADD_21:132,C3 Spot boîtier 2h,0.3
humain,00 Addenda MEP01_Plans-unlocked-page-00016,S267_ADD_21,ADD FIXTURE TYPE C3,1382,4322,0.1964,0.8725,1125,3494,appariée,H:00 Addenda MEP01_Plans-unlocked-page-00016:116,IA:S267_ADD_21:133,C3 Spot boîtier 2h,10.2
humain,00 Addenda MEP01_Plans-unlocked-page-00016,S267_ADD_21,ADD FIXTURE TYPE C3,1378,4412,0.1958,0.8907,1122,3567,appariée,H:00 Addenda MEP01_Plans-unlocked-page-00016:117,IA:S267_ADD_21:135,C3 Spot boîtier 2h,8.3
humain,00 Addenda MEP01_Plans-unlocked-page-00016,S267_ADD_21,ADD FIXTURE TYPE C3,1231,4402,0.1750,0.8886,1003,3559,appariée,H:00 Addenda MEP01_Plans-unlocked-page-00016:118,IA:S267_ADD_21:134,C3 Spot boîtier 2h,0.9
humain,00 Addenda MEP01_Plans-unlocked-page-00016,S267_ADD_21,ADD FIXTURE TYPE C3,1236,4498,0.1757,0.9080,1007,3637,appariée,H:00 Addenda MEP01_Plans-unlocked-page-00016:119,IA:S267_ADD_21:136,C3 Spot boîtier 2h,5.2
humain,00 Addenda MEP01_Plans-unlocked-page-00016,S267_ADD_21,ADD FIXTURE TYPE C3,1376,4495,0.1956,0.9074,1120,3635,appariée,H:00 Addenda MEP01_Plans-unlocked-page-00016:120,IA:S267_ADD_21:137,C3 Spot boîtier 2h,2.6
humain,00 Addenda MEP01_Plans-unlocked-page-00016,S267_ADD_21,ADD FIXTURE TYPE C3,5286,4483,0.7513,0.9050,4285,3625,appariée,H:00 Addenda MEP01_Plans-unlocked-page-00016:121,IA:S267_ADD_21:144,C3 Spot boîtier 2h urgence,17.8
humain,00 Addenda MEP01_Plans-unlocked-page-00016,S267_ADD_21,ADD FIXTURE TYPE C3,5289,3500,0.7517,0.7065,4287,2826,appariée,H:00 Addenda MEP01_Plans-unlocked-page-00016:122,IA:S267_ADD_21:143,C3 Spot boîtier 2h urgence,20.5
humain,00 Addenda MEP01_Plans-unlocked-page-00016,S267_ADD_21,ADD FIXTURE TYPE C2,5292,3387,0.7521,0.6837,4289,2734,appariée,H:00 Addenda MEP01_Plans-unlocked-page-00016:123,IA:S267_ADD_21:94,C2 Spot lieux humides,18.8
humain,00 Addenda MEP01_Plans-unlocked-page-00016,S267_ADD_21,ADD FIXTURE TYPE C2,5292,4593,0.7521,0.9272,4289,3714,appariée,H:00 Addenda MEP01_Plans-unlocked-page-00016:124,IA:S267_ADD_21:95,C2 Spot lieux humides,26.6
humain,00 Addenda MEP01_Plans-unlocked-page-00016,S267_ADD_21,ADD FIXTURE TYPE C2,2617,4510,0.3719,0.9104,2125,3647,appariée,H:00 Addenda MEP01_Plans-unlocked-page-00016:125,IA:S267_ADD_21:127,C2 Spot lieux humides,10.6
humain,00 Addenda MEP01_Plans-unlocked-page-00016,S267_ADD_21,ADD FIXTURE TYPE C2,2617,4453,0.3719,0.8989,2125,3601,appariée,H:00 Addenda MEP01_Plans-unlocked-page-00016:126,IA:S267_ADD_21:126,C2 Spot lieux humides,14.7
humain,00 Addenda MEP01_Plans-unlocked-page-00016,S267_ADD_21,ADD FIXTURE TYPE C2,2530,4460,0.3596,0.9003,2054,3606,appariée,H:00 Addenda MEP01_Plans-unlocked-page-00016:127,IA:S267_ADD_21:124,C2 Spot lieux humides,13.0
humain,00 Addenda MEP01_Plans-unlocked-page-00016,S267_ADD_21,ADD FIXTURE TYPE C2,2531,4506,0.3597,0.9096,2055,3644,appariée,H:00 Addenda MEP01_Plans-unlocked-page-00016:128,IA:S267_ADD_21:125,C2 Spot lieux humides,13.7
humain,00 Addenda MEP01_Plans-unlocked-page-00016,S267_ADD_21,ADD FIXTURE TYPE C2,2449,4512,0.3481,0.9108,1989,3649,appariée,H:00 Addenda MEP01_Plans-unlocked-page-00016:129,IA:S267_ADD_21:123,C2 Spot lieux humides,9.8
humain,00 Addenda MEP01_Plans-unlocked-page-00016,S267_ADD_21,ADD FIXTURE TYPE C2,2447,4460,0.3478,0.9003,1987,3606,appariée,H:00 Addenda MEP01_Plans-unlocked-page-00016:130,IA:S267_ADD_21:122,C2 Spot lieux humides,12.3
humain,00 Addenda MEP01_Plans-unlocked-page-00016,S267_ADD_21,ADD FIXTURE TYPE C2,2366,4459,0.3363,0.9001,1922,3605,appariée,H:00 Addenda MEP01_Plans-unlocked-page-00016:131,IA:S267_ADD_21:120,C2 Spot lieux humides,10.6
humain,00 Addenda MEP01_Plans-unlocked-page-00016,S267_ADD_21,ADD FIXTURE TYPE C2,2369,4506,0.3367,0.9096,1924,3644,appariée,H:00 Addenda MEP01_Plans-unlocked-page-00016:132,IA:S267_ADD_21:121,C2 Spot lieux humides,10.3
humain,00 Addenda MEP01_Plans-unlocked-page-00016,S267_ADD_21,ADD FIXTURE TYPE C2,2281,4507,0.3242,0.9098,1853,3644,appariée,H:00 Addenda MEP01_Plans-unlocked-page-00016:133,IA:S267_ADD_21:119,C2 Spot lieux humides,11.1
humain,00 Addenda MEP01_Plans-unlocked-page-00016,S267_ADD_21,ADD FIXTURE TYPE C2,2281,4453,0.3242,0.8989,1853,3601,appariée,H:00 Addenda MEP01_Plans-unlocked-page-00016:134,IA:S267_ADD_21:118,C2 Spot lieux humides,14.1
humain,00 Addenda MEP01_Plans-unlocked-page-00016,S267_ADD_21,ADD FIXTURE TYPE C2,2189,4459,0.3111,0.9001,1778,3605,appariée,H:00 Addenda MEP01_Plans-unlocked-page-00016:135,IA:S267_ADD_21:116,C2 Spot lieux humides,16.9
humain,00 Addenda MEP01_Plans-unlocked-page-00016,S267_ADD_21,ADD FIXTURE TYPE C2,2199,4504,0.3125,0.9092,1786,3642,appariée,H:00 Addenda MEP01_Plans-unlocked-page-00016:136,IA:S267_ADD_21:117,C2 Spot lieux humides,12.5
humain,00 Addenda MEP01_Plans-unlocked-page-00016,S267_ADD_21,ADD FIXTURE TYPE C2,2197,4127,0.3122,0.8331,1785,3335,appariée,H:00 Addenda MEP01_Plans-unlocked-page-00016:137,IA:S267_ADD_21:100,C2 Spot lieux humides,16.3
humain,00 Addenda MEP01_Plans-unlocked-page-00016,S267_ADD_21,ADD FIXTURE TYPE C2,2197,4184,0.3122,0.8446,1785,3382,appariée,H:00 Addenda MEP01_Plans-unlocked-page-00016:138,IA:S267_ADD_21:101,C2 Spot lieux humides,11.0
humain,00 Addenda MEP01_Plans-unlocked-page-00016,S267_ADD_21,ADD FIXTURE TYPE C2,2277,4184,0.3236,0.8446,1850,3382,appariée,H:00 Addenda MEP01_Plans-unlocked-page-00016:139,IA:S267_ADD_21:103,C2 Spot lieux humides,13.9
humain,00 Addenda MEP01_Plans-unlocked-page-00016,S267_ADD_21,ADD FIXTURE TYPE C2,2284,4136,0.3246,0.8349,1855,3343,appariée,H:00 Addenda MEP01_Plans-unlocked-page-00016:140,IA:S267_ADD_21:102,C2 Spot lieux humides,9.2
humain,00 Addenda MEP01_Plans-unlocked-page-00016,S267_ADD_21,ADD FIXTURE TYPE C2,2360,4132,0.3354,0.8341,1917,3340,appariée,H:00 Addenda MEP01_Plans-unlocked-page-00016:141,IA:S267_ADD_21:104,C2 Spot lieux humides,16.3
humain,00 Addenda MEP01_Plans-unlocked-page-00016,S267_ADD_21,ADD FIXTURE TYPE C2,2366,4180,0.3363,0.8438,1922,3379,appariée,H:00 Addenda MEP01_Plans-unlocked-page-00016:142,IA:S267_ADD_21:105,C2 Spot lieux humides,12.6
humain,00 Addenda MEP01_Plans-unlocked-page-00016,S267_ADD_21,ADD FIXTURE TYPE C2,2447,4139,0.3478,0.8355,1987,3345,appariée,H:00 Addenda MEP01_Plans-unlocked-page-00016:143,IA:S267_ADD_21:106,C2 Spot lieux humides,11.5
humain,00 Addenda MEP01_Plans-unlocked-page-00016,S267_ADD_21,ADD FIXTURE TYPE C2,2451,4182,0.3483,0.8442,1990,3380,appariée,H:00 Addenda MEP01_Plans-unlocked-page-00016:144,IA:S267_ADD_21:107,C2 Spot lieux humides,10.9
humain,00 Addenda MEP01_Plans-unlocked-page-00016,S267_ADD_21,ADD FIXTURE TYPE C2,2533,4130,0.3600,0.8337,2057,3338,appariée,H:00 Addenda MEP01_Plans-unlocked-page-00016:145,IA:S267_ADD_21:108,C2 Spot lieux humides,14.4
humain,00 Addenda MEP01_Plans-unlocked-page-00016,S267_ADD_21,ADD FIXTURE TYPE C2,2539,4184,0.3609,0.8446,2062,3382,appariée,H:00 Addenda MEP01_Plans-unlocked-page-00016:146,IA:S267_ADD_21:109,C2 Spot lieux humides,7.6
humain,00 Addenda MEP01_Plans-unlocked-page-00016,S267_ADD_21,ADD FIXTURE TYPE C2,2611,4180,0.3711,0.8438,2120,3379,appariée,H:00 Addenda MEP01_Plans-unlocked-page-00016:147,IA:S267_ADD_21:111,C2 Spot lieux humides,17.0
humain,00 Addenda MEP01_Plans-unlocked-page-00016,S267_ADD_21,ADD FIXTURE TYPE C2,2619,4136,0.3722,0.8349,2126,3343,appariée,H:00 Addenda MEP01_Plans-unlocked-page-00016:148,IA:S267_ADD_21:110,C2 Spot lieux humides,9.8
humain,00 Addenda MEP01_Plans-unlocked-page-00016,S267_ADD_21,ADD FIXTURE TYPE C2,2118,4134,0.3010,0.8345,1721,3341,appariée,H:00 Addenda MEP01_Plans-unlocked-page-00016:149,IA:S267_ADD_21:98,C2 Spot lieux humides,9.3
humain,00 Addenda MEP01_Plans-unlocked-page-00016,S267_ADD_21,ADD FIXTURE TYPE C2,2027,4134,0.2881,0.8345,1647,3341,appariée,H:00 Addenda MEP01_Plans-unlocked-page-00016:150,IA:S267_ADD_21:96,C2 Spot lieux humides,13.3
humain,00 Addenda MEP01_Plans-unlocked-page-00016,S267_ADD_21,ADD FIXTURE TYPE C2,2024,4183,0.2877,0.8444,1645,3381,appariée,H:00 Addenda MEP01_Plans-unlocked-page-00016:151,IA:S267_ADD_21:97,C2 Spot lieux humides,14.9
humain,00 Addenda MEP01_Plans-unlocked-page-00016,S267_ADD_21,ADD FIXTURE TYPE C2,2118,4183,0.3010,0.8444,1721,3381,appariée,H:00 Addenda MEP01_Plans-unlocked-page-00016:152,IA:S267_ADD_21:99,C2 Spot lieux humides,8.6
humain,00 Addenda MEP01_Plans-unlocked-page-00016,S267_ADD_21,ADD FIXTURE TYPE C2,2114,4462,0.3004,0.9007,1718,3608,appariée,H:00 Addenda MEP01_Plans-unlocked-page-00016:153,IA:S267_ADD_21:114,C2 Spot lieux humides,9.3
humain,00 Addenda MEP01_Plans-unlocked-page-00016,S267_ADD_21,ADD FIXTURE TYPE C2,2028,4462,0.2882,0.9007,1648,3608,appariée,H:00 Addenda MEP01_Plans-unlocked-page-00016:154,IA:S267_ADD_21:112,C2 Spot lieux humides,10.7
humain,00 Addenda MEP01_Plans-unlocked-page-00016,S267_ADD_21,ADD FIXTURE TYPE C2,2030,4512,0.2885,0.9108,1650,3649,appariée,H:00 Addenda MEP01_Plans-unlocked-page-00016:155,IA:S267_ADD_21:113,C2 Spot lieux humides,9.0
humain,00 Addenda MEP01_Plans-unlocked-page-00016,S267_ADD_21,ADD FIXTURE TYPE C2,2115,4513,0.3006,0.9110,1719,3649,appariée,H:00 Addenda MEP01_Plans-unlocked-page-00016:156,IA:S267_ADD_21:115,C2 Spot lieux humides,8.0
humain,00 Addenda MEP01_Plans-unlocked-page-00016,S267_ADD_21,ADD FIXTURE TYPE C2,163,3992,0.0232,0.8059,139,3226,appariée,H:00 Addenda MEP01_Plans-unlocked-page-00016:157,IA:S267_ADD_21:92,C2 Spot lieux humides,28.4
humain,00 Addenda MEP01_Plans-unlocked-page-00016,S267_ADD_21,ADD FIXTURE TYPE C2,2730,3380,0.3880,0.6823,2216,2728,appariée,H:00 Addenda MEP01_Plans-unlocked-page-00016:158,IA:S267_ADD_21:93,C2 Spot lieux humides,14.5
humain,00 Addenda MEP01_Plans-unlocked-page-00016,S267_ADD_21,ADD FIXTURE TYPE C1,1535,4523,0.2182,0.9131,1249,3657,appariée,H:00 Addenda MEP01_Plans-unlocked-page-00016:159,IA:S267_ADD_21:70,C1 Spot encastré,10.3
humain,00 Addenda MEP01_Plans-unlocked-page-00016,S267_ADD_21,ADD FIXTURE TYPE C1,1600,4523,0.2274,0.9131,1302,3657,appariée,H:00 Addenda MEP01_Plans-unlocked-page-00016:160,IA:S267_ADD_21:91,C1 Spot encastré urgence,9.4
humain,00 Addenda MEP01_Plans-unlocked-page-00016,S267_ADD_21,ADD FIXTURE TYPE C1,1720,4520,0.2445,0.9125,1399,3655,appariée,H:00 Addenda MEP01_Plans-unlocked-page-00016:161,IA:S267_ADD_21:71,C1 Spot encastré,7.2
humain,00 Addenda MEP01_Plans-unlocked-page-00016,S267_ADD_21,ADD FIXTURE TYPE C1,1726,4454,0.2453,0.8991,1404,3601,appariée,H:00 Addenda MEP01_Plans-unlocked-page-00016:162,IA:S267_ADD_21:90,C1 Spot encastré urgence,12.8
humain,00 Addenda MEP01_Plans-unlocked-page-00016,S267_ADD_21,ADD FIXTURE TYPE C1,1599,4447,0.2273,0.8977,1301,3596,appariée,H:00 Addenda MEP01_Plans-unlocked-page-00016:163,IA:S267_ADD_21:69,C1 Spot encastré,6.1
humain,00 Addenda MEP01_Plans-unlocked-page-00016,S267_ADD_21,ADD FIXTURE TYPE C1,1533,4453,0.2179,0.8989,1248,3601,appariée,H:00 Addenda MEP01_Plans-unlocked-page-00016:164,IA:S267_ADD_21:68,C1 Spot encastré,10.2
humain,00 Addenda MEP01_Plans-unlocked-page-00016,S267_ADD_21,ADD FIXTURE TYPE C1,1533,4349,0.2179,0.8779,1248,3516,appariée,H:00 Addenda MEP01_Plans-unlocked-page-00016:165,IA:S267_ADD_21:66,C1 Spot encastré,9.7
humain,00 Addenda MEP01_Plans-unlocked-page-00016,S267_ADD_21,ADD FIXTURE TYPE C1,1602,4346,0.2277,0.8773,1303,3514,appariée,H:00 Addenda MEP01_Plans-unlocked-page-00016:166,IA:S267_ADD_21:67,C1 Spot encastré,9.2
humain,00 Addenda MEP01_Plans-unlocked-page-00016,S267_ADD_21,ADD FIXTURE TYPE C1,1723,4344,0.2449,0.8769,1401,3512,appariée,H:00 Addenda MEP01_Plans-unlocked-page-00016:167,IA:S267_ADD_21:89,C1 Spot encastré urgence,8.0
humain,00 Addenda MEP01_Plans-unlocked-page-00016,S267_ADD_21,ADD FIXTURE TYPE C1,1722,4272,0.2447,0.8624,1400,3453,appariée,H:00 Addenda MEP01_Plans-unlocked-page-00016:168,IA:S267_ADD_21:65,C1 Spot encastré,7.0
humain,00 Addenda MEP01_Plans-unlocked-page-00016,S267_ADD_21,ADD FIXTURE TYPE C1,1597,4274,0.2270,0.8628,1299,3455,appariée,H:00 Addenda MEP01_Plans-unlocked-page-00016:169,IA:S267_ADD_21:88,C1 Spot encastré urgence,6.0
humain,00 Addenda MEP01_Plans-unlocked-page-00016,S267_ADD_21,ADD FIXTURE TYPE C1,1535,4273,0.2182,0.8626,1249,3454,appariée,H:00 Addenda MEP01_Plans-unlocked-page-00016:170,IA:S267_ADD_21:64,C1 Spot encastré,8.3
humain,00 Addenda MEP01_Plans-unlocked-page-00016,S267_ADD_21,ADD FIXTURE TYPE C1,2841,4457,0.4038,0.8997,2306,3604,appariée,H:00 Addenda MEP01_Plans-unlocked-page-00016:171,IA:S267_ADD_21:80,C1 Spot encastré,12.2
humain,00 Addenda MEP01_Plans-unlocked-page-00016,S267_ADD_21,ADD FIXTURE TYPE C1,2919,4457,0.4149,0.8997,2369,3604,appariée,H:00 Addenda MEP01_Plans-unlocked-page-00016:172,IA:S267_ADD_21:81,C1 Spot encastré,15.2
humain,00 Addenda MEP01_Plans-unlocked-page-00016,S267_ADD_21,ADD FIXTURE TYPE C1,3001,4460,0.4265,0.9003,2435,3606,appariée,H:00 Addenda MEP01_Plans-unlocked-page-00016:173,IA:S267_ADD_21:82,C1 Spot encastré,15.6
humain,00 Addenda MEP01_Plans-unlocked-page-00016,S267_ADD_21,ADD FIXTURE TYPE C1,3089,4460,0.4390,0.9003,2507,3606,appariée,H:00 Addenda MEP01_Plans-unlocked-page-00016:174,IA:S267_ADD_21:83,C1 Spot encastré,11.8
humain,00 Addenda MEP01_Plans-unlocked-page-00016,S267_ADD_21,ADD FIXTURE TYPE C1,3167,4457,0.4501,0.8997,2570,3604,appariée,H:00 Addenda MEP01_Plans-unlocked-page-00016:175,IA:S267_ADD_21:84,C1 Spot encastré,16.4
humain,00 Addenda MEP01_Plans-unlocked-page-00016,S267_ADD_21,ADD FIXTURE TYPE C1,3253,4460,0.4623,0.9003,2639,3606,appariée,H:00 Addenda MEP01_Plans-unlocked-page-00016:176,IA:S267_ADD_21:85,C1 Spot encastré,12.9
humain,00 Addenda MEP01_Plans-unlocked-page-00016,S267_ADD_21,ADD FIXTURE TYPE C1,3333,4457,0.4737,0.8997,2704,3604,appariée,H:00 Addenda MEP01_Plans-unlocked-page-00016:177,IA:S267_ADD_21:86,C1 Spot encastré,16.1
humain,00 Addenda MEP01_Plans-unlocked-page-00016,S267_ADD_21,ADD FIXTURE TYPE C1,3417,4458,0.4856,0.8999,2772,3605,appariée,H:00 Addenda MEP01_Plans-unlocked-page-00016:178,IA:S267_ADD_21:87,C1 Spot encastré,14.8
humain,00 Addenda MEP01_Plans-unlocked-page-00016,S267_ADD_21,ADD FIXTURE TYPE C1,3414,4182,0.4852,0.8442,2770,3380,appariée,H:00 Addenda MEP01_Plans-unlocked-page-00016:179,IA:S267_ADD_21:79,C1 Spot encastré,17.2
humain,00 Addenda MEP01_Plans-unlocked-page-00016,S267_ADD_21,ADD FIXTURE TYPE C1,3334,4177,0.4738,0.8432,2705,3376,appariée,H:00 Addenda MEP01_Plans-unlocked-page-00016:180,IA:S267_ADD_21:78,C1 Spot encastré,17.6
humain,00 Addenda MEP01_Plans-unlocked-page-00016,S267_ADD_21,ADD FIXTURE TYPE C1,3251,4182,0.4620,0.8442,2638,3380,appariée,H:00 Addenda MEP01_Plans-unlocked-page-00016:181,IA:S267_ADD_21:77,C1 Spot encastré,15.3
humain,00 Addenda MEP01_Plans-unlocked-page-00016,S267_ADD_21,ADD FIXTURE TYPE C1,3170,4177,0.4505,0.8432,2572,3376,appariée,H:00 Addenda MEP01_Plans-unlocked-page-00016:182,IA:S267_ADD_21:76,C1 Spot encastré,16.7
humain,00 Addenda MEP01_Plans-unlocked-page-00016,S267_ADD_21,ADD FIXTURE TYPE C1,3084,4176,0.4383,0.8430,2503,3375,appariée,H:00 Addenda MEP01_Plans-unlocked-page-00016:183,IA:S267_ADD_21:75,C1 Spot encastré,18.4
humain,00 Addenda MEP01_Plans-unlocked-page-00016,S267_ADD_21,ADD FIXTURE TYPE C1,3007,4182,0.4274,0.8442,2440,3380,appariée,H:00 Addenda MEP01_Plans-unlocked-page-00016:184,IA:S267_ADD_21:74,C1 Spot encastré,12.4
humain,00 Addenda MEP01_Plans-unlocked-page-00016,S267_ADD_21,ADD FIXTURE TYPE C1,2917,4182,0.4146,0.8442,2368,3380,appariée,H:00 Addenda MEP01_Plans-unlocked-page-00016:185,IA:S267_ADD_21:73,C1 Spot encastré,16.4
humain,00 Addenda MEP01_Plans-unlocked-page-00016,S267_ADD_21,ADD FIXTURE TYPE C1,2844,4183,0.4042,0.8444,2308,3381,appariée,H:00 Addenda MEP01_Plans-unlocked-page-00016:186,IA:S267_ADD_21:72,C1 Spot encastré,9.6
humain,00 Addenda MEP01_Plans-unlocked-page-00016,S267_ADD_21,ADD FIXTURE TYPE E1,303,4174,0.0431,0.8426,252,3374,appariée,H:00 Addenda MEP01_Plans-unlocked-page-00016:187,IA:S267_ADD_21:201,E1 Réglette 4 pi,27.6
humain,00 Addenda MEP01_Plans-unlocked-page-00016,S267_ADD_21,ADD FIXTURE TYPE E1,474,4174,0.0674,0.8426,391,3374,appariée,H:00 Addenda MEP01_Plans-unlocked-page-00016:188,IA:S267_ADD_21:197,E1 Réglette 4 pi,30.5
humain,00 Addenda MEP01_Plans-unlocked-page-00016,S267_ADD_21,ADD FIXTURE TYPE E1,476,4313,0.0677,0.8707,392,3487,appariée,H:00 Addenda MEP01_Plans-unlocked-page-00016:189,IA:S267_ADD_21:205,E1 Réglette 4 pi urgence,32.2
humain,00 Addenda MEP01_Plans-unlocked-page-00016,S267_ADD_21,ADD FIXTURE TYPE E1,478,4455,0.0679,0.8993,394,3602,appariée,H:00 Addenda MEP01_Plans-unlocked-page-00016:190,IA:S267_ADD_21:198,E1 Réglette 4 pi,33.8
humain,00 Addenda MEP01_Plans-unlocked-page-00016,S267_ADD_21,ADD FIXTURE TYPE E1,306,4455,0.0435,0.8993,255,3602,appariée,H:00 Addenda MEP01_Plans-unlocked-page-00016:191,IA:S267_ADD_21:200,E1 Réglette 4 pi,34.6
humain,00 Addenda MEP01_Plans-unlocked-page-00016,S267_ADD_21,ADD FIXTURE TYPE E1,303,4315,0.0431,0.8711,252,3488,appariée,H:00 Addenda MEP01_Plans-unlocked-page-00016:192,IA:S267_ADD_21:199,E1 Réglette 4 pi,32.1
humain,00 Addenda MEP01_Plans-unlocked-page-00016,S267_ADD_21,ADD FIXTURE TYPE E1,1524,4171,0.2166,0.8420,1240,3371,appariée,H:00 Addenda MEP01_Plans-unlocked-page-00016:193,IA:S267_ADD_21:190,E1 Réglette 4 pi,18.9
humain,00 Addenda MEP01_Plans-unlocked-page-00016,S267_ADD_21,ADD FIXTURE TYPE E1,1671,4164,0.2375,0.8406,1359,3366,appariée,H:00 Addenda MEP01_Plans-unlocked-page-00016:194,IA:S267_ADD_21:202,E1 Réglette 4 pi urgence,12.6
humain,00 Addenda MEP01_Plans-unlocked-page-00016,S267_ADD_21,ADD FIXTURE TYPE E1,3764,4154,0.5350,0.8386,3053,3357,appariée,H:00 Addenda MEP01_Plans-unlocked-page-00016:195,IA:S267_ADD_21:203,E1 Réglette 4 pi urgence,13.1
humain,00 Addenda MEP01_Plans-unlocked-page-00016,S267_ADD_21,ADD FIXTURE TYPE E1,3911,4157,0.5558,0.8392,3172,3360,appariée,H:00 Addenda MEP01_Plans-unlocked-page-00016:196,IA:S267_ADD_21:192,E1 Réglette 4 pi,13.8
humain,00 Addenda MEP01_Plans-unlocked-page-00016,S267_ADD_21,ADD FIXTURE TYPE E1,3917,4251,0.5567,0.8582,3177,3436,appariée,H:00 Addenda MEP01_Plans-unlocked-page-00016:197,IA:S267_ADD_21:193,E1 Réglette 4 pi,21.3
humain,00 Addenda MEP01_Plans-unlocked-page-00016,S267_ADD_21,ADD FIXTURE TYPE E1,3761,4251,0.5345,0.8582,3051,3436,appariée,H:00 Addenda MEP01_Plans-unlocked-page-00016:198,IA:S267_ADD_21:191,E1 Réglette 4 pi,11.7
humain,00 Addenda MEP01_Plans-unlocked-page-00016,S267_ADD_21,ADD FIXTURE TYPE E1,3791,4400,0.5388,0.8882,3075,3557,appariée,H:00 Addenda MEP01_Plans-unlocked-page-00016:199,IA:S267_ADD_21:204,E1 Réglette 4 pi urgence,17.8
humain,00 Addenda MEP01_Plans-unlocked-page-00016,S267_ADD_21,ADD FIXTURE TYPE E1,3865,4394,0.5493,0.8870,3135,3553,appariée,H:00 Addenda MEP01_Plans-unlocked-page-00016:200,IA:S267_ADD_21:194,E1 Réglette 4 pi,15.0
humain,00 Addenda MEP01_Plans-unlocked-page-00016,S267_ADD_21,ADD FIXTURE TYPE E1,3784,4505,0.5378,0.9094,3069,3643,appariée,H:00 Addenda MEP01_Plans-unlocked-page-00016:201,IA:S267_ADD_21:195,E1 Réglette 4 pi,15.2
humain,00 Addenda MEP01_Plans-unlocked-page-00016,S267_ADD_21,ADD FIXTURE TYPE E1,3864,4503,0.5492,0.9090,3134,3641,appariée,H:00 Addenda MEP01_Plans-unlocked-page-00016:202,IA:S267_ADD_21:196,E1 Réglette 4 pi,16.5
humain,00 Addenda MEP01_Plans-unlocked-page-00016,S267_ADD_21,ADD EXIT,221,3652,0.0314,0.7372,186,2949,appariée,H:00 Addenda MEP01_Plans-unlocked-page-00016:203,IA:S267_ADD_21:255,X1 Enseigne d'issue,16.7
humain,00 Addenda MEP01_Plans-unlocked-page-00016,S267_ADD_21,ADD EXIT,215,3990,0.0306,0.8055,181,3224,appariée,H:00 Addenda MEP01_Plans-unlocked-page-00016:204,IA:S267_ADD_21:256,X1 Enseigne d'issue,29.3
humain,00 Addenda MEP01_Plans-unlocked-page-00016,S267_ADD_21,ADD EXIT,586,3984,0.0833,0.8043,481,3219,appariée,H:00 Addenda MEP01_Plans-unlocked-page-00016:205,IA:S267_ADD_21:257,X1 Enseigne d'issue,23.1
humain,00 Addenda MEP01_Plans-unlocked-page-00016,S267_ADD_21,ADD EXIT,1854,3908,0.2635,0.7889,1507,3157,appariée,H:00 Addenda MEP01_Plans-unlocked-page-00016:206,IA:S267_ADD_21:258,X1 Enseigne d'issue,28.7
humain,00 Addenda MEP01_Plans-unlocked-page-00016,S267_ADD_21,ADD EXIT,2726,3437,0.3874,0.6938,2213,2774,appariée,H:00 Addenda MEP01_Plans-unlocked-page-00016:207,IA:S267_ADD_21:259,X1 Enseigne d'issue,23.1
humain,00 Addenda MEP01_Plans-unlocked-page-00016,S267_ADD_21,ADD EXIT,2684,3578,0.3815,0.7223,2179,2889,appariée,H:00 Addenda MEP01_Plans-unlocked-page-00016:208,IA:S267_ADD_21:260,X1 Enseigne d'issue,32.0
humain,00 Addenda MEP01_Plans-unlocked-page-00016,S267_ADD_21,ADD EXIT,4241,3906,0.6027,0.7885,3439,3156,appariée,H:00 Addenda MEP01_Plans-unlocked-page-00016:209,IA:S267_ADD_21:263,X1 Enseigne d'issue,30.2
humain,00 Addenda MEP01_Plans-unlocked-page-00016,S267_ADD_21,ADD EXIT,2730,4537,0.3880,0.9159,2216,3669,appariée,H:00 Addenda MEP01_Plans-unlocked-page-00016:210,IA:S267_ADD_21:262,X1 Enseigne d'issue,15.2
humain,00 Addenda MEP01_Plans-unlocked-page-00016,S267_ADD_21,ADD EXIT,2654,4285,0.3772,0.8650,2155,3464,appariée,H:00 Addenda MEP01_Plans-unlocked-page-00016:211,IA:S267_ADD_21:261,X1 Enseigne d'issue,26.7
humain,00 Addenda MEP01_Plans-unlocked-page-00016,S267_ADD_21,ADD EXIT,5291,4537,0.7520,0.9159,4289,3669,appariée,H:00 Addenda MEP01_Plans-unlocked-page-00016:212,IA:S267_ADD_21:270,X1 Enseigne d'issue,21.4
humain,00 Addenda MEP01_Plans-unlocked-page-00016,S267_ADD_21,ADD EXIT,5294,4372,0.7524,0.8826,4291,3535,appariée,H:00 Addenda MEP01_Plans-unlocked-page-00016:213,IA:S267_ADD_21:269,X1 Enseigne d'issue,13.9
humain,00 Addenda MEP01_Plans-unlocked-page-00016,S267_ADD_21,ADD EXIT,6035,4478,0.8577,0.9040,4891,3621,appariée,H:00 Addenda MEP01_Plans-unlocked-page-00016:214,IA:S267_ADD_21:272,X1 Enseigne d'issue,22.7
humain,00 Addenda MEP01_Plans-unlocked-page-00016,S267_ADD_21,ADD EXIT,5924,3441,0.8419,0.6946,4801,2778,appariée,H:00 Addenda MEP01_Plans-unlocked-page-00016:215,IA:S267_ADD_21:271,X1 Enseigne d'issue,33.4
humain,00 Addenda MEP01_Plans-unlocked-page-00016,S267_ADD_21,ADD EXIT,5289,3443,0.7517,0.6950,4287,2779,appariée,H:00 Addenda MEP01_Plans-unlocked-page-00016:216,IA:S267_ADD_21:265,X1 Enseigne d'issue,24.0
humain,00 Addenda MEP01_Plans-unlocked-page-00016,S267_ADD_21,ADD EXIT,5294,3596,0.7524,0.7259,4291,2904,appariée,H:00 Addenda MEP01_Plans-unlocked-page-00016:217,IA:S267_ADD_21:266,X1 Enseigne d'issue,27.2
humain,00 Addenda MEP01_Plans-unlocked-page-00016,S267_ADD_21,ADD EXIT,5402,3765,0.7677,0.7600,4379,3041,appariée,H:00 Addenda MEP01_Plans-unlocked-page-00016:218,IA:S267_ADD_21:267,X1 Enseigne d'issue,30.5
humain,00 Addenda MEP01_Plans-unlocked-page-00016,S267_ADD_21,ADD EXIT,5408,4214,0.7686,0.8507,4383,3406,appariée,H:00 Addenda MEP01_Plans-unlocked-page-00016:219,IA:S267_ADD_21:268,X1 Enseigne d'issue,26.0
humain,00 Addenda MEP01_Plans-unlocked-page-00016,S267_ADD_21,ADD EXIT,5174,3669,0.7353,0.7407,4194,2963,appariée,H:00 Addenda MEP01_Plans-unlocked-page-00016:220,IA:S267_ADD_21:264,X1 Enseigne d'issue,24.7
humain,00 Addenda MEP01_Plans-unlocked-page-00016,S267_ADD_21,ONDULATEUR,763,2707,0.1084,0.5465,624,2181,appariée,H:00 Addenda MEP01_Plans-unlocked-page-00016:221,IA:S267_ADD_21:253,Mini-onduleur 12V,36.2
humain,00 Addenda MEP01_Plans-unlocked-page-00016,S267_ADD_21,ONDULATEUR,763,2807,0.1084,0.5667,624,2262,appariée,H:00 Addenda MEP01_Plans-unlocked-page-00016:222,IA:S267_ADD_21:254,Mini-onduleur 12V,20.9
humain,00 Addenda MEP01_Plans-unlocked-page-00016,S267_ADD_21,ADD INT DETEC,1691,4248,0.2403,0.8575,1375,3434,appariée,H:00 Addenda MEP01_Plans-unlocked-page-00016:223,IA:S267_ADD_21:213,Interrupteur avec détecteur de présence,10.3
humain,00 Addenda MEP01_Plans-unlocked-page-00016,S267_ADD_21,ADD INT DETEC,2046,4417,0.2908,0.8917,1663,3571,appariée,H:00 Addenda MEP01_Plans-unlocked-page-00016:224,IA:S267_ADD_21:225,Interrupteur avec détecteur de présence,7.7
humain,00 Addenda MEP01_Plans-unlocked-page-00016,S267_ADD_21,ADD INT DETEC,2128,4417,0.3024,0.8917,1729,3571,appariée,H:00 Addenda MEP01_Plans-unlocked-page-00016:225,IA:S267_ADD_21:226,Interrupteur avec détecteur de présence,8.0
humain,00 Addenda MEP01_Plans-unlocked-page-00016,S267_ADD_21,ADD INT DETEC,2212,4418,0.3144,0.8919,1797,3572,appariée,H:00 Addenda MEP01_Plans-unlocked-page-00016:226,IA:S267_ADD_21:227,Interrupteur avec détecteur de présence,7.0
humain,00 Addenda MEP01_Plans-unlocked-page-00016,S267_ADD_21,ADD INT DETEC,2303,4418,0.3273,0.8919,1871,3572,appariée,H:00 Addenda MEP01_Plans-unlocked-page-00016:227,IA:S267_ADD_21:228,Interrupteur avec détecteur de présence,8.3
humain,00 Addenda MEP01_Plans-unlocked-page-00016,S267_ADD_21,ADD INT DETEC,2386,4419,0.3391,0.8921,1938,3573,appariée,H:00 Addenda MEP01_Plans-unlocked-page-00016:228,IA:S267_ADD_21:229,Interrupteur avec détecteur de présence,8.4
humain,00 Addenda MEP01_Plans-unlocked-page-00016,S267_ADD_21,ADD INT DETEC,2474,4413,0.3516,0.8909,2009,3568,appariée,H:00 Addenda MEP01_Plans-unlocked-page-00016:229,IA:S267_ADD_21:230,Interrupteur avec détecteur de présence,14.9
humain,00 Addenda MEP01_Plans-unlocked-page-00016,S267_ADD_21,ADD INT DETEC,2556,4416,0.3633,0.8915,2075,3570,appariée,H:00 Addenda MEP01_Plans-unlocked-page-00016:230,IA:S267_ADD_21:231,Interrupteur avec détecteur de présence,12.0
humain,00 Addenda MEP01_Plans-unlocked-page-00016,S267_ADD_21,ADD INT DETEC,2635,4422,0.3745,0.8927,2139,3575,appariée,H:00 Addenda MEP01_Plans-unlocked-page-00016:231,IA:S267_ADD_21:232,Interrupteur avec détecteur de présence,7.3
humain,00 Addenda MEP01_Plans-unlocked-page-00016,S267_ADD_21,ADD INT DETEC,2642,4229,0.3755,0.8537,2145,3418,appariée,H:00 Addenda MEP01_Plans-unlocked-page-00016:232,IA:S267_ADD_21:224,Interrupteur avec détecteur de présence,13.7
humain,00 Addenda MEP01_Plans-unlocked-page-00016,S267_ADD_21,ADD INT DETEC,2554,4226,0.3630,0.8531,2074,3416,appariée,H:00 Addenda MEP01_Plans-unlocked-page-00016:233,IA:S267_ADD_21:223,Interrupteur avec détecteur de présence,11.3
humain,00 Addenda MEP01_Plans-unlocked-page-00016,S267_ADD_21,ADD INT DETEC,2465,4229,0.3503,0.8537,2002,3418,appariée,H:00 Addenda MEP01_Plans-unlocked-page-00016:234,IA:S267_ADD_21:222,Interrupteur avec détecteur de présence,7.1
humain,00 Addenda MEP01_Plans-unlocked-page-00016,S267_ADD_21,ADD INT DETEC,2371,4227,0.3370,0.8533,1926,3417,appariée,H:00 Addenda MEP01_Plans-unlocked-page-00016:235,IA:S267_ADD_21:221,Interrupteur avec détecteur de présence,10.4
humain,00 Addenda MEP01_Plans-unlocked-page-00016,S267_ADD_21,ADD INT DETEC,2295,4221,0.3262,0.8521,1864,3412,appariée,H:00 Addenda MEP01_Plans-unlocked-page-00016:236,IA:S267_ADD_21:220,Interrupteur avec détecteur de présence,13.2
humain,00 Addenda MEP01_Plans-unlocked-page-00016,S267_ADD_21,ADD INT DETEC,2218,4229,0.3152,0.8537,1802,3418,appariée,H:00 Addenda MEP01_Plans-unlocked-page-00016:237,IA:S267_ADD_21:219,Interrupteur avec détecteur de présence,7.6
humain,00 Addenda MEP01_Plans-unlocked-page-00016,S267_ADD_21,ADD INT DETEC,2134,4228,0.3033,0.8535,1734,3418,appariée,H:00 Addenda MEP01_Plans-unlocked-page-00016:238,IA:S267_ADD_21:218,Interrupteur avec détecteur de présence,7.9
humain,00 Addenda MEP01_Plans-unlocked-page-00016,S267_ADD_21,ADD INT DETEC,2042,4227,0.2902,0.8533,1659,3417,appariée,H:00 Addenda MEP01_Plans-unlocked-page-00016:239,IA:S267_ADD_21:217,Interrupteur avec détecteur de présence,9.0
humain,00 Addenda MEP01_Plans-unlocked-page-00016,S267_ADD_21,ADD INT DETEC,1692,4535,0.2405,0.9155,1376,3667,appariée,H:00 Addenda MEP01_Plans-unlocked-page-00016:240,IA:S267_ADD_21:214,Interrupteur avec détecteur de présence,16.4
humain,00 Addenda MEP01_Plans-unlocked-page-00016,S267_ADD_21,ADD INT DETEC,2858,4228,0.4062,0.8535,2320,3418,appariée,H:00 Addenda MEP01_Plans-unlocked-page-00016:241,IA:S267_ADD_21:233,Interrupteur avec détecteur de présence,7.4
humain,00 Addenda MEP01_Plans-unlocked-page-00016,S267_ADD_21,ADD INT DETEC,2904,4224,0.4127,0.8527,2357,3414,appariée,H:00 Addenda MEP01_Plans-unlocked-page-00016:242,IA:S267_ADD_21:234,Interrupteur avec détecteur de présence,15.3
humain,00 Addenda MEP01_Plans-unlocked-page-00016,S267_ADD_21,ADD INT DETEC,2861,4413,0.4066,0.8909,2322,3568,appariée,H:00 Addenda MEP01_Plans-unlocked-page-00016:243,IA:S267_ADD_21:241,Interrupteur avec détecteur de présence,11.4
humain,00 Addenda MEP01_Plans-unlocked-page-00016,S267_ADD_21,ADD INT DETEC,2905,4418,0.4129,0.8919,2358,3572,appariée,H:00 Addenda MEP01_Plans-unlocked-page-00016:244,IA:S267_ADD_21:242,Interrupteur avec détecteur de présence,13.7
humain,00 Addenda MEP01_Plans-unlocked-page-00016,S267_ADD_21,ADD INT DETEC,3026,4418,0.4301,0.8919,2456,3572,appariée,H:00 Addenda MEP01_Plans-unlocked-page-00016:245,IA:S267_ADD_21:243,Interrupteur avec détecteur de présence,7.8
humain,00 Addenda MEP01_Plans-unlocked-page-00016,S267_ADD_21,ADD INT DETEC,3063,4420,0.4353,0.8923,2486,3574,appariée,H:00 Addenda MEP01_Plans-unlocked-page-00016:246,IA:S267_ADD_21:244,Interrupteur avec détecteur de présence,7.0
humain,00 Addenda MEP01_Plans-unlocked-page-00016,S267_ADD_21,ADD INT DETEC,3025,4227,0.4299,0.8533,2455,3417,appariée,H:00 Addenda MEP01_Plans-unlocked-page-00016:247,IA:S267_ADD_21:235,Interrupteur avec détecteur de présence,8.7
humain,00 Addenda MEP01_Plans-unlocked-page-00016,S267_ADD_21,ADD INT DETEC,3066,4225,0.4357,0.8529,2488,3415,appariée,H:00 Addenda MEP01_Plans-unlocked-page-00016:248,IA:S267_ADD_21:236,Interrupteur avec détecteur de présence,12.1
humain,00 Addenda MEP01_Plans-unlocked-page-00016,S267_ADD_21,ADD INT DETEC,3188,4228,0.4531,0.8535,2587,3418,appariée,H:00 Addenda MEP01_Plans-unlocked-page-00016:249,IA:S267_ADD_21:237,Interrupteur avec détecteur de présence,7.4
humain,00 Addenda MEP01_Plans-unlocked-page-00016,S267_ADD_21,ADD INT DETEC,3235,4229,0.4598,0.8537,2625,3418,appariée,H:00 Addenda MEP01_Plans-unlocked-page-00016:250,IA:S267_ADD_21:238,Interrupteur avec détecteur de présence,12.7
humain,00 Addenda MEP01_Plans-unlocked-page-00016,S267_ADD_21,ADD INT DETEC,3359,4228,0.4774,0.8535,2725,3418,appariée,H:00 Addenda MEP01_Plans-unlocked-page-00016:251,IA:S267_ADD_21:239,Interrupteur avec détecteur de présence,8.5
humain,00 Addenda MEP01_Plans-unlocked-page-00016,S267_ADD_21,ADD INT DETEC,3400,4228,0.4832,0.8535,2758,3418,appariée,H:00 Addenda MEP01_Plans-unlocked-page-00016:252,IA:S267_ADD_21:240,Interrupteur avec détecteur de présence,12.0
humain,00 Addenda MEP01_Plans-unlocked-page-00016,S267_ADD_21,ADD INT DETEC,3402,4414,0.4835,0.8911,2760,3569,appariée,H:00 Addenda MEP01_Plans-unlocked-page-00016:253,IA:S267_ADD_21:248,Interrupteur avec détecteur de présence,15.0
humain,00 Addenda MEP01_Plans-unlocked-page-00016,S267_ADD_21,ADD INT DETEC,3359,4417,0.4774,0.8917,2725,3571,appariée,H:00 Addenda MEP01_Plans-unlocked-page-00016:254,IA:S267_ADD_21:247,Interrupteur avec détecteur de présence,8.8
humain,00 Addenda MEP01_Plans-unlocked-page-00016,S267_ADD_21,ADD INT DETEC,3239,4418,0.4603,0.8919,2628,3572,appariée,H:00 Addenda MEP01_Plans-unlocked-page-00016:255,IA:S267_ADD_21:246,Interrupteur avec détecteur de présence,15.7
humain,00 Addenda MEP01_Plans-unlocked-page-00016,S267_ADD_21,ADD INT DETEC,3192,4417,0.4537,0.8917,2590,3571,appariée,H:00 Addenda MEP01_Plans-unlocked-page-00016:256,IA:S267_ADD_21:245,Interrupteur avec détecteur de présence,8.3
humain,00 Addenda MEP01_Plans-unlocked-page-00016,S267_ADD_21,ADD GRADATEUR,5388,3955,0.7658,0.7984,4367,3196,appariée,H:00 Addenda MEP01_Plans-unlocked-page-00016:257,IA:S267_ADD_21:210,Gradateur,16.8
humain,00 Addenda MEP01_Plans-unlocked-page-00016,S267_ADD_21,ADD GRADATEUR,5390,3991,0.7660,0.8057,4369,3225,appariée,H:00 Addenda MEP01_Plans-unlocked-page-00016:258,IA:S267_ADD_21:211,Gradateur,8.4
humain,00 Addenda MEP01_Plans-unlocked-page-00016,S267_ADD_21,ADD GRADATEUR,4969,4417,0.7062,0.8917,4028,3571,appariée,H:00 Addenda MEP01_Plans-unlocked-page-00016:259,IA:S267_ADD_21:209,Gradateur,6.0
humain,00 Addenda MEP01_Plans-unlocked-page-00016,S267_ADD_21,ADD GRADATEUR,4176,4226,0.5935,0.8531,3386,3416,appariée,H:00 Addenda MEP01_Plans-unlocked-page-00016:260,IA:S267_ADD_21:207,Gradateur,14.5
humain,00 Addenda MEP01_Plans-unlocked-page-00016,S267_ADD_21,ADD GRADATEUR,4171,4420,0.5928,0.8923,3382,3574,appariée,H:00 Addenda MEP01_Plans-unlocked-page-00016:261,IA:S267_ADD_21:208,Gradateur,17.1
humain,00 Addenda MEP01_Plans-unlocked-page-00016,S267_ADD_21,ADD GRADATEUR,993,4086,0.1411,0.8248,811,3302,appariée,H:00 Addenda MEP01_Plans-unlocked-page-00016:262,IA:S267_ADD_21:206,Gradateur,14.0
humain,00 Addenda MEP01_Plans-unlocked-page-00016,S267_ADD_21,ADD DETEC 360,993,4255,0.1411,0.8590,811,3440,appariée,H:00 Addenda MEP01_Plans-unlocked-page-00016:263,IA:S267_ADD_21:188,Détecteur de présence plafond,17.5
humain,00 Addenda MEP01_Plans-unlocked-page-00016,S267_ADD_21,ADD DETEC 360,710,4395,0.1009,0.8872,582,3553,appariée,H:00 Addenda MEP01_Plans-unlocked-page-00016:264,IA:S267_ADD_21:189,Détecteur de présence plafond,18.7
humain,00 Addenda MEP01_Plans-unlocked-page-00016,S267_ADD_21,ADD INT,3953,4084,0.5618,0.8244,3206,3301,appariée,H:00 Addenda MEP01_Plans-unlocked-page-00016:265,IA:S267_ADD_21:252,Interrupteur unipolaire,16.5
humain,00 Addenda MEP01_Plans-unlocked-page-00016,S267_ADD_21,ADD INT,3707,4408,0.5269,0.8898,3007,3564,appariée,H:00 Addenda MEP01_Plans-unlocked-page-00016:266,IA:S267_ADD_21:216,Interrupteur avec détecteur de présence,10.1
humain,00 Addenda MEP01_Plans-unlocked-page-00016,S267_ADD_21,ADD INT,3714,4219,0.5278,0.8517,3012,3410,appariée,H:00 Addenda MEP01_Plans-unlocked-page-00016:267,IA:S267_ADD_21:215,Interrupteur avec détecteur de présence,11.7
humain,00 Addenda MEP01_Plans-unlocked-page-00016,S267_ADD_21,ADD INT,1237,4086,0.1758,0.8248,1008,3302,appariée,H:00 Addenda MEP01_Plans-unlocked-page-00016:268,IA:S267_ADD_21:249,Interrupteur unipolaire,17.0
humain,00 Addenda MEP01_Plans-unlocked-page-00016,S267_ADD_21,ADD INT,1540,4093,0.2189,0.8263,1253,3308,appariée,H:00 Addenda MEP01_Plans-unlocked-page-00016:269,IA:S267_ADD_21:250,Interrupteur unipolaire,14.5
humain,00 Addenda MEP01_Plans-unlocked-page-00016,S267_ADD_21,ADD INT,1696,4088,0.2410,0.8252,1379,3304,appariée,H:00 Addenda MEP01_Plans-unlocked-page-00016:270,IA:S267_ADD_21:251,Interrupteur unipolaire,16.2
humain,00 Addenda MEP01_Plans-unlocked-page-00016,S267_ADD_21,ADD INT,536,4190,0.0762,0.8458,441,3387,appariée,H:00 Addenda MEP01_Plans-unlocked-page-00016:271,IA:S267_ADD_21:212,Interrupteur avec détecteur de présence,16.5
humain,00 Électricité_Plans_pour AO - 5,S267_ADD_21,FIXTURE TYPE A1,1982,7731,0.1523,0.8400,868,3369,exclue (doublon),H:00 Électricité_Plans_pour AO - 5:1,H:00 Addenda MEP01_Plans-unlocked-page-00016:59,,
humain,00 Électricité_Plans_pour AO - 5,S267_ADD_21,FIXTURE TYPE A1,1190,7997,0.0915,0.8689,522,3487,exclue (doublon),H:00 Électricité_Plans_pour AO - 5:2,H:00 Addenda MEP01_Plans-unlocked-page-00016:50,,
humain,00 Électricité_Plans_pour AO - 5,S267_ADD_21,FIXTURE TYPE A1,1188,8254,0.0913,0.8968,521,3601,exclue (doublon),H:00 Électricité_Plans_pour AO - 5:3,H:00 Addenda MEP01_Plans-unlocked-page-00016:51,,
humain,00 Électricité_Plans_pour AO - 5,S267_ADD_21,FIXTURE TYPE A1,1452,8252,0.1116,0.8966,637,3600,exclue (doublon),H:00 Électricité_Plans_pour AO - 5:4,H:00 Addenda MEP01_Plans-unlocked-page-00016:52,,
humain,00 Électricité_Plans_pour AO - 5,S267_ADD_21,FIXTURE TYPE A1,1455,7992,0.1118,0.8683,638,3485,exclue (doublon),H:00 Électricité_Plans_pour AO - 5:5,H:00 Addenda MEP01_Plans-unlocked-page-00016:53,,
humain,00 Électricité_Plans_pour AO - 5,S267_ADD_21,FIXTURE TYPE A1,1457,7730,0.1120,0.8399,639,3369,exclue (doublon),H:00 Électricité_Plans_pour AO - 5:6,H:00 Addenda MEP01_Plans-unlocked-page-00016:49,,
humain,00 Électricité_Plans_pour AO - 5,S267_ADD_21,FIXTURE TYPE A1,1719,7735,0.1321,0.8404,753,3371,exclue (doublon),H:00 Électricité_Plans_pour AO - 5:7,H:00 Addenda MEP01_Plans-unlocked-page-00016:54,,
humain,00 Électricité_Plans_pour AO - 5,S267_ADD_21,FIXTURE TYPE A1,1714,7990,0.1317,0.8681,751,3484,exclue (doublon),H:00 Électricité_Plans_pour AO - 5:8,H:00 Addenda MEP01_Plans-unlocked-page-00016:55,,
humain,00 Électricité_Plans_pour AO - 5,S267_ADD_21,FIXTURE TYPE A1,1710,8257,0.1314,0.8971,749,3602,exclue (doublon),H:00 Électricité_Plans_pour AO - 5:9,H:00 Addenda MEP01_Plans-unlocked-page-00016:56,,
humain,00 Électricité_Plans_pour AO - 5,S267_ADD_21,FIXTURE TYPE A1,1979,7990,0.1521,0.8681,867,3484,exclue (doublon),H:00 Électricité_Plans_pour AO - 5:10,H:00 Addenda MEP01_Plans-unlocked-page-00016:58,,
humain,00 Électricité_Plans_pour AO - 5,S267_ADD_21,FIXTURE TYPE A1,1979,8254,0.1521,0.8968,867,3601,exclue (doublon),H:00 Électricité_Plans_pour AO - 5:11,H:00 Addenda MEP01_Plans-unlocked-page-00016:57,,
humain,00 Électricité_Plans_pour AO - 5,S267_ADD_21,FIXTURE TYPE A1,10135,6561,0.7790,0.7128,4433,2852,exclue (doublon),H:00 Électricité_Plans_pour AO - 5:12,H:00 Addenda MEP01_Plans-unlocked-page-00016:45,,
humain,00 Électricité_Plans_pour AO - 5,S267_ADD_21,FIXTURE TYPE A1,10146,6822,0.7798,0.7412,4438,2967,exclue (doublon),H:00 Électricité_Plans_pour AO - 5:13,H:00 Addenda MEP01_Plans-unlocked-page-00016:43,,
humain,00 Électricité_Plans_pour AO - 5,S267_ADD_21,FIXTURE TYPE A1,10139,7087,0.7793,0.7700,4435,3084,exclue (doublon),H:00 Électricité_Plans_pour AO - 5:14,H:00 Addenda MEP01_Plans-unlocked-page-00016:44,,
humain,00 Électricité_Plans_pour AO - 5,S267_ADD_21,FIXTURE TYPE A1,10140,7350,0.7793,0.7986,4435,3201,exclue (doublon),H:00 Électricité_Plans_pour AO - 5:15,H:00 Addenda MEP01_Plans-unlocked-page-00016:30,,
humain,00 Électricité_Plans_pour AO - 5,S267_ADD_21,FIXTURE TYPE A1,10402,6557,0.7995,0.7124,4550,2850,exclue (doublon),H:00 Électricité_Plans_pour AO - 5:16,H:00 Addenda MEP01_Plans-unlocked-page-00016:46,,
humain,00 Électricité_Plans_pour AO - 5,S267_ADD_21,FIXTURE TYPE A1,10709,6566,0.8231,0.7134,4684,2854,exclue (doublon),H:00 Électricité_Plans_pour AO - 5:17,H:00 Addenda MEP01_Plans-unlocked-page-00016:47,,
humain,00 Électricité_Plans_pour AO - 5,S267_ADD_21,FIXTURE TYPE A1,10972,6566,0.8433,0.7134,4799,2854,exclue (doublon),H:00 Électricité_Plans_pour AO - 5:18,H:00 Addenda MEP01_Plans-unlocked-page-00016:48,,
humain,00 Électricité_Plans_pour AO - 5,S267_ADD_21,FIXTURE TYPE A1,10974,6822,0.8434,0.7412,4800,2967,exclue (doublon),H:00 Électricité_Plans_pour AO - 5:19,H:00 Addenda MEP01_Plans-unlocked-page-00016:38,,
humain,00 Électricité_Plans_pour AO - 5,S267_ADD_21,FIXTURE TYPE A1,10713,6824,0.8234,0.7414,4686,2968,exclue (doublon),H:00 Électricité_Plans_pour AO - 5:20,H:00 Addenda MEP01_Plans-unlocked-page-00016:39,,
humain,00 Électricité_Plans_pour AO - 5,S267_ADD_21,FIXTURE TYPE A1,10404,6827,0.7996,0.7417,4551,2970,exclue (doublon),H:00 Électricité_Plans_pour AO - 5:21,H:00 Addenda MEP01_Plans-unlocked-page-00016:42,,
humain,00 Électricité_Plans_pour AO - 5,S267_ADD_21,FIXTURE TYPE A1,10402,7090,0.7995,0.7703,4550,3086,exclue (doublon),H:00 Électricité_Plans_pour AO - 5:22,H:00 Addenda MEP01_Plans-unlocked-page-00016:41,,
humain,00 Électricité_Plans_pour AO - 5,S267_ADD_21,FIXTURE TYPE A1,10713,7094,0.8234,0.7708,4686,3088,exclue (doublon),H:00 Électricité_Plans_pour AO - 5:23,H:00 Addenda MEP01_Plans-unlocked-page-00016:40,,
humain,00 Électricité_Plans_pour AO - 5,S267_ADD_21,FIXTURE TYPE A1,10968,7087,0.8430,0.7700,4797,3084,exclue (doublon),H:00 Électricité_Plans_pour AO - 5:24,H:00 Addenda MEP01_Plans-unlocked-page-00016:37,,
humain,00 Électricité_Plans_pour AO - 5,S267_ADD_21,FIXTURE TYPE A1,10972,7355,0.8433,0.7991,4799,3203,exclue (doublon),H:00 Électricité_Plans_pour AO - 5:25,H:00 Addenda MEP01_Plans-unlocked-page-00016:35,,
humain,00 Électricité_Plans_pour AO - 5,S267_ADD_21,FIXTURE TYPE A1,10709,7352,0.8231,0.7988,4684,3202,exclue (doublon),H:00 Électricité_Plans_pour AO - 5:26,H:00 Addenda MEP01_Plans-unlocked-page-00016:34,,
humain,00 Électricité_Plans_pour AO - 5,S267_ADD_21,FIXTURE TYPE A1,10398,7348,0.7992,0.7983,4548,3200,exclue (doublon),H:00 Électricité_Plans_pour AO - 5:27,H:00 Addenda MEP01_Plans-unlocked-page-00016:31,,
humain,00 Électricité_Plans_pour AO - 5,S267_ADD_21,FIXTURE TYPE A1,10142,7613,0.7795,0.8271,4436,3317,exclue (doublon),H:00 Électricité_Plans_pour AO - 5:28,H:00 Addenda MEP01_Plans-unlocked-page-00016:29,,
humain,00 Électricité_Plans_pour AO - 5,S267_ADD_21,FIXTURE TYPE A1,10400,7614,0.7993,0.8272,4549,3318,exclue (doublon),H:00 Électricité_Plans_pour AO - 5:29,H:00 Addenda MEP01_Plans-unlocked-page-00016:32,,
humain,00 Électricité_Plans_pour AO - 5,S267_ADD_21,FIXTURE TYPE A1,10705,7613,0.8228,0.8271,4682,3317,exclue (doublon),H:00 Électricité_Plans_pour AO - 5:30,H:00 Addenda MEP01_Plans-unlocked-page-00016:33,,
humain,00 Électricité_Plans_pour AO - 5,S267_ADD_21,FIXTURE TYPE A1,10972,7609,0.8433,0.8267,4799,3315,exclue (doublon),H:00 Électricité_Plans_pour AO - 5:31,H:00 Addenda MEP01_Plans-unlocked-page-00016:36,,
humain,00 Électricité_Plans_pour AO - 5,S267_ADD_21,FIXTURE TYPE A1,10978,7879,0.8437,0.8560,4802,3435,exclue (doublon),H:00 Électricité_Plans_pour AO - 5:32,H:00 Addenda MEP01_Plans-unlocked-page-00016:26,,
humain,00 Électricité_Plans_pour AO - 5,S267_ADD_21,FIXTURE TYPE A1,10972,8136,0.8433,0.8840,4799,3548,exclue (doublon),H:00 Électricité_Plans_pour AO - 5:33,H:00 Addenda MEP01_Plans-unlocked-page-00016:25,,
humain,00 Électricité_Plans_pour AO - 5,S267_ADD_21,FIXTURE TYPE A1,10711,7882,0.8232,0.8564,4685,3436,exclue (doublon),H:00 Électricité_Plans_pour AO - 5:34,H:00 Addenda MEP01_Plans-unlocked-page-00016:27,,
humain,00 Électricité_Plans_pour AO - 5,S267_ADD_21,FIXTURE TYPE A1,10707,8141,0.8229,0.8845,4683,3551,exclue (doublon),H:00 Électricité_Plans_pour AO - 5:35,H:00 Addenda MEP01_Plans-unlocked-page-00016:24,,
humain,00 Électricité_Plans_pour AO - 5,S267_ADD_21,FIXTURE TYPE A1,10409,8139,0.8000,0.8843,4553,3550,exclue (doublon),H:00 Électricité_Plans_pour AO - 5:36,H:00 Addenda MEP01_Plans-unlocked-page-00016:22,,
humain,00 Électricité_Plans_pour AO - 5,S267_ADD_21,FIXTURE TYPE A1,10404,7878,0.7996,0.8559,4551,3434,exclue (doublon),H:00 Électricité_Plans_pour AO - 5:37,H:00 Addenda MEP01_Plans-unlocked-page-00016:23,,
humain,00 Électricité_Plans_pour AO - 5,S267_ADD_21,FIXTURE TYPE A1,10139,7880,0.7793,0.8561,4435,3435,exclue (doublon),H:00 Électricité_Plans_pour AO - 5:38,H:00 Addenda MEP01_Plans-unlocked-page-00016:28,,
humain,00 Électricité_Plans_pour AO - 5,S267_ADD_21,FIXTURE TYPE A1,10142,8141,0.7795,0.8845,4436,3551,exclue (doublon),H:00 Électricité_Plans_pour AO - 5:39,H:00 Addenda MEP01_Plans-unlocked-page-00016:21,,
humain,00 Électricité_Plans_pour AO - 5,S267_ADD_21,FIXTURE TYPE A1,9430,8325,0.7248,0.9045,4125,3632,exclue (doublon),H:00 Électricité_Plans_pour AO - 5:40,H:00 Addenda MEP01_Plans-unlocked-page-00016:20,,
humain,00 Électricité_Plans_pour AO - 5,S267_ADD_21,FIXTURE TYPE A1,9300,8123,0.7148,0.8826,4068,3543,exclue (doublon),H:00 Électricité_Plans_pour AO - 5:41,H:00 Addenda MEP01_Plans-unlocked-page-00016:19,,
humain,00 Électricité_Plans_pour AO - 5,S267_ADD_21,FIXTURE TYPE A1,9385,7897,0.7213,0.8580,4105,3443,exclue (doublon),H:00 Électricité_Plans_pour AO - 5:42,H:00 Addenda MEP01_Plans-unlocked-page-00016:18,,
humain,00 Électricité_Plans_pour AO - 5,S267_ADD_21,FIXTURE TYPE A1,9383,7691,0.7212,0.8356,4104,3352,exclue (doublon),H:00 Électricité_Plans_pour AO - 5:43,H:00 Addenda MEP01_Plans-unlocked-page-00016:17,,
humain,00 Électricité_Plans_pour AO - 5,S267_ADD_21,FIXTURE TYPE A1,8987,7691,0.6907,0.8356,3931,3352,exclue (doublon),H:00 Électricité_Plans_pour AO - 5:44,H:00 Addenda MEP01_Plans-unlocked-page-00016:7,,
humain,00 Électricité_Plans_pour AO - 5,S267_ADD_21,FIXTURE TYPE A1,8987,7893,0.6907,0.8576,3931,3441,exclue (doublon),H:00 Électricité_Plans_pour AO - 5:45,H:00 Addenda MEP01_Plans-unlocked-page-00016:8,,
humain,00 Électricité_Plans_pour AO - 5,S267_ADD_21,FIXTURE TYPE A1,8983,8088,0.6904,0.8787,3930,3527,exclue (doublon),H:00 Électricité_Plans_pour AO - 5:46,H:00 Addenda MEP01_Plans-unlocked-page-00016:9,,
humain,00 Électricité_Plans_pour AO - 5,S267_ADD_21,FIXTURE TYPE A1,8985,8286,0.6906,0.9003,3930,3615,exclue (doublon),H:00 Électricité_Plans_pour AO - 5:47,H:00 Addenda MEP01_Plans-unlocked-page-00016:16,,
humain,00 Électricité_Plans_pour AO - 5,S267_ADD_21,FIXTURE TYPE A1,8596,8284,0.6607,0.9000,3760,3614,exclue (doublon),H:00 Électricité_Plans_pour AO - 5:48,H:00 Addenda MEP01_Plans-unlocked-page-00016:15,,
humain,00 Électricité_Plans_pour AO - 5,S267_ADD_21,FIXTURE TYPE A1,8594,8091,0.6605,0.8791,3759,3529,exclue (doublon),H:00 Électricité_Plans_pour AO - 5:49,H:00 Addenda MEP01_Plans-unlocked-page-00016:10,,
humain,00 Électricité_Plans_pour AO - 5,S267_ADD_21,FIXTURE TYPE A1,8589,7891,0.6601,0.8573,3757,3440,exclue (doublon),H:00 Électricité_Plans_pour AO - 5:50,H:00 Addenda MEP01_Plans-unlocked-page-00016:6,,
humain,00 Électricité_Plans_pour AO - 5,S267_ADD_21,FIXTURE TYPE A1,8589,7693,0.6601,0.8358,3757,3353,exclue (doublon),H:00 Électricité_Plans_pour AO - 5:51,H:00 Addenda MEP01_Plans-unlocked-page-00016:5,,
humain,00 Électricité_Plans_pour AO - 5,S267_ADD_21,FIXTURE TYPE A1,8200,7702,0.6302,0.8368,3587,3356,exclue (doublon),H:00 Électricité_Plans_pour AO - 5:52,H:00 Addenda MEP01_Plans-unlocked-page-00016:3,,
humain,00 Électricité_Plans_pour AO - 5,S267_ADD_21,FIXTURE TYPE A1,8200,7889,0.6302,0.8571,3587,3439,exclue (doublon),H:00 Électricité_Plans_pour AO - 5:53,H:00 Addenda MEP01_Plans-unlocked-page-00016:4,,
humain,00 Électricité_Plans_pour AO - 5,S267_ADD_21,FIXTURE TYPE A1,8204,8093,0.6305,0.8793,3589,3529,exclue (doublon),H:00 Électricité_Plans_pour AO - 5:54,H:00 Addenda MEP01_Plans-unlocked-page-00016:11,,
humain,00 Électricité_Plans_pour AO - 5,S267_ADD_21,FIXTURE TYPE A1,8200,8289,0.6302,0.9006,3587,3616,exclue (doublon),H:00 Électricité_Plans_pour AO - 5:55,H:00 Addenda MEP01_Plans-unlocked-page-00016:14,,
humain,00 Électricité_Plans_pour AO - 5,S267_ADD_21,FIXTURE TYPE A1,7546,7701,0.5800,0.8367,3301,3356,exclue (doublon),H:00 Électricité_Plans_pour AO - 5:56,H:00 Addenda MEP01_Plans-unlocked-page-00016:1,,
humain,00 Électricité_Plans_pour AO - 5,S267_ADD_21,FIXTURE TYPE A1,7544,7904,0.5798,0.8588,3300,3446,exclue (doublon),H:00 Électricité_Plans_pour AO - 5:57,H:00 Addenda MEP01_Plans-unlocked-page-00016:2,,
humain,00 Électricité_Plans_pour AO - 5,S267_ADD_21,FIXTURE TYPE A1,7546,8121,0.5800,0.8823,3301,3542,exclue (doublon),H:00 Électricité_Plans_pour AO - 5:58,H:00 Addenda MEP01_Plans-unlocked-page-00016:12,,
humain,00 Électricité_Plans_pour AO - 5,S267_ADD_21,FIXTURE TYPE A1,7544,8317,0.5798,0.9036,3300,3628,exclue (doublon),H:00 Électricité_Plans_pour AO - 5:59,H:00 Addenda MEP01_Plans-unlocked-page-00016:13,,
humain,00 Électricité_Plans_pour AO - 5,S267_ADD_21,FIXTURE TYPE E1,560,7729,0.0430,0.8397,247,3368,exclue (doublon),H:00 Électricité_Plans_pour AO - 5:60,H:00 Addenda MEP01_Plans-unlocked-page-00016:187,,
humain,00 Électricité_Plans_pour AO - 5,S267_ADD_21,FIXTURE TYPE E1,877,7731,0.0674,0.8400,385,3369,exclue (doublon),H:00 Électricité_Plans_pour AO - 5:61,H:00 Addenda MEP01_Plans-unlocked-page-00016:188,,
humain,00 Électricité_Plans_pour AO - 5,S267_ADD_21,FIXTURE TYPE E1,877,7989,0.0674,0.8680,385,3483,exclue (doublon),H:00 Électricité_Plans_pour AO - 5:62,H:00 Addenda MEP01_Plans-unlocked-page-00016:189,,
humain,00 Électricité_Plans_pour AO - 5,S267_ADD_21,FIXTURE TYPE E1,880,8248,0.0676,0.8961,386,3598,exclue (doublon),H:00 Électricité_Plans_pour AO - 5:63,H:00 Addenda MEP01_Plans-unlocked-page-00016:190,,
humain,00 Électricité_Plans_pour AO - 5,S267_ADD_21,FIXTURE TYPE E1,558,7991,0.0429,0.8682,246,3484,exclue (doublon),H:00 Électricité_Plans_pour AO - 5:64,H:00 Addenda MEP01_Plans-unlocked-page-00016:192,,
humain,00 Électricité_Plans_pour AO - 5,S267_ADD_21,FIXTURE TYPE E1,563,8255,0.0433,0.8969,248,3601,exclue (doublon),H:00 Électricité_Plans_pour AO - 5:65,H:00 Addenda MEP01_Plans-unlocked-page-00016:191,,
humain,00 Électricité_Plans_pour AO - 5,S267_ADD_21,FIXTURE TYPE E1,2822,7725,0.2169,0.8393,1236,3367,exclue (doublon),H:00 Électricité_Plans_pour AO - 5:66,H:00 Addenda MEP01_Plans-unlocked-page-00016:193,,
humain,00 Électricité_Plans_pour AO - 5,S267_ADD_21,FIXTURE TYPE E1,3089,7719,0.2374,0.8387,1352,3364,exclue (doublon),H:00 Électricité_Plans_pour AO - 5:67,H:00 Addenda MEP01_Plans-unlocked-page-00016:194,,
humain,00 Électricité_Plans_pour AO - 5,S267_ADD_21,FIXTURE TYPE E1,6964,7699,0.5352,0.8365,3047,3355,exclue (doublon),H:00 Électricité_Plans_pour AO - 5:68,H:00 Addenda MEP01_Plans-unlocked-page-00016:195,,
humain,00 Électricité_Plans_pour AO - 5,S267_ADD_21,FIXTURE TYPE E1,7250,7704,0.5572,0.8370,3172,3357,exclue (doublon),H:00 Électricité_Plans_pour AO - 5:69,H:00 Addenda MEP01_Plans-unlocked-page-00016:196,,
humain,00 Électricité_Plans_pour AO - 5,S267_ADD_21,FIXTURE TYPE E1,7242,7881,0.5566,0.8563,3168,3436,exclue (doublon),H:00 Électricité_Plans_pour AO - 5:70,H:00 Addenda MEP01_Plans-unlocked-page-00016:197,,
humain,00 Électricité_Plans_pour AO - 5,S267_ADD_21,FIXTURE TYPE E1,6964,7881,0.5352,0.8563,3047,3436,exclue (doublon),H:00 Électricité_Plans_pour AO - 5:71,H:00 Addenda MEP01_Plans-unlocked-page-00016:198,,
humain,00 Électricité_Plans_pour AO - 5,S267_ADD_21,FIXTURE TYPE E1,7014,8140,0.5391,0.8844,3069,3550,exclue (doublon),H:00 Électricité_Plans_pour AO - 5:72,H:00 Addenda MEP01_Plans-unlocked-page-00016:199,,
humain,00 Électricité_Plans_pour AO - 5,S267_ADD_21,FIXTURE TYPE E1,7014,8340,0.5391,0.9061,3069,3639,exclue (doublon),H:00 Électricité_Plans_pour AO - 5:73,H:00 Addenda MEP01_Plans-unlocked-page-00016:201,,
humain,00 Électricité_Plans_pour AO - 5,S267_ADD_21,FIXTURE TYPE E1,7148,8344,0.5494,0.9066,3127,3640,exclue (doublon),H:00 Électricité_Plans_pour AO - 5:74,H:00 Addenda MEP01_Plans-unlocked-page-00016:202,,
humain,00 Électricité_Plans_pour AO - 5,S267_ADD_21,FIXTURE TYPE E1,7151,8143,0.5496,0.8847,3128,3552,exclue (doublon),H:00 Électricité_Plans_pour AO - 5:75,H:00 Addenda MEP01_Plans-unlocked-page-00016:200,,
humain,00 Électricité_Plans_pour AO - 5,S267_ADD_21,FIXTURE TYPE B1,7871,7700,0.6049,0.8366,3443,3356,exclue (doublon),H:00 Électricité_Plans_pour AO - 5:76,H:00 Addenda MEP01_Plans-unlocked-page-00016:60,,
humain,00 Électricité_Plans_pour AO - 5,S267_ADD_21,FIXTURE TYPE B1,7870,7896,0.6049,0.8579,3443,3442,exclue (doublon),H:00 Électricité_Plans_pour AO - 5:77,H:00 Addenda MEP01_Plans-unlocked-page-00016:61,,
humain,00 Électricité_Plans_pour AO - 5,S267_ADD_21,FIXTURE TYPE B1,7870,8091,0.6049,0.8791,3443,3529,exclue (doublon),H:00 Électricité_Plans_pour AO - 5:78,H:00 Addenda MEP01_Plans-unlocked-page-00016:62,,
humain,00 Électricité_Plans_pour AO - 5,S267_ADD_21,FIXTURE TYPE B1,7873,8283,0.6051,0.8999,3444,3613,exclue (doublon),H:00 Électricité_Plans_pour AO - 5:79,H:00 Addenda MEP01_Plans-unlocked-page-00016:63,,
humain,00 Électricité_Plans_pour AO - 5,S267_ADD_21,FIXTURE D1,9822,7884,0.7549,0.8566,4296,3437,exclue (doublon),H:00 Électricité_Plans_pour AO - 5:80,H:00 Addenda MEP01_Plans-unlocked-page-00016:68,,
humain,00 Électricité_Plans_pour AO - 5,S267_ADD_21,FIXTURE D1,9815,7404,0.7544,0.8044,4293,3225,exclue (doublon),H:00 Électricité_Plans_pour AO - 5:81,H:00 Addenda MEP01_Plans-unlocked-page-00016:66,,
humain,00 Électricité_Plans_pour AO - 5,S267_ADD_21,FIXTURE D1,9826,6940,0.7552,0.7540,4298,3019,exclue (doublon),H:00 Électricité_Plans_pour AO - 5:82,H:00 Addenda MEP01_Plans-unlocked-page-00016:67,,
humain,00 Électricité_Plans_pour AO - 5,S267_ADD_21,FIXTURE D1,9370,6775,0.7202,0.7361,4099,2947,exclue (doublon),H:00 Électricité_Plans_pour AO - 5:83,H:00 Addenda MEP01_Plans-unlocked-page-00016:64,,
humain,00 Électricité_Plans_pour AO - 5,S267_ADD_21,FIXTURE D1,9372,7414,0.7203,0.8055,4100,3229,exclue (doublon),H:00 Électricité_Plans_pour AO - 5:84,H:00 Addenda MEP01_Plans-unlocked-page-00016:65,,
humain,00 Électricité_Plans_pour AO - 5,S267_ADD_21,FIXTURE D1,8813,7410,0.6773,0.8051,3855,3227,exclue (doublon),H:00 Électricité_Plans_pour AO - 5:85,H:00 Addenda MEP01_Plans-unlocked-page-00016:69,,
humain,00 Électricité_Plans_pour AO - 5,S267_ADD_21,FIXTURE D1,8811,6780,0.6772,0.7366,3854,2949,exclue (doublon),H:00 Électricité_Plans_pour AO - 5:86,H:00 Addenda MEP01_Plans-unlocked-page-00016:70,,
humain,00 Électricité_Plans_pour AO - 5,S267_ADD_21,FIXTURE D1,8259,6779,0.6348,0.7365,3613,2948,exclue (doublon),H:00 Électricité_Plans_pour AO - 5:87,H:00 Addenda MEP01_Plans-unlocked-page-00016:71,,
humain,00 Électricité_Plans_pour AO - 5,S267_ADD_21,FIXTURE D1,8269,7417,0.6355,0.8058,3617,3230,exclue (doublon),H:00 Électricité_Plans_pour AO - 5:88,H:00 Addenda MEP01_Plans-unlocked-page-00016:72,,
humain,00 Électricité_Plans_pour AO - 5,S267_ADD_21,FIXTURE D1,7698,7412,0.5917,0.8053,3368,3228,exclue (doublon),H:00 Électricité_Plans_pour AO - 5:89,H:00 Addenda MEP01_Plans-unlocked-page-00016:73,,
humain,00 Électricité_Plans_pour AO - 5,S267_ADD_21,FIXTURE D1,7143,7408,0.5490,0.8049,3125,3226,exclue (doublon),H:00 Électricité_Plans_pour AO - 5:90,H:00 Addenda MEP01_Plans-unlocked-page-00016:76,,
humain,00 Électricité_Plans_pour AO - 5,S267_ADD_21,FIXTURE D1,7696,6777,0.5915,0.7363,3367,2947,exclue (doublon),H:00 Électricité_Plans_pour AO - 5:91,H:00 Addenda MEP01_Plans-unlocked-page-00016:74,,
humain,00 Électricité_Plans_pour AO - 5,S267_ADD_21,FIXTURE D1,7148,6771,0.5494,0.7357,3127,2945,exclue (doublon),H:00 Électricité_Plans_pour AO - 5:92,H:00 Addenda MEP01_Plans-unlocked-page-00016:75,,
humain,00 Électricité_Plans_pour AO - 5,S267_ADD_21,FIXTURE D1,6611,6775,0.5081,0.7361,2892,2947,exclue (doublon),H:00 Électricité_Plans_pour AO - 5:93,H:00 Addenda MEP01_Plans-unlocked-page-00016:77,,
humain,00 Électricité_Plans_pour AO - 5,S267_ADD_21,FIXTURE D1,6611,7404,0.5081,0.8044,2892,3225,exclue (doublon),H:00 Électricité_Plans_pour AO - 5:94,H:00 Addenda MEP01_Plans-unlocked-page-00016:78,,
humain,00 Électricité_Plans_pour AO - 5,S267_ADD_21,FIXTURE D1,6589,8021,0.5064,0.8715,2883,3498,exclue (doublon),H:00 Électricité_Plans_pour AO - 5:95,H:00 Addenda MEP01_Plans-unlocked-page-00016:79,,
humain,00 Électricité_Plans_pour AO - 5,S267_ADD_21,FIXTURE D1,6037,7419,0.4640,0.8061,2641,3231,exclue (doublon),H:00 Électricité_Plans_pour AO - 5:96,H:00 Addenda MEP01_Plans-unlocked-page-00016:82,,
humain,00 Électricité_Plans_pour AO - 5,S267_ADD_21,FIXTURE D1,6041,6777,0.4643,0.7363,2643,2947,exclue (doublon),H:00 Électricité_Plans_pour AO - 5:97,H:00 Addenda MEP01_Plans-unlocked-page-00016:81,,
humain,00 Électricité_Plans_pour AO - 5,S267_ADD_21,FIXTURE D1,5483,6775,0.4214,0.7361,2399,2947,exclue (doublon),H:00 Électricité_Plans_pour AO - 5:98,H:00 Addenda MEP01_Plans-unlocked-page-00016:93,,
humain,00 Électricité_Plans_pour AO - 5,S267_ADD_21,FIXTURE D1,5476,7414,0.4209,0.8055,2396,3229,exclue (doublon),H:00 Électricité_Plans_pour AO - 5:99,H:00 Addenda MEP01_Plans-unlocked-page-00016:92,,
humain,00 Électricité_Plans_pour AO - 5,S267_ADD_21,FIXTURE D1,5068,6769,0.3895,0.7354,2218,2944,exclue (doublon),H:00 Électricité_Plans_pour AO - 5:100,H:00 Addenda MEP01_Plans-unlocked-page-00016:94,,
humain,00 Électricité_Plans_pour AO - 5,S267_ADD_21,FIXTURE D1,5071,7417,0.3897,0.8058,2219,3230,exclue (doublon),H:00 Électricité_Plans_pour AO - 5:101,H:00 Addenda MEP01_Plans-unlocked-page-00016:91,,
humain,00 Électricité_Plans_pour AO - 5,S267_ADD_21,FIXTURE D1,4673,7412,0.3592,0.8053,2045,3228,exclue (doublon),H:00 Électricité_Plans_pour AO - 5:102,H:00 Addenda MEP01_Plans-unlocked-page-00016:90,,
humain,00 Électricité_Plans_pour AO - 5,S267_ADD_21,FIXTURE D1,4669,6767,0.3589,0.7352,2043,2943,exclue (doublon),H:00 Électricité_Plans_pour AO - 5:103,H:00 Addenda MEP01_Plans-unlocked-page-00016:95,,
humain,00 Électricité_Plans_pour AO - 5,S267_ADD_21,FIXTURE D1,4110,6779,0.3159,0.7365,1799,2948,exclue (doublon),H:00 Électricité_Plans_pour AO - 5:104,H:00 Addenda MEP01_Plans-unlocked-page-00016:96,,
humain,00 Électricité_Plans_pour AO - 5,S267_ADD_21,FIXTURE D1,4112,7416,0.3160,0.8057,1800,3230,exclue (doublon),H:00 Électricité_Plans_pour AO - 5:105,H:00 Addenda MEP01_Plans-unlocked-page-00016:89,,
humain,00 Électricité_Plans_pour AO - 5,S267_ADD_21,FIXTURE D1,3558,7417,0.2735,0.8058,1557,3230,exclue (doublon),H:00 Électricité_Plans_pour AO - 5:106,H:00 Addenda MEP01_Plans-unlocked-page-00016:88,,
humain,00 Électricité_Plans_pour AO - 5,S267_ADD_21,FIXTURE D1,3560,8019,0.2736,0.8713,1558,3497,exclue (doublon),H:00 Électricité_Plans_pour AO - 5:107,H:00 Addenda MEP01_Plans-unlocked-page-00016:87,,
humain,00 Électricité_Plans_pour AO - 5,S267_ADD_21,FIXTURE D1,3551,6771,0.2729,0.7357,1554,2945,exclue (doublon),H:00 Électricité_Plans_pour AO - 5:108,H:00 Addenda MEP01_Plans-unlocked-page-00016:97,,
humain,00 Électricité_Plans_pour AO - 5,S267_ADD_21,FIXTURE D1,3001,6771,0.2307,0.7357,1314,2945,exclue (doublon),H:00 Électricité_Plans_pour AO - 5:109,H:00 Addenda MEP01_Plans-unlocked-page-00016:98,,
humain,00 Électricité_Plans_pour AO - 5,S267_ADD_21,FIXTURE D1,2997,7414,0.2303,0.8055,1312,3229,exclue (doublon),H:00 Électricité_Plans_pour AO - 5:110,H:00 Addenda MEP01_Plans-unlocked-page-00016:99,,
humain,00 Électricité_Plans_pour AO - 5,S267_ADD_21,FIXTURE D1,2445,6771,0.1879,0.7357,1071,2945,exclue (doublon),H:00 Électricité_Plans_pour AO - 5:111,H:00 Addenda MEP01_Plans-unlocked-page-00016:101,,
humain,00 Électricité_Plans_pour AO - 5,S267_ADD_21,FIXTURE D1,2454,7419,0.1886,0.8061,1075,3231,exclue (doublon),H:00 Électricité_Plans_pour AO - 5:112,H:00 Addenda MEP01_Plans-unlocked-page-00016:100,,
humain,00 Électricité_Plans_pour AO - 5,S267_ADD_21,FIXTURE D1,1884,7414,0.1448,0.8055,825,3229,exclue (doublon),H:00 Électricité_Plans_pour AO - 5:113,H:00 Addenda MEP01_Plans-unlocked-page-00016:103,,
humain,00 Électricité_Plans_pour AO - 5,S267_ADD_21,FIXTURE D1,1875,6779,0.1441,0.7365,822,2948,exclue (doublon),H:00 Électricité_Plans_pour AO - 5:114,H:00 Addenda MEP01_Plans-unlocked-page-00016:102,,
humain,00 Électricité_Plans_pour AO - 5,S267_ADD_21,FIXTURE D1,1332,6777,0.1024,0.7363,584,2947,exclue (doublon),H:00 Électricité_Plans_pour AO - 5:115,H:00 Addenda MEP01_Plans-unlocked-page-00016:105,,
humain,00 Électricité_Plans_pour AO - 5,S267_ADD_21,FIXTURE D1,1228,7421,0.0944,0.8063,539,3232,exclue (doublon),H:00 Électricité_Plans_pour AO - 5:116,H:00 Addenda MEP01_Plans-unlocked-page-00016:104,,
humain,00 Électricité_Plans_pour AO - 5,S267_ADD_21,FIXTURE D1,712,6769,0.0547,0.7354,313,2944,exclue (doublon),H:00 Électricité_Plans_pour AO - 5:117,H:00 Addenda MEP01_Plans-unlocked-page-00016:106,,
humain,00 Électricité_Plans_pour AO - 5,S267_ADD_21,FIXTURE D1,4108,8016,0.3157,0.8709,1798,3495,exclue (doublon),H:00 Électricité_Plans_pour AO - 5:118,H:00 Addenda MEP01_Plans-unlocked-page-00016:86,,
humain,00 Électricité_Plans_pour AO - 5,S267_ADD_21,FIXTURE D1,4660,8025,0.3582,0.8719,2039,3499,exclue (doublon),H:00 Électricité_Plans_pour AO - 5:119,H:00 Addenda MEP01_Plans-unlocked-page-00016:85,,
humain,00 Électricité_Plans_pour AO - 5,S267_ADD_21,FIXTURE D1,5069,8021,0.3896,0.8715,2218,3498,exclue (doublon),H:00 Électricité_Plans_pour AO - 5:120,H:00 Addenda MEP01_Plans-unlocked-page-00016:84,,
humain,00 Électricité_Plans_pour AO - 5,S267_ADD_21,FIXTURE D1,5480,8019,0.4212,0.8713,2398,3497,exclue (doublon),H:00 Électricité_Plans_pour AO - 5:121,H:00 Addenda MEP01_Plans-unlocked-page-00016:83,,
humain,00 Électricité_Plans_pour AO - 5,S267_ADD_21,FIXTURE D1,6041,8025,0.4643,0.8719,2643,3499,exclue (doublon),H:00 Électricité_Plans_pour AO - 5:122,H:00 Addenda MEP01_Plans-unlocked-page-00016:80,,
humain,00 Électricité_Plans_pour AO - 5,S267_ADD_21,FIXTURE C3,574,7306,0.0441,0.7938,253,3181,exclue (doublon),H:00 Électricité_Plans_pour AO - 5:123,H:00 Addenda MEP01_Plans-unlocked-page-00016:107,,
humain,00 Électricité_Plans_pour AO - 5,S267_ADD_21,FIXTURE C3,837,7302,0.0643,0.7934,368,3180,exclue (doublon),H:00 Électricité_Plans_pour AO - 5:124,H:00 Addenda MEP01_Plans-unlocked-page-00016:110,,
humain,00 Électricité_Plans_pour AO - 5,S267_ADD_21,FIXTURE C3,828,7502,0.0636,0.8151,364,3268,exclue (doublon),H:00 Électricité_Plans_pour AO - 5:125,H:00 Addenda MEP01_Plans-unlocked-page-00016:109,,
humain,00 Électricité_Plans_pour AO - 5,S267_ADD_21,FIXTURE C3,579,7502,0.0445,0.8151,255,3268,exclue (doublon),H:00 Électricité_Plans_pour AO - 5:126,H:00 Addenda MEP01_Plans-unlocked-page-00016:108,,
humain,00 Électricité_Plans_pour AO - 5,S267_ADD_21,FIXTURE C3,2300,7672,0.1768,0.8336,1007,3343,exclue (doublon),H:00 Électricité_Plans_pour AO - 5:127,H:00 Addenda MEP01_Plans-unlocked-page-00016:111,,
humain,00 Électricité_Plans_pour AO - 5,S267_ADD_21,FIXTURE C3,2563,7670,0.1970,0.8333,1122,3342,exclue (doublon),H:00 Électricité_Plans_pour AO - 5:128,H:00 Addenda MEP01_Plans-unlocked-page-00016:112,,
humain,00 Électricité_Plans_pour AO - 5,S267_ADD_21,FIXTURE C3,2565,7839,0.1971,0.8517,1123,3417,exclue (doublon),H:00 Électricité_Plans_pour AO - 5:129,H:00 Addenda MEP01_Plans-unlocked-page-00016:113,,
humain,00 Électricité_Plans_pour AO - 5,S267_ADD_21,FIXTURE C3,2563,8013,0.1970,0.8706,1122,3494,exclue (doublon),H:00 Électricité_Plans_pour AO - 5:130,H:00 Addenda MEP01_Plans-unlocked-page-00016:116,,
humain,00 Électricité_Plans_pour AO - 5,S267_ADD_21,FIXTURE C3,2296,7844,0.1765,0.8522,1006,3419,exclue (doublon),H:00 Électricité_Plans_pour AO - 5:131,H:00 Addenda MEP01_Plans-unlocked-page-00016:114,,
humain,00 Électricité_Plans_pour AO - 5,S267_ADD_21,FIXTURE C3,2298,8011,0.1766,0.8704,1006,3493,exclue (doublon),H:00 Électricité_Plans_pour AO - 5:132,H:00 Addenda MEP01_Plans-unlocked-page-00016:115,,
humain,00 Électricité_Plans_pour AO - 5,S267_ADD_21,FIXTURE C3,2304,8183,0.1771,0.8891,1009,3569,exclue (doublon),H:00 Électricité_Plans_pour AO - 5:133,H:00 Addenda MEP01_Plans-unlocked-page-00016:118,,
humain,00 Électricité_Plans_pour AO - 5,S267_ADD_21,FIXTURE C3,2557,8170,0.1965,0.8877,1120,3563,exclue (doublon),H:00 Électricité_Plans_pour AO - 5:134,H:00 Addenda MEP01_Plans-unlocked-page-00016:117,,
humain,00 Électricité_Plans_pour AO - 5,S267_ADD_21,FIXTURE C3,2563,8339,0.1970,0.9060,1122,3638,exclue (doublon),H:00 Électricité_Plans_pour AO - 5:135,H:00 Addenda MEP01_Plans-unlocked-page-00016:120,,
humain,00 Électricité_Plans_pour AO - 5,S267_ADD_21,FIXTURE C3,2307,8350,0.1773,0.9072,1010,3643,exclue (doublon),H:00 Électricité_Plans_pour AO - 5:136,H:00 Addenda MEP01_Plans-unlocked-page-00016:119,,
humain,00 Électricité_Plans_pour AO - 5,S267_ADD_21,FIXTURE C3,9804,8307,0.7535,0.9025,4289,3624,exclue (doublon),H:00 Électricité_Plans_pour AO - 5:137,H:00 Addenda MEP01_Plans-unlocked-page-00016:121,,
humain,00 Électricité_Plans_pour AO - 5,S267_ADD_21,FIXTURE C3,9806,6493,0.7537,0.7055,4289,2822,exclue (doublon),H:00 Électricité_Plans_pour AO - 5:138,H:00 Addenda MEP01_Plans-unlocked-page-00016:122,,
humain,00 Électricité_Plans_pour AO - 5,S267_ADD_21,FIXTURE C3,5054,6468,0.3884,0.7027,2212,2811,exclue (version remplacée),H:00 Électricité_Plans_pour AO - 5:139,version remplacée par 00 Addenda MEP01_Plans-unlocked-page-00016,,
humain,00 Électricité_Plans_pour AO - 5,S267_ADD_21,FIXTURE TYPE C1,2858,7934,0.2197,0.8620,1251,3459,exclue (doublon),H:00 Électricité_Plans_pour AO - 5:140,H:00 Addenda MEP01_Plans-unlocked-page-00016:170,,
humain,00 Électricité_Plans_pour AO - 5,S267_ADD_21,FIXTURE TYPE C1,2975,7930,0.2287,0.8616,1303,3457,exclue (doublon),H:00 Électricité_Plans_pour AO - 5:141,H:00 Addenda MEP01_Plans-unlocked-page-00016:169,,
humain,00 Électricité_Plans_pour AO - 5,S267_ADD_21,FIXTURE TYPE C1,3202,7929,0.2461,0.8615,1402,3457,exclue (doublon),H:00 Électricité_Plans_pour AO - 5:142,H:00 Addenda MEP01_Plans-unlocked-page-00016:168,,
humain,00 Électricité_Plans_pour AO - 5,S267_ADD_21,FIXTURE TYPE C1,3208,8069,0.2466,0.8767,1404,3519,exclue (doublon),H:00 Électricité_Plans_pour AO - 5:143,H:00 Addenda MEP01_Plans-unlocked-page-00016:167,,
humain,00 Électricité_Plans_pour AO - 5,S267_ADD_21,FIXTURE TYPE C1,2976,8067,0.2287,0.8765,1303,3518,exclue (doublon),H:00 Électricité_Plans_pour AO - 5:144,H:00 Addenda MEP01_Plans-unlocked-page-00016:166,,
humain,00 Électricité_Plans_pour AO - 5,S267_ADD_21,FIXTURE TYPE C1,2856,8066,0.2195,0.8764,1250,3517,exclue (doublon),H:00 Électricité_Plans_pour AO - 5:145,H:00 Addenda MEP01_Plans-unlocked-page-00016:165,,
humain,00 Électricité_Plans_pour AO - 5,S267_ADD_21,FIXTURE TYPE C1,2858,8264,0.2197,0.8979,1251,3605,exclue (doublon),H:00 Électricité_Plans_pour AO - 5:146,H:00 Addenda MEP01_Plans-unlocked-page-00016:164,,
humain,00 Électricité_Plans_pour AO - 5,S267_ADD_21,FIXTURE TYPE C1,2980,8260,0.2290,0.8974,1305,3603,exclue (doublon),H:00 Électricité_Plans_pour AO - 5:147,H:00 Addenda MEP01_Plans-unlocked-page-00016:163,,
humain,00 Électricité_Plans_pour AO - 5,S267_ADD_21,FIXTURE TYPE C1,2984,8393,0.2293,0.9119,1306,3662,exclue (doublon),H:00 Électricité_Plans_pour AO - 5:148,H:00 Addenda MEP01_Plans-unlocked-page-00016:160,,
humain,00 Électricité_Plans_pour AO - 5,S267_ADD_21,FIXTURE TYPE C1,2856,8390,0.2195,0.9116,1250,3661,exclue (doublon),H:00 Électricité_Plans_pour AO - 5:149,H:00 Addenda MEP01_Plans-unlocked-page-00016:159,,
humain,00 Électricité_Plans_pour AO - 5,S267_ADD_21,FIXTURE TYPE C1,3204,8256,0.2463,0.8970,1403,3601,exclue (doublon),H:00 Électricité_Plans_pour AO - 5:150,H:00 Addenda MEP01_Plans-unlocked-page-00016:162,,
humain,00 Électricité_Plans_pour AO - 5,S267_ADD_21,FIXTURE TYPE C1,3204,8386,0.2463,0.9111,1403,3659,exclue (doublon),H:00 Électricité_Plans_pour AO - 5:151,H:00 Addenda MEP01_Plans-unlocked-page-00016:161,,
humain,00 Électricité_Plans_pour AO - 5,S267_ADD_21,FIXTURE TYPE C1,3767,7671,0.2895,0.8334,1649,3343,exclue (doublon),H:00 Électricité_Plans_pour AO - 5:152,H:00 Addenda MEP01_Plans-unlocked-page-00016:150,,
humain,00 Électricité_Plans_pour AO - 5,S267_ADD_21,FIXTURE TYPE C1,3765,7762,0.2894,0.8433,1648,3383,exclue (doublon),H:00 Électricité_Plans_pour AO - 5:153,H:00 Addenda MEP01_Plans-unlocked-page-00016:151,,
humain,00 Électricité_Plans_pour AO - 5,S267_ADD_21,FIXTURE TYPE C1,3926,7669,0.3017,0.8332,1718,3342,exclue (doublon),H:00 Électricité_Plans_pour AO - 5:154,H:00 Addenda MEP01_Plans-unlocked-page-00016:149,,
humain,00 Électricité_Plans_pour AO - 5,S267_ADD_21,FIXTURE TYPE C1,3924,7766,0.3016,0.8438,1717,3385,exclue (doublon),H:00 Électricité_Plans_pour AO - 5:155,H:00 Addenda MEP01_Plans-unlocked-page-00016:152,,
humain,00 Électricité_Plans_pour AO - 5,S267_ADD_21,FIXTURE TYPE C1,4078,7669,0.3134,0.8332,1785,3342,exclue (doublon),H:00 Électricité_Plans_pour AO - 5:156,H:00 Addenda MEP01_Plans-unlocked-page-00016:137,,
humain,00 Électricité_Plans_pour AO - 5,S267_ADD_21,FIXTURE TYPE C1,4087,7767,0.3141,0.8439,1789,3385,exclue (doublon),H:00 Électricité_Plans_pour AO - 5:157,H:00 Addenda MEP01_Plans-unlocked-page-00016:138,,
humain,00 Électricité_Plans_pour AO - 5,S267_ADD_21,FIXTURE TYPE C1,4237,7671,0.3256,0.8334,1854,3343,exclue (doublon),H:00 Électricité_Plans_pour AO - 5:158,H:00 Addenda MEP01_Plans-unlocked-page-00016:140,,
humain,00 Électricité_Plans_pour AO - 5,S267_ADD_21,FIXTURE TYPE C1,4234,7766,0.3254,0.8438,1853,3385,exclue (doublon),H:00 Électricité_Plans_pour AO - 5:159,H:00 Addenda MEP01_Plans-unlocked-page-00016:139,,
humain,00 Électricité_Plans_pour AO - 5,S267_ADD_21,FIXTURE TYPE C1,4393,7667,0.3376,0.8330,1923,3341,exclue (doublon),H:00 Électricité_Plans_pour AO - 5:160,H:00 Addenda MEP01_Plans-unlocked-page-00016:141,,
humain,00 Électricité_Plans_pour AO - 5,S267_ADD_21,FIXTURE TYPE C1,4395,7769,0.3378,0.8441,1923,3386,exclue (doublon),H:00 Électricité_Plans_pour AO - 5:161,H:00 Addenda MEP01_Plans-unlocked-page-00016:142,,
humain,00 Électricité_Plans_pour AO - 5,S267_ADD_21,FIXTURE TYPE C1,4552,7675,0.3499,0.8339,1992,3345,exclue (doublon),H:00 Électricité_Plans_pour AO - 5:162,H:00 Addenda MEP01_Plans-unlocked-page-00016:143,,
humain,00 Électricité_Plans_pour AO - 5,S267_ADD_21,FIXTURE TYPE C1,4547,7764,0.3495,0.8435,1990,3384,exclue (doublon),H:00 Électricité_Plans_pour AO - 5:163,H:00 Addenda MEP01_Plans-unlocked-page-00016:144,,
humain,00 Électricité_Plans_pour AO - 5,S267_ADD_21,FIXTURE TYPE C1,4697,7669,0.3610,0.8332,2055,3342,exclue (doublon),H:00 Électricité_Plans_pour AO - 5:164,H:00 Addenda MEP01_Plans-unlocked-page-00016:145,,
humain,00 Électricité_Plans_pour AO - 5,S267_ADD_21,FIXTURE TYPE C1,4704,7769,0.3615,0.8441,2059,3386,exclue (doublon),H:00 Électricité_Plans_pour AO - 5:165,H:00 Addenda MEP01_Plans-unlocked-page-00016:146,,
humain,00 Électricité_Plans_pour AO - 5,S267_ADD_21,FIXTURE TYPE C1,4858,7671,0.3734,0.8334,2126,3343,exclue (doublon),H:00 Électricité_Plans_pour AO - 5:166,H:00 Addenda MEP01_Plans-unlocked-page-00016:148,,
humain,00 Électricité_Plans_pour AO - 5,S267_ADD_21,FIXTURE TYPE C1,4858,7769,0.3734,0.8441,2126,3386,exclue (doublon),H:00 Électricité_Plans_pour AO - 5:167,H:00 Addenda MEP01_Plans-unlocked-page-00016:147,,
humain,00 Électricité_Plans_pour AO - 5,S267_ADD_21,FIXTURE TYPE C1,4860,8275,0.3735,0.8991,2127,3610,exclue (doublon),H:00 Électricité_Plans_pour AO - 5:168,H:00 Addenda MEP01_Plans-unlocked-page-00016:126,,
humain,00 Électricité_Plans_pour AO - 5,S267_ADD_21,FIXTURE TYPE C1,4860,8364,0.3735,0.9087,2127,3649,exclue (doublon),H:00 Électricité_Plans_pour AO - 5:169,H:00 Addenda MEP01_Plans-unlocked-page-00016:125,,
humain,00 Électricité_Plans_pour AO - 5,S267_ADD_21,FIXTURE TYPE C1,4708,8364,0.3618,0.9087,2060,3649,exclue (doublon),H:00 Électricité_Plans_pour AO - 5:170,H:00 Addenda MEP01_Plans-unlocked-page-00016:128,,
humain,00 Électricité_Plans_pour AO - 5,S267_ADD_21,FIXTURE TYPE C1,4708,8273,0.3618,0.8988,2060,3609,exclue (doublon),H:00 Électricité_Plans_pour AO - 5:171,H:00 Addenda MEP01_Plans-unlocked-page-00016:127,,
humain,00 Électricité_Plans_pour AO - 5,S267_ADD_21,FIXTURE TYPE C1,4547,8275,0.3495,0.8991,1990,3610,exclue (doublon),H:00 Électricité_Plans_pour AO - 5:172,H:00 Addenda MEP01_Plans-unlocked-page-00016:130,,
humain,00 Électricité_Plans_pour AO - 5,S267_ADD_21,FIXTURE TYPE C1,4539,8358,0.3489,0.9081,1986,3647,exclue (doublon),H:00 Électricité_Plans_pour AO - 5:173,H:00 Addenda MEP01_Plans-unlocked-page-00016:129,,
humain,00 Électricité_Plans_pour AO - 5,S267_ADD_21,FIXTURE TYPE C1,4395,8369,0.3378,0.9093,1923,3651,exclue (doublon),H:00 Électricité_Plans_pour AO - 5:174,H:00 Addenda MEP01_Plans-unlocked-page-00016:132,,
humain,00 Électricité_Plans_pour AO - 5,S267_ADD_21,FIXTURE TYPE C1,4399,8273,0.3381,0.8988,1925,3609,exclue (doublon),H:00 Électricité_Plans_pour AO - 5:175,H:00 Addenda MEP01_Plans-unlocked-page-00016:131,,
humain,00 Électricité_Plans_pour AO - 5,S267_ADD_21,FIXTURE TYPE C1,4234,8273,0.3254,0.8988,1853,3609,exclue (doublon),H:00 Électricité_Plans_pour AO - 5:176,H:00 Addenda MEP01_Plans-unlocked-page-00016:134,,
humain,00 Électricité_Plans_pour AO - 5,S267_ADD_21,FIXTURE TYPE C1,4237,8360,0.3256,0.9083,1854,3647,exclue (doublon),H:00 Électricité_Plans_pour AO - 5:177,H:00 Addenda MEP01_Plans-unlocked-page-00016:133,,
humain,00 Électricité_Plans_pour AO - 5,S267_ADD_21,FIXTURE TYPE C1,4080,8360,0.3136,0.9083,1786,3647,exclue (doublon),H:00 Électricité_Plans_pour AO - 5:178,H:00 Addenda MEP01_Plans-unlocked-page-00016:136,,
humain,00 Électricité_Plans_pour AO - 5,S267_ADD_21,FIXTURE TYPE C1,4082,8279,0.3137,0.8995,1787,3612,exclue (doublon),H:00 Électricité_Plans_pour AO - 5:179,H:00 Addenda MEP01_Plans-unlocked-page-00016:135,,
humain,00 Électricité_Plans_pour AO - 5,S267_ADD_21,FIXTURE TYPE C1,3926,8275,0.3017,0.8991,1718,3610,exclue (doublon),H:00 Électricité_Plans_pour AO - 5:180,H:00 Addenda MEP01_Plans-unlocked-page-00016:153,,
humain,00 Électricité_Plans_pour AO - 5,S267_ADD_21,FIXTURE TYPE C1,3928,8366,0.3019,0.9090,1719,3650,exclue (doublon),H:00 Électricité_Plans_pour AO - 5:181,H:00 Addenda MEP01_Plans-unlocked-page-00016:156,,
humain,00 Électricité_Plans_pour AO - 5,S267_ADD_21,FIXTURE TYPE C1,3771,8364,0.2898,0.9087,1651,3649,exclue (doublon),H:00 Électricité_Plans_pour AO - 5:182,H:00 Addenda MEP01_Plans-unlocked-page-00016:155,,
humain,00 Électricité_Plans_pour AO - 5,S267_ADD_21,FIXTURE TYPE C1,3763,8271,0.2892,0.8986,1647,3608,exclue (doublon),H:00 Électricité_Plans_pour AO - 5:183,H:00 Addenda MEP01_Plans-unlocked-page-00016:154,,
humain,00 Électricité_Plans_pour AO - 5,S267_ADD_21,FIXTURE TYPE C1,5269,7753,0.4050,0.8424,2306,3379,exclue (doublon),H:00 Électricité_Plans_pour AO - 5:184,H:00 Addenda MEP01_Plans-unlocked-page-00016:186,,
humain,00 Électricité_Plans_pour AO - 5,S267_ADD_21,FIXTURE TYPE C1,5428,7754,0.4172,0.8425,2375,3379,exclue (doublon),H:00 Électricité_Plans_pour AO - 5:185,H:00 Addenda MEP01_Plans-unlocked-page-00016:185,,
humain,00 Électricité_Plans_pour AO - 5,S267_ADD_21,FIXTURE TYPE C1,5576,7758,0.4286,0.8429,2440,3381,exclue (doublon),H:00 Électricité_Plans_pour AO - 5:186,H:00 Addenda MEP01_Plans-unlocked-page-00016:184,,
humain,00 Électricité_Plans_pour AO - 5,S267_ADD_21,FIXTURE TYPE C1,5737,7764,0.4409,0.8435,2510,3384,exclue (doublon),H:00 Électricité_Plans_pour AO - 5:187,H:00 Addenda MEP01_Plans-unlocked-page-00016:183,,
humain,00 Électricité_Plans_pour AO - 5,S267_ADD_21,FIXTURE TYPE C1,5878,7754,0.4518,0.8425,2572,3379,exclue (doublon),H:00 Électricité_Plans_pour AO - 5:188,H:00 Addenda MEP01_Plans-unlocked-page-00016:182,,
humain,00 Électricité_Plans_pour AO - 5,S267_ADD_21,FIXTURE TYPE C1,6041,7767,0.4643,0.8439,2643,3385,exclue (doublon),H:00 Électricité_Plans_pour AO - 5:189,H:00 Addenda MEP01_Plans-unlocked-page-00016:181,,
humain,00 Électricité_Plans_pour AO - 5,S267_ADD_21,FIXTURE TYPE C1,6184,7753,0.4753,0.8424,2706,3379,exclue (doublon),H:00 Électricité_Plans_pour AO - 5:190,H:00 Addenda MEP01_Plans-unlocked-page-00016:180,,
humain,00 Électricité_Plans_pour AO - 5,S267_ADD_21,FIXTURE TYPE C1,6345,7764,0.4877,0.8435,2776,3384,exclue (doublon),H:00 Électricité_Plans_pour AO - 5:191,H:00 Addenda MEP01_Plans-unlocked-page-00016:179,,
humain,00 Électricité_Plans_pour AO - 5,S267_ADD_21,FIXTURE TYPE C1,6337,8267,0.4870,0.8982,2773,3606,exclue (doublon),H:00 Électricité_Plans_pour AO - 5:192,H:00 Addenda MEP01_Plans-unlocked-page-00016:178,,
humain,00 Électricité_Plans_pour AO - 5,S267_ADD_21,FIXTURE TYPE C1,6191,8275,0.4758,0.8991,2709,3610,exclue (doublon),H:00 Électricité_Plans_pour AO - 5:193,H:00 Addenda MEP01_Plans-unlocked-page-00016:177,,
humain,00 Électricité_Plans_pour AO - 5,S267_ADD_21,FIXTURE TYPE C1,6041,8271,0.4643,0.8986,2643,3608,exclue (doublon),H:00 Électricité_Plans_pour AO - 5:194,H:00 Addenda MEP01_Plans-unlocked-page-00016:176,,
humain,00 Électricité_Plans_pour AO - 5,S267_ADD_21,FIXTURE TYPE C1,5887,8277,0.4525,0.8993,2576,3611,exclue (doublon),H:00 Électricité_Plans_pour AO - 5:195,H:00 Addenda MEP01_Plans-unlocked-page-00016:175,,
humain,00 Électricité_Plans_pour AO - 5,S267_ADD_21,FIXTURE TYPE C1,5734,8277,0.4407,0.8993,2509,3611,exclue (doublon),H:00 Électricité_Plans_pour AO - 5:196,H:00 Addenda MEP01_Plans-unlocked-page-00016:174,,
humain,00 Électricité_Plans_pour AO - 5,S267_ADD_21,FIXTURE TYPE C1,5584,8275,0.4292,0.8991,2443,3610,exclue (doublon),H:00 Électricité_Plans_pour AO - 5:197,H:00 Addenda MEP01_Plans-unlocked-page-00016:173,,
humain,00 Électricité_Plans_pour AO - 5,S267_ADD_21,FIXTURE TYPE C1,5421,8269,0.4166,0.8984,2372,3607,exclue (doublon),H:00 Électricité_Plans_pour AO - 5:198,H:00 Addenda MEP01_Plans-unlocked-page-00016:172,,
humain,00 Électricité_Plans_pour AO - 5,S267_ADD_21,FIXTURE TYPE C1,5273,8271,0.4053,0.8986,2307,3608,exclue (doublon),H:00 Électricité_Plans_pour AO - 5:199,H:00 Addenda MEP01_Plans-unlocked-page-00016:171,,
humain,00 Électricité_Plans_pour AO - 5,S267_ADD_21,FIXTURE TYPE C2,9808,6278,0.7538,0.6821,4290,2727,exclue (doublon),H:00 Électricité_Plans_pour AO - 5:200,H:00 Addenda MEP01_Plans-unlocked-page-00016:123,,
humain,00 Électricité_Plans_pour AO - 5,S267_ADD_21,FIXTURE TYPE C2,9811,8517,0.7541,0.9254,4292,3717,exclue (doublon),H:00 Électricité_Plans_pour AO - 5:201,H:00 Addenda MEP01_Plans-unlocked-page-00016:124,,
humain,00 Électricité_Plans_pour AO - 5,S267_ADD_21,FIXTURE TYPE C2,299,7401,0.0230,0.8041,132,3223,exclue (doublon),H:00 Électricité_Plans_pour AO - 5:202,H:00 Addenda MEP01_Plans-unlocked-page-00016:157,,
humain,00 Électricité_Plans_pour AO - 5,S267_ADD_21,FIXTURE TYPE C2,5050,6278,0.3881,0.6821,2210,2727,exclue (doublon),H:00 Électricité_Plans_pour AO - 5:203,H:00 Addenda MEP01_Plans-unlocked-page-00016:158,,
humain,00 Électricité_Plans_pour AO - 5,S267_ADD_21,ENSEIGNE SORTIE,9805,6377,0.7536,0.6929,4289,2770,exclue (doublon),H:00 Électricité_Plans_pour AO - 5:204,H:00 Addenda MEP01_Plans-unlocked-page-00016:216,,
humain,00 Électricité_Plans_pour AO - 5,S267_ADD_21,ENSEIGNE SORTIE,9805,6687,0.7536,0.7265,4289,2908,exclue (doublon),H:00 Électricité_Plans_pour AO - 5:205,H:00 Addenda MEP01_Plans-unlocked-page-00016:217,,
humain,00 Électricité_Plans_pour AO - 5,S267_ADD_21,ENSEIGNE SORTIE,9572,6787,0.7357,0.7374,4187,2952,exclue (doublon),H:00 Électricité_Plans_pour AO - 5:206,H:00 Addenda MEP01_Plans-unlocked-page-00016:220,,
humain,00 Électricité_Plans_pour AO - 5,S267_ADD_21,ENSEIGNE SORTIE,10012,6977,0.7695,0.7580,4379,3036,exclue (doublon),H:00 Électricité_Plans_pour AO - 5:207,H:00 Addenda MEP01_Plans-unlocked-page-00016:218,,
humain,00 Électricité_Plans_pour AO - 5,S267_ADD_21,ENSEIGNE SORTIE,11192,8300,0.8602,0.9018,4895,3621,exclue (doublon),H:00 Électricité_Plans_pour AO - 5:208,H:00 Addenda MEP01_Plans-unlocked-page-00016:214,,
humain,00 Électricité_Plans_pour AO - 5,S267_ADD_21,ENSEIGNE SORTIE,9802,8103,0.7534,0.8804,4288,3534,exclue (doublon),H:00 Électricité_Plans_pour AO - 5:209,H:00 Addenda MEP01_Plans-unlocked-page-00016:213,,
humain,00 Électricité_Plans_pour AO - 5,S267_ADD_21,ENSEIGNE SORTIE,9805,8413,0.7536,0.9141,4289,3671,exclue (doublon),H:00 Électricité_Plans_pour AO - 5:210,H:00 Addenda MEP01_Plans-unlocked-page-00016:212,,
humain,00 Électricité_Plans_pour AO - 5,S267_ADD_21,ENSEIGNE SORTIE,4909,7937,0.3773,0.8623,2148,3460,exclue (doublon),H:00 Électricité_Plans_pour AO - 5:211,H:00 Addenda MEP01_Plans-unlocked-page-00016:211,,
humain,00 Électricité_Plans_pour AO - 5,S267_ADD_21,ENSEIGNE SORTIE,4979,6630,0.3827,0.7203,2179,2882,exclue (doublon),H:00 Électricité_Plans_pour AO - 5:212,H:00 Addenda MEP01_Plans-unlocked-page-00016:208,,
humain,00 Électricité_Plans_pour AO - 5,S267_ADD_21,ENSEIGNE SORTIE,5055,6380,0.3885,0.6932,2212,2772,exclue (doublon),H:00 Électricité_Plans_pour AO - 5:213,H:00 Addenda MEP01_Plans-unlocked-page-00016:207,,
humain,00 Électricité_Plans_pour AO - 5,S267_ADD_21,ENSEIGNE SORTIE,409,7389,0.0314,0.8028,181,3218,exclue (doublon),H:00 Électricité_Plans_pour AO - 5:214,H:00 Addenda MEP01_Plans-unlocked-page-00016:204,,
humain,00 Électricité_Plans_pour AO - 5,S267_ADD_21,ENSEIGNE SORTIE,1076,7397,0.0827,0.8037,472,3222,exclue (doublon),H:00 Électricité_Plans_pour AO - 5:215,H:00 Addenda MEP01_Plans-unlocked-page-00016:205,,
humain,00 Électricité_Plans_pour AO - 5,S267_ADD_21,ENSEIGNE SORTIE,3434,7227,0.2639,0.7852,1503,3146,exclue (doublon),H:00 Électricité_Plans_pour AO - 5:216,H:00 Addenda MEP01_Plans-unlocked-page-00016:206,,
humain,00 Électricité_Plans_pour AO - 5,S267_ADD_21,ENSEIGNE SORTIE,7859,7239,0.6040,0.7865,3438,3152,exclue (doublon),H:00 Électricité_Plans_pour AO - 5:217,H:00 Addenda MEP01_Plans-unlocked-page-00016:209,,
humain,00 Électricité_Plans_pour AO - 5,S267_ADD_21,ENSEIGNE SORTIE,5056,8408,0.3886,0.9135,2212,3669,exclue (doublon),H:00 Électricité_Plans_pour AO - 5:218,H:00 Addenda MEP01_Plans-unlocked-page-00016:210,,
humain,00 Électricité_Plans_pour AO - 5,S267_ADD_21,ENSEIGNE SORTIE,401,6759,0.0308,0.7344,177,2939,exclue (doublon),H:00 Électricité_Plans_pour AO - 5:219,H:00 Addenda MEP01_Plans-unlocked-page-00016:203,,
humain,00 Électricité_Plans_pour AO - 5,S267_ADD_21,ENSEIGNE SORTIE,10025,7811,0.7705,0.8487,4385,3405,exclue (doublon),H:00 Électricité_Plans_pour AO - 5:220,H:00 Addenda MEP01_Plans-unlocked-page-00016:219,,
humain,00 Électricité_Plans_pour AO - 5,S267_ADD_21,ENSEIGNE SORTIE,10975,6378,0.8435,0.6930,4801,2771,exclue (doublon),H:00 Électricité_Plans_pour AO - 5:221,H:00 Addenda MEP01_Plans-unlocked-page-00016:215,,
humain,00 Électricité_Plans_pour AO - 5,S267_ADD_21,INT DETECT,3804,7840,0.2924,0.8518,1665,3418,exclue (doublon),H:00 Électricité_Plans_pour AO - 5:222,H:00 Addenda MEP01_Plans-unlocked-page-00016:239,,
humain,00 Électricité_Plans_pour AO - 5,S267_ADD_21,INT DETECT,3962,7837,0.3045,0.8515,1734,3416,exclue (doublon),H:00 Électricité_Plans_pour AO - 5:223,H:00 Addenda MEP01_Plans-unlocked-page-00016:238,,
humain,00 Électricité_Plans_pour AO - 5,S267_ADD_21,INT DETECT,4123,7840,0.3169,0.8518,1804,3418,exclue (doublon),H:00 Électricité_Plans_pour AO - 5:224,H:00 Addenda MEP01_Plans-unlocked-page-00016:237,,
humain,00 Électricité_Plans_pour AO - 5,S267_ADD_21,INT DETECT,4262,7834,0.3276,0.8512,1865,3415,exclue (doublon),H:00 Électricité_Plans_pour AO - 5:225,H:00 Addenda MEP01_Plans-unlocked-page-00016:236,,
humain,00 Électricité_Plans_pour AO - 5,S267_ADD_21,INT DETECT,4434,7835,0.3408,0.8513,1940,3415,exclue (doublon),H:00 Électricité_Plans_pour AO - 5:226,H:00 Addenda MEP01_Plans-unlocked-page-00016:235,,
humain,00 Électricité_Plans_pour AO - 5,S267_ADD_21,INT DETECT,4578,7831,0.3519,0.8508,2003,3414,exclue (doublon),H:00 Électricité_Plans_pour AO - 5:227,H:00 Addenda MEP01_Plans-unlocked-page-00016:234,,
humain,00 Électricité_Plans_pour AO - 5,S267_ADD_21,INT DETECT,4732,7835,0.3637,0.8513,2071,3415,exclue (doublon),H:00 Électricité_Plans_pour AO - 5:228,H:00 Addenda MEP01_Plans-unlocked-page-00016:233,,
humain,00 Électricité_Plans_pour AO - 5,S267_ADD_21,INT DETECT,4892,7826,0.3760,0.8503,2141,3411,exclue (doublon),H:00 Électricité_Plans_pour AO - 5:229,H:00 Addenda MEP01_Plans-unlocked-page-00016:232,,
humain,00 Électricité_Plans_pour AO - 5,S267_ADD_21,INT DETECT,5680,7830,0.4366,0.8507,2485,3413,exclue (doublon),H:00 Électricité_Plans_pour AO - 5:230,H:00 Addenda MEP01_Plans-unlocked-page-00016:248,,
humain,00 Électricité_Plans_pour AO - 5,S267_ADD_21,INT DETECT,5610,7839,0.4312,0.8517,2455,3417,exclue (doublon),H:00 Électricité_Plans_pour AO - 5:231,H:00 Addenda MEP01_Plans-unlocked-page-00016:247,,
humain,00 Électricité_Plans_pour AO - 5,S267_ADD_21,INT DETECT,5375,7839,0.4131,0.8517,2352,3417,exclue (doublon),H:00 Électricité_Plans_pour AO - 5:232,H:00 Addenda MEP01_Plans-unlocked-page-00016:242,,
humain,00 Électricité_Plans_pour AO - 5,S267_ADD_21,INT DETECT,5298,7836,0.4072,0.8514,2318,3416,exclue (doublon),H:00 Électricité_Plans_pour AO - 5:233,H:00 Addenda MEP01_Plans-unlocked-page-00016:241,,
humain,00 Électricité_Plans_pour AO - 5,S267_ADD_21,INT DETECT,5675,8179,0.4362,0.8886,2483,3567,exclue (doublon),H:00 Électricité_Plans_pour AO - 5:234,H:00 Addenda MEP01_Plans-unlocked-page-00016:246,,
humain,00 Électricité_Plans_pour AO - 5,S267_ADD_21,INT DETECT,5606,8179,0.4309,0.8886,2453,3567,exclue (doublon),H:00 Électricité_Plans_pour AO - 5:235,H:00 Addenda MEP01_Plans-unlocked-page-00016:245,,
humain,00 Électricité_Plans_pour AO - 5,S267_ADD_21,INT DETECT,5375,8190,0.4131,0.8898,2352,3572,exclue (doublon),H:00 Électricité_Plans_pour AO - 5:236,H:00 Addenda MEP01_Plans-unlocked-page-00016:244,,
humain,00 Électricité_Plans_pour AO - 5,S267_ADD_21,INT DETECT,5303,8191,0.4076,0.8899,2320,3573,exclue (doublon),H:00 Électricité_Plans_pour AO - 5:237,H:00 Addenda MEP01_Plans-unlocked-page-00016:243,,
humain,00 Électricité_Plans_pour AO - 5,S267_ADD_21,INT DETECT,4887,8178,0.3756,0.8885,2139,3567,exclue (doublon),H:00 Électricité_Plans_pour AO - 5:238,H:00 Addenda MEP01_Plans-unlocked-page-00016:231,,
humain,00 Électricité_Plans_pour AO - 5,S267_ADD_21,INT DETECT,4731,8178,0.3636,0.8885,2070,3567,exclue (doublon),H:00 Électricité_Plans_pour AO - 5:239,H:00 Addenda MEP01_Plans-unlocked-page-00016:230,,
humain,00 Électricité_Plans_pour AO - 5,S267_ADD_21,INT DETECT,4559,8181,0.3504,0.8889,1995,3568,exclue (doublon),H:00 Électricité_Plans_pour AO - 5:240,H:00 Addenda MEP01_Plans-unlocked-page-00016:229,,
humain,00 Électricité_Plans_pour AO - 5,S267_ADD_21,INT DETECT,4418,8192,0.3396,0.8900,1933,3573,exclue (doublon),H:00 Électricité_Plans_pour AO - 5:241,H:00 Addenda MEP01_Plans-unlocked-page-00016:228,,
humain,00 Électricité_Plans_pour AO - 5,S267_ADD_21,INT DETECT,4251,8178,0.3267,0.8885,1860,3567,exclue (doublon),H:00 Électricité_Plans_pour AO - 5:242,H:00 Addenda MEP01_Plans-unlocked-page-00016:227,,
humain,00 Électricité_Plans_pour AO - 5,S267_ADD_21,INT DETECT,4111,8183,0.3160,0.8891,1799,3569,exclue (doublon),H:00 Électricité_Plans_pour AO - 5:243,H:00 Addenda MEP01_Plans-unlocked-page-00016:226,,
humain,00 Électricité_Plans_pour AO - 5,S267_ADD_21,INT DETECT,3956,8176,0.3041,0.8883,1731,3566,exclue (doublon),H:00 Électricité_Plans_pour AO - 5:244,H:00 Addenda MEP01_Plans-unlocked-page-00016:225,,
humain,00 Électricité_Plans_pour AO - 5,S267_ADD_21,INT DETECT,3782,8180,0.2907,0.8887,1655,3568,exclue (doublon),H:00 Électricité_Plans_pour AO - 5:245,H:00 Addenda MEP01_Plans-unlocked-page-00016:224,,
humain,00 Électricité_Plans_pour AO - 5,S267_ADD_21,INT DETECT,3132,7884,0.2407,0.8566,1371,3437,exclue (doublon),H:00 Électricité_Plans_pour AO - 5:246,H:00 Addenda MEP01_Plans-unlocked-page-00016:223,,
humain,00 Électricité_Plans_pour AO - 5,S267_ADD_21,INT DETECT,3135,8411,0.2409,0.9138,1372,3670,exclue (doublon),H:00 Électricité_Plans_pour AO - 5:247,H:00 Addenda MEP01_Plans-unlocked-page-00016:240,,
humain,00 Électricité_Plans_pour AO - 5,S267_ADD_21,INT DETECT,5913,7833,0.4545,0.8510,2587,3414,exclue (doublon),H:00 Électricité_Plans_pour AO - 5:248,H:00 Addenda MEP01_Plans-unlocked-page-00016:249,,
humain,00 Électricité_Plans_pour AO - 5,S267_ADD_21,INT DETECT,5977,7829,0.4594,0.8506,2615,3413,exclue (doublon),H:00 Électricité_Plans_pour AO - 5:249,H:00 Addenda MEP01_Plans-unlocked-page-00016:250,,
humain,00 Électricité_Plans_pour AO - 5,S267_ADD_21,INT DETECT,6214,7833,0.4776,0.8510,2719,3414,exclue (doublon),H:00 Électricité_Plans_pour AO - 5:250,H:00 Addenda MEP01_Plans-unlocked-page-00016:251,,
humain,00 Électricité_Plans_pour AO - 5,S267_ADD_21,INT DETECT,6302,7836,0.4844,0.8514,2757,3416,exclue (doublon),H:00 Électricité_Plans_pour AO - 5:251,H:00 Addenda MEP01_Plans-unlocked-page-00016:252,,
humain,00 Électricité_Plans_pour AO - 5,S267_ADD_21,INT DETECT,6287,8183,0.4832,0.8891,2751,3569,exclue (doublon),H:00 Électricité_Plans_pour AO - 5:252,H:00 Addenda MEP01_Plans-unlocked-page-00016:253,,
humain,00 Électricité_Plans_pour AO - 5,S267_ADD_21,INT DETECT,6198,8177,0.4764,0.8884,2712,3567,exclue (doublon),H:00 Électricité_Plans_pour AO - 5:253,H:00 Addenda MEP01_Plans-unlocked-page-00016:254,,
humain,00 Électricité_Plans_pour AO - 5,S267_ADD_21,INT DETECT,5977,8181,0.4594,0.8889,2615,3568,exclue (doublon),H:00 Électricité_Plans_pour AO - 5:254,H:00 Addenda MEP01_Plans-unlocked-page-00016:255,,
humain,00 Électricité_Plans_pour AO - 5,S267_ADD_21,INT DETECT,5913,8177,0.4545,0.8884,2587,3567,exclue (doublon),H:00 Électricité_Plans_pour AO - 5:255,H:00 Addenda MEP01_Plans-unlocked-page-00016:256,,
humain,00 Électricité_Plans_pour AO - 5,S267_ADD_21,INT,2311,7576,0.1776,0.8231,1012,3301,exclue (doublon),H:00 Électricité_Plans_pour AO - 5:256,H:00 Addenda MEP01_Plans-unlocked-page-00016:268,,
humain,00 Électricité_Plans_pour AO - 5,S267_ADD_21,INT,2847,7583,0.2188,0.8239,1247,3304,exclue (doublon),H:00 Électricité_Plans_pour AO - 5:257,H:00 Addenda MEP01_Plans-unlocked-page-00016:269,,
humain,00 Électricité_Plans_pour AO - 5,S267_ADD_21,INT,3161,7591,0.2429,0.8248,1384,3307,exclue (doublon),H:00 Électricité_Plans_pour AO - 5:258,H:00 Addenda MEP01_Plans-unlocked-page-00016:270,,
humain,00 Électricité_Plans_pour AO - 5,S267_ADD_21,INT,995,7780,0.0765,0.8453,437,3391,exclue (doublon),H:00 Électricité_Plans_pour AO - 5:259,H:00 Addenda MEP01_Plans-unlocked-page-00016:271,,
humain,00 Électricité_Plans_pour AO - 5,S267_ADD_21,INT,6882,8172,0.5289,0.8879,3011,3564,exclue (doublon),H:00 Électricité_Plans_pour AO - 5:260,H:00 Addenda MEP01_Plans-unlocked-page-00016:266,,
humain,00 Électricité_Plans_pour AO - 5,S267_ADD_21,INT,6886,7826,0.5292,0.8503,3013,3411,exclue (doublon),H:00 Électricité_Plans_pour AO - 5:261,H:00 Addenda MEP01_Plans-unlocked-page-00016:267,,
humain,00 Électricité_Plans_pour AO - 5,S267_ADD_21,INT,7326,7576,0.5631,0.8231,3205,3301,exclue (doublon),H:00 Électricité_Plans_pour AO - 5:262,H:00 Addenda MEP01_Plans-unlocked-page-00016:265,,
humain,00 Électricité_Plans_pour AO - 5,S267_ADD_21,GRADATEUR,9989,7334,0.7677,0.7968,4369,3194,exclue (doublon),H:00 Électricité_Plans_pour AO - 5:263,H:00 Addenda MEP01_Plans-unlocked-page-00016:257,,
humain,00 Électricité_Plans_pour AO - 5,S267_ADD_21,GRADATEUR,9997,7402,0.7683,0.8042,4373,3224,exclue (doublon),H:00 Électricité_Plans_pour AO - 5:264,H:00 Addenda MEP01_Plans-unlocked-page-00016:258,,
humain,00 Électricité_Plans_pour AO - 5,S267_ADD_21,GRADATEUR,7751,7827,0.5957,0.8504,3391,3412,exclue (doublon),H:00 Électricité_Plans_pour AO - 5:265,H:00 Addenda MEP01_Plans-unlocked-page-00016:260,,
humain,00 Électricité_Plans_pour AO - 5,S267_ADD_21,GRADATEUR,7747,8200,0.5954,0.8909,3389,3577,exclue (doublon),H:00 Électricité_Plans_pour AO - 5:266,H:00 Addenda MEP01_Plans-unlocked-page-00016:261,,
humain,00 Électricité_Plans_pour AO - 5,S267_ADD_21,GRADATEUR,9216,8177,0.7083,0.8884,4031,3567,exclue (doublon),H:00 Électricité_Plans_pour AO - 5:267,H:00 Addenda MEP01_Plans-unlocked-page-00016:259,,
humain,00 Électricité_Plans_pour AO - 5,S267_ADD_21,GRADATEUR,1833,7573,0.1409,0.8228,803,3299,exclue (doublon),H:00 Électricité_Plans_pour AO - 5:268,H:00 Addenda MEP01_Plans-unlocked-page-00016:262,,
humain,00 Électricité_Plans_pour AO - 5,S267_ADD_21,DÉTECTEUR 360,1856,7908,0.1426,0.8592,813,3448,exclue (doublon),H:00 Électricité_Plans_pour AO - 5:269,H:00 Addenda MEP01_Plans-unlocked-page-00016:263,,
humain,00 Électricité_Plans_pour AO - 5,S267_ADD_21,DÉTECTEUR 360,1331,8173,0.1023,0.8880,584,3565,exclue (doublon),H:00 Électricité_Plans_pour AO - 5:270,H:00 Addenda MEP01_Plans-unlocked-page-00016:264,,
humain,00 Addenda MEP01_Plans-unlocked-page-00017,S267_ADD_22,ADD C1.1 1500W,5603,3436,0.8036,0.6966,4544,2787,appariée,H:00 Addenda MEP01_Plans-unlocked-page-00017:1,IA:S267_ADD_22:45,C4.1 Plinthe 1500W,29.3
humain,00 Addenda MEP01_Plans-unlocked-page-00017,S267_ADD_22,ADD C2.2  4000W,5219,3446,0.7485,0.6986,4232,2795,appariée,H:00 Addenda MEP01_Plans-unlocked-page-00017:2,IA:S267_ADD_22:37,C2.2 Convecteur 4000W,38.0
humain,00 Addenda MEP01_Plans-unlocked-page-00017,S267_ADD_22,ADD C2.2  4000W,5223,4510,0.7491,0.9143,4236,3653,appariée,H:00 Addenda MEP01_Plans-unlocked-page-00017:3,IA:S267_ADD_22:38,C2.2 Convecteur 4000W,22.0
humain,00 Addenda MEP01_Plans-unlocked-page-00017,S267_ADD_22,ADD C2.2  4000W,2682,3438,0.3846,0.6970,2176,2789,appariée,H:00 Addenda MEP01_Plans-unlocked-page-00017:4,IA:S267_ADD_22:36,C2.2 Convecteur 4000W,37.0
humain,00 Addenda MEP01_Plans-unlocked-page-00017,S267_ADD_22,ADD C1.1 500W,209,3580,0.0300,0.7258,171,2903,appariée,H:00 Addenda MEP01_Plans-unlocked-page-00017:5,IA:S267_ADD_22:2,C1.1 Plinthe 500W,5.7
humain,00 Addenda MEP01_Plans-unlocked-page-00017,S267_ADD_22,ADD C1.1 500W,212,3699,0.0304,0.7499,173,2999,appariée,H:00 Addenda MEP01_Plans-unlocked-page-00017:6,IA:S267_ADD_22:3,C1.1 Plinthe 500W,6.7
humain,00 Addenda MEP01_Plans-unlocked-page-00017,S267_ADD_22,ADD C1.1 500W,263,3434,0.0377,0.6962,215,2786,appariée,H:00 Addenda MEP01_Plans-unlocked-page-00017:7,IA:S267_ADD_22:4,C1.1 Plinthe 500W,10.5
humain,00 Addenda MEP01_Plans-unlocked-page-00017,S267_ADD_22,ADD C1.1 500W,466,3433,0.0668,0.6960,379,2785,appariée,H:00 Addenda MEP01_Plans-unlocked-page-00017:8,IA:S267_ADD_22:5,C1.1 Plinthe 500W,10.1
humain,00 Addenda MEP01_Plans-unlocked-page-00017,S267_ADD_22,ADD C1.1 500W,613,3435,0.0879,0.6964,498,2787,appariée,H:00 Addenda MEP01_Plans-unlocked-page-00017:9,IA:S267_ADD_22:6,C1.1 Plinthe 500W,7.7
humain,00 Addenda MEP01_Plans-unlocked-page-00017,S267_ADD_22,ADD C1.1 500W,779,3434,0.1117,0.6962,633,2786,appariée,H:00 Addenda MEP01_Plans-unlocked-page-00017:10,IA:S267_ADD_22:7,C1.1 Plinthe 500W,10.2
humain,00 Addenda MEP01_Plans-unlocked-page-00017,S267_ADD_22,ADD C1.1 500W,913,3435,0.1309,0.6964,741,2787,appariée,H:00 Addenda MEP01_Plans-unlocked-page-00017:11,IA:S267_ADD_22:8,C1.1 Plinthe 500W,6.5
humain,00 Addenda MEP01_Plans-unlocked-page-00017,S267_ADD_22,ADD C1.1 500W,1087,3435,0.1559,0.6964,883,2787,appariée,H:00 Addenda MEP01_Plans-unlocked-page-00017:12,IA:S267_ADD_22:9,C1.1 Plinthe 500W,3.5
humain,00 Addenda MEP01_Plans-unlocked-page-00017,S267_ADD_22,ADD C1.1 500W,1212,3434,0.1738,0.6962,984,2786,appariée,H:00 Addenda MEP01_Plans-unlocked-page-00017:13,IA:S267_ADD_22:10,C1.1 Plinthe 500W,7.2
humain,00 Addenda MEP01_Plans-unlocked-page-00017,S267_ADD_22,ADD C1.1 500W,1382,3434,0.1982,0.6962,1122,2786,appariée,H:00 Addenda MEP01_Plans-unlocked-page-00017:14,IA:S267_ADD_22:11,C1.1 Plinthe 500W,7.4
humain,00 Addenda MEP01_Plans-unlocked-page-00017,S267_ADD_22,ADD C1.1 500W,1509,3435,0.2164,0.6964,1225,2787,appariée,H:00 Addenda MEP01_Plans-unlocked-page-00017:15,IA:S267_ADD_22:12,C1.1 Plinthe 500W,9.3
humain,00 Addenda MEP01_Plans-unlocked-page-00017,S267_ADD_22,ADD C1.1 500W,1680,3438,0.2409,0.6970,1363,2789,appariée,H:00 Addenda MEP01_Plans-unlocked-page-00017:16,IA:S267_ADD_22:13,C1.1 Plinthe 500W,8.9
humain,00 Addenda MEP01_Plans-unlocked-page-00017,S267_ADD_22,ADD C1.1 500W,1810,3435,0.2596,0.6964,1469,2787,appariée,H:00 Addenda MEP01_Plans-unlocked-page-00017:17,IA:S267_ADD_22:14,C1.1 Plinthe 500W,9.3
humain,00 Addenda MEP01_Plans-unlocked-page-00017,S267_ADD_22,ADD C1.1 500W,1984,3438,0.2845,0.6970,1610,2789,appariée,H:00 Addenda MEP01_Plans-unlocked-page-00017:18,IA:S267_ADD_22:15,C1.1 Plinthe 500W,5.6
humain,00 Addenda MEP01_Plans-unlocked-page-00017,S267_ADD_22,ADD C1.1 500W,2109,3438,0.3025,0.6970,1711,2789,appariée,H:00 Addenda MEP01_Plans-unlocked-page-00017:19,IA:S267_ADD_22:16,C1.1 Plinthe 500W,9.1
humain,00 Addenda MEP01_Plans-unlocked-page-00017,S267_ADD_22,ADD C1.1 500W,2281,3439,0.3271,0.6972,1851,2790,appariée,H:00 Addenda MEP01_Plans-unlocked-page-00017:20,IA:S267_ADD_22:17,C1.1 Plinthe 500W,8.0
humain,00 Addenda MEP01_Plans-unlocked-page-00017,S267_ADD_22,ADD C1.1 500W,2410,3436,0.3456,0.6966,1955,2787,appariée,H:00 Addenda MEP01_Plans-unlocked-page-00017:21,IA:S267_ADD_22:18,C1.1 Plinthe 500W,7.9
humain,00 Addenda MEP01_Plans-unlocked-page-00017,S267_ADD_22,ADD C1.1 500W,2582,3433,0.3703,0.6960,2095,2785,appariée,H:00 Addenda MEP01_Plans-unlocked-page-00017:22,IA:S267_ADD_22:19,C1.1 Plinthe 500W,5.8
humain,00 Addenda MEP01_Plans-unlocked-page-00017,S267_ADD_22,ADD C1.1 500W,2849,3436,0.4086,0.6966,2311,2787,appariée,H:00 Addenda MEP01_Plans-unlocked-page-00017:23,IA:S267_ADD_22:20,C1.1 Plinthe 500W,8.0
humain,00 Addenda MEP01_Plans-unlocked-page-00017,S267_ADD_22,ADD C1.1 500W,3023,3438,0.4335,0.6970,2452,2789,appariée,H:00 Addenda MEP01_Plans-unlocked-page-00017:24,IA:S267_ADD_22:21,C1.1 Plinthe 500W,5.3
humain,00 Addenda MEP01_Plans-unlocked-page-00017,S267_ADD_22,ADD C1.1 500W,3151,3437,0.4519,0.6968,2556,2788,appariée,H:00 Addenda MEP01_Plans-unlocked-page-00017:25,IA:S267_ADD_22:22,C1.1 Plinthe 500W,6.3
humain,00 Addenda MEP01_Plans-unlocked-page-00017,S267_ADD_22,ADD C1.1 500W,3323,3436,0.4766,0.6966,2695,2787,appariée,H:00 Addenda MEP01_Plans-unlocked-page-00017:26,IA:S267_ADD_22:23,C1.1 Plinthe 500W,3.7
humain,00 Addenda MEP01_Plans-unlocked-page-00017,S267_ADD_22,ADD C1.1 500W,3448,3435,0.4945,0.6964,2797,2787,appariée,H:00 Addenda MEP01_Plans-unlocked-page-00017:27,IA:S267_ADD_22:24,C1.1 Plinthe 500W,8.4
humain,00 Addenda MEP01_Plans-unlocked-page-00017,S267_ADD_22,ADD C1.1 500W,3617,3438,0.5187,0.6970,2934,2789,appariée,H:00 Addenda MEP01_Plans-unlocked-page-00017:28,IA:S267_ADD_22:25,C1.1 Plinthe 500W,8.6
humain,00 Addenda MEP01_Plans-unlocked-page-00017,S267_ADD_22,ADD C1.1 500W,3750,3438,0.5378,0.6970,3041,2789,appariée,H:00 Addenda MEP01_Plans-unlocked-page-00017:29,IA:S267_ADD_22:26,C1.1 Plinthe 500W,5.9
humain,00 Addenda MEP01_Plans-unlocked-page-00017,S267_ADD_22,ADD C1.1 500W,3921,3435,0.5623,0.6964,3180,2787,appariée,H:00 Addenda MEP01_Plans-unlocked-page-00017:30,IA:S267_ADD_22:27,C1.1 Plinthe 500W,4.9
humain,00 Addenda MEP01_Plans-unlocked-page-00017,S267_ADD_22,ADD C1.1 500W,4050,3436,0.5808,0.6966,3285,2787,appariée,H:00 Addenda MEP01_Plans-unlocked-page-00017:31,IA:S267_ADD_22:28,C1.1 Plinthe 500W,5.3
humain,00 Addenda MEP01_Plans-unlocked-page-00017,S267_ADD_22,ADD C1.1 500W,4215,3435,0.6045,0.6964,3418,2787,appariée,H:00 Addenda MEP01_Plans-unlocked-page-00017:32,IA:S267_ADD_22:29,C1.1 Plinthe 500W,9.5
humain,00 Addenda MEP01_Plans-unlocked-page-00017,S267_ADD_22,ADD C1.1 500W,4356,3436,0.6247,0.6966,3533,2787,appariée,H:00 Addenda MEP01_Plans-unlocked-page-00017:33,IA:S267_ADD_22:30,C1.1 Plinthe 500W,1.3
humain,00 Addenda MEP01_Plans-unlocked-page-00017,S267_ADD_22,ADD C1.1 500W,4520,3432,0.6482,0.6958,3666,2784,appariée,H:00 Addenda MEP01_Plans-unlocked-page-00017:34,IA:S267_ADD_22:31,C1.1 Plinthe 500W,6.9
humain,00 Addenda MEP01_Plans-unlocked-page-00017,S267_ADD_22,ADD C1.1 500W,4651,3433,0.6670,0.6960,3772,2785,appariée,H:00 Addenda MEP01_Plans-unlocked-page-00017:35,IA:S267_ADD_22:32,C1.1 Plinthe 500W,5.4
humain,00 Addenda MEP01_Plans-unlocked-page-00017,S267_ADD_22,ADD C1.1 500W,4821,3433,0.6914,0.6960,3910,2785,appariée,H:00 Addenda MEP01_Plans-unlocked-page-00017:36,IA:S267_ADD_22:33,C1.1 Plinthe 500W,5.6
humain,00 Addenda MEP01_Plans-unlocked-page-00017,S267_ADD_22,ADD C1.1 500W,4951,3433,0.7101,0.6960,4015,2785,appariée,H:00 Addenda MEP01_Plans-unlocked-page-00017:37,IA:S267_ADD_22:34,C1.1 Plinthe 500W,5.2
humain,00 Addenda MEP01_Plans-unlocked-page-00017,S267_ADD_22,ADD C1.1 500W,5123,3437,0.7347,0.6968,4155,2788,appariée,H:00 Addenda MEP01_Plans-unlocked-page-00017:38,IA:S267_ADD_22:35,C1.1 Plinthe 500W,3.6
humain,00 Addenda MEP01_Plans-unlocked-page-00017,S267_ADD_22,ADD C6.1 1000W,4123,4557,0.5913,0.9239,3344,3691,appariée,H:00 Addenda MEP01_Plans-unlocked-page-00017:39,IA:S267_ADD_22:56,C6.1 Plinthe 1000W,25.7
humain,00 Addenda MEP01_Plans-unlocked-page-00017,S267_ADD_22,ADD C6.1 1000W,5054,4558,0.7248,0.9241,4099,3692,appariée,H:00 Addenda MEP01_Plans-unlocked-page-00017:40,IA:S267_ADD_22:57,C6.1 Plinthe 1000W,25.6
humain,00 Addenda MEP01_Plans-unlocked-page-00017,S267_ADD_22,ADD C6.1 1000W,365,4558,0.0523,0.9241,297,3692,appariée,H:00 Addenda MEP01_Plans-unlocked-page-00017:41,IA:S267_ADD_22:55,C6.1 Plinthe 1000W,24.5
humain,00 Addenda MEP01_Plans-unlocked-page-00017,S267_ADD_22,ADD C6.1 1000W,366,4128,0.0525,0.8369,298,3345,appariée,H:00 Addenda MEP01_Plans-unlocked-page-00017:42,IA:S267_ADD_22:54,C6.1 Plinthe 1000W,17.0
humain,00 Addenda MEP01_Plans-unlocked-page-00017,S267_ADD_22,ADD C4.1  1500W,4273,4554,0.6128,0.9233,3465,3689,appariée,H:00 Addenda MEP01_Plans-unlocked-page-00017:43,IA:S267_ADD_22:42,C4.1 Plinthe 1500W,30.7
humain,00 Addenda MEP01_Plans-unlocked-page-00017,S267_ADD_22,ADD C4.1  1500W,4517,4555,0.6478,0.9235,3663,3689,appariée,H:00 Addenda MEP01_Plans-unlocked-page-00017:44,IA:S267_ADD_22:43,C4.1 Plinthe 1500W,30.3
humain,00 Addenda MEP01_Plans-unlocked-page-00017,S267_ADD_22,ADD C4.1  1500W,4756,4557,0.6821,0.9239,3857,3691,appariée,H:00 Addenda MEP01_Plans-unlocked-page-00017:45,IA:S267_ADD_22:44,C4.1 Plinthe 1500W,33.9
humain,00 Addenda MEP01_Plans-unlocked-page-00017,S267_ADD_22,ADD C4.1  1500W,975,4565,0.1398,0.9255,792,3697,appariée,H:00 Addenda MEP01_Plans-unlocked-page-00017:46,IA:S267_ADD_22:41,C4.1 Plinthe 1500W,31.7
humain,00 Addenda MEP01_Plans-unlocked-page-00017,S267_ADD_22,ADD C4.1  1500W,673,4566,0.0965,0.9257,547,3698,appariée,H:00 Addenda MEP01_Plans-unlocked-page-00017:47,IA:S267_ADD_22:40,C4.1 Plinthe 1500W,34.6
humain,00 Addenda MEP01_Plans-unlocked-page-00017,S267_ADD_22,ADD C4.1  1500W,6067,3510,0.8701,0.7116,4920,2847,appariée,H:00 Addenda MEP01_Plans-unlocked-page-00017:48,IA:S267_ADD_22:46,C4.1 Plinthe 1500W,34.1
humain,00 Addenda MEP01_Plans-unlocked-page-00017,S267_ADD_22,ADD C4.1  1500W,6066,3909,0.8700,0.7925,4919,3169,appariée,H:00 Addenda MEP01_Plans-unlocked-page-00017:49,IA:S267_ADD_22:47,C4.1 Plinthe 1500W,33.1
humain,00 Addenda MEP01_Plans-unlocked-page-00017,S267_ADD_22,ADD C4.1  1500W,6069,4299,0.8704,0.8716,4922,3483,appariée,H:00 Addenda MEP01_Plans-unlocked-page-00017:50,IA:S267_ADD_22:48,C4.1 Plinthe 1500W,39.1
humain,00 Addenda MEP01_Plans-unlocked-page-00017,S267_ADD_22,ADD C4.1  1500W,5819,4565,0.8345,0.9255,4719,3697,appariée,H:00 Addenda MEP01_Plans-unlocked-page-00017:51,IA:S267_ADD_22:50,C4.1 Plinthe 1500W,32.5
humain,00 Addenda MEP01_Plans-unlocked-page-00017,S267_ADD_22,ADD C4.1  1500W,5547,4564,0.7955,0.9253,4498,3697,appariée,H:00 Addenda MEP01_Plans-unlocked-page-00017:52,IA:S267_ADD_22:49,C4.1 Plinthe 1500W,33.6
humain,00 Addenda MEP01_Plans-unlocked-page-00017,S267_ADD_22,ADD C 5.2 2000W,3477,4503,0.4987,0.9129,2820,3647,appariée,H:00 Addenda MEP01_Plans-unlocked-page-00017:53,IA:S267_ADD_22:53,C5.2 Convecteur 2000W,38.3
humain,00 Addenda MEP01_Plans-unlocked-page-00017,S267_ADD_22,ADD C5.1   2000W,1609,4562,0.2308,0.9249,1306,3695,appariée,H:00 Addenda MEP01_Plans-unlocked-page-00017:54,IA:S267_ADD_22:52,C5.1 Convecteur 2000W,37.4
humain,00 Addenda MEP01_Plans-unlocked-page-00017,S267_ADD_22,ADD C5.1   2000W,1611,4252,0.2310,0.8620,1307,3445,appariée,H:00 Addenda MEP01_Plans-unlocked-page-00017:55,IA:S267_ADD_22:51,C5.1 Convecteur 2000W,35.7
humain,00 Addenda MEP01_Plans-unlocked-page-00017,S267_ADD_22,ADD C3.2 8000W,280,3897,0.0402,0.7901,228,3159,appariée,H:00 Addenda MEP01_Plans-unlocked-page-00017:56,IA:S267_ADD_22:39,C3.2 Aérotherme 8000W,21.2
humain,00 Addenda MEP01_Plans-unlocked-page-00017,S267_ADD_22,ADD SERPENTIN,2516,4463,0.3608,0.9048,2041,3615,appariée,H:00 Addenda MEP01_Plans-unlocked-page-00017:57,IA:S267_ADD_22:289,Serpentin EHC3 3 kW douche,2.3
humain,00 Addenda MEP01_Plans-unlocked-page-00017,S267_ADD_22,ADD SERPENTIN,4154,4401,0.5958,0.8922,3369,3565,appariée,H:00 Addenda MEP01_Plans-unlocked-page-00017:58,IA:S267_ADD_22:284,Serpentin EHC1-006 500W,11.2
humain,00 Addenda MEP01_Plans-unlocked-page-00017,S267_ADD_22,ADD SERPENTIN,5029,4417,0.7212,0.8955,4078,3578,appariée,H:00 Addenda MEP01_Plans-unlocked-page-00017:59,IA:S267_ADD_22:285,Serpentin EHC1-006 500W,9.9
humain,00 Addenda MEP01_Plans-unlocked-page-00017,S267_ADD_22,ADD SERPENTIN,5573,4384,0.7993,0.8888,4519,3552,appariée,H:00 Addenda MEP01_Plans-unlocked-page-00017:60,IA:S267_ADD_22:282,Serpentin EHC1 19 kW,7.2
humain,00 Addenda MEP01_Plans-unlocked-page-00017,S267_ADD_22,ADD SERPENTIN,5844,3973,0.8381,0.8055,4739,3220,appariée,H:00 Addenda MEP01_Plans-unlocked-page-00017:61,IA:S267_ADD_22:288,Serpentin EHC2 15 kW,5.6
humain,00 Addenda MEP01_Plans-unlocked-page-00017,S267_ADD_22,ADD SERPENTIN,4155,4160,0.5959,0.8434,3370,3371,appariée,H:00 Addenda MEP01_Plans-unlocked-page-00017:62,IA:S267_ADD_22:283,Serpentin EHC1-006 500W,8.0
humain,00 Addenda MEP01_Plans-unlocked-page-00017,S267_ADD_22,ADD SERPENTIN,3698,3968,0.5304,0.8045,2999,3216,appariée,H:00 Addenda MEP01_Plans-unlocked-page-00017:63,IA:S267_ADD_22:287,Serpentin EHC2 15 kW,8.5
humain,00 Addenda MEP01_Plans-unlocked-page-00017,S267_ADD_22,ADD SERPENTIN,1567,3975,0.2247,0.8059,1272,3222,appariée,H:00 Addenda MEP01_Plans-unlocked-page-00017:64,IA:S267_ADD_22:286,Serpentin EHC2 15 kW,6.1
humain,00 Addenda MEP01_Plans-unlocked-page-00017,S267_ADD_22,ADD SERPENTIN,1952,4391,0.2800,0.8902,1584,3557,appariée,H:00 Addenda MEP01_Plans-unlocked-page-00017:65,IA:S267_ADD_22:280,Serpentin EHC1 19 kW,10.5
humain,00 Addenda MEP01_Plans-unlocked-page-00017,S267_ADD_22,ADD SERPENTIN,3424,4452,0.4911,0.9026,2777,3606,appariée,H:00 Addenda MEP01_Plans-unlocked-page-00017:66,IA:S267_ADD_22:281,Serpentin EHC1 19 kW,2.0
humain,00 Addenda MEP01_Plans-unlocked-page-00017,S267_ADD_22,ADD HU1,4983,4097,0.7146,0.8306,4041,3320,appariée,H:00 Addenda MEP01_Plans-unlocked-page-00017:67,IA:S267_ADD_22:258,Raccordement humidificateur HU,6.9
humain,00 Addenda MEP01_Plans-unlocked-page-00017,S267_ADD_22,ADD HU1,1576,4135,0.2260,0.8383,1279,3351,appariée,H:00 Addenda MEP01_Plans-unlocked-page-00017:68,IA:S267_ADD_22:257,Raccordement humidificateur HU,7.4
humain,00 Addenda MEP01_Plans-unlocked-page-00017,S267_ADD_22,ADD HU1,474,2453,0.0680,0.4973,386,1995,appariée,H:00 Addenda MEP01_Plans-unlocked-page-00017:69,IA:S267_ADD_22:259,Raccordement humidificateur HU,5.5
humain,00 Addenda MEP01_Plans-unlocked-page-00017,S267_ADD_22,ADD EV1,5017,4193,0.7195,0.8501,4069,3398,appariée,H:00 Addenda MEP01_Plans-unlocked-page-00017:70,IA:S267_ADD_22:268,Raccordement évaporateur EV,4.4
humain,00 Addenda MEP01_Plans-unlocked-page-00017,S267_ADD_22,ADD EV1,854,4350,0.1225,0.8819,694,3524,appariée,H:00 Addenda MEP01_Plans-unlocked-page-00017:71,IA:S267_ADD_22:267,Raccordement évaporateur EV,4.1
humain,00 Addenda MEP01_Plans-unlocked-page-00017,S267_ADD_22,ADD  30A 20A,5038,4089,0.7225,0.8290,4086,3314,appariée,H:00 Addenda MEP01_Plans-unlocked-page-00017:72,IA:S267_ADD_22:276,Sectionneur ≤240V,8.9
humain,00 Addenda MEP01_Plans-unlocked-page-00017,S267_ADD_22,ADD  30A 20A,1615,4188,0.2316,0.8491,1311,3394,appariée,H:00 Addenda MEP01_Plans-unlocked-page-00017:73,IA:S267_ADD_22:275,Sectionneur ≤240V,13.1
humain,00 Addenda MEP01_Plans-unlocked-page-00017,S267_ADD_22,ADD  30A 20A,472,2516,0.0677,0.5101,384,2046,appariée,H:00 Addenda MEP01_Plans-unlocked-page-00017:74,IA:S267_ADD_22:273,Sectionneur ≤240V,11.6
humain,00 Addenda MEP01_Plans-unlocked-page-00017,S267_ADD_22,ADD  30A 20A,473,2560,0.0678,0.5190,385,2081,appariée,H:00 Addenda MEP01_Plans-unlocked-page-00017:75,IA:S267_ADD_22:274,Sectionneur ≤240V,14.2
humain,00 Addenda MEP01_Plans-unlocked-page-00017,S267_ADD_22,ADD  30A 20A,607,2301,0.0871,0.4665,493,1873,appariée,H:00 Addenda MEP01_Plans-unlocked-page-00017:76,IA:S267_ADD_22:269,Sectionneur ≤240V,15.0
humain,00 Addenda MEP01_Plans-unlocked-page-00017,S267_ADD_22,ADD  30A 20A,652,2302,0.0935,0.4667,530,1873,appariée,H:00 Addenda MEP01_Plans-unlocked-page-00017:77,IA:S267_ADD_22:270,Sectionneur ≤240V,15.5
humain,00 Addenda MEP01_Plans-unlocked-page-00017,S267_ADD_22,ADD  30A 20A,785,2297,0.1126,0.4657,638,1869,appariée,H:00 Addenda MEP01_Plans-unlocked-page-00017:78,IA:S267_ADD_22:271,Sectionneur ≤240V,11.0
humain,00 Addenda MEP01_Plans-unlocked-page-00017,S267_ADD_22,ADD  30A 20A,824,2296,0.1182,0.4655,669,1869,appariée,H:00 Addenda MEP01_Plans-unlocked-page-00017:79,IA:S267_ADD_22:272,Sectionneur ≤240V,9.6
humain,00 Addenda MEP01_Plans-unlocked-page-00017,S267_ADD_22,ADDCS1,4962,4600,0.7116,0.9326,4024,3726,appariée,H:00 Addenda MEP01_Plans-unlocked-page-00017:80,IA:S267_ADD_22:256,Raccordement condenseur CS,7.4
humain,00 Addenda MEP01_Plans-unlocked-page-00017,S267_ADD_22,ADDCS1,4024,4599,0.5771,0.9324,3264,3725,appariée,H:00 Addenda MEP01_Plans-unlocked-page-00017:81,IA:S267_ADD_22:255,Raccordement condenseur CS,8.3
humain,00 Addenda MEP01_Plans-unlocked-page-00017,S267_ADD_22,ADDCS1,839,4601,0.1203,0.9328,681,3726,appariée,H:00 Addenda MEP01_Plans-unlocked-page-00017:82,IA:S267_ADD_22:254,Raccordement condenseur CS,6.7
humain,00 Addenda MEP01_Plans-unlocked-page-00017,S267_ADD_22,ADD 30A NF WP,4931,4593,0.7072,0.9312,3999,3720,appariée,H:00 Addenda MEP01_Plans-unlocked-page-00017:83,IA:S267_ADD_22:279,Sectionneur ≤240V WP,11.1
humain,00 Addenda MEP01_Plans-unlocked-page-00017,S267_ADD_22,ADD 30A NF WP,3971,4594,0.5695,0.9314,3221,3721,appariée,H:00 Addenda MEP01_Plans-unlocked-page-00017:84,IA:S267_ADD_22:278,Sectionneur ≤240V WP,7.2
humain,00 Addenda MEP01_Plans-unlocked-page-00017,S267_ADD_22,ADD 30A NF WP,895,4588,0.1284,0.9301,727,3716,appariée,H:00 Addenda MEP01_Plans-unlocked-page-00017:85,IA:S267_ADD_22:277,Sectionneur ≤240V WP,10.1
humain,00 Addenda MEP01_Plans-unlocked-page-00017,S267_ADD_22,ADD PU1-REC,828,2375,0.1187,0.4815,673,1932,appariée,H:00 Addenda MEP01_Plans-unlocked-page-00017:86,IA:S267_ADD_22:260,Raccordement pompe PU1,3.3
humain,00 Addenda MEP01_Plans-unlocked-page-00017,S267_ADD_22,ADD TF2,766,2699,0.1099,0.5472,622,2193,appariée,H:00 Addenda MEP01_Plans-unlocked-page-00017:87,IA:S267_ADD_22:266,Raccordement ventilateur TF,1.4
humain,00 Addenda MEP01_Plans-unlocked-page-00017,S267_ADD_22,ADD TF2,977,2373,0.1401,0.4811,793,1931,appariée,H:00 Addenda MEP01_Plans-unlocked-page-00017:88,IA:S267_ADD_22:265,Raccordement ventilateur TF,0.7
humain,00 Addenda MEP01_Plans-unlocked-page-00017,S267_ADD_22,ADD PAN CONTROL,475,2589,0.0681,0.5249,386,2105,appariée,H:00 Addenda MEP01_Plans-unlocked-page-00017:89,IA:S267_ADD_22:62,Point de raccordement panneau de contrôle,14.2
humain,00 Addenda MEP01_Plans-unlocked-page-00017,S267_ADD_22,ADD PRISE,5399,3912,0.7743,0.7931,4378,3171,appariée,H:00 Addenda MEP01_Plans-unlocked-page-00017:90,IA:S267_ADD_22:201,Prise double 5-15R,6.2
humain,00 Addenda MEP01_Plans-unlocked-page-00017,S267_ADD_22,ADD PRISE,5400,4052,0.7745,0.8215,4379,3284,appariée,H:00 Addenda MEP01_Plans-unlocked-page-00017:91,IA:S267_ADD_22:202,Prise double 5-15R,6.5
humain,00 Addenda MEP01_Plans-unlocked-page-00017,S267_ADD_22,ADD PRISE,5392,4338,0.7733,0.8795,4373,3514,appariée,H:00 Addenda MEP01_Plans-unlocked-page-00017:92,IA:S267_ADD_22:205,Prise double 5-15R,1.6
humain,00 Addenda MEP01_Plans-unlocked-page-00017,S267_ADD_22,ADD PRISE,5628,4477,0.8072,0.9076,4564,3626,appariée,H:00 Addenda MEP01_Plans-unlocked-page-00017:93,IA:S267_ADD_22:208,Prise double 5-15R,6.1
humain,00 Addenda MEP01_Plans-unlocked-page-00017,S267_ADD_22,ADD PRISE,5718,4553,0.8201,0.9231,4637,3688,appariée,H:00 Addenda MEP01_Plans-unlocked-page-00017:94,IA:S267_ADD_22:206,Prise double 5-15R,5.7
humain,00 Addenda MEP01_Plans-unlocked-page-00017,S267_ADD_22,ADD PRISE,5748,4553,0.8244,0.9231,4661,3688,appariée,H:00 Addenda MEP01_Plans-unlocked-page-00017:95,IA:S267_ADD_22:207,Prise double 5-15R,11.6
humain,00 Addenda MEP01_Plans-unlocked-page-00017,S267_ADD_22,ADD PRISE,6051,4216,0.8678,0.8547,4907,3416,appariée,H:00 Addenda MEP01_Plans-unlocked-page-00017:96,IA:S267_ADD_22:204,Prise double 5-15R,5.0
humain,00 Addenda MEP01_Plans-unlocked-page-00017,S267_ADD_22,ADD PRISE,6048,4051,0.8674,0.8213,4905,3283,appariée,H:00 Addenda MEP01_Plans-unlocked-page-00017:97,IA:S267_ADD_22:203,Prise double 5-15R,2.7
humain,00 Addenda MEP01_Plans-unlocked-page-00017,S267_ADD_22,ADD PRISE,6049,3781,0.8675,0.7665,4905,3065,appariée,H:00 Addenda MEP01_Plans-unlocked-page-00017:98,IA:S267_ADD_22:200,Prise double 5-15R,3.6
humain,00 Addenda MEP01_Plans-unlocked-page-00017,S267_ADD_22,ADD PRISE,6050,3617,0.8677,0.7333,4906,2933,appariée,H:00 Addenda MEP01_Plans-unlocked-page-00017:99,IA:S267_ADD_22:199,Prise double 5-15R,4.5
humain,00 Addenda MEP01_Plans-unlocked-page-00017,S267_ADD_22,ADD PRISE,5394,3621,0.7736,0.7341,4374,2937,appariée,H:00 Addenda MEP01_Plans-unlocked-page-00017:100,IA:S267_ADD_22:198,Prise double 5-15R,2.0
humain,00 Addenda MEP01_Plans-unlocked-page-00017,S267_ADD_22,ADD PRISE,5176,3856,0.7423,0.7817,4198,3126,appariée,H:00 Addenda MEP01_Plans-unlocked-page-00017:101,IA:S267_ADD_22:176,Prise double 5-15R,4.1
humain,00 Addenda MEP01_Plans-unlocked-page-00017,S267_ADD_22,ADD PRISE,5173,3435,0.7419,0.6964,4195,2787,appariée,H:00 Addenda MEP01_Plans-unlocked-page-00017:102,IA:S267_ADD_22:145,Prise double 5-15R,1.2
humain,00 Addenda MEP01_Plans-unlocked-page-00017,S267_ADD_22,ADD PRISE,4915,3859,0.7049,0.7824,3986,3128,appariée,H:00 Addenda MEP01_Plans-unlocked-page-00017:103,IA:S267_ADD_22:175,Prise double 5-15R,7.0
humain,00 Addenda MEP01_Plans-unlocked-page-00017,S267_ADD_22,ADD PRISE,4871,3855,0.6986,0.7815,3950,3125,appariée,H:00 Addenda MEP01_Plans-unlocked-page-00017:104,IA:S267_ADD_22:174,Prise double 5-15R,2.9
humain,00 Addenda MEP01_Plans-unlocked-page-00017,S267_ADD_22,ADD PRISE,4612,3860,0.6614,0.7826,3740,3129,appariée,H:00 Addenda MEP01_Plans-unlocked-page-00017:105,IA:S267_ADD_22:173,Prise double 5-15R,2.6
humain,00 Addenda MEP01_Plans-unlocked-page-00017,S267_ADD_22,ADD PRISE,4576,3860,0.6563,0.7826,3711,3129,appariée,H:00 Addenda MEP01_Plans-unlocked-page-00017:106,IA:S267_ADD_22:172,Prise double 5-15R,2.4
humain,00 Addenda MEP01_Plans-unlocked-page-00017,S267_ADD_22,ADD PRISE,4574,3434,0.6560,0.6962,3710,2786,appariée,H:00 Addenda MEP01_Plans-unlocked-page-00017:107,IA:S267_ADD_22:141,Prise double 5-15R,1.3
humain,00 Addenda MEP01_Plans-unlocked-page-00017,S267_ADD_22,ADD PRISE,4617,3436,0.6622,0.6966,3744,2787,appariée,H:00 Addenda MEP01_Plans-unlocked-page-00017:108,IA:S267_ADD_22:142,Prise double 5-15R,6.4
humain,00 Addenda MEP01_Plans-unlocked-page-00017,S267_ADD_22,ADD PRISE,4874,3436,0.6990,0.6966,3953,2787,appariée,H:00 Addenda MEP01_Plans-unlocked-page-00017:109,IA:S267_ADD_22:143,Prise double 5-15R,1.8
humain,00 Addenda MEP01_Plans-unlocked-page-00017,S267_ADD_22,ADD PRISE,4914,3437,0.7048,0.6968,3985,2788,appariée,H:00 Addenda MEP01_Plans-unlocked-page-00017:110,IA:S267_ADD_22:144,Prise double 5-15R,6.3
humain,00 Addenda MEP01_Plans-unlocked-page-00017,S267_ADD_22,ADD PRISE,4282,3435,0.6141,0.6964,3473,2787,appariée,H:00 Addenda MEP01_Plans-unlocked-page-00017:111,IA:S267_ADD_22:139,Prise double 5-15R,5.8
humain,00 Addenda MEP01_Plans-unlocked-page-00017,S267_ADD_22,ADD PRISE,4314,3434,0.6187,0.6962,3499,2786,appariée,H:00 Addenda MEP01_Plans-unlocked-page-00017:112,IA:S267_ADD_22:140,Prise double 5-15R,3.0
humain,00 Addenda MEP01_Plans-unlocked-page-00017,S267_ADD_22,ADD PRISE,4278,3859,0.6135,0.7824,3470,3128,appariée,H:00 Addenda MEP01_Plans-unlocked-page-00017:113,IA:S267_ADD_22:170,Prise double 5-15R,2.6
humain,00 Addenda MEP01_Plans-unlocked-page-00017,S267_ADD_22,ADD PRISE,4322,3862,0.6198,0.7830,3505,3131,appariée,H:00 Addenda MEP01_Plans-unlocked-page-00017:114,IA:S267_ADD_22:171,Prise double 5-15R,9.6
humain,00 Addenda MEP01_Plans-unlocked-page-00017,S267_ADD_22,ADD PRISE,4014,3857,0.5757,0.7819,3256,3127,appariée,H:00 Addenda MEP01_Plans-unlocked-page-00017:115,IA:S267_ADD_22:169,Prise double 5-15R,2.8
humain,00 Addenda MEP01_Plans-unlocked-page-00017,S267_ADD_22,ADD PRISE,3978,3857,0.5705,0.7819,3226,3127,appariée,H:00 Addenda MEP01_Plans-unlocked-page-00017:116,IA:S267_ADD_22:168,Prise double 5-15R,3.6
humain,00 Addenda MEP01_Plans-unlocked-page-00017,S267_ADD_22,ADD PRISE,4368,4088,0.6264,0.8288,3543,3313,appariée,H:00 Addenda MEP01_Plans-unlocked-page-00017:117,IA:S267_ADD_22:210,Prise double 5-15R,2.1
humain,00 Addenda MEP01_Plans-unlocked-page-00017,S267_ADD_22,ADD PRISE,4480,4086,0.6425,0.8284,3633,3311,appariée,H:00 Addenda MEP01_Plans-unlocked-page-00017:118,IA:S267_ADD_22:211,Prise double 5-15R,6.4
humain,00 Addenda MEP01_Plans-unlocked-page-00017,S267_ADD_22,ADD PRISE,4589,4090,0.6581,0.8292,3722,3315,appariée,H:00 Addenda MEP01_Plans-unlocked-page-00017:119,IA:S267_ADD_22:212,Prise double 5-15R,5.7
humain,00 Addenda MEP01_Plans-unlocked-page-00017,S267_ADD_22,ADD PRISE,4701,4096,0.6742,0.8304,3812,3319,appariée,H:00 Addenda MEP01_Plans-unlocked-page-00017:120,IA:S267_ADD_22:213,Prise double 5-15R,11.4
humain,00 Addenda MEP01_Plans-unlocked-page-00017,S267_ADD_22,ADD PRISE,4814,4091,0.6904,0.8294,3904,3315,appariée,H:00 Addenda MEP01_Plans-unlocked-page-00017:121,IA:S267_ADD_22:214,Prise double 5-15R,16.1
humain,00 Addenda MEP01_Plans-unlocked-page-00017,S267_ADD_22,ADD PRISE,4993,4320,0.7161,0.8758,4049,3500,appariée,H:00 Addenda MEP01_Plans-unlocked-page-00017:122,IA:S267_ADD_22:195,Prise double 5-15R,7.3
humain,00 Addenda MEP01_Plans-unlocked-page-00017,S267_ADD_22,ADD PRISE,3677,3434,0.5273,0.6962,2982,2786,appariée,H:00 Addenda MEP01_Plans-unlocked-page-00017:123,IA:S267_ADD_22:135,Prise double 5-15R,1.8
humain,00 Addenda MEP01_Plans-unlocked-page-00017,S267_ADD_22,ADD PRISE,3716,3433,0.5329,0.6960,3014,2785,appariée,H:00 Addenda MEP01_Plans-unlocked-page-00017:124,IA:S267_ADD_22:136,Prise double 5-15R,4.4
humain,00 Addenda MEP01_Plans-unlocked-page-00017,S267_ADD_22,ADD PRISE,3679,3860,0.5276,0.7826,2984,3129,appariée,H:00 Addenda MEP01_Plans-unlocked-page-00017:125,IA:S267_ADD_22:166,Prise double 5-15R,3.2
humain,00 Addenda MEP01_Plans-unlocked-page-00017,S267_ADD_22,ADD PRISE,3715,3857,0.5328,0.7819,3013,3127,appariée,H:00 Addenda MEP01_Plans-unlocked-page-00017:126,IA:S267_ADD_22:167,Prise double 5-15R,3.4
humain,00 Addenda MEP01_Plans-unlocked-page-00017,S267_ADD_22,ADD PRISE,3976,3435,0.5702,0.6964,3225,2787,appariée,H:00 Addenda MEP01_Plans-unlocked-page-00017:127,IA:S267_ADD_22:137,Prise double 5-15R,1.8
humain,00 Addenda MEP01_Plans-unlocked-page-00017,S267_ADD_22,ADD PRISE,4010,3437,0.5751,0.6968,3252,2788,appariée,H:00 Addenda MEP01_Plans-unlocked-page-00017:128,IA:S267_ADD_22:138,Prise double 5-15R,1.4
humain,00 Addenda MEP01_Plans-unlocked-page-00017,S267_ADD_22,ADD PRISE,3416,3434,0.4899,0.6962,2771,2786,appariée,H:00 Addenda MEP01_Plans-unlocked-page-00017:129,IA:S267_ADD_22:134,Prise double 5-15R,5.8
humain,00 Addenda MEP01_Plans-unlocked-page-00017,S267_ADD_22,ADD PRISE,3383,3436,0.4852,0.6966,2744,2787,appariée,H:00 Addenda MEP01_Plans-unlocked-page-00017:130,IA:S267_ADD_22:133,Prise double 5-15R,8.0
humain,00 Addenda MEP01_Plans-unlocked-page-00017,S267_ADD_22,ADD PRISE,3375,3855,0.4840,0.7815,2737,3125,appariée,H:00 Addenda MEP01_Plans-unlocked-page-00017:131,IA:S267_ADD_22:164,Prise double 5-15R,3.2
humain,00 Addenda MEP01_Plans-unlocked-page-00017,S267_ADD_22,ADD PRISE,3419,3861,0.4903,0.7828,2773,3130,appariée,H:00 Addenda MEP01_Plans-unlocked-page-00017:132,IA:S267_ADD_22:165,Prise double 5-15R,8.4
humain,00 Addenda MEP01_Plans-unlocked-page-00017,S267_ADD_22,ADD PRISE,3116,3864,0.4469,0.7834,2527,3132,appariée,H:00 Addenda MEP01_Plans-unlocked-page-00017:133,IA:S267_ADD_22:163,Prise double 5-15R,7.8
humain,00 Addenda MEP01_Plans-unlocked-page-00017,S267_ADD_22,ADD PRISE,3081,3859,0.4419,0.7824,2499,3128,appariée,H:00 Addenda MEP01_Plans-unlocked-page-00017:134,IA:S267_ADD_22:162,Prise double 5-15R,5.1
humain,00 Addenda MEP01_Plans-unlocked-page-00017,S267_ADD_22,ADD PRISE,3078,3434,0.4414,0.6962,2497,2786,appariée,H:00 Addenda MEP01_Plans-unlocked-page-00017:135,IA:S267_ADD_22:131,Prise double 5-15R,2.9
humain,00 Addenda MEP01_Plans-unlocked-page-00017,S267_ADD_22,ADD PRISE,3112,3436,0.4463,0.6966,2524,2787,appariée,H:00 Addenda MEP01_Plans-unlocked-page-00017:136,IA:S267_ADD_22:132,Prise double 5-15R,3.3
humain,00 Addenda MEP01_Plans-unlocked-page-00017,S267_ADD_22,ADD PRISE,2820,3437,0.4044,0.6968,2288,2788,appariée,H:00 Addenda MEP01_Plans-unlocked-page-00017:137,IA:S267_ADD_22:130,Prise double 5-15R,7.6
humain,00 Addenda MEP01_Plans-unlocked-page-00017,S267_ADD_22,ADD PRISE,2637,3438,0.3782,0.6970,2139,2789,appariée,H:00 Addenda MEP01_Plans-unlocked-page-00017:138,IA:S267_ADD_22:129,Prise double 5-15R,2.3
humain,00 Addenda MEP01_Plans-unlocked-page-00017,S267_ADD_22,ADD PRISE,2642,3857,0.3789,0.7819,2143,3127,appariée,H:00 Addenda MEP01_Plans-unlocked-page-00017:139,IA:S267_ADD_22:160,Prise double 5-15R,5.4
humain,00 Addenda MEP01_Plans-unlocked-page-00017,S267_ADD_22,ADD PRISE,2806,3859,0.4024,0.7824,2276,3128,appariée,H:00 Addenda MEP01_Plans-unlocked-page-00017:140,IA:S267_ADD_22:161,Prise double 5-15R,3.8
humain,00 Addenda MEP01_Plans-unlocked-page-00017,S267_ADD_22,ADD PRISE,2377,3433,0.3409,0.6960,1928,2785,appariée,H:00 Addenda MEP01_Plans-unlocked-page-00017:141,IA:S267_ADD_22:128,Prise double 5-15R,3.9
humain,00 Addenda MEP01_Plans-unlocked-page-00017,S267_ADD_22,ADD PRISE,2341,3431,0.3357,0.6956,1899,2783,appariée,H:00 Addenda MEP01_Plans-unlocked-page-00017:142,IA:S267_ADD_22:127,Prise double 5-15R,4.8
humain,00 Addenda MEP01_Plans-unlocked-page-00017,S267_ADD_22,ADD PRISE,2340,3862,0.3356,0.7830,1898,3131,appariée,H:00 Addenda MEP01_Plans-unlocked-page-00017:143,IA:S267_ADD_22:158,Prise double 5-15R,3.7
humain,00 Addenda MEP01_Plans-unlocked-page-00017,S267_ADD_22,ADD PRISE,2376,3860,0.3408,0.7826,1928,3129,appariée,H:00 Addenda MEP01_Plans-unlocked-page-00017:144,IA:S267_ADD_22:159,Prise double 5-15R,2.8
humain,00 Addenda MEP01_Plans-unlocked-page-00017,S267_ADD_22,ADD PRISE,2075,3860,0.2976,0.7826,1684,3129,appariée,H:00 Addenda MEP01_Plans-unlocked-page-00017:145,IA:S267_ADD_22:157,Prise double 5-15R,1.3
humain,00 Addenda MEP01_Plans-unlocked-page-00017,S267_ADD_22,ADD PRISE,2039,3863,0.2924,0.7832,1654,3132,appariée,H:00 Addenda MEP01_Plans-unlocked-page-00017:146,IA:S267_ADD_22:156,Prise double 5-15R,3.8
humain,00 Addenda MEP01_Plans-unlocked-page-00017,S267_ADD_22,ADD PRISE,2039,3430,0.2924,0.6954,1654,2783,appariée,H:00 Addenda MEP01_Plans-unlocked-page-00017:147,IA:S267_ADD_22:125,Prise double 5-15R,4.6
humain,00 Addenda MEP01_Plans-unlocked-page-00017,S267_ADD_22,ADD PRISE,2079,3434,0.2982,0.6962,1687,2786,appariée,H:00 Addenda MEP01_Plans-unlocked-page-00017:148,IA:S267_ADD_22:126,Prise double 5-15R,4.0
humain,00 Addenda MEP01_Plans-unlocked-page-00017,S267_ADD_22,ADD PRISE,1776,3436,0.2547,0.6966,1441,2787,manquante IA,H:00 Addenda MEP01_Plans-unlocked-page-00017:149,,,
humain,00 Addenda MEP01_Plans-unlocked-page-00017,S267_ADD_22,ADD PRISE,1735,3435,0.2488,0.6964,1408,2787,appariée,H:00 Addenda MEP01_Plans-unlocked-page-00017:150,IA:S267_ADD_22:124,Prise double 5-15R,4.9
humain,00 Addenda MEP01_Plans-unlocked-page-00017,S267_ADD_22,ADD PRISE,1440,3436,0.2065,0.6966,1169,2787,appariée,H:00 Addenda MEP01_Plans-unlocked-page-00017:151,IA:S267_ADD_22:122,Prise double 5-15R,3.8
humain,00 Addenda MEP01_Plans-unlocked-page-00017,S267_ADD_22,ADD PRISE,1475,3430,0.2115,0.6954,1197,2783,appariée,H:00 Addenda MEP01_Plans-unlocked-page-00017:152,IA:S267_ADD_22:123,Prise double 5-15R,6.0
humain,00 Addenda MEP01_Plans-unlocked-page-00017,S267_ADD_22,ADD PRISE,1441,3863,0.2067,0.7832,1170,3132,appariée,H:00 Addenda MEP01_Plans-unlocked-page-00017:153,IA:S267_ADD_22:153,Prise double 5-15R,5.8
humain,00 Addenda MEP01_Plans-unlocked-page-00017,S267_ADD_22,ADD PRISE,1475,3858,0.2115,0.7822,1197,3128,appariée,H:00 Addenda MEP01_Plans-unlocked-page-00017:154,IA:S267_ADD_22:154,Prise double 5-15R,4.1
humain,00 Addenda MEP01_Plans-unlocked-page-00017,S267_ADD_22,ADD PRISE,1741,3862,0.2497,0.7830,1413,3131,appariée,H:00 Addenda MEP01_Plans-unlocked-page-00017:155,IA:S267_ADD_22:155,Prise double 5-15R,10.1
humain,00 Addenda MEP01_Plans-unlocked-page-00017,S267_ADD_22,ADD PRISE,1778,3863,0.2550,0.7832,1443,3132,manquante IA,H:00 Addenda MEP01_Plans-unlocked-page-00017:156,,,
humain,00 Addenda MEP01_Plans-unlocked-page-00017,S267_ADD_22,ADD PRISE,1176,3438,0.1687,0.6970,955,2789,appariée,H:00 Addenda MEP01_Plans-unlocked-page-00017:157,IA:S267_ADD_22:121,Prise double 5-15R,3.4
humain,00 Addenda MEP01_Plans-unlocked-page-00017,S267_ADD_22,ADD PRISE,1140,3432,0.1635,0.6958,926,2784,appariée,H:00 Addenda MEP01_Plans-unlocked-page-00017:158,IA:S267_ADD_22:120,Prise double 5-15R,3.8
humain,00 Addenda MEP01_Plans-unlocked-page-00017,S267_ADD_22,ADD PRISE,1139,3860,0.1634,0.7826,925,3129,appariée,H:00 Addenda MEP01_Plans-unlocked-page-00017:159,IA:S267_ADD_22:151,Prise double 5-15R,2.1
humain,00 Addenda MEP01_Plans-unlocked-page-00017,S267_ADD_22,ADD PRISE,1176,3860,0.1687,0.7826,955,3129,appariée,H:00 Addenda MEP01_Plans-unlocked-page-00017:160,IA:S267_ADD_22:152,Prise double 5-15R,2.9
humain,00 Addenda MEP01_Plans-unlocked-page-00017,S267_ADD_22,ADD PRISE,875,3861,0.1255,0.7828,711,3130,appariée,H:00 Addenda MEP01_Plans-unlocked-page-00017:161,IA:S267_ADD_22:150,Prise double 5-15R,3.3
humain,00 Addenda MEP01_Plans-unlocked-page-00017,S267_ADD_22,ADD PRISE,846,3863,0.1213,0.7832,687,3132,appariée,H:00 Addenda MEP01_Plans-unlocked-page-00017:162,IA:S267_ADD_22:149,Prise double 5-15R,8.0
humain,00 Addenda MEP01_Plans-unlocked-page-00017,S267_ADD_22,ADD PRISE,840,3432,0.1205,0.6958,682,2784,appariée,H:00 Addenda MEP01_Plans-unlocked-page-00017:163,IA:S267_ADD_22:118,Prise double 5-15R,3.6
humain,00 Addenda MEP01_Plans-unlocked-page-00017,S267_ADD_22,ADD PRISE,881,3438,0.1264,0.6970,716,2789,appariée,H:00 Addenda MEP01_Plans-unlocked-page-00017:164,IA:S267_ADD_22:119,Prise double 5-15R,7.8
humain,00 Addenda MEP01_Plans-unlocked-page-00017,S267_ADD_22,ADD PRISE,580,3437,0.0832,0.6968,472,2788,appariée,H:00 Addenda MEP01_Plans-unlocked-page-00017:165,IA:S267_ADD_22:117,Prise double 5-15R,2.8
humain,00 Addenda MEP01_Plans-unlocked-page-00017,S267_ADD_22,ADD PRISE,542,3434,0.0777,0.6962,441,2786,appariée,H:00 Addenda MEP01_Plans-unlocked-page-00017:166,IA:S267_ADD_22:116,Prise double 5-15R,1.4
humain,00 Addenda MEP01_Plans-unlocked-page-00017,S267_ADD_22,ADD PRISE,219,3434,0.0314,0.6962,179,2786,appariée,H:00 Addenda MEP01_Plans-unlocked-page-00017:167,IA:S267_ADD_22:115,Prise double 5-15R,4.0
humain,00 Addenda MEP01_Plans-unlocked-page-00017,S267_ADD_22,ADD PRISE,218,3859,0.0313,0.7824,178,3128,appariée,H:00 Addenda MEP01_Plans-unlocked-page-00017:168,IA:S267_ADD_22:146,Prise double 5-15R,3.1
humain,00 Addenda MEP01_Plans-unlocked-page-00017,S267_ADD_22,ADD PRISE,539,3864,0.0773,0.7834,438,3132,appariée,H:00 Addenda MEP01_Plans-unlocked-page-00017:169,IA:S267_ADD_22:147,Prise double 5-15R,4.7
humain,00 Addenda MEP01_Plans-unlocked-page-00017,S267_ADD_22,ADD PRISE,583,3856,0.0836,0.7817,474,3126,appariée,H:00 Addenda MEP01_Plans-unlocked-page-00017:170,IA:S267_ADD_22:148,Prise double 5-15R,5.4
humain,00 Addenda MEP01_Plans-unlocked-page-00017,S267_ADD_22,ADD PRISE,542,4223,0.0777,0.8562,441,3422,appariée,H:00 Addenda MEP01_Plans-unlocked-page-00017:171,IA:S267_ADD_22:186,Prise double 5-15R,2.7
humain,00 Addenda MEP01_Plans-unlocked-page-00017,S267_ADD_22,ADD PRISE,689,4240,0.0988,0.8596,560,3435,appariée,H:00 Addenda MEP01_Plans-unlocked-page-00017:172,IA:S267_ADD_22:193,Prise double 5-15R,2.4
humain,00 Addenda MEP01_Plans-unlocked-page-00017,S267_ADD_22,ADD PRISE,741,4240,0.1063,0.8596,602,3435,appariée,H:00 Addenda MEP01_Plans-unlocked-page-00017:173,IA:S267_ADD_22:194,Prise double 5-15R,8.2
humain,00 Addenda MEP01_Plans-unlocked-page-00017,S267_ADD_22,ADD PRISE,767,4196,0.1100,0.8507,623,3400,appariée,H:00 Addenda MEP01_Plans-unlocked-page-00017:174,IA:S267_ADD_22:189,Prise double 5-15R,4.6
humain,00 Addenda MEP01_Plans-unlocked-page-00017,S267_ADD_22,ADD PRISE,1034,4086,0.1483,0.8284,840,3311,appariée,H:00 Addenda MEP01_Plans-unlocked-page-00017:175,IA:S267_ADD_22:192,Prise double 5-15R,3.7
humain,00 Addenda MEP01_Plans-unlocked-page-00017,S267_ADD_22,ADD PRISE,1121,4198,0.1608,0.8511,910,3402,appariée,H:00 Addenda MEP01_Plans-unlocked-page-00017:176,IA:S267_ADD_22:190,Prise double 5-15R,4.1
humain,00 Addenda MEP01_Plans-unlocked-page-00017,S267_ADD_22,ADD PRISE,1151,4095,0.1651,0.8302,934,3319,appariée,H:00 Addenda MEP01_Plans-unlocked-page-00017:177,IA:S267_ADD_22:177,Prise double 5-15R,7.4
humain,00 Addenda MEP01_Plans-unlocked-page-00017,S267_ADD_22,ADD PRISE,1150,4136,0.1649,0.8385,934,3352,appariée,H:00 Addenda MEP01_Plans-unlocked-page-00017:178,IA:S267_ADD_22:178,Prise double 5-15R,6.5
humain,00 Addenda MEP01_Plans-unlocked-page-00017,S267_ADD_22,ADD PRISE,1157,4185,0.1659,0.8484,939,3391,appariée,H:00 Addenda MEP01_Plans-unlocked-page-00017:179,IA:S267_ADD_22:179,Prise double 5-15R,4.3
humain,00 Addenda MEP01_Plans-unlocked-page-00017,S267_ADD_22,ADD PRISE,1158,4221,0.1661,0.8557,940,3420,appariée,H:00 Addenda MEP01_Plans-unlocked-page-00017:180,IA:S267_ADD_22:180,Prise double 5-15R,7.0
humain,00 Addenda MEP01_Plans-unlocked-page-00017,S267_ADD_22,ADD PRISE,1153,4267,0.1654,0.8651,936,3457,appariée,H:00 Addenda MEP01_Plans-unlocked-page-00017:181,IA:S267_ADD_22:181,Prise double 5-15R,2.1
humain,00 Addenda MEP01_Plans-unlocked-page-00017,S267_ADD_22,ADD PRISE,1158,4312,0.1661,0.8742,940,3493,appariée,H:00 Addenda MEP01_Plans-unlocked-page-00017:182,IA:S267_ADD_22:182,Prise double 5-15R,5.7
humain,00 Addenda MEP01_Plans-unlocked-page-00017,S267_ADD_22,ADD PRISE,1154,4346,0.1655,0.8811,937,3521,appariée,H:00 Addenda MEP01_Plans-unlocked-page-00017:183,IA:S267_ADD_22:183,Prise double 5-15R,4.5
humain,00 Addenda MEP01_Plans-unlocked-page-00017,S267_ADD_22,ADD PRISE,1152,4389,0.1652,0.8898,935,3556,appariée,H:00 Addenda MEP01_Plans-unlocked-page-00017:184,IA:S267_ADD_22:184,Prise double 5-15R,3.4
humain,00 Addenda MEP01_Plans-unlocked-page-00017,S267_ADD_22,ADD PRISE,1152,4428,0.1652,0.8977,935,3587,appariée,H:00 Addenda MEP01_Plans-unlocked-page-00017:185,IA:S267_ADD_22:185,Prise double 5-15R,6.0
humain,00 Addenda MEP01_Plans-unlocked-page-00017,S267_ADD_22,ADD PRISE,1115,4460,0.1599,0.9042,905,3613,appariée,H:00 Addenda MEP01_Plans-unlocked-page-00017:186,IA:S267_ADD_22:191,Prise double 5-15R,3.3
humain,00 Addenda MEP01_Plans-unlocked-page-00017,S267_ADD_22,ADD PRISE,547,4441,0.0784,0.9003,445,3597,appariée,H:00 Addenda MEP01_Plans-unlocked-page-00017:187,IA:S267_ADD_22:187,Prise double 5-15R,6.9
humain,00 Addenda MEP01_Plans-unlocked-page-00017,S267_ADD_22,ADD PRISE,576,4459,0.0826,0.9040,468,3612,appariée,H:00 Addenda MEP01_Plans-unlocked-page-00017:188,IA:S267_ADD_22:188,Prise double 5-15R,5.2
humain,00 Addenda MEP01_Plans-unlocked-page-00017,S267_ADD_22,ADD PRISE,4067,4090,0.5833,0.8292,3298,3315,appariée,H:00 Addenda MEP01_Plans-unlocked-page-00017:189,IA:S267_ADD_22:209,Prise double 5-15R,5.5
humain,00 Addenda MEP01_Plans-unlocked-page-00017,S267_ADD_22,ADD PRISE,4063,4541,0.5827,0.9206,3295,3678,appariée,H:00 Addenda MEP01_Plans-unlocked-page-00017:190,IA:S267_ADD_22:215,Prise double 5-15R,20.2
humain,00 Addenda MEP01_Plans-unlocked-page-00017,S267_ADD_22,ADD PRISE,4265,4517,0.6117,0.9158,3459,3659,appariée,H:00 Addenda MEP01_Plans-unlocked-page-00017:191,IA:S267_ADD_22:216,Prise double 5-15R,3.1
humain,00 Addenda MEP01_Plans-unlocked-page-00017,S267_ADD_22,ADD PRISE,4376,4515,0.6276,0.9153,3549,3657,appariée,H:00 Addenda MEP01_Plans-unlocked-page-00017:192,IA:S267_ADD_22:217,Prise double 5-15R,0.9
humain,00 Addenda MEP01_Plans-unlocked-page-00017,S267_ADD_22,ADD PRISE,4487,4519,0.6435,0.9162,3639,3660,appariée,H:00 Addenda MEP01_Plans-unlocked-page-00017:193,IA:S267_ADD_22:218,Prise double 5-15R,3.8
humain,00 Addenda MEP01_Plans-unlocked-page-00017,S267_ADD_22,ADD PRISE,4590,4517,0.6583,0.9158,3722,3659,appariée,H:00 Addenda MEP01_Plans-unlocked-page-00017:194,IA:S267_ADD_22:219,Prise double 5-15R,0.9
humain,00 Addenda MEP01_Plans-unlocked-page-00017,S267_ADD_22,ADD PRISE,4701,4519,0.6742,0.9162,3812,3660,appariée,H:00 Addenda MEP01_Plans-unlocked-page-00017:195,IA:S267_ADD_22:220,Prise double 5-15R,3.4
humain,00 Addenda MEP01_Plans-unlocked-page-00017,S267_ADD_22,ADD PRISE,4807,4520,0.6894,0.9164,3898,3661,appariée,H:00 Addenda MEP01_Plans-unlocked-page-00017:196,IA:S267_ADD_22:221,Prise double 5-15R,3.5
humain,00 Addenda MEP01_Plans-unlocked-page-00017,S267_ADD_22,ADD PRISE,4918,4517,0.7053,0.9158,3988,3659,appariée,H:00 Addenda MEP01_Plans-unlocked-page-00017:197,IA:S267_ADD_22:222,Prise double 5-15R,5.4
humain,00 Addenda MEP01_Plans-unlocked-page-00017,S267_ADD_22,ADD PRISE,4975,4514,0.7135,0.9151,4035,3656,appariée,H:00 Addenda MEP01_Plans-unlocked-page-00017:198,IA:S267_ADD_22:197,Prise double 5-15R,4.7
humain,00 Addenda MEP01_Plans-unlocked-page-00017,S267_ADD_22,ADD PRISE,5061,4353,0.7258,0.8825,4104,3527,appariée,H:00 Addenda MEP01_Plans-unlocked-page-00017:199,IA:S267_ADD_22:196,Prise double 5-15R,6.5
humain,00 Électricité_Plans_pour AO - 6,S267_ADD_22,CI-I 500W,501,6366,0.0385,0.6917,294,2791,exclue (doublon),H:00 Électricité_Plans_pour AO - 6:1,H:00 Addenda MEP01_Plans-unlocked-page-00017:7,,
humain,00 Électricité_Plans_pour AO - 6,S267_ADD_22,CI-I 500W,865,6365,0.0665,0.6915,448,2790,exclue (doublon),H:00 Électricité_Plans_pour AO - 6:2,H:00 Addenda MEP01_Plans-unlocked-page-00017:8,,
humain,00 Électricité_Plans_pour AO - 6,S267_ADD_22,CI-I 500W,1133,6368,0.0871,0.6919,561,2792,exclue (doublon),H:00 Électricité_Plans_pour AO - 6:3,H:00 Addenda MEP01_Plans-unlocked-page-00017:9,,
humain,00 Électricité_Plans_pour AO - 6,S267_ADD_22,CI-I 500W,1450,6365,0.1114,0.6915,695,2790,exclue (doublon),H:00 Électricité_Plans_pour AO - 6:4,H:00 Addenda MEP01_Plans-unlocked-page-00017:10,,
humain,00 Électricité_Plans_pour AO - 6,S267_ADD_22,CI-I 500W,1687,6368,0.1297,0.6919,795,2792,exclue (doublon),H:00 Électricité_Plans_pour AO - 6:5,H:00 Addenda MEP01_Plans-unlocked-page-00017:164,,
humain,00 Électricité_Plans_pour AO - 6,S267_ADD_22,CI-I 500W,2010,6362,0.1545,0.6912,931,2789,exclue (doublon),H:00 Électricité_Plans_pour AO - 6:6,H:00 Addenda MEP01_Plans-unlocked-page-00017:12,,
humain,00 Électricité_Plans_pour AO - 6,S267_ADD_22,CI-I 500W,2248,6363,0.1728,0.6913,1032,2790,exclue (doublon),H:00 Électricité_Plans_pour AO - 6:7,H:00 Addenda MEP01_Plans-unlocked-page-00017:13,,
humain,00 Électricité_Plans_pour AO - 6,S267_ADD_22,CI-I 500W,2562,6361,0.1969,0.6911,1164,2789,exclue (doublon),H:00 Électricité_Plans_pour AO - 6:8,H:00 Addenda MEP01_Plans-unlocked-page-00017:14,,
humain,00 Électricité_Plans_pour AO - 6,S267_ADD_22,CI-I 500W,2800,6361,0.2152,0.6911,1265,2789,exclue (doublon),H:00 Électricité_Plans_pour AO - 6:9,H:00 Addenda MEP01_Plans-unlocked-page-00017:152,,
humain,00 Électricité_Plans_pour AO - 6,S267_ADD_22,CI-I 500W,3114,6367,0.2393,0.6918,1397,2791,exclue (doublon),H:00 Électricité_Plans_pour AO - 6:10,H:00 Addenda MEP01_Plans-unlocked-page-00017:16,,
humain,00 Électricité_Plans_pour AO - 6,S267_ADD_22,CI-I 500W,3355,6363,0.2579,0.6913,1499,2790,exclue (doublon),H:00 Électricité_Plans_pour AO - 6:11,H:00 Addenda MEP01_Plans-unlocked-page-00017:17,,
humain,00 Électricité_Plans_pour AO - 6,S267_ADD_22,CI-I 500W,3670,6362,0.2821,0.6912,1632,2789,exclue (doublon),H:00 Électricité_Plans_pour AO - 6:12,H:00 Addenda MEP01_Plans-unlocked-page-00017:18,,
humain,00 Électricité_Plans_pour AO - 6,S267_ADD_22,CI-I 500W,3916,6367,0.3010,0.6918,1736,2791,exclue (doublon),H:00 Électricité_Plans_pour AO - 6:13,H:00 Addenda MEP01_Plans-unlocked-page-00017:19,,
humain,00 Électricité_Plans_pour AO - 6,S267_ADD_22,CI-I 500W,4225,6363,0.3247,0.6913,1866,2790,exclue (doublon),H:00 Électricité_Plans_pour AO - 6:14,H:00 Addenda MEP01_Plans-unlocked-page-00017:20,,
humain,00 Électricité_Plans_pour AO - 6,S267_ADD_22,CI-I 500W,4471,6366,0.3436,0.6917,1970,2791,exclue (doublon),H:00 Électricité_Plans_pour AO - 6:15,H:00 Addenda MEP01_Plans-unlocked-page-00017:21,,
humain,00 Électricité_Plans_pour AO - 6,S267_ADD_22,CI-I 500W,4785,6364,0.3678,0.6914,2102,2790,exclue (doublon),H:00 Électricité_Plans_pour AO - 6:16,H:00 Addenda MEP01_Plans-unlocked-page-00017:22,,
humain,00 Électricité_Plans_pour AO - 6,S267_ADD_22,CI-I 500W,5284,6364,0.4061,0.6914,2313,2790,exclue (doublon),H:00 Électricité_Plans_pour AO - 6:17,H:00 Addenda MEP01_Plans-unlocked-page-00017:23,,
humain,00 Électricité_Plans_pour AO - 6,S267_ADD_22,CI-I 500W,5593,6363,0.4299,0.6913,2443,2790,exclue (doublon),H:00 Électricité_Plans_pour AO - 6:18,H:00 Addenda MEP01_Plans-unlocked-page-00017:24,,
humain,00 Électricité_Plans_pour AO - 6,S267_ADD_22,CI-I 500W,5834,6368,0.4484,0.6919,2545,2792,exclue (doublon),H:00 Électricité_Plans_pour AO - 6:19,H:00 Addenda MEP01_Plans-unlocked-page-00017:25,,
humain,00 Électricité_Plans_pour AO - 6,S267_ADD_22,CI-I 500W,6154,6360,0.4730,0.6910,2680,2788,exclue (doublon),H:00 Électricité_Plans_pour AO - 6:20,H:00 Addenda MEP01_Plans-unlocked-page-00017:26,,
humain,00 Électricité_Plans_pour AO - 6,S267_ADD_22,CI-I 500W,6387,6366,0.4909,0.6917,2779,2791,exclue (doublon),H:00 Électricité_Plans_pour AO - 6:21,H:00 Addenda MEP01_Plans-unlocked-page-00017:27,,
humain,00 Électricité_Plans_pour AO - 6,S267_ADD_22,CI-I 500W,6703,6363,0.5152,0.6913,2912,2790,exclue (doublon),H:00 Électricité_Plans_pour AO - 6:22,H:00 Addenda MEP01_Plans-unlocked-page-00017:28,,
humain,00 Électricité_Plans_pour AO - 6,S267_ADD_22,CI-I 500W,6947,6360,0.5339,0.6910,3015,2788,exclue (doublon),H:00 Électricité_Plans_pour AO - 6:23,H:00 Addenda MEP01_Plans-unlocked-page-00017:29,,
humain,00 Électricité_Plans_pour AO - 6,S267_ADD_22,CI-I 500W,7261,6363,0.5581,0.6913,3147,2790,exclue (doublon),H:00 Électricité_Plans_pour AO - 6:24,H:00 Addenda MEP01_Plans-unlocked-page-00017:30,,
humain,00 Électricité_Plans_pour AO - 6,S267_ADD_22,CI-I 500W,7494,6360,0.5760,0.6910,3246,2788,exclue (doublon),H:00 Électricité_Plans_pour AO - 6:25,H:00 Addenda MEP01_Plans-unlocked-page-00017:31,,
humain,00 Électricité_Plans_pour AO - 6,S267_ADD_22,CI-I 500W,7811,6368,0.6003,0.6919,3380,2792,exclue (version remplacée),H:00 Électricité_Plans_pour AO - 6:26,version remplacée par 00 Addenda MEP01_Plans-unlocked-page-00017,,
humain,00 Électricité_Plans_pour AO - 6,S267_ADD_22,CI-I 500W,8059,6364,0.6194,0.6914,3484,2790,exclue (doublon),H:00 Électricité_Plans_pour AO - 6:27,H:00 Addenda MEP01_Plans-unlocked-page-00017:112,,
humain,00 Électricité_Plans_pour AO - 6,S267_ADD_22,CI-I 500W,8365,6364,0.6429,0.6914,3613,2790,exclue (doublon),H:00 Électricité_Plans_pour AO - 6:28,H:00 Addenda MEP01_Plans-unlocked-page-00017:33,,
humain,00 Électricité_Plans_pour AO - 6,S267_ADD_22,CI-I 500W,8611,6367,0.6618,0.6918,3717,2791,exclue (doublon),H:00 Électricité_Plans_pour AO - 6:29,H:00 Addenda MEP01_Plans-unlocked-page-00017:108,,
humain,00 Électricité_Plans_pour AO - 6,S267_ADD_22,CI-I 500W,8930,6361,0.6863,0.6911,3852,2789,exclue (doublon),H:00 Électricité_Plans_pour AO - 6:30,H:00 Addenda MEP01_Plans-unlocked-page-00017:35,,
humain,00 Électricité_Plans_pour AO - 6,S267_ADD_22,CI-I 500W,9171,6357,0.7049,0.6907,3954,2787,exclue (doublon),H:00 Électricité_Plans_pour AO - 6:31,H:00 Addenda MEP01_Plans-unlocked-page-00017:110,,
humain,00 Électricité_Plans_pour AO - 6,S267_ADD_22,CI-I 500W,9483,6363,0.7288,0.6913,4085,2790,exclue (doublon),H:00 Électricité_Plans_pour AO - 6:32,H:00 Addenda MEP01_Plans-unlocked-page-00017:37,,
humain,00 Électricité_Plans_pour AO - 6,S267_ADD_22,C2.1 4000W,11226,8169,0.8628,0.8875,4821,3563,exclue (version remplacée),H:00 Électricité_Plans_pour AO - 6:33,version remplacée par 00 Addenda MEP01_Plans-unlocked-page-00017,,
humain,00 Électricité_Plans_pour AO - 6,S267_ADD_22,C2.1 4000W,10832,6369,0.8325,0.6920,4655,2792,exclue (version remplacée),H:00 Électricité_Plans_pour AO - 6:34,version remplacée par 00 Addenda MEP01_Plans-unlocked-page-00017,,
humain,00 Électricité_Plans_pour AO - 6,S267_ADD_22,C2.1 4000W,9671,6388,0.7433,0.6940,4165,2800,exclue (doublon),H:00 Électricité_Plans_pour AO - 6:35,H:00 Addenda MEP01_Plans-unlocked-page-00017:102,,
humain,00 Électricité_Plans_pour AO - 6,S267_ADD_22,C2.1 4000W,9671,8347,0.7433,0.9069,4165,3639,exclue (version remplacée),H:00 Électricité_Plans_pour AO - 6:36,version remplacée par 00 Addenda MEP01_Plans-unlocked-page-00017,,
humain,00 Électricité_Plans_pour AO - 6,S267_ADD_22,C2.1 4000W,4954,8355,0.3808,0.9078,2174,3642,exclue (version remplacée),H:00 Électricité_Plans_pour AO - 6:37,version remplacée par 00 Addenda MEP01_Plans-unlocked-page-00017,,
humain,00 Électricité_Plans_pour AO - 6,S267_ADD_22,C2.1 4000W,4968,6386,0.3818,0.6938,2180,2799,exclue (doublon),H:00 Électricité_Plans_pour AO - 6:38,H:00 Addenda MEP01_Plans-unlocked-page-00017:4,,
humain,00 Électricité_Plans_pour AO - 6,S267_ADD_22,C3.1 8000W,507,7215,0.0390,0.7839,297,3154,exclue (doublon),H:00 Électricité_Plans_pour AO - 6:39,H:00 Addenda MEP01_Plans-unlocked-page-00017:56,,
humain,00 Électricité_Plans_pour AO - 6,S267_ADD_22,C4.1 1500W,1251,8461,0.0961,0.9193,611,3688,exclue (doublon),H:00 Électricité_Plans_pour AO - 6:40,H:00 Addenda MEP01_Plans-unlocked-page-00017:47,,
humain,00 Électricité_Plans_pour AO - 6,S267_ADD_22,C4.1 1500W,1804,8454,0.1387,0.9185,844,3685,exclue (doublon),H:00 Électricité_Plans_pour AO - 6:41,H:00 Addenda MEP01_Plans-unlocked-page-00017:46,,
humain,00 Électricité_Plans_pour AO - 6,S267_ADD_22,C5.1 S,2984,7865,0.2293,0.8545,1342,3433,exclue (doublon),H:00 Électricité_Plans_pour AO - 6:42,H:00 Addenda MEP01_Plans-unlocked-page-00017:55,,
humain,00 Électricité_Plans_pour AO - 6,S267_ADD_22,C5.1 S,2980,8450,0.2290,0.9181,1341,3683,exclue (doublon),H:00 Électricité_Plans_pour AO - 6:43,H:00 Addenda MEP01_Plans-unlocked-page-00017:54,,
humain,00 Électricité_Plans_pour AO - 6,S267_ADD_22,C5.1 1000W,9370,8437,0.7202,0.9167,4038,3677,exclue (doublon),H:00 Électricité_Plans_pour AO - 6:44,H:00 Addenda MEP01_Plans-unlocked-page-00017:198,,
humain,00 Électricité_Plans_pour AO - 6,S267_ADD_22,30A 600V F,1452,4248,0.1116,0.4615,696,1884,exclue (doublon),H:00 Électricité_Plans_pour AO - 6:45,H:00 Addenda MEP01_Plans-unlocked-page-00017:79,,
humain,00 Électricité_Plans_pour AO - 6,S267_ADD_22,30A 600V F,1532,4245,0.1177,0.4612,730,1883,exclue (version remplacée),H:00 Électricité_Plans_pour AO - 6:46,version remplacée par 00 Addenda MEP01_Plans-unlocked-page-00017,,
humain,00 Électricité_Plans_pour AO - 6,S267_ADD_22,30A 600V F,1202,4238,0.0924,0.4605,590,1880,exclue (doublon),H:00 Électricité_Plans_pour AO - 6:47,H:00 Addenda MEP01_Plans-unlocked-page-00017:78,,
humain,00 Électricité_Plans_pour AO - 6,S267_ADD_22,30A 600V F,1121,4246,0.0862,0.4613,556,1883,exclue (doublon),H:00 Électricité_Plans_pour AO - 6:48,H:00 Addenda MEP01_Plans-unlocked-page-00017:77,,
humain,00 Électricité_Plans_pour AO - 6,S267_ADD_22,30A 600V F,868,4714,0.0667,0.5122,449,2084,exclue (doublon),H:00 Électricité_Plans_pour AO - 6:49,H:00 Addenda MEP01_Plans-unlocked-page-00017:75,,
humain,00 Électricité_Plans_pour AO - 6,S267_ADD_22,30A 600V F,871,4792,0.0669,0.5206,451,2117,exclue (doublon),H:00 Électricité_Plans_pour AO - 6:50,H:00 Addenda MEP01_Plans-unlocked-page-00017:89,,
humain,00 Électricité_Plans_pour AO - 6,S267_ADD_22,30A 600V F,2965,7759,0.2279,0.8430,1334,3387,exclue (doublon),H:00 Électricité_Plans_pour AO - 6:51,H:00 Addenda MEP01_Plans-unlocked-page-00017:73,,
humain,00 Électricité_Plans_pour AO - 6,S267_ADD_22,30A 600V F,9626,7947,0.7398,0.8634,4146,3468,exclue (version remplacée),H:00 Électricité_Plans_pour AO - 6:52,version remplacée par 00 Addenda MEP01_Plans-unlocked-page-00017,,
humain,00 Électricité_Plans_pour AO - 6,S267_ADD_22,PRISE,404,6362,0.0311,0.6912,254,2789,exclue (doublon),H:00 Électricité_Plans_pour AO - 6:53,H:00 Addenda MEP01_Plans-unlocked-page-00017:167,,
humain,00 Électricité_Plans_pour AO - 6,S267_ADD_22,PRISE,1009,6366,0.0775,0.6917,509,2791,exclue (doublon),H:00 Électricité_Plans_pour AO - 6:54,H:00 Addenda MEP01_Plans-unlocked-page-00017:166,,
humain,00 Électricité_Plans_pour AO - 6,S267_ADD_22,PRISE,1070,6364,0.0822,0.6914,535,2790,exclue (doublon),H:00 Électricité_Plans_pour AO - 6:55,H:00 Addenda MEP01_Plans-unlocked-page-00017:165,,
humain,00 Électricité_Plans_pour AO - 6,S267_ADD_22,PRISE,407,7151,0.0313,0.7769,255,3127,exclue (doublon),H:00 Électricité_Plans_pour AO - 6:56,H:00 Addenda MEP01_Plans-unlocked-page-00017:168,,
humain,00 Électricité_Plans_pour AO - 6,S267_ADD_22,PRISE,1006,7153,0.0773,0.7772,508,3128,exclue (doublon),H:00 Électricité_Plans_pour AO - 6:57,H:00 Addenda MEP01_Plans-unlocked-page-00017:169,,
humain,00 Électricité_Plans_pour AO - 6,S267_ADD_22,PRISE,1070,7153,0.0822,0.7772,535,3128,exclue (doublon),H:00 Électricité_Plans_pour AO - 6:58,H:00 Addenda MEP01_Plans-unlocked-page-00017:170,,
humain,00 Électricité_Plans_pour AO - 6,S267_ADD_22,PRISE,1559,7153,0.1198,0.7772,741,3128,exclue (doublon),H:00 Électricité_Plans_pour AO - 6:59,H:00 Addenda MEP01_Plans-unlocked-page-00017:161,,
humain,00 Électricité_Plans_pour AO - 6,S267_ADD_22,PRISE,1626,7157,0.1250,0.7776,769,3129,exclue (version remplacée),H:00 Électricité_Plans_pour AO - 6:60,version remplacée par 00 Addenda MEP01_Plans-unlocked-page-00017,,
humain,00 Électricité_Plans_pour AO - 6,S267_ADD_22,PRISE,1565,6366,0.1203,0.6917,743,2791,exclue (doublon),H:00 Électricité_Plans_pour AO - 6:61,H:00 Addenda MEP01_Plans-unlocked-page-00017:163,,
humain,00 Électricité_Plans_pour AO - 6,S267_ADD_22,PRISE,1622,6359,0.1247,0.6909,768,2788,exclue (doublon),H:00 Électricité_Plans_pour AO - 6:62,H:00 Addenda MEP01_Plans-unlocked-page-00017:11,,
humain,00 Électricité_Plans_pour AO - 6,S267_ADD_22,PRISE,2111,6357,0.1622,0.6907,974,2787,exclue (doublon),H:00 Électricité_Plans_pour AO - 6:63,H:00 Addenda MEP01_Plans-unlocked-page-00017:158,,
humain,00 Électricité_Plans_pour AO - 6,S267_ADD_22,PRISE,2182,6362,0.1677,0.6912,1004,2789,exclue (doublon),H:00 Électricité_Plans_pour AO - 6:64,H:00 Addenda MEP01_Plans-unlocked-page-00017:157,,
humain,00 Électricité_Plans_pour AO - 6,S267_ADD_22,PRISE,2669,6361,0.2051,0.6911,1209,2789,exclue (doublon),H:00 Électricité_Plans_pour AO - 6:65,H:00 Addenda MEP01_Plans-unlocked-page-00017:151,,
humain,00 Électricité_Plans_pour AO - 6,S267_ADD_22,PRISE,2735,6359,0.2102,0.6909,1237,2788,exclue (doublon),H:00 Électricité_Plans_pour AO - 6:66,H:00 Addenda MEP01_Plans-unlocked-page-00017:15,,
humain,00 Électricité_Plans_pour AO - 6,S267_ADD_22,PRISE,2735,7151,0.2102,0.7769,1237,3127,exclue (version remplacée),H:00 Électricité_Plans_pour AO - 6:67,version remplacée par 00 Addenda MEP01_Plans-unlocked-page-00017,,
humain,00 Électricité_Plans_pour AO - 6,S267_ADD_22,PRISE,2670,7153,0.2052,0.7772,1210,3128,exclue (doublon),H:00 Électricité_Plans_pour AO - 6:68,H:00 Addenda MEP01_Plans-unlocked-page-00017:154,,
humain,00 Électricité_Plans_pour AO - 6,S267_ADD_22,PRISE,2180,7155,0.1676,0.7774,1003,3129,exclue (doublon),H:00 Électricité_Plans_pour AO - 6:69,H:00 Addenda MEP01_Plans-unlocked-page-00017:160,,
humain,00 Électricité_Plans_pour AO - 6,S267_ADD_22,PRISE,2117,7155,0.1627,0.7774,976,3129,exclue (doublon),H:00 Électricité_Plans_pour AO - 6:70,H:00 Addenda MEP01_Plans-unlocked-page-00017:159,,
humain,00 Électricité_Plans_pour AO - 6,S267_ADD_22,PRISE,3230,7157,0.2483,0.7776,1446,3129,exclue (doublon),H:00 Électricité_Plans_pour AO - 6:71,H:00 Addenda MEP01_Plans-unlocked-page-00017:155,,
humain,00 Électricité_Plans_pour AO - 6,S267_ADD_22,PRISE,3285,7151,0.2525,0.7769,1469,3127,exclue (doublon),H:00 Électricité_Plans_pour AO - 6:72,H:00 Addenda MEP01_Plans-unlocked-page-00017:156,,
humain,00 Électricité_Plans_pour AO - 6,S267_ADD_22,PRISE,3222,6364,0.2476,0.6914,1443,2790,exclue (doublon),H:00 Électricité_Plans_pour AO - 6:73,H:00 Addenda MEP01_Plans-unlocked-page-00017:150,,
humain,00 Électricité_Plans_pour AO - 6,S267_ADD_22,PRISE,3291,6359,0.2529,0.6909,1472,2788,exclue (doublon),H:00 Électricité_Plans_pour AO - 6:74,H:00 Addenda MEP01_Plans-unlocked-page-00017:149,,
humain,00 Électricité_Plans_pour AO - 6,S267_ADD_22,PRISE,3785,6366,0.2909,0.6917,1680,2791,exclue (doublon),H:00 Électricité_Plans_pour AO - 6:75,H:00 Addenda MEP01_Plans-unlocked-page-00017:147,,
humain,00 Électricité_Plans_pour AO - 6,S267_ADD_22,PRISE,3839,6355,0.2951,0.6905,1703,2786,exclue (doublon),H:00 Électricité_Plans_pour AO - 6:76,H:00 Addenda MEP01_Plans-unlocked-page-00017:148,,
humain,00 Électricité_Plans_pour AO - 6,S267_ADD_22,PRISE,4333,6361,0.3330,0.6911,1912,2789,exclue (doublon),H:00 Électricité_Plans_pour AO - 6:77,H:00 Addenda MEP01_Plans-unlocked-page-00017:142,,
humain,00 Électricité_Plans_pour AO - 6,S267_ADD_22,PRISE,4398,6361,0.3380,0.6911,1939,2789,exclue (doublon),H:00 Électricité_Plans_pour AO - 6:78,H:00 Addenda MEP01_Plans-unlocked-page-00017:141,,
humain,00 Électricité_Plans_pour AO - 6,S267_ADD_22,PRISE,4402,7155,0.3383,0.7774,1941,3129,exclue (doublon),H:00 Électricité_Plans_pour AO - 6:79,H:00 Addenda MEP01_Plans-unlocked-page-00017:144,,
humain,00 Électricité_Plans_pour AO - 6,S267_ADD_22,PRISE,4332,7155,0.3329,0.7774,1911,3129,exclue (doublon),H:00 Électricité_Plans_pour AO - 6:80,H:00 Addenda MEP01_Plans-unlocked-page-00017:143,,
humain,00 Électricité_Plans_pour AO - 6,S267_ADD_22,PRISE,3843,7149,0.2954,0.7767,1705,3126,exclue (doublon),H:00 Électricité_Plans_pour AO - 6:81,H:00 Addenda MEP01_Plans-unlocked-page-00017:145,,
humain,00 Électricité_Plans_pour AO - 6,S267_ADD_22,PRISE,3778,7153,0.2904,0.7772,1677,3128,exclue (doublon),H:00 Électricité_Plans_pour AO - 6:82,H:00 Addenda MEP01_Plans-unlocked-page-00017:146,,
humain,00 Électricité_Plans_pour AO - 6,S267_ADD_22,PRISE,4887,7151,0.3756,0.7769,2146,3127,exclue (doublon),H:00 Électricité_Plans_pour AO - 6:83,H:00 Addenda MEP01_Plans-unlocked-page-00017:139,,
humain,00 Électricité_Plans_pour AO - 6,S267_ADD_22,PRISE,4891,6357,0.3759,0.6907,2147,2787,exclue (doublon),H:00 Électricité_Plans_pour AO - 6:84,H:00 Addenda MEP01_Plans-unlocked-page-00017:138,,
humain,00 Électricité_Plans_pour AO - 6,S267_ADD_22,PRISE,5211,6361,0.4005,0.6911,2282,2789,exclue (doublon),H:00 Électricité_Plans_pour AO - 6:85,H:00 Addenda MEP01_Plans-unlocked-page-00017:137,,
humain,00 Électricité_Plans_pour AO - 6,S267_ADD_22,PRISE,5707,6366,0.4386,0.6917,2492,2791,exclue (doublon),H:00 Électricité_Plans_pour AO - 6:86,H:00 Addenda MEP01_Plans-unlocked-page-00017:135,,
humain,00 Électricité_Plans_pour AO - 6,S267_ADD_22,PRISE,5768,6362,0.4433,0.6912,2517,2789,exclue (doublon),H:00 Électricité_Plans_pour AO - 6:87,H:00 Addenda MEP01_Plans-unlocked-page-00017:136,,
humain,00 Électricité_Plans_pour AO - 6,S267_ADD_22,PRISE,6259,6364,0.4811,0.6914,2725,2790,exclue (doublon),H:00 Électricité_Plans_pour AO - 6:88,H:00 Addenda MEP01_Plans-unlocked-page-00017:130,,
humain,00 Électricité_Plans_pour AO - 6,S267_ADD_22,PRISE,6330,6364,0.4865,0.6914,2755,2790,exclue (doublon),H:00 Électricité_Plans_pour AO - 6:89,H:00 Addenda MEP01_Plans-unlocked-page-00017:129,,
humain,00 Électricité_Plans_pour AO - 6,S267_ADD_22,PRISE,6328,7149,0.4864,0.7767,2754,3126,exclue (doublon),H:00 Électricité_Plans_pour AO - 6:90,H:00 Addenda MEP01_Plans-unlocked-page-00017:132,,
humain,00 Électricité_Plans_pour AO - 6,S267_ADD_22,PRISE,6252,7153,0.4805,0.7772,2722,3128,exclue (doublon),H:00 Électricité_Plans_pour AO - 6:91,H:00 Addenda MEP01_Plans-unlocked-page-00017:131,,
humain,00 Électricité_Plans_pour AO - 6,S267_ADD_22,PRISE,5763,7155,0.4429,0.7774,2515,3129,exclue (doublon),H:00 Électricité_Plans_pour AO - 6:92,H:00 Addenda MEP01_Plans-unlocked-page-00017:133,,
humain,00 Électricité_Plans_pour AO - 6,S267_ADD_22,PRISE,5705,7155,0.4385,0.7774,2491,3129,exclue (doublon),H:00 Électricité_Plans_pour AO - 6:93,H:00 Addenda MEP01_Plans-unlocked-page-00017:134,,
humain,00 Électricité_Plans_pour AO - 6,S267_ADD_22,PRISE,5213,7151,0.4007,0.7769,2283,3127,exclue (doublon),H:00 Électricité_Plans_pour AO - 6:94,H:00 Addenda MEP01_Plans-unlocked-page-00017:140,,
humain,00 Électricité_Plans_pour AO - 6,S267_ADD_22,PRISE,6815,7149,0.5238,0.7767,2959,3126,exclue (doublon),H:00 Électricité_Plans_pour AO - 6:95,H:00 Addenda MEP01_Plans-unlocked-page-00017:125,,
humain,00 Électricité_Plans_pour AO - 6,S267_ADD_22,PRISE,6881,7157,0.5289,0.7776,2987,3129,exclue (doublon),H:00 Électricité_Plans_pour AO - 6:96,H:00 Addenda MEP01_Plans-unlocked-page-00017:126,,
humain,00 Électricité_Plans_pour AO - 6,S267_ADD_22,PRISE,6813,6362,0.5236,0.6912,2958,2789,exclue (doublon),H:00 Électricité_Plans_pour AO - 6:97,H:00 Addenda MEP01_Plans-unlocked-page-00017:123,,
humain,00 Électricité_Plans_pour AO - 6,S267_ADD_22,PRISE,6879,6362,0.5287,0.6912,2986,2789,exclue (doublon),H:00 Électricité_Plans_pour AO - 6:98,H:00 Addenda MEP01_Plans-unlocked-page-00017:124,,
humain,00 Électricité_Plans_pour AO - 6,S267_ADD_22,PRISE,7363,6359,0.5659,0.6909,3191,2788,exclue (doublon),H:00 Électricité_Plans_pour AO - 6:99,H:00 Addenda MEP01_Plans-unlocked-page-00017:128,,
humain,00 Électricité_Plans_pour AO - 6,S267_ADD_22,PRISE,7427,6357,0.5708,0.6907,3218,2787,exclue (doublon),H:00 Électricité_Plans_pour AO - 6:100,H:00 Addenda MEP01_Plans-unlocked-page-00017:127,,
humain,00 Électricité_Plans_pour AO - 6,S267_ADD_22,PRISE,7376,7157,0.5669,0.7776,3196,3129,exclue (doublon),H:00 Électricité_Plans_pour AO - 6:101,H:00 Addenda MEP01_Plans-unlocked-page-00017:116,,
humain,00 Électricité_Plans_pour AO - 6,S267_ADD_22,PRISE,7435,7155,0.5714,0.7774,3221,3129,exclue (doublon),H:00 Électricité_Plans_pour AO - 6:102,H:00 Addenda MEP01_Plans-unlocked-page-00017:115,,
humain,00 Électricité_Plans_pour AO - 6,S267_ADD_22,PRISE,7927,7161,0.6093,0.7780,3429,3131,exclue (doublon),H:00 Électricité_Plans_pour AO - 6:103,H:00 Addenda MEP01_Plans-unlocked-page-00017:113,,
humain,00 Électricité_Plans_pour AO - 6,S267_ADD_22,PRISE,7992,7159,0.6142,0.7778,3456,3130,exclue (doublon),H:00 Électricité_Plans_pour AO - 6:104,H:00 Addenda MEP01_Plans-unlocked-page-00017:114,,
humain,00 Électricité_Plans_pour AO - 6,S267_ADD_22,PRISE,7929,6359,0.6094,0.6909,3429,2788,exclue (doublon),H:00 Électricité_Plans_pour AO - 6:105,H:00 Addenda MEP01_Plans-unlocked-page-00017:32,,
humain,00 Électricité_Plans_pour AO - 6,S267_ADD_22,PRISE,7992,6366,0.6142,0.6917,3456,2791,exclue (doublon),H:00 Électricité_Plans_pour AO - 6:106,H:00 Addenda MEP01_Plans-unlocked-page-00017:111,,
humain,00 Électricité_Plans_pour AO - 6,S267_ADD_22,PRISE,8481,6362,0.6518,0.6912,3662,2789,exclue (doublon),H:00 Électricité_Plans_pour AO - 6:107,H:00 Addenda MEP01_Plans-unlocked-page-00017:34,,
humain,00 Électricité_Plans_pour AO - 6,S267_ADD_22,PRISE,8550,6359,0.6571,0.6909,3691,2788,exclue (doublon),H:00 Électricité_Plans_pour AO - 6:108,H:00 Addenda MEP01_Plans-unlocked-page-00017:107,,
humain,00 Électricité_Plans_pour AO - 6,S267_ADD_22,PRISE,9037,6361,0.6946,0.6911,3897,2789,exclue (doublon),H:00 Électricité_Plans_pour AO - 6:109,H:00 Addenda MEP01_Plans-unlocked-page-00017:36,,
humain,00 Électricité_Plans_pour AO - 6,S267_ADD_22,PRISE,9103,6370,0.6996,0.6921,3925,2793,exclue (doublon),H:00 Électricité_Plans_pour AO - 6:110,H:00 Addenda MEP01_Plans-unlocked-page-00017:109,,
humain,00 Électricité_Plans_pour AO - 6,S267_ADD_22,PRISE,9098,7157,0.6993,0.7776,3923,3129,exclue (doublon),H:00 Électricité_Plans_pour AO - 6:111,H:00 Addenda MEP01_Plans-unlocked-page-00017:104,,
humain,00 Électricité_Plans_pour AO - 6,S267_ADD_22,PRISE,9035,7157,0.6944,0.7776,3896,3129,exclue (version remplacée),H:00 Électricité_Plans_pour AO - 6:112,version remplacée par 00 Addenda MEP01_Plans-unlocked-page-00017,,
humain,00 Électricité_Plans_pour AO - 6,S267_ADD_22,PRISE,8555,7155,0.6575,0.7774,3694,3129,exclue (doublon),H:00 Électricité_Plans_pour AO - 6:113,H:00 Addenda MEP01_Plans-unlocked-page-00017:106,,
humain,00 Électricité_Plans_pour AO - 6,S267_ADD_22,PRISE,8474,7151,0.6513,0.7769,3659,3127,exclue (doublon),H:00 Électricité_Plans_pour AO - 6:114,H:00 Addenda MEP01_Plans-unlocked-page-00017:105,,
humain,00 Électricité_Plans_pour AO - 6,S267_ADD_22,PRISE,9586,7149,0.7368,0.7767,4129,3126,exclue (doublon),H:00 Électricité_Plans_pour AO - 6:115,H:00 Addenda MEP01_Plans-unlocked-page-00017:101,,
humain,00 Électricité_Plans_pour AO - 6,S267_ADD_22,PRISE,9588,6361,0.7369,0.6911,4130,2789,exclue (doublon),H:00 Électricité_Plans_pour AO - 6:116,H:00 Addenda MEP01_Plans-unlocked-page-00017:38,,
humain,00 Électricité_Plans_pour AO - 6,S267_ADD_22,PRISE,9367,8061,0.7199,0.8758,4036,3516,exclue (doublon),H:00 Électricité_Plans_pour AO - 6:117,H:00 Addenda MEP01_Plans-unlocked-page-00017:122,,
humain,00 Électricité_Plans_pour AO - 6,S267_ADD_22,PRISE,9247,8007,0.7107,0.8699,3986,3493,exclue (version remplacée),H:00 Électricité_Plans_pour AO - 6:118,version remplacée par 00 Addenda MEP01_Plans-unlocked-page-00017,,
humain,00 Électricité_Plans_pour AO - 6,S267_ADD_22,PRISE,9215,8361,0.7082,0.9084,3972,3645,exclue (doublon),H:00 Électricité_Plans_pour AO - 6:119,H:00 Addenda MEP01_Plans-unlocked-page-00017:83,,
humain,00 Électricité_Plans_pour AO - 6,S267_ADD_22,PRISE,9093,8416,0.6989,0.9144,3921,3668,exclue (doublon),H:00 Électricité_Plans_pour AO - 6:120,H:00 Addenda MEP01_Plans-unlocked-page-00017:197,,
humain,00 Électricité_Plans_pour AO - 6,S267_ADD_22,PRISE,8891,8411,0.6833,0.9138,3835,3666,exclue (doublon),H:00 Électricité_Plans_pour AO - 6:121,H:00 Addenda MEP01_Plans-unlocked-page-00017:45,,
humain,00 Électricité_Plans_pour AO - 6,S267_ADD_22,PRISE,8700,8413,0.6687,0.9141,3755,3667,exclue (version remplacée),H:00 Électricité_Plans_pour AO - 6:122,version remplacée par 00 Addenda MEP01_Plans-unlocked-page-00017,,
humain,00 Électricité_Plans_pour AO - 6,S267_ADD_22,PRISE,8504,8413,0.6536,0.9141,3672,3667,exclue (doublon),H:00 Électricité_Plans_pour AO - 6:123,H:00 Addenda MEP01_Plans-unlocked-page-00017:44,,
humain,00 Électricité_Plans_pour AO - 6,S267_ADD_22,PRISE,8295,8416,0.6375,0.9144,3584,3668,exclue (version remplacée),H:00 Électricité_Plans_pour AO - 6:124,version remplacée par 00 Addenda MEP01_Plans-unlocked-page-00017,,
humain,00 Électricité_Plans_pour AO - 6,S267_ADD_22,PRISE,8095,8413,0.6222,0.9141,3499,3667,exclue (doublon),H:00 Électricité_Plans_pour AO - 6:125,H:00 Addenda MEP01_Plans-unlocked-page-00017:43,,
humain,00 Électricité_Plans_pour AO - 6,S267_ADD_22,PRISE,7904,8411,0.6075,0.9138,3419,3666,exclue (version remplacée),H:00 Électricité_Plans_pour AO - 6:126,version remplacée par 00 Addenda MEP01_Plans-unlocked-page-00017,,
humain,00 Électricité_Plans_pour AO - 6,S267_ADD_22,PRISE,7534,8407,0.5790,0.9134,3263,3665,exclue (doublon),H:00 Électricité_Plans_pour AO - 6:127,H:00 Addenda MEP01_Plans-unlocked-page-00017:190,,
humain,00 Électricité_Plans_pour AO - 6,S267_ADD_22,PRISE,7543,7576,0.5797,0.8231,3266,3309,exclue (doublon),H:00 Électricité_Plans_pour AO - 6:128,H:00 Addenda MEP01_Plans-unlocked-page-00017:189,,
humain,00 Électricité_Plans_pour AO - 6,S267_ADD_22,PRISE,8104,7574,0.6229,0.8229,3503,3308,exclue (version remplacée),H:00 Électricité_Plans_pour AO - 6:129,version remplacée par 00 Addenda MEP01_Plans-unlocked-page-00017,,
humain,00 Électricité_Plans_pour AO - 6,S267_ADD_22,PRISE,8299,7585,0.6378,0.8241,3586,3313,exclue (version remplacée),H:00 Électricité_Plans_pour AO - 6:130,version remplacée par 00 Addenda MEP01_Plans-unlocked-page-00017,,
humain,00 Électricité_Plans_pour AO - 6,S267_ADD_22,PRISE,8506,7574,0.6538,0.8229,3673,3308,exclue (version remplacée),H:00 Électricité_Plans_pour AO - 6:131,version remplacée par 00 Addenda MEP01_Plans-unlocked-page-00017,,
humain,00 Électricité_Plans_pour AO - 6,S267_ADD_22,PRISE,8708,7578,0.6693,0.8233,3758,3310,exclue (version remplacée),H:00 Électricité_Plans_pour AO - 6:132,version remplacée par 00 Addenda MEP01_Plans-unlocked-page-00017,,
humain,00 Électricité_Plans_pour AO - 6,S267_ADD_22,PRISE,8906,7578,0.6845,0.8233,3842,3310,exclue (doublon),H:00 Électricité_Plans_pour AO - 6:133,H:00 Addenda MEP01_Plans-unlocked-page-00017:121,,
humain,00 Électricité_Plans_pour AO - 6,S267_ADD_22,PRISE,10426,8294,0.8013,0.9011,4483,3616,exclue (doublon),H:00 Électricité_Plans_pour AO - 6:134,H:00 Addenda MEP01_Plans-unlocked-page-00017:60,,
humain,00 Électricité_Plans_pour AO - 6,S267_ADD_22,PRISE,1924,7585,0.1479,0.8241,895,3313,exclue (doublon),H:00 Électricité_Plans_pour AO - 6:135,H:00 Addenda MEP01_Plans-unlocked-page-00017:175,,
humain,00 Électricité_Plans_pour AO - 6,S267_ADD_22,PRISE,2143,7605,0.1647,0.8263,987,3321,exclue (doublon),H:00 Électricité_Plans_pour AO - 6:136,H:00 Addenda MEP01_Plans-unlocked-page-00017:177,,
humain,00 Électricité_Plans_pour AO - 6,S267_ADD_22,PRISE,2144,7679,0.1648,0.8343,988,3353,exclue (doublon),H:00 Électricité_Plans_pour AO - 6:137,H:00 Addenda MEP01_Plans-unlocked-page-00017:178,,
humain,00 Électricité_Plans_pour AO - 6,S267_ADD_22,PRISE,2078,7779,0.1597,0.8452,960,3396,exclue (doublon),H:00 Électricité_Plans_pour AO - 6:138,H:00 Addenda MEP01_Plans-unlocked-page-00017:176,,
humain,00 Électricité_Plans_pour AO - 6,S267_ADD_22,PRISE,2141,7750,0.1646,0.8420,987,3383,exclue (doublon),H:00 Électricité_Plans_pour AO - 6:139,H:00 Addenda MEP01_Plans-unlocked-page-00017:179,,
humain,00 Électricité_Plans_pour AO - 6,S267_ADD_22,PRISE,2143,7841,0.1647,0.8519,987,3422,exclue (doublon),H:00 Électricité_Plans_pour AO - 6:140,H:00 Addenda MEP01_Plans-unlocked-page-00017:180,,
humain,00 Électricité_Plans_pour AO - 6,S267_ADD_22,PRISE,2143,7913,0.1647,0.8597,987,3453,exclue (doublon),H:00 Électricité_Plans_pour AO - 6:141,H:00 Addenda MEP01_Plans-unlocked-page-00017:181,,
humain,00 Électricité_Plans_pour AO - 6,S267_ADD_22,PRISE,2137,7989,0.1642,0.8680,985,3486,exclue (doublon),H:00 Électricité_Plans_pour AO - 6:142,H:00 Addenda MEP01_Plans-unlocked-page-00017:182,,
humain,00 Électricité_Plans_pour AO - 6,S267_ADD_22,PRISE,2141,8063,0.1646,0.8760,987,3517,exclue (doublon),H:00 Électricité_Plans_pour AO - 6:143,H:00 Addenda MEP01_Plans-unlocked-page-00017:183,,
humain,00 Électricité_Plans_pour AO - 6,S267_ADD_22,PRISE,2146,8141,0.1649,0.8845,989,3551,exclue (doublon),H:00 Électricité_Plans_pour AO - 6:144,H:00 Addenda MEP01_Plans-unlocked-page-00017:184,,
humain,00 Électricité_Plans_pour AO - 6,S267_ADD_22,PRISE,2141,8215,0.1646,0.8925,987,3582,exclue (doublon),H:00 Électricité_Plans_pour AO - 6:145,H:00 Addenda MEP01_Plans-unlocked-page-00017:185,,
humain,00 Électricité_Plans_pour AO - 6,S267_ADD_22,PRISE,2080,8270,0.1599,0.8985,961,3606,exclue (doublon),H:00 Électricité_Plans_pour AO - 6:146,H:00 Addenda MEP01_Plans-unlocked-page-00017:186,,
humain,00 Électricité_Plans_pour AO - 6,S267_ADD_22,PRISE,1420,7785,0.1091,0.8458,682,3398,exclue (doublon),H:00 Électricité_Plans_pour AO - 6:147,H:00 Addenda MEP01_Plans-unlocked-page-00017:174,,
humain,00 Électricité_Plans_pour AO - 6,S267_ADD_22,PRISE,1363,7863,0.1048,0.8543,658,3432,exclue (doublon),H:00 Électricité_Plans_pour AO - 6:148,H:00 Addenda MEP01_Plans-unlocked-page-00017:173,,
humain,00 Électricité_Plans_pour AO - 6,S267_ADD_22,PRISE,1276,7857,0.0981,0.8537,622,3429,exclue (doublon),H:00 Électricité_Plans_pour AO - 6:149,H:00 Addenda MEP01_Plans-unlocked-page-00017:172,,
humain,00 Électricité_Plans_pour AO - 6,S267_ADD_22,PRISE,1012,7828,0.0778,0.8505,510,3417,exclue (doublon),H:00 Électricité_Plans_pour AO - 6:150,H:00 Addenda MEP01_Plans-unlocked-page-00017:171,,
humain,00 Électricité_Plans_pour AO - 6,S267_ADD_22,PRISE,1008,8229,0.0775,0.8941,508,3588,exclue (doublon),H:00 Électricité_Plans_pour AO - 6:151,H:00 Addenda MEP01_Plans-unlocked-page-00017:187,,
humain,00 Électricité_Plans_pour AO - 6,S267_ADD_22,PRISE,1076,8274,0.0827,0.8990,537,3608,exclue (doublon),H:00 Électricité_Plans_pour AO - 6:152,H:00 Addenda MEP01_Plans-unlocked-page-00017:188,,
humain,00 Électricité_Plans_pour AO - 6,S267_ADD_22,PRISE,9517,8006,0.7315,0.8698,4100,3493,exclue (doublon),H:00 Électricité_Plans_pour AO - 6:153,H:00 Addenda MEP01_Plans-unlocked-page-00017:199,,
humain,00 Électricité_Plans_pour AO - 6,S267_ADD_22,PRISE15/20A,1321,7214,0.1015,0.7838,641,3154,exclue (doublon),H:00 Électricité_Plans_pour AO - 6:154,H:00 Addenda MEP01_Plans-unlocked-page-00017:162,,
humain,00 Électricité_Plans_pour AO - 6,S267_ADD_22,PRISE15/20A,2178,8436,0.1674,0.9166,1002,3677,exclue (version remplacée),H:00 Électricité_Plans_pour AO - 6:155,version remplacée par 00 Addenda MEP01_Plans-unlocked-page-00017,,
humain,00 Électricité_Plans_pour AO - 6,S267_ADD_22,PRISE15/20A,2265,8430,0.1741,0.9159,1039,3674,exclue (version remplacée),H:00 Électricité_Plans_pour AO - 6:156,version remplacée par 00 Addenda MEP01_Plans-unlocked-page-00017,,
humain,00 Électricité_Plans_pour AO - 6,S267_ADD_22,PRISE15/20A,2351,8434,0.1807,0.9163,1075,3676,exclue (version remplacée),H:00 Électricité_Plans_pour AO - 6:157,version remplacée par 00 Addenda MEP01_Plans-unlocked-page-00017,,
humain,00 Électricité_Plans_pour AO - 6,S267_ADD_22,PRISE15/20A,2430,8434,0.1868,0.9163,1109,3676,exclue (version remplacée),H:00 Électricité_Plans_pour AO - 6:158,version remplacée par 00 Addenda MEP01_Plans-unlocked-page-00017,,
humain,00 Électricité_Plans_pour AO - 6,S267_ADD_22,PRISE15/20A,2517,8432,0.1935,0.9161,1145,3675,exclue (version remplacée),H:00 Électricité_Plans_pour AO - 6:159,version remplacée par 00 Addenda MEP01_Plans-unlocked-page-00017,,
humain,00 Électricité_Plans_pour AO - 6,S267_ADD_22,PRISE15/20A,2682,8303,0.2061,0.9021,1215,3620,exclue (version remplacée),H:00 Électricité_Plans_pour AO - 6:160,version remplacée par 00 Addenda MEP01_Plans-unlocked-page-00017,,
humain,00 Électricité_Plans_pour AO - 6,S267_ADD_22,PRISE15/20A,2680,8216,0.2060,0.8927,1214,3583,exclue (version remplacée),H:00 Électricité_Plans_pour AO - 6:161,version remplacée par 00 Addenda MEP01_Plans-unlocked-page-00017,,
humain,00 Électricité_Plans_pour AO - 6,S267_ADD_22,PRISE15/20A,2676,8116,0.2057,0.8818,1212,3540,exclue (version remplacée),H:00 Électricité_Plans_pour AO - 6:162,version remplacée par 00 Addenda MEP01_Plans-unlocked-page-00017,,
humain,00 Électricité_Plans_pour AO - 6,S267_ADD_22,PRISE15/20A,3319,8299,0.2551,0.9017,1484,3618,exclue (version remplacée),H:00 Électricité_Plans_pour AO - 6:163,version remplacée par 00 Addenda MEP01_Plans-unlocked-page-00017,,
humain,00 Électricité_Plans_pour AO - 6,S267_ADD_22,PRISE15/20A,3191,7579,0.2453,0.8234,1430,3310,exclue (version remplacée),H:00 Électricité_Plans_pour AO - 6:164,version remplacée par 00 Addenda MEP01_Plans-unlocked-page-00017,,
humain,00 Électricité_Plans_pour AO - 6,S267_ADD_22,PRISE15/20A,2878,7573,0.2212,0.8228,1298,3308,exclue (doublon),H:00 Électricité_Plans_pour AO - 6:165,H:00 Addenda MEP01_Plans-unlocked-page-00017:68,,
humain,00 Électricité_Plans_pour AO - 6,S267_ADD_22,PRISE15/20A,2919,7216,0.2243,0.7840,1315,3155,exclue (version remplacée),H:00 Électricité_Plans_pour AO - 6:166,version remplacée par 00 Addenda MEP01_Plans-unlocked-page-00017,,
humain,00 Électricité_Plans_pour AO - 6,S267_ADD_22,PRISE15/20A,4941,8197,0.3798,0.8906,2168,3575,exclue (version remplacée),H:00 Électricité_Plans_pour AO - 6:167,version remplacée par 00 Addenda MEP01_Plans-unlocked-page-00017,,
humain,00 Électricité_Plans_pour AO - 6,S267_ADD_22,PRISE15/20A,4750,7212,0.3651,0.7836,2088,3153,exclue (version remplacée),H:00 Électricité_Plans_pour AO - 6:168,version remplacée par 00 Addenda MEP01_Plans-unlocked-page-00017,,
humain,00 Électricité_Plans_pour AO - 6,S267_ADD_22,PRISE15/20A,6226,7216,0.4785,0.7840,2711,3155,exclue (version remplacée),H:00 Électricité_Plans_pour AO - 6:169,version remplacée par 00 Addenda MEP01_Plans-unlocked-page-00017,,
humain,00 Électricité_Plans_pour AO - 6,S267_ADD_22,PRISE15/20A,6439,8293,0.4949,0.9010,2801,3616,exclue (doublon),H:00 Électricité_Plans_pour AO - 6:170,H:00 Addenda MEP01_Plans-unlocked-page-00017:53,,
humain,00 Électricité_Plans_pour AO - 6,S267_ADD_22,PRISE15/20A,6876,8253,0.5285,0.8967,2985,3599,exclue (version remplacée),H:00 Électricité_Plans_pour AO - 6:171,version remplacée par 00 Addenda MEP01_Plans-unlocked-page-00017,,
humain,00 Électricité_Plans_pour AO - 6,S267_ADD_22,PRISE15/20A,6879,7838,0.5287,0.8516,2986,3421,exclue (version remplacée),H:00 Électricité_Plans_pour AO - 6:172,version remplacée par 00 Addenda MEP01_Plans-unlocked-page-00017,,
humain,00 Électricité_Plans_pour AO - 6,S267_ADD_22,PRISE15/20A,7085,7717,0.5445,0.8384,3073,3369,exclue (version remplacée),H:00 Électricité_Plans_pour AO - 6:173,version remplacée par 00 Addenda MEP01_Plans-unlocked-page-00017,,
humain,00 Électricité_Plans_pour AO - 6,S267_ADD_22,PRISE15/20A,7081,7793,0.5442,0.8467,3071,3402,exclue (version remplacée),H:00 Électricité_Plans_pour AO - 6:174,version remplacée par 00 Addenda MEP01_Plans-unlocked-page-00017,,
humain,00 Électricité_Plans_pour AO - 6,S267_ADD_22,PRISE15/20A,7353,7573,0.5651,0.8228,3186,3308,exclue (version remplacée),H:00 Électricité_Plans_pour AO - 6:175,version remplacée par 00 Addenda MEP01_Plans-unlocked-page-00017,,
humain,00 Électricité_Plans_pour AO - 6,S267_ADD_22,PRISE15/20A,7768,7210,0.5970,0.7834,3361,3152,exclue (version remplacée),H:00 Électricité_Plans_pour AO - 6:176,version remplacée par 00 Addenda MEP01_Plans-unlocked-page-00017,,
humain,00 Électricité_Plans_pour AO - 6,S267_ADD_22,PRISE15/20A,9378,7212,0.7208,0.7836,4041,3153,exclue (doublon),H:00 Électricité_Plans_pour AO - 6:177,H:00 Addenda MEP01_Plans-unlocked-page-00017:103,,
humain,00 Électricité_Plans_pour AO - 6,S267_ADD_22,PRISE15/20A,9664,7993,0.7428,0.8684,4162,3487,exclue (version remplacée),H:00 Électricité_Plans_pour AO - 6:178,version remplacée par 00 Addenda MEP01_Plans-unlocked-page-00017,,
humain,00 Électricité_Plans_pour AO - 6,S267_ADD_22,PRISE15/20A,9662,6883,0.7426,0.7478,4161,3012,exclue (version remplacée),H:00 Électricité_Plans_pour AO - 6:179,version remplacée par 00 Addenda MEP01_Plans-unlocked-page-00017,,
humain,00 Électricité_Plans_pour AO - 6,S267_ADD_22,RACCORD DIRECT,9804,6370,0.7535,0.6921,4221,2793,exclue (doublon),H:00 Électricité_Plans_pour AO - 6:180,H:00 Addenda MEP01_Plans-unlocked-page-00017:2,,
humain,00 Électricité_Plans_pour AO - 6,S267_ADD_22,RACCORD DIRECT,9810,6675,0.7540,0.7252,4223,2923,exclue (version remplacée),H:00 Électricité_Plans_pour AO - 6:181,version remplacée par 00 Addenda MEP01_Plans-unlocked-page-00017,,
humain,00 Électricité_Plans_pour AO - 6,S267_ADD_22,RACCORD DIRECT,9616,8096,0.7391,0.8796,4141,3531,exclue (version remplacée),H:00 Électricité_Plans_pour AO - 6:182,version remplacée par 00 Addenda MEP01_Plans-unlocked-page-00017,,
humain,00 Électricité_Plans_pour AO - 6,S267_ADD_22,RACCORD DIRECT,9801,8131,0.7533,0.8834,4219,3546,exclue (version remplacée),H:00 Électricité_Plans_pour AO - 6:183,version remplacée par 00 Addenda MEP01_Plans-unlocked-page-00017,,
humain,00 Électricité_Plans_pour AO - 6,S267_ADD_22,RACCORD DIRECT,9610,8266,0.7386,0.8981,4139,3604,exclue (doublon),H:00 Électricité_Plans_pour AO - 6:184,H:00 Addenda MEP01_Plans-unlocked-page-00017:59,,
humain,00 Électricité_Plans_pour AO - 6,S267_ADD_22,RACCORD DIRECT,9806,8429,0.7537,0.9158,4222,3674,exclue (doublon),H:00 Électricité_Plans_pour AO - 6:185,H:00 Addenda MEP01_Plans-unlocked-page-00017:3,,
humain,00 Électricité_Plans_pour AO - 6,S267_ADD_22,RACCORD DIRECT,6295,7769,0.4838,0.8441,2740,3391,exclue (version remplacée),H:00 Électricité_Plans_pour AO - 6:186,version remplacée par 00 Addenda MEP01_Plans-unlocked-page-00017,,
humain,00 Électricité_Plans_pour AO - 6,S267_ADD_22,RACCORD DIRECT,6232,7773,0.4790,0.8445,2713,3393,exclue (version remplacée),H:00 Électricité_Plans_pour AO - 6:187,version remplacée par 00 Addenda MEP01_Plans-unlocked-page-00017,,
humain,00 Électricité_Plans_pour AO - 6,S267_ADD_22,RACCORD DIRECT,6231,8269,0.4789,0.8984,2713,3606,exclue (version remplacée),H:00 Électricité_Plans_pour AO - 6:188,version remplacée par 00 Addenda MEP01_Plans-unlocked-page-00017,,
humain,00 Électricité_Plans_pour AO - 6,S267_ADD_22,RACCORD DIRECT,6290,8264,0.4834,0.8979,2738,3603,exclue (version remplacée),H:00 Électricité_Plans_pour AO - 6:189,version remplacée par 00 Addenda MEP01_Plans-unlocked-page-00017,,
humain,00 Électricité_Plans_pour AO - 6,S267_ADD_22,RACCORD DIRECT,7227,7216,0.5555,0.7840,3133,3155,exclue (version remplacée),H:00 Électricité_Plans_pour AO - 6:190,version remplacée par 00 Addenda MEP01_Plans-unlocked-page-00017,,
humain,00 Électricité_Plans_pour AO - 6,S267_ADD_22,RACCORD DIRECT,5673,7771,0.4360,0.8443,2477,3392,exclue (version remplacée),H:00 Électricité_Plans_pour AO - 6:191,version remplacée par 00 Addenda MEP01_Plans-unlocked-page-00017,,
humain,00 Électricité_Plans_pour AO - 6,S267_ADD_22,RACCORD DIRECT,5928,7771,0.4556,0.8443,2585,3392,exclue (version remplacée),H:00 Électricité_Plans_pour AO - 6:192,version remplacée par 00 Addenda MEP01_Plans-unlocked-page-00017,,
humain,00 Électricité_Plans_pour AO - 6,S267_ADD_22,RACCORD DIRECT,5986,7767,0.4601,0.8439,2609,3391,exclue (version remplacée),H:00 Électricité_Plans_pour AO - 6:193,version remplacée par 00 Addenda MEP01_Plans-unlocked-page-00017,,
humain,00 Électricité_Plans_pour AO - 6,S267_ADD_22,RACCORD DIRECT,5934,8267,0.4561,0.8982,2587,3605,exclue (version remplacée),H:00 Électricité_Plans_pour AO - 6:194,version remplacée par 00 Addenda MEP01_Plans-unlocked-page-00017,,
humain,00 Électricité_Plans_pour AO - 6,S267_ADD_22,RACCORD DIRECT,5977,8266,0.4594,0.8981,2606,3604,exclue (version remplacée),H:00 Électricité_Plans_pour AO - 6:195,version remplacée par 00 Addenda MEP01_Plans-unlocked-page-00017,,
humain,00 Électricité_Plans_pour AO - 6,S267_ADD_22,RACCORD DIRECT,5675,8262,0.4362,0.8977,2478,3603,exclue (version remplacée),H:00 Électricité_Plans_pour AO - 6:196,version remplacée par 00 Addenda MEP01_Plans-unlocked-page-00017,,
humain,00 Électricité_Plans_pour AO - 6,S267_ADD_22,RACCORD DIRECT,5621,8260,0.4320,0.8974,2455,3602,exclue (version remplacée),H:00 Électricité_Plans_pour AO - 6:197,version remplacée par 00 Addenda MEP01_Plans-unlocked-page-00017,,
humain,00 Électricité_Plans_pour AO - 6,S267_ADD_22,RACCORD DIRECT,5377,8260,0.4133,0.8974,2352,3602,exclue (version remplacée),H:00 Électricité_Plans_pour AO - 6:198,version remplacée par 00 Addenda MEP01_Plans-unlocked-page-00017,,
humain,00 Électricité_Plans_pour AO - 6,S267_ADD_22,RACCORD DIRECT,5314,8260,0.4084,0.8974,2326,3602,exclue (version remplacée),H:00 Électricité_Plans_pour AO - 6:199,version remplacée par 00 Addenda MEP01_Plans-unlocked-page-00017,,
humain,00 Électricité_Plans_pour AO - 6,S267_ADD_22,RACCORD DIRECT,5310,7769,0.4081,0.8441,2324,3391,exclue (version remplacée),H:00 Électricité_Plans_pour AO - 6:200,version remplacée par 00 Addenda MEP01_Plans-unlocked-page-00017,,
humain,00 Électricité_Plans_pour AO - 6,S267_ADD_22,RACCORD DIRECT,5375,7767,0.4131,0.8439,2351,3391,exclue (version remplacée),H:00 Électricité_Plans_pour AO - 6:201,version remplacée par 00 Addenda MEP01_Plans-unlocked-page-00017,,
humain,00 Électricité_Plans_pour AO - 6,S267_ADD_22,RACCORD DIRECT,4849,7784,0.3727,0.8457,2129,3398,exclue (version remplacée),H:00 Électricité_Plans_pour AO - 6:202,version remplacée par 00 Addenda MEP01_Plans-unlocked-page-00017,,
humain,00 Électricité_Plans_pour AO - 6,S267_ADD_22,RACCORD DIRECT,4855,8236,0.3731,0.8948,2132,3591,exclue (version remplacée),H:00 Électricité_Plans_pour AO - 6:203,version remplacée par 00 Addenda MEP01_Plans-unlocked-page-00017,,
humain,00 Électricité_Plans_pour AO - 6,S267_ADD_22,RACCORD DIRECT,4696,8234,0.3609,0.8946,2065,3591,exclue (version remplacée),H:00 Électricité_Plans_pour AO - 6:204,version remplacée par 00 Addenda MEP01_Plans-unlocked-page-00017,,
humain,00 Électricité_Plans_pour AO - 6,S267_ADD_22,RACCORD DIRECT,4696,7791,0.3609,0.8465,2065,3401,exclue (version remplacée),H:00 Électricité_Plans_pour AO - 6:205,version remplacée par 00 Addenda MEP01_Plans-unlocked-page-00017,,
humain,00 Électricité_Plans_pour AO - 6,S267_ADD_22,RACCORD DIRECT,4540,7793,0.3489,0.8467,1999,3402,exclue (version remplacée),H:00 Électricité_Plans_pour AO - 6:206,version remplacée par 00 Addenda MEP01_Plans-unlocked-page-00017,,
humain,00 Électricité_Plans_pour AO - 6,S267_ADD_22,RACCORD DIRECT,4536,8230,0.3486,0.8942,1997,3589,exclue (version remplacée),H:00 Électricité_Plans_pour AO - 6:207,version remplacée par 00 Addenda MEP01_Plans-unlocked-page-00017,,
humain,00 Électricité_Plans_pour AO - 6,S267_ADD_22,RACCORD DIRECT,4386,8234,0.3371,0.8946,1934,3591,exclue (version remplacée),H:00 Électricité_Plans_pour AO - 6:208,version remplacée par 00 Addenda MEP01_Plans-unlocked-page-00017,,
humain,00 Électricité_Plans_pour AO - 6,S267_ADD_22,RACCORD DIRECT,4384,7780,0.3369,0.8453,1933,3396,exclue (version remplacée),H:00 Électricité_Plans_pour AO - 6:209,version remplacée par 00 Addenda MEP01_Plans-unlocked-page-00017,,
humain,00 Électricité_Plans_pour AO - 6,S267_ADD_22,RACCORD DIRECT,4229,7790,0.3250,0.8464,1868,3400,exclue (version remplacée),H:00 Électricité_Plans_pour AO - 6:210,version remplacée par 00 Addenda MEP01_Plans-unlocked-page-00017,,
humain,00 Électricité_Plans_pour AO - 6,S267_ADD_22,RACCORD DIRECT,4227,8232,0.3249,0.8944,1867,3590,exclue (version remplacée),H:00 Électricité_Plans_pour AO - 6:211,version remplacée par 00 Addenda MEP01_Plans-unlocked-page-00017,,
humain,00 Électricité_Plans_pour AO - 6,S267_ADD_22,RACCORD DIRECT,4073,8238,0.3130,0.8950,1802,3592,exclue (version remplacée),H:00 Électricité_Plans_pour AO - 6:212,version remplacée par 00 Addenda MEP01_Plans-unlocked-page-00017,,
humain,00 Électricité_Plans_pour AO - 6,S267_ADD_22,RACCORD DIRECT,4075,7786,0.3132,0.8459,1803,3399,exclue (version remplacée),H:00 Électricité_Plans_pour AO - 6:213,version remplacée par 00 Addenda MEP01_Plans-unlocked-page-00017,,
humain,00 Électricité_Plans_pour AO - 6,S267_ADD_22,RACCORD DIRECT,3916,7786,0.3010,0.8459,1736,3399,exclue (version remplacée),H:00 Électricité_Plans_pour AO - 6:214,version remplacée par 00 Addenda MEP01_Plans-unlocked-page-00017,,
humain,00 Électricité_Plans_pour AO - 6,S267_ADD_22,RACCORD DIRECT,3766,7793,0.2894,0.8467,1672,3402,exclue (version remplacée),H:00 Électricité_Plans_pour AO - 6:215,version remplacée par 00 Addenda MEP01_Plans-unlocked-page-00017,,
humain,00 Électricité_Plans_pour AO - 6,S267_ADD_22,RACCORD DIRECT,3764,8238,0.2893,0.8950,1672,3592,exclue (version remplacée),H:00 Électricité_Plans_pour AO - 6:216,version remplacée par 00 Addenda MEP01_Plans-unlocked-page-00017,,
humain,00 Électricité_Plans_pour AO - 6,S267_ADD_22,RACCORD DIRECT,3918,8232,0.3011,0.8944,1737,3590,exclue (version remplacée),H:00 Électricité_Plans_pour AO - 6:217,version remplacée par 00 Addenda MEP01_Plans-unlocked-page-00017,,
humain,00 Électricité_Plans_pour AO - 6,S267_ADD_22,RACCORD DIRECT,6005,7217,0.4615,0.7841,2617,3155,exclue (version remplacée),H:00 Électricité_Plans_pour AO - 6:218,version remplacée par 00 Addenda MEP01_Plans-unlocked-page-00017,,
humain,00 Électricité_Plans_pour AO - 6,S267_ADD_22,RACCORD DIRECT,3514,7216,0.2701,0.7840,1566,3155,exclue (version remplacée),H:00 Électricité_Plans_pour AO - 6:219,version remplacée par 00 Addenda MEP01_Plans-unlocked-page-00017,,
humain,00 Électricité_Plans_pour AO - 6,S267_ADD_22,RACCORD DIRECT,2605,7219,0.2002,0.7843,1182,3156,exclue (doublon),H:00 Électricité_Plans_pour AO - 6:220,H:00 Addenda MEP01_Plans-unlocked-page-00017:153,,
humain,00 Électricité_Plans_pour AO - 6,S267_ADD_22,RACCORD DIRECT,1074,7404,0.0825,0.8044,536,3235,exclue (version remplacée),H:00 Électricité_Plans_pour AO - 6:221,version remplacée par 00 Addenda MEP01_Plans-unlocked-page-00017,,
humain,00 Électricité_Plans_pour AO - 6,S267_ADD_22,RACCORD DIRECT,393,7404,0.0302,0.8044,249,3235,exclue (version remplacée),H:00 Électricité_Plans_pour AO - 6:222,version remplacée par 00 Addenda MEP01_Plans-unlocked-page-00017,,
humain,00 Électricité_Plans_pour AO - 6,S267_ADD_22,GFI,2671,7749,0.2053,0.8419,1210,3383,exclue (version remplacée),H:00 Électricité_Plans_pour AO - 6:223,version remplacée par 00 Addenda MEP01_Plans-unlocked-page-00017,,
humain,00 Électricité_Plans_pour AO - 6,S267_ADD_22,GFI,2675,7882,0.2056,0.8564,1212,3440,exclue (version remplacée),H:00 Électricité_Plans_pour AO - 6:224,version remplacée par 00 Addenda MEP01_Plans-unlocked-page-00017,,
humain,00 Électricité_Plans_pour AO - 6,S267_ADD_22,GFI,2810,7966,0.2160,0.8655,1269,3476,exclue (version remplacée),H:00 Électricité_Plans_pour AO - 6:225,version remplacée par 00 Addenda MEP01_Plans-unlocked-page-00017,,
humain,00 Électricité_Plans_pour AO - 6,S267_ADD_22,GFI,2821,8336,0.2168,0.9057,1274,3634,exclue (version remplacée),H:00 Électricité_Plans_pour AO - 6:226,version remplacée par 00 Addenda MEP01_Plans-unlocked-page-00017,,
humain,00 Électricité_Plans_pour AO - 6,S267_ADD_22,GFI,4165,7525,0.3201,0.8176,1841,3287,exclue (version remplacée),H:00 Électricité_Plans_pour AO - 6:227,version remplacée par 00 Addenda MEP01_Plans-unlocked-page-00017,,
humain,00 Électricité_Plans_pour AO - 6,S267_ADD_22,GFI,4291,7508,0.3298,0.8157,1894,3280,exclue (version remplacée),H:00 Électricité_Plans_pour AO - 6:228,version remplacée par 00 Addenda MEP01_Plans-unlocked-page-00017,,
humain,00 Électricité_Plans_pour AO - 6,S267_ADD_22,GFI,4427,7508,0.3403,0.8157,1951,3280,exclue (version remplacée),H:00 Électricité_Plans_pour AO - 6:229,version remplacée par 00 Addenda MEP01_Plans-unlocked-page-00017,,
humain,00 Électricité_Plans_pour AO - 6,S267_ADD_22,GFI,5660,7521,0.4350,0.8171,2472,3285,exclue (version remplacée),H:00 Électricité_Plans_pour AO - 6:230,version remplacée par 00 Addenda MEP01_Plans-unlocked-page-00017,,
humain,00 Électricité_Plans_pour AO - 6,S267_ADD_22,GFI,5795,7519,0.4454,0.8169,2529,3284,exclue (version remplacée),H:00 Électricité_Plans_pour AO - 6:231,version remplacée par 00 Addenda MEP01_Plans-unlocked-page-00017,,
humain,00 Électricité_Plans_pour AO - 6,S267_ADD_22,GFI,5934,7518,0.4561,0.8168,2587,3284,exclue (version remplacée),H:00 Électricité_Plans_pour AO - 6:232,version remplacée par 00 Addenda MEP01_Plans-unlocked-page-00017,,
humain,00 Électricité_Plans_pour AO - 6,S267_ADD_22,SERPENTIN,3588,8136,0.2758,0.8840,1597,3549,exclue (doublon),H:00 Électricité_Plans_pour AO - 6:233,H:00 Addenda MEP01_Plans-unlocked-page-00017:65,,
humain,00 Électricité_Plans_pour AO - 6,S267_ADD_22,SERPENTIN,2877,7362,0.2211,0.7999,1297,3217,exclue (doublon),H:00 Électricité_Plans_pour AO - 6:234,H:00 Addenda MEP01_Plans-unlocked-page-00017:64,,
humain,00 Électricité_Plans_pour AO - 6,S267_ADD_22,SERPENTIN,6349,8234,0.4880,0.8946,2763,3591,exclue (doublon),H:00 Électricité_Plans_pour AO - 6:235,H:00 Addenda MEP01_Plans-unlocked-page-00017:66,,
humain,00 Électricité_Plans_pour AO - 6,S267_ADD_22,SERPENTIN,6830,7347,0.5249,0.7982,2966,3211,exclue (doublon),H:00 Électricité_Plans_pour AO - 6:236,H:00 Addenda MEP01_Plans-unlocked-page-00017:63,,
humain,00 Électricité_Plans_pour AO - 6,S267_ADD_22,SERPENTIN,4651,8258,0.3575,0.8972,2046,3601,exclue (doublon),H:00 Électricité_Plans_pour AO - 6:237,H:00 Addenda MEP01_Plans-unlocked-page-00017:57,,
humain,00 Électricité_Plans_pour AO - 6,S267_ADD_22,SERPENTIN,10315,8093,0.7928,0.8793,4436,3530,exclue (doublon),H:00 Électricité_Plans_pour AO - 6:238,H:00 Addenda MEP01_Plans-unlocked-page-00017:92,,
humain,00 Électricité_Plans_pour AO - 6,S267_ADD_22,SERPENTIN,10808,7356,0.8307,0.7992,4644,3215,exclue (version remplacée),H:00 Électricité_Plans_pour AO - 6:239,version remplacée par 00 Addenda MEP01_Plans-unlocked-page-00017,,
humain,00 Électricité_Plans_pour AO - 6,S267_ADD_22,BARRE GROUND,6907,7579,0.5309,0.8234,2998,3310,exclue (version remplacée),H:00 Électricité_Plans_pour AO - 6:240,version remplacée par 00 Addenda MEP01_Plans-unlocked-page-00017,,
humain,00 Électricité_Plans_pour AO - 6,S267_ADD_22,BARRE GROUND,7207,7931,0.5539,0.8617,3125,3461,exclue (version remplacée),H:00 Électricité_Plans_pour AO - 6:241,version remplacée par 00 Addenda MEP01_Plans-unlocked-page-00017,,
humain,00 Électricité_Plans_pour AO - 6,S267_ADD_22,CHAUFFE-EAU,986,4338,0.0758,0.4713,499,1923,exclue (doublon),H:00 Électricité_Plans_pour AO - 6:242,H:00 Addenda MEP01_Plans-unlocked-page-00017:76,,
humain,00 Électricité_Plans_pour AO - 6,S267_ADD_22,CHAUFFE-EAU,1303,4338,0.1001,0.4713,633,1923,exclue (doublon),H:00 Électricité_Plans_pour AO - 6:243,H:00 Addenda MEP01_Plans-unlocked-page-00017:86,,
humain,00 Électricité_Plans_pour AO - 6,S267_ADD_22,CHAUFFE-EAU,1636,4346,0.1257,0.4722,773,1926,exclue (doublon),H:00 Électricité_Plans_pour AO - 6:244,H:00 Addenda MEP01_Plans-unlocked-page-00017:88,,
humain,00 Électricité_Plans_pour AO - 6,S267_ADD_22,BRASSEUR AIR,3784,6742,0.2908,0.7325,1680,2952,exclue (version remplacée),H:00 Électricité_Plans_pour AO - 6:245,version remplacée par 00 Addenda MEP01_Plans-unlocked-page-00017,,
humain,00 Électricité_Plans_pour AO - 6,S267_ADD_22,BRASSEUR AIR,1564,6746,0.1202,0.7329,743,2954,exclue (version remplacée),H:00 Électricité_Plans_pour AO - 6:246,version remplacée par 00 Addenda MEP01_Plans-unlocked-page-00017,,
humain,00 Électricité_Plans_pour AO - 6,S267_ADD_22,BRASSEUR AIR,6274,6739,0.4822,0.7322,2731,2951,exclue (version remplacée),H:00 Électricité_Plans_pour AO - 6:247,version remplacée par 00 Addenda MEP01_Plans-unlocked-page-00017,,
humain,00 Électricité_Plans_pour AO - 6,S267_ADD_22,BRASSEUR AIR,8494,6736,0.6528,0.7319,3668,2949,exclue (version remplacée),H:00 Électricité_Plans_pour AO - 6:248,version remplacée par 00 Addenda MEP01_Plans-unlocked-page-00017,,
humain,00 Électricité_Plans_pour AO - 6,S267_ADD_22,Compteur 1,7505,7584,0.5768,0.8240,3250,3312,exclue (version remplacée),H:00 Électricité_Plans_pour AO - 6:249,version remplacée par 00 Addenda MEP01_Plans-unlocked-page-00017,,
humain,00 Électricité_Plans_pour AO - 6,S267_ADD_22,Compteur 1,8062,7580,0.6196,0.8236,3486,3311,exclue (version remplacée),H:00 Électricité_Plans_pour AO - 6:250,version remplacée par 00 Addenda MEP01_Plans-unlocked-page-00017,,
humain,00 Électricité_Plans_pour AO - 6,S267_ADD_22,Compteur 1,8264,7572,0.6352,0.8227,3571,3307,exclue (doublon),H:00 Électricité_Plans_pour AO - 6:251,H:00 Addenda MEP01_Plans-unlocked-page-00017:117,,
humain,00 Électricité_Plans_pour AO - 6,S267_ADD_22,Compteur 1,8488,7588,0.6524,0.8244,3665,3314,exclue (doublon),H:00 Électricité_Plans_pour AO - 6:252,H:00 Addenda MEP01_Plans-unlocked-page-00017:118,,
humain,00 Électricité_Plans_pour AO - 6,S267_ADD_22,Compteur 1,8669,7586,0.6663,0.8242,3742,3313,exclue (doublon),H:00 Électricité_Plans_pour AO - 6:253,H:00 Addenda MEP01_Plans-unlocked-page-00017:119,,
humain,00 Électricité_Plans_pour AO - 6,S267_ADD_22,Compteur 1,8876,7576,0.6822,0.8231,3829,3309,exclue (doublon),H:00 Électricité_Plans_pour AO - 6:254,H:00 Addenda MEP01_Plans-unlocked-page-00017:120,,
humain,00 Électricité_Plans_pour AO - 6,S267_ADD_22,Compteur 1,7485,8418,0.5753,0.9146,3242,3669,exclue (doublon),H:00 Électricité_Plans_pour AO - 6:255,H:00 Addenda MEP01_Plans-unlocked-page-00017:84,,
humain,00 Électricité_Plans_pour AO - 6,S267_ADD_22,Compteur 1,7861,8416,0.6042,0.9144,3401,3668,exclue (doublon),H:00 Électricité_Plans_pour AO - 6:256,H:00 Addenda MEP01_Plans-unlocked-page-00017:39,,
humain,00 Électricité_Plans_pour AO - 6,S267_ADD_22,Compteur 1,8064,8416,0.6198,0.9144,3486,3668,exclue (doublon),H:00 Électricité_Plans_pour AO - 6:257,H:00 Addenda MEP01_Plans-unlocked-page-00017:191,,
humain,00 Électricité_Plans_pour AO - 6,S267_ADD_22,Compteur 1,8255,8410,0.6345,0.9137,3567,3666,exclue (doublon),H:00 Électricité_Plans_pour AO - 6:258,H:00 Addenda MEP01_Plans-unlocked-page-00017:192,,
humain,00 Électricité_Plans_pour AO - 6,S267_ADD_22,Compteur 1,8455,8413,0.6498,0.9141,3651,3667,exclue (doublon),H:00 Électricité_Plans_pour AO - 6:259,H:00 Addenda MEP01_Plans-unlocked-page-00017:193,,
humain,00 Électricité_Plans_pour AO - 6,S267_ADD_22,Compteur 1,8655,8416,0.6652,0.9144,3736,3668,exclue (doublon),H:00 Électricité_Plans_pour AO - 6:260,H:00 Addenda MEP01_Plans-unlocked-page-00017:194,,
humain,00 Électricité_Plans_pour AO - 6,S267_ADD_22,Compteur 1,8858,8418,0.6808,0.9146,3821,3669,exclue (doublon),H:00 Électricité_Plans_pour AO - 6:261,H:00 Addenda MEP01_Plans-unlocked-page-00017:195,,
humain,00 Électricité_Plans_pour AO - 6,S267_ADD_22,Compteur 1,9058,8416,0.6962,0.9144,3906,3668,exclue (doublon),H:00 Électricité_Plans_pour AO - 6:262,H:00 Addenda MEP01_Plans-unlocked-page-00017:196,,
humain,00 Addenda MEP01_Plans-unlocked-page-00018,S267_ADD_23,ADD RT,1686,3981,0.2431,0.7921,1368,3229,appariée,H:00 Addenda MEP01_Plans-unlocked-page-00018:1,IA:S267_ADD_23:4,Raccordement UTA toit RT,5.2
humain,00 Addenda MEP01_Plans-unlocked-page-00018,S267_ADD_23,ADD RT,3552,3984,0.5122,0.7927,2881,3232,appariée,H:00 Addenda MEP01_Plans-unlocked-page-00018:2,IA:S267_ADD_23:5,Raccordement UTA toit RT,3.2
humain,00 Addenda MEP01_Plans-unlocked-page-00018,S267_ADD_23,ADD RT,5728,3986,0.8260,0.7931,4645,3233,appariée,H:00 Addenda MEP01_Plans-unlocked-page-00018:3,IA:S267_ADD_23:6,Raccordement UTA toit RT,3.0
humain,00 Addenda MEP01_Plans-unlocked-page-00018,S267_ADD_23,ADD HE,1834,4253,0.2645,0.8463,1488,3458,appariée,H:00 Addenda MEP01_Plans-unlocked-page-00018:4,IA:S267_ADD_23:10,Raccordement unité HE toit,4.2
humain,00 Addenda MEP01_Plans-unlocked-page-00018,S267_ADD_23,ADD HE,3393,4251,0.4893,0.8459,2752,3456,appariée,H:00 Addenda MEP01_Plans-unlocked-page-00018:5,IA:S267_ADD_23:11,Raccordement unité HE toit,1.0
humain,00 Addenda MEP01_Plans-unlocked-page-00018,S267_ADD_23,ADD HE,5582,4250,0.8050,0.8457,4527,3455,appariée,H:00 Addenda MEP01_Plans-unlocked-page-00018:6,IA:S267_ADD_23:12,Raccordement unité HE toit,3.0
humain,00 Électricité_Plans_pour AO - 7,S267_ADD_23,MOTEUR 40A 600V,3110,7362,0.2390,0.7999,1364,3222,exclue (doublon),H:00 Électricité_Plans_pour AO - 7:1,H:00 Addenda MEP01_Plans-unlocked-page-00018:1,,
humain,00 Électricité_Plans_pour AO - 7,S267_ADD_23,MOTEUR 40A 600V,6570,7379,0.5050,0.8017,2878,3230,exclue (doublon),H:00 Électricité_Plans_pour AO - 7:2,H:00 Addenda MEP01_Plans-unlocked-page-00018:2,,
humain,00 Électricité_Plans_pour AO - 7,S267_ADD_23,MOTEUR 40A 600V,10600,7378,0.8147,0.8016,4641,3229,exclue (doublon),H:00 Électricité_Plans_pour AO - 7:3,H:00 Addenda MEP01_Plans-unlocked-page-00018:3,,
humain,00 Électricité_Plans_pour AO - 7,S267_ADD_23,MOTEUR 15A 600V,3398,7879,0.2612,0.8560,1490,3454,exclue (doublon),H:00 Électricité_Plans_pour AO - 7:4,H:00 Addenda MEP01_Plans-unlocked-page-00018:4,,
humain,00 Électricité_Plans_pour AO - 7,S267_ADD_23,MOTEUR 15A 600V,6281,7877,0.4827,0.8558,2752,3453,exclue (doublon),H:00 Électricité_Plans_pour AO - 7:5,H:00 Addenda MEP01_Plans-unlocked-page-00018:5,,
humain,00 Électricité_Plans_pour AO - 7,S267_ADD_23,MOTEUR 15A 600V,10341,7893,0.7948,0.8576,4528,3460,exclue (doublon),H:00 Électricité_Plans_pour AO - 7:6,H:00 Addenda MEP01_Plans-unlocked-page-00018:6,,
humain,00 Électricité_Plans_pour AO - 7,S267_ADD_23,PRISE TOIT,10786,7470,0.8290,0.8116,4722,3271,exclue (version remplacée),H:00 Électricité_Plans_pour AO - 7:7,version remplacée par 00 Addenda MEP01_Plans-unlocked-page-00018,,
humain,00 Électricité_Plans_pour AO - 7,S267_ADD_23,PRISE TOIT,6747,7472,0.5186,0.8118,2955,3271,exclue (version remplacée),H:00 Électricité_Plans_pour AO - 7:8,version remplacée par 00 Addenda MEP01_Plans-unlocked-page-00018,,
humain,00 Électricité_Plans_pour AO - 7,S267_ADD_23,PRISE TOIT,2946,7459,0.2264,0.8104,1292,3266,exclue (version remplacée),H:00 Électricité_Plans_pour AO - 7:9,version remplacée par 00 Addenda MEP01_Plans-unlocked-page-00018,,
humain,00 Addenda MEP01_Plans-unlocked-page-00019,S267_ADD_24,ADD DETECTEUR FUMÉE,321,3523,0.0458,0.7159,257,2860,appariée,H:00 Addenda MEP01_Plans-unlocked-page-00019:1,IA:S267_ADD_24:13,Détecteur de fumée photoélectrique,5.0
humain,00 Addenda MEP01_Plans-unlocked-page-00019,S267_ADD_24,ADD DETECTEUR FUMÉE,319,3759,0.0455,0.7639,255,3053,appariée,H:00 Addenda MEP01_Plans-unlocked-page-00019:2,IA:S267_ADD_24:33,Détecteur de fumée photoélectrique,6.6
humain,00 Addenda MEP01_Plans-unlocked-page-00019,S267_ADD_24,ADD DETECTEUR FUMÉE,558,3765,0.0796,0.7651,450,3058,appariée,H:00 Addenda MEP01_Plans-unlocked-page-00019:3,IA:S267_ADD_24:34,Détecteur de fumée photoélectrique,5.2
humain,00 Addenda MEP01_Plans-unlocked-page-00019,S267_ADD_24,ADD DETECTEUR FUMÉE,558,3523,0.0796,0.7159,450,2860,appariée,H:00 Addenda MEP01_Plans-unlocked-page-00019:4,IA:S267_ADD_24:14,Détecteur de fumée photoélectrique,3.5
humain,00 Addenda MEP01_Plans-unlocked-page-00019,S267_ADD_24,ADD DETECTEUR FUMÉE,1031,3530,0.1471,0.7173,834,2866,appariée,H:00 Addenda MEP01_Plans-unlocked-page-00019:5,IA:S267_ADD_24:15,Détecteur de fumée photoélectrique,5.6
humain,00 Addenda MEP01_Plans-unlocked-page-00019,S267_ADD_24,ADD DETECTEUR FUMÉE,1246,3520,0.1778,0.7153,1009,2857,appariée,H:00 Addenda MEP01_Plans-unlocked-page-00019:6,IA:S267_ADD_24:16,Détecteur de fumée photoélectrique,3.6
humain,00 Addenda MEP01_Plans-unlocked-page-00019,S267_ADD_24,ADD DETECTEUR FUMÉE,1246,3764,0.1778,0.7649,1009,3057,appariée,H:00 Addenda MEP01_Plans-unlocked-page-00019:7,IA:S267_ADD_24:36,Détecteur de fumée photoélectrique,3.2
humain,00 Addenda MEP01_Plans-unlocked-page-00019,S267_ADD_24,ADD DETECTEUR FUMÉE,1031,3764,0.1471,0.7649,834,3057,appariée,H:00 Addenda MEP01_Plans-unlocked-page-00019:8,IA:S267_ADD_24:35,Détecteur de fumée photoélectrique,4.4
humain,00 Addenda MEP01_Plans-unlocked-page-00019,S267_ADD_24,ADD DETECTEUR FUMÉE,1451,3764,0.2070,0.7649,1175,3057,appariée,H:00 Addenda MEP01_Plans-unlocked-page-00019:9,IA:S267_ADD_24:37,Détecteur de fumée photoélectrique,5.8
humain,00 Addenda MEP01_Plans-unlocked-page-00019,S267_ADD_24,ADD DETECTEUR FUMÉE,1460,3525,0.2083,0.7163,1182,2862,appariée,H:00 Addenda MEP01_Plans-unlocked-page-00019:10,IA:S267_ADD_24:17,Détecteur de fumée photoélectrique,2.5
humain,00 Addenda MEP01_Plans-unlocked-page-00019,S267_ADD_24,ADD DETECTEUR FUMÉE,1689,3521,0.2410,0.7155,1368,2858,appariée,H:00 Addenda MEP01_Plans-unlocked-page-00019:11,IA:S267_ADD_24:18,Détecteur de fumée photoélectrique,3.7
humain,00 Addenda MEP01_Plans-unlocked-page-00019,S267_ADD_24,ADD DETECTEUR FUMÉE,1694,3769,0.2417,0.7659,1373,3061,appariée,H:00 Addenda MEP01_Plans-unlocked-page-00019:12,IA:S267_ADD_24:38,Détecteur de fumée photoélectrique,7.4
humain,00 Addenda MEP01_Plans-unlocked-page-00019,S267_ADD_24,ADD DETECTEUR FUMÉE,1880,3762,0.2682,0.7645,1524,3056,appariée,H:00 Addenda MEP01_Plans-unlocked-page-00019:13,IA:S267_ADD_24:39,Détecteur de fumée photoélectrique,1.6
humain,00 Addenda MEP01_Plans-unlocked-page-00019,S267_ADD_24,ADD DETECTEUR FUMÉE,1883,3521,0.2687,0.7155,1526,2858,appariée,H:00 Addenda MEP01_Plans-unlocked-page-00019:14,IA:S267_ADD_24:19,Détecteur de fumée photoélectrique,3.4
humain,00 Addenda MEP01_Plans-unlocked-page-00019,S267_ADD_24,ADD DETECTEUR FUMÉE,2209,3520,0.3152,0.7153,1791,2857,appariée,H:00 Addenda MEP01_Plans-unlocked-page-00019:15,IA:S267_ADD_24:20,Détecteur de fumée photoélectrique,3.7
humain,00 Addenda MEP01_Plans-unlocked-page-00019,S267_ADD_24,ADD DETECTEUR FUMÉE,2383,3521,0.3400,0.7155,1932,2858,appariée,H:00 Addenda MEP01_Plans-unlocked-page-00019:16,IA:S267_ADD_24:21,Détecteur de fumée photoélectrique,5.5
humain,00 Addenda MEP01_Plans-unlocked-page-00019,S267_ADD_24,ADD DETECTEUR FUMÉE,2204,3764,0.3145,0.7649,1787,3057,appariée,H:00 Addenda MEP01_Plans-unlocked-page-00019:17,IA:S267_ADD_24:40,Détecteur de fumée photoélectrique,4.5
humain,00 Addenda MEP01_Plans-unlocked-page-00019,S267_ADD_24,ADD DETECTEUR FUMÉE,2390,3769,0.3410,0.7659,1938,3061,appariée,H:00 Addenda MEP01_Plans-unlocked-page-00019:18,IA:S267_ADD_24:41,Détecteur de fumée photoélectrique,7.3
humain,00 Addenda MEP01_Plans-unlocked-page-00019,S267_ADD_24,ADD DETECTEUR FUMÉE,2572,3762,0.3670,0.7645,2086,3056,appariée,H:00 Addenda MEP01_Plans-unlocked-page-00019:19,IA:S267_ADD_24:42,Détecteur de fumée photoélectrique,2.4
humain,00 Addenda MEP01_Plans-unlocked-page-00019,S267_ADD_24,ADD DETECTEUR FUMÉE,2577,3528,0.3677,0.7169,2090,2864,appariée,H:00 Addenda MEP01_Plans-unlocked-page-00019:20,IA:S267_ADD_24:22,Détecteur de fumée photoélectrique,6.6
humain,00 Addenda MEP01_Plans-unlocked-page-00019,S267_ADD_24,ADD DETECTEUR FUMÉE,2848,3526,0.4063,0.7165,2310,2862,appariée,H:00 Addenda MEP01_Plans-unlocked-page-00019:21,IA:S267_ADD_24:23,Détecteur de fumée photoélectrique,7.1
humain,00 Addenda MEP01_Plans-unlocked-page-00019,S267_ADD_24,ADD DETECTEUR FUMÉE,2851,3762,0.4068,0.7645,2312,3056,appariée,H:00 Addenda MEP01_Plans-unlocked-page-00019:22,IA:S267_ADD_24:43,Détecteur de fumée photoélectrique,4.8
humain,00 Addenda MEP01_Plans-unlocked-page-00019,S267_ADD_24,ADD DETECTEUR FUMÉE,3026,3765,0.4317,0.7651,2455,3058,appariée,H:00 Addenda MEP01_Plans-unlocked-page-00019:23,IA:S267_ADD_24:44,Détecteur de fumée photoélectrique,4.0
humain,00 Addenda MEP01_Plans-unlocked-page-00019,S267_ADD_24,ADD DETECTEUR FUMÉE,3028,3526,0.4320,0.7165,2456,2862,appariée,H:00 Addenda MEP01_Plans-unlocked-page-00019:24,IA:S267_ADD_24:24,Détecteur de fumée photoélectrique,2.6
humain,00 Addenda MEP01_Plans-unlocked-page-00019,S267_ADD_24,ADD DETECTEUR FUMÉE,3247,3760,0.4633,0.7641,2634,3054,appariée,H:00 Addenda MEP01_Plans-unlocked-page-00019:25,IA:S267_ADD_24:45,Détecteur de fumée photoélectrique,5.2
humain,00 Addenda MEP01_Plans-unlocked-page-00019,S267_ADD_24,ADD DETECTEUR FUMÉE,3244,3525,0.4628,0.7163,2632,2862,appariée,H:00 Addenda MEP01_Plans-unlocked-page-00019:26,IA:S267_ADD_24:25,Détecteur de fumée photoélectrique,2.8
humain,00 Addenda MEP01_Plans-unlocked-page-00019,S267_ADD_24,ADD DETECTEUR FUMÉE,3535,3528,0.5044,0.7169,2868,2864,appariée,H:00 Addenda MEP01_Plans-unlocked-page-00019:27,IA:S267_ADD_24:26,Détecteur de fumée photoélectrique,6.6
humain,00 Addenda MEP01_Plans-unlocked-page-00019,S267_ADD_24,ADD DETECTEUR FUMÉE,3544,3774,0.5056,0.7669,2875,3065,appariée,H:00 Addenda MEP01_Plans-unlocked-page-00019:28,IA:S267_ADD_24:46,Détecteur de fumée photoélectrique,11.4
humain,00 Addenda MEP01_Plans-unlocked-page-00019,S267_ADD_24,ADD DETECTEUR FUMÉE,3727,3760,0.5318,0.7641,3024,3054,appariée,H:00 Addenda MEP01_Plans-unlocked-page-00019:29,IA:S267_ADD_24:47,Détecteur de fumée photoélectrique,0.9
humain,00 Addenda MEP01_Plans-unlocked-page-00019,S267_ADD_24,ADD DETECTEUR FUMÉE,3739,3530,0.5335,0.7173,3034,2866,appariée,H:00 Addenda MEP01_Plans-unlocked-page-00019:30,IA:S267_ADD_24:27,Détecteur de fumée photoélectrique,10.0
humain,00 Addenda MEP01_Plans-unlocked-page-00019,S267_ADD_24,ADD DETECTEUR FUMÉE,3967,3530,0.5660,0.7173,3219,2866,appariée,H:00 Addenda MEP01_Plans-unlocked-page-00019:31,IA:S267_ADD_24:28,Détecteur de fumée photoélectrique,5.0
humain,00 Addenda MEP01_Plans-unlocked-page-00019,S267_ADD_24,ADD DETECTEUR FUMÉE,3964,3760,0.5656,0.7641,3217,3054,appariée,H:00 Addenda MEP01_Plans-unlocked-page-00019:32,IA:S267_ADD_24:48,Détecteur de fumée photoélectrique,4.3
humain,00 Addenda MEP01_Plans-unlocked-page-00019,S267_ADD_24,ADD DETECTEUR FUMÉE,4223,3760,0.6025,0.7641,3427,3054,appariée,H:00 Addenda MEP01_Plans-unlocked-page-00019:33,IA:S267_ADD_24:49,Détecteur de fumée photoélectrique,0.1
humain,00 Addenda MEP01_Plans-unlocked-page-00019,S267_ADD_24,ADD DETECTEUR FUMÉE,4229,3520,0.6034,0.7153,3432,2857,appariée,H:00 Addenda MEP01_Plans-unlocked-page-00019:34,IA:S267_ADD_24:29,Détecteur de fumée photoélectrique,6.1
humain,00 Addenda MEP01_Plans-unlocked-page-00019,S267_ADD_24,ADD DETECTEUR FUMÉE,4452,3516,0.6352,0.7145,3613,2854,appariée,H:00 Addenda MEP01_Plans-unlocked-page-00019:35,IA:S267_ADD_24:30,Détecteur de fumée photoélectrique,7.2
humain,00 Addenda MEP01_Plans-unlocked-page-00019,S267_ADD_24,ADD DETECTEUR FUMÉE,4461,3762,0.6365,0.7645,3620,3056,appariée,H:00 Addenda MEP01_Plans-unlocked-page-00019:36,IA:S267_ADD_24:50,Détecteur de fumée photoélectrique,9.6
humain,00 Addenda MEP01_Plans-unlocked-page-00019,S267_ADD_24,ADD DETECTEUR FUMÉE,4829,3760,0.6890,0.7641,3919,3054,appariée,H:00 Addenda MEP01_Plans-unlocked-page-00019:37,IA:S267_ADD_24:51,Détecteur de fumée photoélectrique,7.4
humain,00 Addenda MEP01_Plans-unlocked-page-00019,S267_ADD_24,ADD DETECTEUR FUMÉE,4820,3526,0.6877,0.7165,3912,2862,appariée,H:00 Addenda MEP01_Plans-unlocked-page-00019:38,IA:S267_ADD_24:31,Détecteur de fumée photoélectrique,1.3
humain,00 Addenda MEP01_Plans-unlocked-page-00019,S267_ADD_24,ADD DETECTEUR FUMÉE,5075,3526,0.7241,0.7165,4119,2862,appariée,H:00 Addenda MEP01_Plans-unlocked-page-00019:39,IA:S267_ADD_24:32,Détecteur de fumée photoélectrique,8.4
humain,00 Addenda MEP01_Plans-unlocked-page-00019,S267_ADD_24,ADD DETECTEUR FUMÉE,5069,3767,0.7232,0.7655,4114,3060,appariée,H:00 Addenda MEP01_Plans-unlocked-page-00019:40,IA:S267_ADD_24:52,Détecteur de fumée photoélectrique,6.5
humain,00 Addenda MEP01_Plans-unlocked-page-00019,S267_ADD_24,ADD DETECTEUR FUMÉE,3925,4157,0.5600,0.8448,3185,3379,appariée,H:00 Addenda MEP01_Plans-unlocked-page-00019:41,IA:S267_ADD_24:59,Détecteur de fumée photoélectrique,4.9
humain,00 Addenda MEP01_Plans-unlocked-page-00019,S267_ADD_24,ADD DETECTEUR FUMÉE,3798,4191,0.5419,0.8517,3082,3407,appariée,H:00 Addenda MEP01_Plans-unlocked-page-00019:42,IA:S267_ADD_24:58,Détecteur de fumée photoélectrique,5.2
humain,00 Addenda MEP01_Plans-unlocked-page-00019,S267_ADD_24,ADD DETECTEUR FUMÉE,3902,4440,0.5567,0.9023,3166,3610,appariée,H:00 Addenda MEP01_Plans-unlocked-page-00019:43,IA:S267_ADD_24:60,Détecteur de fumée photoélectrique,11.6
humain,00 Addenda MEP01_Plans-unlocked-page-00019,S267_ADD_24,ADD DETECTEUR FUMÉE,1691,4176,0.2413,0.8486,1370,3394,appariée,H:00 Addenda MEP01_Plans-unlocked-page-00019:44,IA:S267_ADD_24:57,Détecteur de fumée photoélectrique,6.5
humain,00 Addenda MEP01_Plans-unlocked-page-00019,S267_ADD_24,ADD DETECTEUR FL-TX,255,3761,0.0364,0.7643,203,3055,appariée,H:00 Addenda MEP01_Plans-unlocked-page-00019:45,IA:S267_ADD_24:67,Détecteur faisceau émetteur FL-TX,15.9
humain,00 Addenda MEP01_Plans-unlocked-page-00019,S267_ADD_24,ADD DETECTEUR FL-TX,253,3525,0.0361,0.7163,202,2862,appariée,H:00 Addenda MEP01_Plans-unlocked-page-00019:46,IA:S267_ADD_24:66,Détecteur faisceau émetteur FL-TX,17.6
humain,00 Addenda MEP01_Plans-unlocked-page-00019,S267_ADD_24,ADD DETECTEUR FL-TX,5039,4395,0.7189,0.8931,4090,3574,appariée,H:00 Addenda MEP01_Plans-unlocked-page-00019:47,IA:S267_ADD_24:68,Détecteur faisceau émetteur FL-TX,7.4
humain,00 Addenda MEP01_Plans-unlocked-page-00019,S267_ADD_24,ADD DETECTEUR FL -RX,5125,3528,0.7312,0.7169,4160,2864,appariée,H:00 Addenda MEP01_Plans-unlocked-page-00019:48,IA:S267_ADD_24:64,Détecteur faisceau récepteur FL-RX,14.1
humain,00 Addenda MEP01_Plans-unlocked-page-00019,S267_ADD_24,ADD DETECTEUR FL -RX,5130,3767,0.7319,0.7655,4164,3060,appariée,H:00 Addenda MEP01_Plans-unlocked-page-00019:49,IA:S267_ADD_24:65,Détecteur faisceau récepteur FL-RX,12.0
humain,00 Addenda MEP01_Plans-unlocked-page-00019,S267_ADD_24,ADD DETECTEUR FL -RX,404,4365,0.0576,0.8870,325,3549,appariée,H:00 Addenda MEP01_Plans-unlocked-page-00019:50,IA:S267_ADD_24:63,Détecteur faisceau récepteur FL-RX,22.1
humain,00 Addenda MEP01_Plans-unlocked-page-00019,S267_ADD_24,ADD DETECTEUR GAINE,1391,3834,0.1985,0.7791,1126,3114,appariée,H:00 Addenda MEP01_Plans-unlocked-page-00019:51,IA:S267_ADD_24:53,Détecteur de fumée photoélectrique,3.5
humain,00 Addenda MEP01_Plans-unlocked-page-00019,S267_ADD_24,ADD DETECTEUR GAINE,1881,3838,0.2684,0.7799,1524,3118,appariée,H:00 Addenda MEP01_Plans-unlocked-page-00019:52,IA:S267_ADD_24:54,Détecteur de fumée photoélectrique,7.6
humain,00 Addenda MEP01_Plans-unlocked-page-00019,S267_ADD_24,ADD DETECTEUR GAINE,3224,3832,0.4600,0.7787,2615,3113,appariée,H:00 Addenda MEP01_Plans-unlocked-page-00019:53,IA:S267_ADD_24:55,Détecteur de fumée photoélectrique,1.9
humain,00 Addenda MEP01_Plans-unlocked-page-00019,S267_ADD_24,ADD DETECTEUR GAINE,3890,3831,0.5550,0.7785,3157,3112,appariée,H:00 Addenda MEP01_Plans-unlocked-page-00019:54,IA:S267_ADD_24:56,Détecteur de fumée photoélectrique,1.8
humain,00 Addenda MEP01_Plans-unlocked-page-00019,S267_ADD_24,ADD DETECTEUR GAINE,5166,4352,0.7371,0.8844,4193,3538,appariée,H:00 Addenda MEP01_Plans-unlocked-page-00019:55,IA:S267_ADD_24:61,Détecteur de fumée photoélectrique,8.5
humain,00 Addenda MEP01_Plans-unlocked-page-00019,S267_ADD_24,ADD DETECTEUR GAINE,5159,4440,0.7361,0.9023,4187,3610,appariée,H:00 Addenda MEP01_Plans-unlocked-page-00019:56,IA:S267_ADD_24:62,Détecteur de fumée photoélectrique,7.9
humain,00 Addenda MEP01_Plans-unlocked-page-00019,S267_ADD_24,ADD STATION MANUEL,211,3686,0.0301,0.7490,168,2993,appariée,H:00 Addenda MEP01_Plans-unlocked-page-00019:57,IA:S267_ADD_24:4,Déclencheur manuel,1.3
humain,00 Addenda MEP01_Plans-unlocked-page-00019,S267_ADD_24,ADD STATION MANUEL,572,3907,0.0816,0.7940,461,3174,appariée,H:00 Addenda MEP01_Plans-unlocked-page-00019:58,IA:S267_ADD_24:5,Déclencheur manuel,6.0
humain,00 Addenda MEP01_Plans-unlocked-page-00019,S267_ADD_24,ADD STATION MANUEL,2766,4544,0.3946,0.9234,2243,3696,appariée,H:00 Addenda MEP01_Plans-unlocked-page-00019:59,IA:S267_ADD_24:7,Déclencheur manuel,11.6
humain,00 Addenda MEP01_Plans-unlocked-page-00019,S267_ADD_24,ADD STATION MANUEL,5881,3431,0.8391,0.6972,4774,2785,appariée,H:00 Addenda MEP01_Plans-unlocked-page-00019:60,IA:S267_ADD_24:10,Déclencheur manuel,9.4
humain,00 Addenda MEP01_Plans-unlocked-page-00019,S267_ADD_24,ADD STATION MANUEL,6037,4437,0.8613,0.9017,4901,3608,appariée,H:00 Addenda MEP01_Plans-unlocked-page-00019:61,IA:S267_ADD_24:12,Déclencheur manuel,10.1
humain,00 Addenda MEP01_Plans-unlocked-page-00019,S267_ADD_24,ADD STATION MANUEL,5397,3989,0.7700,0.8106,4381,3241,appariée,H:00 Addenda MEP01_Plans-unlocked-page-00019:62,IA:S267_ADD_24:11,Déclencheur manuel,9.4
humain,00 Addenda MEP01_Plans-unlocked-page-00019,S267_ADD_24,ADD STATION MANUEL,5218,3599,0.7445,0.7314,4235,2922,appariée,H:00 Addenda MEP01_Plans-unlocked-page-00019:63,IA:S267_ADD_24:8,Déclencheur manuel,7.6
humain,00 Addenda MEP01_Plans-unlocked-page-00019,S267_ADD_24,ADD STATION MANUEL,5225,4381,0.7455,0.8903,4241,3562,appariée,H:00 Addenda MEP01_Plans-unlocked-page-00019:64,IA:S267_ADD_24:9,Déclencheur manuel,17.2
humain,00 Addenda MEP01_Plans-unlocked-page-00019,S267_ADD_24,ADD STATION MANUEL,2687,3570,0.3834,0.7255,2179,2898,appariée,H:00 Addenda MEP01_Plans-unlocked-page-00019:65,IA:S267_ADD_24:6,Déclencheur manuel,3.6
humain,00 Addenda MEP01_Plans-unlocked-page-00019,S267_ADD_24,ADD KLAXON STROB,4918,4084,0.7017,0.8299,3992,3319,appariée,H:00 Addenda MEP01_Plans-unlocked-page-00019:66,IA:S267_ADD_24:114,Klaxon/stroboscope,27.4
humain,00 Addenda MEP01_Plans-unlocked-page-00019,S267_ADD_24,ADD KLAXON STROB,5344,3784,0.7625,0.7690,4338,3074,appariée,H:00 Addenda MEP01_Plans-unlocked-page-00019:67,IA:S267_ADD_24:118,Klaxon/stroboscope,31.7
humain,00 Addenda MEP01_Plans-unlocked-page-00019,S267_ADD_24,ADD KLAXON STROB,5286,3536,0.7542,0.7186,4291,2871,appariée,H:00 Addenda MEP01_Plans-unlocked-page-00019:68,IA:S267_ADD_24:116,Klaxon/stroboscope,16.7
humain,00 Addenda MEP01_Plans-unlocked-page-00019,S267_ADD_24,ADD KLAXON STROB,4969,4480,0.7090,0.9104,4033,3643,appariée,H:00 Addenda MEP01_Plans-unlocked-page-00019:69,IA:S267_ADD_24:115,Klaxon/stroboscope,41.0
humain,00 Addenda MEP01_Plans-unlocked-page-00019,S267_ADD_24,ADD KLAXON STROB,4098,4282,0.5847,0.8702,3326,3481,appariée,H:00 Addenda MEP01_Plans-unlocked-page-00019:70,IA:S267_ADD_24:112,Klaxon/stroboscope,24.7
humain,00 Addenda MEP01_Plans-unlocked-page-00019,S267_ADD_24,ADD KLAXON STROB,4080,4334,0.5821,0.8807,3311,3524,appariée,H:00 Addenda MEP01_Plans-unlocked-page-00019:71,IA:S267_ADD_24:113,Klaxon/stroboscope,20.7
humain,00 Addenda MEP01_Plans-unlocked-page-00019,S267_ADD_24,ADD KLAXON STROB,3901,4082,0.5566,0.8295,3165,3317,appariée,H:00 Addenda MEP01_Plans-unlocked-page-00019:72,IA:S267_ADD_24:111,Klaxon/stroboscope,32.1
humain,00 Addenda MEP01_Plans-unlocked-page-00019,S267_ADD_24,ADD KLAXON STROB,3712,4187,0.5296,0.8509,3012,3403,appariée,H:00 Addenda MEP01_Plans-unlocked-page-00019:73,IA:S267_ADD_24:109,Klaxon/stroboscope,36.2
humain,00 Addenda MEP01_Plans-unlocked-page-00019,S267_ADD_24,ADD KLAXON STROB,3583,4317,0.5112,0.8773,2907,3510,appariée,H:00 Addenda MEP01_Plans-unlocked-page-00019:74,IA:S267_ADD_24:131,Klaxon/stroboscope,35.3
humain,00 Addenda MEP01_Plans-unlocked-page-00019,S267_ADD_24,ADD KLAXON STROB,3700,4465,0.5279,0.9074,3002,3631,appariée,H:00 Addenda MEP01_Plans-unlocked-page-00019:75,IA:S267_ADD_24:110,Klaxon/stroboscope,45.8
humain,00 Addenda MEP01_Plans-unlocked-page-00019,S267_ADD_24,ADD KLAXON STROB,3404,4397,0.4857,0.8935,2762,3575,appariée,H:00 Addenda MEP01_Plans-unlocked-page-00019:76,IA:S267_ADD_24:108,Klaxon/stroboscope,26.3
humain,00 Addenda MEP01_Plans-unlocked-page-00019,S267_ADD_24,ADD KLAXON STROB,3317,4400,0.4733,0.8941,2691,3578,appariée,H:00 Addenda MEP01_Plans-unlocked-page-00019:77,IA:S267_ADD_24:107,Klaxon/stroboscope,21.4
humain,00 Addenda MEP01_Plans-unlocked-page-00019,S267_ADD_24,ADD KLAXON STROB,3244,4394,0.4628,0.8929,2632,3573,appariée,H:00 Addenda MEP01_Plans-unlocked-page-00019:78,IA:S267_ADD_24:106,Klaxon/stroboscope,26.8
humain,00 Addenda MEP01_Plans-unlocked-page-00019,S267_ADD_24,ADD KLAXON STROB,3157,4399,0.4504,0.8939,2561,3577,appariée,H:00 Addenda MEP01_Plans-unlocked-page-00019:79,IA:S267_ADD_24:105,Klaxon/stroboscope,21.3
humain,00 Addenda MEP01_Plans-unlocked-page-00019,S267_ADD_24,ADD KLAXON STROB,3078,4399,0.4392,0.8939,2497,3577,appariée,H:00 Addenda MEP01_Plans-unlocked-page-00019:80,IA:S267_ADD_24:104,Klaxon/stroboscope,23.0
humain,00 Addenda MEP01_Plans-unlocked-page-00019,S267_ADD_24,ADD KLAXON STROB,2990,4391,0.4266,0.8923,2425,3570,appariée,H:00 Addenda MEP01_Plans-unlocked-page-00019:81,IA:S267_ADD_24:103,Klaxon/stroboscope,28.0
humain,00 Addenda MEP01_Plans-unlocked-page-00019,S267_ADD_24,ADD KLAXON STROB,2983,4217,0.4256,0.8570,2420,3428,appariée,H:00 Addenda MEP01_Plans-unlocked-page-00019:82,IA:S267_ADD_24:95,Klaxon/stroboscope,25.2
humain,00 Addenda MEP01_Plans-unlocked-page-00019,S267_ADD_24,ADD KLAXON STROB,3087,4214,0.4404,0.8563,2504,3426,appariée,H:00 Addenda MEP01_Plans-unlocked-page-00019:83,IA:S267_ADD_24:96,Klaxon/stroboscope,20.6
humain,00 Addenda MEP01_Plans-unlocked-page-00019,S267_ADD_24,ADD KLAXON STROB,3155,4220,0.4501,0.8576,2559,3430,appariée,H:00 Addenda MEP01_Plans-unlocked-page-00019:84,IA:S267_ADD_24:97,Klaxon/stroboscope,25.8
humain,00 Addenda MEP01_Plans-unlocked-page-00019,S267_ADD_24,ADD KLAXON STROB,3250,4214,0.4637,0.8563,2637,3426,appariée,H:00 Addenda MEP01_Plans-unlocked-page-00019:85,IA:S267_ADD_24:98,Klaxon/stroboscope,21.0
humain,00 Addenda MEP01_Plans-unlocked-page-00019,S267_ADD_24,ADD KLAXON STROB,3323,4216,0.4741,0.8568,2696,3427,appariée,H:00 Addenda MEP01_Plans-unlocked-page-00019:86,IA:S267_ADD_24:99,Klaxon/stroboscope,22.2
humain,00 Addenda MEP01_Plans-unlocked-page-00019,S267_ADD_24,ADD KLAXON STROB,3398,4210,0.4848,0.8555,2757,3422,appariée,H:00 Addenda MEP01_Plans-unlocked-page-00019:87,IA:S267_ADD_24:100,Klaxon/stroboscope,25.0
humain,00 Addenda MEP01_Plans-unlocked-page-00019,S267_ADD_24,ADD KLAXON STROB,3527,3644,0.5032,0.7405,2862,2959,appariée,H:00 Addenda MEP01_Plans-unlocked-page-00019:88,IA:S267_ADD_24:125,Klaxon/stroboscope,15.3
humain,00 Addenda MEP01_Plans-unlocked-page-00019,S267_ADD_24,ADD KLAXON STROB,4198,3634,0.5990,0.7385,3407,2951,appariée,H:00 Addenda MEP01_Plans-unlocked-page-00019:89,IA:S267_ADD_24:126,Klaxon/stroboscope,38.1
humain,00 Addenda MEP01_Plans-unlocked-page-00019,S267_ADD_24,ADD KLAXON STROB,4870,3637,0.6948,0.7391,3953,2953,appariée,H:00 Addenda MEP01_Plans-unlocked-page-00019:90,IA:S267_ADD_24:127,Klaxon/stroboscope,31.8
humain,00 Addenda MEP01_Plans-unlocked-page-00019,S267_ADD_24,ADD KLAXON STROB,2818,3635,0.4021,0.7387,2286,2952,appariée,H:00 Addenda MEP01_Plans-unlocked-page-00019:91,IA:S267_ADD_24:124,Klaxon/stroboscope,51.5
humain,00 Addenda MEP01_Plans-unlocked-page-00019,S267_ADD_24,ADD KLAXON STROB,2822,4223,0.4026,0.8582,2289,3433,appariée,H:00 Addenda MEP01_Plans-unlocked-page-00019:92,IA:S267_ADD_24:93,Klaxon/stroboscope,28.8
humain,00 Addenda MEP01_Plans-unlocked-page-00019,S267_ADD_24,ADD KLAXON STROB,2752,4309,0.3926,0.8757,2232,3503,appariée,H:00 Addenda MEP01_Plans-unlocked-page-00019:93,IA:S267_ADD_24:130,Klaxon/stroboscope,32.1
humain,00 Addenda MEP01_Plans-unlocked-page-00019,S267_ADD_24,ADD KLAXON STROB,2813,4398,0.4013,0.8937,2282,3576,appariée,H:00 Addenda MEP01_Plans-unlocked-page-00019:94,IA:S267_ADD_24:101,Klaxon/stroboscope,26.2
humain,00 Addenda MEP01_Plans-unlocked-page-00019,S267_ADD_24,ADD KLAXON STROB,2912,4400,0.4155,0.8941,2362,3578,appariée,H:00 Addenda MEP01_Plans-unlocked-page-00019:95,IA:S267_ADD_24:102,Klaxon/stroboscope,24.0
humain,00 Addenda MEP01_Plans-unlocked-page-00019,S267_ADD_24,ADD KLAXON STROB,2921,4212,0.4168,0.8559,2369,3424,appariée,H:00 Addenda MEP01_Plans-unlocked-page-00019:96,IA:S267_ADD_24:94,Klaxon/stroboscope,19.7
humain,00 Addenda MEP01_Plans-unlocked-page-00019,S267_ADD_24,ADD KLAXON STROB,2601,4210,0.3711,0.8555,2109,3422,appariée,H:00 Addenda MEP01_Plans-unlocked-page-00019:97,IA:S267_ADD_24:84,Klaxon/stroboscope,19.3
humain,00 Addenda MEP01_Plans-unlocked-page-00019,S267_ADD_24,ADD KLAXON STROB,2598,4389,0.3707,0.8919,2107,3569,appariée,H:00 Addenda MEP01_Plans-unlocked-page-00019:98,IA:S267_ADD_24:92,Klaxon/stroboscope,31.3
humain,00 Addenda MEP01_Plans-unlocked-page-00019,S267_ADD_24,ADD KLAXON STROB,2515,4390,0.3588,0.8921,2040,3570,appariée,H:00 Addenda MEP01_Plans-unlocked-page-00019:99,IA:S267_ADD_24:91,Klaxon/stroboscope,30.7
humain,00 Addenda MEP01_Plans-unlocked-page-00019,S267_ADD_24,ADD KLAXON STROB,2513,4212,0.3585,0.8559,2038,3424,appariée,H:00 Addenda MEP01_Plans-unlocked-page-00019:100,IA:S267_ADD_24:83,Klaxon/stroboscope,23.0
humain,00 Addenda MEP01_Plans-unlocked-page-00019,S267_ADD_24,ADD KLAXON STROB,2424,4209,0.3458,0.8553,1966,3421,appariée,H:00 Addenda MEP01_Plans-unlocked-page-00019:101,IA:S267_ADD_24:82,Klaxon/stroboscope,23.9
humain,00 Addenda MEP01_Plans-unlocked-page-00019,S267_ADD_24,ADD KLAXON STROB,2433,4392,0.3471,0.8925,1973,3571,appariée,H:00 Addenda MEP01_Plans-unlocked-page-00019:102,IA:S267_ADD_24:90,Klaxon/stroboscope,29.0
humain,00 Addenda MEP01_Plans-unlocked-page-00019,S267_ADD_24,ADD KLAXON STROB,2347,4387,0.3349,0.8915,1903,3567,appariée,H:00 Addenda MEP01_Plans-unlocked-page-00019:103,IA:S267_ADD_24:89,Klaxon/stroboscope,33.5
humain,00 Addenda MEP01_Plans-unlocked-page-00019,S267_ADD_24,ADD KLAXON STROB,2344,4206,0.3344,0.8547,1901,3419,appariée,H:00 Addenda MEP01_Plans-unlocked-page-00019:104,IA:S267_ADD_24:81,Klaxon/stroboscope,20.8
humain,00 Addenda MEP01_Plans-unlocked-page-00019,S267_ADD_24,ADD KLAXON STROB,2275,4215,0.3246,0.8565,1845,3426,appariée,H:00 Addenda MEP01_Plans-unlocked-page-00019:105,IA:S267_ADD_24:80,Klaxon/stroboscope,21.6
humain,00 Addenda MEP01_Plans-unlocked-page-00019,S267_ADD_24,ADD KLAXON STROB,2262,4387,0.3227,0.8915,1834,3567,appariée,H:00 Addenda MEP01_Plans-unlocked-page-00019:106,IA:S267_ADD_24:88,Klaxon/stroboscope,33.9
humain,00 Addenda MEP01_Plans-unlocked-page-00019,S267_ADD_24,ADD KLAXON STROB,2186,4400,0.3119,0.8941,1772,3578,appariée,H:00 Addenda MEP01_Plans-unlocked-page-00019:107,IA:S267_ADD_24:87,Klaxon/stroboscope,21.7
humain,00 Addenda MEP01_Plans-unlocked-page-00019,S267_ADD_24,ADD KLAXON STROB,2176,4215,0.3105,0.8565,1764,3426,appariée,H:00 Addenda MEP01_Plans-unlocked-page-00019:108,IA:S267_ADD_24:79,Klaxon/stroboscope,26.0
humain,00 Addenda MEP01_Plans-unlocked-page-00019,S267_ADD_24,ADD KLAXON STROB,2101,4217,0.2998,0.8570,1703,3428,appariée,H:00 Addenda MEP01_Plans-unlocked-page-00019:109,IA:S267_ADD_24:78,Klaxon/stroboscope,25.0
humain,00 Addenda MEP01_Plans-unlocked-page-00019,S267_ADD_24,ADD KLAXON STROB,2095,4392,0.2989,0.8925,1698,3571,appariée,H:00 Addenda MEP01_Plans-unlocked-page-00019:110,IA:S267_ADD_24:86,Klaxon/stroboscope,30.1
humain,00 Addenda MEP01_Plans-unlocked-page-00019,S267_ADD_24,ADD KLAXON STROB,2012,4395,0.2871,0.8931,1631,3574,appariée,H:00 Addenda MEP01_Plans-unlocked-page-00019:111,IA:S267_ADD_24:85,Klaxon/stroboscope,27.2
humain,00 Addenda MEP01_Plans-unlocked-page-00019,S267_ADD_24,ADD KLAXON STROB,2013,4209,0.2872,0.8553,1632,3421,appariée,H:00 Addenda MEP01_Plans-unlocked-page-00019:112,IA:S267_ADD_24:77,Klaxon/stroboscope,20.5
humain,00 Addenda MEP01_Plans-unlocked-page-00019,S267_ADD_24,ADD KLAXON STROB,1864,4309,0.2659,0.8757,1511,3503,appariée,H:00 Addenda MEP01_Plans-unlocked-page-00019:113,IA:S267_ADD_24:129,Klaxon/stroboscope,28.7
humain,00 Addenda MEP01_Plans-unlocked-page-00019,S267_ADD_24,ADD KLAXON STROB,1747,4264,0.2493,0.8665,1416,3466,appariée,H:00 Addenda MEP01_Plans-unlocked-page-00019:114,IA:S267_ADD_24:75,Klaxon/stroboscope,33.6
humain,00 Addenda MEP01_Plans-unlocked-page-00019,S267_ADD_24,ADD KLAXON STROB,1627,4192,0.2321,0.8519,1318,3407,appariée,H:00 Addenda MEP01_Plans-unlocked-page-00019:115,IA:S267_ADD_24:74,Klaxon/stroboscope,43.9
humain,00 Addenda MEP01_Plans-unlocked-page-00019,S267_ADD_24,ADD KLAXON STROB,1583,4154,0.2259,0.8442,1282,3376,appariée,H:00 Addenda MEP01_Plans-unlocked-page-00019:116,IA:S267_ADD_24:73,Klaxon/stroboscope,27.7
humain,00 Addenda MEP01_Plans-unlocked-page-00019,S267_ADD_24,ADD KLAXON STROB,1870,3630,0.2668,0.7377,1516,2947,appariée,H:00 Addenda MEP01_Plans-unlocked-page-00019:117,IA:S267_ADD_24:123,Klaxon/stroboscope,29.8
humain,00 Addenda MEP01_Plans-unlocked-page-00019,S267_ADD_24,ADD KLAXON STROB,1269,3634,0.1811,0.7385,1027,2951,appariée,H:00 Addenda MEP01_Plans-unlocked-page-00019:118,IA:S267_ADD_24:122,Klaxon/stroboscope,28.7
humain,00 Addenda MEP01_Plans-unlocked-page-00019,S267_ADD_24,ADD KLAXON STROB,549,3634,0.0783,0.7385,442,2951,appariée,H:00 Addenda MEP01_Plans-unlocked-page-00019:119,IA:S267_ADD_24:121,Klaxon/stroboscope,32.8
humain,00 Addenda MEP01_Plans-unlocked-page-00019,S267_ADD_24,ADD KLAXON STROB,1105,4329,0.1577,0.8797,894,3520,appariée,H:00 Addenda MEP01_Plans-unlocked-page-00019:120,IA:S267_ADD_24:71,Klaxon/stroboscope,25.3
humain,00 Addenda MEP01_Plans-unlocked-page-00019,S267_ADD_24,ADD KLAXON STROB,1154,4369,0.1646,0.8878,934,3552,appariée,H:00 Addenda MEP01_Plans-unlocked-page-00019:121,IA:S267_ADD_24:72,Klaxon/stroboscope,41.2
humain,00 Addenda MEP01_Plans-unlocked-page-00019,S267_ADD_24,ADD KLAXON STROB,529,4357,0.0755,0.8854,426,3543,appariée,H:00 Addenda MEP01_Plans-unlocked-page-00019:122,IA:S267_ADD_24:70,Klaxon/stroboscope,26.5
humain,00 Addenda MEP01_Plans-unlocked-page-00019,S267_ADD_24,ADD KLAXON STROB,533,3984,0.0760,0.8096,429,3237,appariée,H:00 Addenda MEP01_Plans-unlocked-page-00019:123,IA:S267_ADD_24:69,Klaxon/stroboscope,29.4
humain,00 Addenda MEP01_Plans-unlocked-page-00019,S267_ADD_24,ADD KLAXON STROB,1740,4510,0.2483,0.9165,1410,3668,appariée,H:00 Addenda MEP01_Plans-unlocked-page-00019:124,IA:S267_ADD_24:76,Klaxon/stroboscope,28.0
humain,00 Addenda MEP01_Plans-unlocked-page-00019,S267_ADD_24,ADD KLAXON STROB,5387,4206,0.7686,0.8547,4373,3419,appariée,H:00 Addenda MEP01_Plans-unlocked-page-00019:125,IA:S267_ADD_24:119,Klaxon/stroboscope,40.5
humain,00 Addenda MEP01_Plans-unlocked-page-00019,S267_ADD_24,ADD KLAXON STROB,6029,3752,0.8602,0.7625,4894,3047,appariée,H:00 Addenda MEP01_Plans-unlocked-page-00019:126,IA:S267_ADD_24:120,Klaxon/stroboscope,33.7
humain,00 Addenda MEP01_Plans-unlocked-page-00019,S267_ADD_24,ADD KLAXON STROB,5278,4410,0.7530,0.8962,4284,3586,appariée,H:00 Addenda MEP01_Plans-unlocked-page-00019:127,IA:S267_ADD_24:117,Klaxon/stroboscope,32.3
humain,00 Addenda MEP01_Plans-unlocked-page-00019,S267_ADD_24,ADD KLAXON STROB,4866,3974,0.6943,0.8076,3949,3229,appariée,H:00 Addenda MEP01_Plans-unlocked-page-00019:128,IA:S267_ADD_24:128,Klaxon/stroboscope,29.1
humain,00 Addenda MEP01_Plans-unlocked-page-00019,S267_ADD_24,ADD STROB,1456,3990,0.2077,0.8108,1179,3242,appariée,H:00 Addenda MEP01_Plans-unlocked-page-00019:129,IA:S267_ADD_24:147,Stroboscope mural,27.1
humain,00 Addenda MEP01_Plans-unlocked-page-00019,S267_ADD_24,ADD STROB,2178,3992,0.3107,0.8112,1766,3244,appariée,H:00 Addenda MEP01_Plans-unlocked-page-00019:130,IA:S267_ADD_24:148,Stroboscope mural,25.3
humain,00 Addenda MEP01_Plans-unlocked-page-00019,S267_ADD_24,ADD STROB,3224,3988,0.4600,0.8104,2615,3241,appariée,H:00 Addenda MEP01_Plans-unlocked-page-00019:131,IA:S267_ADD_24:149,Stroboscope mural,31.0
humain,00 Addenda MEP01_Plans-unlocked-page-00019,S267_ADD_24,ADD STROB,4517,4539,0.6445,0.9224,3666,3692,appariée,H:00 Addenda MEP01_Plans-unlocked-page-00019:132,IA:S267_ADD_24:145,Stroboscope mural,25.6
humain,00 Addenda MEP01_Plans-unlocked-page-00019,S267_ADD_24,ADD STROB,5218,4263,0.7445,0.8663,4235,3466,appariée,H:00 Addenda MEP01_Plans-unlocked-page-00019:133,IA:S267_ADD_24:146,Stroboscope mural,26.4
humain,00 Addenda MEP01_Plans-unlocked-page-00019,S267_ADD_24,ADD STROB,4173,3984,0.5954,0.8096,3386,3237,appariée,H:00 Addenda MEP01_Plans-unlocked-page-00019:134,IA:S267_ADD_24:150,Stroboscope mural,37.5
humain,00 Addenda MEP01_Plans-unlocked-page-00019,S267_ADD_24,ADD ARM,5180,4391,0.7391,0.8923,4205,3570,appariée,H:00 Addenda MEP01_Plans-unlocked-page-00019:135,IA:S267_ADD_24:142,Module de relais ARM,4.2
humain,00 Addenda MEP01_Plans-unlocked-page-00019,S267_ADD_24,ADD ARM,5175,4480,0.7383,0.9104,4200,3643,appariée,H:00 Addenda MEP01_Plans-unlocked-page-00019:136,IA:S267_ADD_24:143,Module de relais ARM,7.4
humain,00 Addenda MEP01_Plans-unlocked-page-00019,S267_ADD_24,ADD ARM,3919,3881,0.5591,0.7887,3180,3153,appariée,H:00 Addenda MEP01_Plans-unlocked-page-00019:137,IA:S267_ADD_24:141,Module de relais ARM,4.0
humain,00 Addenda MEP01_Plans-unlocked-page-00019,S267_ADD_24,ADD ARM,4643,3610,0.6624,0.7336,3768,2931,appariée,H:00 Addenda MEP01_Plans-unlocked-page-00019:138,IA:S267_ADD_24:137,Module de relais ARM,9.6
humain,00 Addenda MEP01_Plans-unlocked-page-00019,S267_ADD_24,ADD ARM,3435,3609,0.4901,0.7334,2787,2930,appariée,H:00 Addenda MEP01_Plans-unlocked-page-00019:139,IA:S267_ADD_24:136,Module de relais ARM,12.6
humain,00 Addenda MEP01_Plans-unlocked-page-00019,S267_ADD_24,ADD ARM,3257,3877,0.4647,0.7879,2642,3150,appariée,H:00 Addenda MEP01_Plans-unlocked-page-00019:140,IA:S267_ADD_24:140,Module de relais ARM,6.2
humain,00 Addenda MEP01_Plans-unlocked-page-00019,S267_ADD_24,ADD ARM,1921,3874,0.2741,0.7873,1557,3147,appariée,H:00 Addenda MEP01_Plans-unlocked-page-00019:141,IA:S267_ADD_24:139,Module de relais ARM,5.7
humain,00 Addenda MEP01_Plans-unlocked-page-00019,S267_ADD_24,ADD ARM,1425,3891,0.2033,0.7907,1154,3161,appariée,H:00 Addenda MEP01_Plans-unlocked-page-00019:142,IA:S267_ADD_24:138,Module de relais ARM,10.9
humain,00 Addenda MEP01_Plans-unlocked-page-00019,S267_ADD_24,ADD ARM,899,3611,0.1283,0.7338,727,2932,appariée,H:00 Addenda MEP01_Plans-unlocked-page-00019:143,IA:S267_ADD_24:134,Module de relais ARM,13.1
humain,00 Addenda MEP01_Plans-unlocked-page-00019,S267_ADD_24,ADD ARM,2110,3609,0.3010,0.7334,1710,2930,appariée,H:00 Addenda MEP01_Plans-unlocked-page-00019:144,IA:S267_ADD_24:135,Module de relais ARM,9.8
humain,00 Addenda MEP01_Plans-unlocked-page-00019,S267_ADD_24,ADD FAP,374,3883,0.0534,0.7891,300,3155,appariée,H:00 Addenda MEP01_Plans-unlocked-page-00019:145,IA:S267_ADD_24:144,Panneau d'alarme incendie FAP,6.0
humain,00 Addenda MEP01_Plans-unlocked-page-00019,S267_ADD_24,ADD PS1,1762,4134,0.2514,0.8401,1428,3360,appariée,H:00 Addenda MEP01_Plans-unlocked-page-00019:146,IA:S267_ADD_24:2,Bloc d'alimentation AI PS,35.3
humain,00 Addenda MEP01_Plans-unlocked-page-00019,S267_ADD_24,ADD PS2,3978,4130,0.5676,0.8393,3228,3357,appariée,H:00 Addenda MEP01_Plans-unlocked-page-00019:147,IA:S267_ADD_24:3,Bloc d'alimentation AI PS,1.6
humain,00 Addenda MEP01_Plans-unlocked-page-00019,S267_ADD_24,ADD AIM,3947,4333,0.5631,0.8805,3203,3523,appariée,H:00 Addenda MEP01_Plans-unlocked-page-00019:148,IA:S267_ADD_24:133,Module d'interface AIM,12.5
humain,00 Addenda MEP01_Plans-unlocked-page-00019,S267_ADD_24,ADD AIM,3900,4333,0.5564,0.8805,3165,3523,appariée,H:00 Addenda MEP01_Plans-unlocked-page-00019:149,IA:S267_ADD_24:132,Module d'interface AIM,11.9
humain,00 Addenda MEP01_Plans-unlocked-page-00019,S267_ADD_24,ADD FAAP,3984,4514,0.5684,0.9173,3233,3671,appariée,H:00 Addenda MEP01_Plans-unlocked-page-00019:150,IA:S267_ADD_24:1,Annonciateur FAAP,14.8
humain,00 Électricité_Plans_pour AO - 8,S267_ADD_24,DÉTECTEUR A FUMÉE,2700,6543,0.2075,0.7109,1201,2867,exclue (doublon),H:00 Électricité_Plans_pour AO - 8:1,H:00 Addenda MEP01_Plans-unlocked-page-00019:10,,
humain,00 Électricité_Plans_pour AO - 8,S267_ADD_24,DÉTECTEUR A FUMÉE,3136,6549,0.2410,0.7115,1390,2870,exclue (doublon),H:00 Électricité_Plans_pour AO - 8:2,H:00 Addenda MEP01_Plans-unlocked-page-00019:11,,
humain,00 Électricité_Plans_pour AO - 8,S267_ADD_24,DÉTECTEUR A FUMÉE,3140,6979,0.2413,0.7583,1392,3057,exclue (doublon),H:00 Électricité_Plans_pour AO - 8:3,H:00 Addenda MEP01_Plans-unlocked-page-00019:12,,
humain,00 Électricité_Plans_pour AO - 8,S267_ADD_24,DÉTECTEUR A FUMÉE,2700,6963,0.2075,0.7565,1201,3050,exclue (doublon),H:00 Électricité_Plans_pour AO - 8:4,H:00 Addenda MEP01_Plans-unlocked-page-00019:9,,
humain,00 Électricité_Plans_pour AO - 8,S267_ADD_24,DÉTECTEUR A FUMÉE,3540,6966,0.2721,0.7568,1566,3051,exclue (doublon),H:00 Électricité_Plans_pour AO - 8:5,H:00 Addenda MEP01_Plans-unlocked-page-00019:13,,
humain,00 Électricité_Plans_pour AO - 8,S267_ADD_24,DÉTECTEUR A FUMÉE,3526,6536,0.2710,0.7101,1560,2864,exclue (doublon),H:00 Électricité_Plans_pour AO - 8:6,H:00 Addenda MEP01_Plans-unlocked-page-00019:14,,
humain,00 Électricité_Plans_pour AO - 8,S267_ADD_24,DÉTECTEUR A FUMÉE,3990,6546,0.3067,0.7112,1762,2869,exclue (doublon),H:00 Électricité_Plans_pour AO - 8:7,H:00 Addenda MEP01_Plans-unlocked-page-00019:15,,
humain,00 Électricité_Plans_pour AO - 8,S267_ADD_24,DÉTECTEUR A FUMÉE,3976,6979,0.3056,0.7583,1756,3057,exclue (doublon),H:00 Électricité_Plans_pour AO - 8:8,H:00 Addenda MEP01_Plans-unlocked-page-00019:17,,
humain,00 Électricité_Plans_pour AO - 8,S267_ADD_24,DÉTECTEUR A FUMÉE,4423,6976,0.3399,0.7579,1950,3056,exclue (doublon),H:00 Électricité_Plans_pour AO - 8:9,H:00 Addenda MEP01_Plans-unlocked-page-00019:18,,
humain,00 Électricité_Plans_pour AO - 8,S267_ADD_24,DÉTECTEUR A FUMÉE,4430,6533,0.3405,0.7098,1953,2863,exclue (doublon),H:00 Électricité_Plans_pour AO - 8:10,H:00 Addenda MEP01_Plans-unlocked-page-00019:16,,
humain,00 Électricité_Plans_pour AO - 8,S267_ADD_24,DÉTECTEUR A FUMÉE,5626,6546,0.4324,0.7112,2474,2869,exclue (doublon),H:00 Électricité_Plans_pour AO - 8:11,H:00 Addenda MEP01_Plans-unlocked-page-00019:24,,
humain,00 Électricité_Plans_pour AO - 8,S267_ADD_24,DÉTECTEUR A FUMÉE,6063,6543,0.4660,0.7109,2664,2867,exclue (doublon),H:00 Électricité_Plans_pour AO - 8:12,H:00 Addenda MEP01_Plans-unlocked-page-00019:26,,
humain,00 Électricité_Plans_pour AO - 8,S267_ADD_24,DÉTECTEUR A FUMÉE,5626,6979,0.4324,0.7583,2474,3057,exclue (doublon),H:00 Électricité_Plans_pour AO - 8:13,H:00 Addenda MEP01_Plans-unlocked-page-00019:23,,
humain,00 Électricité_Plans_pour AO - 8,S267_ADD_24,DÉTECTEUR A FUMÉE,6076,6979,0.4670,0.7583,2669,3057,exclue (doublon),H:00 Électricité_Plans_pour AO - 8:14,H:00 Addenda MEP01_Plans-unlocked-page-00019:25,,
humain,00 Électricité_Plans_pour AO - 8,S267_ADD_24,DÉTECTEUR A FUMÉE,6485,6978,0.4984,0.7581,2847,3057,exclue (doublon),H:00 Électricité_Plans_pour AO - 8:15,H:00 Addenda MEP01_Plans-unlocked-page-00019:28,,
humain,00 Électricité_Plans_pour AO - 8,S267_ADD_24,DÉTECTEUR A FUMÉE,6488,6538,0.4987,0.7103,2849,2865,exclue (doublon),H:00 Électricité_Plans_pour AO - 8:16,H:00 Addenda MEP01_Plans-unlocked-page-00019:27,,
humain,00 Électricité_Plans_pour AO - 8,S267_ADD_24,DÉTECTEUR A FUMÉE,6912,6539,0.5312,0.7105,3033,2866,exclue (doublon),H:00 Électricité_Plans_pour AO - 8:17,H:00 Addenda MEP01_Plans-unlocked-page-00019:30,,
humain,00 Électricité_Plans_pour AO - 8,S267_ADD_24,DÉTECTEUR A FUMÉE,6913,6981,0.5313,0.7585,3034,3058,exclue (doublon),H:00 Électricité_Plans_pour AO - 8:18,H:00 Addenda MEP01_Plans-unlocked-page-00019:29,,
humain,00 Électricité_Plans_pour AO - 8,S267_ADD_24,DÉTECTEUR A FUMÉE,7366,6976,0.5661,0.7579,3231,3056,exclue (doublon),H:00 Électricité_Plans_pour AO - 8:19,H:00 Addenda MEP01_Plans-unlocked-page-00019:32,,
humain,00 Électricité_Plans_pour AO - 8,S267_ADD_24,DÉTECTEUR A FUMÉE,7366,6541,0.5661,0.7107,3231,2866,exclue (doublon),H:00 Électricité_Plans_pour AO - 8:20,H:00 Addenda MEP01_Plans-unlocked-page-00019:31,,
humain,00 Électricité_Plans_pour AO - 8,S267_ADD_24,DÉTECTEUR A FUMÉE,8523,6539,0.6551,0.7105,3734,2866,exclue (version remplacée),H:00 Électricité_Plans_pour AO - 8:21,version remplacée par 00 Addenda MEP01_Plans-unlocked-page-00019,,
humain,00 Électricité_Plans_pour AO - 8,S267_ADD_24,DÉTECTEUR A FUMÉE,8500,6979,0.6533,0.7583,3724,3057,exclue (version remplacée),H:00 Électricité_Plans_pour AO - 8:22,version remplacée par 00 Addenda MEP01_Plans-unlocked-page-00019,,
humain,00 Électricité_Plans_pour AO - 8,S267_ADD_24,DÉTECTEUR A FUMÉE,8946,6973,0.6876,0.7576,3918,3054,exclue (doublon),H:00 Électricité_Plans_pour AO - 8:23,H:00 Addenda MEP01_Plans-unlocked-page-00019:37,,
humain,00 Électricité_Plans_pour AO - 8,S267_ADD_24,DÉTECTEUR A FUMÉE,8944,6539,0.6874,0.7105,3917,2866,exclue (doublon),H:00 Électricité_Plans_pour AO - 8:24,H:00 Addenda MEP01_Plans-unlocked-page-00019:38,,
humain,00 Électricité_Plans_pour AO - 8,S267_ADD_24,DÉTECTEUR A FUMÉE,9405,6543,0.7228,0.7109,4118,2867,exclue (doublon),H:00 Électricité_Plans_pour AO - 8:25,H:00 Addenda MEP01_Plans-unlocked-page-00019:39,,
humain,00 Électricité_Plans_pour AO - 8,S267_ADD_24,DÉTECTEUR A FUMÉE,9398,6979,0.7223,0.7583,4115,3057,exclue (doublon),H:00 Électricité_Plans_pour AO - 8:26,H:00 Addenda MEP01_Plans-unlocked-page-00019:40,,
humain,00 Électricité_Plans_pour AO - 8,S267_ADD_24,DÉTECTEUR A FUMÉE,7294,7719,0.5606,0.8387,3199,3379,exclue (doublon),H:00 Électricité_Plans_pour AO - 8:27,H:00 Addenda MEP01_Plans-unlocked-page-00019:41,,
humain,00 Électricité_Plans_pour AO - 8,S267_ADD_24,DÉTECTEUR A FUMÉE,3145,7749,0.2417,0.8419,1394,3392,exclue (doublon),H:00 Électricité_Plans_pour AO - 8:28,H:00 Addenda MEP01_Plans-unlocked-page-00019:44,,
humain,00 Électricité_Plans_pour AO - 8,S267_ADD_24,DÉTECTEUR A FUMÉE,1045,6540,0.0803,0.7106,481,2866,exclue (doublon),H:00 Électricité_Plans_pour AO - 8:29,H:00 Addenda MEP01_Plans-unlocked-page-00019:4,,
humain,00 Électricité_Plans_pour AO - 8,S267_ADD_24,DÉTECTEUR A FUMÉE,1478,6540,0.1136,0.7106,669,2866,exclue (version remplacée),H:00 Électricité_Plans_pour AO - 8:30,version remplacée par 00 Addenda MEP01_Plans-unlocked-page-00019,,
humain,00 Électricité_Plans_pour AO - 8,S267_ADD_24,DÉTECTEUR A FUMÉE,1480,6980,0.1137,0.7584,670,3057,exclue (version remplacée),H:00 Électricité_Plans_pour AO - 8:31,version remplacée par 00 Addenda MEP01_Plans-unlocked-page-00019,,
humain,00 Électricité_Plans_pour AO - 8,S267_ADD_24,DÉTECTEUR A FUMÉE,1037,6982,0.0797,0.7586,477,3058,exclue (doublon),H:00 Électricité_Plans_pour AO - 8:32,H:00 Addenda MEP01_Plans-unlocked-page-00019:3,,
humain,00 Électricité_Plans_pour AO - 8,S267_ADD_24,DÉTECTEUR A FUMÉE,603,6984,0.0463,0.7588,289,3059,exclue (doublon),H:00 Électricité_Plans_pour AO - 8:33,H:00 Addenda MEP01_Plans-unlocked-page-00019:2,,
humain,00 Électricité_Plans_pour AO - 8,S267_ADD_24,DÉTECTEUR A FUMÉE,599,6534,0.0460,0.7099,287,2863,exclue (doublon),H:00 Électricité_Plans_pour AO - 8:34,H:00 Addenda MEP01_Plans-unlocked-page-00019:1,,
humain,00 Électricité_Plans_pour AO - 8,S267_ADD_24,DÉTECTEUR A FUMÉE,7050,7779,0.5418,0.8452,3093,3405,exclue (doublon),H:00 Électricité_Plans_pour AO - 8:35,H:00 Addenda MEP01_Plans-unlocked-page-00019:42,,
humain,00 Électricité_Plans_pour AO - 8,S267_ADD_24,DÉTECTEUR A FUMÉE,7238,8238,0.5563,0.8950,3175,3605,exclue (doublon),H:00 Électricité_Plans_pour AO - 8:36,H:00 Addenda MEP01_Plans-unlocked-page-00019:43,,
humain,00 Électricité_Plans_pour AO - 8,S267_ADD_24,DETECTEUR FL-RX,760,8094,0.0584,0.8794,357,3542,exclue (doublon),H:00 Électricité_Plans_pour AO - 8:37,H:00 Addenda MEP01_Plans-unlocked-page-00019:50,,
humain,00 Électricité_Plans_pour AO - 8,S267_ADD_24,DETECTEUR FL-RX,9503,6542,0.7304,0.7108,4160,2867,exclue (doublon),H:00 Électricité_Plans_pour AO - 8:38,H:00 Addenda MEP01_Plans-unlocked-page-00019:48,,
humain,00 Électricité_Plans_pour AO - 8,S267_ADD_24,DETECTEUR FL-RX,9501,6973,0.7302,0.7576,4159,3054,exclue (doublon),H:00 Électricité_Plans_pour AO - 8:39,H:00 Addenda MEP01_Plans-unlocked-page-00019:49,,
humain,00 Électricité_Plans_pour AO - 8,S267_ADD_24,DETECTEUR A FUMER FL-TX,488,6549,0.0375,0.7115,239,2870,exclue (doublon),H:00 Électricité_Plans_pour AO - 8:40,H:00 Addenda MEP01_Plans-unlocked-page-00019:46,,
humain,00 Électricité_Plans_pour AO - 8,S267_ADD_24,DETECTEUR A FUMER FL-TX,489,6986,0.0376,0.7590,239,3060,exclue (doublon),H:00 Électricité_Plans_pour AO - 8:41,H:00 Addenda MEP01_Plans-unlocked-page-00019:45,,
humain,00 Électricité_Plans_pour AO - 8,S267_ADD_24,DETECTEUR A FUMER FL-TX,9346,8151,0.7183,0.8856,4092,3567,exclue (doublon),H:00 Électricité_Plans_pour AO - 8:42,H:00 Addenda MEP01_Plans-unlocked-page-00019:47,,
humain,00 Électricité_Plans_pour AO - 8,S267_ADD_24,DETECTEUR GAINE,2572,7111,0.1977,0.7726,1145,3114,exclue (doublon),H:00 Électricité_Plans_pour AO - 8:43,H:00 Addenda MEP01_Plans-unlocked-page-00019:51,,
humain,00 Électricité_Plans_pour AO - 8,S267_ADD_24,DETECTEUR GAINE,3488,7111,0.2681,0.7726,1544,3114,exclue (doublon),H:00 Électricité_Plans_pour AO - 8:44,H:00 Addenda MEP01_Plans-unlocked-page-00019:52,,
humain,00 Électricité_Plans_pour AO - 8,S267_ADD_24,DETECTEUR GAINE,5981,7113,0.4597,0.7728,2628,3115,exclue (doublon),H:00 Électricité_Plans_pour AO - 8:45,H:00 Addenda MEP01_Plans-unlocked-page-00019:53,,
humain,00 Électricité_Plans_pour AO - 8,S267_ADD_24,DETECTEUR GAINE,7210,7106,0.5541,0.7721,3163,3112,exclue (doublon),H:00 Électricité_Plans_pour AO - 8:46,H:00 Addenda MEP01_Plans-unlocked-page-00019:54,,
humain,00 Électricité_Plans_pour AO - 8,S267_ADD_24,DETECTEUR GAINE,9575,8067,0.7359,0.8765,4192,3530,exclue (doublon),H:00 Électricité_Plans_pour AO - 8:47,H:00 Addenda MEP01_Plans-unlocked-page-00019:55,,
humain,00 Électricité_Plans_pour AO - 8,S267_ADD_24,DETECTEUR GAINE,9583,8236,0.7365,0.8948,4195,3604,exclue (doublon),H:00 Électricité_Plans_pour AO - 8:48,H:00 Addenda MEP01_Plans-unlocked-page-00019:56,,
humain,00 Électricité_Plans_pour AO - 8,S267_ADD_24,KLAXON STROB,6319,7824,0.4857,0.8501,2775,3425,exclue (doublon),H:00 Électricité_Plans_pour AO - 8:49,H:00 Addenda MEP01_Plans-unlocked-page-00019:87,,
humain,00 Électricité_Plans_pour AO - 8,S267_ADD_24,KLAXON STROB,6150,7814,0.4727,0.8490,2702,3420,exclue (doublon),H:00 Électricité_Plans_pour AO - 8:50,H:00 Addenda MEP01_Plans-unlocked-page-00019:86,,
humain,00 Électricité_Plans_pour AO - 8,S267_ADD_24,KLAXON STROB,6002,7819,0.4613,0.8495,2637,3422,exclue (doublon),H:00 Électricité_Plans_pour AO - 8:51,H:00 Addenda MEP01_Plans-unlocked-page-00019:85,,
humain,00 Électricité_Plans_pour AO - 8,S267_ADD_24,KLAXON STROB,5831,7812,0.4482,0.8488,2563,3419,exclue (doublon),H:00 Électricité_Plans_pour AO - 8:52,H:00 Addenda MEP01_Plans-unlocked-page-00019:84,,
humain,00 Électricité_Plans_pour AO - 8,S267_ADD_24,KLAXON STROB,5704,7814,0.4384,0.8490,2508,3420,exclue (doublon),H:00 Électricité_Plans_pour AO - 8:53,H:00 Addenda MEP01_Plans-unlocked-page-00019:83,,
humain,00 Électricité_Plans_pour AO - 8,S267_ADD_24,KLAXON STROB,5524,7807,0.4246,0.8482,2429,3417,exclue (doublon),H:00 Électricité_Plans_pour AO - 8:54,H:00 Addenda MEP01_Plans-unlocked-page-00019:82,,
humain,00 Électricité_Plans_pour AO - 8,S267_ADD_24,KLAXON STROB,5402,7814,0.4152,0.8490,2376,3420,exclue (doublon),H:00 Électricité_Plans_pour AO - 8:55,H:00 Addenda MEP01_Plans-unlocked-page-00019:96,,
humain,00 Électricité_Plans_pour AO - 8,S267_ADD_24,KLAXON STROB,5226,7807,0.4017,0.8482,2300,3417,exclue (doublon),H:00 Électricité_Plans_pour AO - 8:56,H:00 Addenda MEP01_Plans-unlocked-page-00019:92,,
humain,00 Électricité_Plans_pour AO - 8,S267_ADD_24,KLAXON STROB,5071,7983,0.3897,0.8673,2232,3494,exclue (doublon),H:00 Électricité_Plans_pour AO - 8:57,H:00 Addenda MEP01_Plans-unlocked-page-00019:93,,
humain,00 Électricité_Plans_pour AO - 8,S267_ADD_24,KLAXON STROB,5238,8159,0.4026,0.8865,2305,3570,exclue (doublon),H:00 Électricité_Plans_pour AO - 8:58,H:00 Addenda MEP01_Plans-unlocked-page-00019:94,,
humain,00 Électricité_Plans_pour AO - 8,S267_ADD_24,KLAXON STROB,5397,8150,0.4148,0.8855,2374,3566,exclue (doublon),H:00 Électricité_Plans_pour AO - 8:59,H:00 Addenda MEP01_Plans-unlocked-page-00019:95,,
humain,00 Électricité_Plans_pour AO - 8,S267_ADD_24,KLAXON STROB,5538,8147,0.4256,0.8852,2435,3565,exclue (doublon),H:00 Électricité_Plans_pour AO - 8:60,H:00 Addenda MEP01_Plans-unlocked-page-00019:81,,
humain,00 Électricité_Plans_pour AO - 8,S267_ADD_24,KLAXON STROB,5704,8150,0.4384,0.8855,2508,3566,exclue (doublon),H:00 Électricité_Plans_pour AO - 8:61,H:00 Addenda MEP01_Plans-unlocked-page-00019:80,,
humain,00 Électricité_Plans_pour AO - 8,S267_ADD_24,KLAXON STROB,5833,8147,0.4483,0.8852,2564,3565,exclue (doublon),H:00 Électricité_Plans_pour AO - 8:62,H:00 Addenda MEP01_Plans-unlocked-page-00019:79,,
humain,00 Électricité_Plans_pour AO - 8,S267_ADD_24,KLAXON STROB,6014,8147,0.4622,0.8852,2642,3565,exclue (doublon),H:00 Électricité_Plans_pour AO - 8:63,H:00 Addenda MEP01_Plans-unlocked-page-00019:78,,
humain,00 Électricité_Plans_pour AO - 8,S267_ADD_24,KLAXON STROB,6154,8152,0.4730,0.8857,2703,3567,exclue (doublon),H:00 Électricité_Plans_pour AO - 8:64,H:00 Addenda MEP01_Plans-unlocked-page-00019:77,,
humain,00 Électricité_Plans_pour AO - 8,S267_ADD_24,KLAXON STROB,6314,8155,0.4853,0.8860,2773,3569,exclue (doublon),H:00 Électricité_Plans_pour AO - 8:65,H:00 Addenda MEP01_Plans-unlocked-page-00019:76,,
humain,00 Électricité_Plans_pour AO - 8,S267_ADD_24,KLAXON STROB,6874,8278,0.5283,0.8994,3017,3622,exclue (doublon),H:00 Électricité_Plans_pour AO - 8:66,H:00 Addenda MEP01_Plans-unlocked-page-00019:75,,
humain,00 Électricité_Plans_pour AO - 8,S267_ADD_24,KLAXON STROB,6869,7759,0.5279,0.8430,3014,3396,exclue (doublon),H:00 Électricité_Plans_pour AO - 8:67,H:00 Addenda MEP01_Plans-unlocked-page-00019:73,,
humain,00 Électricité_Plans_pour AO - 8,S267_ADD_24,KLAXON STROB,6621,7985,0.5089,0.8676,2906,3495,exclue (doublon),H:00 Électricité_Plans_pour AO - 8:68,H:00 Addenda MEP01_Plans-unlocked-page-00019:74,,
humain,00 Électricité_Plans_pour AO - 8,S267_ADD_24,KLAXON STROB,7600,7936,0.5841,0.8622,3332,3473,exclue (doublon),H:00 Électricité_Plans_pour AO - 8:69,H:00 Addenda MEP01_Plans-unlocked-page-00019:70,,
humain,00 Électricité_Plans_pour AO - 8,S267_ADD_24,KLAXON STROB,7552,8021,0.5804,0.8715,3311,3510,exclue (doublon),H:00 Électricité_Plans_pour AO - 8:70,H:00 Addenda MEP01_Plans-unlocked-page-00019:71,,
humain,00 Électricité_Plans_pour AO - 8,S267_ADD_24,KLAXON STROB,7238,7576,0.5563,0.8231,3175,3317,exclue (doublon),H:00 Électricité_Plans_pour AO - 8:71,H:00 Addenda MEP01_Plans-unlocked-page-00019:72,,
humain,00 Électricité_Plans_pour AO - 8,S267_ADD_24,KLAXON STROB,9216,8297,0.7083,0.9015,4035,3630,exclue (doublon),H:00 Électricité_Plans_pour AO - 8:72,H:00 Addenda MEP01_Plans-unlocked-page-00019:69,,
humain,00 Électricité_Plans_pour AO - 8,S267_ADD_24,KLAXON STROB,9988,7793,0.7677,0.8467,4371,3411,exclue (doublon),H:00 Électricité_Plans_pour AO - 8:73,H:00 Addenda MEP01_Plans-unlocked-page-00019:125,,
humain,00 Électricité_Plans_pour AO - 8,S267_ADD_24,KLAXON STROB,9647,7702,0.7414,0.8368,4223,3371,exclue (version remplacée),H:00 Électricité_Plans_pour AO - 8:74,version remplacée par 00 Addenda MEP01_Plans-unlocked-page-00019,,
humain,00 Électricité_Plans_pour AO - 8,S267_ADD_24,KLAXON STROB,9119,7569,0.7009,0.8224,3993,3314,exclue (doublon),H:00 Électricité_Plans_pour AO - 8:75,H:00 Addenda MEP01_Plans-unlocked-page-00019:66,,
humain,00 Électricité_Plans_pour AO - 8,S267_ADD_24,KLAXON STROB,9026,7376,0.6937,0.8014,3953,3230,exclue (doublon),H:00 Électricité_Plans_pour AO - 8:76,H:00 Addenda MEP01_Plans-unlocked-page-00019:128,,
humain,00 Électricité_Plans_pour AO - 8,S267_ADD_24,KLAXON STROB,9776,6547,0.7514,0.7113,4279,2869,exclue (doublon),H:00 Électricité_Plans_pour AO - 8:77,H:00 Addenda MEP01_Plans-unlocked-page-00019:68,,
humain,00 Électricité_Plans_pour AO - 8,S267_ADD_24,KLAXON STROB,9026,6743,0.6937,0.7326,3953,2954,exclue (doublon),H:00 Électricité_Plans_pour AO - 8:78,H:00 Addenda MEP01_Plans-unlocked-page-00019:90,,
humain,00 Électricité_Plans_pour AO - 8,S267_ADD_24,KLAXON STROB,7759,6726,0.5963,0.7308,3402,2947,exclue (doublon),H:00 Électricité_Plans_pour AO - 8:79,H:00 Addenda MEP01_Plans-unlocked-page-00019:89,,
humain,00 Électricité_Plans_pour AO - 8,S267_ADD_24,KLAXON STROB,6514,6735,0.5007,0.7317,2860,2951,exclue (doublon),H:00 Électricité_Plans_pour AO - 8:80,H:00 Addenda MEP01_Plans-unlocked-page-00019:88,,
humain,00 Électricité_Plans_pour AO - 8,S267_ADD_24,KLAXON STROB,5243,6735,0.4030,0.7317,2307,2951,exclue (doublon),H:00 Électricité_Plans_pour AO - 8:81,H:00 Addenda MEP01_Plans-unlocked-page-00019:91,,
humain,00 Électricité_Plans_pour AO - 8,S267_ADD_24,KLAXON STROB,4802,7800,0.3691,0.8475,2115,3414,exclue (doublon),H:00 Électricité_Plans_pour AO - 8:82,H:00 Addenda MEP01_Plans-unlocked-page-00019:97,,
humain,00 Électricité_Plans_pour AO - 8,S267_ADD_24,KLAXON STROB,4824,8150,0.3708,0.8855,2125,3566,exclue (doublon),H:00 Électricité_Plans_pour AO - 8:83,H:00 Addenda MEP01_Plans-unlocked-page-00019:98,,
humain,00 Électricité_Plans_pour AO - 8,S267_ADD_24,KLAXON STROB,4662,8145,0.3583,0.8849,2054,3564,exclue (doublon),H:00 Électricité_Plans_pour AO - 8:84,H:00 Addenda MEP01_Plans-unlocked-page-00019:99,,
humain,00 Électricité_Plans_pour AO - 8,S267_ADD_24,KLAXON STROB,4509,8145,0.3466,0.8849,1988,3564,exclue (doublon),H:00 Électricité_Plans_pour AO - 8:85,H:00 Addenda MEP01_Plans-unlocked-page-00019:102,,
humain,00 Électricité_Plans_pour AO - 8,S267_ADD_24,KLAXON STROB,4352,8138,0.3345,0.8842,1919,3561,exclue (doublon),H:00 Électricité_Plans_pour AO - 8:86,H:00 Addenda MEP01_Plans-unlocked-page-00019:103,,
humain,00 Électricité_Plans_pour AO - 8,S267_ADD_24,KLAXON STROB,4204,8150,0.3231,0.8855,1855,3566,exclue (doublon),H:00 Électricité_Plans_pour AO - 8:87,H:00 Addenda MEP01_Plans-unlocked-page-00019:106,,
humain,00 Électricité_Plans_pour AO - 8,S267_ADD_24,KLAXON STROB,970,7383,0.0746,0.8022,448,3233,exclue (doublon),H:00 Électricité_Plans_pour AO - 8:88,H:00 Addenda MEP01_Plans-unlocked-page-00019:123,,
humain,00 Électricité_Plans_pour AO - 8,S267_ADD_24,KLAXON STROB,1007,6732,0.0774,0.7314,464,2949,exclue (doublon),H:00 Électricité_Plans_pour AO - 8:89,H:00 Addenda MEP01_Plans-unlocked-page-00019:119,,
humain,00 Électricité_Plans_pour AO - 8,S267_ADD_24,KLAXON STROB,2342,6735,0.1800,0.7317,1045,2951,exclue (doublon),H:00 Électricité_Plans_pour AO - 8:90,H:00 Addenda MEP01_Plans-unlocked-page-00019:118,,
humain,00 Électricité_Plans_pour AO - 8,S267_ADD_24,KLAXON STROB,3468,6723,0.2665,0.7304,1535,2946,exclue (doublon),H:00 Électricité_Plans_pour AO - 8:91,H:00 Addenda MEP01_Plans-unlocked-page-00019:117,,
humain,00 Électricité_Plans_pour AO - 8,S267_ADD_24,KLAXON STROB,3452,7988,0.2653,0.8679,1528,3496,exclue (doublon),H:00 Électricité_Plans_pour AO - 8:92,H:00 Addenda MEP01_Plans-unlocked-page-00019:113,,
humain,00 Électricité_Plans_pour AO - 8,S267_ADD_24,KLAXON STROB,3733,7813,0.2869,0.8489,1650,3420,exclue (doublon),H:00 Électricité_Plans_pour AO - 8:93,H:00 Addenda MEP01_Plans-unlocked-page-00019:112,,
humain,00 Électricité_Plans_pour AO - 8,S267_ADD_24,KLAXON STROB,3902,7807,0.2999,0.8482,1724,3417,exclue (doublon),H:00 Électricité_Plans_pour AO - 8:94,H:00 Addenda MEP01_Plans-unlocked-page-00019:109,,
humain,00 Électricité_Plans_pour AO - 8,S267_ADD_24,KLAXON STROB,4043,7807,0.3107,0.8482,1785,3417,exclue (doublon),H:00 Électricité_Plans_pour AO - 8:95,H:00 Addenda MEP01_Plans-unlocked-page-00019:108,,
humain,00 Électricité_Plans_pour AO - 8,S267_ADD_24,KLAXON STROB,4200,7808,0.3228,0.8483,1853,3418,exclue (doublon),H:00 Électricité_Plans_pour AO - 8:96,H:00 Addenda MEP01_Plans-unlocked-page-00019:105,,
humain,00 Électricité_Plans_pour AO - 8,S267_ADD_24,KLAXON STROB,4042,8150,0.3107,0.8855,1785,3566,exclue (doublon),H:00 Électricité_Plans_pour AO - 8:97,H:00 Addenda MEP01_Plans-unlocked-page-00019:107,,
humain,00 Électricité_Plans_pour AO - 8,S267_ADD_24,KLAXON STROB,3885,8145,0.2986,0.8849,1716,3564,exclue (doublon),H:00 Électricité_Plans_pour AO - 8:98,H:00 Addenda MEP01_Plans-unlocked-page-00019:110,,
humain,00 Électricité_Plans_pour AO - 8,S267_ADD_24,KLAXON STROB,3737,8148,0.2872,0.8853,1652,3565,exclue (doublon),H:00 Électricité_Plans_pour AO - 8:99,H:00 Addenda MEP01_Plans-unlocked-page-00019:111,,
humain,00 Électricité_Plans_pour AO - 8,S267_ADD_24,KLAXON STROB,3018,7772,0.2320,0.8444,1339,3402,exclue (doublon),H:00 Électricité_Plans_pour AO - 8:100,H:00 Addenda MEP01_Plans-unlocked-page-00019:115,,
humain,00 Électricité_Plans_pour AO - 8,S267_ADD_24,KLAXON STROB,2928,7705,0.2250,0.8371,1300,3373,exclue (doublon),H:00 Électricité_Plans_pour AO - 8:101,H:00 Addenda MEP01_Plans-unlocked-page-00019:116,,
humain,00 Électricité_Plans_pour AO - 8,S267_ADD_24,KLAXON STROB,2050,8030,0.1576,0.8724,918,3514,exclue (doublon),H:00 Électricité_Plans_pour AO - 8:102,H:00 Addenda MEP01_Plans-unlocked-page-00019:120,,
humain,00 Électricité_Plans_pour AO - 8,S267_ADD_24,KLAXON STROB,2127,8093,0.1635,0.8793,952,3542,exclue (doublon),H:00 Électricité_Plans_pour AO - 8:103,H:00 Addenda MEP01_Plans-unlocked-page-00019:121,,
humain,00 Électricité_Plans_pour AO - 8,S267_ADD_24,KLAXON STROB,973,8068,0.0748,0.8766,449,3531,exclue (doublon),H:00 Électricité_Plans_pour AO - 8:104,H:00 Addenda MEP01_Plans-unlocked-page-00019:122,,
humain,00 Électricité_Plans_pour AO - 8,S267_ADD_24,KLAXON STROB,3213,8365,0.2469,0.9088,1424,3660,exclue (doublon),H:00 Électricité_Plans_pour AO - 8:105,H:00 Addenda MEP01_Plans-unlocked-page-00019:124,,
humain,00 Électricité_Plans_pour AO - 8,S267_ADD_24,KLAXON STROB,4361,7813,0.3352,0.8489,1923,3420,exclue (doublon),H:00 Électricité_Plans_pour AO - 8:106,H:00 Addenda MEP01_Plans-unlocked-page-00019:104,,
humain,00 Électricité_Plans_pour AO - 8,S267_ADD_24,KLAXON STROB,4511,7818,0.3467,0.8494,1989,3422,exclue (doublon),H:00 Électricité_Plans_pour AO - 8:107,H:00 Addenda MEP01_Plans-unlocked-page-00019:101,,
humain,00 Électricité_Plans_pour AO - 8,S267_ADD_24,KLAXON STROB,4659,7810,0.3581,0.8485,2053,3418,exclue (doublon),H:00 Électricité_Plans_pour AO - 8:108,H:00 Addenda MEP01_Plans-unlocked-page-00019:100,,
humain,00 Électricité_Plans_pour AO - 8,S267_ADD_24,KLAXON STROB,9904,7016,0.7612,0.7623,4335,3073,exclue (doublon),H:00 Électricité_Plans_pour AO - 8:109,H:00 Addenda MEP01_Plans-unlocked-page-00019:67,,
humain,00 Électricité_Plans_pour AO - 8,S267_ADD_24,KLAXON STROB,11172,6976,0.8587,0.7579,4886,3056,exclue (doublon),H:00 Électricité_Plans_pour AO - 8:110,H:00 Addenda MEP01_Plans-unlocked-page-00019:126,,
humain,00 Électricité_Plans_pour AO - 8,S267_ADD_24,KLAXON STROB,9772,8193,0.7511,0.8902,4277,3585,exclue (doublon),H:00 Électricité_Plans_pour AO - 8:111,H:00 Addenda MEP01_Plans-unlocked-page-00019:127,,
humain,00 Électricité_Plans_pour AO - 8,S267_ADD_24,KLAXON STROB,3216,7902,0.2472,0.8585,1425,3458,exclue (doublon),H:00 Électricité_Plans_pour AO - 8:112,H:00 Addenda MEP01_Plans-unlocked-page-00019:114,,
humain,00 Électricité_Plans_pour AO - 8,S267_ADD_24,STATION MANUEL,9673,8111,0.7434,0.8812,4234,3549,exclue (doublon),H:00 Électricité_Plans_pour AO - 8:113,H:00 Addenda MEP01_Plans-unlocked-page-00019:64,,
humain,00 Électricité_Plans_pour AO - 8,S267_ADD_24,STATION MANUEL,10003,7397,0.7688,0.8037,4378,3239,exclue (doublon),H:00 Électricité_Plans_pour AO - 8:114,H:00 Addenda MEP01_Plans-unlocked-page-00019:62,,
humain,00 Électricité_Plans_pour AO - 8,S267_ADD_24,STATION MANUEL,11205,8221,0.8612,0.8932,4901,3597,exclue (doublon),H:00 Électricité_Plans_pour AO - 8:115,H:00 Addenda MEP01_Plans-unlocked-page-00019:61,,
humain,00 Électricité_Plans_pour AO - 8,S267_ADD_24,STATION MANUEL,9670,6668,0.7432,0.7245,4233,2922,exclue (doublon),H:00 Électricité_Plans_pour AO - 8:116,H:00 Addenda MEP01_Plans-unlocked-page-00019:63,,
humain,00 Électricité_Plans_pour AO - 8,S267_ADD_24,STATION MANUEL,10893,6367,0.8372,0.6918,4765,2791,exclue (doublon),H:00 Électricité_Plans_pour AO - 8:117,H:00 Addenda MEP01_Plans-unlocked-page-00019:60,,
humain,00 Électricité_Plans_pour AO - 8,S267_ADD_24,STATION MANUEL,5126,8419,0.3940,0.9147,2256,3683,exclue (doublon),H:00 Électricité_Plans_pour AO - 8:118,H:00 Addenda MEP01_Plans-unlocked-page-00019:59,,
humain,00 Électricité_Plans_pour AO - 8,S267_ADD_24,STATION MANUEL,4980,6610,0.3828,0.7182,2193,2896,exclue (doublon),H:00 Électricité_Plans_pour AO - 8:119,H:00 Addenda MEP01_Plans-unlocked-page-00019:65,,
humain,00 Électricité_Plans_pour AO - 8,S267_ADD_24,STATION MANUEL,1071,7256,0.0823,0.7884,492,3177,exclue (doublon),H:00 Électricité_Plans_pour AO - 8:120,H:00 Addenda MEP01_Plans-unlocked-page-00019:58,,
humain,00 Électricité_Plans_pour AO - 8,S267_ADD_24,STATION MANUEL,387,6837,0.0297,0.7428,195,2995,exclue (doublon),H:00 Électricité_Plans_pour AO - 8:121,H:00 Addenda MEP01_Plans-unlocked-page-00019:57,,
humain,00 Électricité_Plans_pour AO - 8,S267_ADD_24,STROB,4046,7392,0.3110,0.8031,1786,3237,exclue (doublon),H:00 Électricité_Plans_pour AO - 8:122,H:00 Addenda MEP01_Plans-unlocked-page-00019:130,,
humain,00 Électricité_Plans_pour AO - 8,S267_ADD_24,STROB,2698,7393,0.2074,0.8032,1200,3237,exclue (doublon),H:00 Électricité_Plans_pour AO - 8:123,H:00 Addenda MEP01_Plans-unlocked-page-00019:129,,
humain,00 Électricité_Plans_pour AO - 8,S267_ADD_24,STROB,5969,7388,0.4588,0.8027,2623,3235,exclue (doublon),H:00 Électricité_Plans_pour AO - 8:124,H:00 Addenda MEP01_Plans-unlocked-page-00019:131,,
humain,00 Électricité_Plans_pour AO - 8,S267_ADD_24,STROB,7718,7388,0.5932,0.8027,3384,3235,exclue (doublon),H:00 Électricité_Plans_pour AO - 8:125,H:00 Addenda MEP01_Plans-unlocked-page-00019:134,,
humain,00 Électricité_Plans_pour AO - 8,S267_ADD_24,STROB,8367,8405,0.6431,0.9132,3666,3677,exclue (doublon),H:00 Électricité_Plans_pour AO - 8:126,H:00 Addenda MEP01_Plans-unlocked-page-00019:132,,
humain,00 Électricité_Plans_pour AO - 8,S267_ADD_24,ARM RELAIS ADRESSABLE,3557,7208,0.2734,0.7831,1574,3157,exclue (doublon),H:00 Électricité_Plans_pour AO - 8:127,H:00 Addenda MEP01_Plans-unlocked-page-00019:141,,
humain,00 Électricité_Plans_pour AO - 8,S267_ADD_24,ARM RELAIS ADRESSABLE,2644,7212,0.2032,0.7836,1176,3158,exclue (doublon),H:00 Électricité_Plans_pour AO - 8:128,H:00 Addenda MEP01_Plans-unlocked-page-00019:142,,
humain,00 Électricité_Plans_pour AO - 8,S267_ADD_24,ARM RELAIS ADRESSABLE,3904,6724,0.3001,0.7306,1725,2946,exclue (doublon),H:00 Électricité_Plans_pour AO - 8:129,H:00 Addenda MEP01_Plans-unlocked-page-00019:144,,
humain,00 Électricité_Plans_pour AO - 8,S267_ADD_24,ARM RELAIS ADRESSABLE,1676,6720,0.1288,0.7301,755,2944,exclue (doublon),H:00 Électricité_Plans_pour AO - 8:130,H:00 Addenda MEP01_Plans-unlocked-page-00019:143,,
humain,00 Électricité_Plans_pour AO - 8,S267_ADD_24,ARM RELAIS ADRESSABLE,6379,6726,0.4903,0.7308,2801,2947,exclue (doublon),H:00 Électricité_Plans_pour AO - 8:131,H:00 Addenda MEP01_Plans-unlocked-page-00019:139,,
humain,00 Électricité_Plans_pour AO - 8,S267_ADD_24,ARM RELAIS ADRESSABLE,7269,7214,0.5587,0.7838,3188,3159,exclue (doublon),H:00 Électricité_Plans_pour AO - 8:132,H:00 Addenda MEP01_Plans-unlocked-page-00019:137,,
humain,00 Électricité_Plans_pour AO - 8,S267_ADD_24,ARM RELAIS ADRESSABLE,9612,8148,0.7388,0.8853,4208,3565,exclue (doublon),H:00 Électricité_Plans_pour AO - 8:133,H:00 Addenda MEP01_Plans-unlocked-page-00019:135,,
humain,00 Électricité_Plans_pour AO - 8,S267_ADD_24,ARM RELAIS ADRESSABLE,9616,8308,0.7391,0.9027,4209,3635,exclue (doublon),H:00 Électricité_Plans_pour AO - 8:134,H:00 Addenda MEP01_Plans-unlocked-page-00019:136,,
humain,00 Électricité_Plans_pour AO - 8,S267_ADD_24,ARM RELAIS ADRESSABLE,6049,7208,0.4649,0.7831,2658,3157,exclue (doublon),H:00 Électricité_Plans_pour AO - 8:135,H:00 Addenda MEP01_Plans-unlocked-page-00019:140,,
humain,00 Électricité_Plans_pour AO - 8,S267_ADD_24,ARM RELAIS ADRESSABLE,8613,6728,0.6620,0.7310,3773,2948,exclue (doublon),H:00 Électricité_Plans_pour AO - 8:136,H:00 Addenda MEP01_Plans-unlocked-page-00019:138,,
humain,00 Électricité_Plans_pour AO - 8,S267_ADD_24,POWER SUPPY,3279,7674,0.2520,0.8338,1453,3359,exclue (doublon),H:00 Électricité_Plans_pour AO - 8:137,H:00 Addenda MEP01_Plans-unlocked-page-00019:146,,
humain,00 Électricité_Plans_pour AO - 8,S267_ADD_24,POWER SUPPY,7394,7673,0.5683,0.8337,3243,3359,exclue (doublon),H:00 Électricité_Plans_pour AO - 8:138,H:00 Addenda MEP01_Plans-unlocked-page-00019:147,,
humain,00 Électricité_Plans_pour AO - 8,S267_ADD_24,AIM INTERFACE ADRESSABLE,7225,8039,0.5553,0.8734,3169,3518,exclue (doublon),H:00 Électricité_Plans_pour AO - 8:139,H:00 Addenda MEP01_Plans-unlocked-page-00019:149,,
humain,00 Électricité_Plans_pour AO - 8,S267_ADD_24,AIM INTERFACE ADRESSABLE,7304,8038,0.5614,0.8733,3204,3518,exclue (doublon),H:00 Électricité_Plans_pour AO - 8:140,H:00 Addenda MEP01_Plans-unlocked-page-00019:148,,
humain,00 Électricité_Plans_pour AO - 8,S267_ADD_24,PANN ANNONCIATEUR,7382,8355,0.5674,0.9078,3238,3656,exclue (doublon),H:00 Électricité_Plans_pour AO - 8:141,H:00 Addenda MEP01_Plans-unlocked-page-00019:150,,
humain,00 Électricité_Plans_pour AO - 8,S267_ADD_24,PANN CONTROL ALARME,689,7215,0.0530,0.7839,326,3160,exclue (doublon),H:00 Électricité_Plans_pour AO - 8:142,H:00 Addenda MEP01_Plans-unlocked-page-00019:145,,
ia,00 Électricité_Plans_pour AO - 5 + 00 Addenda MEP01_Plans-unlocked-page-00016,S267_ADD_21,A1 Troffer 2x4,780,3376,0.1370,0.8381,780,3376,appariée,IA:S267_ADD_21:1,H:00 Addenda MEP01_Plans-unlocked-page-00016:54,ADD FIXTURE TYPE A1,22.1
ia,00 Électricité_Plans_pour AO - 5 + 00 Addenda MEP01_Plans-unlocked-page-00016,S267_ADD_21,A1 Troffer 2x4,780,3606,0.1370,0.8952,780,3606,appariée,IA:S267_ADD_21:2,H:00 Addenda MEP01_Plans-unlocked-page-00016:56,ADD FIXTURE TYPE A1,22.1
ia,00 Électricité_Plans_pour AO - 5 + 00 Addenda MEP01_Plans-unlocked-page-00016,S267_ADD_21,A1 Troffer 2x4,3588,3345,0.6301,0.8304,3588,3345,appariée,IA:S267_ADD_21:3,H:00 Addenda MEP01_Plans-unlocked-page-00016:3,ADD FIXTURE TYPE A1,13.6
ia,00 Électricité_Plans_pour AO - 5 + 00 Addenda MEP01_Plans-unlocked-page-00016,S267_ADD_21,A1 Troffer 2x4,3760,3345,0.6603,0.8304,3760,3345,appariée,IA:S267_ADD_21:4,H:00 Addenda MEP01_Plans-unlocked-page-00016:5,ADD FIXTURE TYPE A1,14.5
ia,00 Électricité_Plans_pour AO - 5 + 00 Addenda MEP01_Plans-unlocked-page-00016,S267_ADD_21,A1 Troffer 2x4,3932,3345,0.6906,0.8304,3932,3345,appariée,IA:S267_ADD_21:5,H:00 Addenda MEP01_Plans-unlocked-page-00016:7,ADD FIXTURE TYPE A1,15.6
ia,00 Électricité_Plans_pour AO - 5 + 00 Addenda MEP01_Plans-unlocked-page-00016,S267_ADD_21,A1 Troffer 2x4,4105,3345,0.7209,0.8304,4105,3345,appariée,IA:S267_ADD_21:6,H:00 Addenda MEP01_Plans-unlocked-page-00016:17,ADD FIXTURE TYPE A1,13.6
ia,00 Électricité_Plans_pour AO - 5 + 00 Addenda MEP01_Plans-unlocked-page-00016,S267_ADD_21,A1 Troffer 2x4,3588,3431,0.6301,0.8518,3588,3431,appariée,IA:S267_ADD_21:7,H:00 Addenda MEP01_Plans-unlocked-page-00016:4,ADD FIXTURE TYPE A1,15.6
ia,00 Électricité_Plans_pour AO - 5 + 00 Addenda MEP01_Plans-unlocked-page-00016,S267_ADD_21,A1 Troffer 2x4,3932,3431,0.6906,0.8518,3932,3431,appariée,IA:S267_ADD_21:8,H:00 Addenda MEP01_Plans-unlocked-page-00016:8,ADD FIXTURE TYPE A1,15.3
ia,00 Électricité_Plans_pour AO - 5 + 00 Addenda MEP01_Plans-unlocked-page-00016,S267_ADD_21,A1 Troffer 2x4,4105,3431,0.7209,0.8518,4105,3431,appariée,IA:S267_ADD_21:9,H:00 Addenda MEP01_Plans-unlocked-page-00016:18,ADD FIXTURE TYPE A1,15.6
ia,00 Électricité_Plans_pour AO - 5 + 00 Addenda MEP01_Plans-unlocked-page-00016,S267_ADD_21,A1 Troffer 2x4,3588,3517,0.6301,0.8731,3588,3517,appariée,IA:S267_ADD_21:10,H:00 Addenda MEP01_Plans-unlocked-page-00016:11,ADD FIXTURE TYPE A1,13.7
ia,00 Électricité_Plans_pour AO - 5 + 00 Addenda MEP01_Plans-unlocked-page-00016,S267_ADD_21,A1 Troffer 2x4,3760,3517,0.6603,0.8731,3760,3517,appariée,IA:S267_ADD_21:11,H:00 Addenda MEP01_Plans-unlocked-page-00016:10,ADD FIXTURE TYPE A1,14.9
ia,00 Électricité_Plans_pour AO - 5 + 00 Addenda MEP01_Plans-unlocked-page-00016,S267_ADD_21,A1 Troffer 2x4,3932,3517,0.6906,0.8731,3932,3517,appariée,IA:S267_ADD_21:12,H:00 Addenda MEP01_Plans-unlocked-page-00016:9,ADD FIXTURE TYPE A1,16.5
ia,00 Électricité_Plans_pour AO - 5 + 00 Addenda MEP01_Plans-unlocked-page-00016,S267_ADD_21,A1 Troffer 2x4,3588,3604,0.6301,0.8947,3588,3604,appariée,IA:S267_ADD_21:13,H:00 Addenda MEP01_Plans-unlocked-page-00016:14,ADD FIXTURE TYPE A1,16.2
ia,00 Électricité_Plans_pour AO - 5 + 00 Addenda MEP01_Plans-unlocked-page-00016,S267_ADD_21,A1 Troffer 2x4,3760,3604,0.6603,0.8947,3760,3604,appariée,IA:S267_ADD_21:14,H:00 Addenda MEP01_Plans-unlocked-page-00016:15,ADD FIXTURE TYPE A1,15.6
ia,00 Électricité_Plans_pour AO - 5 + 00 Addenda MEP01_Plans-unlocked-page-00016,S267_ADD_21,A1 Troffer 2x4,3932,3604,0.6906,0.8947,3932,3604,appariée,IA:S267_ADD_21:15,H:00 Addenda MEP01_Plans-unlocked-page-00016:16,ADD FIXTURE TYPE A1,13.7
ia,00 Électricité_Plans_pour AO - 5 + 00 Addenda MEP01_Plans-unlocked-page-00016,S267_ADD_21,A1 Troffer 2x4,665,3376,0.1168,0.8381,665,3376,appariée,IA:S267_ADD_21:16,H:00 Addenda MEP01_Plans-unlocked-page-00016:49,ADD FIXTURE TYPE A1,22.0
ia,00 Électricité_Plans_pour AO - 5 + 00 Addenda MEP01_Plans-unlocked-page-00016,S267_ADD_21,A1 Troffer 2x4,665,3606,0.1168,0.8952,665,3606,appariée,IA:S267_ADD_21:17,H:00 Addenda MEP01_Plans-unlocked-page-00016:52,ADD FIXTURE TYPE A1,19.8
ia,00 Électricité_Plans_pour AO - 5 + 00 Addenda MEP01_Plans-unlocked-page-00016,S267_ADD_21,A1 Troffer 2x4,665,3491,0.1168,0.8667,665,3491,appariée,IA:S267_ADD_21:18,H:00 Addenda MEP01_Plans-unlocked-page-00016:53,ADD FIXTURE TYPE A1,19.7
ia,00 Électricité_Plans_pour AO - 5 + 00 Addenda MEP01_Plans-unlocked-page-00016,S267_ADD_21,A1 Troffer 2x4,550,3606,0.0966,0.8952,550,3606,appariée,IA:S267_ADD_21:19,H:00 Addenda MEP01_Plans-unlocked-page-00016:51,ADD FIXTURE TYPE A1,21.0
ia,00 Électricité_Plans_pour AO - 5 + 00 Addenda MEP01_Plans-unlocked-page-00016,S267_ADD_21,A1 Troffer 2x4,550,3491,0.0966,0.8667,550,3491,appariée,IA:S267_ADD_21:20,H:00 Addenda MEP01_Plans-unlocked-page-00016:50,ADD FIXTURE TYPE A1,18.8
ia,00 Électricité_Plans_pour AO - 5 + 00 Addenda MEP01_Plans-unlocked-page-00016,S267_ADD_21,A1 Troffer 2x4,895,3606,0.1572,0.8952,895,3606,appariée,IA:S267_ADD_21:21,H:00 Addenda MEP01_Plans-unlocked-page-00016:57,ADD FIXTURE TYPE A1,23.2
ia,00 Électricité_Plans_pour AO - 5 + 00 Addenda MEP01_Plans-unlocked-page-00016,S267_ADD_21,A1 Troffer 2x4,895,3491,0.1572,0.8667,895,3491,appariée,IA:S267_ADD_21:22,H:00 Addenda MEP01_Plans-unlocked-page-00016:58,ADD FIXTURE TYPE A1,23.9
ia,00 Électricité_Plans_pour AO - 5 + 00 Addenda MEP01_Plans-unlocked-page-00016,S267_ADD_21,A1 Troffer 2x4,895,3376,0.1572,0.8381,895,3376,appariée,IA:S267_ADD_21:23,H:00 Addenda MEP01_Plans-unlocked-page-00016:59,ADD FIXTURE TYPE A1,23.8
ia,00 Électricité_Plans_pour AO - 5 + 00 Addenda MEP01_Plans-unlocked-page-00016,S267_ADD_21,A1 Troffer 2x4,3302,3347,0.5799,0.8309,3302,3347,appariée,IA:S267_ADD_21:24,H:00 Addenda MEP01_Plans-unlocked-page-00016:1,ADD FIXTURE TYPE A1,14.6
ia,00 Électricité_Plans_pour AO - 5 + 00 Addenda MEP01_Plans-unlocked-page-00016,S267_ADD_21,A1 Troffer 2x4,3302,3433,0.5799,0.8523,3302,3433,appariée,IA:S267_ADD_21:25,H:00 Addenda MEP01_Plans-unlocked-page-00016:2,ADD FIXTURE TYPE A1,14.1
ia,00 Électricité_Plans_pour AO - 5 + 00 Addenda MEP01_Plans-unlocked-page-00016,S267_ADD_21,A1 Troffer 2x4,3302,3529,0.5799,0.8761,3302,3529,appariée,IA:S267_ADD_21:26,H:00 Addenda MEP01_Plans-unlocked-page-00016:12,ADD FIXTURE TYPE A1,16.4
ia,00 Électricité_Plans_pour AO - 5 + 00 Addenda MEP01_Plans-unlocked-page-00016,S267_ADD_21,A1 Troffer 2x4,3302,3616,0.5799,0.8977,3302,3616,appariée,IA:S267_ADD_21:27,H:00 Addenda MEP01_Plans-unlocked-page-00016:13,ADD FIXTURE TYPE A1,15.8
ia,00 Électricité_Plans_pour AO - 5 + 00 Addenda MEP01_Plans-unlocked-page-00016,S267_ADD_21,A1 Troffer 2x4,4070,3534,0.7148,0.8774,4070,3534,appariée,IA:S267_ADD_21:28,H:00 Addenda MEP01_Plans-unlocked-page-00016:19,ADD FIXTURE TYPE A1,15.4
ia,00 Électricité_Plans_pour AO - 5 + 00 Addenda MEP01_Plans-unlocked-page-00016,S267_ADD_21,A1 Troffer 2x4,4127,3620,0.7248,0.8987,4127,3620,appariée,IA:S267_ADD_21:29,H:00 Addenda MEP01_Plans-unlocked-page-00016:20,ADD FIXTURE TYPE A1,14.9
ia,00 Électricité_Plans_pour AO - 5 + 00 Addenda MEP01_Plans-unlocked-page-00016,S267_ADD_21,A1 Troffer 2x4,4436,2850,0.7791,0.7075,4436,2850,appariée,IA:S267_ADD_21:30,H:00 Addenda MEP01_Plans-unlocked-page-00016:45,ADD FIXTURE TYPE A1,11.7
ia,00 Électricité_Plans_pour AO - 5 + 00 Addenda MEP01_Plans-unlocked-page-00016,S267_ADD_21,A1 Troffer 2x4,4436,2965,0.7791,0.7361,4436,2965,appariée,IA:S267_ADD_21:31,H:00 Addenda MEP01_Plans-unlocked-page-00016:43,ADD FIXTURE TYPE A1,14.3
ia,00 Électricité_Plans_pour AO - 5 + 00 Addenda MEP01_Plans-unlocked-page-00016,S267_ADD_21,A1 Troffer 2x4,4436,3079,0.7791,0.7644,4436,3079,appariée,IA:S267_ADD_21:32,H:00 Addenda MEP01_Plans-unlocked-page-00016:44,ADD FIXTURE TYPE A1,17.3
ia,00 Électricité_Plans_pour AO - 5 + 00 Addenda MEP01_Plans-unlocked-page-00016,S267_ADD_21,A1 Troffer 2x4,4436,3194,0.7791,0.7929,4436,3194,appariée,IA:S267_ADD_21:33,H:00 Addenda MEP01_Plans-unlocked-page-00016:30,ADD FIXTURE TYPE A1,15.8
ia,00 Électricité_Plans_pour AO - 5 + 00 Addenda MEP01_Plans-unlocked-page-00016,S267_ADD_21,A1 Troffer 2x4,4436,3309,0.7791,0.8215,4436,3309,appariée,IA:S267_ADD_21:34,H:00 Addenda MEP01_Plans-unlocked-page-00016:29,ADD FIXTURE TYPE A1,15.2
ia,00 Électricité_Plans_pour AO - 5 + 00 Addenda MEP01_Plans-unlocked-page-00016,S267_ADD_21,A1 Troffer 2x4,4436,3424,0.7791,0.8500,4436,3424,appariée,IA:S267_ADD_21:35,H:00 Addenda MEP01_Plans-unlocked-page-00016:28,ADD FIXTURE TYPE A1,15.5
ia,00 Électricité_Plans_pour AO - 5 + 00 Addenda MEP01_Plans-unlocked-page-00016,S267_ADD_21,A1 Troffer 2x4,4436,3539,0.7791,0.8786,4436,3539,appariée,IA:S267_ADD_21:36,H:00 Addenda MEP01_Plans-unlocked-page-00016:21,ADD FIXTURE TYPE A1,13.8
ia,00 Électricité_Plans_pour AO - 5 + 00 Addenda MEP01_Plans-unlocked-page-00016,S267_ADD_21,A1 Troffer 2x4,4551,2850,0.7993,0.7075,4551,2850,appariée,IA:S267_ADD_21:37,H:00 Addenda MEP01_Plans-unlocked-page-00016:46,ADD FIXTURE TYPE A1,11.4
ia,00 Électricité_Plans_pour AO - 5 + 00 Addenda MEP01_Plans-unlocked-page-00016,S267_ADD_21,A1 Troffer 2x4,4551,2965,0.7993,0.7361,4551,2965,appariée,IA:S267_ADD_21:38,H:00 Addenda MEP01_Plans-unlocked-page-00016:42,ADD FIXTURE TYPE A1,13.3
ia,00 Électricité_Plans_pour AO - 5 + 00 Addenda MEP01_Plans-unlocked-page-00016,S267_ADD_21,A1 Troffer 2x4,4551,3194,0.7993,0.7929,4551,3194,appariée,IA:S267_ADD_21:39,H:00 Addenda MEP01_Plans-unlocked-page-00016:31,ADD FIXTURE TYPE A1,13.8
ia,00 Électricité_Plans_pour AO - 5 + 00 Addenda MEP01_Plans-unlocked-page-00016,S267_ADD_21,A1 Troffer 2x4,4551,3424,0.7993,0.8500,4551,3424,appariée,IA:S267_ADD_21:40,H:00 Addenda MEP01_Plans-unlocked-page-00016:23,ADD FIXTURE TYPE A1,15.8
ia,00 Électricité_Plans_pour AO - 5 + 00 Addenda MEP01_Plans-unlocked-page-00016,S267_ADD_21,A1 Troffer 2x4,4551,3539,0.7993,0.8786,4551,3539,appariée,IA:S267_ADD_21:41,H:00 Addenda MEP01_Plans-unlocked-page-00016:22,ADD FIXTURE TYPE A1,15.2
ia,00 Électricité_Plans_pour AO - 5 + 00 Addenda MEP01_Plans-unlocked-page-00016,S267_ADD_21,A1 Troffer 2x4,4685,2965,0.8228,0.7361,4685,2965,appariée,IA:S267_ADD_21:42,H:00 Addenda MEP01_Plans-unlocked-page-00016:39,ADD FIXTURE TYPE A1,15.2
ia,00 Électricité_Plans_pour AO - 5 + 00 Addenda MEP01_Plans-unlocked-page-00016,S267_ADD_21,A1 Troffer 2x4,4685,3079,0.8228,0.7644,4685,3079,appariée,IA:S267_ADD_21:43,H:00 Addenda MEP01_Plans-unlocked-page-00016:40,ADD FIXTURE TYPE A1,16.8
ia,00 Électricité_Plans_pour AO - 5 + 00 Addenda MEP01_Plans-unlocked-page-00016,S267_ADD_21,A1 Troffer 2x4,4685,3194,0.8228,0.7929,4685,3194,appariée,IA:S267_ADD_21:44,H:00 Addenda MEP01_Plans-unlocked-page-00016:34,ADD FIXTURE TYPE A1,16.6
ia,00 Électricité_Plans_pour AO - 5 + 00 Addenda MEP01_Plans-unlocked-page-00016,S267_ADD_21,A1 Troffer 2x4,4685,3309,0.8228,0.8215,4685,3309,appariée,IA:S267_ADD_21:45,H:00 Addenda MEP01_Plans-unlocked-page-00016:33,ADD FIXTURE TYPE A1,13.9
ia,00 Électricité_Plans_pour AO - 5 + 00 Addenda MEP01_Plans-unlocked-page-00016,S267_ADD_21,A1 Troffer 2x4,4685,3424,0.8228,0.8500,4685,3424,appariée,IA:S267_ADD_21:46,H:00 Addenda MEP01_Plans-unlocked-page-00016:27,ADD FIXTURE TYPE A1,13.2
ia,00 Électricité_Plans_pour AO - 5 + 00 Addenda MEP01_Plans-unlocked-page-00016,S267_ADD_21,A1 Troffer 2x4,4800,2850,0.8430,0.7075,4800,2850,appariée,IA:S267_ADD_21:47,H:00 Addenda MEP01_Plans-unlocked-page-00016:48,ADD FIXTURE TYPE A1,9.9
ia,00 Électricité_Plans_pour AO - 5 + 00 Addenda MEP01_Plans-unlocked-page-00016,S267_ADD_21,A1 Troffer 2x4,4800,2965,0.8430,0.7361,4800,2965,appariée,IA:S267_ADD_21:48,H:00 Addenda MEP01_Plans-unlocked-page-00016:38,ADD FIXTURE TYPE A1,13.1
ia,00 Électricité_Plans_pour AO - 5 + 00 Addenda MEP01_Plans-unlocked-page-00016,S267_ADD_21,A1 Troffer 2x4,4800,3079,0.8430,0.7644,4800,3079,appariée,IA:S267_ADD_21:49,H:00 Addenda MEP01_Plans-unlocked-page-00016:37,ADD FIXTURE TYPE A1,15.3
ia,00 Électricité_Plans_pour AO - 5 + 00 Addenda MEP01_Plans-unlocked-page-00016,S267_ADD_21,A1 Troffer 2x4,4800,3194,0.8430,0.7929,4800,3194,appariée,IA:S267_ADD_21:50,H:00 Addenda MEP01_Plans-unlocked-page-00016:35,ADD FIXTURE TYPE A1,15.8
ia,00 Électricité_Plans_pour AO - 5 + 00 Addenda MEP01_Plans-unlocked-page-00016,S267_ADD_21,A1 Troffer 2x4,4800,3309,0.8430,0.8215,4800,3309,appariée,IA:S267_ADD_21:51,H:00 Addenda MEP01_Plans-unlocked-page-00016:36,ADD FIXTURE TYPE A1,17.4
ia,00 Électricité_Plans_pour AO - 5 + 00 Addenda MEP01_Plans-unlocked-page-00016,S267_ADD_21,A1 Troffer 2x4,4800,3424,0.8430,0.8500,4800,3424,appariée,IA:S267_ADD_21:52,H:00 Addenda MEP01_Plans-unlocked-page-00016:26,ADD FIXTURE TYPE A1,15.8
ia,00 Électricité_Plans_pour AO - 5 + 00 Addenda MEP01_Plans-unlocked-page-00016,S267_ADD_21,A1 Troffer 2x4,4800,3539,0.8430,0.8786,4800,3539,appariée,IA:S267_ADD_21:53,H:00 Addenda MEP01_Plans-unlocked-page-00016:25,ADD FIXTURE TYPE A1,15.4
ia,00 Électricité_Plans_pour AO - 5 + 00 Addenda MEP01_Plans-unlocked-page-00016,S267_ADD_21,A1 Troffer 2x4 urgence,780,3491,0.1370,0.8667,780,3491,appariée,IA:S267_ADD_21:54,H:00 Addenda MEP01_Plans-unlocked-page-00016:55,ADD FIXTURE TYPE A1,23.8
ia,00 Électricité_Plans_pour AO - 5 + 00 Addenda MEP01_Plans-unlocked-page-00016,S267_ADD_21,A1 Troffer 2x4 urgence,3760,3431,0.6603,0.8518,3760,3431,appariée,IA:S267_ADD_21:55,H:00 Addenda MEP01_Plans-unlocked-page-00016:6,ADD FIXTURE TYPE A1,15.1
ia,00 Électricité_Plans_pour AO - 5 + 00 Addenda MEP01_Plans-unlocked-page-00016,S267_ADD_21,A1 Troffer 2x4 urgence,4551,3079,0.7993,0.7644,4551,3079,appariée,IA:S267_ADD_21:56,H:00 Addenda MEP01_Plans-unlocked-page-00016:41,ADD FIXTURE TYPE A1,15.5
ia,00 Électricité_Plans_pour AO - 5 + 00 Addenda MEP01_Plans-unlocked-page-00016,S267_ADD_21,A1 Troffer 2x4 urgence,4551,3309,0.7993,0.8215,4551,3309,appariée,IA:S267_ADD_21:57,H:00 Addenda MEP01_Plans-unlocked-page-00016:32,ADD FIXTURE TYPE A1,15.3
ia,00 Électricité_Plans_pour AO - 5 + 00 Addenda MEP01_Plans-unlocked-page-00016,S267_ADD_21,A1 Troffer 2x4 urgence,4685,2850,0.8228,0.7075,4685,2850,appariée,IA:S267_ADD_21:58,H:00 Addenda MEP01_Plans-unlocked-page-00016:47,ADD FIXTURE TYPE A1,11.7
ia,00 Électricité_Plans_pour AO - 5 + 00 Addenda MEP01_Plans-unlocked-page-00016,S267_ADD_21,A1 Troffer 2x4 urgence,4685,3539,0.8228,0.8786,4685,3539,appariée,IA:S267_ADD_21:59,H:00 Addenda MEP01_Plans-unlocked-page-00016:24,ADD FIXTURE TYPE A1,14.8
ia,00 Électricité_Plans_pour AO - 5 + 00 Addenda MEP01_Plans-unlocked-page-00016,S267_ADD_21,B1 Troffer 2x2,3442,3345,0.6045,0.8304,3442,3345,appariée,IA:S267_ADD_21:60,H:00 Addenda MEP01_Plans-unlocked-page-00016:60,ADD FIXTURE TYPE B1,16.0
ia,00 Électricité_Plans_pour AO - 5 + 00 Addenda MEP01_Plans-unlocked-page-00016,S267_ADD_21,B1 Troffer 2x2,3442,3431,0.6045,0.8518,3442,3431,appariée,IA:S267_ADD_21:61,H:00 Addenda MEP01_Plans-unlocked-page-00016:61,ADD FIXTURE TYPE B1,13.7
ia,00 Électricité_Plans_pour AO - 5 + 00 Addenda MEP01_Plans-unlocked-page-00016,S267_ADD_21,B1 Troffer 2x2,3442,3517,0.6045,0.8731,3442,3517,appariée,IA:S267_ADD_21:62,H:00 Addenda MEP01_Plans-unlocked-page-00016:62,ADD FIXTURE TYPE B1,15.2
ia,00 Électricité_Plans_pour AO - 5 + 00 Addenda MEP01_Plans-unlocked-page-00016,S267_ADD_21,B1 Troffer 2x2,3442,3604,0.6045,0.8947,3442,3604,appariée,IA:S267_ADD_21:63,H:00 Addenda MEP01_Plans-unlocked-page-00016:63,ADD FIXTURE TYPE B1,15.5
ia,00 Électricité_Plans_pour AO - 5 + 00 Addenda MEP01_Plans-unlocked-page-00016,S267_ADD_21,C1 Spot encastré,1242,3450,0.2181,0.8565,1242,3450,appariée,IA:S267_ADD_21:64,H:00 Addenda MEP01_Plans-unlocked-page-00016:170,ADD FIXTURE TYPE C1,8.3
ia,00 Électricité_Plans_pour AO - 5 + 00 Addenda MEP01_Plans-unlocked-page-00016,S267_ADD_21,C1 Spot encastré,1395,3449,0.2450,0.8563,1395,3449,appariée,IA:S267_ADD_21:65,H:00 Addenda MEP01_Plans-unlocked-page-00016:168,ADD FIXTURE TYPE C1,7.0
ia,00 Électricité_Plans_pour AO - 5 + 00 Addenda MEP01_Plans-unlocked-page-00016,S267_ADD_21,C1 Spot encastré,1242,3508,0.2181,0.8709,1242,3508,appariée,IA:S267_ADD_21:66,H:00 Addenda MEP01_Plans-unlocked-page-00016:165,ADD FIXTURE TYPE C1,9.7
ia,00 Électricité_Plans_pour AO - 5 + 00 Addenda MEP01_Plans-unlocked-page-00016,S267_ADD_21,C1 Spot encastré,1296,3508,0.2276,0.8709,1296,3508,appariée,IA:S267_ADD_21:67,H:00 Addenda MEP01_Plans-unlocked-page-00016:166,ADD FIXTURE TYPE C1,9.2
ia,00 Électricité_Plans_pour AO - 5 + 00 Addenda MEP01_Plans-unlocked-page-00016,S267_ADD_21,C1 Spot encastré,1242,3592,0.2181,0.8918,1242,3592,appariée,IA:S267_ADD_21:68,H:00 Addenda MEP01_Plans-unlocked-page-00016:164,ADD FIXTURE TYPE C1,10.2
ia,00 Électricité_Plans_pour AO - 5 + 00 Addenda MEP01_Plans-unlocked-page-00016,S267_ADD_21,C1 Spot encastré,1296,3592,0.2276,0.8918,1296,3592,appariée,IA:S267_ADD_21:69,H:00 Addenda MEP01_Plans-unlocked-page-00016:163,ADD FIXTURE TYPE C1,6.1
ia,00 Électricité_Plans_pour AO - 5 + 00 Addenda MEP01_Plans-unlocked-page-00016,S267_ADD_21,C1 Spot encastré,1242,3650,0.2181,0.9062,1242,3650,appariée,IA:S267_ADD_21:70,H:00 Addenda MEP01_Plans-unlocked-page-00016:159,ADD FIXTURE TYPE C1,10.3
ia,00 Électricité_Plans_pour AO - 5 + 00 Addenda MEP01_Plans-unlocked-page-00016,S267_ADD_21,C1 Spot encastré,1395,3649,0.2450,0.9059,1395,3649,appariée,IA:S267_ADD_21:71,H:00 Addenda MEP01_Plans-unlocked-page-00016:161,ADD FIXTURE TYPE C1,7.2
ia,00 Électricité_Plans_pour AO - 5 + 00 Addenda MEP01_Plans-unlocked-page-00016,S267_ADD_21,C1 Spot encastré,2315,3388,0.4066,0.8411,2315,3388,appariée,IA:S267_ADD_21:72,H:00 Addenda MEP01_Plans-unlocked-page-00016:186,ADD FIXTURE TYPE C1,9.6
ia,00 Électricité_Plans_pour AO - 5 + 00 Addenda MEP01_Plans-unlocked-page-00016,S267_ADD_21,C1 Spot encastré,2382,3388,0.4183,0.8411,2382,3388,appariée,IA:S267_ADD_21:73,H:00 Addenda MEP01_Plans-unlocked-page-00016:185,ADD FIXTURE TYPE C1,16.4
ia,00 Électricité_Plans_pour AO - 5 + 00 Addenda MEP01_Plans-unlocked-page-00016,S267_ADD_21,C1 Spot encastré,2450,3388,0.4303,0.8411,2450,3388,appariée,IA:S267_ADD_21:74,H:00 Addenda MEP01_Plans-unlocked-page-00016:184,ADD FIXTURE TYPE C1,12.4
ia,00 Électricité_Plans_pour AO - 5 + 00 Addenda MEP01_Plans-unlocked-page-00016,S267_ADD_21,C1 Spot encastré,2516,3388,0.4419,0.8411,2516,3388,appariée,IA:S267_ADD_21:75,H:00 Addenda MEP01_Plans-unlocked-page-00016:183,ADD FIXTURE TYPE C1,18.4
ia,00 Électricité_Plans_pour AO - 5 + 00 Addenda MEP01_Plans-unlocked-page-00016,S267_ADD_21,C1 Spot encastré,2584,3388,0.4538,0.8411,2584,3388,appariée,IA:S267_ADD_21:76,H:00 Addenda MEP01_Plans-unlocked-page-00016:182,ADD FIXTURE TYPE C1,16.7
ia,00 Électricité_Plans_pour AO - 5 + 00 Addenda MEP01_Plans-unlocked-page-00016,S267_ADD_21,C1 Spot encastré,2651,3388,0.4656,0.8411,2651,3388,appariée,IA:S267_ADD_21:77,H:00 Addenda MEP01_Plans-unlocked-page-00016:181,ADD FIXTURE TYPE C1,15.3
ia,00 Électricité_Plans_pour AO - 5 + 00 Addenda MEP01_Plans-unlocked-page-00016,S267_ADD_21,C1 Spot encastré,2718,3388,0.4773,0.8411,2718,3388,appariée,IA:S267_ADD_21:78,H:00 Addenda MEP01_Plans-unlocked-page-00016:180,ADD FIXTURE TYPE C1,17.6
ia,00 Électricité_Plans_pour AO - 5 + 00 Addenda MEP01_Plans-unlocked-page-00016,S267_ADD_21,C1 Spot encastré,2785,3388,0.4891,0.8411,2785,3388,appariée,IA:S267_ADD_21:79,H:00 Addenda MEP01_Plans-unlocked-page-00016:179,ADD FIXTURE TYPE C1,17.2
ia,00 Électricité_Plans_pour AO - 5 + 00 Addenda MEP01_Plans-unlocked-page-00016,S267_ADD_21,C1 Spot encastré,2315,3612,0.4066,0.8967,2315,3612,appariée,IA:S267_ADD_21:80,H:00 Addenda MEP01_Plans-unlocked-page-00016:171,ADD FIXTURE TYPE C1,12.2
ia,00 Électricité_Plans_pour AO - 5 + 00 Addenda MEP01_Plans-unlocked-page-00016,S267_ADD_21,C1 Spot encastré,2382,3612,0.4183,0.8967,2382,3612,appariée,IA:S267_ADD_21:81,H:00 Addenda MEP01_Plans-unlocked-page-00016:172,ADD FIXTURE TYPE C1,15.2
ia,00 Électricité_Plans_pour AO - 5 + 00 Addenda MEP01_Plans-unlocked-page-00016,S267_ADD_21,C1 Spot encastré,2450,3612,0.4303,0.8967,2450,3612,appariée,IA:S267_ADD_21:82,H:00 Addenda MEP01_Plans-unlocked-page-00016:173,ADD FIXTURE TYPE C1,15.6
ia,00 Électricité_Plans_pour AO - 5 + 00 Addenda MEP01_Plans-unlocked-page-00016,S267_ADD_21,C1 Spot encastré,2517,3612,0.4420,0.8967,2517,3612,appariée,IA:S267_ADD_21:83,H:00 Addenda MEP01_Plans-unlocked-page-00016:174,ADD FIXTURE TYPE C1,11.8
ia,00 Électricité_Plans_pour AO - 5 + 00 Addenda MEP01_Plans-unlocked-page-00016,S267_ADD_21,C1 Spot encastré,2584,3612,0.4538,0.8967,2584,3612,appariée,IA:S267_ADD_21:84,H:00 Addenda MEP01_Plans-unlocked-page-00016:175,ADD FIXTURE TYPE C1,16.4
ia,00 Électricité_Plans_pour AO - 5 + 00 Addenda MEP01_Plans-unlocked-page-00016,S267_ADD_21,C1 Spot encastré,2651,3612,0.4656,0.8967,2651,3612,appariée,IA:S267_ADD_21:85,H:00 Addenda MEP01_Plans-unlocked-page-00016:176,ADD FIXTURE TYPE C1,12.9
ia,00 Électricité_Plans_pour AO - 5 + 00 Addenda MEP01_Plans-unlocked-page-00016,S267_ADD_21,C1 Spot encastré,2718,3612,0.4773,0.8967,2718,3612,appariée,IA:S267_ADD_21:86,H:00 Addenda MEP01_Plans-unlocked-page-00016:177,ADD FIXTURE TYPE C1,16.1
ia,00 Électricité_Plans_pour AO - 5 + 00 Addenda MEP01_Plans-unlocked-page-00016,S267_ADD_21,C1 Spot encastré,2785,3612,0.4891,0.8967,2785,3612,appariée,IA:S267_ADD_21:87,H:00 Addenda MEP01_Plans-unlocked-page-00016:178,ADD FIXTURE TYPE C1,14.8
ia,00 Électricité_Plans_pour AO - 5 + 00 Addenda MEP01_Plans-unlocked-page-00016,S267_ADD_21,C1 Spot encastré urgence,1296,3450,0.2276,0.8565,1296,3450,appariée,IA:S267_ADD_21:88,H:00 Addenda MEP01_Plans-unlocked-page-00016:169,ADD FIXTURE TYPE C1,6.0
ia,00 Électricité_Plans_pour AO - 5 + 00 Addenda MEP01_Plans-unlocked-page-00016,S267_ADD_21,C1 Spot encastré urgence,1395,3507,0.2450,0.8707,1395,3507,appariée,IA:S267_ADD_21:89,H:00 Addenda MEP01_Plans-unlocked-page-00016:167,ADD FIXTURE TYPE C1,8.0
ia,00 Électricité_Plans_pour AO - 5 + 00 Addenda MEP01_Plans-unlocked-page-00016,S267_ADD_21,C1 Spot encastré urgence,1395,3592,0.2450,0.8918,1395,3592,appariée,IA:S267_ADD_21:90,H:00 Addenda MEP01_Plans-unlocked-page-00016:162,ADD FIXTURE TYPE C1,12.8
ia,00 Électricité_Plans_pour AO - 5 + 00 Addenda MEP01_Plans-unlocked-page-00016,S267_ADD_21,C1 Spot encastré urgence,1296,3650,0.2276,0.9062,1296,3650,appariée,IA:S267_ADD_21:91,H:00 Addenda MEP01_Plans-unlocked-page-00016:160,ADD FIXTURE TYPE C1,9.4
ia,00 Électricité_Plans_pour AO - 5 + 00 Addenda MEP01_Plans-unlocked-page-00016,S267_ADD_21,C2 Spot lieux humides,112,3235,0.0197,0.8031,112,3235,appariée,IA:S267_ADD_21:92,H:00 Addenda MEP01_Plans-unlocked-page-00016:157,ADD FIXTURE TYPE C2,28.4
ia,00 Électricité_Plans_pour AO - 5 + 00 Addenda MEP01_Plans-unlocked-page-00016,S267_ADD_21,C2 Spot lieux humides,2210,2715,0.3881,0.6740,2210,2715,appariée,IA:S267_ADD_21:93,H:00 Addenda MEP01_Plans-unlocked-page-00016:158,ADD FIXTURE TYPE C2,14.5
ia,00 Électricité_Plans_pour AO - 5 + 00 Addenda MEP01_Plans-unlocked-page-00016,S267_ADD_21,C2 Spot lieux humides,4288,2715,0.7531,0.6740,4288,2715,appariée,IA:S267_ADD_21:94,H:00 Addenda MEP01_Plans-unlocked-page-00016:123,ADD FIXTURE TYPE C2,18.8
ia,00 Électricité_Plans_pour AO - 5 + 00 Addenda MEP01_Plans-unlocked-page-00016,S267_ADD_21,C2 Spot lieux humides,4289,3741,0.7532,0.9287,4289,3741,appariée,IA:S267_ADD_21:95,H:00 Addenda MEP01_Plans-unlocked-page-00016:124,ADD FIXTURE TYPE C2,26.6
ia,00 Électricité_Plans_pour AO - 5 + 00 Addenda MEP01_Plans-unlocked-page-00016,S267_ADD_21,C2 Spot lieux humides,1658,3349,0.2912,0.8314,1658,3349,appariée,IA:S267_ADD_21:96,H:00 Addenda MEP01_Plans-unlocked-page-00016:150,ADD FIXTURE TYPE C2,13.3
ia,00 Électricité_Plans_pour AO - 5 + 00 Addenda MEP01_Plans-unlocked-page-00016,S267_ADD_21,C2 Spot lieux humides,1658,3388,0.2912,0.8411,1658,3388,appariée,IA:S267_ADD_21:97,H:00 Addenda MEP01_Plans-unlocked-page-00016:151,ADD FIXTURE TYPE C2,14.9
ia,00 Électricité_Plans_pour AO - 5 + 00 Addenda MEP01_Plans-unlocked-page-00016,S267_ADD_21,C2 Spot lieux humides,1726,3349,0.3031,0.8314,1726,3349,appariée,IA:S267_ADD_21:98,H:00 Addenda MEP01_Plans-unlocked-page-00016:149,ADD FIXTURE TYPE C2,9.3
ia,00 Électricité_Plans_pour AO - 5 + 00 Addenda MEP01_Plans-unlocked-page-00016,S267_ADD_21,C2 Spot lieux humides,1726,3388,0.3031,0.8411,1726,3388,appariée,IA:S267_ADD_21:99,H:00 Addenda MEP01_Plans-unlocked-page-00016:152,ADD FIXTURE TYPE C2,8.6
ia,00 Électricité_Plans_pour AO - 5 + 00 Addenda MEP01_Plans-unlocked-page-00016,S267_ADD_21,C2 Spot lieux humides,1794,3349,0.3151,0.8314,1794,3349,appariée,IA:S267_ADD_21:100,H:00 Addenda MEP01_Plans-unlocked-page-00016:137,ADD FIXTURE TYPE C2,16.3
ia,00 Électricité_Plans_pour AO - 5 + 00 Addenda MEP01_Plans-unlocked-page-00016,S267_ADD_21,C2 Spot lieux humides,1794,3388,0.3151,0.8411,1794,3388,appariée,IA:S267_ADD_21:101,H:00 Addenda MEP01_Plans-unlocked-page-00016:138,ADD FIXTURE TYPE C2,11.0
ia,00 Électricité_Plans_pour AO - 5 + 00 Addenda MEP01_Plans-unlocked-page-00016,S267_ADD_21,C2 Spot lieux humides,1862,3349,0.3270,0.8314,1862,3349,appariée,IA:S267_ADD_21:102,H:00 Addenda MEP01_Plans-unlocked-page-00016:140,ADD FIXTURE TYPE C2,9.2
ia,00 Électricité_Plans_pour AO - 5 + 00 Addenda MEP01_Plans-unlocked-page-00016,S267_ADD_21,C2 Spot lieux humides,1862,3388,0.3270,0.8411,1862,3388,appariée,IA:S267_ADD_21:103,H:00 Addenda MEP01_Plans-unlocked-page-00016:139,ADD FIXTURE TYPE C2,13.9
ia,00 Électricité_Plans_pour AO - 5 + 00 Addenda MEP01_Plans-unlocked-page-00016,S267_ADD_21,C2 Spot lieux humides,1930,3349,0.3390,0.8314,1930,3349,appariée,IA:S267_ADD_21:104,H:00 Addenda MEP01_Plans-unlocked-page-00016:141,ADD FIXTURE TYPE C2,16.3
ia,00 Électricité_Plans_pour AO - 5 + 00 Addenda MEP01_Plans-unlocked-page-00016,S267_ADD_21,C2 Spot lieux humides,1930,3388,0.3390,0.8411,1930,3388,appariée,IA:S267_ADD_21:105,H:00 Addenda MEP01_Plans-unlocked-page-00016:142,ADD FIXTURE TYPE C2,12.6
ia,00 Électricité_Plans_pour AO - 5 + 00 Addenda MEP01_Plans-unlocked-page-00016,S267_ADD_21,C2 Spot lieux humides,1998,3349,0.3509,0.8314,1998,3349,appariée,IA:S267_ADD_21:106,H:00 Addenda MEP01_Plans-unlocked-page-00016:143,ADD FIXTURE TYPE C2,11.5
ia,00 Électricité_Plans_pour AO - 5 + 00 Addenda MEP01_Plans-unlocked-page-00016,S267_ADD_21,C2 Spot lieux humides,1998,3388,0.3509,0.8411,1998,3388,appariée,IA:S267_ADD_21:107,H:00 Addenda MEP01_Plans-unlocked-page-00016:144,ADD FIXTURE TYPE C2,10.9
ia,00 Électricité_Plans_pour AO - 5 + 00 Addenda MEP01_Plans-unlocked-page-00016,S267_ADD_21,C2 Spot lieux humides,2066,3349,0.3628,0.8314,2066,3349,appariée,IA:S267_ADD_21:108,H:00 Addenda MEP01_Plans-unlocked-page-00016:145,ADD FIXTURE TYPE C2,14.4
ia,00 Électricité_Plans_pour AO - 5 + 00 Addenda MEP01_Plans-unlocked-page-00016,S267_ADD_21,C2 Spot lieux humides,2066,3388,0.3628,0.8411,2066,3388,appariée,IA:S267_ADD_21:109,H:00 Addenda MEP01_Plans-unlocked-page-00016:146,ADD FIXTURE TYPE C2,7.6
ia,00 Électricité_Plans_pour AO - 5 + 00 Addenda MEP01_Plans-unlocked-page-00016,S267_ADD_21,C2 Spot lieux humides,2134,3349,0.3748,0.8314,2134,3349,appariée,IA:S267_ADD_21:110,H:00 Addenda MEP01_Plans-unlocked-page-00016:148,ADD FIXTURE TYPE C2,9.8
ia,00 Électricité_Plans_pour AO - 5 + 00 Addenda MEP01_Plans-unlocked-page-00016,S267_ADD_21,C2 Spot lieux humides,2134,3388,0.3748,0.8411,2134,3388,appariée,IA:S267_ADD_21:111,H:00 Addenda MEP01_Plans-unlocked-page-00016:147,ADD FIXTURE TYPE C2,17.0
ia,00 Électricité_Plans_pour AO - 5 + 00 Addenda MEP01_Plans-unlocked-page-00016,S267_ADD_21,C2 Spot lieux humides,1658,3612,0.2912,0.8967,1658,3612,appariée,IA:S267_ADD_21:112,H:00 Addenda MEP01_Plans-unlocked-page-00016:154,ADD FIXTURE TYPE C2,10.7
ia,00 Électricité_Plans_pour AO - 5 + 00 Addenda MEP01_Plans-unlocked-page-00016,S267_ADD_21,C2 Spot lieux humides,1658,3652,0.2912,0.9067,1658,3652,appariée,IA:S267_ADD_21:113,H:00 Addenda MEP01_Plans-unlocked-page-00016:155,ADD FIXTURE TYPE C2,9.0
ia,00 Électricité_Plans_pour AO - 5 + 00 Addenda MEP01_Plans-unlocked-page-00016,S267_ADD_21,C2 Spot lieux humides,1726,3612,0.3031,0.8967,1726,3612,appariée,IA:S267_ADD_21:114,H:00 Addenda MEP01_Plans-unlocked-page-00016:153,ADD FIXTURE TYPE C2,9.3
ia,00 Électricité_Plans_pour AO - 5 + 00 Addenda MEP01_Plans-unlocked-page-00016,S267_ADD_21,C2 Spot lieux humides,1726,3652,0.3031,0.9067,1726,3652,appariée,IA:S267_ADD_21:115,H:00 Addenda MEP01_Plans-unlocked-page-00016:156,ADD FIXTURE TYPE C2,8.0
ia,00 Électricité_Plans_pour AO - 5 + 00 Addenda MEP01_Plans-unlocked-page-00016,S267_ADD_21,C2 Spot lieux humides,1794,3612,0.3151,0.8967,1794,3612,appariée,IA:S267_ADD_21:116,H:00 Addenda MEP01_Plans-unlocked-page-00016:135,ADD FIXTURE TYPE C2,16.9
ia,00 Électricité_Plans_pour AO - 5 + 00 Addenda MEP01_Plans-unlocked-page-00016,S267_ADD_21,C2 Spot lieux humides,1794,3652,0.3151,0.9067,1794,3652,appariée,IA:S267_ADD_21:117,H:00 Addenda MEP01_Plans-unlocked-page-00016:136,ADD FIXTURE TYPE C2,12.5
ia,00 Électricité_Plans_pour AO - 5 + 00 Addenda MEP01_Plans-unlocked-page-00016,S267_ADD_21,C2 Spot lieux humides,1861,3612,0.3268,0.8967,1861,3612,appariée,IA:S267_ADD_21:118,H:00 Addenda MEP01_Plans-unlocked-page-00016:134,ADD FIXTURE TYPE C2,14.1
ia,00 Électricité_Plans_pour AO - 5 + 00 Addenda MEP01_Plans-unlocked-page-00016,S267_ADD_21,C2 Spot lieux humides,1861,3652,0.3268,0.9067,1861,3652,appariée,IA:S267_ADD_21:119,H:00 Addenda MEP01_Plans-unlocked-page-00016:133,ADD FIXTURE TYPE C2,11.1
ia,00 Électricité_Plans_pour AO - 5 + 00 Addenda MEP01_Plans-unlocked-page-00016,S267_ADD_21,C2 Spot lieux humides,1930,3612,0.3390,0.8967,1930,3612,appariée,IA:S267_ADD_21:120,H:00 Addenda MEP01_Plans-unlocked-page-00016:131,ADD FIXTURE TYPE C2,10.6
ia,00 Électricité_Plans_pour AO - 5 + 00 Addenda MEP01_Plans-unlocked-page-00016,S267_ADD_21,C2 Spot lieux humides,1930,3652,0.3390,0.9067,1930,3652,appariée,IA:S267_ADD_21:121,H:00 Addenda MEP01_Plans-unlocked-page-00016:132,ADD FIXTURE TYPE C2,10.3
ia,00 Électricité_Plans_pour AO - 5 + 00 Addenda MEP01_Plans-unlocked-page-00016,S267_ADD_21,C2 Spot lieux humides,1998,3612,0.3509,0.8967,1998,3612,appariée,IA:S267_ADD_21:122,H:00 Addenda MEP01_Plans-unlocked-page-00016:130,ADD FIXTURE TYPE C2,12.3
ia,00 Électricité_Plans_pour AO - 5 + 00 Addenda MEP01_Plans-unlocked-page-00016,S267_ADD_21,C2 Spot lieux humides,1998,3652,0.3509,0.9067,1998,3652,appariée,IA:S267_ADD_21:123,H:00 Addenda MEP01_Plans-unlocked-page-00016:129,ADD FIXTURE TYPE C2,9.8
ia,00 Électricité_Plans_pour AO - 5 + 00 Addenda MEP01_Plans-unlocked-page-00016,S267_ADD_21,C2 Spot lieux humides,2066,3612,0.3628,0.8967,2066,3612,appariée,IA:S267_ADD_21:124,H:00 Addenda MEP01_Plans-unlocked-page-00016:127,ADD FIXTURE TYPE C2,13.0
ia,00 Électricité_Plans_pour AO - 5 + 00 Addenda MEP01_Plans-unlocked-page-00016,S267_ADD_21,C2 Spot lieux humides,2066,3652,0.3628,0.9067,2066,3652,appariée,IA:S267_ADD_21:125,H:00 Addenda MEP01_Plans-unlocked-page-00016:128,ADD FIXTURE TYPE C2,13.7
ia,00 Électricité_Plans_pour AO - 5 + 00 Addenda MEP01_Plans-unlocked-page-00016,S267_ADD_21,C2 Spot lieux humides,2134,3612,0.3748,0.8967,2134,3612,appariée,IA:S267_ADD_21:126,H:00 Addenda MEP01_Plans-unlocked-page-00016:126,ADD FIXTURE TYPE C2,14.7
ia,00 Électricité_Plans_pour AO - 5 + 00 Addenda MEP01_Plans-unlocked-page-00016,S267_ADD_21,C2 Spot lieux humides,2134,3652,0.3748,0.9067,2134,3652,appariée,IA:S267_ADD_21:127,H:00 Addenda MEP01_Plans-unlocked-page-00016:125,ADD FIXTURE TYPE C2,10.6
ia,00 Électricité_Plans_pour AO - 5 + 00 Addenda MEP01_Plans-unlocked-page-00016,S267_ADD_21,C3 Spot boîtier 2h,1003,3340,0.1762,0.8292,1003,3340,appariée,IA:S267_ADD_21:128,H:00 Addenda MEP01_Plans-unlocked-page-00016:111,ADD FIXTURE TYPE C3,4.0
ia,00 Électricité_Plans_pour AO - 5 + 00 Addenda MEP01_Plans-unlocked-page-00016,S267_ADD_21,C3 Spot boîtier 2h,1118,3340,0.1963,0.8292,1118,3340,appariée,IA:S267_ADD_21:129,H:00 Addenda MEP01_Plans-unlocked-page-00016:112,ADD FIXTURE TYPE C3,5.5
ia,00 Électricité_Plans_pour AO - 5 + 00 Addenda MEP01_Plans-unlocked-page-00016,S267_ADD_21,C3 Spot boîtier 2h,1003,3414,0.1762,0.8476,1003,3414,appariée,IA:S267_ADD_21:130,H:00 Addenda MEP01_Plans-unlocked-page-00016:114,ADD FIXTURE TYPE C3,1.0
ia,00 Électricité_Plans_pour AO - 5 + 00 Addenda MEP01_Plans-unlocked-page-00016,S267_ADD_21,C3 Spot boîtier 2h,1118,3414,0.1963,0.8476,1118,3414,appariée,IA:S267_ADD_21:131,H:00 Addenda MEP01_Plans-unlocked-page-00016:113,ADD FIXTURE TYPE C3,6.6
ia,00 Électricité_Plans_pour AO - 5 + 00 Addenda MEP01_Plans-unlocked-page-00016,S267_ADD_21,C3 Spot boîtier 2h,1003,3487,0.1762,0.8657,1003,3487,appariée,IA:S267_ADD_21:132,H:00 Addenda MEP01_Plans-unlocked-page-00016:115,ADD FIXTURE TYPE C3,0.3
ia,00 Électricité_Plans_pour AO - 5 + 00 Addenda MEP01_Plans-unlocked-page-00016,S267_ADD_21,C3 Spot boîtier 2h,1118,3487,0.1963,0.8657,1118,3487,appariée,IA:S267_ADD_21:133,H:00 Addenda MEP01_Plans-unlocked-page-00016:116,ADD FIXTURE TYPE C3,10.2
ia,00 Électricité_Plans_pour AO - 5 + 00 Addenda MEP01_Plans-unlocked-page-00016,S267_ADD_21,C3 Spot boîtier 2h,1003,3560,0.1762,0.8838,1003,3560,appariée,IA:S267_ADD_21:134,H:00 Addenda MEP01_Plans-unlocked-page-00016:118,ADD FIXTURE TYPE C3,0.9
ia,00 Électricité_Plans_pour AO - 5 + 00 Addenda MEP01_Plans-unlocked-page-00016,S267_ADD_21,C3 Spot boîtier 2h,1118,3560,0.1963,0.8838,1118,3560,appariée,IA:S267_ADD_21:135,H:00 Addenda MEP01_Plans-unlocked-page-00016:117,ADD FIXTURE TYPE C3,8.3
ia,00 Électricité_Plans_pour AO - 5 + 00 Addenda MEP01_Plans-unlocked-page-00016,S267_ADD_21,C3 Spot boîtier 2h,1003,3634,0.1762,0.9022,1003,3634,appariée,IA:S267_ADD_21:136,H:00 Addenda MEP01_Plans-unlocked-page-00016:119,ADD FIXTURE TYPE C3,5.2
ia,00 Électricité_Plans_pour AO - 5 + 00 Addenda MEP01_Plans-unlocked-page-00016,S267_ADD_21,C3 Spot boîtier 2h,1118,3634,0.1963,0.9022,1118,3634,appariée,IA:S267_ADD_21:137,H:00 Addenda MEP01_Plans-unlocked-page-00016:120,ADD FIXTURE TYPE C3,2.6
ia,00 Électricité_Plans_pour AO - 5 + 00 Addenda MEP01_Plans-unlocked-page-00016,S267_ADD_21,C3 Spot boîtier 2h urgence,248,3178,0.0436,0.7890,248,3178,appariée,IA:S267_ADD_21:138,H:00 Addenda MEP01_Plans-unlocked-page-00016:107,ADD FIXTURE TYPE C3,6.7
ia,00 Électricité_Plans_pour AO - 5 + 00 Addenda MEP01_Plans-unlocked-page-00016,S267_ADD_21,C3 Spot boîtier 2h urgence,359,3178,0.0630,0.7890,359,3178,appariée,IA:S267_ADD_21:139,H:00 Addenda MEP01_Plans-unlocked-page-00016:110,ADD FIXTURE TYPE C3,4.2
ia,00 Électricité_Plans_pour AO - 5 + 00 Addenda MEP01_Plans-unlocked-page-00016,S267_ADD_21,C3 Spot boîtier 2h urgence,248,3264,0.0436,0.8103,248,3264,appariée,IA:S267_ADD_21:140,H:00 Addenda MEP01_Plans-unlocked-page-00016:108,ADD FIXTURE TYPE C3,6.6
ia,00 Électricité_Plans_pour AO - 5 + 00 Addenda MEP01_Plans-unlocked-page-00016,S267_ADD_21,C3 Spot boîtier 2h urgence,359,3264,0.0630,0.8103,359,3264,appariée,IA:S267_ADD_21:141,H:00 Addenda MEP01_Plans-unlocked-page-00016:109,ADD FIXTURE TYPE C3,9.1
ia,00 Électricité_Plans_pour AO - 5 + 00 Addenda MEP01_Plans-unlocked-page-00016,S267_ADD_21,C3 Spot boîtier 2h urgence,2192,2825,0.3850,0.7013,2192,2825,en trop IA,IA:S267_ADD_21:142,,,
ia,00 Électricité_Plans_pour AO - 5 + 00 Addenda MEP01_Plans-unlocked-page-00016,S267_ADD_21,C3 Spot boîtier 2h urgence,4270,2837,0.7499,0.7043,4270,2837,appariée,IA:S267_ADD_21:143,H:00 Addenda MEP01_Plans-unlocked-page-00016:122,ADD FIXTURE TYPE C3,20.5
ia,00 Électricité_Plans_pour AO - 5 + 00 Addenda MEP01_Plans-unlocked-page-00016,S267_ADD_21,C3 Spot boîtier 2h urgence,4270,3635,0.7499,0.9024,4270,3635,appariée,IA:S267_ADD_21:144,H:00 Addenda MEP01_Plans-unlocked-page-00016:121,ADD FIXTURE TYPE C3,17.8
ia,00 Électricité_Plans_pour AO - 5 + 00 Addenda MEP01_Plans-unlocked-page-00016,S267_ADD_21,D1 High bay,574,2936,0.1008,0.7289,574,2936,appariée,IA:S267_ADD_21:145,H:00 Addenda MEP01_Plans-unlocked-page-00016:105,ADD FIXTURE TYPE D1,12.7
ia,00 Électricité_Plans_pour AO - 5 + 00 Addenda MEP01_Plans-unlocked-page-00016,S267_ADD_21,D1 High bay,812,2936,0.1426,0.7289,812,2936,appariée,IA:S267_ADD_21:146,H:00 Addenda MEP01_Plans-unlocked-page-00016:102,ADD FIXTURE TYPE D1,7.2
ia,00 Électricité_Plans_pour AO - 5 + 00 Addenda MEP01_Plans-unlocked-page-00016,S267_ADD_21,D1 High bay,1305,2936,0.2292,0.7289,1305,2936,appariée,IA:S267_ADD_21:147,H:00 Addenda MEP01_Plans-unlocked-page-00016:98,ADD FIXTURE TYPE D1,11.1
ia,00 Électricité_Plans_pour AO - 5 + 00 Addenda MEP01_Plans-unlocked-page-00016,S267_ADD_21,D1 High bay,1548,2936,0.2719,0.7289,1548,2936,appariée,IA:S267_ADD_21:148,H:00 Addenda MEP01_Plans-unlocked-page-00016:97,ADD FIXTURE TYPE D1,7.8
ia,00 Électricité_Plans_pour AO - 5 + 00 Addenda MEP01_Plans-unlocked-page-00016,S267_ADD_21,D1 High bay,2036,2936,0.3576,0.7289,2036,2936,appariée,IA:S267_ADD_21:149,H:00 Addenda MEP01_Plans-unlocked-page-00016:95,ADD FIXTURE TYPE D1,6.3
ia,00 Électricité_Plans_pour AO - 5 + 00 Addenda MEP01_Plans-unlocked-page-00016,S267_ADD_21,D1 High bay,2209,2936,0.3880,0.7289,2209,2936,appariée,IA:S267_ADD_21:150,H:00 Addenda MEP01_Plans-unlocked-page-00016:94,ADD FIXTURE TYPE D1,10.4
ia,00 Électricité_Plans_pour AO - 5 + 00 Addenda MEP01_Plans-unlocked-page-00016,S267_ADD_21,D1 High bay,2390,2936,0.4197,0.7289,2390,2936,appariée,IA:S267_ADD_21:151,H:00 Addenda MEP01_Plans-unlocked-page-00016:93,ADD FIXTURE TYPE D1,10.8
ia,00 Électricité_Plans_pour AO - 5 + 00 Addenda MEP01_Plans-unlocked-page-00016,S267_ADD_21,D1 High bay,2885,2936,0.5067,0.7289,2885,2936,appariée,IA:S267_ADD_21:152,H:00 Addenda MEP01_Plans-unlocked-page-00016:77,ADD FIXTURE TYPE D1,6.0
ia,00 Électricité_Plans_pour AO - 5 + 00 Addenda MEP01_Plans-unlocked-page-00016,S267_ADD_21,D1 High bay,3118,2936,0.5476,0.7289,3118,2936,appariée,IA:S267_ADD_21:153,H:00 Addenda MEP01_Plans-unlocked-page-00016:75,ADD FIXTURE TYPE D1,9.6
ia,00 Électricité_Plans_pour AO - 5 + 00 Addenda MEP01_Plans-unlocked-page-00016,S267_ADD_21,D1 High bay,3606,2936,0.6333,0.7289,3606,2936,appariée,IA:S267_ADD_21:154,H:00 Addenda MEP01_Plans-unlocked-page-00016:71,ADD FIXTURE TYPE D1,7.6
ia,00 Électricité_Plans_pour AO - 5 + 00 Addenda MEP01_Plans-unlocked-page-00016,S267_ADD_21,D1 High bay,3848,2936,0.6758,0.7289,3848,2936,appariée,IA:S267_ADD_21:155,H:00 Addenda MEP01_Plans-unlocked-page-00016:70,ADD FIXTURE TYPE D1,8.4
ia,00 Électricité_Plans_pour AO - 5 + 00 Addenda MEP01_Plans-unlocked-page-00016,S267_ADD_21,D1 High bay,812,3215,0.1426,0.7982,812,3215,appariée,IA:S267_ADD_21:156,H:00 Addenda MEP01_Plans-unlocked-page-00016:103,ADD FIXTURE TYPE D1,4.3
ia,00 Électricité_Plans_pour AO - 5 + 00 Addenda MEP01_Plans-unlocked-page-00016,S267_ADD_21,D1 High bay,1062,3215,0.1865,0.7982,1062,3215,appariée,IA:S267_ADD_21:157,H:00 Addenda MEP01_Plans-unlocked-page-00016:100,ADD FIXTURE TYPE D1,13.4
ia,00 Électricité_Plans_pour AO - 5 + 00 Addenda MEP01_Plans-unlocked-page-00016,S267_ADD_21,D1 High bay,1548,3215,0.2719,0.7982,1548,3215,appariée,IA:S267_ADD_21:158,H:00 Addenda MEP01_Plans-unlocked-page-00016:88,ADD FIXTURE TYPE D1,8.8
ia,00 Électricité_Plans_pour AO - 5 + 00 Addenda MEP01_Plans-unlocked-page-00016,S267_ADD_21,D1 High bay,1791,3215,0.3145,0.7982,1791,3215,appariée,IA:S267_ADD_21:159,H:00 Addenda MEP01_Plans-unlocked-page-00016:89,ADD FIXTURE TYPE D1,6.4
ia,00 Électricité_Plans_pour AO - 5 + 00 Addenda MEP01_Plans-unlocked-page-00016,S267_ADD_21,D1 High bay,2036,3215,0.3576,0.7982,2036,3215,appariée,IA:S267_ADD_21:160,H:00 Addenda MEP01_Plans-unlocked-page-00016:90,ADD FIXTURE TYPE D1,13.1
ia,00 Électricité_Plans_pour AO - 5 + 00 Addenda MEP01_Plans-unlocked-page-00016,S267_ADD_21,D1 High bay,2390,3215,0.4197,0.7982,2390,3215,appariée,IA:S267_ADD_21:161,H:00 Addenda MEP01_Plans-unlocked-page-00016:92,ADD FIXTURE TYPE D1,4.4
ia,00 Électricité_Plans_pour AO - 5 + 00 Addenda MEP01_Plans-unlocked-page-00016,S267_ADD_21,D1 High bay,2633,3215,0.4624,0.7982,2633,3215,appariée,IA:S267_ADD_21:162,H:00 Addenda MEP01_Plans-unlocked-page-00016:82,ADD FIXTURE TYPE D1,11.5
ia,00 Électricité_Plans_pour AO - 5 + 00 Addenda MEP01_Plans-unlocked-page-00016,S267_ADD_21,D1 High bay,2885,3215,0.5067,0.7982,2885,3215,appariée,IA:S267_ADD_21:163,H:00 Addenda MEP01_Plans-unlocked-page-00016:78,ADD FIXTURE TYPE D1,5.8
ia,00 Électricité_Plans_pour AO - 5 + 00 Addenda MEP01_Plans-unlocked-page-00016,S267_ADD_21,D1 High bay,3360,3215,0.5901,0.7982,3360,3215,appariée,IA:S267_ADD_21:164,H:00 Addenda MEP01_Plans-unlocked-page-00016:73,ADD FIXTURE TYPE D1,13.9
ia,00 Électricité_Plans_pour AO - 5 + 00 Addenda MEP01_Plans-unlocked-page-00016,S267_ADD_21,D1 High bay,3606,3215,0.6333,0.7982,3606,3215,appariée,IA:S267_ADD_21:165,H:00 Addenda MEP01_Plans-unlocked-page-00016:72,ADD FIXTURE TYPE D1,7.3
ia,00 Électricité_Plans_pour AO - 5 + 00 Addenda MEP01_Plans-unlocked-page-00016,S267_ADD_21,D1 High bay,4091,3215,0.7185,0.7982,4091,3215,appariée,IA:S267_ADD_21:166,H:00 Addenda MEP01_Plans-unlocked-page-00016:65,ADD FIXTURE TYPE D1,5.7
ia,00 Électricité_Plans_pour AO - 5 + 00 Addenda MEP01_Plans-unlocked-page-00016,S267_ADD_21,D1 High bay,1548,3482,0.2719,0.8644,1548,3482,appariée,IA:S267_ADD_21:167,H:00 Addenda MEP01_Plans-unlocked-page-00016:87,ADD FIXTURE TYPE D1,10.0
ia,00 Électricité_Plans_pour AO - 5 + 00 Addenda MEP01_Plans-unlocked-page-00016,S267_ADD_21,D1 High bay,2034,3482,0.3572,0.8644,2034,3482,appariée,IA:S267_ADD_21:168,H:00 Addenda MEP01_Plans-unlocked-page-00016:85,ADD FIXTURE TYPE D1,13.5
ia,00 Électricité_Plans_pour AO - 5 + 00 Addenda MEP01_Plans-unlocked-page-00016,S267_ADD_21,D1 High bay,2209,3482,0.3880,0.8644,2209,3482,appariée,IA:S267_ADD_21:169,H:00 Addenda MEP01_Plans-unlocked-page-00016:84,ADD FIXTURE TYPE D1,8.9
ia,00 Électricité_Plans_pour AO - 5 + 00 Addenda MEP01_Plans-unlocked-page-00016,S267_ADD_21,D1 High bay,2390,3482,0.4197,0.8644,2390,3482,appariée,IA:S267_ADD_21:170,H:00 Addenda MEP01_Plans-unlocked-page-00016:83,ADD FIXTURE TYPE D1,9.8
ia,00 Électricité_Plans_pour AO - 5 + 00 Addenda MEP01_Plans-unlocked-page-00016,S267_ADD_21,D1 High bay,2876,3482,0.5051,0.8644,2876,3482,appariée,IA:S267_ADD_21:171,H:00 Addenda MEP01_Plans-unlocked-page-00016:79,ADD FIXTURE TYPE D1,12.9
ia,00 Électricité_Plans_pour AO - 5 + 00 Addenda MEP01_Plans-unlocked-page-00016,S267_ADD_21,D1 High bay,4289,3008,0.7532,0.7468,4289,3008,appariée,IA:S267_ADD_21:172,H:00 Addenda MEP01_Plans-unlocked-page-00016:67,ADD FIXTURE TYPE D1,5.2
ia,00 Électricité_Plans_pour AO - 5 + 00 Addenda MEP01_Plans-unlocked-page-00016,S267_ADD_21,D1 High bay,4289,3420,0.7532,0.8491,4289,3420,appariée,IA:S267_ADD_21:173,H:00 Addenda MEP01_Plans-unlocked-page-00016:68,ADD FIXTURE TYPE D1,10.2
ia,00 Électricité_Plans_pour AO - 5 + 00 Addenda MEP01_Plans-unlocked-page-00016,S267_ADD_21,D1 High bay urgence,302,2936,0.0530,0.7289,302,2936,appariée,IA:S267_ADD_21:174,H:00 Addenda MEP01_Plans-unlocked-page-00016:106,ADD FIXTURE TYPE D1,4.4
ia,00 Électricité_Plans_pour AO - 5 + 00 Addenda MEP01_Plans-unlocked-page-00016,S267_ADD_21,D1 High bay urgence,1062,2936,0.1865,0.7289,1062,2936,appariée,IA:S267_ADD_21:175,H:00 Addenda MEP01_Plans-unlocked-page-00016:101,ADD FIXTURE TYPE D1,7.6
ia,00 Électricité_Plans_pour AO - 5 + 00 Addenda MEP01_Plans-unlocked-page-00016,S267_ADD_21,D1 High bay urgence,1791,2936,0.3145,0.7289,1791,2936,appariée,IA:S267_ADD_21:176,H:00 Addenda MEP01_Plans-unlocked-page-00016:96,ADD FIXTURE TYPE D1,6.0
ia,00 Électricité_Plans_pour AO - 5 + 00 Addenda MEP01_Plans-unlocked-page-00016,S267_ADD_21,D1 High bay urgence,2633,2936,0.4624,0.7289,2633,2936,appariée,IA:S267_ADD_21:177,H:00 Addenda MEP01_Plans-unlocked-page-00016:81,ADD FIXTURE TYPE D1,9.5
ia,00 Électricité_Plans_pour AO - 5 + 00 Addenda MEP01_Plans-unlocked-page-00016,S267_ADD_21,D1 High bay urgence,3360,2936,0.5901,0.7289,3360,2936,appariée,IA:S267_ADD_21:178,H:00 Addenda MEP01_Plans-unlocked-page-00016:74,ADD FIXTURE TYPE D1,4.4
ia,00 Électricité_Plans_pour AO - 5 + 00 Addenda MEP01_Plans-unlocked-page-00016,S267_ADD_21,D1 High bay urgence,4091,2936,0.7185,0.7289,4091,2936,appariée,IA:S267_ADD_21:179,H:00 Addenda MEP01_Plans-unlocked-page-00016:64,ADD FIXTURE TYPE D1,9.2
ia,00 Électricité_Plans_pour AO - 5 + 00 Addenda MEP01_Plans-unlocked-page-00016,S267_ADD_21,D1 High bay urgence,530,3215,0.0931,0.7982,530,3215,appariée,IA:S267_ADD_21:180,H:00 Addenda MEP01_Plans-unlocked-page-00016:104,ADD FIXTURE TYPE D1,15.4
ia,00 Électricité_Plans_pour AO - 5 + 00 Addenda MEP01_Plans-unlocked-page-00016,S267_ADD_21,D1 High bay urgence,1305,3215,0.2292,0.7982,1305,3215,appariée,IA:S267_ADD_21:181,H:00 Addenda MEP01_Plans-unlocked-page-00016:99,ADD FIXTURE TYPE D1,5.9
ia,00 Électricité_Plans_pour AO - 5 + 00 Addenda MEP01_Plans-unlocked-page-00016,S267_ADD_21,D1 High bay urgence,2209,3215,0.3880,0.7982,2209,3215,appariée,IA:S267_ADD_21:182,H:00 Addenda MEP01_Plans-unlocked-page-00016:91,ADD FIXTURE TYPE D1,6.1
ia,00 Électricité_Plans_pour AO - 5 + 00 Addenda MEP01_Plans-unlocked-page-00016,S267_ADD_21,D1 High bay urgence,3118,3215,0.5476,0.7982,3118,3215,appariée,IA:S267_ADD_21:183,H:00 Addenda MEP01_Plans-unlocked-page-00016:76,ADD FIXTURE TYPE D1,6.0
ia,00 Électricité_Plans_pour AO - 5 + 00 Addenda MEP01_Plans-unlocked-page-00016,S267_ADD_21,D1 High bay urgence,3848,3215,0.6758,0.7982,3848,3215,appariée,IA:S267_ADD_21:184,H:00 Addenda MEP01_Plans-unlocked-page-00016:69,ADD FIXTURE TYPE D1,4.4
ia,00 Électricité_Plans_pour AO - 5 + 00 Addenda MEP01_Plans-unlocked-page-00016,S267_ADD_21,D1 High bay urgence,1791,3482,0.3145,0.8644,1791,3482,appariée,IA:S267_ADD_21:185,H:00 Addenda MEP01_Plans-unlocked-page-00016:86,ADD FIXTURE TYPE D1,6.8
ia,00 Électricité_Plans_pour AO - 5 + 00 Addenda MEP01_Plans-unlocked-page-00016,S267_ADD_21,D1 High bay urgence,2633,3482,0.4624,0.8644,2633,3482,appariée,IA:S267_ADD_21:186,H:00 Addenda MEP01_Plans-unlocked-page-00016:80,ADD FIXTURE TYPE D1,4.1
ia,00 Électricité_Plans_pour AO - 5 + 00 Addenda MEP01_Plans-unlocked-page-00016,S267_ADD_21,D1 High bay urgence,4289,3217,0.7532,0.7987,4289,3217,appariée,IA:S267_ADD_21:187,H:00 Addenda MEP01_Plans-unlocked-page-00016:66,ADD FIXTURE TYPE D1,7.1
ia,00 Électricité_Plans_pour AO - 5 + 00 Addenda MEP01_Plans-unlocked-page-00016,S267_ADD_21,Détecteur de présence plafond,810,3457,0.1423,0.8582,810,3457,appariée,IA:S267_ADD_21:188,H:00 Addenda MEP01_Plans-unlocked-page-00016:263,ADD DETEC 360,17.5
ia,00 Électricité_Plans_pour AO - 5 + 00 Addenda MEP01_Plans-unlocked-page-00016,S267_ADD_21,Détecteur de présence plafond,580,3572,0.1019,0.8868,580,3572,appariée,IA:S267_ADD_21:189,H:00 Addenda MEP01_Plans-unlocked-page-00016:264,ADD DETEC 360,18.7
ia,00 Électricité_Plans_pour AO - 5 + 00 Addenda MEP01_Plans-unlocked-page-00016,S267_ADD_21,E1 Réglette 4 pi,1229,3356,0.2158,0.8332,1229,3356,appariée,IA:S267_ADD_21:190,H:00 Addenda MEP01_Plans-unlocked-page-00016:193,ADD FIXTURE TYPE E1,18.9
ia,00 Électricité_Plans_pour AO - 5 + 00 Addenda MEP01_Plans-unlocked-page-00016,S267_ADD_21,E1 Réglette 4 pi,3045,3426,0.5348,0.8505,3045,3426,appariée,IA:S267_ADD_21:191,H:00 Addenda MEP01_Plans-unlocked-page-00016:198,ADD FIXTURE TYPE E1,11.7
ia,00 Électricité_Plans_pour AO - 5 + 00 Addenda MEP01_Plans-unlocked-page-00016,S267_ADD_21,E1 Réglette 4 pi,3167,3347,0.5562,0.8309,3167,3347,appariée,IA:S267_ADD_21:192,H:00 Addenda MEP01_Plans-unlocked-page-00016:196,ADD FIXTURE TYPE E1,13.8
ia,00 Électricité_Plans_pour AO - 5 + 00 Addenda MEP01_Plans-unlocked-page-00016,S267_ADD_21,E1 Réglette 4 pi,3165,3454,0.5558,0.8575,3165,3454,appariée,IA:S267_ADD_21:193,H:00 Addenda MEP01_Plans-unlocked-page-00016:197,ADD FIXTURE TYPE E1,21.3
ia,00 Électricité_Plans_pour AO - 5 + 00 Addenda MEP01_Plans-unlocked-page-00016,S267_ADD_21,E1 Réglette 4 pi,3124,3542,0.5486,0.8793,3124,3542,appariée,IA:S267_ADD_21:194,H:00 Addenda MEP01_Plans-unlocked-page-00016:200,ADD FIXTURE TYPE E1,15.0
ia,00 Électricité_Plans_pour AO - 5 + 00 Addenda MEP01_Plans-unlocked-page-00016,S267_ADD_21,E1 Réglette 4 pi,3066,3628,0.5385,0.9007,3066,3628,appariée,IA:S267_ADD_21:195,H:00 Addenda MEP01_Plans-unlocked-page-00016:201,ADD FIXTURE TYPE E1,15.2
ia,00 Électricité_Plans_pour AO - 5 + 00 Addenda MEP01_Plans-unlocked-page-00016,S267_ADD_21,E1 Réglette 4 pi,3124,3628,0.5486,0.9007,3124,3628,appariée,IA:S267_ADD_21:196,H:00 Addenda MEP01_Plans-unlocked-page-00016:202,ADD FIXTURE TYPE E1,16.5
ia,00 Électricité_Plans_pour AO - 5 + 00 Addenda MEP01_Plans-unlocked-page-00016,S267_ADD_21,E1 Réglette 4 pi,360,3374,0.0632,0.8376,360,3374,appariée,IA:S267_ADD_21:197,H:00 Addenda MEP01_Plans-unlocked-page-00016:188,ADD FIXTURE TYPE E1,30.5
ia,00 Électricité_Plans_pour AO - 5 + 00 Addenda MEP01_Plans-unlocked-page-00016,S267_ADD_21,E1 Réglette 4 pi,360,3604,0.0632,0.8947,360,3604,appariée,IA:S267_ADD_21:198,H:00 Addenda MEP01_Plans-unlocked-page-00016:190,ADD FIXTURE TYPE E1,33.8
ia,00 Électricité_Plans_pour AO - 5 + 00 Addenda MEP01_Plans-unlocked-page-00016,S267_ADD_21,E1 Réglette 4 pi,220,3488,0.0386,0.8659,220,3488,appariée,IA:S267_ADD_21:199,H:00 Addenda MEP01_Plans-unlocked-page-00016:192,ADD FIXTURE TYPE E1,32.1
ia,00 Électricité_Plans_pour AO - 5 + 00 Addenda MEP01_Plans-unlocked-page-00016,S267_ADD_21,E1 Réglette 4 pi,220,3604,0.0386,0.8947,220,3604,appariée,IA:S267_ADD_21:200,H:00 Addenda MEP01_Plans-unlocked-page-00016:191,ADD FIXTURE TYPE E1,34.6
ia,00 Électricité_Plans_pour AO - 5 + 00 Addenda MEP01_Plans-unlocked-page-00016,S267_ADD_21,E1 Réglette 4 pi,239,3398,0.0420,0.8436,239,3398,appariée,IA:S267_ADD_21:201,H:00 Addenda MEP01_Plans-unlocked-page-00016:187,ADD FIXTURE TYPE E1,27.6
ia,00 Électricité_Plans_pour AO - 5 + 00 Addenda MEP01_Plans-unlocked-page-00016,S267_ADD_21,E1 Réglette 4 pi urgence,1351,3356,0.2373,0.8332,1351,3356,appariée,IA:S267_ADD_21:202,H:00 Addenda MEP01_Plans-unlocked-page-00016:194,ADD FIXTURE TYPE E1,12.6
ia,00 Électricité_Plans_pour AO - 5 + 00 Addenda MEP01_Plans-unlocked-page-00016,S267_ADD_21,E1 Réglette 4 pi urgence,3045,3347,0.5348,0.8309,3045,3347,appariée,IA:S267_ADD_21:203,H:00 Addenda MEP01_Plans-unlocked-page-00016:195,ADD FIXTURE TYPE E1,13.1
ia,00 Électricité_Plans_pour AO - 5 + 00 Addenda MEP01_Plans-unlocked-page-00016,S267_ADD_21,E1 Réglette 4 pi urgence,3066,3542,0.5385,0.8793,3066,3542,appariée,IA:S267_ADD_21:204,H:00 Addenda MEP01_Plans-unlocked-page-00016:199,ADD FIXTURE TYPE E1,17.8
ia,00 Électricité_Plans_pour AO - 5 + 00 Addenda MEP01_Plans-unlocked-page-00016,S267_ADD_21,E1 Réglette 4 pi urgence,360,3488,0.0632,0.8659,360,3488,appariée,IA:S267_ADD_21:205,H:00 Addenda MEP01_Plans-unlocked-page-00016:189,ADD FIXTURE TYPE E1,32.2
ia,00 Électricité_Plans_pour AO - 5 + 00 Addenda MEP01_Plans-unlocked-page-00016,S267_ADD_21,Gradateur,805,3315,0.1414,0.8230,805,3315,appariée,IA:S267_ADD_21:206,H:00 Addenda MEP01_Plans-unlocked-page-00016:262,ADD GRADATEUR,14.0
ia,00 Électricité_Plans_pour AO - 5 + 00 Addenda MEP01_Plans-unlocked-page-00016,S267_ADD_21,Gradateur,3390,3430,0.5954,0.8515,3390,3430,appariée,IA:S267_ADD_21:207,H:00 Addenda MEP01_Plans-unlocked-page-00016:260,ADD GRADATEUR,14.5
ia,00 Électricité_Plans_pour AO - 5 + 00 Addenda MEP01_Plans-unlocked-page-00016,S267_ADD_21,Gradateur,3390,3589,0.5954,0.8910,3390,3589,appariée,IA:S267_ADD_21:208,H:00 Addenda MEP01_Plans-unlocked-page-00016:261,ADD GRADATEUR,17.1
ia,00 Électricité_Plans_pour AO - 5 + 00 Addenda MEP01_Plans-unlocked-page-00016,S267_ADD_21,Gradateur,4030,3577,0.7078,0.8880,4030,3577,appariée,IA:S267_ADD_21:209,H:00 Addenda MEP01_Plans-unlocked-page-00016:259,ADD GRADATEUR,6.0
ia,00 Électricité_Plans_pour AO - 5 + 00 Addenda MEP01_Plans-unlocked-page-00016,S267_ADD_21,Gradateur,4371,3212,0.7677,0.7974,4371,3212,appariée,IA:S267_ADD_21:210,H:00 Addenda MEP01_Plans-unlocked-page-00016:257,ADD GRADATEUR,16.8
ia,00 Électricité_Plans_pour AO - 5 + 00 Addenda MEP01_Plans-unlocked-page-00016,S267_ADD_21,Gradateur,4371,3233,0.7677,0.8026,4371,3233,appariée,IA:S267_ADD_21:211,H:00 Addenda MEP01_Plans-unlocked-page-00016:258,ADD GRADATEUR,8.4
ia,00 Électricité_Plans_pour AO - 5 + 00 Addenda MEP01_Plans-unlocked-page-00016,S267_ADD_21,Interrupteur avec détecteur de présence,438,3403,0.0769,0.8448,438,3403,appariée,IA:S267_ADD_21:212,H:00 Addenda MEP01_Plans-unlocked-page-00016:271,ADD INT,16.5
ia,00 Électricité_Plans_pour AO - 5 + 00 Addenda MEP01_Plans-unlocked-page-00016,S267_ADD_21,Interrupteur avec détecteur de présence,1369,3442,0.2404,0.8545,1369,3442,appariée,IA:S267_ADD_21:213,H:00 Addenda MEP01_Plans-unlocked-page-00016:223,ADD INT DETEC,10.3
ia,00 Électricité_Plans_pour AO - 5 + 00 Addenda MEP01_Plans-unlocked-page-00016,S267_ADD_21,Interrupteur avec détecteur de présence,1369,3682,0.2404,0.9141,1369,3682,appariée,IA:S267_ADD_21:214,H:00 Addenda MEP01_Plans-unlocked-page-00016:240,ADD INT DETEC,16.4
ia,00 Électricité_Plans_pour AO - 5 + 00 Addenda MEP01_Plans-unlocked-page-00016,S267_ADD_21,Interrupteur avec détecteur de présence,3013,3422,0.5292,0.8496,3013,3422,appariée,IA:S267_ADD_21:215,H:00 Addenda MEP01_Plans-unlocked-page-00016:267,ADD INT,11.7
ia,00 Électricité_Plans_pour AO - 5 + 00 Addenda MEP01_Plans-unlocked-page-00016,S267_ADD_21,Interrupteur avec détecteur de présence,3013,3572,0.5292,0.8868,3013,3572,appariée,IA:S267_ADD_21:216,H:00 Addenda MEP01_Plans-unlocked-page-00016:266,ADD INT,10.1
ia,00 Électricité_Plans_pour AO - 5 + 00 Addenda MEP01_Plans-unlocked-page-00016,S267_ADD_21,Interrupteur avec détecteur de présence,1663,3425,0.2921,0.8503,1663,3425,appariée,IA:S267_ADD_21:217,H:00 Addenda MEP01_Plans-unlocked-page-00016:239,ADD INT DETEC,9.0
ia,00 Électricité_Plans_pour AO - 5 + 00 Addenda MEP01_Plans-unlocked-page-00016,S267_ADD_21,Interrupteur avec détecteur de présence,1731,3425,0.3040,0.8503,1731,3425,appariée,IA:S267_ADD_21:218,H:00 Addenda MEP01_Plans-unlocked-page-00016:238,ADD INT DETEC,7.9
ia,00 Électricité_Plans_pour AO - 5 + 00 Addenda MEP01_Plans-unlocked-page-00016,S267_ADD_21,Interrupteur avec détecteur de présence,1798,3425,0.3158,0.8503,1798,3425,appariée,IA:S267_ADD_21:219,H:00 Addenda MEP01_Plans-unlocked-page-00016:237,ADD INT DETEC,7.6
ia,00 Électricité_Plans_pour AO - 5 + 00 Addenda MEP01_Plans-unlocked-page-00016,S267_ADD_21,Interrupteur avec détecteur de présence,1866,3425,0.3277,0.8503,1866,3425,appariée,IA:S267_ADD_21:220,H:00 Addenda MEP01_Plans-unlocked-page-00016:236,ADD INT DETEC,13.2
ia,00 Électricité_Plans_pour AO - 5 + 00 Addenda MEP01_Plans-unlocked-page-00016,S267_ADD_21,Interrupteur avec détecteur de présence,1932,3425,0.3393,0.8503,1932,3425,appariée,IA:S267_ADD_21:221,H:00 Addenda MEP01_Plans-unlocked-page-00016:235,ADD INT DETEC,10.4
ia,00 Électricité_Plans_pour AO - 5 + 00 Addenda MEP01_Plans-unlocked-page-00016,S267_ADD_21,Interrupteur avec détecteur de présence,1999,3425,0.3511,0.8503,1999,3425,appariée,IA:S267_ADD_21:222,H:00 Addenda MEP01_Plans-unlocked-page-00016:234,ADD INT DETEC,7.1
ia,00 Électricité_Plans_pour AO - 5 + 00 Addenda MEP01_Plans-unlocked-page-00016,S267_ADD_21,Interrupteur avec détecteur de présence,2067,3425,0.3630,0.8503,2067,3425,appariée,IA:S267_ADD_21:223,H:00 Addenda MEP01_Plans-unlocked-page-00016:233,ADD INT DETEC,11.3
ia,00 Électricité_Plans_pour AO - 5 + 00 Addenda MEP01_Plans-unlocked-page-00016,S267_ADD_21,Interrupteur avec détecteur de présence,2133,3425,0.3746,0.8503,2133,3425,appariée,IA:S267_ADD_21:224,H:00 Addenda MEP01_Plans-unlocked-page-00016:232,ADD INT DETEC,13.7
ia,00 Électricité_Plans_pour AO - 5 + 00 Addenda MEP01_Plans-unlocked-page-00016,S267_ADD_21,Interrupteur avec détecteur de présence,1663,3579,0.2921,0.8885,1663,3579,appariée,IA:S267_ADD_21:225,H:00 Addenda MEP01_Plans-unlocked-page-00016:224,ADD INT DETEC,7.7
ia,00 Électricité_Plans_pour AO - 5 + 00 Addenda MEP01_Plans-unlocked-page-00016,S267_ADD_21,Interrupteur avec détecteur de présence,1731,3579,0.3040,0.8885,1731,3579,appariée,IA:S267_ADD_21:226,H:00 Addenda MEP01_Plans-unlocked-page-00016:225,ADD INT DETEC,8.0
ia,00 Électricité_Plans_pour AO - 5 + 00 Addenda MEP01_Plans-unlocked-page-00016,S267_ADD_21,Interrupteur avec détecteur de présence,1798,3579,0.3158,0.8885,1798,3579,appariée,IA:S267_ADD_21:227,H:00 Addenda MEP01_Plans-unlocked-page-00016:226,ADD INT DETEC,7.0
ia,00 Électricité_Plans_pour AO - 5 + 00 Addenda MEP01_Plans-unlocked-page-00016,S267_ADD_21,Interrupteur avec détecteur de présence,1866,3579,0.3277,0.8885,1866,3579,appariée,IA:S267_ADD_21:228,H:00 Addenda MEP01_Plans-unlocked-page-00016:227,ADD INT DETEC,8.3
ia,00 Électricité_Plans_pour AO - 5 + 00 Addenda MEP01_Plans-unlocked-page-00016,S267_ADD_21,Interrupteur avec détecteur de présence,1932,3579,0.3393,0.8885,1932,3579,appariée,IA:S267_ADD_21:229,H:00 Addenda MEP01_Plans-unlocked-page-00016:228,ADD INT DETEC,8.4
ia,00 Électricité_Plans_pour AO - 5 + 00 Addenda MEP01_Plans-unlocked-page-00016,S267_ADD_21,Interrupteur avec détecteur de présence,1999,3579,0.3511,0.8885,1999,3579,appariée,IA:S267_ADD_21:230,H:00 Addenda MEP01_Plans-unlocked-page-00016:229,ADD INT DETEC,14.9
ia,00 Électricité_Plans_pour AO - 5 + 00 Addenda MEP01_Plans-unlocked-page-00016,S267_ADD_21,Interrupteur avec détecteur de présence,2067,3579,0.3630,0.8885,2067,3579,appariée,IA:S267_ADD_21:231,H:00 Addenda MEP01_Plans-unlocked-page-00016:230,ADD INT DETEC,12.0
ia,00 Électricité_Plans_pour AO - 5 + 00 Addenda MEP01_Plans-unlocked-page-00016,S267_ADD_21,Interrupteur avec détecteur de présence,2133,3579,0.3746,0.8885,2133,3579,appariée,IA:S267_ADD_21:232,H:00 Addenda MEP01_Plans-unlocked-page-00016:231,ADD INT DETEC,7.3
ia,00 Électricité_Plans_pour AO - 5 + 00 Addenda MEP01_Plans-unlocked-page-00016,S267_ADD_21,Interrupteur avec détecteur de présence,2319,3425,0.4073,0.8503,2319,3425,appariée,IA:S267_ADD_21:233,H:00 Addenda MEP01_Plans-unlocked-page-00016:241,ADD INT DETEC,7.4
ia,00 Électricité_Plans_pour AO - 5 + 00 Addenda MEP01_Plans-unlocked-page-00016,S267_ADD_21,Interrupteur avec détecteur de présence,2346,3425,0.4120,0.8503,2346,3425,appariée,IA:S267_ADD_21:234,H:00 Addenda MEP01_Plans-unlocked-page-00016:242,ADD INT DETEC,15.3
ia,00 Électricité_Plans_pour AO - 5 + 00 Addenda MEP01_Plans-unlocked-page-00016,S267_ADD_21,Interrupteur avec détecteur de présence,2452,3425,0.4306,0.8503,2452,3425,appariée,IA:S267_ADD_21:235,H:00 Addenda MEP01_Plans-unlocked-page-00016:247,ADD INT DETEC,8.7
ia,00 Électricité_Plans_pour AO - 5 + 00 Addenda MEP01_Plans-unlocked-page-00016,S267_ADD_21,Interrupteur avec détecteur de présence,2481,3425,0.4357,0.8503,2481,3425,appariée,IA:S267_ADD_21:236,H:00 Addenda MEP01_Plans-unlocked-page-00016:248,ADD INT DETEC,12.1
ia,00 Électricité_Plans_pour AO - 5 + 00 Addenda MEP01_Plans-unlocked-page-00016,S267_ADD_21,Interrupteur avec détecteur de présence,2587,3425,0.4543,0.8503,2587,3425,appariée,IA:S267_ADD_21:237,H:00 Addenda MEP01_Plans-unlocked-page-00016:249,ADD INT DETEC,7.4
ia,00 Électricité_Plans_pour AO - 5 + 00 Addenda MEP01_Plans-unlocked-page-00016,S267_ADD_21,Interrupteur avec détecteur de présence,2614,3425,0.4591,0.8503,2614,3425,appariée,IA:S267_ADD_21:238,H:00 Addenda MEP01_Plans-unlocked-page-00016:250,ADD INT DETEC,12.7
ia,00 Électricité_Plans_pour AO - 5 + 00 Addenda MEP01_Plans-unlocked-page-00016,S267_ADD_21,Interrupteur avec détecteur de présence,2721,3425,0.4779,0.8503,2721,3425,appariée,IA:S267_ADD_21:239,H:00 Addenda MEP01_Plans-unlocked-page-00016:251,ADD INT DETEC,8.5
ia,00 Électricité_Plans_pour AO - 5 + 00 Addenda MEP01_Plans-unlocked-page-00016,S267_ADD_21,Interrupteur avec détecteur de présence,2749,3425,0.4828,0.8503,2749,3425,appariée,IA:S267_ADD_21:240,H:00 Addenda MEP01_Plans-unlocked-page-00016:252,ADD INT DETEC,12.0
ia,00 Électricité_Plans_pour AO - 5 + 00 Addenda MEP01_Plans-unlocked-page-00016,S267_ADD_21,Interrupteur avec détecteur de présence,2319,3579,0.4073,0.8885,2319,3579,appariée,IA:S267_ADD_21:241,H:00 Addenda MEP01_Plans-unlocked-page-00016:243,ADD INT DETEC,11.4
ia,00 Électricité_Plans_pour AO - 5 + 00 Addenda MEP01_Plans-unlocked-page-00016,S267_ADD_21,Interrupteur avec détecteur de présence,2346,3579,0.4120,0.8885,2346,3579,appariée,IA:S267_ADD_21:242,H:00 Addenda MEP01_Plans-unlocked-page-00016:244,ADD INT DETEC,13.7
ia,00 Électricité_Plans_pour AO - 5 + 00 Addenda MEP01_Plans-unlocked-page-00016,S267_ADD_21,Interrupteur avec détecteur de présence,2452,3579,0.4306,0.8885,2452,3579,appariée,IA:S267_ADD_21:243,H:00 Addenda MEP01_Plans-unlocked-page-00016:245,ADD INT DETEC,7.8
ia,00 Électricité_Plans_pour AO - 5 + 00 Addenda MEP01_Plans-unlocked-page-00016,S267_ADD_21,Interrupteur avec détecteur de présence,2481,3579,0.4357,0.8885,2481,3579,appariée,IA:S267_ADD_21:244,H:00 Addenda MEP01_Plans-unlocked-page-00016:246,ADD INT DETEC,7.0
ia,00 Électricité_Plans_pour AO - 5 + 00 Addenda MEP01_Plans-unlocked-page-00016,S267_ADD_21,Interrupteur avec détecteur de présence,2587,3579,0.4543,0.8885,2587,3579,appariée,IA:S267_ADD_21:245,H:00 Addenda MEP01_Plans-unlocked-page-00016:256,ADD INT DETEC,8.3
ia,00 Électricité_Plans_pour AO - 5 + 00 Addenda MEP01_Plans-unlocked-page-00016,S267_ADD_21,Interrupteur avec détecteur de présence,2614,3579,0.4591,0.8885,2614,3579,appariée,IA:S267_ADD_21:246,H:00 Addenda MEP01_Plans-unlocked-page-00016:255,ADD INT DETEC,15.7
ia,00 Électricité_Plans_pour AO - 5 + 00 Addenda MEP01_Plans-unlocked-page-00016,S267_ADD_21,Interrupteur avec détecteur de présence,2721,3579,0.4779,0.8885,2721,3579,appariée,IA:S267_ADD_21:247,H:00 Addenda MEP01_Plans-unlocked-page-00016:254,ADD INT DETEC,8.8
ia,00 Électricité_Plans_pour AO - 5 + 00 Addenda MEP01_Plans-unlocked-page-00016,S267_ADD_21,Interrupteur avec détecteur de présence,2749,3579,0.4828,0.8885,2749,3579,appariée,IA:S267_ADD_21:248,H:00 Addenda MEP01_Plans-unlocked-page-00016:253,ADD INT DETEC,15.0
ia,00 Électricité_Plans_pour AO - 5 + 00 Addenda MEP01_Plans-unlocked-page-00016,S267_ADD_21,Interrupteur unipolaire,1006,3319,0.1767,0.8240,1006,3319,appariée,IA:S267_ADD_21:249,H:00 Addenda MEP01_Plans-unlocked-page-00016:268,ADD INT,17.0
ia,00 Électricité_Plans_pour AO - 5 + 00 Addenda MEP01_Plans-unlocked-page-00016,S267_ADD_21,Interrupteur unipolaire,1244,3319,0.2185,0.8240,1244,3319,appariée,IA:S267_ADD_21:250,H:00 Addenda MEP01_Plans-unlocked-page-00016:269,ADD INT,14.5
ia,00 Électricité_Plans_pour AO - 5 + 00 Addenda MEP01_Plans-unlocked-page-00016,S267_ADD_21,Interrupteur unipolaire,1374,3319,0.2413,0.8240,1374,3319,appariée,IA:S267_ADD_21:251,H:00 Addenda MEP01_Plans-unlocked-page-00016:270,ADD INT,16.2
ia,00 Électricité_Plans_pour AO - 5 + 00 Addenda MEP01_Plans-unlocked-page-00016,S267_ADD_21,Interrupteur unipolaire,3206,3317,0.5630,0.8235,3206,3317,appariée,IA:S267_ADD_21:252,H:00 Addenda MEP01_Plans-unlocked-page-00016:265,ADD INT,16.5
ia,00 Électricité_Plans_pour AO - 5 + 00 Addenda MEP01_Plans-unlocked-page-00016,S267_ADD_21,Mini-onduleur 12V,624,2217,0.1096,0.5504,624,2217,appariée,IA:S267_ADD_21:253,H:00 Addenda MEP01_Plans-unlocked-page-00016:221,ONDULATEUR,36.2
ia,00 Électricité_Plans_pour AO - 5 + 00 Addenda MEP01_Plans-unlocked-page-00016,S267_ADD_21,Mini-onduleur 12V,624,2283,0.1096,0.5668,624,2283,appariée,IA:S267_ADD_21:254,H:00 Addenda MEP01_Plans-unlocked-page-00016:222,ONDULATEUR,20.9
ia,00 Électricité_Plans_pour AO - 5 + 00 Addenda MEP01_Plans-unlocked-page-00016,S267_ADD_21,X1 Enseigne d'issue,200,2958,0.0351,0.7344,200,2958,appariée,IA:S267_ADD_21:255,H:00 Addenda MEP01_Plans-unlocked-page-00016:203,ADD EXIT,16.7
ia,00 Électricité_Plans_pour AO - 5 + 00 Addenda MEP01_Plans-unlocked-page-00016,S267_ADD_21,X1 Enseigne d'issue,176,3253,0.0309,0.8076,176,3253,appariée,IA:S267_ADD_21:256,H:00 Addenda MEP01_Plans-unlocked-page-00016:204,ADD EXIT,29.3
ia,00 Électricité_Plans_pour AO - 5 + 00 Addenda MEP01_Plans-unlocked-page-00016,S267_ADD_21,X1 Enseigne d'issue,498,3235,0.0875,0.8031,498,3235,appariée,IA:S267_ADD_21:257,H:00 Addenda MEP01_Plans-unlocked-page-00016:205,ADD EXIT,23.1
ia,00 Électricité_Plans_pour AO - 5 + 00 Addenda MEP01_Plans-unlocked-page-00016,S267_ADD_21,X1 Enseigne d'issue,1505,3186,0.2643,0.7910,1505,3186,appariée,IA:S267_ADD_21:258,H:00 Addenda MEP01_Plans-unlocked-page-00016:206,ADD EXIT,28.7
ia,00 Électricité_Plans_pour AO - 5 + 00 Addenda MEP01_Plans-unlocked-page-00016,S267_ADD_21,X1 Enseigne d'issue,2229,2791,0.3915,0.6929,2229,2791,appariée,IA:S267_ADD_21:259,H:00 Addenda MEP01_Plans-unlocked-page-00016:207,ADD EXIT,23.1
ia,00 Électricité_Plans_pour AO - 5 + 00 Addenda MEP01_Plans-unlocked-page-00016,S267_ADD_21,X1 Enseigne d'issue,2178,2921,0.3825,0.7252,2178,2921,appariée,IA:S267_ADD_21:260,H:00 Addenda MEP01_Plans-unlocked-page-00016:208,ADD EXIT,32.0
ia,00 Électricité_Plans_pour AO - 5 + 00 Addenda MEP01_Plans-unlocked-page-00016,S267_ADD_21,X1 Enseigne d'issue,2149,3490,0.3774,0.8664,2149,3490,appariée,IA:S267_ADD_21:261,H:00 Addenda MEP01_Plans-unlocked-page-00016:211,ADD EXIT,26.7
ia,00 Électricité_Plans_pour AO - 5 + 00 Addenda MEP01_Plans-unlocked-page-00016,S267_ADD_21,X1 Enseigne d'issue,2210,3655,0.3881,0.9074,2210,3655,appariée,IA:S267_ADD_21:262,H:00 Addenda MEP01_Plans-unlocked-page-00016:210,ADD EXIT,15.2
ia,00 Électricité_Plans_pour AO - 5 + 00 Addenda MEP01_Plans-unlocked-page-00016,S267_ADD_21,X1 Enseigne d'issue,3438,3186,0.6038,0.7910,3438,3186,appariée,IA:S267_ADD_21:263,H:00 Addenda MEP01_Plans-unlocked-page-00016:209,ADD EXIT,30.2
ia,00 Électricité_Plans_pour AO - 5 + 00 Addenda MEP01_Plans-unlocked-page-00016,S267_ADD_21,X1 Enseigne d'issue,4171,2972,0.7325,0.7378,4171,2972,appariée,IA:S267_ADD_21:264,H:00 Addenda MEP01_Plans-unlocked-page-00016:220,ADD EXIT,24.7
ia,00 Électricité_Plans_pour AO - 5 + 00 Addenda MEP01_Plans-unlocked-page-00016,S267_ADD_21,X1 Enseigne d'issue,4308,2791,0.7566,0.6929,4308,2791,appariée,IA:S267_ADD_21:265,H:00 Addenda MEP01_Plans-unlocked-page-00016:216,ADD EXIT,24.0
ia,00 Électricité_Plans_pour AO - 5 + 00 Addenda MEP01_Plans-unlocked-page-00016,S267_ADD_21,X1 Enseigne d'issue,4308,2925,0.7566,0.7262,4308,2925,appariée,IA:S267_ADD_21:266,H:00 Addenda MEP01_Plans-unlocked-page-00016:217,ADD EXIT,27.2
ia,00 Électricité_Plans_pour AO - 5 + 00 Addenda MEP01_Plans-unlocked-page-00016,S267_ADD_21,X1 Enseigne d'issue,4407,3052,0.7740,0.7577,4407,3052,appariée,IA:S267_ADD_21:267,H:00 Addenda MEP01_Plans-unlocked-page-00016:218,ADD EXIT,30.5
ia,00 Électricité_Plans_pour AO - 5 + 00 Addenda MEP01_Plans-unlocked-page-00016,S267_ADD_21,X1 Enseigne d'issue,4407,3417,0.7740,0.8483,4407,3417,appariée,IA:S267_ADD_21:268,H:00 Addenda MEP01_Plans-unlocked-page-00016:219,ADD EXIT,26.0
ia,00 Électricité_Plans_pour AO - 5 + 00 Addenda MEP01_Plans-unlocked-page-00016,S267_ADD_21,X1 Enseigne d'issue,4289,3521,0.7532,0.8741,4289,3521,appariée,IA:S267_ADD_21:269,H:00 Addenda MEP01_Plans-unlocked-page-00016:213,ADD EXIT,13.9
ia,00 Électricité_Plans_pour AO - 5 + 00 Addenda MEP01_Plans-unlocked-page-00016,S267_ADD_21,X1 Enseigne d'issue,4308,3678,0.7566,0.9131,4308,3678,appariée,IA:S267_ADD_21:270,H:00 Addenda MEP01_Plans-unlocked-page-00016:212,ADD EXIT,21.4
ia,00 Électricité_Plans_pour AO - 5 + 00 Addenda MEP01_Plans-unlocked-page-00016,S267_ADD_21,X1 Enseigne d'issue,4802,2811,0.8433,0.6979,4802,2811,appariée,IA:S267_ADD_21:271,H:00 Addenda MEP01_Plans-unlocked-page-00016:215,ADD EXIT,33.4
ia,00 Électricité_Plans_pour AO - 5 + 00 Addenda MEP01_Plans-unlocked-page-00016,S267_ADD_21,X1 Enseigne d'issue,4871,3632,0.8555,0.9017,4871,3632,appariée,IA:S267_ADD_21:272,H:00 Addenda MEP01_Plans-unlocked-page-00016:214,ADD EXIT,22.7
ia,00 Électricité_Plans_pour AO - 6 + 00 Addenda MEP01_Plans-unlocked-page-00017,S267_ADD_22,Armoire de mesurage HQ type B,3150,3413,0.5532,0.8473,3150,3413,en trop IA,IA:S267_ADD_22:1,,,
ia,00 Électricité_Plans_pour AO - 6 + 00 Addenda MEP01_Plans-unlocked-page-00017,S267_ADD_22,C1.1 Plinthe 500W,172,2909,0.0302,0.7222,172,2909,appariée,IA:S267_ADD_22:2,H:00 Addenda MEP01_Plans-unlocked-page-00017:5,ADD C1.1 500W,5.7
ia,00 Électricité_Plans_pour AO - 6 + 00 Addenda MEP01_Plans-unlocked-page-00017,S267_ADD_22,C1.1 Plinthe 500W,172,3006,0.0302,0.7463,172,3006,appariée,IA:S267_ADD_22:3,H:00 Addenda MEP01_Plans-unlocked-page-00017:6,ADD C1.1 500W,6.7
ia,00 Électricité_Plans_pour AO - 6 + 00 Addenda MEP01_Plans-unlocked-page-00017,S267_ADD_22,C1.1 Plinthe 500W,225,2787,0.0395,0.6919,225,2787,appariée,IA:S267_ADD_22:4,H:00 Addenda MEP01_Plans-unlocked-page-00017:7,ADD C1.1 500W,10.5
ia,00 Électricité_Plans_pour AO - 6 + 00 Addenda MEP01_Plans-unlocked-page-00017,S267_ADD_22,C1.1 Plinthe 500W,389,2787,0.0683,0.6919,389,2787,appariée,IA:S267_ADD_22:5,H:00 Addenda MEP01_Plans-unlocked-page-00017:8,ADD C1.1 500W,10.1
ia,00 Électricité_Plans_pour AO - 6 + 00 Addenda MEP01_Plans-unlocked-page-00017,S267_ADD_22,C1.1 Plinthe 500W,506,2787,0.0889,0.6919,506,2787,appariée,IA:S267_ADD_22:6,H:00 Addenda MEP01_Plans-unlocked-page-00017:9,ADD C1.1 500W,7.7
ia,00 Électricité_Plans_pour AO - 6 + 00 Addenda MEP01_Plans-unlocked-page-00017,S267_ADD_22,C1.1 Plinthe 500W,643,2787,0.1129,0.6919,643,2787,appariée,IA:S267_ADD_22:7,H:00 Addenda MEP01_Plans-unlocked-page-00017:10,ADD C1.1 500W,10.2
ia,00 Électricité_Plans_pour AO - 6 + 00 Addenda MEP01_Plans-unlocked-page-00017,S267_ADD_22,C1.1 Plinthe 500W,748,2787,0.1314,0.6919,748,2787,appariée,IA:S267_ADD_22:8,H:00 Addenda MEP01_Plans-unlocked-page-00017:11,ADD C1.1 500W,6.5
ia,00 Électricité_Plans_pour AO - 6 + 00 Addenda MEP01_Plans-unlocked-page-00017,S267_ADD_22,C1.1 Plinthe 500W,886,2787,0.1556,0.6919,886,2787,appariée,IA:S267_ADD_22:9,H:00 Addenda MEP01_Plans-unlocked-page-00017:12,ADD C1.1 500W,3.5
ia,00 Électricité_Plans_pour AO - 6 + 00 Addenda MEP01_Plans-unlocked-page-00017,S267_ADD_22,C1.1 Plinthe 500W,991,2787,0.1740,0.6919,991,2787,appariée,IA:S267_ADD_22:10,H:00 Addenda MEP01_Plans-unlocked-page-00017:13,ADD C1.1 500W,7.2
ia,00 Électricité_Plans_pour AO - 6 + 00 Addenda MEP01_Plans-unlocked-page-00017,S267_ADD_22,C1.1 Plinthe 500W,1129,2787,0.1983,0.6919,1129,2787,appariée,IA:S267_ADD_22:11,H:00 Addenda MEP01_Plans-unlocked-page-00017:14,ADD C1.1 500W,7.4
ia,00 Électricité_Plans_pour AO - 6 + 00 Addenda MEP01_Plans-unlocked-page-00017,S267_ADD_22,C1.1 Plinthe 500W,1234,2787,0.2167,0.6919,1234,2787,appariée,IA:S267_ADD_22:12,H:00 Addenda MEP01_Plans-unlocked-page-00017:15,ADD C1.1 500W,9.3
ia,00 Électricité_Plans_pour AO - 6 + 00 Addenda MEP01_Plans-unlocked-page-00017,S267_ADD_22,C1.1 Plinthe 500W,1372,2787,0.2410,0.6919,1372,2787,appariée,IA:S267_ADD_22:13,H:00 Addenda MEP01_Plans-unlocked-page-00017:16,ADD C1.1 500W,8.9
ia,00 Électricité_Plans_pour AO - 6 + 00 Addenda MEP01_Plans-unlocked-page-00017,S267_ADD_22,C1.1 Plinthe 500W,1478,2787,0.2596,0.6919,1478,2787,appariée,IA:S267_ADD_22:14,H:00 Addenda MEP01_Plans-unlocked-page-00017:17,ADD C1.1 500W,9.3
ia,00 Électricité_Plans_pour AO - 6 + 00 Addenda MEP01_Plans-unlocked-page-00017,S267_ADD_22,C1.1 Plinthe 500W,1615,2787,0.2836,0.6919,1615,2787,appariée,IA:S267_ADD_22:15,H:00 Addenda MEP01_Plans-unlocked-page-00017:18,ADD C1.1 500W,5.6
ia,00 Électricité_Plans_pour AO - 6 + 00 Addenda MEP01_Plans-unlocked-page-00017,S267_ADD_22,C1.1 Plinthe 500W,1720,2787,0.3021,0.6919,1720,2787,appariée,IA:S267_ADD_22:16,H:00 Addenda MEP01_Plans-unlocked-page-00017:19,ADD C1.1 500W,9.1
ia,00 Électricité_Plans_pour AO - 6 + 00 Addenda MEP01_Plans-unlocked-page-00017,S267_ADD_22,C1.1 Plinthe 500W,1858,2787,0.3263,0.6919,1858,2787,appariée,IA:S267_ADD_22:17,H:00 Addenda MEP01_Plans-unlocked-page-00017:20,ADD C1.1 500W,8.0
ia,00 Électricité_Plans_pour AO - 6 + 00 Addenda MEP01_Plans-unlocked-page-00017,S267_ADD_22,C1.1 Plinthe 500W,1963,2787,0.3447,0.6919,1963,2787,appariée,IA:S267_ADD_22:18,H:00 Addenda MEP01_Plans-unlocked-page-00017:21,ADD C1.1 500W,7.9
ia,00 Électricité_Plans_pour AO - 6 + 00 Addenda MEP01_Plans-unlocked-page-00017,S267_ADD_22,C1.1 Plinthe 500W,2100,2787,0.3688,0.6919,2100,2787,appariée,IA:S267_ADD_22:19,H:00 Addenda MEP01_Plans-unlocked-page-00017:22,ADD C1.1 500W,5.8
ia,00 Électricité_Plans_pour AO - 6 + 00 Addenda MEP01_Plans-unlocked-page-00017,S267_ADD_22,C1.1 Plinthe 500W,2319,2787,0.4073,0.6919,2319,2787,appariée,IA:S267_ADD_22:20,H:00 Addenda MEP01_Plans-unlocked-page-00017:23,ADD C1.1 500W,8.0
ia,00 Électricité_Plans_pour AO - 6 + 00 Addenda MEP01_Plans-unlocked-page-00017,S267_ADD_22,C1.1 Plinthe 500W,2457,2787,0.4315,0.6919,2457,2787,appariée,IA:S267_ADD_22:21,H:00 Addenda MEP01_Plans-unlocked-page-00017:24,ADD C1.1 500W,5.3
ia,00 Électricité_Plans_pour AO - 6 + 00 Addenda MEP01_Plans-unlocked-page-00017,S267_ADD_22,C1.1 Plinthe 500W,2562,2787,0.4499,0.6919,2562,2787,appariée,IA:S267_ADD_22:22,H:00 Addenda MEP01_Plans-unlocked-page-00017:25,ADD C1.1 500W,6.3
ia,00 Électricité_Plans_pour AO - 6 + 00 Addenda MEP01_Plans-unlocked-page-00017,S267_ADD_22,C1.1 Plinthe 500W,2699,2787,0.4740,0.6919,2699,2787,appariée,IA:S267_ADD_22:23,H:00 Addenda MEP01_Plans-unlocked-page-00017:26,ADD C1.1 500W,3.7
ia,00 Électricité_Plans_pour AO - 6 + 00 Addenda MEP01_Plans-unlocked-page-00017,S267_ADD_22,C1.1 Plinthe 500W,2805,2787,0.4926,0.6919,2805,2787,appariée,IA:S267_ADD_22:24,H:00 Addenda MEP01_Plans-unlocked-page-00017:27,ADD C1.1 500W,8.4
ia,00 Électricité_Plans_pour AO - 6 + 00 Addenda MEP01_Plans-unlocked-page-00017,S267_ADD_22,C1.1 Plinthe 500W,2942,2787,0.5167,0.6919,2942,2787,appariée,IA:S267_ADD_22:25,H:00 Addenda MEP01_Plans-unlocked-page-00017:28,ADD C1.1 500W,8.6
ia,00 Électricité_Plans_pour AO - 6 + 00 Addenda MEP01_Plans-unlocked-page-00017,S267_ADD_22,C1.1 Plinthe 500W,3047,2787,0.5351,0.6919,3047,2787,appariée,IA:S267_ADD_22:26,H:00 Addenda MEP01_Plans-unlocked-page-00017:29,ADD C1.1 500W,5.9
ia,00 Électricité_Plans_pour AO - 6 + 00 Addenda MEP01_Plans-unlocked-page-00017,S267_ADD_22,C1.1 Plinthe 500W,3185,2787,0.5594,0.6919,3185,2787,appariée,IA:S267_ADD_22:27,H:00 Addenda MEP01_Plans-unlocked-page-00017:30,ADD C1.1 500W,4.9
ia,00 Électricité_Plans_pour AO - 6 + 00 Addenda MEP01_Plans-unlocked-page-00017,S267_ADD_22,C1.1 Plinthe 500W,3290,2787,0.5778,0.6919,3290,2787,appariée,IA:S267_ADD_22:28,H:00 Addenda MEP01_Plans-unlocked-page-00017:31,ADD C1.1 500W,5.3
ia,00 Électricité_Plans_pour AO - 6 + 00 Addenda MEP01_Plans-unlocked-page-00017,S267_ADD_22,C1.1 Plinthe 500W,3428,2787,0.6020,0.6919,3428,2787,appariée,IA:S267_ADD_22:29,H:00 Addenda MEP01_Plans-unlocked-page-00017:32,ADD C1.1 500W,9.5
ia,00 Électricité_Plans_pour AO - 6 + 00 Addenda MEP01_Plans-unlocked-page-00017,S267_ADD_22,C1.1 Plinthe 500W,3534,2787,0.6207,0.6919,3534,2787,appariée,IA:S267_ADD_22:30,H:00 Addenda MEP01_Plans-unlocked-page-00017:33,ADD C1.1 500W,1.3
ia,00 Électricité_Plans_pour AO - 6 + 00 Addenda MEP01_Plans-unlocked-page-00017,S267_ADD_22,C1.1 Plinthe 500W,3672,2787,0.6449,0.6919,3672,2787,appariée,IA:S267_ADD_22:31,H:00 Addenda MEP01_Plans-unlocked-page-00017:34,ADD C1.1 500W,6.9
ia,00 Électricité_Plans_pour AO - 6 + 00 Addenda MEP01_Plans-unlocked-page-00017,S267_ADD_22,C1.1 Plinthe 500W,3777,2787,0.6633,0.6919,3777,2787,appariée,IA:S267_ADD_22:32,H:00 Addenda MEP01_Plans-unlocked-page-00017:35,ADD C1.1 500W,5.4
ia,00 Électricité_Plans_pour AO - 6 + 00 Addenda MEP01_Plans-unlocked-page-00017,S267_ADD_22,C1.1 Plinthe 500W,3915,2787,0.6876,0.6919,3915,2787,appariée,IA:S267_ADD_22:33,H:00 Addenda MEP01_Plans-unlocked-page-00017:36,ADD C1.1 500W,5.6
ia,00 Électricité_Plans_pour AO - 6 + 00 Addenda MEP01_Plans-unlocked-page-00017,S267_ADD_22,C1.1 Plinthe 500W,4020,2787,0.7060,0.6919,4020,2787,appariée,IA:S267_ADD_22:34,H:00 Addenda MEP01_Plans-unlocked-page-00017:37,ADD C1.1 500W,5.2
ia,00 Électricité_Plans_pour AO - 6 + 00 Addenda MEP01_Plans-unlocked-page-00017,S267_ADD_22,C1.1 Plinthe 500W,4158,2787,0.7302,0.6919,4158,2787,appariée,IA:S267_ADD_22:35,H:00 Addenda MEP01_Plans-unlocked-page-00017:38,ADD C1.1 500W,3.6
ia,00 Électricité_Plans_pour AO - 6 + 00 Addenda MEP01_Plans-unlocked-page-00017,S267_ADD_22,C2.2 Convecteur 4000W,2211,2800,0.3883,0.6951,2211,2800,appariée,IA:S267_ADD_22:36,H:00 Addenda MEP01_Plans-unlocked-page-00017:4,ADD C2.2  4000W,37.0
ia,00 Électricité_Plans_pour AO - 6 + 00 Addenda MEP01_Plans-unlocked-page-00017,S267_ADD_22,C2.2 Convecteur 4000W,4243,2832,0.7452,0.7031,4243,2832,appariée,IA:S267_ADD_22:37,H:00 Addenda MEP01_Plans-unlocked-page-00017:2,ADD C2.2  4000W,38.0
ia,00 Électricité_Plans_pour AO - 6 + 00 Addenda MEP01_Plans-unlocked-page-00017,S267_ADD_22,C2.2 Convecteur 4000W,4242,3632,0.7450,0.9017,4242,3632,appariée,IA:S267_ADD_22:38,H:00 Addenda MEP01_Plans-unlocked-page-00017:3,ADD C2.2  4000W,22.0
ia,00 Électricité_Plans_pour AO - 6 + 00 Addenda MEP01_Plans-unlocked-page-00017,S267_ADD_22,C3.2 Aérotherme 8000W,231,3180,0.0406,0.7895,231,3180,appariée,IA:S267_ADD_22:39,H:00 Addenda MEP01_Plans-unlocked-page-00017:56,ADD C3.2 8000W,21.2
ia,00 Électricité_Plans_pour AO - 6 + 00 Addenda MEP01_Plans-unlocked-page-00017,S267_ADD_22,C4.1 Plinthe 1500W,578,3683,0.1015,0.9143,578,3683,appariée,IA:S267_ADD_22:40,H:00 Addenda MEP01_Plans-unlocked-page-00017:47,ADD C4.1  1500W,34.6
ia,00 Électricité_Plans_pour AO - 6 + 00 Addenda MEP01_Plans-unlocked-page-00017,S267_ADD_22,C4.1 Plinthe 1500W,820,3683,0.1440,0.9143,820,3683,appariée,IA:S267_ADD_22:41,H:00 Addenda MEP01_Plans-unlocked-page-00017:46,ADD C4.1  1500W,31.7
ia,00 Électricité_Plans_pour AO - 6 + 00 Addenda MEP01_Plans-unlocked-page-00017,S267_ADD_22,C4.1 Plinthe 1500W,3493,3675,0.6135,0.9124,3493,3675,appariée,IA:S267_ADD_22:42,H:00 Addenda MEP01_Plans-unlocked-page-00017:43,ADD C4.1  1500W,30.7
ia,00 Électricité_Plans_pour AO - 6 + 00 Addenda MEP01_Plans-unlocked-page-00017,S267_ADD_22,C4.1 Plinthe 1500W,3690,3675,0.6481,0.9124,3690,3675,appariée,IA:S267_ADD_22:43,H:00 Addenda MEP01_Plans-unlocked-page-00017:44,ADD C4.1  1500W,30.3
ia,00 Électricité_Plans_pour AO - 6 + 00 Addenda MEP01_Plans-unlocked-page-00017,S267_ADD_22,C4.1 Plinthe 1500W,3887,3675,0.6826,0.9124,3887,3675,appariée,IA:S267_ADD_22:44,H:00 Addenda MEP01_Plans-unlocked-page-00017:45,ADD C4.1  1500W,33.9
ia,00 Électricité_Plans_pour AO - 6 + 00 Addenda MEP01_Plans-unlocked-page-00017,S267_ADD_22,C4.1 Plinthe 1500W,4573,2787,0.8031,0.6919,4573,2787,appariée,IA:S267_ADD_22:45,H:00 Addenda MEP01_Plans-unlocked-page-00017:1,ADD C1.1 1500W,29.3
ia,00 Électricité_Plans_pour AO - 6 + 00 Addenda MEP01_Plans-unlocked-page-00017,S267_ADD_22,C4.1 Plinthe 1500W,4899,2874,0.8604,0.7135,4899,2874,appariée,IA:S267_ADD_22:46,H:00 Addenda MEP01_Plans-unlocked-page-00017:48,ADD C4.1  1500W,34.1
ia,00 Électricité_Plans_pour AO - 6 + 00 Addenda MEP01_Plans-unlocked-page-00017,S267_ADD_22,C4.1 Plinthe 1500W,4899,3195,0.8604,0.7932,4899,3195,appariée,IA:S267_ADD_22:47,H:00 Addenda MEP01_Plans-unlocked-page-00017:49,ADD C4.1  1500W,33.1
ia,00 Électricité_Plans_pour AO - 6 + 00 Addenda MEP01_Plans-unlocked-page-00017,S267_ADD_22,C4.1 Plinthe 1500W,4899,3515,0.8604,0.8726,4899,3515,appariée,IA:S267_ADD_22:48,H:00 Addenda MEP01_Plans-unlocked-page-00017:50,ADD C4.1  1500W,39.1
ia,00 Électricité_Plans_pour AO - 6 + 00 Addenda MEP01_Plans-unlocked-page-00017,S267_ADD_22,C4.1 Plinthe 1500W,4529,3683,0.7954,0.9143,4529,3683,appariée,IA:S267_ADD_22:49,H:00 Addenda MEP01_Plans-unlocked-page-00017:52,ADD C4.1  1500W,33.6
ia,00 Électricité_Plans_pour AO - 6 + 00 Addenda MEP01_Plans-unlocked-page-00017,S267_ADD_22,C4.1 Plinthe 1500W,4748,3683,0.8339,0.9143,4748,3683,appariée,IA:S267_ADD_22:50,H:00 Addenda MEP01_Plans-unlocked-page-00017:51,ADD C4.1  1500W,32.5
ia,00 Électricité_Plans_pour AO - 6 + 00 Addenda MEP01_Plans-unlocked-page-00017,S267_ADD_22,C5.1 Convecteur 2000W,1272,3450,0.2234,0.8565,1272,3450,appariée,IA:S267_ADD_22:51,H:00 Addenda MEP01_Plans-unlocked-page-00017:55,ADD C5.1   2000W,35.7
ia,00 Électricité_Plans_pour AO - 6 + 00 Addenda MEP01_Plans-unlocked-page-00017,S267_ADD_22,C5.1 Convecteur 2000W,1272,3679,0.2234,0.9134,1272,3679,appariée,IA:S267_ADD_22:52,H:00 Addenda MEP01_Plans-unlocked-page-00017:54,ADD C5.1   2000W,37.4
ia,00 Électricité_Plans_pour AO - 6 + 00 Addenda MEP01_Plans-unlocked-page-00017,S267_ADD_22,C5.2 Convecteur 2000W,2856,3661,0.5016,0.9089,2856,3661,appariée,IA:S267_ADD_22:53,H:00 Addenda MEP01_Plans-unlocked-page-00017:53,ADD C 5.2 2000W,38.3
ia,00 Électricité_Plans_pour AO - 6 + 00 Addenda MEP01_Plans-unlocked-page-00017,S267_ADD_22,C6.1 Plinthe 1000W,315,3345,0.0553,0.8304,315,3345,appariée,IA:S267_ADD_22:54,H:00 Addenda MEP01_Plans-unlocked-page-00017:42,ADD C6.1 1000W,17.0
ia,00 Électricité_Plans_pour AO - 6 + 00 Addenda MEP01_Plans-unlocked-page-00017,S267_ADD_22,C6.1 Plinthe 1000W,315,3675,0.0553,0.9124,315,3675,appariée,IA:S267_ADD_22:55,H:00 Addenda MEP01_Plans-unlocked-page-00017:41,ADD C6.1 1000W,24.5
ia,00 Électricité_Plans_pour AO - 6 + 00 Addenda MEP01_Plans-unlocked-page-00017,S267_ADD_22,C6.1 Plinthe 1000W,3364,3675,0.5908,0.9124,3364,3675,appariée,IA:S267_ADD_22:56,H:00 Addenda MEP01_Plans-unlocked-page-00017:39,ADD C6.1 1000W,25.7
ia,00 Électricité_Plans_pour AO - 6 + 00 Addenda MEP01_Plans-unlocked-page-00017,S267_ADD_22,C6.1 Plinthe 1000W,4118,3675,0.7232,0.9124,4118,3675,appariée,IA:S267_ADD_22:57,H:00 Addenda MEP01_Plans-unlocked-page-00017:40,ADD C6.1 1000W,25.6
ia,00 Électricité_Plans_pour AO - 6 + 00 Addenda MEP01_Plans-unlocked-page-00017,S267_ADD_22,Interrupteur principal 400A,3148,3373,0.5529,0.8374,3148,3373,en trop IA,IA:S267_ADD_22:58,,,
ia,00 Électricité_Plans_pour AO - 6 + 00 Addenda MEP01_Plans-unlocked-page-00017,S267_ADD_22,Panneau 120/208V,3229,3425,0.5671,0.8503,3229,3425,en trop IA,IA:S267_ADD_22:59,,,
ia,00 Électricité_Plans_pour AO - 6 + 00 Addenda MEP01_Plans-unlocked-page-00017,S267_ADD_22,Panneau 120/208V,1437,3410,0.2524,0.8466,1437,3410,en trop IA,IA:S267_ADD_22:60,,,
ia,00 Électricité_Plans_pour AO - 6 + 00 Addenda MEP01_Plans-unlocked-page-00017,S267_ADD_22,Panneau 347/600V,3148,3449,0.5529,0.8563,3148,3449,en trop IA,IA:S267_ADD_22:61,,,
ia,00 Électricité_Plans_pour AO - 6 + 00 Addenda MEP01_Plans-unlocked-page-00017,S267_ADD_22,Point de raccordement panneau de contrôle,377,2094,0.0662,0.5199,377,2094,appariée,IA:S267_ADD_22:62,H:00 Addenda MEP01_Plans-unlocked-page-00017:89,ADD PAN CONTROL,14.2
ia,00 Électricité_Plans_pour AO - 6 + 00 Addenda MEP01_Plans-unlocked-page-00017,S267_ADD_22,Point de raccordement plomberie,1643,3403,0.2885,0.8448,1643,3403,en trop IA,IA:S267_ADD_22:63,,,
ia,00 Électricité_Plans_pour AO - 6 + 00 Addenda MEP01_Plans-unlocked-page-00017,S267_ADD_22,Point de raccordement plomberie,1712,3403,0.3007,0.8448,1712,3403,en trop IA,IA:S267_ADD_22:64,,,
ia,00 Électricité_Plans_pour AO - 6 + 00 Addenda MEP01_Plans-unlocked-page-00017,S267_ADD_22,Point de raccordement plomberie,1780,3403,0.3126,0.8448,1780,3403,en trop IA,IA:S267_ADD_22:65,,,
ia,00 Électricité_Plans_pour AO - 6 + 00 Addenda MEP01_Plans-unlocked-page-00017,S267_ADD_22,Point de raccordement plomberie,1847,3403,0.3244,0.8448,1847,3403,en trop IA,IA:S267_ADD_22:66,,,
ia,00 Électricité_Plans_pour AO - 6 + 00 Addenda MEP01_Plans-unlocked-page-00017,S267_ADD_22,Point de raccordement plomberie,1915,3403,0.3363,0.8448,1915,3403,en trop IA,IA:S267_ADD_22:67,,,
ia,00 Électricité_Plans_pour AO - 6 + 00 Addenda MEP01_Plans-unlocked-page-00017,S267_ADD_22,Point de raccordement plomberie,1982,3403,0.3481,0.8448,1982,3403,en trop IA,IA:S267_ADD_22:68,,,
ia,00 Électricité_Plans_pour AO - 6 + 00 Addenda MEP01_Plans-unlocked-page-00017,S267_ADD_22,Point de raccordement plomberie,2050,3403,0.3600,0.8448,2050,3403,en trop IA,IA:S267_ADD_22:69,,,
ia,00 Électricité_Plans_pour AO - 6 + 00 Addenda MEP01_Plans-unlocked-page-00017,S267_ADD_22,Point de raccordement plomberie,2118,3403,0.3720,0.8448,2118,3403,en trop IA,IA:S267_ADD_22:70,,,
ia,00 Électricité_Plans_pour AO - 6 + 00 Addenda MEP01_Plans-unlocked-page-00017,S267_ADD_22,Point de raccordement plomberie,1643,3599,0.2885,0.8935,1643,3599,en trop IA,IA:S267_ADD_22:71,,,
ia,00 Électricité_Plans_pour AO - 6 + 00 Addenda MEP01_Plans-unlocked-page-00017,S267_ADD_22,Point de raccordement plomberie,1712,3599,0.3007,0.8935,1712,3599,en trop IA,IA:S267_ADD_22:72,,,
ia,00 Électricité_Plans_pour AO - 6 + 00 Addenda MEP01_Plans-unlocked-page-00017,S267_ADD_22,Point de raccordement plomberie,1780,3599,0.3126,0.8935,1780,3599,en trop IA,IA:S267_ADD_22:73,,,
ia,00 Électricité_Plans_pour AO - 6 + 00 Addenda MEP01_Plans-unlocked-page-00017,S267_ADD_22,Point de raccordement plomberie,1847,3599,0.3244,0.8935,1847,3599,en trop IA,IA:S267_ADD_22:74,,,
ia,00 Électricité_Plans_pour AO - 6 + 00 Addenda MEP01_Plans-unlocked-page-00017,S267_ADD_22,Point de raccordement plomberie,1915,3599,0.3363,0.8935,1915,3599,en trop IA,IA:S267_ADD_22:75,,,
ia,00 Électricité_Plans_pour AO - 6 + 00 Addenda MEP01_Plans-unlocked-page-00017,S267_ADD_22,Point de raccordement plomberie,1982,3599,0.3481,0.8935,1982,3599,en trop IA,IA:S267_ADD_22:76,,,
ia,00 Électricité_Plans_pour AO - 6 + 00 Addenda MEP01_Plans-unlocked-page-00017,S267_ADD_22,Point de raccordement plomberie,2050,3599,0.3600,0.8935,2050,3599,en trop IA,IA:S267_ADD_22:77,,,
ia,00 Électricité_Plans_pour AO - 6 + 00 Addenda MEP01_Plans-unlocked-page-00017,S267_ADD_22,Point de raccordement plomberie,2118,3599,0.3720,0.8935,2118,3599,en trop IA,IA:S267_ADD_22:78,,,
ia,00 Électricité_Plans_pour AO - 6 + 00 Addenda MEP01_Plans-unlocked-page-00017,S267_ADD_22,Point de raccordement plomberie,2319,3395,0.4073,0.8429,2319,3395,en trop IA,IA:S267_ADD_22:79,,,
ia,00 Électricité_Plans_pour AO - 6 + 00 Addenda MEP01_Plans-unlocked-page-00017,S267_ADD_22,Point de raccordement plomberie,2344,3395,0.4117,0.8429,2344,3395,en trop IA,IA:S267_ADD_22:80,,,
ia,00 Électricité_Plans_pour AO - 6 + 00 Addenda MEP01_Plans-unlocked-page-00017,S267_ADD_22,Point de raccordement plomberie,2454,3395,0.4310,0.8429,2454,3395,en trop IA,IA:S267_ADD_22:81,,,
ia,00 Électricité_Plans_pour AO - 6 + 00 Addenda MEP01_Plans-unlocked-page-00017,S267_ADD_22,Point de raccordement plomberie,2479,3395,0.4354,0.8429,2479,3395,en trop IA,IA:S267_ADD_22:82,,,
ia,00 Électricité_Plans_pour AO - 6 + 00 Addenda MEP01_Plans-unlocked-page-00017,S267_ADD_22,Point de raccordement plomberie,2587,3395,0.4543,0.8429,2587,3395,en trop IA,IA:S267_ADD_22:83,,,
ia,00 Électricité_Plans_pour AO - 6 + 00 Addenda MEP01_Plans-unlocked-page-00017,S267_ADD_22,Point de raccordement plomberie,2613,3395,0.4589,0.8429,2613,3395,en trop IA,IA:S267_ADD_22:84,,,
ia,00 Électricité_Plans_pour AO - 6 + 00 Addenda MEP01_Plans-unlocked-page-00017,S267_ADD_22,Point de raccordement plomberie,2721,3395,0.4779,0.8429,2721,3395,en trop IA,IA:S267_ADD_22:85,,,
ia,00 Électricité_Plans_pour AO - 6 + 00 Addenda MEP01_Plans-unlocked-page-00017,S267_ADD_22,Point de raccordement plomberie,2746,3395,0.4823,0.8429,2746,3395,en trop IA,IA:S267_ADD_22:86,,,
ia,00 Électricité_Plans_pour AO - 6 + 00 Addenda MEP01_Plans-unlocked-page-00017,S267_ADD_22,Point de raccordement plomberie,2319,3609,0.4073,0.8960,2319,3609,en trop IA,IA:S267_ADD_22:87,,,
ia,00 Électricité_Plans_pour AO - 6 + 00 Addenda MEP01_Plans-unlocked-page-00017,S267_ADD_22,Point de raccordement plomberie,2344,3609,0.4117,0.8960,2344,3609,en trop IA,IA:S267_ADD_22:88,,,
ia,00 Électricité_Plans_pour AO - 6 + 00 Addenda MEP01_Plans-unlocked-page-00017,S267_ADD_22,Point de raccordement plomberie,2454,3609,0.4310,0.8960,2454,3609,en trop IA,IA:S267_ADD_22:89,,,
ia,00 Électricité_Plans_pour AO - 6 + 00 Addenda MEP01_Plans-unlocked-page-00017,S267_ADD_22,Point de raccordement plomberie,2479,3609,0.4354,0.8960,2479,3609,en trop IA,IA:S267_ADD_22:90,,,
ia,00 Électricité_Plans_pour AO - 6 + 00 Addenda MEP01_Plans-unlocked-page-00017,S267_ADD_22,Point de raccordement plomberie,2587,3609,0.4543,0.8960,2587,3609,en trop IA,IA:S267_ADD_22:91,,,
ia,00 Électricité_Plans_pour AO - 6 + 00 Addenda MEP01_Plans-unlocked-page-00017,S267_ADD_22,Point de raccordement plomberie,2613,3609,0.4589,0.8960,2613,3609,en trop IA,IA:S267_ADD_22:92,,,
ia,00 Électricité_Plans_pour AO - 6 + 00 Addenda MEP01_Plans-unlocked-page-00017,S267_ADD_22,Point de raccordement plomberie,2721,3609,0.4779,0.8960,2721,3609,en trop IA,IA:S267_ADD_22:93,,,
ia,00 Électricité_Plans_pour AO - 6 + 00 Addenda MEP01_Plans-unlocked-page-00017,S267_ADD_22,Point de raccordement plomberie,2746,3609,0.4823,0.8960,2746,3609,en trop IA,IA:S267_ADD_22:94,,,
ia,00 Électricité_Plans_pour AO - 6 + 00 Addenda MEP01_Plans-unlocked-page-00017,S267_ADD_22,Point de raccordement porte automatique,168,3234,0.0295,0.8029,168,3234,en trop IA,IA:S267_ADD_22:95,,,
ia,00 Électricité_Plans_pour AO - 6 + 00 Addenda MEP01_Plans-unlocked-page-00017,S267_ADD_22,Point de raccordement porte automatique,465,3234,0.0817,0.8029,465,3234,en trop IA,IA:S267_ADD_22:96,,,
ia,00 Électricité_Plans_pour AO - 6 + 00 Addenda MEP01_Plans-unlocked-page-00017,S267_ADD_22,Point de raccordement porte automatique,4289,2917,0.7532,0.7242,4289,2917,en trop IA,IA:S267_ADD_22:97,,,
ia,00 Électricité_Plans_pour AO - 6 + 00 Addenda MEP01_Plans-unlocked-page-00017,S267_ADD_22,Point de raccordement porte automatique,4289,3685,0.7532,0.9148,4289,3685,en trop IA,IA:S267_ADD_22:98,,,
ia,00 Électricité_Plans_pour AO - 6 + 00 Addenda MEP01_Plans-unlocked-page-00017,S267_ADD_22,Point de raccordement volet coupe-feu,1133,3153,0.1990,0.7828,1133,3153,en trop IA,IA:S267_ADD_22:99,,,
ia,00 Électricité_Plans_pour AO - 6 + 00 Addenda MEP01_Plans-unlocked-page-00017,S267_ADD_22,Point de raccordement volet coupe-feu,1533,3153,0.2692,0.7828,1533,3153,en trop IA,IA:S267_ADD_22:100,,,
ia,00 Électricité_Plans_pour AO - 6 + 00 Addenda MEP01_Plans-unlocked-page-00017,S267_ADD_22,Point de raccordement volet coupe-feu,2621,3153,0.4603,0.7828,2621,3153,en trop IA,IA:S267_ADD_22:101,,,
ia,00 Électricité_Plans_pour AO - 6 + 00 Addenda MEP01_Plans-unlocked-page-00017,S267_ADD_22,Point de raccordement volet coupe-feu,3158,3153,0.5546,0.7828,3158,3153,en trop IA,IA:S267_ADD_22:102,,,
ia,00 Électricité_Plans_pour AO - 6 + 00 Addenda MEP01_Plans-unlocked-page-00017,S267_ADD_22,Point de raccordement volet coupe-feu,4201,3537,0.7378,0.8781,4201,3537,en trop IA,IA:S267_ADD_22:103,,,
ia,00 Électricité_Plans_pour AO - 6 + 00 Addenda MEP01_Plans-unlocked-page-00017,S267_ADD_22,Point de raccordement volet coupe-feu,4201,3611,0.7378,0.8965,4201,3611,en trop IA,IA:S267_ADD_22:104,,,
ia,00 Électricité_Plans_pour AO - 6 + 00 Addenda MEP01_Plans-unlocked-page-00017,S267_ADD_22,Prise DDFT 5-15R (cercle),1824,3288,0.3203,0.8163,1824,3288,en trop IA,IA:S267_ADD_22:105,,,
ia,00 Électricité_Plans_pour AO - 6 + 00 Addenda MEP01_Plans-unlocked-page-00017,S267_ADD_22,Prise DDFT 5-15R (cercle),1881,3288,0.3303,0.8163,1881,3288,en trop IA,IA:S267_ADD_22:106,,,
ia,00 Électricité_Plans_pour AO - 6 + 00 Addenda MEP01_Plans-unlocked-page-00017,S267_ADD_22,Prise DDFT 5-15R (cercle),1937,3288,0.3402,0.8163,1937,3288,en trop IA,IA:S267_ADD_22:107,,,
ia,00 Électricité_Plans_pour AO - 6 + 00 Addenda MEP01_Plans-unlocked-page-00017,S267_ADD_22,Prise DDFT 5-15R (cercle),2476,3288,0.4348,0.8163,2476,3288,en trop IA,IA:S267_ADD_22:108,,,
ia,00 Électricité_Plans_pour AO - 6 + 00 Addenda MEP01_Plans-unlocked-page-00017,S267_ADD_22,Prise DDFT 5-15R (cercle),2533,3288,0.4449,0.8163,2533,3288,en trop IA,IA:S267_ADD_22:109,,,
ia,00 Électricité_Plans_pour AO - 6 + 00 Addenda MEP01_Plans-unlocked-page-00017,S267_ADD_22,Prise DDFT 5-15R (cercle),2591,3288,0.4550,0.8163,2591,3288,en trop IA,IA:S267_ADD_22:110,,,
ia,00 Électricité_Plans_pour AO - 6 + 00 Addenda MEP01_Plans-unlocked-page-00017,S267_ADD_22,Prise DDFT 5-15R (cercle),1163,3391,0.2043,0.8419,1163,3391,en trop IA,IA:S267_ADD_22:111,,,
ia,00 Électricité_Plans_pour AO - 6 + 00 Addenda MEP01_Plans-unlocked-page-00017,S267_ADD_22,Prise DDFT 5-15R (cercle),1163,3447,0.2043,0.8558,1163,3447,en trop IA,IA:S267_ADD_22:112,,,
ia,00 Électricité_Plans_pour AO - 6 + 00 Addenda MEP01_Plans-unlocked-page-00017,S267_ADD_22,Prise DDFT 5-15R (triangle),1227,3483,0.2155,0.8647,1227,3483,en trop IA,IA:S267_ADD_22:113,,,
ia,00 Électricité_Plans_pour AO - 6 + 00 Addenda MEP01_Plans-unlocked-page-00017,S267_ADD_22,Prise DDFT 5-15R (triangle),1227,3645,0.2155,0.9049,1227,3645,en trop IA,IA:S267_ADD_22:114,,,
ia,00 Électricité_Plans_pour AO - 6 + 00 Addenda MEP01_Plans-unlocked-page-00017,S267_ADD_22,Prise double 5-15R,175,2787,0.0307,0.6919,175,2787,appariée,IA:S267_ADD_22:115,H:00 Addenda MEP01_Plans-unlocked-page-00017:167,ADD PRISE,4.0
ia,00 Électricité_Plans_pour AO - 6 + 00 Addenda MEP01_Plans-unlocked-page-00017,S267_ADD_22,Prise double 5-15R,440,2787,0.0773,0.6919,440,2787,appariée,IA:S267_ADD_22:116,H:00 Addenda MEP01_Plans-unlocked-page-00017:166,ADD PRISE,1.4
ia,00 Électricité_Plans_pour AO - 6 + 00 Addenda MEP01_Plans-unlocked-page-00017,S267_ADD_22,Prise double 5-15R,469,2787,0.0824,0.6919,469,2787,appariée,IA:S267_ADD_22:117,H:00 Addenda MEP01_Plans-unlocked-page-00017:165,ADD PRISE,2.8
ia,00 Électricité_Plans_pour AO - 6 + 00 Addenda MEP01_Plans-unlocked-page-00017,S267_ADD_22,Prise double 5-15R,680,2787,0.1194,0.6919,680,2787,appariée,IA:S267_ADD_22:118,H:00 Addenda MEP01_Plans-unlocked-page-00017:163,ADD PRISE,3.6
ia,00 Électricité_Plans_pour AO - 6 + 00 Addenda MEP01_Plans-unlocked-page-00017,S267_ADD_22,Prise double 5-15R,708,2787,0.1243,0.6919,708,2787,appariée,IA:S267_ADD_22:119,H:00 Addenda MEP01_Plans-unlocked-page-00017:164,ADD PRISE,7.8
ia,00 Électricité_Plans_pour AO - 6 + 00 Addenda MEP01_Plans-unlocked-page-00017,S267_ADD_22,Prise double 5-15R,923,2787,0.1621,0.6919,923,2787,appariée,IA:S267_ADD_22:120,H:00 Addenda MEP01_Plans-unlocked-page-00017:158,ADD PRISE,3.8
ia,00 Électricité_Plans_pour AO - 6 + 00 Addenda MEP01_Plans-unlocked-page-00017,S267_ADD_22,Prise double 5-15R,952,2787,0.1672,0.6919,952,2787,appariée,IA:S267_ADD_22:121,H:00 Addenda MEP01_Plans-unlocked-page-00017:157,ADD PRISE,3.4
ia,00 Électricité_Plans_pour AO - 6 + 00 Addenda MEP01_Plans-unlocked-page-00017,S267_ADD_22,Prise double 5-15R,1165,2787,0.2046,0.6919,1165,2787,appariée,IA:S267_ADD_22:122,H:00 Addenda MEP01_Plans-unlocked-page-00017:151,ADD PRISE,3.8
ia,00 Électricité_Plans_pour AO - 6 + 00 Addenda MEP01_Plans-unlocked-page-00017,S267_ADD_22,Prise double 5-15R,1193,2787,0.2095,0.6919,1193,2787,appariée,IA:S267_ADD_22:123,H:00 Addenda MEP01_Plans-unlocked-page-00017:152,ADD PRISE,6.0
ia,00 Électricité_Plans_pour AO - 6 + 00 Addenda MEP01_Plans-unlocked-page-00017,S267_ADD_22,Prise double 5-15R,1403,2787,0.2464,0.6919,1403,2787,appariée,IA:S267_ADD_22:124,H:00 Addenda MEP01_Plans-unlocked-page-00017:150,ADD PRISE,4.9
ia,00 Électricité_Plans_pour AO - 6 + 00 Addenda MEP01_Plans-unlocked-page-00017,S267_ADD_22,Prise double 5-15R,1653,2787,0.2903,0.6919,1653,2787,appariée,IA:S267_ADD_22:125,H:00 Addenda MEP01_Plans-unlocked-page-00017:147,ADD PRISE,4.6
ia,00 Électricité_Plans_pour AO - 6 + 00 Addenda MEP01_Plans-unlocked-page-00017,S267_ADD_22,Prise double 5-15R,1683,2787,0.2956,0.6919,1683,2787,appariée,IA:S267_ADD_22:126,H:00 Addenda MEP01_Plans-unlocked-page-00017:148,ADD PRISE,4.0
ia,00 Électricité_Plans_pour AO - 6 + 00 Addenda MEP01_Plans-unlocked-page-00017,S267_ADD_22,Prise double 5-15R,1896,2787,0.3330,0.6919,1896,2787,appariée,IA:S267_ADD_22:127,H:00 Addenda MEP01_Plans-unlocked-page-00017:142,ADD PRISE,4.8
ia,00 Électricité_Plans_pour AO - 6 + 00 Addenda MEP01_Plans-unlocked-page-00017,S267_ADD_22,Prise double 5-15R,1925,2787,0.3381,0.6919,1925,2787,appariée,IA:S267_ADD_22:128,H:00 Addenda MEP01_Plans-unlocked-page-00017:141,ADD PRISE,3.9
ia,00 Électricité_Plans_pour AO - 6 + 00 Addenda MEP01_Plans-unlocked-page-00017,S267_ADD_22,Prise double 5-15R,2138,2787,0.3755,0.6919,2138,2787,appariée,IA:S267_ADD_22:129,H:00 Addenda MEP01_Plans-unlocked-page-00017:138,ADD PRISE,2.3
ia,00 Électricité_Plans_pour AO - 6 + 00 Addenda MEP01_Plans-unlocked-page-00017,S267_ADD_22,Prise double 5-15R,2280,2787,0.4004,0.6919,2280,2787,appariée,IA:S267_ADD_22:130,H:00 Addenda MEP01_Plans-unlocked-page-00017:137,ADD PRISE,7.6
ia,00 Électricité_Plans_pour AO - 6 + 00 Addenda MEP01_Plans-unlocked-page-00017,S267_ADD_22,Prise double 5-15R,2494,2787,0.4380,0.6919,2494,2787,appariée,IA:S267_ADD_22:131,H:00 Addenda MEP01_Plans-unlocked-page-00017:135,ADD PRISE,2.9
ia,00 Électricité_Plans_pour AO - 6 + 00 Addenda MEP01_Plans-unlocked-page-00017,S267_ADD_22,Prise double 5-15R,2521,2787,0.4427,0.6919,2521,2787,appariée,IA:S267_ADD_22:132,H:00 Addenda MEP01_Plans-unlocked-page-00017:136,ADD PRISE,3.3
ia,00 Électricité_Plans_pour AO - 6 + 00 Addenda MEP01_Plans-unlocked-page-00017,S267_ADD_22,Prise double 5-15R,2736,2787,0.4805,0.6919,2736,2787,appariée,IA:S267_ADD_22:133,H:00 Addenda MEP01_Plans-unlocked-page-00017:130,ADD PRISE,8.0
ia,00 Électricité_Plans_pour AO - 6 + 00 Addenda MEP01_Plans-unlocked-page-00017,S267_ADD_22,Prise double 5-15R,2765,2787,0.4856,0.6919,2765,2787,appariée,IA:S267_ADD_22:134,H:00 Addenda MEP01_Plans-unlocked-page-00017:129,ADD PRISE,5.8
ia,00 Électricité_Plans_pour AO - 6 + 00 Addenda MEP01_Plans-unlocked-page-00017,S267_ADD_22,Prise double 5-15R,2981,2787,0.5235,0.6919,2981,2787,appariée,IA:S267_ADD_22:135,H:00 Addenda MEP01_Plans-unlocked-page-00017:123,ADD PRISE,1.8
ia,00 Électricité_Plans_pour AO - 6 + 00 Addenda MEP01_Plans-unlocked-page-00017,S267_ADD_22,Prise double 5-15R,3010,2787,0.5286,0.6919,3010,2787,appariée,IA:S267_ADD_22:136,H:00 Addenda MEP01_Plans-unlocked-page-00017:124,ADD PRISE,4.4
ia,00 Électricité_Plans_pour AO - 6 + 00 Addenda MEP01_Plans-unlocked-page-00017,S267_ADD_22,Prise double 5-15R,3223,2787,0.5660,0.6919,3223,2787,appariée,IA:S267_ADD_22:137,H:00 Addenda MEP01_Plans-unlocked-page-00017:127,ADD PRISE,1.8
ia,00 Électricité_Plans_pour AO - 6 + 00 Addenda MEP01_Plans-unlocked-page-00017,S267_ADD_22,Prise double 5-15R,3253,2787,0.5713,0.6919,3253,2787,appariée,IA:S267_ADD_22:138,H:00 Addenda MEP01_Plans-unlocked-page-00017:128,ADD PRISE,1.4
ia,00 Électricité_Plans_pour AO - 6 + 00 Addenda MEP01_Plans-unlocked-page-00017,S267_ADD_22,Prise double 5-15R,3467,2787,0.6089,0.6919,3467,2787,appariée,IA:S267_ADD_22:139,H:00 Addenda MEP01_Plans-unlocked-page-00017:111,ADD PRISE,5.8
ia,00 Électricité_Plans_pour AO - 6 + 00 Addenda MEP01_Plans-unlocked-page-00017,S267_ADD_22,Prise double 5-15R,3496,2787,0.6140,0.6919,3496,2787,appariée,IA:S267_ADD_22:140,H:00 Addenda MEP01_Plans-unlocked-page-00017:112,ADD PRISE,3.0
ia,00 Électricité_Plans_pour AO - 6 + 00 Addenda MEP01_Plans-unlocked-page-00017,S267_ADD_22,Prise double 5-15R,3709,2787,0.6514,0.6919,3709,2787,appariée,IA:S267_ADD_22:141,H:00 Addenda MEP01_Plans-unlocked-page-00017:107,ADD PRISE,1.3
ia,00 Électricité_Plans_pour AO - 6 + 00 Addenda MEP01_Plans-unlocked-page-00017,S267_ADD_22,Prise double 5-15R,3738,2787,0.6565,0.6919,3738,2787,appariée,IA:S267_ADD_22:142,H:00 Addenda MEP01_Plans-unlocked-page-00017:108,ADD PRISE,6.4
ia,00 Électricité_Plans_pour AO - 6 + 00 Addenda MEP01_Plans-unlocked-page-00017,S267_ADD_22,Prise double 5-15R,3951,2787,0.6939,0.6919,3951,2787,appariée,IA:S267_ADD_22:143,H:00 Addenda MEP01_Plans-unlocked-page-00017:109,ADD PRISE,1.8
ia,00 Électricité_Plans_pour AO - 6 + 00 Addenda MEP01_Plans-unlocked-page-00017,S267_ADD_22,Prise double 5-15R,3979,2787,0.6988,0.6919,3979,2787,appariée,IA:S267_ADD_22:144,H:00 Addenda MEP01_Plans-unlocked-page-00017:110,ADD PRISE,6.3
ia,00 Électricité_Plans_pour AO - 6 + 00 Addenda MEP01_Plans-unlocked-page-00017,S267_ADD_22,Prise double 5-15R,4194,2787,0.7366,0.6919,4194,2787,appariée,IA:S267_ADD_22:145,H:00 Addenda MEP01_Plans-unlocked-page-00017:102,ADD PRISE,1.2
ia,00 Électricité_Plans_pour AO - 6 + 00 Addenda MEP01_Plans-unlocked-page-00017,S267_ADD_22,Prise double 5-15R,175,3128,0.0307,0.7766,175,3128,appariée,IA:S267_ADD_22:146,H:00 Addenda MEP01_Plans-unlocked-page-00017:168,ADD PRISE,3.1
ia,00 Électricité_Plans_pour AO - 6 + 00 Addenda MEP01_Plans-unlocked-page-00017,S267_ADD_22,Prise double 5-15R,440,3128,0.0773,0.7766,440,3128,appariée,IA:S267_ADD_22:147,H:00 Addenda MEP01_Plans-unlocked-page-00017:169,ADD PRISE,4.7
ia,00 Électricité_Plans_pour AO - 6 + 00 Addenda MEP01_Plans-unlocked-page-00017,S267_ADD_22,Prise double 5-15R,469,3128,0.0824,0.7766,469,3128,appariée,IA:S267_ADD_22:148,H:00 Addenda MEP01_Plans-unlocked-page-00017:170,ADD PRISE,5.4
ia,00 Électricité_Plans_pour AO - 6 + 00 Addenda MEP01_Plans-unlocked-page-00017,S267_ADD_22,Prise double 5-15R,680,3128,0.1194,0.7766,680,3128,appariée,IA:S267_ADD_22:149,H:00 Addenda MEP01_Plans-unlocked-page-00017:162,ADD PRISE,8.0
ia,00 Électricité_Plans_pour AO - 6 + 00 Addenda MEP01_Plans-unlocked-page-00017,S267_ADD_22,Prise double 5-15R,708,3128,0.1243,0.7766,708,3128,appariée,IA:S267_ADD_22:150,H:00 Addenda MEP01_Plans-unlocked-page-00017:161,ADD PRISE,3.3
ia,00 Électricité_Plans_pour AO - 6 + 00 Addenda MEP01_Plans-unlocked-page-00017,S267_ADD_22,Prise double 5-15R,923,3128,0.1621,0.7766,923,3128,appariée,IA:S267_ADD_22:151,H:00 Addenda MEP01_Plans-unlocked-page-00017:159,ADD PRISE,2.1
ia,00 Électricité_Plans_pour AO - 6 + 00 Addenda MEP01_Plans-unlocked-page-00017,S267_ADD_22,Prise double 5-15R,952,3128,0.1672,0.7766,952,3128,appariée,IA:S267_ADD_22:152,H:00 Addenda MEP01_Plans-unlocked-page-00017:160,ADD PRISE,2.9
ia,00 Électricité_Plans_pour AO - 6 + 00 Addenda MEP01_Plans-unlocked-page-00017,S267_ADD_22,Prise double 5-15R,1165,3128,0.2046,0.7766,1165,3128,appariée,IA:S267_ADD_22:153,H:00 Addenda MEP01_Plans-unlocked-page-00017:153,ADD PRISE,5.8
ia,00 Électricité_Plans_pour AO - 6 + 00 Addenda MEP01_Plans-unlocked-page-00017,S267_ADD_22,Prise double 5-15R,1193,3128,0.2095,0.7766,1193,3128,appariée,IA:S267_ADD_22:154,H:00 Addenda MEP01_Plans-unlocked-page-00017:154,ADD PRISE,4.1
ia,00 Électricité_Plans_pour AO - 6 + 00 Addenda MEP01_Plans-unlocked-page-00017,S267_ADD_22,Prise double 5-15R,1403,3128,0.2464,0.7766,1403,3128,appariée,IA:S267_ADD_22:155,H:00 Addenda MEP01_Plans-unlocked-page-00017:155,ADD PRISE,10.1
ia,00 Électricité_Plans_pour AO - 6 + 00 Addenda MEP01_Plans-unlocked-page-00017,S267_ADD_22,Prise double 5-15R,1653,3128,0.2903,0.7766,1653,3128,appariée,IA:S267_ADD_22:156,H:00 Addenda MEP01_Plans-unlocked-page-00017:146,ADD PRISE,3.8
ia,00 Électricité_Plans_pour AO - 6 + 00 Addenda MEP01_Plans-unlocked-page-00017,S267_ADD_22,Prise double 5-15R,1683,3128,0.2956,0.7766,1683,3128,appariée,IA:S267_ADD_22:157,H:00 Addenda MEP01_Plans-unlocked-page-00017:145,ADD PRISE,1.3
ia,00 Électricité_Plans_pour AO - 6 + 00 Addenda MEP01_Plans-unlocked-page-00017,S267_ADD_22,Prise double 5-15R,1896,3128,0.3330,0.7766,1896,3128,appariée,IA:S267_ADD_22:158,H:00 Addenda MEP01_Plans-unlocked-page-00017:143,ADD PRISE,3.7
ia,00 Électricité_Plans_pour AO - 6 + 00 Addenda MEP01_Plans-unlocked-page-00017,S267_ADD_22,Prise double 5-15R,1925,3128,0.3381,0.7766,1925,3128,appariée,IA:S267_ADD_22:159,H:00 Addenda MEP01_Plans-unlocked-page-00017:144,ADD PRISE,2.8
ia,00 Électricité_Plans_pour AO - 6 + 00 Addenda MEP01_Plans-unlocked-page-00017,S267_ADD_22,Prise double 5-15R,2138,3128,0.3755,0.7766,2138,3128,appariée,IA:S267_ADD_22:160,H:00 Addenda MEP01_Plans-unlocked-page-00017:139,ADD PRISE,5.4
ia,00 Électricité_Plans_pour AO - 6 + 00 Addenda MEP01_Plans-unlocked-page-00017,S267_ADD_22,Prise double 5-15R,2280,3128,0.4004,0.7766,2280,3128,appariée,IA:S267_ADD_22:161,H:00 Addenda MEP01_Plans-unlocked-page-00017:140,ADD PRISE,3.8
ia,00 Électricité_Plans_pour AO - 6 + 00 Addenda MEP01_Plans-unlocked-page-00017,S267_ADD_22,Prise double 5-15R,2494,3128,0.4380,0.7766,2494,3128,appariée,IA:S267_ADD_22:162,H:00 Addenda MEP01_Plans-unlocked-page-00017:134,ADD PRISE,5.1
ia,00 Électricité_Plans_pour AO - 6 + 00 Addenda MEP01_Plans-unlocked-page-00017,S267_ADD_22,Prise double 5-15R,2521,3128,0.4427,0.7766,2521,3128,appariée,IA:S267_ADD_22:163,H:00 Addenda MEP01_Plans-unlocked-page-00017:133,ADD PRISE,7.8
ia,00 Électricité_Plans_pour AO - 6 + 00 Addenda MEP01_Plans-unlocked-page-00017,S267_ADD_22,Prise double 5-15R,2736,3128,0.4805,0.7766,2736,3128,appariée,IA:S267_ADD_22:164,H:00 Addenda MEP01_Plans-unlocked-page-00017:131,ADD PRISE,3.2
ia,00 Électricité_Plans_pour AO - 6 + 00 Addenda MEP01_Plans-unlocked-page-00017,S267_ADD_22,Prise double 5-15R,2765,3128,0.4856,0.7766,2765,3128,appariée,IA:S267_ADD_22:165,H:00 Addenda MEP01_Plans-unlocked-page-00017:132,ADD PRISE,8.4
ia,00 Électricité_Plans_pour AO - 6 + 00 Addenda MEP01_Plans-unlocked-page-00017,S267_ADD_22,Prise double 5-15R,2981,3128,0.5235,0.7766,2981,3128,appariée,IA:S267_ADD_22:166,H:00 Addenda MEP01_Plans-unlocked-page-00017:125,ADD PRISE,3.2
ia,00 Électricité_Plans_pour AO - 6 + 00 Addenda MEP01_Plans-unlocked-page-00017,S267_ADD_22,Prise double 5-15R,3010,3128,0.5286,0.7766,3010,3128,appariée,IA:S267_ADD_22:167,H:00 Addenda MEP01_Plans-unlocked-page-00017:126,ADD PRISE,3.4
ia,00 Électricité_Plans_pour AO - 6 + 00 Addenda MEP01_Plans-unlocked-page-00017,S267_ADD_22,Prise double 5-15R,3223,3128,0.5660,0.7766,3223,3128,appariée,IA:S267_ADD_22:168,H:00 Addenda MEP01_Plans-unlocked-page-00017:116,ADD PRISE,3.6
ia,00 Électricité_Plans_pour AO - 6 + 00 Addenda MEP01_Plans-unlocked-page-00017,S267_ADD_22,Prise double 5-15R,3253,3128,0.5713,0.7766,3253,3128,appariée,IA:S267_ADD_22:169,H:00 Addenda MEP01_Plans-unlocked-page-00017:115,ADD PRISE,2.8
ia,00 Électricité_Plans_pour AO - 6 + 00 Addenda MEP01_Plans-unlocked-page-00017,S267_ADD_22,Prise double 5-15R,3467,3128,0.6089,0.7766,3467,3128,appariée,IA:S267_ADD_22:170,H:00 Addenda MEP01_Plans-unlocked-page-00017:113,ADD PRISE,2.6
ia,00 Électricité_Plans_pour AO - 6 + 00 Addenda MEP01_Plans-unlocked-page-00017,S267_ADD_22,Prise double 5-15R,3496,3128,0.6140,0.7766,3496,3128,appariée,IA:S267_ADD_22:171,H:00 Addenda MEP01_Plans-unlocked-page-00017:114,ADD PRISE,9.6
ia,00 Électricité_Plans_pour AO - 6 + 00 Addenda MEP01_Plans-unlocked-page-00017,S267_ADD_22,Prise double 5-15R,3709,3128,0.6514,0.7766,3709,3128,appariée,IA:S267_ADD_22:172,H:00 Addenda MEP01_Plans-unlocked-page-00017:106,ADD PRISE,2.4
ia,00 Électricité_Plans_pour AO - 6 + 00 Addenda MEP01_Plans-unlocked-page-00017,S267_ADD_22,Prise double 5-15R,3738,3128,0.6565,0.7766,3738,3128,appariée,IA:S267_ADD_22:173,H:00 Addenda MEP01_Plans-unlocked-page-00017:105,ADD PRISE,2.6
ia,00 Électricité_Plans_pour AO - 6 + 00 Addenda MEP01_Plans-unlocked-page-00017,S267_ADD_22,Prise double 5-15R,3951,3128,0.6939,0.7766,3951,3128,appariée,IA:S267_ADD_22:174,H:00 Addenda MEP01_Plans-unlocked-page-00017:104,ADD PRISE,2.9
ia,00 Électricité_Plans_pour AO - 6 + 00 Addenda MEP01_Plans-unlocked-page-00017,S267_ADD_22,Prise double 5-15R,3979,3128,0.6988,0.7766,3979,3128,appariée,IA:S267_ADD_22:175,H:00 Addenda MEP01_Plans-unlocked-page-00017:103,ADD PRISE,7.0
ia,00 Électricité_Plans_pour AO - 6 + 00 Addenda MEP01_Plans-unlocked-page-00017,S267_ADD_22,Prise double 5-15R,4194,3128,0.7366,0.7766,4194,3128,appariée,IA:S267_ADD_22:176,H:00 Addenda MEP01_Plans-unlocked-page-00017:101,ADD PRISE,4.1
ia,00 Électricité_Plans_pour AO - 6 + 00 Addenda MEP01_Plans-unlocked-page-00017,S267_ADD_22,Prise double 5-15R,935,3326,0.1642,0.8257,935,3326,appariée,IA:S267_ADD_22:177,H:00 Addenda MEP01_Plans-unlocked-page-00017:177,ADD PRISE,7.4
ia,00 Électricité_Plans_pour AO - 6 + 00 Addenda MEP01_Plans-unlocked-page-00017,S267_ADD_22,Prise double 5-15R,935,3358,0.1642,0.8337,935,3358,appariée,IA:S267_ADD_22:178,H:00 Addenda MEP01_Plans-unlocked-page-00017:178,ADD PRISE,6.5
ia,00 Électricité_Plans_pour AO - 6 + 00 Addenda MEP01_Plans-unlocked-page-00017,S267_ADD_22,Prise double 5-15R,935,3391,0.1642,0.8419,935,3391,appariée,IA:S267_ADD_22:179,H:00 Addenda MEP01_Plans-unlocked-page-00017:179,ADD PRISE,4.3
ia,00 Électricité_Plans_pour AO - 6 + 00 Addenda MEP01_Plans-unlocked-page-00017,S267_ADD_22,Prise double 5-15R,935,3425,0.1642,0.8503,935,3425,appariée,IA:S267_ADD_22:180,H:00 Addenda MEP01_Plans-unlocked-page-00017:180,ADD PRISE,7.0
ia,00 Électricité_Plans_pour AO - 6 + 00 Addenda MEP01_Plans-unlocked-page-00017,S267_ADD_22,Prise double 5-15R,935,3459,0.1642,0.8587,935,3459,appariée,IA:S267_ADD_22:181,H:00 Addenda MEP01_Plans-unlocked-page-00017:181,ADD PRISE,2.1
ia,00 Électricité_Plans_pour AO - 6 + 00 Addenda MEP01_Plans-unlocked-page-00017,S267_ADD_22,Prise double 5-15R,935,3491,0.1642,0.8667,935,3491,appariée,IA:S267_ADD_22:182,H:00 Addenda MEP01_Plans-unlocked-page-00017:182,ADD PRISE,5.7
ia,00 Électricité_Plans_pour AO - 6 + 00 Addenda MEP01_Plans-unlocked-page-00017,S267_ADD_22,Prise double 5-15R,935,3525,0.1642,0.8751,935,3525,appariée,IA:S267_ADD_22:183,H:00 Addenda MEP01_Plans-unlocked-page-00017:183,ADD PRISE,4.5
ia,00 Électricité_Plans_pour AO - 6 + 00 Addenda MEP01_Plans-unlocked-page-00017,S267_ADD_22,Prise double 5-15R,935,3559,0.1642,0.8836,935,3559,appariée,IA:S267_ADD_22:184,H:00 Addenda MEP01_Plans-unlocked-page-00017:184,ADD PRISE,3.4
ia,00 Électricité_Plans_pour AO - 6 + 00 Addenda MEP01_Plans-unlocked-page-00017,S267_ADD_22,Prise double 5-15R,935,3593,0.1642,0.8920,935,3593,appariée,IA:S267_ADD_22:185,H:00 Addenda MEP01_Plans-unlocked-page-00017:185,ADD PRISE,6.0
ia,00 Électricité_Plans_pour AO - 6 + 00 Addenda MEP01_Plans-unlocked-page-00017,S267_ADD_22,Prise double 5-15R,438,3422,0.0769,0.8496,438,3422,appariée,IA:S267_ADD_22:186,H:00 Addenda MEP01_Plans-unlocked-page-00017:171,ADD PRISE,2.7
ia,00 Électricité_Plans_pour AO - 6 + 00 Addenda MEP01_Plans-unlocked-page-00017,S267_ADD_22,Prise double 5-15R,438,3599,0.0769,0.8935,438,3599,appariée,IA:S267_ADD_22:187,H:00 Addenda MEP01_Plans-unlocked-page-00017:187,ADD PRISE,6.9
ia,00 Électricité_Plans_pour AO - 6 + 00 Addenda MEP01_Plans-unlocked-page-00017,S267_ADD_22,Prise double 5-15R,465,3616,0.0817,0.8977,465,3616,appariée,IA:S267_ADD_22:188,H:00 Addenda MEP01_Plans-unlocked-page-00017:188,ADD PRISE,5.2
ia,00 Électricité_Plans_pour AO - 6 + 00 Addenda MEP01_Plans-unlocked-page-00017,S267_ADD_22,Prise double 5-15R,619,3402,0.1087,0.8446,619,3402,appariée,IA:S267_ADD_22:189,H:00 Addenda MEP01_Plans-unlocked-page-00017:174,ADD PRISE,4.6
ia,00 Électricité_Plans_pour AO - 6 + 00 Addenda MEP01_Plans-unlocked-page-00017,S267_ADD_22,Prise double 5-15R,906,3402,0.1591,0.8446,906,3402,appariée,IA:S267_ADD_22:190,H:00 Addenda MEP01_Plans-unlocked-page-00017:176,ADD PRISE,4.1
ia,00 Électricité_Plans_pour AO - 6 + 00 Addenda MEP01_Plans-unlocked-page-00017,S267_ADD_22,Prise double 5-15R,906,3616,0.1591,0.8977,906,3616,appariée,IA:S267_ADD_22:191,H:00 Addenda MEP01_Plans-unlocked-page-00017:186,ADD PRISE,3.3
ia,00 Électricité_Plans_pour AO - 6 + 00 Addenda MEP01_Plans-unlocked-page-00017,S267_ADD_22,Prise double 5-15R,840,3315,0.1475,0.8230,840,3315,appariée,IA:S267_ADD_22:192,H:00 Addenda MEP01_Plans-unlocked-page-00017:175,ADD PRISE,3.7
ia,00 Électricité_Plans_pour AO - 6 + 00 Addenda MEP01_Plans-unlocked-page-00017,S267_ADD_22,Prise double 5-15R,558,3437,0.0980,0.8533,558,3437,appariée,IA:S267_ADD_22:193,H:00 Addenda MEP01_Plans-unlocked-page-00017:172,ADD PRISE,2.4
ia,00 Électricité_Plans_pour AO - 6 + 00 Addenda MEP01_Plans-unlocked-page-00017,S267_ADD_22,Prise double 5-15R,594,3437,0.1043,0.8533,594,3437,appariée,IA:S267_ADD_22:194,H:00 Addenda MEP01_Plans-unlocked-page-00017:173,ADD PRISE,8.2
ia,00 Électricité_Plans_pour AO - 6 + 00 Addenda MEP01_Plans-unlocked-page-00017,S267_ADD_22,Prise double 5-15R,4042,3501,0.7099,0.8692,4042,3501,appariée,IA:S267_ADD_22:195,H:00 Addenda MEP01_Plans-unlocked-page-00017:122,ADD PRISE,7.3
ia,00 Électricité_Plans_pour AO - 6 + 00 Addenda MEP01_Plans-unlocked-page-00017,S267_ADD_22,Prise double 5-15R,4098,3525,0.7197,0.8751,4098,3525,appariée,IA:S267_ADD_22:196,H:00 Addenda MEP01_Plans-unlocked-page-00017:199,ADD PRISE,6.5
ia,00 Électricité_Plans_pour AO - 6 + 00 Addenda MEP01_Plans-unlocked-page-00017,S267_ADD_22,Prise double 5-15R,4030,3657,0.7078,0.9079,4030,3657,appariée,IA:S267_ADD_22:197,H:00 Addenda MEP01_Plans-unlocked-page-00017:198,ADD PRISE,4.7
ia,00 Électricité_Plans_pour AO - 6 + 00 Addenda MEP01_Plans-unlocked-page-00017,S267_ADD_22,Prise double 5-15R,4373,2935,0.7680,0.7286,4373,2935,appariée,IA:S267_ADD_22:198,H:00 Addenda MEP01_Plans-unlocked-page-00017:100,ADD PRISE,2.0
ia,00 Électricité_Plans_pour AO - 6 + 00 Addenda MEP01_Plans-unlocked-page-00017,S267_ADD_22,Prise double 5-15R,4902,2935,0.8609,0.7286,4902,2935,appariée,IA:S267_ADD_22:199,H:00 Addenda MEP01_Plans-unlocked-page-00017:99,ADD PRISE,4.5
ia,00 Électricité_Plans_pour AO - 6 + 00 Addenda MEP01_Plans-unlocked-page-00017,S267_ADD_22,Prise double 5-15R,4902,3064,0.8609,0.7607,4902,3064,appariée,IA:S267_ADD_22:200,H:00 Addenda MEP01_Plans-unlocked-page-00017:98,ADD PRISE,3.6
ia,00 Électricité_Plans_pour AO - 6 + 00 Addenda MEP01_Plans-unlocked-page-00017,S267_ADD_22,Prise double 5-15R,4373,3168,0.7680,0.7865,4373,3168,appariée,IA:S267_ADD_22:201,H:00 Addenda MEP01_Plans-unlocked-page-00017:90,ADD PRISE,6.2
ia,00 Électricité_Plans_pour AO - 6 + 00 Addenda MEP01_Plans-unlocked-page-00017,S267_ADD_22,Prise double 5-15R,4373,3282,0.7680,0.8148,4373,3282,appariée,IA:S267_ADD_22:202,H:00 Addenda MEP01_Plans-unlocked-page-00017:91,ADD PRISE,6.5
ia,00 Électricité_Plans_pour AO - 6 + 00 Addenda MEP01_Plans-unlocked-page-00017,S267_ADD_22,Prise double 5-15R,4902,3282,0.8609,0.8148,4902,3282,appariée,IA:S267_ADD_22:203,H:00 Addenda MEP01_Plans-unlocked-page-00017:97,ADD PRISE,2.7
ia,00 Électricité_Plans_pour AO - 6 + 00 Addenda MEP01_Plans-unlocked-page-00017,S267_ADD_22,Prise double 5-15R,4902,3417,0.8609,0.8483,4902,3417,appariée,IA:S267_ADD_22:204,H:00 Addenda MEP01_Plans-unlocked-page-00017:96,ADD PRISE,5.0
ia,00 Électricité_Plans_pour AO - 6 + 00 Addenda MEP01_Plans-unlocked-page-00017,S267_ADD_22,Prise double 5-15R,4373,3516,0.7680,0.8729,4373,3516,appariée,IA:S267_ADD_22:205,H:00 Addenda MEP01_Plans-unlocked-page-00017:92,ADD PRISE,1.6
ia,00 Électricité_Plans_pour AO - 6 + 00 Addenda MEP01_Plans-unlocked-page-00017,S267_ADD_22,Prise double 5-15R,4632,3685,0.8135,0.9148,4632,3685,appariée,IA:S267_ADD_22:206,H:00 Addenda MEP01_Plans-unlocked-page-00017:94,ADD PRISE,5.7
ia,00 Électricité_Plans_pour AO - 6 + 00 Addenda MEP01_Plans-unlocked-page-00017,S267_ADD_22,Prise double 5-15R,4650,3685,0.8166,0.9148,4650,3685,appariée,IA:S267_ADD_22:207,H:00 Addenda MEP01_Plans-unlocked-page-00017:95,ADD PRISE,11.6
ia,00 Électricité_Plans_pour AO - 6 + 00 Addenda MEP01_Plans-unlocked-page-00017,S267_ADD_22,Prise double 5-15R,4559,3623,0.8007,0.8995,4559,3623,appariée,IA:S267_ADD_22:208,H:00 Addenda MEP01_Plans-unlocked-page-00017:93,ADD PRISE,6.1
ia,00 Électricité_Plans_pour AO - 6 + 00 Addenda MEP01_Plans-unlocked-page-00017,S267_ADD_22,Prise double 5-15R,3293,3315,0.5783,0.8230,3293,3315,appariée,IA:S267_ADD_22:209,H:00 Addenda MEP01_Plans-unlocked-page-00017:189,ADD PRISE,5.5
ia,00 Électricité_Plans_pour AO - 6 + 00 Addenda MEP01_Plans-unlocked-page-00017,S267_ADD_22,Prise double 5-15R,3542,3315,0.6221,0.8230,3542,3315,appariée,IA:S267_ADD_22:210,H:00 Addenda MEP01_Plans-unlocked-page-00017:117,ADD PRISE,2.1
ia,00 Électricité_Plans_pour AO - 6 + 00 Addenda MEP01_Plans-unlocked-page-00017,S267_ADD_22,Prise double 5-15R,3628,3315,0.6372,0.8230,3628,3315,appariée,IA:S267_ADD_22:211,H:00 Addenda MEP01_Plans-unlocked-page-00017:118,ADD PRISE,6.4
ia,00 Électricité_Plans_pour AO - 6 + 00 Addenda MEP01_Plans-unlocked-page-00017,S267_ADD_22,Prise double 5-15R,3716,3315,0.6526,0.8230,3716,3315,appariée,IA:S267_ADD_22:212,H:00 Addenda MEP01_Plans-unlocked-page-00017:119,ADD PRISE,5.7
ia,00 Électricité_Plans_pour AO - 6 + 00 Addenda MEP01_Plans-unlocked-page-00017,S267_ADD_22,Prise double 5-15R,3802,3315,0.6677,0.8230,3802,3315,appariée,IA:S267_ADD_22:213,H:00 Addenda MEP01_Plans-unlocked-page-00017:120,ADD PRISE,11.4
ia,00 Électricité_Plans_pour AO - 6 + 00 Addenda MEP01_Plans-unlocked-page-00017,S267_ADD_22,Prise double 5-15R,3888,3315,0.6828,0.8230,3888,3315,appariée,IA:S267_ADD_22:214,H:00 Addenda MEP01_Plans-unlocked-page-00017:121,ADD PRISE,16.1
ia,00 Électricité_Plans_pour AO - 6 + 00 Addenda MEP01_Plans-unlocked-page-00017,S267_ADD_22,Prise double 5-15R,3297,3658,0.5790,0.9081,3297,3658,appariée,IA:S267_ADD_22:215,H:00 Addenda MEP01_Plans-unlocked-page-00017:190,ADD PRISE,20.2
ia,00 Électricité_Plans_pour AO - 6 + 00 Addenda MEP01_Plans-unlocked-page-00017,S267_ADD_22,Prise double 5-15R,3462,3658,0.6080,0.9081,3462,3658,appariée,IA:S267_ADD_22:216,H:00 Addenda MEP01_Plans-unlocked-page-00017:191,ADD PRISE,3.1
ia,00 Électricité_Plans_pour AO - 6 + 00 Addenda MEP01_Plans-unlocked-page-00017,S267_ADD_22,Prise double 5-15R,3549,3658,0.6233,0.9081,3549,3658,appariée,IA:S267_ADD_22:217,H:00 Addenda MEP01_Plans-unlocked-page-00017:192,ADD PRISE,0.9
ia,00 Électricité_Plans_pour AO - 6 + 00 Addenda MEP01_Plans-unlocked-page-00017,S267_ADD_22,Prise double 5-15R,3636,3658,0.6386,0.9081,3636,3658,appariée,IA:S267_ADD_22:218,H:00 Addenda MEP01_Plans-unlocked-page-00017:193,ADD PRISE,3.8
ia,00 Électricité_Plans_pour AO - 6 + 00 Addenda MEP01_Plans-unlocked-page-00017,S267_ADD_22,Prise double 5-15R,3723,3658,0.6538,0.9081,3723,3658,appariée,IA:S267_ADD_22:219,H:00 Addenda MEP01_Plans-unlocked-page-00017:194,ADD PRISE,0.9
ia,00 Électricité_Plans_pour AO - 6 + 00 Addenda MEP01_Plans-unlocked-page-00017,S267_ADD_22,Prise double 5-15R,3810,3658,0.6691,0.9081,3810,3658,appariée,IA:S267_ADD_22:220,H:00 Addenda MEP01_Plans-unlocked-page-00017:195,ADD PRISE,3.4
ia,00 Électricité_Plans_pour AO - 6 + 00 Addenda MEP01_Plans-unlocked-page-00017,S267_ADD_22,Prise double 5-15R,3897,3658,0.6844,0.9081,3897,3658,appariée,IA:S267_ADD_22:221,H:00 Addenda MEP01_Plans-unlocked-page-00017:196,ADD PRISE,3.5
ia,00 Électricité_Plans_pour AO - 6 + 00 Addenda MEP01_Plans-unlocked-page-00017,S267_ADD_22,Prise double 5-15R,3983,3658,0.6995,0.9081,3983,3658,appariée,IA:S267_ADD_22:222,H:00 Addenda MEP01_Plans-unlocked-page-00017:197,ADD PRISE,5.4
ia,00 Électricité_Plans_pour AO - 6 + 00 Addenda MEP01_Plans-unlocked-page-00017,S267_ADD_22,Prise double 5-15R (triangle),4164,3501,0.7313,0.8692,4164,3501,en trop IA,IA:S267_ADD_22:223,,,
ia,00 Électricité_Plans_pour AO - 6 + 00 Addenda MEP01_Plans-unlocked-page-00017,S267_ADD_22,Prise double 5-15R (triangle),4578,3623,0.8040,0.8995,4578,3623,en trop IA,IA:S267_ADD_22:224,,,
ia,00 Électricité_Plans_pour AO - 6 + 00 Addenda MEP01_Plans-unlocked-page-00017,S267_ADD_22,Prise double 5-15R WP,3321,3721,0.5832,0.9238,3321,3721,en trop IA,IA:S267_ADD_22:225,,,
ia,00 Électricité_Plans_pour AO - 6 + 00 Addenda MEP01_Plans-unlocked-page-00017,S267_ADD_22,Prise double 5-20R,575,3153,0.1010,0.7828,575,3153,en trop IA,IA:S267_ADD_22:226,,,
ia,00 Électricité_Plans_pour AO - 6 + 00 Addenda MEP01_Plans-unlocked-page-00017,S267_ADD_22,Prise double 5-20R,1273,3153,0.2236,0.7828,1273,3153,en trop IA,IA:S267_ADD_22:227,,,
ia,00 Électricité_Plans_pour AO - 6 + 00 Addenda MEP01_Plans-unlocked-page-00017,S267_ADD_22,Prise double 5-20R,2074,3153,0.3642,0.7828,2074,3153,en trop IA,IA:S267_ADD_22:228,,,
ia,00 Électricité_Plans_pour AO - 6 + 00 Addenda MEP01_Plans-unlocked-page-00017,S267_ADD_22,Prise double 5-20R,2165,3586,0.3802,0.8903,2165,3586,en trop IA,IA:S267_ADD_22:229,,,
ia,00 Électricité_Plans_pour AO - 6 + 00 Addenda MEP01_Plans-unlocked-page-00017,S267_ADD_22,Prise double 5-20R,1447,3625,0.2541,0.9000,1447,3625,en trop IA,IA:S267_ADD_22:230,,,
ia,00 Électricité_Plans_pour AO - 6 + 00 Addenda MEP01_Plans-unlocked-page-00017,S267_ADD_22,Prise double 5-20R,2719,3153,0.4775,0.7828,2719,3153,en trop IA,IA:S267_ADD_22:231,,,
ia,00 Électricité_Plans_pour AO - 6 + 00 Addenda MEP01_Plans-unlocked-page-00017,S267_ADD_22,Prise double 5-20R,3397,3153,0.5966,0.7828,3397,3153,en trop IA,IA:S267_ADD_22:232,,,
ia,00 Électricité_Plans_pour AO - 6 + 00 Addenda MEP01_Plans-unlocked-page-00017,S267_ADD_22,Prise double 5-20R,4099,3153,0.7199,0.7828,4099,3153,en trop IA,IA:S267_ADD_22:233,,,
ia,00 Électricité_Plans_pour AO - 6 + 00 Addenda MEP01_Plans-unlocked-page-00017,S267_ADD_22,Prise double 5-20R,4223,3008,0.7417,0.7468,4223,3008,en trop IA,IA:S267_ADD_22:234,,,
ia,00 Électricité_Plans_pour AO - 6 + 00 Addenda MEP01_Plans-unlocked-page-00017,S267_ADD_22,Prise double 5-20R,4223,3496,0.7417,0.8679,4223,3496,en trop IA,IA:S267_ADD_22:235,,,
ia,00 Électricité_Plans_pour AO - 6 + 00 Addenda MEP01_Plans-unlocked-page-00017,S267_ADD_22,Prise double 5-20R,1256,3312,0.2206,0.8222,1256,3312,en trop IA,IA:S267_ADD_22:236,,,
ia,00 Électricité_Plans_pour AO - 6 + 00 Addenda MEP01_Plans-unlocked-page-00017,S267_ADD_22,Prise double 5-20R,1389,3312,0.2439,0.8222,1389,3312,en trop IA,IA:S267_ADD_22:237,,,
ia,00 Électricité_Plans_pour AO - 6 + 00 Addenda MEP01_Plans-unlocked-page-00017,S267_ADD_22,Prise double 5-20R,3207,3315,0.5632,0.8230,3207,3315,en trop IA,IA:S267_ADD_22:238,,,
ia,00 Électricité_Plans_pour AO - 6 + 00 Addenda MEP01_Plans-unlocked-page-00017,S267_ADD_22,Prise double 5-20R,3008,3429,0.5283,0.8513,3008,3429,en trop IA,IA:S267_ADD_22:239,,,
ia,00 Électricité_Plans_pour AO - 6 + 00 Addenda MEP01_Plans-unlocked-page-00017,S267_ADD_22,Prise double 5-20R,3008,3609,0.5283,0.8960,3008,3609,en trop IA,IA:S267_ADD_22:240,,,
ia,00 Électricité_Plans_pour AO - 6 + 00 Addenda MEP01_Plans-unlocked-page-00017,S267_ADD_22,Prise double 5-20R,3096,3373,0.5437,0.8374,3096,3373,en trop IA,IA:S267_ADD_22:241,,,
ia,00 Électricité_Plans_pour AO - 6 + 00 Addenda MEP01_Plans-unlocked-page-00017,S267_ADD_22,Prise double 5-20R,3096,3407,0.5437,0.8458,3096,3407,en trop IA,IA:S267_ADD_22:242,,,
ia,00 Électricité_Plans_pour AO - 6 + 00 Addenda MEP01_Plans-unlocked-page-00017,S267_ADD_22,Prise double 5-20R,1168,3552,0.2051,0.8818,1168,3552,en trop IA,IA:S267_ADD_22:243,,,
ia,00 Électricité_Plans_pour AO - 6 + 00 Addenda MEP01_Plans-unlocked-page-00017,S267_ADD_22,Prise double 5-20R,1168,3589,0.2051,0.8910,1168,3589,en trop IA,IA:S267_ADD_22:244,,,
ia,00 Électricité_Plans_pour AO - 6 + 00 Addenda MEP01_Plans-unlocked-page-00017,S267_ADD_22,Prise double 5-20R,1168,3626,0.2051,0.9002,1168,3626,en trop IA,IA:S267_ADD_22:245,,,
ia,00 Électricité_Plans_pour AO - 6 + 00 Addenda MEP01_Plans-unlocked-page-00017,S267_ADD_22,Prise double 5-20R,948,3685,0.1665,0.9148,948,3685,en trop IA,IA:S267_ADD_22:246,,,
ia,00 Électricité_Plans_pour AO - 6 + 00 Addenda MEP01_Plans-unlocked-page-00017,S267_ADD_22,Prise double 5-20R,986,3685,0.1732,0.9148,986,3685,en trop IA,IA:S267_ADD_22:247,,,
ia,00 Électricité_Plans_pour AO - 6 + 00 Addenda MEP01_Plans-unlocked-page-00017,S267_ADD_22,Prise double 5-20R,1023,3685,0.1797,0.9148,1023,3685,en trop IA,IA:S267_ADD_22:248,,,
ia,00 Électricité_Plans_pour AO - 6 + 00 Addenda MEP01_Plans-unlocked-page-00017,S267_ADD_22,Prise double 5-20R,1062,3685,0.1865,0.9148,1062,3685,en trop IA,IA:S267_ADD_22:249,,,
ia,00 Électricité_Plans_pour AO - 6 + 00 Addenda MEP01_Plans-unlocked-page-00017,S267_ADD_22,Prise double 5-20R,1099,3685,0.1930,0.9148,1099,3685,en trop IA,IA:S267_ADD_22:250,,,
ia,00 Électricité_Plans_pour AO - 6 + 00 Addenda MEP01_Plans-unlocked-page-00017,S267_ADD_22,Raccordement chauffe-eau WH,438,1906,0.0769,0.4732,438,1906,en trop IA,IA:S267_ADD_22:251,,,
ia,00 Électricité_Plans_pour AO - 6 + 00 Addenda MEP01_Plans-unlocked-page-00017,S267_ADD_22,Raccordement chauffe-eau WH,578,1906,0.1015,0.4732,578,1906,en trop IA,IA:S267_ADD_22:252,,,
ia,00 Électricité_Plans_pour AO - 6 + 00 Addenda MEP01_Plans-unlocked-page-00017,S267_ADD_22,Raccordement chauffe-eau WH,722,1906,0.1268,0.4732,722,1906,en trop IA,IA:S267_ADD_22:253,,,
ia,00 Électricité_Plans_pour AO - 6 + 00 Addenda MEP01_Plans-unlocked-page-00017,S267_ADD_22,Raccordement condenseur CS,683,3733,0.1200,0.9268,683,3733,appariée,IA:S267_ADD_22:254,H:00 Addenda MEP01_Plans-unlocked-page-00017:82,ADDCS1,6.7
ia,00 Électricité_Plans_pour AO - 6 + 00 Addenda MEP01_Plans-unlocked-page-00017,S267_ADD_22,Raccordement condenseur CS,3265,3733,0.5734,0.9268,3265,3733,appariée,IA:S267_ADD_22:255,H:00 Addenda MEP01_Plans-unlocked-page-00017:81,ADDCS1,8.3
ia,00 Électricité_Plans_pour AO - 6 + 00 Addenda MEP01_Plans-unlocked-page-00017,S267_ADD_22,Raccordement condenseur CS,4025,3733,0.7069,0.9268,4025,3733,appariée,IA:S267_ADD_22:256,H:00 Addenda MEP01_Plans-unlocked-page-00017:80,ADDCS1,7.4
ia,00 Électricité_Plans_pour AO - 6 + 00 Addenda MEP01_Plans-unlocked-page-00017,S267_ADD_22,Raccordement humidificateur HU,1281,3358,0.2250,0.8337,1281,3358,appariée,IA:S267_ADD_22:257,H:00 Addenda MEP01_Plans-unlocked-page-00017:68,ADD HU1,7.4
ia,00 Électricité_Plans_pour AO - 6 + 00 Addenda MEP01_Plans-unlocked-page-00017,S267_ADD_22,Raccordement humidificateur HU,4042,3327,0.7099,0.8260,4042,3327,appariée,IA:S267_ADD_22:258,H:00 Addenda MEP01_Plans-unlocked-page-00017:67,ADD HU1,6.9
ia,00 Électricité_Plans_pour AO - 6 + 00 Addenda MEP01_Plans-unlocked-page-00017,S267_ADD_22,Raccordement humidificateur HU,391,1996,0.0687,0.4955,391,1996,appariée,IA:S267_ADD_22:259,H:00 Addenda MEP01_Plans-unlocked-page-00017:69,ADD HU1,5.5
ia,00 Électricité_Plans_pour AO - 6 + 00 Addenda MEP01_Plans-unlocked-page-00017,S267_ADD_22,Raccordement pompe PU1,675,1930,0.1185,0.4791,675,1930,appariée,IA:S267_ADD_22:260,H:00 Addenda MEP01_Plans-unlocked-page-00017:86,ADD PU1-REC,3.3
ia,00 Électricité_Plans_pour AO - 6 + 00 Addenda MEP01_Plans-unlocked-page-00017,S267_ADD_22,Raccordement ventilateur HVLS CF,688,2956,0.1208,0.7339,688,2956,en trop IA,IA:S267_ADD_22:261,,,
ia,00 Électricité_Plans_pour AO - 6 + 00 Addenda MEP01_Plans-unlocked-page-00017,S267_ADD_22,Raccordement ventilateur HVLS CF,1663,2956,0.2921,0.7339,1663,2956,en trop IA,IA:S267_ADD_22:262,,,
ia,00 Électricité_Plans_pour AO - 6 + 00 Addenda MEP01_Plans-unlocked-page-00017,S267_ADD_22,Raccordement ventilateur HVLS CF,2744,2956,0.4819,0.7339,2744,2956,en trop IA,IA:S267_ADD_22:263,,,
ia,00 Électricité_Plans_pour AO - 6 + 00 Addenda MEP01_Plans-unlocked-page-00017,S267_ADD_22,Raccordement ventilateur HVLS CF,3723,2956,0.6538,0.7339,3723,2956,en trop IA,IA:S267_ADD_22:264,,,
ia,00 Électricité_Plans_pour AO - 6 + 00 Addenda MEP01_Plans-unlocked-page-00017,S267_ADD_22,Raccordement ventilateur TF,793,1930,0.1393,0.4791,793,1930,appariée,IA:S267_ADD_22:265,H:00 Addenda MEP01_Plans-unlocked-page-00017:88,ADD TF2,0.7
ia,00 Électricité_Plans_pour AO - 6 + 00 Addenda MEP01_Plans-unlocked-page-00017,S267_ADD_22,Raccordement ventilateur TF,622,2192,0.1092,0.5442,622,2192,appariée,IA:S267_ADD_22:266,H:00 Addenda MEP01_Plans-unlocked-page-00017:87,ADD TF2,1.4
ia,00 Électricité_Plans_pour AO - 6 + 00 Addenda MEP01_Plans-unlocked-page-00017,S267_ADD_22,Raccordement évaporateur EV,695,3528,0.1221,0.8759,695,3528,appariée,IA:S267_ADD_22:267,H:00 Addenda MEP01_Plans-unlocked-page-00017:71,ADD EV1,4.1
ia,00 Électricité_Plans_pour AO - 6 + 00 Addenda MEP01_Plans-unlocked-page-00017,S267_ADD_22,Raccordement évaporateur EV,4069,3402,0.7146,0.8446,4069,3402,appariée,IA:S267_ADD_22:268,H:00 Addenda MEP01_Plans-unlocked-page-00017:70,ADD EV1,4.4
ia,00 Électricité_Plans_pour AO - 6 + 00 Addenda MEP01_Plans-unlocked-page-00017,S267_ADD_22,Sectionneur ≤240V,487,1859,0.0855,0.4615,487,1859,appariée,IA:S267_ADD_22:269,H:00 Addenda MEP01_Plans-unlocked-page-00017:76,ADD  30A 20A,15.0
ia,00 Électricité_Plans_pour AO - 6 + 00 Addenda MEP01_Plans-unlocked-page-00017,S267_ADD_22,Sectionneur ≤240V,524,1859,0.0920,0.4615,524,1859,appariée,IA:S267_ADD_22:270,H:00 Addenda MEP01_Plans-unlocked-page-00017:77,ADD  30A 20A,15.5
ia,00 Électricité_Plans_pour AO - 6 + 00 Addenda MEP01_Plans-unlocked-page-00017,S267_ADD_22,Sectionneur ≤240V,634,1859,0.1113,0.4615,634,1859,appariée,IA:S267_ADD_22:271,H:00 Addenda MEP01_Plans-unlocked-page-00017:78,ADD  30A 20A,11.0
ia,00 Électricité_Plans_pour AO - 6 + 00 Addenda MEP01_Plans-unlocked-page-00017,S267_ADD_22,Sectionneur ≤240V,668,1859,0.1173,0.4615,668,1859,appariée,IA:S267_ADD_22:272,H:00 Addenda MEP01_Plans-unlocked-page-00017:79,ADD  30A 20A,9.6
ia,00 Électricité_Plans_pour AO - 6 + 00 Addenda MEP01_Plans-unlocked-page-00017,S267_ADD_22,Sectionneur ≤240V,374,2040,0.0657,0.5065,374,2040,appariée,IA:S267_ADD_22:273,H:00 Addenda MEP01_Plans-unlocked-page-00017:74,ADD  30A 20A,11.6
ia,00 Électricité_Plans_pour AO - 6 + 00 Addenda MEP01_Plans-unlocked-page-00017,S267_ADD_22,Sectionneur ≤240V,374,2072,0.0657,0.5144,374,2072,appariée,IA:S267_ADD_22:274,H:00 Addenda MEP01_Plans-unlocked-page-00017:75,ADD  30A 20A,14.2
ia,00 Électricité_Plans_pour AO - 6 + 00 Addenda MEP01_Plans-unlocked-page-00017,S267_ADD_22,Sectionneur ≤240V,1298,3390,0.2280,0.8416,1298,3390,appariée,IA:S267_ADD_22:275,H:00 Addenda MEP01_Plans-unlocked-page-00017:73,ADD  30A 20A,13.1
ia,00 Électricité_Plans_pour AO - 6 + 00 Addenda MEP01_Plans-unlocked-page-00017,S267_ADD_22,Sectionneur ≤240V,4077,3312,0.7160,0.8222,4077,3312,appariée,IA:S267_ADD_22:276,H:00 Addenda MEP01_Plans-unlocked-page-00017:72,ADD  30A 20A,8.9
ia,00 Électricité_Plans_pour AO - 6 + 00 Addenda MEP01_Plans-unlocked-page-00017,S267_ADD_22,Sectionneur ≤240V WP,717,3718,0.1259,0.9230,717,3718,appariée,IA:S267_ADD_22:277,H:00 Addenda MEP01_Plans-unlocked-page-00017:85,ADD 30A NF WP,10.1
ia,00 Électricité_Plans_pour AO - 6 + 00 Addenda MEP01_Plans-unlocked-page-00017,S267_ADD_22,Sectionneur ≤240V WP,3214,3718,0.5645,0.9230,3214,3718,appariée,IA:S267_ADD_22:278,H:00 Addenda MEP01_Plans-unlocked-page-00017:84,ADD 30A NF WP,7.2
ia,00 Électricité_Plans_pour AO - 6 + 00 Addenda MEP01_Plans-unlocked-page-00017,S267_ADD_22,Sectionneur ≤240V WP,3988,3718,0.7004,0.9230,3988,3718,appariée,IA:S267_ADD_22:279,H:00 Addenda MEP01_Plans-unlocked-page-00017:83,ADD 30A NF WP,11.1
ia,00 Électricité_Plans_pour AO - 6 + 00 Addenda MEP01_Plans-unlocked-page-00017,S267_ADD_22,Serpentin EHC1 19 kW,1580,3567,0.2775,0.8856,1580,3567,appariée,IA:S267_ADD_22:280,H:00 Addenda MEP01_Plans-unlocked-page-00017:65,ADD SERPENTIN,10.5
ia,00 Électricité_Plans_pour AO - 6 + 00 Addenda MEP01_Plans-unlocked-page-00017,S267_ADD_22,Serpentin EHC1 19 kW,2776,3608,0.4875,0.8957,2776,3608,appariée,IA:S267_ADD_22:281,H:00 Addenda MEP01_Plans-unlocked-page-00017:66,ADD SERPENTIN,2.0
ia,00 Électricité_Plans_pour AO - 6 + 00 Addenda MEP01_Plans-unlocked-page-00017,S267_ADD_22,Serpentin EHC1 19 kW,4525,3547,0.7947,0.8806,4525,3547,appariée,IA:S267_ADD_22:282,H:00 Addenda MEP01_Plans-unlocked-page-00017:60,ADD SERPENTIN,7.2
ia,00 Électricité_Plans_pour AO - 6 + 00 Addenda MEP01_Plans-unlocked-page-00017,S267_ADD_22,Serpentin EHC1-006 500W,3366,3378,0.5911,0.8386,3366,3378,appariée,IA:S267_ADD_22:283,H:00 Addenda MEP01_Plans-unlocked-page-00017:62,ADD SERPENTIN,8.0
ia,00 Électricité_Plans_pour AO - 6 + 00 Addenda MEP01_Plans-unlocked-page-00017,S267_ADD_22,Serpentin EHC1-006 500W,3366,3576,0.5911,0.8878,3366,3576,appariée,IA:S267_ADD_22:284,H:00 Addenda MEP01_Plans-unlocked-page-00017:58,ADD SERPENTIN,11.2
ia,00 Électricité_Plans_pour AO - 6 + 00 Addenda MEP01_Plans-unlocked-page-00017,S267_ADD_22,Serpentin EHC1-006 500W,4074,3587,0.7155,0.8905,4074,3587,appariée,IA:S267_ADD_22:285,H:00 Addenda MEP01_Plans-unlocked-page-00017:59,ADD SERPENTIN,9.9
ia,00 Électricité_Plans_pour AO - 6 + 00 Addenda MEP01_Plans-unlocked-page-00017,S267_ADD_22,Serpentin EHC2 15 kW,1266,3224,0.2223,0.8004,1266,3224,appariée,IA:S267_ADD_22:286,H:00 Addenda MEP01_Plans-unlocked-page-00017:64,ADD SERPENTIN,6.1
ia,00 Électricité_Plans_pour AO - 6 + 00 Addenda MEP01_Plans-unlocked-page-00017,S267_ADD_22,Serpentin EHC2 15 kW,2996,3224,0.5262,0.8004,2996,3224,appariée,IA:S267_ADD_22:287,H:00 Addenda MEP01_Plans-unlocked-page-00017:63,ADD SERPENTIN,8.5
ia,00 Électricité_Plans_pour AO - 6 + 00 Addenda MEP01_Plans-unlocked-page-00017,S267_ADD_22,Serpentin EHC2 15 kW,4735,3224,0.8316,0.8004,4735,3224,appariée,IA:S267_ADD_22:288,H:00 Addenda MEP01_Plans-unlocked-page-00017:61,ADD SERPENTIN,5.6
ia,00 Électricité_Plans_pour AO - 6 + 00 Addenda MEP01_Plans-unlocked-page-00017,S267_ADD_22,Serpentin EHC3 3 kW douche,2043,3614,0.3588,0.8972,2043,3614,appariée,IA:S267_ADD_22:289,H:00 Addenda MEP01_Plans-unlocked-page-00017:57,ADD SERPENTIN,2.3
ia,00 Électricité_Plans_pour AO - 6 + 00 Addenda MEP01_Plans-unlocked-page-00017,S267_ADD_22,Sortie télécom,3277,3315,0.5755,0.8230,3277,3315,en trop IA,IA:S267_ADD_22:290,,,
ia,00 Électricité_Plans_pour AO - 6 + 00 Addenda MEP01_Plans-unlocked-page-00017,S267_ADD_22,Sortie télécom,3525,3315,0.6191,0.8230,3525,3315,en trop IA,IA:S267_ADD_22:291,,,
ia,00 Électricité_Plans_pour AO - 6 + 00 Addenda MEP01_Plans-unlocked-page-00017,S267_ADD_22,Sortie télécom,3611,3315,0.6342,0.8230,3611,3315,en trop IA,IA:S267_ADD_22:292,,,
ia,00 Électricité_Plans_pour AO - 6 + 00 Addenda MEP01_Plans-unlocked-page-00017,S267_ADD_22,Sortie télécom,3699,3315,0.6496,0.8230,3699,3315,en trop IA,IA:S267_ADD_22:293,,,
ia,00 Électricité_Plans_pour AO - 6 + 00 Addenda MEP01_Plans-unlocked-page-00017,S267_ADD_22,Sortie télécom,3785,3315,0.6647,0.8230,3785,3315,en trop IA,IA:S267_ADD_22:294,,,
ia,00 Électricité_Plans_pour AO - 6 + 00 Addenda MEP01_Plans-unlocked-page-00017,S267_ADD_22,Sortie télécom,3871,3315,0.6798,0.8230,3871,3315,en trop IA,IA:S267_ADD_22:295,,,
ia,00 Électricité_Plans_pour AO - 6 + 00 Addenda MEP01_Plans-unlocked-page-00017,S267_ADD_22,Sortie télécom,3280,3658,0.5760,0.9081,3280,3658,en trop IA,IA:S267_ADD_22:296,,,
ia,00 Électricité_Plans_pour AO - 6 + 00 Addenda MEP01_Plans-unlocked-page-00017,S267_ADD_22,Sortie télécom,3446,3658,0.6052,0.9081,3446,3658,en trop IA,IA:S267_ADD_22:297,,,
ia,00 Électricité_Plans_pour AO - 6 + 00 Addenda MEP01_Plans-unlocked-page-00017,S267_ADD_22,Sortie télécom,3532,3658,0.6203,0.9081,3532,3658,en trop IA,IA:S267_ADD_22:298,,,
ia,00 Électricité_Plans_pour AO - 6 + 00 Addenda MEP01_Plans-unlocked-page-00017,S267_ADD_22,Sortie télécom,3620,3658,0.6358,0.9081,3620,3658,en trop IA,IA:S267_ADD_22:299,,,
ia,00 Électricité_Plans_pour AO - 6 + 00 Addenda MEP01_Plans-unlocked-page-00017,S267_ADD_22,Sortie télécom,3706,3658,0.6509,0.9081,3706,3658,en trop IA,IA:S267_ADD_22:300,,,
ia,00 Électricité_Plans_pour AO - 6 + 00 Addenda MEP01_Plans-unlocked-page-00017,S267_ADD_22,Sortie télécom,3794,3658,0.6663,0.9081,3794,3658,en trop IA,IA:S267_ADD_22:301,,,
ia,00 Électricité_Plans_pour AO - 6 + 00 Addenda MEP01_Plans-unlocked-page-00017,S267_ADD_22,Sortie télécom,3880,3658,0.6814,0.9081,3880,3658,en trop IA,IA:S267_ADD_22:302,,,
ia,00 Électricité_Plans_pour AO - 6 + 00 Addenda MEP01_Plans-unlocked-page-00017,S267_ADD_22,Sortie télécom,3966,3658,0.6965,0.9081,3966,3658,en trop IA,IA:S267_ADD_22:303,,,
ia,00 Électricité_Plans_pour AO - 6 + 00 Addenda MEP01_Plans-unlocked-page-00017,S267_ADD_22,Sortie télécom,4616,3685,0.8107,0.9148,4616,3685,en trop IA,IA:S267_ADD_22:304,,,
ia,00 Électricité_Plans_pour AO - 6 + 00 Addenda MEP01_Plans-unlocked-page-00017,S267_ADD_22,Transformateur sec 112.5 kVA,3197,3478,0.5615,0.8635,3197,3478,en trop IA,IA:S267_ADD_22:305,,,
ia,00 Électricité_Plans_pour AO - 7 + 00 Addenda MEP01_Plans-unlocked-page-00018,S267_ADD_23,Module de relais ARM,1420,3236,0.2494,0.8034,1420,3236,en trop IA,IA:S267_ADD_23:1,,,
ia,00 Électricité_Plans_pour AO - 7 + 00 Addenda MEP01_Plans-unlocked-page-00018,S267_ADD_23,Module de relais ARM,2988,3236,0.5248,0.8034,2988,3236,en trop IA,IA:S267_ADD_23:2,,,
ia,00 Électricité_Plans_pour AO - 7 + 00 Addenda MEP01_Plans-unlocked-page-00018,S267_ADD_23,Module de relais ARM,4746,3236,0.8335,0.8034,4746,3236,en trop IA,IA:S267_ADD_23:3,,,
ia,00 Électricité_Plans_pour AO - 7 + 00 Addenda MEP01_Plans-unlocked-page-00018,S267_ADD_23,Raccordement UTA toit RT,1364,3226,0.2396,0.8009,1364,3226,appariée,IA:S267_ADD_23:4,H:00 Addenda MEP01_Plans-unlocked-page-00018:1,ADD RT,5.2
ia,00 Électricité_Plans_pour AO - 7 + 00 Addenda MEP01_Plans-unlocked-page-00018,S267_ADD_23,Raccordement UTA toit RT,2883,3234,0.5063,0.8029,2883,3234,appariée,IA:S267_ADD_23:5,H:00 Addenda MEP01_Plans-unlocked-page-00018:2,ADD RT,3.2
ia,00 Électricité_Plans_pour AO - 7 + 00 Addenda MEP01_Plans-unlocked-page-00018,S267_ADD_23,Raccordement UTA toit RT,4642,3234,0.8152,0.8029,4642,3234,appariée,IA:S267_ADD_23:6,H:00 Addenda MEP01_Plans-unlocked-page-00018:3,ADD RT,3.0
ia,00 Électricité_Plans_pour AO - 7 + 00 Addenda MEP01_Plans-unlocked-page-00018,S267_ADD_23,Raccordement prise UTA toit (fournie par fabricant),1288,3258,0.2262,0.8088,1288,3258,en trop IA,IA:S267_ADD_23:7,,,
ia,00 Électricité_Plans_pour AO - 7 + 00 Addenda MEP01_Plans-unlocked-page-00018,S267_ADD_23,Raccordement prise UTA toit (fournie par fabricant),2956,3268,0.5191,0.8113,2956,3268,en trop IA,IA:S267_ADD_23:8,,,
ia,00 Électricité_Plans_pour AO - 7 + 00 Addenda MEP01_Plans-unlocked-page-00018,S267_ADD_23,Raccordement prise UTA toit (fournie par fabricant),4718,3266,0.8286,0.8108,4718,3266,en trop IA,IA:S267_ADD_23:9,,,
ia,00 Électricité_Plans_pour AO - 7 + 00 Addenda MEP01_Plans-unlocked-page-00018,S267_ADD_23,Raccordement unité HE toit,1492,3456,0.2620,0.8580,1492,3456,appariée,IA:S267_ADD_23:10,H:00 Addenda MEP01_Plans-unlocked-page-00018:4,ADD HE,4.2
ia,00 Électricité_Plans_pour AO - 7 + 00 Addenda MEP01_Plans-unlocked-page-00018,S267_ADD_23,Raccordement unité HE toit,2751,3456,0.4831,0.8580,2751,3456,appariée,IA:S267_ADD_23:11,H:00 Addenda MEP01_Plans-unlocked-page-00018:5,ADD HE,1.0
ia,00 Électricité_Plans_pour AO - 7 + 00 Addenda MEP01_Plans-unlocked-page-00018,S267_ADD_23,Raccordement unité HE toit,4529,3457,0.7954,0.8582,4529,3457,appariée,IA:S267_ADD_23:12,H:00 Addenda MEP01_Plans-unlocked-page-00018:6,ADD HE,3.0
ia,00 Électricité_Plans_pour AO - 8 + 00 Addenda MEP01_Plans-unlocked-page-00019,S267_ADD_24,Annonciateur FAAP,3226,3658,0.5666,0.9081,3226,3658,appariée,IA:S267_ADD_24:1,H:00 Addenda MEP01_Plans-unlocked-page-00019:150,ADD FAAP,14.8
ia,00 Électricité_Plans_pour AO - 8 + 00 Addenda MEP01_Plans-unlocked-page-00019,S267_ADD_24,Bloc d'alimentation AI PS,1398,3341,0.2455,0.8294,1398,3341,appariée,IA:S267_ADD_24:2,H:00 Addenda MEP01_Plans-unlocked-page-00019:146,ADD PS1,35.3
ia,00 Électricité_Plans_pour AO - 8 + 00 Addenda MEP01_Plans-unlocked-page-00019,S267_ADD_24,Bloc d'alimentation AI PS,3229,3358,0.5671,0.8337,3229,3358,appariée,IA:S267_ADD_24:3,H:00 Addenda MEP01_Plans-unlocked-page-00019:147,ADD PS2,1.6
ia,00 Électricité_Plans_pour AO - 8 + 00 Addenda MEP01_Plans-unlocked-page-00019,S267_ADD_24,Déclencheur manuel,169,2993,0.0297,0.7430,169,2993,appariée,IA:S267_ADD_24:4,H:00 Addenda MEP01_Plans-unlocked-page-00019:57,ADD STATION MANUEL,1.3
ia,00 Électricité_Plans_pour AO - 8 + 00 Addenda MEP01_Plans-unlocked-page-00019,S267_ADD_24,Déclencheur manuel,467,3174,0.0820,0.7880,467,3174,appariée,IA:S267_ADD_24:5,H:00 Addenda MEP01_Plans-unlocked-page-00019:58,ADD STATION MANUEL,6.0
ia,00 Électricité_Plans_pour AO - 8 + 00 Addenda MEP01_Plans-unlocked-page-00019,S267_ADD_24,Déclencheur manuel,2178,2895,0.3825,0.7187,2178,2895,appariée,IA:S267_ADD_24:6,H:00 Addenda MEP01_Plans-unlocked-page-00019:65,ADD STATION MANUEL,3.6
ia,00 Électricité_Plans_pour AO - 8 + 00 Addenda MEP01_Plans-unlocked-page-00019,S267_ADD_24,Déclencheur manuel,2243,3684,0.3939,0.9146,2243,3684,appariée,IA:S267_ADD_24:7,H:00 Addenda MEP01_Plans-unlocked-page-00019:59,ADD STATION MANUEL,11.6
ia,00 Électricité_Plans_pour AO - 8 + 00 Addenda MEP01_Plans-unlocked-page-00019,S267_ADD_24,Déclencheur manuel,4229,2918,0.7427,0.7244,4229,2918,appariée,IA:S267_ADD_24:8,H:00 Addenda MEP01_Plans-unlocked-page-00019:63,ADD STATION MANUEL,7.6
ia,00 Électricité_Plans_pour AO - 8 + 00 Addenda MEP01_Plans-unlocked-page-00019,S267_ADD_24,Déclencheur manuel,4229,3550,0.7427,0.8813,4229,3550,appariée,IA:S267_ADD_24:9,H:00 Addenda MEP01_Plans-unlocked-page-00019:64,ADD STATION MANUEL,17.2
ia,00 Électricité_Plans_pour AO - 8 + 00 Addenda MEP01_Plans-unlocked-page-00019,S267_ADD_24,Déclencheur manuel,4765,2787,0.8368,0.6919,4765,2787,appariée,IA:S267_ADD_24:10,H:00 Addenda MEP01_Plans-unlocked-page-00019:60,ADD STATION MANUEL,9.4
ia,00 Électricité_Plans_pour AO - 8 + 00 Addenda MEP01_Plans-unlocked-page-00019,S267_ADD_24,Déclencheur manuel,4375,3234,0.7684,0.8029,4375,3234,appariée,IA:S267_ADD_24:11,H:00 Addenda MEP01_Plans-unlocked-page-00019:62,ADD STATION MANUEL,9.4
ia,00 Électricité_Plans_pour AO - 8 + 00 Addenda MEP01_Plans-unlocked-page-00019,S267_ADD_24,Déclencheur manuel,4900,3598,0.8606,0.8932,4900,3598,appariée,IA:S267_ADD_24:12,H:00 Addenda MEP01_Plans-unlocked-page-00019:61,ADD STATION MANUEL,10.1
ia,00 Électricité_Plans_pour AO - 8 + 00 Addenda MEP01_Plans-unlocked-page-00019,S267_ADD_24,Détecteur de fumée photoélectrique,262,2861,0.0460,0.7103,262,2861,appariée,IA:S267_ADD_24:13,H:00 Addenda MEP01_Plans-unlocked-page-00019:1,ADD DETECTEUR FUMÉE,5.0
ia,00 Électricité_Plans_pour AO - 8 + 00 Addenda MEP01_Plans-unlocked-page-00019,S267_ADD_24,Détecteur de fumée photoélectrique,453,2861,0.0796,0.7103,453,2861,appariée,IA:S267_ADD_24:14,H:00 Addenda MEP01_Plans-unlocked-page-00019:4,ADD DETECTEUR FUMÉE,3.5
ia,00 Électricité_Plans_pour AO - 8 + 00 Addenda MEP01_Plans-unlocked-page-00019,S267_ADD_24,Détecteur de fumée photoélectrique,837,2861,0.1470,0.7103,837,2861,appariée,IA:S267_ADD_24:15,H:00 Addenda MEP01_Plans-unlocked-page-00019:5,ADD DETECTEUR FUMÉE,5.6
ia,00 Électricité_Plans_pour AO - 8 + 00 Addenda MEP01_Plans-unlocked-page-00019,S267_ADD_24,Détecteur de fumée photoélectrique,1009,2861,0.1772,0.7103,1009,2861,appariée,IA:S267_ADD_24:16,H:00 Addenda MEP01_Plans-unlocked-page-00019:6,ADD DETECTEUR FUMÉE,3.6
ia,00 Électricité_Plans_pour AO - 8 + 00 Addenda MEP01_Plans-unlocked-page-00019,S267_ADD_24,Détecteur de fumée photoélectrique,1180,2861,0.2072,0.7103,1180,2861,appariée,IA:S267_ADD_24:17,H:00 Addenda MEP01_Plans-unlocked-page-00019:10,ADD DETECTEUR FUMÉE,2.5
ia,00 Électricité_Plans_pour AO - 8 + 00 Addenda MEP01_Plans-unlocked-page-00019,S267_ADD_24,Détecteur de fumée photoélectrique,1371,2861,0.2408,0.7103,1371,2861,appariée,IA:S267_ADD_24:18,H:00 Addenda MEP01_Plans-unlocked-page-00019:11,ADD DETECTEUR FUMÉE,3.7
ia,00 Électricité_Plans_pour AO - 8 + 00 Addenda MEP01_Plans-unlocked-page-00019,S267_ADD_24,Détecteur de fumée photoélectrique,1524,2861,0.2677,0.7103,1524,2861,appariée,IA:S267_ADD_24:19,H:00 Addenda MEP01_Plans-unlocked-page-00019:14,ADD DETECTEUR FUMÉE,3.4
ia,00 Électricité_Plans_pour AO - 8 + 00 Addenda MEP01_Plans-unlocked-page-00019,S267_ADD_24,Détecteur de fumée photoélectrique,1790,2861,0.3144,0.7103,1790,2861,appariée,IA:S267_ADD_24:20,H:00 Addenda MEP01_Plans-unlocked-page-00019:15,ADD DETECTEUR FUMÉE,3.7
ia,00 Électricité_Plans_pour AO - 8 + 00 Addenda MEP01_Plans-unlocked-page-00019,S267_ADD_24,Détecteur de fumée photoélectrique,1937,2861,0.3402,0.7103,1937,2861,appariée,IA:S267_ADD_24:21,H:00 Addenda MEP01_Plans-unlocked-page-00019:16,ADD DETECTEUR FUMÉE,5.5
ia,00 Électricité_Plans_pour AO - 8 + 00 Addenda MEP01_Plans-unlocked-page-00019,S267_ADD_24,Détecteur de fumée photoélectrique,2084,2861,0.3660,0.7103,2084,2861,appariée,IA:S267_ADD_24:22,H:00 Addenda MEP01_Plans-unlocked-page-00019:20,ADD DETECTEUR FUMÉE,6.6
ia,00 Électricité_Plans_pour AO - 8 + 00 Addenda MEP01_Plans-unlocked-page-00019,S267_ADD_24,Détecteur de fumée photoélectrique,2317,2861,0.4069,0.7103,2317,2861,appariée,IA:S267_ADD_24:23,H:00 Addenda MEP01_Plans-unlocked-page-00019:21,ADD DETECTEUR FUMÉE,7.1
ia,00 Électricité_Plans_pour AO - 8 + 00 Addenda MEP01_Plans-unlocked-page-00019,S267_ADD_24,Détecteur de fumée photoélectrique,2454,2861,0.4310,0.7103,2454,2861,appariée,IA:S267_ADD_24:24,H:00 Addenda MEP01_Plans-unlocked-page-00019:24,ADD DETECTEUR FUMÉE,2.6
ia,00 Électricité_Plans_pour AO - 8 + 00 Addenda MEP01_Plans-unlocked-page-00019,S267_ADD_24,Détecteur de fumée photoélectrique,2629,2861,0.4617,0.7103,2629,2861,appariée,IA:S267_ADD_24:25,H:00 Addenda MEP01_Plans-unlocked-page-00019:26,ADD DETECTEUR FUMÉE,2.8
ia,00 Électricité_Plans_pour AO - 8 + 00 Addenda MEP01_Plans-unlocked-page-00019,S267_ADD_24,Détecteur de fumée photoélectrique,2874,2861,0.5047,0.7103,2874,2861,appariée,IA:S267_ADD_24:26,H:00 Addenda MEP01_Plans-unlocked-page-00019:27,ADD DETECTEUR FUMÉE,6.6
ia,00 Électricité_Plans_pour AO - 8 + 00 Addenda MEP01_Plans-unlocked-page-00019,S267_ADD_24,Détecteur de fumée photoélectrique,3025,2861,0.5313,0.7103,3025,2861,appariée,IA:S267_ADD_24:27,H:00 Addenda MEP01_Plans-unlocked-page-00019:30,ADD DETECTEUR FUMÉE,10.0
ia,00 Électricité_Plans_pour AO - 8 + 00 Addenda MEP01_Plans-unlocked-page-00019,S267_ADD_24,Détecteur de fumée photoélectrique,3221,2861,0.5657,0.7103,3221,2861,appariée,IA:S267_ADD_24:28,H:00 Addenda MEP01_Plans-unlocked-page-00019:31,ADD DETECTEUR FUMÉE,5.0
ia,00 Électricité_Plans_pour AO - 8 + 00 Addenda MEP01_Plans-unlocked-page-00019,S267_ADD_24,Détecteur de fumée photoélectrique,3427,2861,0.6019,0.7103,3427,2861,appariée,IA:S267_ADD_24:29,H:00 Addenda MEP01_Plans-unlocked-page-00019:34,ADD DETECTEUR FUMÉE,6.1
ia,00 Électricité_Plans_pour AO - 8 + 00 Addenda MEP01_Plans-unlocked-page-00019,S267_ADD_24,Détecteur de fumée photoélectrique,3611,2861,0.6342,0.7103,3611,2861,appariée,IA:S267_ADD_24:30,H:00 Addenda MEP01_Plans-unlocked-page-00019:35,ADD DETECTEUR FUMÉE,7.2
ia,00 Électricité_Plans_pour AO - 8 + 00 Addenda MEP01_Plans-unlocked-page-00019,S267_ADD_24,Détecteur de fumée photoélectrique,3912,2861,0.6870,0.7103,3912,2861,appariée,IA:S267_ADD_24:31,H:00 Addenda MEP01_Plans-unlocked-page-00019:38,ADD DETECTEUR FUMÉE,1.3
ia,00 Électricité_Plans_pour AO - 8 + 00 Addenda MEP01_Plans-unlocked-page-00019,S267_ADD_24,Détecteur de fumée photoélectrique,4111,2861,0.7220,0.7103,4111,2861,appariée,IA:S267_ADD_24:32,H:00 Addenda MEP01_Plans-unlocked-page-00019:39,ADD DETECTEUR FUMÉE,8.4
ia,00 Électricité_Plans_pour AO - 8 + 00 Addenda MEP01_Plans-unlocked-page-00019,S267_ADD_24,Détecteur de fumée photoélectrique,262,3054,0.0460,0.7582,262,3054,appariée,IA:S267_ADD_24:33,H:00 Addenda MEP01_Plans-unlocked-page-00019:2,ADD DETECTEUR FUMÉE,6.6
ia,00 Électricité_Plans_pour AO - 8 + 00 Addenda MEP01_Plans-unlocked-page-00019,S267_ADD_24,Détecteur de fumée photoélectrique,453,3054,0.0796,0.7582,453,3054,appariée,IA:S267_ADD_24:34,H:00 Addenda MEP01_Plans-unlocked-page-00019:3,ADD DETECTEUR FUMÉE,5.2
ia,00 Électricité_Plans_pour AO - 8 + 00 Addenda MEP01_Plans-unlocked-page-00019,S267_ADD_24,Détecteur de fumée photoélectrique,837,3054,0.1470,0.7582,837,3054,appariée,IA:S267_ADD_24:35,H:00 Addenda MEP01_Plans-unlocked-page-00019:8,ADD DETECTEUR FUMÉE,4.4
ia,00 Électricité_Plans_pour AO - 8 + 00 Addenda MEP01_Plans-unlocked-page-00019,S267_ADD_24,Détecteur de fumée photoélectrique,1009,3054,0.1772,0.7582,1009,3054,appariée,IA:S267_ADD_24:36,H:00 Addenda MEP01_Plans-unlocked-page-00019:7,ADD DETECTEUR FUMÉE,3.2
ia,00 Électricité_Plans_pour AO - 8 + 00 Addenda MEP01_Plans-unlocked-page-00019,S267_ADD_24,Détecteur de fumée photoélectrique,1180,3054,0.2072,0.7582,1180,3054,appariée,IA:S267_ADD_24:37,H:00 Addenda MEP01_Plans-unlocked-page-00019:9,ADD DETECTEUR FUMÉE,5.8
ia,00 Électricité_Plans_pour AO - 8 + 00 Addenda MEP01_Plans-unlocked-page-00019,S267_ADD_24,Détecteur de fumée photoélectrique,1371,3054,0.2408,0.7582,1371,3054,appariée,IA:S267_ADD_24:38,H:00 Addenda MEP01_Plans-unlocked-page-00019:12,ADD DETECTEUR FUMÉE,7.4
ia,00 Électricité_Plans_pour AO - 8 + 00 Addenda MEP01_Plans-unlocked-page-00019,S267_ADD_24,Détecteur de fumée photoélectrique,1524,3054,0.2677,0.7582,1524,3054,appariée,IA:S267_ADD_24:39,H:00 Addenda MEP01_Plans-unlocked-page-00019:13,ADD DETECTEUR FUMÉE,1.6
ia,00 Électricité_Plans_pour AO - 8 + 00 Addenda MEP01_Plans-unlocked-page-00019,S267_ADD_24,Détecteur de fumée photoélectrique,1790,3054,0.3144,0.7582,1790,3054,appariée,IA:S267_ADD_24:40,H:00 Addenda MEP01_Plans-unlocked-page-00019:17,ADD DETECTEUR FUMÉE,4.5
ia,00 Électricité_Plans_pour AO - 8 + 00 Addenda MEP01_Plans-unlocked-page-00019,S267_ADD_24,Détecteur de fumée photoélectrique,1937,3054,0.3402,0.7582,1937,3054,appariée,IA:S267_ADD_24:41,H:00 Addenda MEP01_Plans-unlocked-page-00019:18,ADD DETECTEUR FUMÉE,7.3
ia,00 Électricité_Plans_pour AO - 8 + 00 Addenda MEP01_Plans-unlocked-page-00019,S267_ADD_24,Détecteur de fumée photoélectrique,2084,3054,0.3660,0.7582,2084,3054,appariée,IA:S267_ADD_24:42,H:00 Addenda MEP01_Plans-unlocked-page-00019:19,ADD DETECTEUR FUMÉE,2.4
ia,00 Électricité_Plans_pour AO - 8 + 00 Addenda MEP01_Plans-unlocked-page-00019,S267_ADD_24,Détecteur de fumée photoélectrique,2317,3054,0.4069,0.7582,2317,3054,appariée,IA:S267_ADD_24:43,H:00 Addenda MEP01_Plans-unlocked-page-00019:22,ADD DETECTEUR FUMÉE,4.8
ia,00 Électricité_Plans_pour AO - 8 + 00 Addenda MEP01_Plans-unlocked-page-00019,S267_ADD_24,Détecteur de fumée photoélectrique,2454,3054,0.4310,0.7582,2454,3054,appariée,IA:S267_ADD_24:44,H:00 Addenda MEP01_Plans-unlocked-page-00019:23,ADD DETECTEUR FUMÉE,4.0
ia,00 Électricité_Plans_pour AO - 8 + 00 Addenda MEP01_Plans-unlocked-page-00019,S267_ADD_24,Détecteur de fumée photoélectrique,2629,3054,0.4617,0.7582,2629,3054,appariée,IA:S267_ADD_24:45,H:00 Addenda MEP01_Plans-unlocked-page-00019:25,ADD DETECTEUR FUMÉE,5.2
ia,00 Électricité_Plans_pour AO - 8 + 00 Addenda MEP01_Plans-unlocked-page-00019,S267_ADD_24,Détecteur de fumée photoélectrique,2874,3054,0.5047,0.7582,2874,3054,appariée,IA:S267_ADD_24:46,H:00 Addenda MEP01_Plans-unlocked-page-00019:28,ADD DETECTEUR FUMÉE,11.4
ia,00 Électricité_Plans_pour AO - 8 + 00 Addenda MEP01_Plans-unlocked-page-00019,S267_ADD_24,Détecteur de fumée photoélectrique,3025,3054,0.5313,0.7582,3025,3054,appariée,IA:S267_ADD_24:47,H:00 Addenda MEP01_Plans-unlocked-page-00019:29,ADD DETECTEUR FUMÉE,0.9
ia,00 Électricité_Plans_pour AO - 8 + 00 Addenda MEP01_Plans-unlocked-page-00019,S267_ADD_24,Détecteur de fumée photoélectrique,3221,3054,0.5657,0.7582,3221,3054,appariée,IA:S267_ADD_24:48,H:00 Addenda MEP01_Plans-unlocked-page-00019:32,ADD DETECTEUR FUMÉE,4.3
ia,00 Électricité_Plans_pour AO - 8 + 00 Addenda MEP01_Plans-unlocked-page-00019,S267_ADD_24,Détecteur de fumée photoélectrique,3427,3054,0.6019,0.7582,3427,3054,appariée,IA:S267_ADD_24:49,H:00 Addenda MEP01_Plans-unlocked-page-00019:33,ADD DETECTEUR FUMÉE,0.1
ia,00 Électricité_Plans_pour AO - 8 + 00 Addenda MEP01_Plans-unlocked-page-00019,S267_ADD_24,Détecteur de fumée photoélectrique,3611,3054,0.6342,0.7582,3611,3054,appariée,IA:S267_ADD_24:50,H:00 Addenda MEP01_Plans-unlocked-page-00019:36,ADD DETECTEUR FUMÉE,9.6
ia,00 Électricité_Plans_pour AO - 8 + 00 Addenda MEP01_Plans-unlocked-page-00019,S267_ADD_24,Détecteur de fumée photoélectrique,3912,3054,0.6870,0.7582,3912,3054,appariée,IA:S267_ADD_24:51,H:00 Addenda MEP01_Plans-unlocked-page-00019:37,ADD DETECTEUR FUMÉE,7.4
ia,00 Électricité_Plans_pour AO - 8 + 00 Addenda MEP01_Plans-unlocked-page-00019,S267_ADD_24,Détecteur de fumée photoélectrique,4111,3054,0.7220,0.7582,4111,3054,appariée,IA:S267_ADD_24:52,H:00 Addenda MEP01_Plans-unlocked-page-00019:40,ADD DETECTEUR FUMÉE,6.5
ia,00 Électricité_Plans_pour AO - 8 + 00 Addenda MEP01_Plans-unlocked-page-00019,S267_ADD_24,Détecteur de fumée photoélectrique,1126,3111,0.1978,0.7723,1126,3111,appariée,IA:S267_ADD_24:53,H:00 Addenda MEP01_Plans-unlocked-page-00019:51,ADD DETECTEUR GAINE,3.5
ia,00 Électricité_Plans_pour AO - 8 + 00 Addenda MEP01_Plans-unlocked-page-00019,S267_ADD_24,Détecteur de fumée photoélectrique,1528,3111,0.2684,0.7723,1528,3111,appariée,IA:S267_ADD_24:54,H:00 Addenda MEP01_Plans-unlocked-page-00019:52,ADD DETECTEUR GAINE,7.6
ia,00 Électricité_Plans_pour AO - 8 + 00 Addenda MEP01_Plans-unlocked-page-00019,S267_ADD_24,Détecteur de fumée photoélectrique,2616,3111,0.4594,0.7723,2616,3111,appariée,IA:S267_ADD_24:55,H:00 Addenda MEP01_Plans-unlocked-page-00019:53,ADD DETECTEUR GAINE,1.9
ia,00 Électricité_Plans_pour AO - 8 + 00 Addenda MEP01_Plans-unlocked-page-00019,S267_ADD_24,Détecteur de fumée photoélectrique,3155,3111,0.5541,0.7723,3155,3111,appariée,IA:S267_ADD_24:56,H:00 Addenda MEP01_Plans-unlocked-page-00019:54,ADD DETECTEUR GAINE,1.8
ia,00 Électricité_Plans_pour AO - 8 + 00 Addenda MEP01_Plans-unlocked-page-00019,S267_ADD_24,Détecteur de fumée photoélectrique,1371,3388,0.2408,0.8411,1371,3388,appariée,IA:S267_ADD_24:57,H:00 Addenda MEP01_Plans-unlocked-page-00019:44,ADD DETECTEUR FUMÉE,6.5
ia,00 Électricité_Plans_pour AO - 8 + 00 Addenda MEP01_Plans-unlocked-page-00019,S267_ADD_24,Détecteur de fumée photoélectrique,3084,3402,0.5416,0.8446,3084,3402,appariée,IA:S267_ADD_24:58,H:00 Addenda MEP01_Plans-unlocked-page-00019:42,ADD DETECTEUR FUMÉE,5.2
ia,00 Électricité_Plans_pour AO - 8 + 00 Addenda MEP01_Plans-unlocked-page-00019,S267_ADD_24,Détecteur de fumée photoélectrique,3189,3376,0.5601,0.8381,3189,3376,appariée,IA:S267_ADD_24:59,H:00 Addenda MEP01_Plans-unlocked-page-00019:41,ADD DETECTEUR FUMÉE,4.9
ia,00 Électricité_Plans_pour AO - 8 + 00 Addenda MEP01_Plans-unlocked-page-00019,S267_ADD_24,Détecteur de fumée photoélectrique,3165,3599,0.5558,0.8935,3165,3599,appariée,IA:S267_ADD_24:60,H:00 Addenda MEP01_Plans-unlocked-page-00019:43,ADD DETECTEUR FUMÉE,11.6
ia,00 Électricité_Plans_pour AO - 8 + 00 Addenda MEP01_Plans-unlocked-page-00019,S267_ADD_24,Détecteur de fumée photoélectrique,4192,3530,0.7362,0.8764,4192,3530,appariée,IA:S267_ADD_24:61,H:00 Addenda MEP01_Plans-unlocked-page-00019:55,ADD DETECTEUR GAINE,8.5
ia,00 Électricité_Plans_pour AO - 8 + 00 Addenda MEP01_Plans-unlocked-page-00019,S267_ADD_24,Détecteur de fumée photoélectrique,4192,3604,0.7362,0.8947,4192,3604,appariée,IA:S267_ADD_24:62,H:00 Addenda MEP01_Plans-unlocked-page-00019:56,ADD DETECTEUR GAINE,7.9
ia,00 Électricité_Plans_pour AO - 8 + 00 Addenda MEP01_Plans-unlocked-page-00019,S267_ADD_24,Détecteur faisceau récepteur FL-RX,303,3544,0.0532,0.8798,303,3544,appariée,IA:S267_ADD_24:63,H:00 Addenda MEP01_Plans-unlocked-page-00019:50,ADD DETECTEUR FL -RX,22.1
ia,00 Électricité_Plans_pour AO - 8 + 00 Addenda MEP01_Plans-unlocked-page-00019,S267_ADD_24,Détecteur faisceau récepteur FL-RX,4158,2878,0.7302,0.7145,4158,2878,appariée,IA:S267_ADD_24:64,H:00 Addenda MEP01_Plans-unlocked-page-00019:48,ADD DETECTEUR FL -RX,14.1
ia,00 Électricité_Plans_pour AO - 8 + 00 Addenda MEP01_Plans-unlocked-page-00019,S267_ADD_24,Détecteur faisceau récepteur FL-RX,4158,3070,0.7302,0.7622,4158,3070,appariée,IA:S267_ADD_24:65,H:00 Addenda MEP01_Plans-unlocked-page-00019:49,ADD DETECTEUR FL -RX,12.0
ia,00 Électricité_Plans_pour AO - 8 + 00 Addenda MEP01_Plans-unlocked-page-00019,S267_ADD_24,Détecteur faisceau émetteur FL-TX,208,2878,0.0365,0.7145,208,2878,appariée,IA:S267_ADD_24:66,H:00 Addenda MEP01_Plans-unlocked-page-00019:46,ADD DETECTEUR FL-TX,17.6
ia,00 Électricité_Plans_pour AO - 8 + 00 Addenda MEP01_Plans-unlocked-page-00019,S267_ADD_24,Détecteur faisceau émetteur FL-TX,208,3070,0.0365,0.7622,208,3070,appariée,IA:S267_ADD_24:67,H:00 Addenda MEP01_Plans-unlocked-page-00019:45,ADD DETECTEUR FL-TX,15.9
ia,00 Électricité_Plans_pour AO - 8 + 00 Addenda MEP01_Plans-unlocked-page-00019,S267_ADD_24,Détecteur faisceau émetteur FL-TX,4089,3581,0.7181,0.8890,4089,3581,appariée,IA:S267_ADD_24:68,H:00 Addenda MEP01_Plans-unlocked-page-00019:47,ADD DETECTEUR FL-TX,7.4
ia,00 Électricité_Plans_pour AO - 8 + 00 Addenda MEP01_Plans-unlocked-page-00019,S267_ADD_24,Klaxon/stroboscope,400,3235,0.0702,0.8031,400,3235,appariée,IA:S267_ADD_24:69,H:00 Addenda MEP01_Plans-unlocked-page-00019:123,ADD KLAXON STROB,29.4
ia,00 Électricité_Plans_pour AO - 8 + 00 Addenda MEP01_Plans-unlocked-page-00019,S267_ADD_24,Klaxon/stroboscope,400,3538,0.0702,0.8784,400,3538,appariée,IA:S267_ADD_24:70,H:00 Addenda MEP01_Plans-unlocked-page-00019:122,ADD KLAXON STROB,26.5
ia,00 Électricité_Plans_pour AO - 8 + 00 Addenda MEP01_Plans-unlocked-page-00019,S267_ADD_24,Klaxon/stroboscope,869,3523,0.1526,0.8746,869,3523,appariée,IA:S267_ADD_24:71,H:00 Addenda MEP01_Plans-unlocked-page-00019:120,ADD KLAXON STROB,25.3
ia,00 Électricité_Plans_pour AO - 8 + 00 Addenda MEP01_Plans-unlocked-page-00019,S267_ADD_24,Klaxon/stroboscope,975,3552,0.1712,0.8818,975,3552,appariée,IA:S267_ADD_24:72,H:00 Addenda MEP01_Plans-unlocked-page-00019:121,ADD KLAXON STROB,41.2
ia,00 Électricité_Plans_pour AO - 8 + 00 Addenda MEP01_Plans-unlocked-page-00019,S267_ADD_24,Klaxon/stroboscope,1255,3381,0.2204,0.8394,1255,3381,appariée,IA:S267_ADD_24:73,H:00 Addenda MEP01_Plans-unlocked-page-00019:116,ADD KLAXON STROB,27.7
ia,00 Électricité_Plans_pour AO - 8 + 00 Addenda MEP01_Plans-unlocked-page-00019,S267_ADD_24,Klaxon/stroboscope,1362,3407,0.2392,0.8458,1362,3407,appariée,IA:S267_ADD_24:74,H:00 Addenda MEP01_Plans-unlocked-page-00019:115,ADD KLAXON STROB,43.9
ia,00 Électricité_Plans_pour AO - 8 + 00 Addenda MEP01_Plans-unlocked-page-00019,S267_ADD_24,Klaxon/stroboscope,1382,3466,0.2427,0.8605,1382,3466,appariée,IA:S267_ADD_24:75,H:00 Addenda MEP01_Plans-unlocked-page-00019:114,ADD KLAXON STROB,33.6
ia,00 Électricité_Plans_pour AO - 8 + 00 Addenda MEP01_Plans-unlocked-page-00019,S267_ADD_24,Klaxon/stroboscope,1382,3666,0.2427,0.9101,1382,3666,appariée,IA:S267_ADD_24:76,H:00 Addenda MEP01_Plans-unlocked-page-00019:124,ADD KLAXON STROB,28.0
ia,00 Électricité_Plans_pour AO - 8 + 00 Addenda MEP01_Plans-unlocked-page-00019,S267_ADD_24,Klaxon/stroboscope,1644,3405,0.2887,0.8453,1644,3405,appariée,IA:S267_ADD_24:77,H:00 Addenda MEP01_Plans-unlocked-page-00019:112,ADD KLAXON STROB,20.5
ia,00 Électricité_Plans_pour AO - 8 + 00 Addenda MEP01_Plans-unlocked-page-00019,S267_ADD_24,Klaxon/stroboscope,1713,3405,0.3008,0.8453,1713,3405,appariée,IA:S267_ADD_24:78,H:00 Addenda MEP01_Plans-unlocked-page-00019:109,ADD KLAXON STROB,25.0
ia,00 Électricité_Plans_pour AO - 8 + 00 Addenda MEP01_Plans-unlocked-page-00019,S267_ADD_24,Klaxon/stroboscope,1779,3405,0.3124,0.8453,1779,3405,appariée,IA:S267_ADD_24:79,H:00 Addenda MEP01_Plans-unlocked-page-00019:108,ADD KLAXON STROB,26.0
ia,00 Électricité_Plans_pour AO - 8 + 00 Addenda MEP01_Plans-unlocked-page-00019,S267_ADD_24,Klaxon/stroboscope,1848,3405,0.3246,0.8453,1848,3405,appariée,IA:S267_ADD_24:80,H:00 Addenda MEP01_Plans-unlocked-page-00019:105,ADD KLAXON STROB,21.6
ia,00 Électricité_Plans_pour AO - 8 + 00 Addenda MEP01_Plans-unlocked-page-00019,S267_ADD_24,Klaxon/stroboscope,1916,3405,0.3365,0.8453,1916,3405,appariée,IA:S267_ADD_24:81,H:00 Addenda MEP01_Plans-unlocked-page-00019:104,ADD KLAXON STROB,20.8
ia,00 Électricité_Plans_pour AO - 8 + 00 Addenda MEP01_Plans-unlocked-page-00019,S267_ADD_24,Klaxon/stroboscope,1983,3405,0.3483,0.8453,1983,3405,appariée,IA:S267_ADD_24:82,H:00 Addenda MEP01_Plans-unlocked-page-00019:101,ADD KLAXON STROB,23.9
ia,00 Électricité_Plans_pour AO - 8 + 00 Addenda MEP01_Plans-unlocked-page-00019,S267_ADD_24,Klaxon/stroboscope,2051,3405,0.3602,0.8453,2051,3405,appariée,IA:S267_ADD_24:83,H:00 Addenda MEP01_Plans-unlocked-page-00019:100,ADD KLAXON STROB,23.0
ia,00 Électricité_Plans_pour AO - 8 + 00 Addenda MEP01_Plans-unlocked-page-00019,S267_ADD_24,Klaxon/stroboscope,2118,3405,0.3720,0.8453,2118,3405,appariée,IA:S267_ADD_24:84,H:00 Addenda MEP01_Plans-unlocked-page-00019:97,ADD KLAXON STROB,19.3
ia,00 Électricité_Plans_pour AO - 8 + 00 Addenda MEP01_Plans-unlocked-page-00019,S267_ADD_24,Klaxon/stroboscope,1643,3598,0.2885,0.8932,1643,3598,appariée,IA:S267_ADD_24:85,H:00 Addenda MEP01_Plans-unlocked-page-00019:111,ADD KLAXON STROB,27.2
ia,00 Électricité_Plans_pour AO - 8 + 00 Addenda MEP01_Plans-unlocked-page-00019,S267_ADD_24,Klaxon/stroboscope,1712,3598,0.3007,0.8932,1712,3598,appariée,IA:S267_ADD_24:86,H:00 Addenda MEP01_Plans-unlocked-page-00019:110,ADD KLAXON STROB,30.1
ia,00 Électricité_Plans_pour AO - 8 + 00 Addenda MEP01_Plans-unlocked-page-00019,S267_ADD_24,Klaxon/stroboscope,1780,3598,0.3126,0.8932,1780,3598,appariée,IA:S267_ADD_24:87,H:00 Addenda MEP01_Plans-unlocked-page-00019:107,ADD KLAXON STROB,21.7
ia,00 Électricité_Plans_pour AO - 8 + 00 Addenda MEP01_Plans-unlocked-page-00019,S267_ADD_24,Klaxon/stroboscope,1848,3598,0.3246,0.8932,1848,3598,appariée,IA:S267_ADD_24:88,H:00 Addenda MEP01_Plans-unlocked-page-00019:106,ADD KLAXON STROB,33.9
ia,00 Électricité_Plans_pour AO - 8 + 00 Addenda MEP01_Plans-unlocked-page-00019,S267_ADD_24,Klaxon/stroboscope,1916,3598,0.3365,0.8932,1916,3598,appariée,IA:S267_ADD_24:89,H:00 Addenda MEP01_Plans-unlocked-page-00019:103,ADD KLAXON STROB,33.5
ia,00 Électricité_Plans_pour AO - 8 + 00 Addenda MEP01_Plans-unlocked-page-00019,S267_ADD_24,Klaxon/stroboscope,1984,3598,0.3484,0.8932,1984,3598,appariée,IA:S267_ADD_24:90,H:00 Addenda MEP01_Plans-unlocked-page-00019:102,ADD KLAXON STROB,29.0
ia,00 Électricité_Plans_pour AO - 8 + 00 Addenda MEP01_Plans-unlocked-page-00019,S267_ADD_24,Klaxon/stroboscope,2051,3598,0.3602,0.8932,2051,3598,appariée,IA:S267_ADD_24:91,H:00 Addenda MEP01_Plans-unlocked-page-00019:99,ADD KLAXON STROB,30.7
ia,00 Électricité_Plans_pour AO - 8 + 00 Addenda MEP01_Plans-unlocked-page-00019,S267_ADD_24,Klaxon/stroboscope,2118,3598,0.3720,0.8932,2118,3598,appariée,IA:S267_ADD_24:92,H:00 Addenda MEP01_Plans-unlocked-page-00019:98,ADD KLAXON STROB,31.3
ia,00 Électricité_Plans_pour AO - 8 + 00 Addenda MEP01_Plans-unlocked-page-00019,S267_ADD_24,Klaxon/stroboscope,2296,3405,0.4032,0.8453,2296,3405,appariée,IA:S267_ADD_24:93,H:00 Addenda MEP01_Plans-unlocked-page-00019:92,ADD KLAXON STROB,28.8
ia,00 Électricité_Plans_pour AO - 8 + 00 Addenda MEP01_Plans-unlocked-page-00019,S267_ADD_24,Klaxon/stroboscope,2375,3405,0.4171,0.8453,2375,3405,appariée,IA:S267_ADD_24:94,H:00 Addenda MEP01_Plans-unlocked-page-00019:96,ADD KLAXON STROB,19.7
ia,00 Électricité_Plans_pour AO - 8 + 00 Addenda MEP01_Plans-unlocked-page-00019,S267_ADD_24,Klaxon/stroboscope,2430,3405,0.4268,0.8453,2430,3405,appariée,IA:S267_ADD_24:95,H:00 Addenda MEP01_Plans-unlocked-page-00019:82,ADD KLAXON STROB,25.2
ia,00 Électricité_Plans_pour AO - 8 + 00 Addenda MEP01_Plans-unlocked-page-00019,S267_ADD_24,Klaxon/stroboscope,2506,3405,0.4401,0.8453,2506,3405,appariée,IA:S267_ADD_24:96,H:00 Addenda MEP01_Plans-unlocked-page-00019:83,ADD KLAXON STROB,20.6
ia,00 Électricité_Plans_pour AO - 8 + 00 Addenda MEP01_Plans-unlocked-page-00019,S267_ADD_24,Klaxon/stroboscope,2564,3405,0.4503,0.8453,2564,3405,appariée,IA:S267_ADD_24:97,H:00 Addenda MEP01_Plans-unlocked-page-00019:84,ADD KLAXON STROB,25.8
ia,00 Électricité_Plans_pour AO - 8 + 00 Addenda MEP01_Plans-unlocked-page-00019,S267_ADD_24,Klaxon/stroboscope,2641,3405,0.4638,0.8453,2641,3405,appariée,IA:S267_ADD_24:98,H:00 Addenda MEP01_Plans-unlocked-page-00019:85,ADD KLAXON STROB,21.0
ia,00 Électricité_Plans_pour AO - 8 + 00 Addenda MEP01_Plans-unlocked-page-00019,S267_ADD_24,Klaxon/stroboscope,2698,3405,0.4738,0.8453,2698,3405,appariée,IA:S267_ADD_24:99,H:00 Addenda MEP01_Plans-unlocked-page-00019:86,ADD KLAXON STROB,22.2
ia,00 Électricité_Plans_pour AO - 8 + 00 Addenda MEP01_Plans-unlocked-page-00019,S267_ADD_24,Klaxon/stroboscope,2775,3405,0.4874,0.8453,2775,3405,appariée,IA:S267_ADD_24:100,H:00 Addenda MEP01_Plans-unlocked-page-00019:87,ADD KLAXON STROB,25.0
ia,00 Électricité_Plans_pour AO - 8 + 00 Addenda MEP01_Plans-unlocked-page-00019,S267_ADD_24,Klaxon/stroboscope,2296,3598,0.4032,0.8932,2296,3598,appariée,IA:S267_ADD_24:101,H:00 Addenda MEP01_Plans-unlocked-page-00019:94,ADD KLAXON STROB,26.2
ia,00 Électricité_Plans_pour AO - 8 + 00 Addenda MEP01_Plans-unlocked-page-00019,S267_ADD_24,Klaxon/stroboscope,2375,3598,0.4171,0.8932,2375,3598,appariée,IA:S267_ADD_24:102,H:00 Addenda MEP01_Plans-unlocked-page-00019:95,ADD KLAXON STROB,24.0
ia,00 Électricité_Plans_pour AO - 8 + 00 Addenda MEP01_Plans-unlocked-page-00019,S267_ADD_24,Klaxon/stroboscope,2430,3598,0.4268,0.8932,2430,3598,appariée,IA:S267_ADD_24:103,H:00 Addenda MEP01_Plans-unlocked-page-00019:81,ADD KLAXON STROB,28.0
ia,00 Électricité_Plans_pour AO - 8 + 00 Addenda MEP01_Plans-unlocked-page-00019,S267_ADD_24,Klaxon/stroboscope,2506,3598,0.4401,0.8932,2506,3598,appariée,IA:S267_ADD_24:104,H:00 Addenda MEP01_Plans-unlocked-page-00019:80,ADD KLAXON STROB,23.0
ia,00 Électricité_Plans_pour AO - 8 + 00 Addenda MEP01_Plans-unlocked-page-00019,S267_ADD_24,Klaxon/stroboscope,2564,3598,0.4503,0.8932,2564,3598,appariée,IA:S267_ADD_24:105,H:00 Addenda MEP01_Plans-unlocked-page-00019:79,ADD KLAXON STROB,21.3
ia,00 Électricité_Plans_pour AO - 8 + 00 Addenda MEP01_Plans-unlocked-page-00019,S267_ADD_24,Klaxon/stroboscope,2641,3598,0.4638,0.8932,2641,3598,appariée,IA:S267_ADD_24:106,H:00 Addenda MEP01_Plans-unlocked-page-00019:78,ADD KLAXON STROB,26.8
ia,00 Électricité_Plans_pour AO - 8 + 00 Addenda MEP01_Plans-unlocked-page-00019,S267_ADD_24,Klaxon/stroboscope,2698,3598,0.4738,0.8932,2698,3598,appariée,IA:S267_ADD_24:107,H:00 Addenda MEP01_Plans-unlocked-page-00019:77,ADD KLAXON STROB,21.4
ia,00 Électricité_Plans_pour AO - 8 + 00 Addenda MEP01_Plans-unlocked-page-00019,S267_ADD_24,Klaxon/stroboscope,2775,3598,0.4874,0.8932,2775,3598,appariée,IA:S267_ADD_24:108,H:00 Addenda MEP01_Plans-unlocked-page-00019:76,ADD KLAXON STROB,26.3
ia,00 Électricité_Plans_pour AO - 8 + 00 Addenda MEP01_Plans-unlocked-page-00019,S267_ADD_24,Klaxon/stroboscope,3048,3400,0.5353,0.8441,3048,3400,appariée,IA:S267_ADD_24:109,H:00 Addenda MEP01_Plans-unlocked-page-00019:73,ADD KLAXON STROB,36.2
ia,00 Électricité_Plans_pour AO - 8 + 00 Addenda MEP01_Plans-unlocked-page-00019,S267_ADD_24,Klaxon/stroboscope,3048,3630,0.5353,0.9012,3048,3630,appariée,IA:S267_ADD_24:110,H:00 Addenda MEP01_Plans-unlocked-page-00019:75,ADD KLAXON STROB,45.8
ia,00 Électricité_Plans_pour AO - 8 + 00 Addenda MEP01_Plans-unlocked-page-00019,S267_ADD_24,Klaxon/stroboscope,3178,3347,0.5581,0.8309,3178,3347,appariée,IA:S267_ADD_24:111,H:00 Addenda MEP01_Plans-unlocked-page-00019:72,ADD KLAXON STROB,32.1
ia,00 Électricité_Plans_pour AO - 8 + 00 Addenda MEP01_Plans-unlocked-page-00019,S267_ADD_24,Klaxon/stroboscope,3334,3458,0.5855,0.8585,3334,3458,appariée,IA:S267_ADD_24:112,H:00 Addenda MEP01_Plans-unlocked-page-00019:70,ADD KLAXON STROB,24.7
ia,00 Électricité_Plans_pour AO - 8 + 00 Addenda MEP01_Plans-unlocked-page-00019,S267_ADD_24,Klaxon/stroboscope,3315,3544,0.5822,0.8798,3315,3544,appariée,IA:S267_ADD_24:113,H:00 Addenda MEP01_Plans-unlocked-page-00019:71,ADD KLAXON STROB,20.7
ia,00 Électricité_Plans_pour AO - 8 + 00 Addenda MEP01_Plans-unlocked-page-00019,S267_ADD_24,Klaxon/stroboscope,3997,3346,0.7020,0.8307,3997,3346,appariée,IA:S267_ADD_24:114,H:00 Addenda MEP01_Plans-unlocked-page-00019:66,ADD KLAXON STROB,27.4
ia,00 Électricité_Plans_pour AO - 8 + 00 Addenda MEP01_Plans-unlocked-page-00019,S267_ADD_24,Klaxon/stroboscope,4074,3640,0.7155,0.9037,4074,3640,appariée,IA:S267_ADD_24:115,H:00 Addenda MEP01_Plans-unlocked-page-00019:69,ADD KLAXON STROB,41.0
ia,00 Électricité_Plans_pour AO - 8 + 00 Addenda MEP01_Plans-unlocked-page-00019,S267_ADD_24,Klaxon/stroboscope,4288,2854,0.7531,0.7085,4288,2854,appariée,IA:S267_ADD_24:116,H:00 Addenda MEP01_Plans-unlocked-page-00019:68,ADD KLAXON STROB,16.7
ia,00 Électricité_Plans_pour AO - 8 + 00 Addenda MEP01_Plans-unlocked-page-00019,S267_ADD_24,Klaxon/stroboscope,4288,3618,0.7531,0.8982,4288,3618,appariée,IA:S267_ADD_24:117,H:00 Addenda MEP01_Plans-unlocked-page-00019:127,ADD KLAXON STROB,32.3
ia,00 Électricité_Plans_pour AO - 8 + 00 Addenda MEP01_Plans-unlocked-page-00019,S267_ADD_24,Klaxon/stroboscope,4307,3081,0.7564,0.7649,4307,3081,appariée,IA:S267_ADD_24:118,H:00 Addenda MEP01_Plans-unlocked-page-00019:67,ADD KLAXON STROB,31.7
ia,00 Électricité_Plans_pour AO - 8 + 00 Addenda MEP01_Plans-unlocked-page-00019,S267_ADD_24,Klaxon/stroboscope,4413,3415,0.7750,0.8478,4413,3415,appariée,IA:S267_ADD_24:119,H:00 Addenda MEP01_Plans-unlocked-page-00019:125,ADD KLAXON STROB,40.5
ia,00 Électricité_Plans_pour AO - 8 + 00 Addenda MEP01_Plans-unlocked-page-00019,S267_ADD_24,Klaxon/stroboscope,4862,3057,0.8539,0.7589,4862,3057,appariée,IA:S267_ADD_24:120,H:00 Addenda MEP01_Plans-unlocked-page-00019:126,ADD KLAXON STROB,33.7
ia,00 Électricité_Plans_pour AO - 8 + 00 Addenda MEP01_Plans-unlocked-page-00019,S267_ADD_24,Klaxon/stroboscope,410,2956,0.0720,0.7339,410,2956,appariée,IA:S267_ADD_24:121,H:00 Addenda MEP01_Plans-unlocked-page-00019:119,ADD KLAXON STROB,32.8
ia,00 Électricité_Plans_pour AO - 8 + 00 Addenda MEP01_Plans-unlocked-page-00019,S267_ADD_24,Klaxon/stroboscope,999,2956,0.1754,0.7339,999,2956,appariée,IA:S267_ADD_24:122,H:00 Addenda MEP01_Plans-unlocked-page-00019:118,ADD KLAXON STROB,28.7
ia,00 Électricité_Plans_pour AO - 8 + 00 Addenda MEP01_Plans-unlocked-page-00019,S267_ADD_24,Klaxon/stroboscope,1487,2956,0.2612,0.7339,1487,2956,appariée,IA:S267_ADD_24:123,H:00 Addenda MEP01_Plans-unlocked-page-00019:117,ADD KLAXON STROB,29.8
ia,00 Électricité_Plans_pour AO - 8 + 00 Addenda MEP01_Plans-unlocked-page-00019,S267_ADD_24,Klaxon/stroboscope,2337,2956,0.4104,0.7339,2337,2956,appariée,IA:S267_ADD_24:124,H:00 Addenda MEP01_Plans-unlocked-page-00019:91,ADD KLAXON STROB,51.5
ia,00 Électricité_Plans_pour AO - 8 + 00 Addenda MEP01_Plans-unlocked-page-00019,S267_ADD_24,Klaxon/stroboscope,2859,2974,0.5021,0.7383,2859,2974,appariée,IA:S267_ADD_24:125,H:00 Addenda MEP01_Plans-unlocked-page-00019:88,ADD KLAXON STROB,15.3
ia,00 Électricité_Plans_pour AO - 8 + 00 Addenda MEP01_Plans-unlocked-page-00019,S267_ADD_24,Klaxon/stroboscope,3369,2956,0.5917,0.7339,3369,2956,appariée,IA:S267_ADD_24:126,H:00 Addenda MEP01_Plans-unlocked-page-00019:89,ADD KLAXON STROB,38.1
ia,00 Électricité_Plans_pour AO - 8 + 00 Addenda MEP01_Plans-unlocked-page-00019,S267_ADD_24,Klaxon/stroboscope,3921,2956,0.6886,0.7339,3921,2956,appariée,IA:S267_ADD_24:127,H:00 Addenda MEP01_Plans-unlocked-page-00019:90,ADD KLAXON STROB,31.8
ia,00 Électricité_Plans_pour AO - 8 + 00 Addenda MEP01_Plans-unlocked-page-00019,S267_ADD_24,Klaxon/stroboscope,3921,3235,0.6886,0.8031,3921,3235,appariée,IA:S267_ADD_24:128,H:00 Addenda MEP01_Plans-unlocked-page-00019:128,ADD KLAXON STROB,29.1
ia,00 Électricité_Plans_pour AO - 8 + 00 Addenda MEP01_Plans-unlocked-page-00019,S267_ADD_24,Klaxon/stroboscope,1482,3501,0.2603,0.8692,1482,3501,appariée,IA:S267_ADD_24:129,H:00 Addenda MEP01_Plans-unlocked-page-00019:113,ADD KLAXON STROB,28.7
ia,00 Électricité_Plans_pour AO - 8 + 00 Addenda MEP01_Plans-unlocked-page-00019,S267_ADD_24,Klaxon/stroboscope,2200,3501,0.3864,0.8692,2200,3501,appariée,IA:S267_ADD_24:130,H:00 Addenda MEP01_Plans-unlocked-page-00019:93,ADD KLAXON STROB,32.1
ia,00 Électricité_Plans_pour AO - 8 + 00 Addenda MEP01_Plans-unlocked-page-00019,S267_ADD_24,Klaxon/stroboscope,2873,3501,0.5046,0.8692,2873,3501,appariée,IA:S267_ADD_24:131,H:00 Addenda MEP01_Plans-unlocked-page-00019:74,ADD KLAXON STROB,35.3
ia,00 Électricité_Plans_pour AO - 8 + 00 Addenda MEP01_Plans-unlocked-page-00019,S267_ADD_24,Module d'interface AIM,3165,3511,0.5558,0.8716,3165,3511,appariée,IA:S267_ADD_24:132,H:00 Addenda MEP01_Plans-unlocked-page-00019:149,ADD AIM,11.9
ia,00 Électricité_Plans_pour AO - 8 + 00 Addenda MEP01_Plans-unlocked-page-00019,S267_ADD_24,Module d'interface AIM,3199,3511,0.5618,0.8716,3199,3511,appariée,IA:S267_ADD_24:133,H:00 Addenda MEP01_Plans-unlocked-page-00019:148,ADD AIM,12.5
ia,00 Électricité_Plans_pour AO - 8 + 00 Addenda MEP01_Plans-unlocked-page-00019,S267_ADD_24,Module de relais ARM,737,2940,0.1294,0.7299,737,2940,appariée,IA:S267_ADD_24:134,H:00 Addenda MEP01_Plans-unlocked-page-00019:143,ADD ARM,13.1
ia,00 Électricité_Plans_pour AO - 8 + 00 Addenda MEP01_Plans-unlocked-page-00019,S267_ADD_24,Module de relais ARM,1712,2940,0.3007,0.7299,1712,2940,appariée,IA:S267_ADD_24:135,H:00 Addenda MEP01_Plans-unlocked-page-00019:144,ADD ARM,9.8
ia,00 Électricité_Plans_pour AO - 8 + 00 Addenda MEP01_Plans-unlocked-page-00019,S267_ADD_24,Module de relais ARM,2795,2940,0.4909,0.7299,2795,2940,appariée,IA:S267_ADD_24:136,H:00 Addenda MEP01_Plans-unlocked-page-00019:139,ADD ARM,12.6
ia,00 Électricité_Plans_pour AO - 8 + 00 Addenda MEP01_Plans-unlocked-page-00019,S267_ADD_24,Module de relais ARM,3772,2940,0.6625,0.7299,3772,2940,appariée,IA:S267_ADD_24:137,H:00 Addenda MEP01_Plans-unlocked-page-00019:138,ADD ARM,9.6
ia,00 Électricité_Plans_pour AO - 8 + 00 Addenda MEP01_Plans-unlocked-page-00019,S267_ADD_24,Module de relais ARM,1160,3152,0.2037,0.7825,1160,3152,appariée,IA:S267_ADD_24:138,H:00 Addenda MEP01_Plans-unlocked-page-00019:142,ADD ARM,10.9
ia,00 Électricité_Plans_pour AO - 8 + 00 Addenda MEP01_Plans-unlocked-page-00019,S267_ADD_24,Module de relais ARM,1560,3152,0.2740,0.7825,1560,3152,appariée,IA:S267_ADD_24:139,H:00 Addenda MEP01_Plans-unlocked-page-00019:141,ADD ARM,5.7
ia,00 Électricité_Plans_pour AO - 8 + 00 Addenda MEP01_Plans-unlocked-page-00019,S267_ADD_24,Module de relais ARM,2648,3152,0.4651,0.7825,2648,3152,appariée,IA:S267_ADD_24:140,H:00 Addenda MEP01_Plans-unlocked-page-00019:140,ADD ARM,6.2
ia,00 Électricité_Plans_pour AO - 8 + 00 Addenda MEP01_Plans-unlocked-page-00019,S267_ADD_24,Module de relais ARM,3184,3152,0.5592,0.7825,3184,3152,appariée,IA:S267_ADD_24:141,H:00 Addenda MEP01_Plans-unlocked-page-00019:137,ADD ARM,4.0
ia,00 Électricité_Plans_pour AO - 8 + 00 Addenda MEP01_Plans-unlocked-page-00019,S267_ADD_24,Module de relais ARM,4202,3567,0.7380,0.8856,4202,3567,appariée,IA:S267_ADD_24:142,H:00 Addenda MEP01_Plans-unlocked-page-00019:135,ADD ARM,4.2
ia,00 Électricité_Plans_pour AO - 8 + 00 Addenda MEP01_Plans-unlocked-page-00019,S267_ADD_24,Module de relais ARM,4202,3636,0.7380,0.9027,4202,3636,appariée,IA:S267_ADD_24:143,H:00 Addenda MEP01_Plans-unlocked-page-00019:136,ADD ARM,7.4
ia,00 Électricité_Plans_pour AO - 8 + 00 Addenda MEP01_Plans-unlocked-page-00019,S267_ADD_24,Panneau d'alarme incendie FAP,306,3153,0.0537,0.7828,306,3153,appariée,IA:S267_ADD_24:144,H:00 Addenda MEP01_Plans-unlocked-page-00019:145,ADD FAP,6.0
ia,00 Électricité_Plans_pour AO - 8 + 00 Addenda MEP01_Plans-unlocked-page-00019,S267_ADD_24,Stroboscope mural,3664,3666,0.6435,0.9101,3664,3666,appariée,IA:S267_ADD_24:145,H:00 Addenda MEP01_Plans-unlocked-page-00019:132,ADD STROB,25.6
ia,00 Électricité_Plans_pour AO - 8 + 00 Addenda MEP01_Plans-unlocked-page-00019,S267_ADD_24,Stroboscope mural,4261,3459,0.7483,0.8587,4261,3459,appariée,IA:S267_ADD_24:146,H:00 Addenda MEP01_Plans-unlocked-page-00019:133,ADD STROB,26.4
ia,00 Électricité_Plans_pour AO - 8 + 00 Addenda MEP01_Plans-unlocked-page-00019,S267_ADD_24,Stroboscope mural,1153,3235,0.2025,0.8031,1153,3235,appariée,IA:S267_ADD_24:147,H:00 Addenda MEP01_Plans-unlocked-page-00019:129,ADD STROB,27.1
ia,00 Électricité_Plans_pour AO - 8 + 00 Addenda MEP01_Plans-unlocked-page-00019,S267_ADD_24,Stroboscope mural,1742,3235,0.3059,0.8031,1742,3235,appariée,IA:S267_ADD_24:148,H:00 Addenda MEP01_Plans-unlocked-page-00019:130,ADD STROB,25.3
ia,00 Électricité_Plans_pour AO - 8 + 00 Addenda MEP01_Plans-unlocked-page-00019,S267_ADD_24,Stroboscope mural,2585,3235,0.4540,0.8031,2585,3235,appariée,IA:S267_ADD_24:149,H:00 Addenda MEP01_Plans-unlocked-page-00019:131,ADD STROB,31.0
ia,00 Électricité_Plans_pour AO - 8 + 00 Addenda MEP01_Plans-unlocked-page-00019,S267_ADD_24,Stroboscope mural,3349,3235,0.5882,0.8031,3349,3235,appariée,IA:S267_ADD_24:150,H:00 Addenda MEP01_Plans-unlocked-page-00019:134,ADD STROB,37.5
ia,00 Électricité_Plans_pour AO - 3 + 00 Addenda MEP01_Plans-unlocked-page-00015,S267_ADD_4,G2 Applique de zone type 2,1685,850,0.2959,0.2110,1685,850,appariée,IA:S267_ADD_4:1,H:00 Addenda MEP01_Plans-unlocked-page-00015:16,ADD FIXTURE G2,11.6
ia,00 Électricité_Plans_pour AO - 3 + 00 Addenda MEP01_Plans-unlocked-page-00015,S267_ADD_4,G2 Applique de zone type 2,2252,850,0.3955,0.2110,2252,850,appariée,IA:S267_ADD_4:2,H:00 Addenda MEP01_Plans-unlocked-page-00015:10,ADD FIXTURE G2,17.1
ia,00 Électricité_Plans_pour AO - 3 + 00 Addenda MEP01_Plans-unlocked-page-00015,S267_ADD_4,G2 Applique de zone type 2,2819,850,0.4951,0.2110,2819,850,appariée,IA:S267_ADD_4:3,H:00 Addenda MEP01_Plans-unlocked-page-00015:9,ADD FIXTURE G2,20.8
ia,00 Électricité_Plans_pour AO - 3 + 00 Addenda MEP01_Plans-unlocked-page-00015,S267_ADD_4,G2 Applique de zone type 2,3387,850,0.5948,0.2110,3387,850,appariée,IA:S267_ADD_4:4,H:00 Addenda MEP01_Plans-unlocked-page-00015:8,ADD FIXTURE G2,17.5
ia,00 Électricité_Plans_pour AO - 3 + 00 Addenda MEP01_Plans-unlocked-page-00015,S267_ADD_4,G2 Applique de zone type 2,2172,2066,0.3815,0.5129,2172,2066,appariée,IA:S267_ADD_4:5,H:00 Addenda MEP01_Plans-unlocked-page-00015:7,ADD FIXTURE G2,32.0
ia,00 Électricité_Plans_pour AO - 3 + 00 Addenda MEP01_Plans-unlocked-page-00015,S267_ADD_4,G2 Applique de zone type 2,3053,2066,0.5362,0.5129,3053,2066,appariée,IA:S267_ADD_4:6,H:00 Addenda MEP01_Plans-unlocked-page-00015:6,ADD FIXTURE G2,33.4
ia,00 Électricité_Plans_pour AO - 3 + 00 Addenda MEP01_Plans-unlocked-page-00015,S267_ADD_4,G2 Applique de zone type 2,2172,2641,0.3815,0.6557,2172,2641,appariée,IA:S267_ADD_4:7,H:00 Addenda MEP01_Plans-unlocked-page-00015:4,ADD FIXTURE G2,29.0
ia,00 Électricité_Plans_pour AO - 3 + 00 Addenda MEP01_Plans-unlocked-page-00015,S267_ADD_4,G2 Applique de zone type 2,3053,2641,0.5362,0.6557,3053,2641,appariée,IA:S267_ADD_4:8,H:00 Addenda MEP01_Plans-unlocked-page-00015:3,ADD FIXTURE G2,25.6
ia,00 Électricité_Plans_pour AO - 3 + 00 Addenda MEP01_Plans-unlocked-page-00015,S267_ADD_4,G2 Applique de zone type 2,1961,2162,0.3444,0.5367,1961,2162,appariée,IA:S267_ADD_4:9,H:00 Addenda MEP01_Plans-unlocked-page-00015:15,ADD FIXTURE G2,12.1
ia,00 Électricité_Plans_pour AO - 3 + 00 Addenda MEP01_Plans-unlocked-page-00015,S267_ADD_4,G2 Applique de zone type 2,2819,2162,0.4951,0.5367,2819,2162,appariée,IA:S267_ADD_4:10,H:00 Addenda MEP01_Plans-unlocked-page-00015:5,ADD FIXTURE G2,8.3
ia,00 Électricité_Plans_pour AO - 3 + 00 Addenda MEP01_Plans-unlocked-page-00015,S267_ADD_4,G2 Applique de zone type 2,1961,2756,0.3444,0.6842,1961,2756,appariée,IA:S267_ADD_4:11,H:00 Addenda MEP01_Plans-unlocked-page-00015:1,ADD FIXTURE G2,16.1
ia,00 Électricité_Plans_pour AO - 3 + 00 Addenda MEP01_Plans-unlocked-page-00015,S267_ADD_4,G2 Applique de zone type 2,2819,2756,0.4951,0.6842,2819,2756,appariée,IA:S267_ADD_4:12,H:00 Addenda MEP01_Plans-unlocked-page-00015:2,ADD FIXTURE G2,13.8
ia,00 Électricité_Plans_pour AO - 3 + 00 Addenda MEP01_Plans-unlocked-page-00015,S267_ADD_4,G2 Applique de zone type 2,688,1791,0.1208,0.4446,688,1791,appariée,IA:S267_ADD_4:13,H:00 Addenda MEP01_Plans-unlocked-page-00015:17,ADD FIXTURE G2,23.1
ia,00 Électricité_Plans_pour AO - 3 + 00 Addenda MEP01_Plans-unlocked-page-00015,S267_ADD_4,G2 Applique de zone type 2,688,2539,0.1208,0.6303,688,2539,appariée,IA:S267_ADD_4:14,H:00 Addenda MEP01_Plans-unlocked-page-00015:18,ADD FIXTURE G2,24.2
ia,00 Électricité_Plans_pour AO - 3 + 00 Addenda MEP01_Plans-unlocked-page-00015,S267_ADD_4,G2 Applique de zone type 2,575,1367,0.1010,0.3394,575,1367,appariée,IA:S267_ADD_4:15,H:00 Addenda MEP01_Plans-unlocked-page-00015:20,ADD FIXTURE G2,28.0
ia,00 Électricité_Plans_pour AO - 3 + 00 Addenda MEP01_Plans-unlocked-page-00015,S267_ADD_4,G2 Applique de zone type 2,575,2248,0.1010,0.5581,575,2248,appariée,IA:S267_ADD_4:16,H:00 Addenda MEP01_Plans-unlocked-page-00015:19,ADD FIXTURE G2,18.6
ia,00 Électricité_Plans_pour AO - 3 + 00 Addenda MEP01_Plans-unlocked-page-00015,S267_ADD_4,G2 Applique de zone type 2,1685,3216,0.2959,0.7984,1685,3216,appariée,IA:S267_ADD_4:17,H:00 Addenda MEP01_Plans-unlocked-page-00015:14,ADD FIXTURE G2,21.0
ia,00 Électricité_Plans_pour AO - 3 + 00 Addenda MEP01_Plans-unlocked-page-00015,S267_ADD_4,G2 Applique de zone type 2,2252,3216,0.3955,0.7984,2252,3216,appariée,IA:S267_ADD_4:18,H:00 Addenda MEP01_Plans-unlocked-page-00015:13,ADD FIXTURE G2,24.4
ia,00 Électricité_Plans_pour AO - 3 + 00 Addenda MEP01_Plans-unlocked-page-00015,S267_ADD_4,G2 Applique de zone type 2,2819,3216,0.4951,0.7984,2819,3216,appariée,IA:S267_ADD_4:19,H:00 Addenda MEP01_Plans-unlocked-page-00015:12,ADD FIXTURE G2,19.4
ia,00 Électricité_Plans_pour AO - 3 + 00 Addenda MEP01_Plans-unlocked-page-00015,S267_ADD_4,G2 Applique de zone type 2,3386,3216,0.5947,0.7984,3386,3216,appariée,IA:S267_ADD_4:20,H:00 Addenda MEP01_Plans-unlocked-page-00015:11,ADD FIXTURE G2,25.7
ia,00 Électricité_Plans_pour AO - 3 + 00 Addenda MEP01_Plans-unlocked-page-00015,S267_ADD_4,G3 Applique de zone type 3,1582,1085,0.2778,0.2694,1582,1085,appariée,IA:S267_ADD_4:21,H:00 Addenda MEP01_Plans-unlocked-page-00015:31,ADD FIXTURE TYPE G3,24.6
ia,00 Électricité_Plans_pour AO - 3 + 00 Addenda MEP01_Plans-unlocked-page-00015,S267_ADD_4,G3 Applique de zone type 3,2172,1325,0.3815,0.3289,2172,1325,appariée,IA:S267_ADD_4:22,H:00 Addenda MEP01_Plans-unlocked-page-00015:29,ADD FIXTURE TYPE G3,34.1
ia,00 Électricité_Plans_pour AO - 3 + 00 Addenda MEP01_Plans-unlocked-page-00015,S267_ADD_4,G3 Applique de zone type 3,3053,1325,0.5362,0.3289,3053,1325,appariée,IA:S267_ADD_4:23,H:00 Addenda MEP01_Plans-unlocked-page-00015:30,ADD FIXTURE TYPE G3,34.8
ia,00 Électricité_Plans_pour AO - 3 + 00 Addenda MEP01_Plans-unlocked-page-00015,S267_ADD_4,G3 Applique de zone type 3,1961,1604,0.3444,0.3982,1961,1604,appariée,IA:S267_ADD_4:24,H:00 Addenda MEP01_Plans-unlocked-page-00015:28,ADD FIXTURE TYPE G3,8.3
ia,00 Électricité_Plans_pour AO - 3 + 00 Addenda MEP01_Plans-unlocked-page-00015,S267_ADD_4,G3 Applique de zone type 3,2819,1604,0.4951,0.3982,2819,1604,appariée,IA:S267_ADD_4:25,H:00 Addenda MEP01_Plans-unlocked-page-00015:55,B2  2/6 1X12,7.3
ia,00 Électricité_Plans_pour AO - 3 + 00 Addenda MEP01_Plans-unlocked-page-00015,S267_ADD_4,G3 Applique de zone type 3,1581,1833,0.2777,0.4551,1581,1833,appariée,IA:S267_ADD_4:26,H:00 Addenda MEP01_Plans-unlocked-page-00015:26,ADD FIXTURE TYPE G3,25.5
ia,00 Électricité_Plans_pour AO - 3 + 00 Addenda MEP01_Plans-unlocked-page-00015,S267_ADD_4,G3 Applique de zone type 3,1581,2389,0.2777,0.5931,1581,2389,appariée,IA:S267_ADD_4:27,H:00 Addenda MEP01_Plans-unlocked-page-00015:25,ADD FIXTURE TYPE G3,26.0
ia,00 Électricité_Plans_pour AO - 3 + 00 Addenda MEP01_Plans-unlocked-page-00015,S267_ADD_4,G3 Applique de zone type 3,1581,2983,0.2777,0.7406,1581,2983,appariée,IA:S267_ADD_4:28,H:00 Addenda MEP01_Plans-unlocked-page-00015:24,ADD FIXTURE TYPE G3,27.6
ia,00 Électricité_Plans_pour AO - 3 + 00 Addenda MEP01_Plans-unlocked-page-00015,S267_ADD_4,G3 Applique de zone type 3,1169,2743,0.2053,0.6810,1169,2743,appariée,IA:S267_ADD_4:29,H:00 Addenda MEP01_Plans-unlocked-page-00015:23,ADD FIXTURE TYPE G3,19.9
ia,00 Électricité_Plans_pour AO - 3 + 00 Addenda MEP01_Plans-unlocked-page-00015,S267_ADD_4,G3 Applique de zone type 3,1169,2120,0.2053,0.5263,1169,2120,appariée,IA:S267_ADD_4:30,H:00 Addenda MEP01_Plans-unlocked-page-00015:22,ADD FIXTURE TYPE G3,16.8
ia,00 Électricité_Plans_pour AO - 3 + 00 Addenda MEP01_Plans-unlocked-page-00015,S267_ADD_4,G3 Applique de zone type 3,1169,1497,0.2053,0.3716,1169,1497,appariée,IA:S267_ADD_4:31,H:00 Addenda MEP01_Plans-unlocked-page-00015:21,ADD FIXTURE TYPE G3,19.7
ia,00 Électricité_Plans_pour AO - 3 + 00 Addenda MEP01_Plans-unlocked-page-00015,S267_ADD_4,L2 Lampadaire type 2,4720,2288,0.8289,0.5680,4720,2288,appariée,IA:S267_ADD_4:32,H:00 Addenda MEP01_Plans-unlocked-page-00015:41,ADD FIXTURE TYPE L2,22.7
ia,00 Électricité_Plans_pour AO - 3 + 00 Addenda MEP01_Plans-unlocked-page-00015,S267_ADD_4,L2 Lampadaire type 2,4155,2762,0.7297,0.6857,4155,2762,appariée,IA:S267_ADD_4:33,H:00 Addenda MEP01_Plans-unlocked-page-00015:42,ADD FIXTURE TYPE L2,27.1
ia,00 Électricité_Plans_pour AO - 3 + 00 Addenda MEP01_Plans-unlocked-page-00015,S267_ADD_4,L2 Lampadaire type 2,3740,955,0.6568,0.2371,3740,955,appariée,IA:S267_ADD_4:34,H:00 Addenda MEP01_Plans-unlocked-page-00015:43,ADD FIXTURE TYPE L2,40.6
ia,00 Électricité_Plans_pour AO - 3 + 00 Addenda MEP01_Plans-unlocked-page-00015,S267_ADD_4,L3 Lampadaire type 3,1168,470,0.2051,0.1167,1168,470,appariée,IA:S267_ADD_4:35,H:00 Addenda MEP01_Plans-unlocked-page-00015:47,ADDFIXTURE TYPE L3,23.1
ia,00 Électricité_Plans_pour AO - 3 + 00 Addenda MEP01_Plans-unlocked-page-00015,S267_ADD_4,L3 Lampadaire type 3,783,889,0.1375,0.2207,783,889,appariée,IA:S267_ADD_4:36,H:00 Addenda MEP01_Plans-unlocked-page-00015:46,ADDFIXTURE TYPE L3,25.1
ia,00 Électricité_Plans_pour AO - 3 + 00 Addenda MEP01_Plans-unlocked-page-00015,S267_ADD_4,L3 Lampadaire type 3,4371,1665,0.7677,0.4134,4371,1665,appariée,IA:S267_ADD_4:37,H:00 Addenda MEP01_Plans-unlocked-page-00015:44,ADDFIXTURE TYPE L3,13.8
ia,00 Électricité_Plans_pour AO - 3 + 00 Addenda MEP01_Plans-unlocked-page-00015,S267_ADD_4,L3 Lampadaire type 3,4371,2125,0.7677,0.5276,4371,2125,appariée,IA:S267_ADD_4:38,H:00 Addenda MEP01_Plans-unlocked-page-00015:45,ADDFIXTURE TYPE L3,15.4
ia,00 Électricité_Plans_pour AO - 3 + 00 Addenda MEP01_Plans-unlocked-page-00015,S267_ADD_4,L5 Lampadaire type 5,1703,331,0.2991,0.0822,1703,331,appariée,IA:S267_ADD_4:39,H:00 Addenda MEP01_Plans-unlocked-page-00015:36,ADD FIXTURE TYPE L5,31.7
ia,00 Électricité_Plans_pour AO - 3 + 00 Addenda MEP01_Plans-unlocked-page-00015,S267_ADD_4,L5 Lampadaire type 5,2230,331,0.3916,0.0822,2230,331,appariée,IA:S267_ADD_4:40,H:00 Addenda MEP01_Plans-unlocked-page-00015:35,ADD FIXTURE TYPE L5,35.8
ia,00 Électricité_Plans_pour AO - 3 + 00 Addenda MEP01_Plans-unlocked-page-00015,S267_ADD_4,L5 Lampadaire type 5,2852,331,0.5009,0.0822,2852,331,appariée,IA:S267_ADD_4:41,H:00 Addenda MEP01_Plans-unlocked-page-00015:34,ADD FIXTURE TYPE L5,33.7
ia,00 Électricité_Plans_pour AO - 3 + 00 Addenda MEP01_Plans-unlocked-page-00015,S267_ADD_4,L5 Lampadaire type 5,1266,3330,0.2223,0.8267,1266,3330,appariée,IA:S267_ADD_4:42,H:00 Addenda MEP01_Plans-unlocked-page-00015:37,ADD FIXTURE TYPE L5,52.4
ia,00 Électricité_Plans_pour AO - 3 + 00 Addenda MEP01_Plans-unlocked-page-00015,S267_ADD_4,L5 Lampadaire type 5,3929,3330,0.6900,0.8267,3929,3330,appariée,IA:S267_ADD_4:43,H:00 Addenda MEP01_Plans-unlocked-page-00015:38,ADD FIXTURE TYPE L5,65.0
ia,00 Électricité_Plans_pour AO - 3 + 00 Addenda MEP01_Plans-unlocked-page-00015,S267_ADD_4,L5 Lampadaire type 5,3864,1467,0.6786,0.3642,3864,1467,appariée,IA:S267_ADD_4:44,H:00 Addenda MEP01_Plans-unlocked-page-00015:33,ADD FIXTURE TYPE L5,35.0
ia,00 Électricité_Plans_pour AO - 3 + 00 Addenda MEP01_Plans-unlocked-page-00015,S267_ADD_4,L5 Lampadaire type 5,3864,2009,0.6786,0.4988,3864,2009,appariée,IA:S267_ADD_4:45,H:00 Addenda MEP01_Plans-unlocked-page-00015:32,ADD FIXTURE TYPE L5,25.7
ia,00 Électricité_Plans_pour AO - 3 + 00 Addenda MEP01_Plans-unlocked-page-00015,S267_ADD_4,L5 Lampadaire type 5,3864,2514,0.6786,0.6241,3864,2514,appariée,IA:S267_ADD_4:46,H:00 Addenda MEP01_Plans-unlocked-page-00015:40,ADD FIXTURE TYPE L5,46.1
ia,00 Électricité_Plans_pour AO - 3 + 00 Addenda MEP01_Plans-unlocked-page-00015,S267_ADD_4,L5 Lampadaire type 5,3864,2964,0.6786,0.7358,3864,2964,appariée,IA:S267_ADD_4:47,H:00 Addenda MEP01_Plans-unlocked-page-00015:39,ADD FIXTURE TYPE L5,14.1
ia,00 Électricité_Plans_pour AO - 3 + 00 Addenda MEP01_Plans-unlocked-page-00015,S267_ADD_4,Poteau de bois,110,3489,0.0193,0.8662,110,3489,en trop IA,IA:S267_ADD_4:48,,,
ia,00 Électricité_Plans_pour AO - 3 + 00 Addenda MEP01_Plans-unlocked-page-00015,S267_ADD_4,Poteau de bois,683,3489,0.1200,0.8662,683,3489,en trop IA,IA:S267_ADD_4:49,,,
ia,00 Électricité_Plans_pour AO - 3 + 00 Addenda MEP01_Plans-unlocked-page-00015,S267_ADD_4,Poteau de bois,1256,3489,0.2206,0.8662,1256,3489,en trop IA,IA:S267_ADD_4:50,,,
ia,00 Électricité_Plans_pour AO - 3 + 00 Addenda MEP01_Plans-unlocked-page-00015,S267_ADD_4,Poteau de bois,1834,3489,0.3221,0.8662,1834,3489,en trop IA,IA:S267_ADD_4:51,,,
ia,00 Électricité_Plans_pour AO - 3 + 00 Addenda MEP01_Plans-unlocked-page-00015,S267_ADD_4,Poteau de bois,2406,3489,0.4226,0.8662,2406,3489,en trop IA,IA:S267_ADD_4:52,,,
ia,00 Électricité_Plans_pour AO - 3 + 00 Addenda MEP01_Plans-unlocked-page-00015,S267_ADD_4,Poteau de bois,2983,3489,0.5239,0.8662,2983,3489,en trop IA,IA:S267_ADD_4:53,,,
ia,00 Électricité_Plans_pour AO - 3 + 00 Addenda MEP01_Plans-unlocked-page-00015,S267_ADD_4,Poteau de bois,3557,3439,0.6247,0.8538,3557,3439,en trop IA,IA:S267_ADD_4:54,,,
ia,00 Électricité_Plans_pour AO - 3 + 00 Addenda MEP01_Plans-unlocked-page-00015,S267_ADD_4,Poteau de bois,3557,3569,0.6247,0.8860,3557,3569,en trop IA,IA:S267_ADD_4:55,,,
ia,00 Électricité_Plans_pour AO - 3 + 00 Addenda MEP01_Plans-unlocked-page-00015,S267_ADD_4,Poteau de bois additionnel note D,139,3417,0.0244,0.8483,139,3417,en trop IA,IA:S267_ADD_4:56,,,
ia,00 Électricité_Plans_pour AO - 3 + 00 Addenda MEP01_Plans-unlocked-page-00015,S267_ADD_4,Poteau de bois additionnel note D,164,3417,0.0288,0.8483,164,3417,en trop IA,IA:S267_ADD_4:57,,,
ia,00 Électricité_Plans_pour AO - 3 + 00 Addenda MEP01_Plans-unlocked-page-00015,S267_ADD_4,Poteau de bois additionnel note D,190,3417,0.0334,0.8483,190,3417,en trop IA,IA:S267_ADD_4:58,,,
ia,00 Électricité_Plans_pour AO - 3 + 00 Addenda MEP01_Plans-unlocked-page-00015,S267_ADD_4,Poteau de bois additionnel note D,215,3417,0.0378,0.8483,215,3417,en trop IA,IA:S267_ADD_4:59,,,
ia,00 Électricité_Plans_pour AO - 3 + 00 Addenda MEP01_Plans-unlocked-page-00015,S267_ADD_4,Poteau de bois additionnel note D,240,3417,0.0421,0.8483,240,3417,en trop IA,IA:S267_ADD_4:60,,,
ia,00 Électricité_Plans_pour AO - 3 + 00 Addenda MEP01_Plans-unlocked-page-00015,S267_ADD_4,Puits d'accès électrique/télécom,3783,1465,0.6644,0.3637,3783,1465,appariée,IA:S267_ADD_4:61,H:00 Addenda MEP01_Plans-unlocked-page-00015:48,ADD PUIT ACCES,7.4
ia,00 Électricité_Plans_pour AO - 3 + 00 Addenda MEP01_Plans-unlocked-page-00015,S267_ADD_4,Puits d'accès électrique/télécom,3783,2706,0.6644,0.6718,3783,2706,appariée,IA:S267_ADD_4:62,H:00 Addenda MEP01_Plans-unlocked-page-00015:49,ADD PUIT ACCES,15.4
ia,00 Électricité_Plans_pour AO - 3 + 00 Addenda MEP01_Plans-unlocked-page-00015,S267_ADD_4,Puits d'accès électrique/télécom,1508,3128,0.2648,0.7766,1508,3128,appariée,IA:S267_ADD_4:63,H:00 Addenda MEP01_Plans-unlocked-page-00015:52,ADD PUIT ACCES,8.0
ia,00 Électricité_Plans_pour AO - 3 + 00 Addenda MEP01_Plans-unlocked-page-00015,S267_ADD_4,Puits d'accès électrique/télécom,1947,3277,0.3419,0.8136,1947,3277,appariée,IA:S267_ADD_4:64,H:00 Addenda MEP01_Plans-unlocked-page-00015:51,ADD PUIT ACCES,10.6
ia,00 Électricité_Plans_pour AO - 3 + 00 Addenda MEP01_Plans-unlocked-page-00015,S267_ADD_4,Puits d'accès électrique/télécom,3785,3444,0.6647,0.8550,3785,3444,appariée,IA:S267_ADD_4:65,H:00 Addenda MEP01_Plans-unlocked-page-00015:50,ADD PUIT ACCES,8.8
ia,,S267_ADD_25,Départ futur ventilateur EF,1097,671,0.1927,0.1666,1097,671,en trop IA (feuille sans page humaine),IA:S267_ADD_25:1,,,
ia,,S267_ADD_25,Départ futur ventilateur EF,1097,729,0.1927,0.1810,1097,729,en trop IA (feuille sans page humaine),IA:S267_ADD_25:2,,,
ia,,S267_ADD_25,Départ futur ventilateur EF,1729,653,0.3037,0.1621,1729,653,en trop IA (feuille sans page humaine),IA:S267_ADD_25:3,,,
ia,,S267_ADD_3,Barre de mise à la terre,2395,2379,0.4206,0.5906,2395,2379,en trop IA (feuille sans page humaine),IA:S267_ADD_3:1,,,
ia,,S267_ADD_3,Barre de mise à la terre,2690,2379,0.4724,0.5906,2690,2379,en trop IA (feuille sans page humaine),IA:S267_ADD_3:2,,,
ia,,S267_ADD_3,Barre de mise à la terre,4211,3513,0.7396,0.8721,4211,3513,en trop IA (feuille sans page humaine),IA:S267_ADD_3:3,,,
ia,,S267_ADD_3,Dispositif de mesurage GTB,1825,3260,0.3205,0.8093,1825,3260,en trop IA (feuille sans page humaine),IA:S267_ADD_3:4,,,
