feuille,repere,source,materiel,designation,qte,portee,modele,prescription,parent
DSI01,I01-01,DSI01-044,AVERTISSEUR DE FUMEE AUTONOME 120V MURAL,A,1,RENVOI_LOGEMENTS,MODELE NON PRECISE,"120V montage mural, interconnexion3#14 suivant notes",
DSI01,I01-02,DSI01-066,AVERTISSEUR DE FUMEE AUTONOME 120V MURAL,A,1,RENVOI_LOGEMENTS,MODELE NON PRECISE,"120V montage mural, interconnexion3#14 suivant notes",
DSI01,I01-03,DSI01-051,AVERTISSEUR DE FUMEE AUTONOME 120V MURAL,A,1,RENVOI_LOGEMENTS,MODELE NON PRECISE,"120V montage mural, interconnexion3#14 suivant notes",
DSI01,I01-04,DSI01-053,AVERTISSEUR DE FUMEE AUTONOME 120V MURAL,A,1,RENVOI_LOGEMENTS,MODELE NON PRECISE,"120V montage mural, interconnexion3#14 suivant notes",
DSI01,I01-05,DSI01-076,AVERTISSEUR DE FUMEE AUTONOME 120V MURAL,A,1,RENVOI_LOGEMENTS,MODELE NON PRECISE,"120V montage mural, interconnexion3#14 suivant notes",
DSI01,I01-06,DSI01-074,AVERTISSEUR DE FUMEE AUTONOME 120V MURAL,A,1,RENVOI_LOGEMENTS,MODELE NON PRECISE,"120V montage mural, interconnexion3#14 suivant notes",
DSI01,I01-07,DSI01-050,AVERTISSEUR DE FUMEE AUTONOME 120V MURAL,A,1,RENVOI_LOGEMENTS,MODELE NON PRECISE,"120V montage mural, interconnexion3#14 suivant notes",
DSI01,I01-08,DSI01-048,AVERTISSEUR DE FUMEE AUTONOME 120V MURAL,A,1,RENVOI_LOGEMENTS,MODELE NON PRECISE,"120V montage mural, interconnexion3#14 suivant notes",
DSI01,I01-09,DSI01-071,AVERTISSEUR DE FUMEE AUTONOME 120V MURAL,A,1,RENVOI_LOGEMENTS,MODELE NON PRECISE,"120V montage mural, interconnexion3#14 suivant notes",
DSI01,I01-10,DSI01-069,AVERTISSEUR DE FUMEE AUTONOME 120V MURAL,A,1,RENVOI_LOGEMENTS,MODELE NON PRECISE,"120V montage mural, interconnexion3#14 suivant notes",
DSI01,I01-11,DSI01-052,AVERTISSEUR DE FUMEE AUTONOME 120V MURAL,A,1,RENVOI_LOGEMENTS,MODELE NON PRECISE,"120V montage mural, interconnexion3#14 suivant notes",
DSI01,I01-12,DSI01-073,AVERTISSEUR DE FUMEE AUTONOME 120V MURAL,A,1,RENVOI_LOGEMENTS,MODELE NON PRECISE,"120V montage mural, interconnexion3#14 suivant notes",
DSI01,I01-13,DSI01-045,AVERTISSEUR DE FUMEE AUTONOME 120V MURAL,A,1,RENVOI_LOGEMENTS,MODELE NON PRECISE,"120V montage mural, interconnexion3#14 suivant notes",
DSI01,I01-14,DSI01-072,AVERTISSEUR DE FUMEE AUTONOME 120V MURAL,A,1,RENVOI_LOGEMENTS,MODELE NON PRECISE,"120V montage mural, interconnexion3#14 suivant notes",
DSI01,I01-15,DSI01-049,AVERTISSEUR DE FUMEE AUTONOME 120V MURAL,A,1,RENVOI_LOGEMENTS,MODELE NON PRECISE,"120V montage mural, interconnexion3#14 suivant notes",
DSI01,I01-16,DSI01-070,AVERTISSEUR DE FUMEE AUTONOME 120V MURAL,A,1,RENVOI_LOGEMENTS,MODELE NON PRECISE,"120V montage mural, interconnexion3#14 suivant notes",
DSI01,I01-17,DSI01-046,AVERTISSEUR DE FUMEE AUTONOME 120V MURAL,A,1,RENVOI_LOGEMENTS,MODELE NON PRECISE,"120V montage mural, interconnexion3#14 suivant notes",
DSI01,I01-18,DSI01-067,AVERTISSEUR DE FUMEE AUTONOME 120V MURAL,A,1,RENVOI_LOGEMENTS,MODELE NON PRECISE,"120V montage mural, interconnexion3#14 suivant notes",
DSI01,I01-19,DSI01-047,AVERTISSEUR DE FUMEE AUTONOME 120V MURAL,A,1,RENVOI_LOGEMENTS,MODELE NON PRECISE,"120V montage mural, interconnexion3#14 suivant notes",
DSI01,I01-20,DSI01-054,AVERTISSEUR DE FUMEE AUTONOME 120V MURAL,A,1,RENVOI_LOGEMENTS,MODELE NON PRECISE,"120V montage mural, interconnexion3#14 suivant notes",
DSI01,I01-21,DSI01-068,AVERTISSEUR DE FUMEE AUTONOME 120V MURAL,A,1,RENVOI_LOGEMENTS,MODELE NON PRECISE,"120V montage mural, interconnexion3#14 suivant notes",
DSI01,I01-22,DSI01-075,AVERTISSEUR DE FUMEE AUTONOME 120V MURAL,A,1,RENVOI_LOGEMENTS,MODELE NON PRECISE,"120V montage mural, interconnexion3#14 suivant notes",
DSI01,I01-23,DSI01-055,AVERTISSEUR DE FUMEE AUTONOME 120V MURAL,A,1,RENVOI_LOGEMENTS,MODELE NON PRECISE,"120V montage mural, interconnexion3#14 suivant notes",
DSI01,I01-24,DSI01-077,AVERTISSEUR DE FUMEE AUTONOME 120V MURAL,A,1,RENVOI_LOGEMENTS,MODELE NON PRECISE,"120V montage mural, interconnexion3#14 suivant notes",
DSI01,I01-25,DSI01-024,AVERTISSEUR DE FUMEE AUTONOME 120V MURAL,A,1,RENVOI_LOGEMENTS,MODELE NON PRECISE,"120V montage mural, interconnexion3#14 suivant notes",
DSI01,I01-26,DSI01-033,AVERTISSEUR DE FUMEE AUTONOME 120V MURAL,A,1,RENVOI_LOGEMENTS,MODELE NON PRECISE,"120V montage mural, interconnexion3#14 suivant notes",
DSI01,I01-27,DSI01-032,AVERTISSEUR DE FUMEE AUTONOME 120V MURAL,A,1,RENVOI_LOGEMENTS,MODELE NON PRECISE,"120V montage mural, interconnexion3#14 suivant notes",
DSI01,I01-28,DSI01-031,AVERTISSEUR DE FUMEE AUTONOME 120V MURAL,A,1,RENVOI_LOGEMENTS,MODELE NON PRECISE,"120V montage mural, interconnexion3#14 suivant notes",
DSI01,I01-29,DSI01-028,AVERTISSEUR DE FUMEE AUTONOME 120V MURAL,A,1,RENVOI_LOGEMENTS,MODELE NON PRECISE,"120V montage mural, interconnexion3#14 suivant notes",
DSI01,I01-30,DSI01-030,AVERTISSEUR DE FUMEE AUTONOME 120V MURAL,A,1,RENVOI_LOGEMENTS,MODELE NON PRECISE,"120V montage mural, interconnexion3#14 suivant notes",
DSI01,I01-31,DSI01-025,AVERTISSEUR DE FUMEE AUTONOME 120V MURAL,A,1,RENVOI_LOGEMENTS,MODELE NON PRECISE,"120V montage mural, interconnexion3#14 suivant notes",
DSI01,I01-32,DSI01-029,AVERTISSEUR DE FUMEE AUTONOME 120V MURAL,A,1,RENVOI_LOGEMENTS,MODELE NON PRECISE,"120V montage mural, interconnexion3#14 suivant notes",
DSI01,I01-33,DSI01-026,AVERTISSEUR DE FUMEE AUTONOME 120V MURAL,A,1,RENVOI_LOGEMENTS,MODELE NON PRECISE,"120V montage mural, interconnexion3#14 suivant notes",
DSI01,I01-34,DSI01-027,AVERTISSEUR DE FUMEE AUTONOME 120V MURAL,A,1,RENVOI_LOGEMENTS,MODELE NON PRECISE,"120V montage mural, interconnexion3#14 suivant notes",
DSI01,I01-35,DSI01-034,AVERTISSEUR DE FUMEE AUTONOME 120V MURAL,A,1,RENVOI_LOGEMENTS,MODELE NON PRECISE,"120V montage mural, interconnexion3#14 suivant notes",
DSI01,I01-36,DSI01-035,AVERTISSEUR DE FUMEE AUTONOME 120V MURAL,A,1,RENVOI_LOGEMENTS,MODELE NON PRECISE,"120V montage mural, interconnexion3#14 suivant notes",
DSI01,I02-01,DSI01-121,AVERTISSEUR INCENDIE KLAXON,K,1,INSTALLER,MODELE NON PRECISE,Klaxon selon legende; sonore/visuel a confirmer au schema/devis,
DSI01,I02-02,DSI01-106,AVERTISSEUR INCENDIE KLAXON,K,1,INSTALLER,MODELE NON PRECISE,Klaxon selon legende; sonore/visuel a confirmer au schema/devis,
DSI01,I02-03,DSI01-107,AVERTISSEUR INCENDIE KLAXON,K,1,INSTALLER,MODELE NON PRECISE,Klaxon selon legende; sonore/visuel a confirmer au schema/devis,
DSI01,I02-04,DSI01-116,AVERTISSEUR INCENDIE KLAXON,K,1,INSTALLER,MODELE NON PRECISE,Klaxon selon legende; sonore/visuel a confirmer au schema/devis,
DSI01,I02-05,DSI01-117,AVERTISSEUR INCENDIE KLAXON,K,1,INSTALLER,MODELE NON PRECISE,Klaxon selon legende; sonore/visuel a confirmer au schema/devis,
DSI01,I02-06,DSI01-111,AVERTISSEUR INCENDIE KLAXON,K,1,INSTALLER,MODELE NON PRECISE,Klaxon selon legende; sonore/visuel a confirmer au schema/devis,
DSI01,I02-07,DSI01-103,AVERTISSEUR INCENDIE KLAXON,K,1,INSTALLER,MODELE NON PRECISE,Klaxon selon legende; sonore/visuel a confirmer au schema/devis,
DSI01,I02-08,DSI01-102,AVERTISSEUR INCENDIE KLAXON,K,1,INSTALLER,MODELE NON PRECISE,Klaxon selon legende; sonore/visuel a confirmer au schema/devis,
DSI01,I02-09,DSI01-113,AVERTISSEUR INCENDIE KLAXON,K,1,INSTALLER,MODELE NON PRECISE,Klaxon selon legende; sonore/visuel a confirmer au schema/devis,
DSI01,I02-10,DSI01-112,AVERTISSEUR INCENDIE KLAXON,K,1,INSTALLER,MODELE NON PRECISE,Klaxon selon legende; sonore/visuel a confirmer au schema/devis,
DSI01,I02-11,DSI01-110,AVERTISSEUR INCENDIE KLAXON,K,1,INSTALLER,MODELE NON PRECISE,Klaxon selon legende; sonore/visuel a confirmer au schema/devis,
DSI01,I02-12,DSI01-120,AVERTISSEUR INCENDIE KLAXON,K,1,INSTALLER,MODELE NON PRECISE,Klaxon selon legende; sonore/visuel a confirmer au schema/devis,
DSI01,I02-13,DSI01-108,AVERTISSEUR INCENDIE KLAXON,K,1,INSTALLER,MODELE NON PRECISE,Klaxon selon legende; sonore/visuel a confirmer au schema/devis,
DSI01,I02-14,DSI01-109,AVERTISSEUR INCENDIE KLAXON,K,1,INSTALLER,MODELE NON PRECISE,Klaxon selon legende; sonore/visuel a confirmer au schema/devis,
DSI01,I02-15,DSI01-118,AVERTISSEUR INCENDIE KLAXON,K,1,INSTALLER,MODELE NON PRECISE,Klaxon selon legende; sonore/visuel a confirmer au schema/devis,
DSI01,I02-16,DSI01-119,AVERTISSEUR INCENDIE KLAXON,K,1,INSTALLER,MODELE NON PRECISE,Klaxon selon legende; sonore/visuel a confirmer au schema/devis,
DSI01,I02-17,DSI01-084,AVERTISSEUR INCENDIE KLAXON,K,1,INSTALLER,MODELE NON PRECISE,Klaxon selon legende; sonore/visuel a confirmer au schema/devis,
DSI01,I02-18,DSI01-083,AVERTISSEUR INCENDIE KLAXON,K,1,INSTALLER,MODELE NON PRECISE,Klaxon selon legende; sonore/visuel a confirmer au schema/devis,
DSI01,I02-19,DSI01-094,AVERTISSEUR INCENDIE KLAXON,K,1,INSTALLER,MODELE NON PRECISE,Klaxon selon legende; sonore/visuel a confirmer au schema/devis,
DSI01,I02-20,DSI01-095,AVERTISSEUR INCENDIE KLAXON,K,1,INSTALLER,MODELE NON PRECISE,Klaxon selon legende; sonore/visuel a confirmer au schema/devis,
DSI01,I02-21,DSI01-099,AVERTISSEUR INCENDIE KLAXON,K,1,INSTALLER,MODELE NON PRECISE,Klaxon selon legende; sonore/visuel a confirmer au schema/devis,
DSI01,I02-22,DSI01-082,AVERTISSEUR INCENDIE KLAXON,K,1,INSTALLER,MODELE NON PRECISE,Klaxon selon legende; sonore/visuel a confirmer au schema/devis,
DSI01,I02-23,DSI01-081,AVERTISSEUR INCENDIE KLAXON,K,1,INSTALLER,MODELE NON PRECISE,Klaxon selon legende; sonore/visuel a confirmer au schema/devis,
DSI01,I02-24,DSI01-091,AVERTISSEUR INCENDIE KLAXON,K,1,INSTALLER,MODELE NON PRECISE,Klaxon selon legende; sonore/visuel a confirmer au schema/devis,
DSI01,I02-25,DSI01-090,AVERTISSEUR INCENDIE KLAXON,K,1,INSTALLER,MODELE NON PRECISE,Klaxon selon legende; sonore/visuel a confirmer au schema/devis,
DSI01,I02-26,DSI01-098,AVERTISSEUR INCENDIE KLAXON,K,1,INSTALLER,MODELE NON PRECISE,Klaxon selon legende; sonore/visuel a confirmer au schema/devis,
DSI01,I02-27,DSI01-096,AVERTISSEUR INCENDIE KLAXON,K,1,INSTALLER,MODELE NON PRECISE,Klaxon selon legende; sonore/visuel a confirmer au schema/devis,
DSI01,I02-28,DSI01-097,AVERTISSEUR INCENDIE KLAXON,K,1,INSTALLER,MODELE NON PRECISE,Klaxon selon legende; sonore/visuel a confirmer au schema/devis,
DSI01,I02-29,DSI01-085,AVERTISSEUR INCENDIE KLAXON,K,1,INSTALLER,MODELE NON PRECISE,Klaxon selon legende; sonore/visuel a confirmer au schema/devis,
DSI01,I03-01,DSI01-105,DECLENCHEUR MANUEL ADRESSABLE,F,1,INSTALLER,MODELE NON PRECISE,Selon DSI09; aucun fabricant/modele nomme,
DSI01,I03-02,DSI01-115,DECLENCHEUR MANUEL ADRESSABLE,F,1,INSTALLER,MODELE NON PRECISE,Selon DSI09; aucun fabricant/modele nomme,
DSI01,I03-03,DSI01-104,DECLENCHEUR MANUEL ADRESSABLE,F,1,INSTALLER,MODELE NON PRECISE,Selon DSI09; aucun fabricant/modele nomme,
DSI01,I03-04,DSI01-114,DECLENCHEUR MANUEL ADRESSABLE,F,1,INSTALLER,MODELE NON PRECISE,Selon DSI09; aucun fabricant/modele nomme,
DSI01,I03-05,DSI01-079,DECLENCHEUR MANUEL ADRESSABLE,F,1,INSTALLER,MODELE NON PRECISE,Selon DSI09; aucun fabricant/modele nomme,
DSI01,I03-06,DSI01-101,DECLENCHEUR MANUEL ADRESSABLE,F,1,INSTALLER,MODELE NON PRECISE,Selon DSI09; aucun fabricant/modele nomme,
DSI01,I03-07,DSI01-080,DECLENCHEUR MANUEL ADRESSABLE,F,1,INSTALLER,MODELE NON PRECISE,Selon DSI09; aucun fabricant/modele nomme,
DSI01,I03-08,DSI01-093,DECLENCHEUR MANUEL ADRESSABLE,F,1,INSTALLER,MODELE NON PRECISE,Selon DSI09; aucun fabricant/modele nomme,
DSI01,I03-09,DSI01-078,DECLENCHEUR MANUEL ADRESSABLE,F,1,INSTALLER,MODELE NON PRECISE,Selon DSI09; aucun fabricant/modele nomme,
DSI01,I03-10,DSI01-092,DECLENCHEUR MANUEL ADRESSABLE,F,1,INSTALLER,MODELE NON PRECISE,Selon DSI09; aucun fabricant/modele nomme,
DSI01,I03-11,DSI01-100,DECLENCHEUR MANUEL ADRESSABLE,F,1,INSTALLER,MODELE NON PRECISE,Selon DSI09; aucun fabricant/modele nomme,
DSI01,I04-01,DSI01-059,DETECTEUR DE FUMEE ADRESSABLE,DF,1,INSTALLER,MODELE NON PRECISE,Selon DSI09; aucun fabricant/modele nomme,
DSI01,I04-02,DSI01-036,DETECTEUR DE FUMEE ADRESSABLE,DF,1,INSTALLER,MODELE NON PRECISE,Selon DSI09; aucun fabricant/modele nomme,
DSI01,I04-03,DSI01-037,DETECTEUR DE FUMEE ADRESSABLE,DF,1,INSTALLER,MODELE NON PRECISE,Selon DSI09; aucun fabricant/modele nomme,
DSI01,I04-04,DSI01-056,DETECTEUR DE FUMEE ADRESSABLE,DF,1,INSTALLER,MODELE NON PRECISE,Selon DSI09; aucun fabricant/modele nomme,
DSI01,I04-05,DSI01-057,DETECTEUR DE FUMEE ADRESSABLE,DF,1,INSTALLER,MODELE NON PRECISE,Selon DSI09; aucun fabricant/modele nomme,
DSI01,I04-06,DSI01-058,DETECTEUR DE FUMEE ADRESSABLE,DF,1,INSTALLER,MODELE NON PRECISE,Selon DSI09; aucun fabricant/modele nomme,
DSI01,I04-07,DSI01-016,DETECTEUR DE FUMEE ADRESSABLE,DF,1,INSTALLER,MODELE NON PRECISE,Selon DSI09; aucun fabricant/modele nomme,
DSI01,I04-08,DSI01-001,DETECTEUR DE FUMEE ADRESSABLE,DF,1,INSTALLER,MODELE NON PRECISE,Selon DSI09; aucun fabricant/modele nomme,
DSI01,I04-09,DSI01-002,DETECTEUR DE FUMEE ADRESSABLE,DF,1,INSTALLER,MODELE NON PRECISE,Selon DSI09; aucun fabricant/modele nomme,
DSI01,I04-10,DSI01-005,DETECTEUR DE FUMEE ADRESSABLE,DF,1,INSTALLER,MODELE NON PRECISE,Selon DSI09; aucun fabricant/modele nomme,
DSI01,I04-11,DSI01-014,DETECTEUR DE FUMEE ADRESSABLE,DF,1,INSTALLER,MODELE NON PRECISE,Selon DSI09; aucun fabricant/modele nomme,
DSI01,I04-12,DSI01-015,DETECTEUR DE FUMEE ADRESSABLE,DF,1,INSTALLER,MODELE NON PRECISE,Selon DSI09; aucun fabricant/modele nomme,
DSI01,I04-13,DSI01-017,DETECTEUR DE FUMEE ADRESSABLE,DF,1,INSTALLER,MODELE NON PRECISE,Selon DSI09; aucun fabricant/modele nomme,
DSI01,I05-01,DSI01-039,DETECTEUR THERMIQUE 57C FIXE,DT,1,INSTALLER,MODELE NON PRECISE,57C/135F fixe suivant legende,
DSI01,I05-02,DSI01-040,DETECTEUR THERMIQUE 57C FIXE,DT,1,INSTALLER,MODELE NON PRECISE,57C/135F fixe suivant legende,
DSI01,I05-03,DSI01-061,DETECTEUR THERMIQUE 57C FIXE,DT,1,INSTALLER,MODELE NON PRECISE,57C/135F fixe suivant legende,
DSI01,I05-04,DSI01-062,DETECTEUR THERMIQUE 57C FIXE,DT,1,INSTALLER,MODELE NON PRECISE,57C/135F fixe suivant legende,
DSI01,I05-05,DSI01-043,DETECTEUR THERMIQUE 57C FIXE,DT,1,INSTALLER,MODELE NON PRECISE,57C/135F fixe suivant legende,
DSI01,I05-06,DSI01-065,DETECTEUR THERMIQUE 57C FIXE,DT,1,INSTALLER,MODELE NON PRECISE,57C/135F fixe suivant legende,
DSI01,I05-07,DSI01-041,DETECTEUR THERMIQUE 57C FIXE,DT,1,INSTALLER,MODELE NON PRECISE,57C/135F fixe suivant legende,
DSI01,I05-08,DSI01-063,DETECTEUR THERMIQUE 57C FIXE,DT,1,INSTALLER,MODELE NON PRECISE,57C/135F fixe suivant legende,
DSI01,I05-09,DSI01-038,DETECTEUR THERMIQUE 57C FIXE,DT,1,INSTALLER,MODELE NON PRECISE,57C/135F fixe suivant legende,
DSI01,I05-10,DSI01-042,DETECTEUR THERMIQUE 57C FIXE,DT,1,INSTALLER,MODELE NON PRECISE,57C/135F fixe suivant legende,
DSI01,I05-11,DSI01-060,DETECTEUR THERMIQUE 57C FIXE,DT,1,INSTALLER,MODELE NON PRECISE,57C/135F fixe suivant legende,
DSI01,I05-12,DSI01-064,DETECTEUR THERMIQUE 57C FIXE,DT,1,INSTALLER,MODELE NON PRECISE,57C/135F fixe suivant legende,
DSI01,I05-13,DSI01-004,DETECTEUR THERMIQUE 57C FIXE,DT,1,INSTALLER,MODELE NON PRECISE,57C/135F fixe suivant legende,
DSI01,I05-14,DSI01-013,DETECTEUR THERMIQUE 57C FIXE,DT,1,INSTALLER,MODELE NON PRECISE,57C/135F fixe suivant legende,
DSI01,I05-15,DSI01-003,DETECTEUR THERMIQUE 57C FIXE,DT,1,INSTALLER,MODELE NON PRECISE,57C/135F fixe suivant legende,
DSI01,I05-16,DSI01-012,DETECTEUR THERMIQUE 57C FIXE,DT,1,INSTALLER,MODELE NON PRECISE,57C/135F fixe suivant legende,
DSI01,I05-17,DSI01-019,DETECTEUR THERMIQUE 57C FIXE,DT,1,INSTALLER,MODELE NON PRECISE,57C/135F fixe suivant legende,
DSI01,I05-18,DSI01-020,DETECTEUR THERMIQUE 57C FIXE,DT,1,INSTALLER,MODELE NON PRECISE,57C/135F fixe suivant legende,
DSI01,I05-19,DSI01-023,DETECTEUR THERMIQUE 57C FIXE,DT,1,INSTALLER,MODELE NON PRECISE,57C/135F fixe suivant legende,
DSI01,I05-20,DSI01-021,DETECTEUR THERMIQUE 57C FIXE,DT,1,INSTALLER,MODELE NON PRECISE,57C/135F fixe suivant legende,
DSI01,I05-21,DSI01-018,DETECTEUR THERMIQUE 57C FIXE,DT,1,INSTALLER,MODELE NON PRECISE,57C/135F fixe suivant legende,
DSI01,I05-22,DSI01-022,DETECTEUR THERMIQUE 57C FIXE,DT,1,INSTALLER,MODELE NON PRECISE,57C/135F fixe suivant legende,
DSI01,I05-23,DSI01-006,DETECTEUR THERMIQUE 57C FIXE,DT,1,INSTALLER,MODELE NON PRECISE,57C/135F fixe suivant legende,
DSI01,I05-24,DSI01-008,DETECTEUR THERMIQUE 57C FIXE,DT,1,INSTALLER,MODELE NON PRECISE,57C/135F fixe suivant legende,
DSI01,I05-25,DSI01-009,DETECTEUR THERMIQUE 57C FIXE,DT,1,INSTALLER,MODELE NON PRECISE,57C/135F fixe suivant legende,
DSI01,I05-26,DSI01-007,DETECTEUR THERMIQUE 57C FIXE,DT,1,INSTALLER,MODELE NON PRECISE,57C/135F fixe suivant legende,
DSI01,I05-27,DSI01-010,DETECTEUR THERMIQUE 57C FIXE,DT,1,INSTALLER,MODELE NON PRECISE,57C/135F fixe suivant legende,
DSI01,I05-28,DSI01-011,DETECTEUR THERMIQUE 57C FIXE,DT,1,INSTALLER,MODELE NON PRECISE,57C/135F fixe suivant legende,
DSI01,I06-01,DSI01-086,MODULE ADRESSABLE SIMPLE,MA,1,INSTALLER,MODELE NON PRECISE,Selon DSI09; aucun fabricant/modele nomme,
DSI01,I06-02,DSI01-087,MODULE ADRESSABLE SIMPLE,MA,1,INSTALLER,MODELE NON PRECISE,Selon DSI09; aucun fabricant/modele nomme,
DSI01,I06-03,DSI01-088,MODULE ADRESSABLE SIMPLE,MA,1,INSTALLER,MODELE NON PRECISE,Selon DSI09; aucun fabricant/modele nomme,
DSI01,I07-01,DSI01-122,PANNEAU ALARME INCENDIE,PAI,1,INSTALLER,MODELE NON PRECISE,Adressable; DSI09 configurations et surveillance contradictoires reservees,
DSI01,I08-01,DSI01-089,"RELAIS ADRESSABLE Tous les symboles retenus ont un ancrage PDF exact. de quantite additionnelle; ne pas additionner plans, diagrammes et plans types logements. prescrits hors plan, repartition par site a confirmer; affiches et accessoires classes A/B et surveillance a distance contradictoires: reserves. Longueurs cables/conduits des fichiers et rendu PDF seulement. unifilaire partiel F0.1 a F0.4. Reperes DT1.10 du schema differents du plan.",RA dans bordereau complementaire. et depose ancien systeme,1 non quantifiables,INSTALLER sur ces diagrammes.,MODELE NON PRECISE,Selon DSI09; aucun fabricant/modele nomme,
DSI02,I01-01,DSI02-058,AVERTISSEUR INCENDIE KLAXON,K,1,RENVOI_DSI01,MODELE NON PRECISE,"Schema partiel: reperes extremes et ellipses ne donnent pas une quantite physique; plan de niveau maitre, divergence modules a confirmer",
DSI02,I01-02,DSI02-059,AVERTISSEUR INCENDIE KLAXON,K,1,RENVOI_DSI01,MODELE NON PRECISE,"Schema partiel: reperes extremes et ellipses ne donnent pas une quantite physique; plan de niveau maitre, divergence modules a confirmer",
DSI02,I01-03,DSI02-056,AVERTISSEUR INCENDIE KLAXON,K,1,RENVOI_DSI01,MODELE NON PRECISE,"Schema partiel: reperes extremes et ellipses ne donnent pas une quantite physique; plan de niveau maitre, divergence modules a confirmer",
DSI02,I01-04,DSI02-057,AVERTISSEUR INCENDIE KLAXON,K,1,RENVOI_DSI01,MODELE NON PRECISE,"Schema partiel: reperes extremes et ellipses ne donnent pas une quantite physique; plan de niveau maitre, divergence modules a confirmer",
DSI02,I01-05,DSI02-048,AVERTISSEUR INCENDIE KLAXON,K,1,RENVOI_DSI01,MODELE NON PRECISE,"Schema partiel: reperes extremes et ellipses ne donnent pas une quantite physique; plan de niveau maitre, divergence modules a confirmer",
DSI02,I01-06,DSI02-049,AVERTISSEUR INCENDIE KLAXON,K,1,RENVOI_DSI01,MODELE NON PRECISE,"Schema partiel: reperes extremes et ellipses ne donnent pas une quantite physique; plan de niveau maitre, divergence modules a confirmer",
DSI02,I01-07,DSI02-046,AVERTISSEUR INCENDIE KLAXON,K,1,RENVOI_DSI01,MODELE NON PRECISE,"Schema partiel: reperes extremes et ellipses ne donnent pas une quantite physique; plan de niveau maitre, divergence modules a confirmer",
DSI02,I01-08,DSI02-047,AVERTISSEUR INCENDIE KLAXON,K,1,RENVOI_DSI01,MODELE NON PRECISE,"Schema partiel: reperes extremes et ellipses ne donnent pas une quantite physique; plan de niveau maitre, divergence modules a confirmer",
DSI02,I01-09,DSI02-036,AVERTISSEUR INCENDIE KLAXON,K,1,RENVOI_DSI01,MODELE NON PRECISE,"Schema partiel: reperes extremes et ellipses ne donnent pas une quantite physique; plan de niveau maitre, divergence modules a confirmer",
DSI02,I01-10,DSI02-037,AVERTISSEUR INCENDIE KLAXON,K,1,RENVOI_DSI01,MODELE NON PRECISE,"Schema partiel: reperes extremes et ellipses ne donnent pas une quantite physique; plan de niveau maitre, divergence modules a confirmer",
DSI02,I01-11,DSI02-039,AVERTISSEUR INCENDIE KLAXON,K,1,RENVOI_DSI01,MODELE NON PRECISE,"Schema partiel: reperes extremes et ellipses ne donnent pas une quantite physique; plan de niveau maitre, divergence modules a confirmer",
DSI02,I01-12,DSI02-038,AVERTISSEUR INCENDIE KLAXON,K,1,RENVOI_DSI01,MODELE NON PRECISE,"Schema partiel: reperes extremes et ellipses ne donnent pas une quantite physique; plan de niveau maitre, divergence modules a confirmer",
DSI02,I01-13,DSI02-028,AVERTISSEUR INCENDIE KLAXON,K,1,RENVOI_DSI01,MODELE NON PRECISE,"Schema partiel: reperes extremes et ellipses ne donnent pas une quantite physique; plan de niveau maitre, divergence modules a confirmer",
DSI02,I01-14,DSI02-029,AVERTISSEUR INCENDIE KLAXON,K,1,RENVOI_DSI01,MODELE NON PRECISE,"Schema partiel: reperes extremes et ellipses ne donnent pas une quantite physique; plan de niveau maitre, divergence modules a confirmer",
DSI02,I02-01,DSI02-053,DECLENCHEUR MANUEL ADRESSABLE,F,1,RENVOI_DSI01,MODELE NON PRECISE,"Schema partiel: reperes extremes et ellipses ne donnent pas une quantite physique; plan de niveau maitre, divergence modules a confirmer",
DSI02,I02-02,DSI02-052,DECLENCHEUR MANUEL ADRESSABLE,F,1,RENVOI_DSI01,MODELE NON PRECISE,"Schema partiel: reperes extremes et ellipses ne donnent pas une quantite physique; plan de niveau maitre, divergence modules a confirmer",
DSI02,I02-03,DSI02-043,DECLENCHEUR MANUEL ADRESSABLE,F,1,RENVOI_DSI01,MODELE NON PRECISE,"Schema partiel: reperes extremes et ellipses ne donnent pas une quantite physique; plan de niveau maitre, divergence modules a confirmer",
DSI02,I02-04,DSI02-042,DECLENCHEUR MANUEL ADRESSABLE,F,1,RENVOI_DSI01,MODELE NON PRECISE,"Schema partiel: reperes extremes et ellipses ne donnent pas une quantite physique; plan de niveau maitre, divergence modules a confirmer",
DSI02,I02-05,DSI02-033,DECLENCHEUR MANUEL ADRESSABLE,F,1,RENVOI_DSI01,MODELE NON PRECISE,"Schema partiel: reperes extremes et ellipses ne donnent pas une quantite physique; plan de niveau maitre, divergence modules a confirmer",
DSI02,I02-06,DSI02-032,DECLENCHEUR MANUEL ADRESSABLE,F,1,RENVOI_DSI01,MODELE NON PRECISE,"Schema partiel: reperes extremes et ellipses ne donnent pas une quantite physique; plan de niveau maitre, divergence modules a confirmer",
DSI02,I02-07,DSI02-027,DECLENCHEUR MANUEL ADRESSABLE,F,1,RENVOI_DSI01,MODELE NON PRECISE,"Schema partiel: reperes extremes et ellipses ne donnent pas une quantite physique; plan de niveau maitre, divergence modules a confirmer",
DSI02,I02-08,DSI02-026,DECLENCHEUR MANUEL ADRESSABLE,F,1,RENVOI_DSI01,MODELE NON PRECISE,"Schema partiel: reperes extremes et ellipses ne donnent pas une quantite physique; plan de niveau maitre, divergence modules a confirmer",
DSI02,I03-01,DSI02-002,DETECTEUR DE FUMEE ADRESSABLE,DF,1,RENVOI_DSI01,MODELE NON PRECISE,"Schema partiel: reperes extremes et ellipses ne donnent pas une quantite physique; plan de niveau maitre, divergence modules a confirmer",
DSI02,I03-02,DSI02-050,DETECTEUR DE FUMEE ADRESSABLE,DF,1,RENVOI_DSI01,MODELE NON PRECISE,"Schema partiel: reperes extremes et ellipses ne donnent pas une quantite physique; plan de niveau maitre, divergence modules a confirmer",
DSI02,I03-03,DSI02-051,DETECTEUR DE FUMEE ADRESSABLE,DF,1,RENVOI_DSI01,MODELE NON PRECISE,"Schema partiel: reperes extremes et ellipses ne donnent pas une quantite physique; plan de niveau maitre, divergence modules a confirmer",
DSI02,I03-04,DSI02-003,DETECTEUR DE FUMEE ADRESSABLE,DF,1,RENVOI_DSI01,MODELE NON PRECISE,"Schema partiel: reperes extremes et ellipses ne donnent pas une quantite physique; plan de niveau maitre, divergence modules a confirmer",
DSI02,I03-05,DSI02-040,DETECTEUR DE FUMEE ADRESSABLE,DF,1,RENVOI_DSI01,MODELE NON PRECISE,"Schema partiel: reperes extremes et ellipses ne donnent pas une quantite physique; plan de niveau maitre, divergence modules a confirmer",
DSI02,I03-06,DSI02-041,DETECTEUR DE FUMEE ADRESSABLE,DF,1,RENVOI_DSI01,MODELE NON PRECISE,"Schema partiel: reperes extremes et ellipses ne donnent pas une quantite physique; plan de niveau maitre, divergence modules a confirmer",
DSI02,I03-07,DSI02-030,DETECTEUR DE FUMEE ADRESSABLE,DF,1,RENVOI_DSI01,MODELE NON PRECISE,"Schema partiel: reperes extremes et ellipses ne donnent pas une quantite physique; plan de niveau maitre, divergence modules a confirmer",
DSI02,I03-08,DSI02-031,DETECTEUR DE FUMEE ADRESSABLE,DF,1,RENVOI_DSI01,MODELE NON PRECISE,"Schema partiel: reperes extremes et ellipses ne donnent pas une quantite physique; plan de niveau maitre, divergence modules a confirmer",
DSI02,I03-09,DSI02-022,DETECTEUR DE FUMEE ADRESSABLE,DF,1,RENVOI_DSI01,MODELE NON PRECISE,"Schema partiel: reperes extremes et ellipses ne donnent pas une quantite physique; plan de niveau maitre, divergence modules a confirmer",
DSI02,I03-10,DSI02-023,DETECTEUR DE FUMEE ADRESSABLE,DF,1,RENVOI_DSI01,MODELE NON PRECISE,"Schema partiel: reperes extremes et ellipses ne donnent pas une quantite physique; plan de niveau maitre, divergence modules a confirmer",
DSI02,I04-01,DSI02-054,DETECTEUR THERMIQUE 57C FIXE,DT,1,RENVOI_DSI01,MODELE NON PRECISE,"Schema partiel: reperes extremes et ellipses ne donnent pas une quantite physique; plan de niveau maitre, divergence modules a confirmer",
DSI02,I04-02,DSI02-055,DETECTEUR THERMIQUE 57C FIXE,DT,1,RENVOI_DSI01,MODELE NON PRECISE,"Schema partiel: reperes extremes et ellipses ne donnent pas une quantite physique; plan de niveau maitre, divergence modules a confirmer",
DSI02,I04-03,DSI02-044,DETECTEUR THERMIQUE 57C FIXE,DT,1,RENVOI_DSI01,MODELE NON PRECISE,"Schema partiel: reperes extremes et ellipses ne donnent pas une quantite physique; plan de niveau maitre, divergence modules a confirmer",
DSI02,I04-04,DSI02-045,DETECTEUR THERMIQUE 57C FIXE,DT,1,RENVOI_DSI01,MODELE NON PRECISE,"Schema partiel: reperes extremes et ellipses ne donnent pas une quantite physique; plan de niveau maitre, divergence modules a confirmer",
DSI02,I04-05,DSI02-034,DETECTEUR THERMIQUE 57C FIXE,DT,1,RENVOI_DSI01,MODELE NON PRECISE,"Schema partiel: reperes extremes et ellipses ne donnent pas une quantite physique; plan de niveau maitre, divergence modules a confirmer",
DSI02,I04-06,DSI02-035,DETECTEUR THERMIQUE 57C FIXE,DT,1,RENVOI_DSI01,MODELE NON PRECISE,"Schema partiel: reperes extremes et ellipses ne donnent pas une quantite physique; plan de niveau maitre, divergence modules a confirmer",
DSI02,I04-07,DSI02-025,DETECTEUR THERMIQUE 57C FIXE,DT,1,RENVOI_DSI01,MODELE NON PRECISE,"Schema partiel: reperes extremes et ellipses ne donnent pas une quantite physique; plan de niveau maitre, divergence modules a confirmer",
DSI02,I04-08,DSI02-024,DETECTEUR THERMIQUE 57C FIXE,DT,1,RENVOI_DSI01,MODELE NON PRECISE,"Schema partiel: reperes extremes et ellipses ne donnent pas une quantite physique; plan de niveau maitre, divergence modules a confirmer",
DSI02,I05-01,DSI02-061,MODULE ADRESSABLE DOUBLE,MA2,1,RENVOI_DSI01,MODELE NON PRECISE,"Schema partiel: reperes extremes et ellipses ne donnent pas une quantite physique; plan de niveau maitre, divergence modules a confirmer",
DSI02,I06-01,DSI02-060,MODULE ADRESSABLE SIMPLE,MA,1,RENVOI_DSI01,MODELE NON PRECISE,"Schema partiel: reperes extremes et ellipses ne donnent pas une quantite physique; plan de niveau maitre, divergence modules a confirmer",
DSI02,I06-02,DSI02-062,MODULE ADRESSABLE SIMPLE,MA,1,RENVOI_DSI01,MODELE NON PRECISE,"Schema partiel: reperes extremes et ellipses ne donnent pas une quantite physique; plan de niveau maitre, divergence modules a confirmer",
DSI02,I07-01,DSI02-008,MODULE ISOLATEUR BOUCLE ADRESSABLE,MIBA,1,INSTALLER,MODELE NON PRECISE,Quantite des symboles dessines seulement; configuration finale selon notes du diagramme et DSI09,
DSI02,I07-02,DSI02-009,MODULE ISOLATEUR BOUCLE ADRESSABLE,MIBA,1,INSTALLER,MODELE NON PRECISE,Quantite des symboles dessines seulement; configuration finale selon notes du diagramme et DSI09,
DSI02,I07-03,DSI02-010,MODULE ISOLATEUR BOUCLE ADRESSABLE,MIBA,1,INSTALLER,MODELE NON PRECISE,Quantite des symboles dessines seulement; configuration finale selon notes du diagramme et DSI09,
DSI02,I07-04,DSI02-013,MODULE ISOLATEUR BOUCLE ADRESSABLE,MIBA,1,INSTALLER,MODELE NON PRECISE,Quantite des symboles dessines seulement; configuration finale selon notes du diagramme et DSI09,
DSI02,I07-05,DSI02-005,MODULE ISOLATEUR BOUCLE ADRESSABLE,MIBA,1,INSTALLER,MODELE NON PRECISE,Quantite des symboles dessines seulement; configuration finale selon notes du diagramme et DSI09,
DSI02,I07-06,DSI02-015,MODULE ISOLATEUR BOUCLE ADRESSABLE,MIBA,1,INSTALLER,MODELE NON PRECISE,Quantite des symboles dessines seulement; configuration finale selon notes du diagramme et DSI09,
DSI02,I07-07,DSI02-016,MODULE ISOLATEUR BOUCLE ADRESSABLE,MIBA,1,INSTALLER,MODELE NON PRECISE,Quantite des symboles dessines seulement; configuration finale selon notes du diagramme et DSI09,
DSI02,I07-08,DSI02-012,MODULE ISOLATEUR BOUCLE ADRESSABLE,MIBA,1,INSTALLER,MODELE NON PRECISE,Quantite des symboles dessines seulement; configuration finale selon notes du diagramme et DSI09,
DSI02,I07-09,DSI02-011,MODULE ISOLATEUR BOUCLE ADRESSABLE,MIBA,1,INSTALLER,MODELE NON PRECISE,Quantite des symboles dessines seulement; configuration finale selon notes du diagramme et DSI09,
DSI02,I07-10,DSI02-007,MODULE ISOLATEUR BOUCLE ADRESSABLE,MIBA,1,INSTALLER,MODELE NON PRECISE,Quantite des symboles dessines seulement; configuration finale selon notes du diagramme et DSI09,
DSI02,I07-11,DSI02-004,MODULE ISOLATEUR BOUCLE ADRESSABLE,MIBA,1,INSTALLER,MODELE NON PRECISE,Quantite des symboles dessines seulement; configuration finale selon notes du diagramme et DSI09,
DSI02,I07-12,DSI02-014,MODULE ISOLATEUR BOUCLE ADRESSABLE,MIBA,1,INSTALLER,MODELE NON PRECISE,Quantite des symboles dessines seulement; configuration finale selon notes du diagramme et DSI09,
DSI02,I07-13,DSI02-006,MODULE ISOLATEUR BOUCLE ADRESSABLE,MIBA,1,INSTALLER,MODELE NON PRECISE,Quantite des symboles dessines seulement; configuration finale selon notes du diagramme et DSI09,
DSI02,I08-01,DSI02-017,PANNEAU ALARME INCENDIE,PAI,1,RENVOI_DSI01,MODELE NON PRECISE,"Schema partiel: reperes extremes et ellipses ne donnent pas une quantite physique; plan de niveau maitre, divergence modules a confirmer",
DSI02,I08-02,DSI02-001,PANNEAU ALARME INCENDIE,PAI,1,RENVOI_DSI01,MODELE NON PRECISE,"Schema partiel: reperes extremes et ellipses ne donnent pas une quantite physique; plan de niveau maitre, divergence modules a confirmer",
DSI02,I09-01,DSI02-018,RESISTANCE FIN DE LIGNE,RFL,1,INSTALLER,MODELE NON PRECISE,Quantite des symboles dessines seulement; configuration finale selon notes du diagramme et DSI09,
DSI02,I09-02,DSI02-019,RESISTANCE FIN DE LIGNE,RFL,1,INSTALLER,MODELE NON PRECISE,Quantite des symboles dessines seulement; configuration finale selon notes du diagramme et DSI09,
DSI02,I09-03,DSI02-020,RESISTANCE FIN DE LIGNE,RFL,1,INSTALLER,MODELE NON PRECISE,Quantite des symboles dessines seulement; configuration finale selon notes du diagramme et DSI09,
DSI02,I09-04,DSI02-021,"RESISTANCE FIN DE LIGNE Tous les symboles retenus ont un ancrage PDF exact. de quantite additionnelle; ne pas additionner plans, diagrammes et plans types logements. prescrits hors plan, repartition par site a confirmer; affiches et accessoires classes A/B et surveillance a distance contradictoires: reserves. Longueurs cables/conduits des fichiers et rendu PDF seulement. et ellipses ne sont pas un total appareils. MIBA et RFL ajoutes une seule fois; MA2",RFL dans bordereau complementaire. et depose ancien systeme versus MA simples a confirmer.,1 non quantifiables,INSTALLER sur ces diagrammes.,MODELE NON PRECISE,Quantite des symboles dessines seulement; configuration finale selon notes du diagramme et DSI09,
DSI03,I01-01,DSI03-025,AVERTISSEUR DE FUMEE AUTONOME 120V MURAL,A,1,RENVOI_LOGEMENTS,MODELE NON PRECISE,"120V montage mural, interconnexion3#14 suivant notes",
DSI03,I01-02,DSI03-027,AVERTISSEUR DE FUMEE AUTONOME 120V MURAL,A,1,RENVOI_LOGEMENTS,MODELE NON PRECISE,"120V montage mural, interconnexion3#14 suivant notes",
DSI03,I01-03,DSI03-010,AVERTISSEUR DE FUMEE AUTONOME 120V MURAL,A,1,RENVOI_LOGEMENTS,MODELE NON PRECISE,"120V montage mural, interconnexion3#14 suivant notes",
DSI03,I01-04,DSI03-012,AVERTISSEUR DE FUMEE AUTONOME 120V MURAL,A,1,RENVOI_LOGEMENTS,MODELE NON PRECISE,"120V montage mural, interconnexion3#14 suivant notes",
DSI03,I01-05,DSI03-007,AVERTISSEUR DE FUMEE AUTONOME 120V MURAL,A,1,RENVOI_LOGEMENTS,MODELE NON PRECISE,"120V montage mural, interconnexion3#14 suivant notes",
DSI03,I01-06,DSI03-022,AVERTISSEUR DE FUMEE AUTONOME 120V MURAL,A,1,RENVOI_LOGEMENTS,MODELE NON PRECISE,"120V montage mural, interconnexion3#14 suivant notes",
DSI03,I01-07,DSI03-008,AVERTISSEUR DE FUMEE AUTONOME 120V MURAL,A,1,RENVOI_LOGEMENTS,MODELE NON PRECISE,"120V montage mural, interconnexion3#14 suivant notes",
DSI03,I01-08,DSI03-023,AVERTISSEUR DE FUMEE AUTONOME 120V MURAL,A,1,RENVOI_LOGEMENTS,MODELE NON PRECISE,"120V montage mural, interconnexion3#14 suivant notes",
DSI03,I01-09,DSI03-024,AVERTISSEUR DE FUMEE AUTONOME 120V MURAL,A,1,RENVOI_LOGEMENTS,MODELE NON PRECISE,"120V montage mural, interconnexion3#14 suivant notes",
DSI03,I01-10,DSI03-009,AVERTISSEUR DE FUMEE AUTONOME 120V MURAL,A,1,RENVOI_LOGEMENTS,MODELE NON PRECISE,"120V montage mural, interconnexion3#14 suivant notes",
DSI03,I01-11,DSI03-006,AVERTISSEUR DE FUMEE AUTONOME 120V MURAL,A,1,RENVOI_LOGEMENTS,MODELE NON PRECISE,"120V montage mural, interconnexion3#14 suivant notes",
DSI03,I01-12,DSI03-021,AVERTISSEUR DE FUMEE AUTONOME 120V MURAL,A,1,RENVOI_LOGEMENTS,MODELE NON PRECISE,"120V montage mural, interconnexion3#14 suivant notes",
DSI03,I01-13,DSI03-028,AVERTISSEUR DE FUMEE AUTONOME 120V MURAL,A,1,RENVOI_LOGEMENTS,MODELE NON PRECISE,"120V montage mural, interconnexion3#14 suivant notes",
DSI03,I01-14,DSI03-026,AVERTISSEUR DE FUMEE AUTONOME 120V MURAL,A,1,RENVOI_LOGEMENTS,MODELE NON PRECISE,"120V montage mural, interconnexion3#14 suivant notes",
DSI03,I01-15,DSI03-013,AVERTISSEUR DE FUMEE AUTONOME 120V MURAL,A,1,RENVOI_LOGEMENTS,MODELE NON PRECISE,"120V montage mural, interconnexion3#14 suivant notes",
DSI03,I01-16,DSI03-011,AVERTISSEUR DE FUMEE AUTONOME 120V MURAL,A,1,RENVOI_LOGEMENTS,MODELE NON PRECISE,"120V montage mural, interconnexion3#14 suivant notes",
DSI03,I01-17,DSI03-040,AVERTISSEUR DE FUMEE AUTONOME 120V MURAL,A,1,RENVOI_LOGEMENTS,MODELE NON PRECISE,"120V montage mural, interconnexion3#14 suivant notes",
DSI03,I01-18,DSI03-042,AVERTISSEUR DE FUMEE AUTONOME 120V MURAL,A,1,RENVOI_LOGEMENTS,MODELE NON PRECISE,"120V montage mural, interconnexion3#14 suivant notes",
DSI03,I01-19,DSI03-037,AVERTISSEUR DE FUMEE AUTONOME 120V MURAL,A,1,RENVOI_LOGEMENTS,MODELE NON PRECISE,"120V montage mural, interconnexion3#14 suivant notes",
DSI03,I01-20,DSI03-038,AVERTISSEUR DE FUMEE AUTONOME 120V MURAL,A,1,RENVOI_LOGEMENTS,MODELE NON PRECISE,"120V montage mural, interconnexion3#14 suivant notes",
DSI03,I01-21,DSI03-039,AVERTISSEUR DE FUMEE AUTONOME 120V MURAL,A,1,RENVOI_LOGEMENTS,MODELE NON PRECISE,"120V montage mural, interconnexion3#14 suivant notes",
DSI03,I01-22,DSI03-036,AVERTISSEUR DE FUMEE AUTONOME 120V MURAL,A,1,RENVOI_LOGEMENTS,MODELE NON PRECISE,"120V montage mural, interconnexion3#14 suivant notes",
DSI03,I01-23,DSI03-043,AVERTISSEUR DE FUMEE AUTONOME 120V MURAL,A,1,RENVOI_LOGEMENTS,MODELE NON PRECISE,"120V montage mural, interconnexion3#14 suivant notes",
DSI03,I01-24,DSI03-041,AVERTISSEUR DE FUMEE AUTONOME 120V MURAL,A,1,RENVOI_LOGEMENTS,MODELE NON PRECISE,"120V montage mural, interconnexion3#14 suivant notes",
DSI03,I02-01,DSI03-059,AVERTISSEUR INCENDIE KLAXON,K,1,INSTALLER,MODELE NON PRECISE,Klaxon selon legende; sonore/visuel a confirmer au schema/devis,
DSI03,I02-02,DSI03-060,AVERTISSEUR INCENDIE KLAXON,K,1,INSTALLER,MODELE NON PRECISE,Klaxon selon legende; sonore/visuel a confirmer au schema/devis,
DSI03,I02-03,DSI03-066,AVERTISSEUR INCENDIE KLAXON,K,1,INSTALLER,MODELE NON PRECISE,Klaxon selon legende; sonore/visuel a confirmer au schema/devis,
DSI03,I02-04,DSI03-067,AVERTISSEUR INCENDIE KLAXON,K,1,INSTALLER,MODELE NON PRECISE,Klaxon selon legende; sonore/visuel a confirmer au schema/devis,
DSI03,I02-05,DSI03-058,AVERTISSEUR INCENDIE KLAXON,K,1,INSTALLER,MODELE NON PRECISE,Klaxon selon legende; sonore/visuel a confirmer au schema/devis,
DSI03,I02-06,DSI03-065,AVERTISSEUR INCENDIE KLAXON,K,1,INSTALLER,MODELE NON PRECISE,Klaxon selon legende; sonore/visuel a confirmer au schema/devis,
DSI03,I02-07,DSI03-062,AVERTISSEUR INCENDIE KLAXON,K,1,INSTALLER,MODELE NON PRECISE,Klaxon selon legende; sonore/visuel a confirmer au schema/devis,
DSI03,I02-08,DSI03-061,AVERTISSEUR INCENDIE KLAXON,K,1,INSTALLER,MODELE NON PRECISE,Klaxon selon legende; sonore/visuel a confirmer au schema/devis,
DSI03,I02-09,DSI03-069,AVERTISSEUR INCENDIE KLAXON,K,1,INSTALLER,MODELE NON PRECISE,Klaxon selon legende; sonore/visuel a confirmer au schema/devis,
DSI03,I02-10,DSI03-068,AVERTISSEUR INCENDIE KLAXON,K,1,INSTALLER,MODELE NON PRECISE,Klaxon selon legende; sonore/visuel a confirmer au schema/devis,
DSI03,I02-11,DSI03-088,AVERTISSEUR INCENDIE KLAXON,K,1,INSTALLER,MODELE NON PRECISE,Klaxon selon legende; sonore/visuel a confirmer au schema/devis,
DSI03,I02-12,DSI03-083,AVERTISSEUR INCENDIE KLAXON,K,1,INSTALLER,MODELE NON PRECISE,Klaxon selon legende; sonore/visuel a confirmer au schema/devis,
DSI03,I02-13,DSI03-073,AVERTISSEUR INCENDIE KLAXON,K,1,INSTALLER,MODELE NON PRECISE,Klaxon selon legende; sonore/visuel a confirmer au schema/devis,
DSI03,I02-14,DSI03-074,AVERTISSEUR INCENDIE KLAXON,K,1,INSTALLER,MODELE NON PRECISE,Klaxon selon legende; sonore/visuel a confirmer au schema/devis,
DSI03,I02-15,DSI03-087,AVERTISSEUR INCENDIE KLAXON,K,1,INSTALLER,MODELE NON PRECISE,Klaxon selon legende; sonore/visuel a confirmer au schema/devis,
DSI03,I02-16,DSI03-072,AVERTISSEUR INCENDIE KLAXON,K,1,INSTALLER,MODELE NON PRECISE,Klaxon selon legende; sonore/visuel a confirmer au schema/devis,
DSI03,I02-17,DSI03-081,AVERTISSEUR INCENDIE KLAXON,K,1,INSTALLER,MODELE NON PRECISE,Klaxon selon legende; sonore/visuel a confirmer au schema/devis,
DSI03,I02-18,DSI03-076,AVERTISSEUR INCENDIE KLAXON,K,1,INSTALLER,MODELE NON PRECISE,Klaxon selon legende; sonore/visuel a confirmer au schema/devis,
DSI03,I02-19,DSI03-075,AVERTISSEUR INCENDIE KLAXON,K,1,INSTALLER,MODELE NON PRECISE,Klaxon selon legende; sonore/visuel a confirmer au schema/devis,
DSI03,I02-20,DSI03-086,AVERTISSEUR INCENDIE KLAXON,K,1,INSTALLER,MODELE NON PRECISE,Klaxon selon legende; sonore/visuel a confirmer au schema/devis,
DSI03,I03-01,DSI03-056,DECLENCHEUR MANUEL ADRESSABLE,F,1,INSTALLER,MODELE NON PRECISE,Selon DSI09; aucun fabricant/modele nomme,
DSI03,I03-02,DSI03-063,DECLENCHEUR MANUEL ADRESSABLE,F,1,INSTALLER,MODELE NON PRECISE,Selon DSI09; aucun fabricant/modele nomme,
DSI03,I03-03,DSI03-057,DECLENCHEUR MANUEL ADRESSABLE,F,1,INSTALLER,MODELE NON PRECISE,Selon DSI09; aucun fabricant/modele nomme,
DSI03,I03-04,DSI03-064,DECLENCHEUR MANUEL ADRESSABLE,F,1,INSTALLER,MODELE NON PRECISE,Selon DSI09; aucun fabricant/modele nomme,
DSI03,I03-05,DSI03-085,DECLENCHEUR MANUEL ADRESSABLE,F,1,INSTALLER,MODELE NON PRECISE,Selon DSI09; aucun fabricant/modele nomme,
DSI03,I03-06,DSI03-084,DECLENCHEUR MANUEL ADRESSABLE,F,1,INSTALLER,MODELE NON PRECISE,Selon DSI09; aucun fabricant/modele nomme,
DSI03,I03-07,DSI03-078,DECLENCHEUR MANUEL ADRESSABLE,F,1,INSTALLER,MODELE NON PRECISE,Selon DSI09; aucun fabricant/modele nomme,
DSI03,I03-08,DSI03-070,DECLENCHEUR MANUEL ADRESSABLE,F,1,INSTALLER,MODELE NON PRECISE,Selon DSI09; aucun fabricant/modele nomme,
DSI03,I03-09,DSI03-080,DECLENCHEUR MANUEL ADRESSABLE,F,1,INSTALLER,MODELE NON PRECISE,Selon DSI09; aucun fabricant/modele nomme,
DSI03,I03-10,DSI03-082,DECLENCHEUR MANUEL ADRESSABLE,F,1,INSTALLER,MODELE NON PRECISE,Selon DSI09; aucun fabricant/modele nomme,
DSI03,I03-11,DSI03-071,DECLENCHEUR MANUEL ADRESSABLE,F,1,INSTALLER,MODELE NON PRECISE,Selon DSI09; aucun fabricant/modele nomme,
DSI03,I03-12,DSI03-077,DECLENCHEUR MANUEL ADRESSABLE,F,1,INSTALLER,MODELE NON PRECISE,Selon DSI09; aucun fabricant/modele nomme,
DSI03,I04-01,DSI03-001,DETECTEUR DE FUMEE ADRESSABLE,DF,1,INSTALLER,MODELE NON PRECISE,Selon DSI09; aucun fabricant/modele nomme,
DSI03,I04-02,DSI03-016,DETECTEUR DE FUMEE ADRESSABLE,DF,1,INSTALLER,MODELE NON PRECISE,Selon DSI09; aucun fabricant/modele nomme,
DSI03,I04-03,DSI03-014,DETECTEUR DE FUMEE ADRESSABLE,DF,1,INSTALLER,MODELE NON PRECISE,Selon DSI09; aucun fabricant/modele nomme,
DSI03,I04-04,DSI03-015,DETECTEUR DE FUMEE ADRESSABLE,DF,1,INSTALLER,MODELE NON PRECISE,Selon DSI09; aucun fabricant/modele nomme,
DSI03,I04-05,DSI03-044,DETECTEUR DE FUMEE ADRESSABLE,DF,1,INSTALLER,MODELE NON PRECISE,Selon DSI09; aucun fabricant/modele nomme,
DSI03,I04-06,DSI03-045,DETECTEUR DE FUMEE ADRESSABLE,DF,1,INSTALLER,MODELE NON PRECISE,Selon DSI09; aucun fabricant/modele nomme,
DSI03,I04-07,DSI03-031,DETECTEUR DE FUMEE ADRESSABLE,DF,1,INSTALLER,MODELE NON PRECISE,Selon DSI09; aucun fabricant/modele nomme,
DSI03,I04-08,DSI03-029,DETECTEUR DE FUMEE ADRESSABLE,DF,1,INSTALLER,MODELE NON PRECISE,Selon DSI09; aucun fabricant/modele nomme,
DSI03,I04-09,DSI03-030,DETECTEUR DE FUMEE ADRESSABLE,DF,1,INSTALLER,MODELE NON PRECISE,Selon DSI09; aucun fabricant/modele nomme,
DSI03,I05-01,DSI03-018,DETECTEUR THERMIQUE 57C FIXE,DT,1,INSTALLER,MODELE NON PRECISE,57C/135F fixe suivant legende,
DSI03,I05-02,DSI03-003,DETECTEUR THERMIQUE 57C FIXE,DT,1,INSTALLER,MODELE NON PRECISE,57C/135F fixe suivant legende,
DSI03,I05-03,DSI03-002,DETECTEUR THERMIQUE 57C FIXE,DT,1,INSTALLER,MODELE NON PRECISE,57C/135F fixe suivant legende,
DSI03,I05-04,DSI03-017,DETECTEUR THERMIQUE 57C FIXE,DT,1,INSTALLER,MODELE NON PRECISE,57C/135F fixe suivant legende,
DSI03,I05-05,DSI03-005,DETECTEUR THERMIQUE 57C FIXE,DT,1,INSTALLER,MODELE NON PRECISE,57C/135F fixe suivant legende,
DSI03,I05-06,DSI03-020,DETECTEUR THERMIQUE 57C FIXE,DT,1,INSTALLER,MODELE NON PRECISE,57C/135F fixe suivant legende,
DSI03,I05-07,DSI03-004,DETECTEUR THERMIQUE 57C FIXE,DT,1,INSTALLER,MODELE NON PRECISE,57C/135F fixe suivant legende,
DSI03,I05-08,DSI03-019,DETECTEUR THERMIQUE 57C FIXE,DT,1,INSTALLER,MODELE NON PRECISE,57C/135F fixe suivant legende,
DSI03,I05-09,DSI03-046,DETECTEUR THERMIQUE 57C FIXE,DT,1,INSTALLER,MODELE NON PRECISE,57C/135F fixe suivant legende,
DSI03,I05-10,DSI03-048,DETECTEUR THERMIQUE 57C FIXE,DT,1,INSTALLER,MODELE NON PRECISE,57C/135F fixe suivant legende,
DSI03,I05-11,DSI03-047,DETECTEUR THERMIQUE 57C FIXE,DT,1,INSTALLER,MODELE NON PRECISE,57C/135F fixe suivant legende,
DSI03,I05-12,DSI03-054,DETECTEUR THERMIQUE 57C FIXE,DT,1,INSTALLER,MODELE NON PRECISE,57C/135F fixe suivant legende,
DSI03,I05-13,DSI03-033,DETECTEUR THERMIQUE 57C FIXE,DT,1,INSTALLER,MODELE NON PRECISE,57C/135F fixe suivant legende,
DSI03,I05-14,DSI03-032,DETECTEUR THERMIQUE 57C FIXE,DT,1,INSTALLER,MODELE NON PRECISE,57C/135F fixe suivant legende,
DSI03,I05-15,DSI03-051,DETECTEUR THERMIQUE 57C FIXE,DT,1,INSTALLER,MODELE NON PRECISE,57C/135F fixe suivant legende,
DSI03,I05-16,DSI03-035,DETECTEUR THERMIQUE 57C FIXE,DT,1,INSTALLER,MODELE NON PRECISE,57C/135F fixe suivant legende,
DSI03,I05-17,DSI03-034,DETECTEUR THERMIQUE 57C FIXE,DT,1,INSTALLER,MODELE NON PRECISE,57C/135F fixe suivant legende,
DSI03,I05-18,DSI03-052,DETECTEUR THERMIQUE 57C FIXE,DT,1,INSTALLER,MODELE NON PRECISE,57C/135F fixe suivant legende,
DSI03,I05-19,DSI03-055,DETECTEUR THERMIQUE 57C FIXE,DT,1,INSTALLER,MODELE NON PRECISE,57C/135F fixe suivant legende,
DSI03,I05-20,DSI03-050,DETECTEUR THERMIQUE 57C FIXE,DT,1,INSTALLER,MODELE NON PRECISE,57C/135F fixe suivant legende,
DSI03,I05-21,DSI03-049,DETECTEUR THERMIQUE 57C FIXE,DT,1,INSTALLER,MODELE NON PRECISE,57C/135F fixe suivant legende,
DSI03,I05-22,DSI03-053,DETECTEUR THERMIQUE 57C FIXE,DT,1,INSTALLER,MODELE NON PRECISE,57C/135F fixe suivant legende,
DSI03,I06-01,DSI03-093,MODULE ADRESSABLE SIMPLE,MA,1,INSTALLER,MODELE NON PRECISE,Selon DSI09; aucun fabricant/modele nomme,
DSI03,I06-02,DSI03-079,MODULE ADRESSABLE SIMPLE,MA,1,INSTALLER,MODELE NON PRECISE,Selon DSI09; aucun fabricant/modele nomme,
DSI03,I06-03,DSI03-089,MODULE ADRESSABLE SIMPLE,MA,1,INSTALLER,MODELE NON PRECISE,Selon DSI09; aucun fabricant/modele nomme,
DSI03,I06-04,DSI03-090,MODULE ADRESSABLE SIMPLE,MA,1,INSTALLER,MODELE NON PRECISE,Selon DSI09; aucun fabricant/modele nomme,
DSI03,I06-05,DSI03-091,MODULE ADRESSABLE SIMPLE,MA,1,INSTALLER,MODELE NON PRECISE,Selon DSI09; aucun fabricant/modele nomme,
DSI03,I07-01,DSI03-094,PANNEAU ALARME INCENDIE,PAI,1,INSTALLER,MODELE NON PRECISE,Adressable; DSI09 configurations et surveillance contradictoires reservees,
DSI03,I08-01,DSI03-092,"RELAIS ADRESSABLE Tous les symboles retenus ont un ancrage PDF exact. de quantite additionnelle; ne pas additionner plans, diagrammes et plans types logements. prescrits hors plan, repartition par site a confirmer; affiches et accessoires classes A/B et surveillance a distance contradictoires: reserves. Longueurs cables/conduits des fichiers et rendu PDF seulement. quantites de symboles conservees; identifiants source dupliques. Modules MA1.1",RA dans bordereau complementaire. et depose ancien systeme repetes.,1 non quantifiables,INSTALLER sur ces diagrammes.,MODELE NON PRECISE,Selon DSI09; aucun fabricant/modele nomme,
DSI04,I01-01,DSI04-042,AVERTISSEUR INCENDIE KLAXON,K,1,RENVOI_DSI03,MODELE NON PRECISE,"Schema partiel: reperes extremes et ellipses ne donnent pas une quantite physique; plan de niveau maitre, divergence modules a confirmer",
DSI04,I01-02,DSI04-043,AVERTISSEUR INCENDIE KLAXON,K,1,RENVOI_DSI03,MODELE NON PRECISE,"Schema partiel: reperes extremes et ellipses ne donnent pas une quantite physique; plan de niveau maitre, divergence modules a confirmer",
DSI04,I01-03,DSI04-027,AVERTISSEUR INCENDIE KLAXON,K,1,RENVOI_DSI03,MODELE NON PRECISE,"Schema partiel: reperes extremes et ellipses ne donnent pas une quantite physique; plan de niveau maitre, divergence modules a confirmer",
DSI04,I01-04,DSI04-044,AVERTISSEUR INCENDIE KLAXON,K,1,RENVOI_DSI03,MODELE NON PRECISE,"Schema partiel: reperes extremes et ellipses ne donnent pas une quantite physique; plan de niveau maitre, divergence modules a confirmer",
DSI04,I01-05,DSI04-045,AVERTISSEUR INCENDIE KLAXON,K,1,RENVOI_DSI03,MODELE NON PRECISE,"Schema partiel: reperes extremes et ellipses ne donnent pas une quantite physique; plan de niveau maitre, divergence modules a confirmer",
DSI04,I01-06,DSI04-038,AVERTISSEUR INCENDIE KLAXON,K,1,RENVOI_DSI03,MODELE NON PRECISE,"Schema partiel: reperes extremes et ellipses ne donnent pas une quantite physique; plan de niveau maitre, divergence modules a confirmer",
DSI04,I01-07,DSI04-046,AVERTISSEUR INCENDIE KLAXON,K,1,RENVOI_DSI03,MODELE NON PRECISE,"Schema partiel: reperes extremes et ellipses ne donnent pas une quantite physique; plan de niveau maitre, divergence modules a confirmer",
DSI04,I01-08,DSI04-047,AVERTISSEUR INCENDIE KLAXON,K,1,RENVOI_DSI03,MODELE NON PRECISE,"Schema partiel: reperes extremes et ellipses ne donnent pas une quantite physique; plan de niveau maitre, divergence modules a confirmer",
DSI04,I01-09,DSI04-039,AVERTISSEUR INCENDIE KLAXON,K,1,RENVOI_DSI03,MODELE NON PRECISE,"Schema partiel: reperes extremes et ellipses ne donnent pas une quantite physique; plan de niveau maitre, divergence modules a confirmer",
DSI04,I01-10,DSI04-040,AVERTISSEUR INCENDIE KLAXON,K,1,RENVOI_DSI03,MODELE NON PRECISE,"Schema partiel: reperes extremes et ellipses ne donnent pas une quantite physique; plan de niveau maitre, divergence modules a confirmer",
DSI04,I01-11,DSI04-041,AVERTISSEUR INCENDIE KLAXON,K,1,RENVOI_DSI03,MODELE NON PRECISE,"Schema partiel: reperes extremes et ellipses ne donnent pas une quantite physique; plan de niveau maitre, divergence modules a confirmer",
DSI04,I02-01,DSI04-037,DECLENCHEUR MANUEL ADRESSABLE,F,1,RENVOI_DSI03,MODELE NON PRECISE,"Schema partiel: reperes extremes et ellipses ne donnent pas une quantite physique; plan de niveau maitre, divergence modules a confirmer",
DSI04,I02-02,DSI04-036,DECLENCHEUR MANUEL ADRESSABLE,F,1,RENVOI_DSI03,MODELE NON PRECISE,"Schema partiel: reperes extremes et ellipses ne donnent pas une quantite physique; plan de niveau maitre, divergence modules a confirmer",
DSI04,I02-03,DSI04-034,DECLENCHEUR MANUEL ADRESSABLE,F,1,RENVOI_DSI03,MODELE NON PRECISE,"Schema partiel: reperes extremes et ellipses ne donnent pas une quantite physique; plan de niveau maitre, divergence modules a confirmer",
DSI04,I02-04,DSI04-035,DECLENCHEUR MANUEL ADRESSABLE,F,1,RENVOI_DSI03,MODELE NON PRECISE,"Schema partiel: reperes extremes et ellipses ne donnent pas une quantite physique; plan de niveau maitre, divergence modules a confirmer",
DSI04,I02-05,DSI04-033,DECLENCHEUR MANUEL ADRESSABLE,F,1,RENVOI_DSI03,MODELE NON PRECISE,"Schema partiel: reperes extremes et ellipses ne donnent pas une quantite physique; plan de niveau maitre, divergence modules a confirmer",
DSI04,I02-06,DSI04-032,DECLENCHEUR MANUEL ADRESSABLE,F,1,RENVOI_DSI03,MODELE NON PRECISE,"Schema partiel: reperes extremes et ellipses ne donnent pas une quantite physique; plan de niveau maitre, divergence modules a confirmer",
DSI04,I02-07,DSI04-031,DECLENCHEUR MANUEL ADRESSABLE,F,1,RENVOI_DSI03,MODELE NON PRECISE,"Schema partiel: reperes extremes et ellipses ne donnent pas une quantite physique; plan de niveau maitre, divergence modules a confirmer",
DSI04,I02-08,DSI04-030,DECLENCHEUR MANUEL ADRESSABLE,F,1,RENVOI_DSI03,MODELE NON PRECISE,"Schema partiel: reperes extremes et ellipses ne donnent pas une quantite physique; plan de niveau maitre, divergence modules a confirmer",
DSI04,I03-01,DSI04-003,DETECTEUR DE FUMEE ADRESSABLE,DF,1,RENVOI_DSI03,MODELE NON PRECISE,"Schema partiel: reperes extremes et ellipses ne donnent pas une quantite physique; plan de niveau maitre, divergence modules a confirmer",
DSI04,I03-02,DSI04-006,DETECTEUR DE FUMEE ADRESSABLE,DF,1,RENVOI_DSI03,MODELE NON PRECISE,"Schema partiel: reperes extremes et ellipses ne donnent pas une quantite physique; plan de niveau maitre, divergence modules a confirmer",
DSI04,I03-03,DSI04-007,DETECTEUR DE FUMEE ADRESSABLE,DF,1,RENVOI_DSI03,MODELE NON PRECISE,"Schema partiel: reperes extremes et ellipses ne donnent pas une quantite physique; plan de niveau maitre, divergence modules a confirmer",
DSI04,I03-04,DSI04-018,DETECTEUR DE FUMEE ADRESSABLE,DF,1,RENVOI_DSI03,MODELE NON PRECISE,"Schema partiel: reperes extremes et ellipses ne donnent pas une quantite physique; plan de niveau maitre, divergence modules a confirmer",
DSI04,I03-05,DSI04-021,DETECTEUR DE FUMEE ADRESSABLE,DF,1,RENVOI_DSI03,MODELE NON PRECISE,"Schema partiel: reperes extremes et ellipses ne donnent pas une quantite physique; plan de niveau maitre, divergence modules a confirmer",
DSI04,I03-06,DSI04-022,DETECTEUR DE FUMEE ADRESSABLE,DF,1,RENVOI_DSI03,MODELE NON PRECISE,"Schema partiel: reperes extremes et ellipses ne donnent pas une quantite physique; plan de niveau maitre, divergence modules a confirmer",
DSI04,I03-07,DSI04-004,DETECTEUR DE FUMEE ADRESSABLE,DF,1,RENVOI_DSI03,MODELE NON PRECISE,"Schema partiel: reperes extremes et ellipses ne donnent pas une quantite physique; plan de niveau maitre, divergence modules a confirmer",
DSI04,I03-08,DSI04-005,DETECTEUR DE FUMEE ADRESSABLE,DF,1,RENVOI_DSI03,MODELE NON PRECISE,"Schema partiel: reperes extremes et ellipses ne donnent pas une quantite physique; plan de niveau maitre, divergence modules a confirmer",
DSI04,I04-01,DSI04-052,DETECTEUR THERMIQUE 57C FIXE,DT,1,RENVOI_DSI03,MODELE NON PRECISE,"Schema partiel: reperes extremes et ellipses ne donnent pas une quantite physique; plan de niveau maitre, divergence modules a confirmer",
DSI04,I04-02,DSI04-053,DETECTEUR THERMIQUE 57C FIXE,DT,1,RENVOI_DSI03,MODELE NON PRECISE,"Schema partiel: reperes extremes et ellipses ne donnent pas une quantite physique; plan de niveau maitre, divergence modules a confirmer",
DSI04,I04-03,DSI04-050,DETECTEUR THERMIQUE 57C FIXE,DT,1,RENVOI_DSI03,MODELE NON PRECISE,"Schema partiel: reperes extremes et ellipses ne donnent pas une quantite physique; plan de niveau maitre, divergence modules a confirmer",
DSI04,I04-04,DSI04-051,DETECTEUR THERMIQUE 57C FIXE,DT,1,RENVOI_DSI03,MODELE NON PRECISE,"Schema partiel: reperes extremes et ellipses ne donnent pas une quantite physique; plan de niveau maitre, divergence modules a confirmer",
DSI04,I04-05,DSI04-048,DETECTEUR THERMIQUE 57C FIXE,DT,1,RENVOI_DSI03,MODELE NON PRECISE,"Schema partiel: reperes extremes et ellipses ne donnent pas une quantite physique; plan de niveau maitre, divergence modules a confirmer",
DSI04,I04-06,DSI04-049,DETECTEUR THERMIQUE 57C FIXE,DT,1,RENVOI_DSI03,MODELE NON PRECISE,"Schema partiel: reperes extremes et ellipses ne donnent pas une quantite physique; plan de niveau maitre, divergence modules a confirmer",
DSI04,I04-07,DSI04-029,DETECTEUR THERMIQUE 57C FIXE,DT,1,RENVOI_DSI03,MODELE NON PRECISE,"Schema partiel: reperes extremes et ellipses ne donnent pas une quantite physique; plan de niveau maitre, divergence modules a confirmer",
DSI04,I04-08,DSI04-028,DETECTEUR THERMIQUE 57C FIXE,DT,1,RENVOI_DSI03,MODELE NON PRECISE,"Schema partiel: reperes extremes et ellipses ne donnent pas une quantite physique; plan de niveau maitre, divergence modules a confirmer",
DSI04,I05-01,DSI04-055,MODULE ADRESSABLE DOUBLE,MA2,1,RENVOI_DSI03,MODELE NON PRECISE,"Schema partiel: reperes extremes et ellipses ne donnent pas une quantite physique; plan de niveau maitre, divergence modules a confirmer",
DSI04,I06-01,DSI04-054,MODULE ADRESSABLE SIMPLE,MA,1,RENVOI_DSI03,MODELE NON PRECISE,"Schema partiel: reperes extremes et ellipses ne donnent pas une quantite physique; plan de niveau maitre, divergence modules a confirmer",
DSI04,I06-02,DSI04-056,MODULE ADRESSABLE SIMPLE,MA,1,RENVOI_DSI03,MODELE NON PRECISE,"Schema partiel: reperes extremes et ellipses ne donnent pas une quantite physique; plan de niveau maitre, divergence modules a confirmer",
DSI04,I07-01,DSI04-012,MODULE ISOLATEUR BOUCLE ADRESSABLE,MIBA,1,INSTALLER,MODELE NON PRECISE,Quantite des symboles dessines seulement; configuration finale selon notes du diagramme et DSI09,
DSI04,I07-02,DSI04-013,MODULE ISOLATEUR BOUCLE ADRESSABLE,MIBA,1,INSTALLER,MODELE NON PRECISE,Quantite des symboles dessines seulement; configuration finale selon notes du diagramme et DSI09,
DSI04,I07-03,DSI04-014,MODULE ISOLATEUR BOUCLE ADRESSABLE,MIBA,1,INSTALLER,MODELE NON PRECISE,Quantite des symboles dessines seulement; configuration finale selon notes du diagramme et DSI09,
DSI04,I07-04,DSI04-016,MODULE ISOLATEUR BOUCLE ADRESSABLE,MIBA,1,INSTALLER,MODELE NON PRECISE,Quantite des symboles dessines seulement; configuration finale selon notes du diagramme et DSI09,
DSI04,I07-05,DSI04-009,MODULE ISOLATEUR BOUCLE ADRESSABLE,MIBA,1,INSTALLER,MODELE NON PRECISE,Quantite des symboles dessines seulement; configuration finale selon notes du diagramme et DSI09,
DSI04,I07-06,DSI04-019,MODULE ISOLATEUR BOUCLE ADRESSABLE,MIBA,1,INSTALLER,MODELE NON PRECISE,Quantite des symboles dessines seulement; configuration finale selon notes du diagramme et DSI09,
DSI04,I07-07,DSI04-020,MODULE ISOLATEUR BOUCLE ADRESSABLE,MIBA,1,INSTALLER,MODELE NON PRECISE,Quantite des symboles dessines seulement; configuration finale selon notes du diagramme et DSI09,
DSI04,I07-08,DSI04-015,MODULE ISOLATEUR BOUCLE ADRESSABLE,MIBA,1,INSTALLER,MODELE NON PRECISE,Quantite des symboles dessines seulement; configuration finale selon notes du diagramme et DSI09,
DSI04,I07-09,DSI04-011,MODULE ISOLATEUR BOUCLE ADRESSABLE,MIBA,1,INSTALLER,MODELE NON PRECISE,Quantite des symboles dessines seulement; configuration finale selon notes du diagramme et DSI09,
DSI04,I07-10,DSI04-008,MODULE ISOLATEUR BOUCLE ADRESSABLE,MIBA,1,INSTALLER,MODELE NON PRECISE,Quantite des symboles dessines seulement; configuration finale selon notes du diagramme et DSI09,
DSI04,I07-11,DSI04-017,MODULE ISOLATEUR BOUCLE ADRESSABLE,MIBA,1,INSTALLER,MODELE NON PRECISE,Quantite des symboles dessines seulement; configuration finale selon notes du diagramme et DSI09,
DSI04,I07-12,DSI04-010,MODULE ISOLATEUR BOUCLE ADRESSABLE,MIBA,1,INSTALLER,MODELE NON PRECISE,Quantite des symboles dessines seulement; configuration finale selon notes du diagramme et DSI09,
DSI04,I08-01,DSI04-001,PANNEAU ALARME INCENDIE,PAI,1,RENVOI_DSI03,MODELE NON PRECISE,"Schema partiel: reperes extremes et ellipses ne donnent pas une quantite physique; plan de niveau maitre, divergence modules a confirmer",
DSI04,I08-02,DSI04-002,PANNEAU ALARME INCENDIE,PAI,1,RENVOI_DSI03,MODELE NON PRECISE,"Schema partiel: reperes extremes et ellipses ne donnent pas une quantite physique; plan de niveau maitre, divergence modules a confirmer",
DSI04,I09-01,DSI04-023,RESISTANCE FIN DE LIGNE,RFL,1,INSTALLER,MODELE NON PRECISE,Quantite des symboles dessines seulement; configuration finale selon notes du diagramme et DSI09,
DSI04,I09-02,DSI04-024,RESISTANCE FIN DE LIGNE,RFL,1,INSTALLER,MODELE NON PRECISE,Quantite des symboles dessines seulement; configuration finale selon notes du diagramme et DSI09,
DSI04,I09-03,DSI04-025,RESISTANCE FIN DE LIGNE,RFL,1,INSTALLER,MODELE NON PRECISE,Quantite des symboles dessines seulement; configuration finale selon notes du diagramme et DSI09,
DSI04,I09-04,DSI04-026,"RESISTANCE FIN DE LIGNE Tous les symboles retenus ont un ancrage PDF exact. de quantite additionnelle; ne pas additionner plans, diagrammes et plans types logements. prescrits hors plan, repartition par site a confirmer; affiches et accessoires classes A/B et surveillance a distance contradictoires: reserves. Longueurs cables/conduits des fichiers et rendu PDF seulement. et ellipses ne sont pas un total appareils. MIBA et RFL ajoutes une seule fois; MA2",RFL dans bordereau complementaire. et depose ancien systeme versus MA simples a confirmer.,1 non quantifiables,INSTALLER sur ces diagrammes.,MODELE NON PRECISE,Quantite des symboles dessines seulement; configuration finale selon notes du diagramme et DSI09,
DSI05,I01-01,DSI05-061,AVERTISSEUR DE FUMEE AUTONOME 120V MURAL,A,1,RENVOI_LOGEMENTS,MODELE NON PRECISE,"120V montage mural, interconnexion3#14 suivant notes",
DSI05,I01-02,DSI05-067,AVERTISSEUR DE FUMEE AUTONOME 120V MURAL,A,1,RENVOI_LOGEMENTS,MODELE NON PRECISE,"120V montage mural, interconnexion3#14 suivant notes",
DSI05,I01-03,DSI05-068,AVERTISSEUR DE FUMEE AUTONOME 120V MURAL,A,1,RENVOI_LOGEMENTS,MODELE NON PRECISE,"120V montage mural, interconnexion3#14 suivant notes",
DSI05,I01-04,DSI05-069,AVERTISSEUR DE FUMEE AUTONOME 120V MURAL,A,1,RENVOI_LOGEMENTS,MODELE NON PRECISE,"120V montage mural, interconnexion3#14 suivant notes",
DSI05,I01-05,DSI05-070,AVERTISSEUR DE FUMEE AUTONOME 120V MURAL,A,1,RENVOI_LOGEMENTS,MODELE NON PRECISE,"120V montage mural, interconnexion3#14 suivant notes",
DSI05,I01-06,DSI05-071,AVERTISSEUR DE FUMEE AUTONOME 120V MURAL,A,1,RENVOI_LOGEMENTS,MODELE NON PRECISE,"120V montage mural, interconnexion3#14 suivant notes",
DSI05,I01-07,DSI05-060,AVERTISSEUR DE FUMEE AUTONOME 120V MURAL,A,1,RENVOI_LOGEMENTS,MODELE NON PRECISE,"120V montage mural, interconnexion3#14 suivant notes",
DSI05,I01-08,DSI05-066,AVERTISSEUR DE FUMEE AUTONOME 120V MURAL,A,1,RENVOI_LOGEMENTS,MODELE NON PRECISE,"120V montage mural, interconnexion3#14 suivant notes",
DSI05,I01-09,DSI05-065,AVERTISSEUR DE FUMEE AUTONOME 120V MURAL,A,1,RENVOI_LOGEMENTS,MODELE NON PRECISE,"120V montage mural, interconnexion3#14 suivant notes",
DSI05,I01-10,DSI05-064,AVERTISSEUR DE FUMEE AUTONOME 120V MURAL,A,1,RENVOI_LOGEMENTS,MODELE NON PRECISE,"120V montage mural, interconnexion3#14 suivant notes",
DSI05,I01-11,DSI05-063,AVERTISSEUR DE FUMEE AUTONOME 120V MURAL,A,1,RENVOI_LOGEMENTS,MODELE NON PRECISE,"120V montage mural, interconnexion3#14 suivant notes",
DSI05,I01-12,DSI05-062,AVERTISSEUR DE FUMEE AUTONOME 120V MURAL,A,1,RENVOI_LOGEMENTS,MODELE NON PRECISE,"120V montage mural, interconnexion3#14 suivant notes",
DSI05,I01-13,DSI05-033,AVERTISSEUR DE FUMEE AUTONOME 120V MURAL,A,1,RENVOI_LOGEMENTS,MODELE NON PRECISE,"120V montage mural, interconnexion3#14 suivant notes",
DSI05,I01-14,DSI05-035,AVERTISSEUR DE FUMEE AUTONOME 120V MURAL,A,1,RENVOI_LOGEMENTS,MODELE NON PRECISE,"120V montage mural, interconnexion3#14 suivant notes",
DSI05,I01-15,DSI05-036,AVERTISSEUR DE FUMEE AUTONOME 120V MURAL,A,1,RENVOI_LOGEMENTS,MODELE NON PRECISE,"120V montage mural, interconnexion3#14 suivant notes",
DSI05,I01-16,DSI05-037,AVERTISSEUR DE FUMEE AUTONOME 120V MURAL,A,1,RENVOI_LOGEMENTS,MODELE NON PRECISE,"120V montage mural, interconnexion3#14 suivant notes",
DSI05,I01-17,DSI05-038,AVERTISSEUR DE FUMEE AUTONOME 120V MURAL,A,1,RENVOI_LOGEMENTS,MODELE NON PRECISE,"120V montage mural, interconnexion3#14 suivant notes",
DSI05,I01-18,DSI05-034,AVERTISSEUR DE FUMEE AUTONOME 120V MURAL,A,1,RENVOI_LOGEMENTS,MODELE NON PRECISE,"120V montage mural, interconnexion3#14 suivant notes",
DSI05,I01-19,DSI05-031,AVERTISSEUR DE FUMEE AUTONOME 120V MURAL,A,1,RENVOI_LOGEMENTS,MODELE NON PRECISE,"120V montage mural, interconnexion3#14 suivant notes",
DSI05,I01-20,DSI05-039,AVERTISSEUR DE FUMEE AUTONOME 120V MURAL,A,1,RENVOI_LOGEMENTS,MODELE NON PRECISE,"120V montage mural, interconnexion3#14 suivant notes",
DSI05,I01-21,DSI05-040,AVERTISSEUR DE FUMEE AUTONOME 120V MURAL,A,1,RENVOI_LOGEMENTS,MODELE NON PRECISE,"120V montage mural, interconnexion3#14 suivant notes",
DSI05,I01-22,DSI05-041,AVERTISSEUR DE FUMEE AUTONOME 120V MURAL,A,1,RENVOI_LOGEMENTS,MODELE NON PRECISE,"120V montage mural, interconnexion3#14 suivant notes",
DSI05,I01-23,DSI05-042,AVERTISSEUR DE FUMEE AUTONOME 120V MURAL,A,1,RENVOI_LOGEMENTS,MODELE NON PRECISE,"120V montage mural, interconnexion3#14 suivant notes",
DSI05,I01-24,DSI05-032,AVERTISSEUR DE FUMEE AUTONOME 120V MURAL,A,1,RENVOI_LOGEMENTS,MODELE NON PRECISE,"120V montage mural, interconnexion3#14 suivant notes",
DSI05,I02-01,DSI05-115,AVERTISSEUR INCENDIE KLAXON,K,1,INSTALLER,MODELE NON PRECISE,Klaxon selon legende; sonore/visuel a confirmer au schema/devis,
DSI05,I02-02,DSI05-113,AVERTISSEUR INCENDIE KLAXON,K,1,INSTALLER,MODELE NON PRECISE,Klaxon selon legende; sonore/visuel a confirmer au schema/devis,
DSI05,I02-03,DSI05-111,AVERTISSEUR INCENDIE KLAXON,K,1,INSTALLER,MODELE NON PRECISE,Klaxon selon legende; sonore/visuel a confirmer au schema/devis,
DSI05,I02-04,DSI05-114,AVERTISSEUR INCENDIE KLAXON,K,1,INSTALLER,MODELE NON PRECISE,Klaxon selon legende; sonore/visuel a confirmer au schema/devis,
DSI05,I02-05,DSI05-112,AVERTISSEUR INCENDIE KLAXON,K,1,INSTALLER,MODELE NON PRECISE,Klaxon selon legende; sonore/visuel a confirmer au schema/devis,
DSI05,I02-06,DSI05-110,AVERTISSEUR INCENDIE KLAXON,K,1,INSTALLER,MODELE NON PRECISE,Klaxon selon legende; sonore/visuel a confirmer au schema/devis,
DSI05,I02-07,DSI05-109,AVERTISSEUR INCENDIE KLAXON,K,1,INSTALLER,MODELE NON PRECISE,Klaxon selon legende; sonore/visuel a confirmer au schema/devis,
DSI05,I02-08,DSI05-108,AVERTISSEUR INCENDIE KLAXON,K,1,INSTALLER,MODELE NON PRECISE,Klaxon selon legende; sonore/visuel a confirmer au schema/devis,
DSI05,I02-09,DSI05-116,AVERTISSEUR INCENDIE KLAXON,K,1,INSTALLER,MODELE NON PRECISE,Klaxon selon legende; sonore/visuel a confirmer au schema/devis,
DSI05,I02-10,DSI05-117,AVERTISSEUR INCENDIE KLAXON,K,1,INSTALLER,MODELE NON PRECISE,Klaxon selon legende; sonore/visuel a confirmer au schema/devis,
DSI05,I02-11,DSI05-118,AVERTISSEUR INCENDIE KLAXON,K,1,INSTALLER,MODELE NON PRECISE,Klaxon selon legende; sonore/visuel a confirmer au schema/devis,
DSI05,I02-12,DSI05-120,AVERTISSEUR INCENDIE KLAXON,K,1,INSTALLER,MODELE NON PRECISE,Klaxon selon legende; sonore/visuel a confirmer au schema/devis,
DSI05,I02-13,DSI05-119,AVERTISSEUR INCENDIE KLAXON,K,1,INSTALLER,MODELE NON PRECISE,Klaxon selon legende; sonore/visuel a confirmer au schema/devis,
DSI05,I02-14,DSI05-121,AVERTISSEUR INCENDIE KLAXON,K,1,INSTALLER,MODELE NON PRECISE,Klaxon selon legende; sonore/visuel a confirmer au schema/devis,
DSI05,I02-15,DSI05-078,AVERTISSEUR INCENDIE KLAXON,K,1,INSTALLER,MODELE NON PRECISE,Klaxon selon legende; sonore/visuel a confirmer au schema/devis,
DSI05,I02-16,DSI05-083,AVERTISSEUR INCENDIE KLAXON,K,1,INSTALLER,MODELE NON PRECISE,Klaxon selon legende; sonore/visuel a confirmer au schema/devis,
DSI05,I02-17,DSI05-079,AVERTISSEUR INCENDIE KLAXON,K,1,INSTALLER,MODELE NON PRECISE,Klaxon selon legende; sonore/visuel a confirmer au schema/devis,
DSI05,I02-18,DSI05-098,AVERTISSEUR INCENDIE KLAXON,K,1,INSTALLER,MODELE NON PRECISE,Klaxon selon legende; sonore/visuel a confirmer au schema/devis,
DSI05,I02-19,DSI05-096,AVERTISSEUR INCENDIE KLAXON,K,1,INSTALLER,MODELE NON PRECISE,Klaxon selon legende; sonore/visuel a confirmer au schema/devis,
DSI05,I02-20,DSI05-094,AVERTISSEUR INCENDIE KLAXON,K,1,INSTALLER,MODELE NON PRECISE,Klaxon selon legende; sonore/visuel a confirmer au schema/devis,
DSI05,I02-21,DSI05-081,AVERTISSEUR INCENDIE KLAXON,K,1,INSTALLER,MODELE NON PRECISE,Klaxon selon legende; sonore/visuel a confirmer au schema/devis,
DSI05,I02-22,DSI05-080,AVERTISSEUR INCENDIE KLAXON,K,1,INSTALLER,MODELE NON PRECISE,Klaxon selon legende; sonore/visuel a confirmer au schema/devis,
DSI05,I02-23,DSI05-099,AVERTISSEUR INCENDIE KLAXON,K,1,INSTALLER,MODELE NON PRECISE,Klaxon selon legende; sonore/visuel a confirmer au schema/devis,
DSI05,I02-24,DSI05-097,AVERTISSEUR INCENDIE KLAXON,K,1,INSTALLER,MODELE NON PRECISE,Klaxon selon legende; sonore/visuel a confirmer au schema/devis,
DSI05,I02-25,DSI05-095,AVERTISSEUR INCENDIE KLAXON,K,1,INSTALLER,MODELE NON PRECISE,Klaxon selon legende; sonore/visuel a confirmer au schema/devis,
DSI05,I02-26,DSI05-074,AVERTISSEUR INCENDIE KLAXON,K,1,INSTALLER,MODELE NON PRECISE,Klaxon selon legende; sonore/visuel a confirmer au schema/devis,
DSI05,I02-27,DSI05-075,AVERTISSEUR INCENDIE KLAXON,K,1,INSTALLER,MODELE NON PRECISE,Klaxon selon legende; sonore/visuel a confirmer au schema/devis,
DSI05,I02-28,DSI05-091,AVERTISSEUR INCENDIE KLAXON,K,1,INSTALLER,MODELE NON PRECISE,Klaxon selon legende; sonore/visuel a confirmer au schema/devis,
DSI05,I02-29,DSI05-090,AVERTISSEUR INCENDIE KLAXON,K,1,INSTALLER,MODELE NON PRECISE,Klaxon selon legende; sonore/visuel a confirmer au schema/devis,
DSI05,I02-30,DSI05-100,AVERTISSEUR INCENDIE KLAXON,K,1,INSTALLER,MODELE NON PRECISE,Klaxon selon legende; sonore/visuel a confirmer au schema/devis,
DSI05,I02-31,DSI05-102,AVERTISSEUR INCENDIE KLAXON,K,1,INSTALLER,MODELE NON PRECISE,Klaxon selon legende; sonore/visuel a confirmer au schema/devis,
DSI05,I02-32,DSI05-101,AVERTISSEUR INCENDIE KLAXON,K,1,INSTALLER,MODELE NON PRECISE,Klaxon selon legende; sonore/visuel a confirmer au schema/devis,
DSI05,I02-33,DSI05-103,AVERTISSEUR INCENDIE KLAXON,K,1,INSTALLER,MODELE NON PRECISE,Klaxon selon legende; sonore/visuel a confirmer au schema/devis,
DSI05,I02-34,DSI05-104,AVERTISSEUR INCENDIE KLAXON,K,1,INSTALLER,MODELE NON PRECISE,Klaxon selon legende; sonore/visuel a confirmer au schema/devis,
DSI05,I02-35,DSI05-105,AVERTISSEUR INCENDIE KLAXON,K,1,INSTALLER,MODELE NON PRECISE,Klaxon selon legende; sonore/visuel a confirmer au schema/devis,
DSI05,I03-01,DSI05-107,DECLENCHEUR MANUEL ADRESSABLE,F,1,INSTALLER,MODELE NON PRECISE,Selon DSI09; aucun fabricant/modele nomme,
DSI05,I03-02,DSI05-106,DECLENCHEUR MANUEL ADRESSABLE,F,1,INSTALLER,MODELE NON PRECISE,Selon DSI09; aucun fabricant/modele nomme,
DSI05,I03-03,DSI05-076,DECLENCHEUR MANUEL ADRESSABLE,F,1,INSTALLER,MODELE NON PRECISE,Selon DSI09; aucun fabricant/modele nomme,
DSI05,I03-04,DSI05-077,DECLENCHEUR MANUEL ADRESSABLE,F,1,INSTALLER,MODELE NON PRECISE,Selon DSI09; aucun fabricant/modele nomme,
DSI05,I03-05,DSI05-082,DECLENCHEUR MANUEL ADRESSABLE,F,1,INSTALLER,MODELE NON PRECISE,Selon DSI09; aucun fabricant/modele nomme,
DSI05,I03-06,DSI05-093,DECLENCHEUR MANUEL ADRESSABLE,F,1,INSTALLER,MODELE NON PRECISE,Selon DSI09; aucun fabricant/modele nomme,
DSI05,I03-07,DSI05-088,DECLENCHEUR MANUEL ADRESSABLE,F,1,INSTALLER,MODELE NON PRECISE,Selon DSI09; aucun fabricant/modele nomme,
DSI05,I03-08,DSI05-072,DECLENCHEUR MANUEL ADRESSABLE,F,1,INSTALLER,MODELE NON PRECISE,Selon DSI09; aucun fabricant/modele nomme,
DSI05,I03-09,DSI05-073,DECLENCHEUR MANUEL ADRESSABLE,F,1,INSTALLER,MODELE NON PRECISE,Selon DSI09; aucun fabricant/modele nomme,
DSI05,I03-10,DSI05-089,DECLENCHEUR MANUEL ADRESSABLE,F,1,INSTALLER,MODELE NON PRECISE,Selon DSI09; aucun fabricant/modele nomme,
DSI05,I03-11,DSI05-092,DECLENCHEUR MANUEL ADRESSABLE,F,1,INSTALLER,MODELE NON PRECISE,Selon DSI09; aucun fabricant/modele nomme,
DSI05,I04-01,DSI05-043,DETECTEUR DE FUMEE ADRESSABLE,DF,1,INSTALLER,MODELE NON PRECISE,Selon DSI09; aucun fabricant/modele nomme,
DSI05,I04-02,DSI05-045,DETECTEUR DE FUMEE ADRESSABLE,DF,1,INSTALLER,MODELE NON PRECISE,Selon DSI09; aucun fabricant/modele nomme,
DSI05,I04-03,DSI05-046,DETECTEUR DE FUMEE ADRESSABLE,DF,1,INSTALLER,MODELE NON PRECISE,Selon DSI09; aucun fabricant/modele nomme,
DSI05,I04-04,DSI05-047,DETECTEUR DE FUMEE ADRESSABLE,DF,1,INSTALLER,MODELE NON PRECISE,Selon DSI09; aucun fabricant/modele nomme,
DSI05,I04-05,DSI05-044,DETECTEUR DE FUMEE ADRESSABLE,DF,1,INSTALLER,MODELE NON PRECISE,Selon DSI09; aucun fabricant/modele nomme,
DSI05,I04-06,DSI05-017,DETECTEUR DE FUMEE ADRESSABLE,DF,1,INSTALLER,MODELE NON PRECISE,Selon DSI09; aucun fabricant/modele nomme,
DSI05,I04-07,DSI05-002,DETECTEUR DE FUMEE ADRESSABLE,DF,1,INSTALLER,MODELE NON PRECISE,Selon DSI09; aucun fabricant/modele nomme,
DSI05,I04-08,DSI05-004,DETECTEUR DE FUMEE ADRESSABLE,DF,1,INSTALLER,MODELE NON PRECISE,Selon DSI09; aucun fabricant/modele nomme,
DSI05,I04-09,DSI05-003,DETECTEUR DE FUMEE ADRESSABLE,DF,1,INSTALLER,MODELE NON PRECISE,Selon DSI09; aucun fabricant/modele nomme,
DSI05,I04-10,DSI05-015,DETECTEUR DE FUMEE ADRESSABLE,DF,1,INSTALLER,MODELE NON PRECISE,Selon DSI09; aucun fabricant/modele nomme,
DSI05,I04-11,DSI05-016,DETECTEUR DE FUMEE ADRESSABLE,DF,1,INSTALLER,MODELE NON PRECISE,Selon DSI09; aucun fabricant/modele nomme,
DSI05,I04-12,DSI05-001,DETECTEUR DE FUMEE ADRESSABLE,DF,1,INSTALLER,MODELE NON PRECISE,Selon DSI09; aucun fabricant/modele nomme,
DSI05,I04-13,DSI05-014,DETECTEUR DE FUMEE ADRESSABLE,DF,1,INSTALLER,MODELE NON PRECISE,Selon DSI09; aucun fabricant/modele nomme,
DSI05,I04-14,DSI05-018,DETECTEUR DE FUMEE ADRESSABLE,DF,1,INSTALLER,MODELE NON PRECISE,Selon DSI09; aucun fabricant/modele nomme,
DSI05,I05-01,DSI05-058,DETECTEUR THERMIQUE 57C FIXE,DT,1,INSTALLER,MODELE NON PRECISE,57C/135F fixe suivant legende,
DSI05,I05-02,DSI05-057,DETECTEUR THERMIQUE 57C FIXE,DT,1,INSTALLER,MODELE NON PRECISE,57C/135F fixe suivant legende,
DSI05,I05-03,DSI05-056,DETECTEUR THERMIQUE 57C FIXE,DT,1,INSTALLER,MODELE NON PRECISE,57C/135F fixe suivant legende,
DSI05,I05-04,DSI05-055,DETECTEUR THERMIQUE 57C FIXE,DT,1,INSTALLER,MODELE NON PRECISE,57C/135F fixe suivant legende,
DSI05,I05-05,DSI05-059,DETECTEUR THERMIQUE 57C FIXE,DT,1,INSTALLER,MODELE NON PRECISE,57C/135F fixe suivant legende,
DSI05,I05-06,DSI05-054,DETECTEUR THERMIQUE 57C FIXE,DT,1,INSTALLER,MODELE NON PRECISE,57C/135F fixe suivant legende,
DSI05,I05-07,DSI05-048,DETECTEUR THERMIQUE 57C FIXE,DT,1,INSTALLER,MODELE NON PRECISE,57C/135F fixe suivant legende,
DSI05,I05-08,DSI05-049,DETECTEUR THERMIQUE 57C FIXE,DT,1,INSTALLER,MODELE NON PRECISE,57C/135F fixe suivant legende,
DSI05,I05-09,DSI05-050,DETECTEUR THERMIQUE 57C FIXE,DT,1,INSTALLER,MODELE NON PRECISE,57C/135F fixe suivant legende,
DSI05,I05-10,DSI05-051,DETECTEUR THERMIQUE 57C FIXE,DT,1,INSTALLER,MODELE NON PRECISE,57C/135F fixe suivant legende,
DSI05,I05-11,DSI05-052,DETECTEUR THERMIQUE 57C FIXE,DT,1,INSTALLER,MODELE NON PRECISE,57C/135F fixe suivant legende,
DSI05,I05-12,DSI05-053,DETECTEUR THERMIQUE 57C FIXE,DT,1,INSTALLER,MODELE NON PRECISE,57C/135F fixe suivant legende,
DSI05,I05-13,DSI05-011,DETECTEUR THERMIQUE 57C FIXE,DT,1,INSTALLER,MODELE NON PRECISE,57C/135F fixe suivant legende,
DSI05,I05-14,DSI05-013,DETECTEUR THERMIQUE 57C FIXE,DT,1,INSTALLER,MODELE NON PRECISE,57C/135F fixe suivant legende,
DSI05,I05-15,DSI05-012,DETECTEUR THERMIQUE 57C FIXE,DT,1,INSTALLER,MODELE NON PRECISE,57C/135F fixe suivant legende,
DSI05,I05-16,DSI05-029,DETECTEUR THERMIQUE 57C FIXE,DT,1,INSTALLER,MODELE NON PRECISE,57C/135F fixe suivant legende,
DSI05,I05-17,DSI05-028,DETECTEUR THERMIQUE 57C FIXE,DT,1,INSTALLER,MODELE NON PRECISE,57C/135F fixe suivant legende,
DSI05,I05-18,DSI05-027,DETECTEUR THERMIQUE 57C FIXE,DT,1,INSTALLER,MODELE NON PRECISE,57C/135F fixe suivant legende,
DSI05,I05-19,DSI05-026,DETECTEUR THERMIQUE 57C FIXE,DT,1,INSTALLER,MODELE NON PRECISE,57C/135F fixe suivant legende,
DSI05,I05-20,DSI05-030,DETECTEUR THERMIQUE 57C FIXE,DT,1,INSTALLER,MODELE NON PRECISE,57C/135F fixe suivant legende,
DSI05,I05-21,DSI05-025,DETECTEUR THERMIQUE 57C FIXE,DT,1,INSTALLER,MODELE NON PRECISE,57C/135F fixe suivant legende,
DSI05,I05-22,DSI05-019,DETECTEUR THERMIQUE 57C FIXE,DT,1,INSTALLER,MODELE NON PRECISE,57C/135F fixe suivant legende,
DSI05,I05-23,DSI05-020,DETECTEUR THERMIQUE 57C FIXE,DT,1,INSTALLER,MODELE NON PRECISE,57C/135F fixe suivant legende,
DSI05,I05-24,DSI05-021,DETECTEUR THERMIQUE 57C FIXE,DT,1,INSTALLER,MODELE NON PRECISE,57C/135F fixe suivant legende,
DSI05,I05-25,DSI05-022,DETECTEUR THERMIQUE 57C FIXE,DT,1,INSTALLER,MODELE NON PRECISE,57C/135F fixe suivant legende,
DSI05,I05-26,DSI05-023,DETECTEUR THERMIQUE 57C FIXE,DT,1,INSTALLER,MODELE NON PRECISE,57C/135F fixe suivant legende,
DSI05,I05-27,DSI05-024,DETECTEUR THERMIQUE 57C FIXE,DT,1,INSTALLER,MODELE NON PRECISE,57C/135F fixe suivant legende,
DSI05,I05-28,DSI05-010,DETECTEUR THERMIQUE 57C FIXE,DT,1,INSTALLER,MODELE NON PRECISE,57C/135F fixe suivant legende,
DSI05,I05-29,DSI05-009,DETECTEUR THERMIQUE 57C FIXE,DT,1,INSTALLER,MODELE NON PRECISE,57C/135F fixe suivant legende,
DSI05,I05-30,DSI05-008,DETECTEUR THERMIQUE 57C FIXE,DT,1,INSTALLER,MODELE NON PRECISE,57C/135F fixe suivant legende,
DSI05,I05-31,DSI05-007,DETECTEUR THERMIQUE 57C FIXE,DT,1,INSTALLER,MODELE NON PRECISE,57C/135F fixe suivant legende,
DSI05,I05-32,DSI05-006,DETECTEUR THERMIQUE 57C FIXE,DT,1,INSTALLER,MODELE NON PRECISE,57C/135F fixe suivant legende,
DSI05,I05-33,DSI05-005,DETECTEUR THERMIQUE 57C FIXE,DT,1,INSTALLER,MODELE NON PRECISE,57C/135F fixe suivant legende,
DSI05,I06-01,DSI05-084,MODULE ADRESSABLE SIMPLE,MA,1,INSTALLER,MODELE NON PRECISE,Selon DSI09; aucun fabricant/modele nomme,
DSI05,I06-02,DSI05-085,MODULE ADRESSABLE SIMPLE,MA,1,INSTALLER,MODELE NON PRECISE,Selon DSI09; aucun fabricant/modele nomme,
DSI05,I06-03,DSI05-086,MODULE ADRESSABLE SIMPLE,MA,1,INSTALLER,MODELE NON PRECISE,Selon DSI09; aucun fabricant/modele nomme,
DSI05,I07-01,DSI05-122,PANNEAU ALARME INCENDIE,PAI,1,INSTALLER,MODELE NON PRECISE,Adressable; DSI09 configurations et surveillance contradictoires reservees,
DSI05,I08-01,DSI05-087,"RELAIS ADRESSABLE Tous les symboles retenus ont un ancrage PDF exact. de quantite additionnelle; ne pas additionner plans, diagrammes et plans types logements. prescrits hors plan, repartition par site a confirmer; affiches et accessoires classes A/B et surveillance a distance contradictoires: reserves. Longueurs cables/conduits des fichiers et rendu PDF seulement. logements; ne pas extrapoler un deuxieme avertisseur absent du plan.",RA dans bordereau complementaire. et depose ancien systeme,1 non quantifiables,INSTALLER sur ces diagrammes.,MODELE NON PRECISE,Selon DSI09; aucun fabricant/modele nomme,
DSI06,I01-01,DSI06-037,AVERTISSEUR INCENDIE KLAXON,K,1,RENVOI_DSI05,MODELE NON PRECISE,"Schema partiel: reperes extremes et ellipses ne donnent pas une quantite physique; plan de niveau maitre, divergence modules a confirmer",
DSI06,I01-02,DSI06-038,AVERTISSEUR INCENDIE KLAXON,K,1,RENVOI_DSI05,MODELE NON PRECISE,"Schema partiel: reperes extremes et ellipses ne donnent pas une quantite physique; plan de niveau maitre, divergence modules a confirmer",
DSI06,I01-03,DSI06-039,AVERTISSEUR INCENDIE KLAXON,K,1,RENVOI_DSI05,MODELE NON PRECISE,"Schema partiel: reperes extremes et ellipses ne donnent pas une quantite physique; plan de niveau maitre, divergence modules a confirmer",
DSI06,I01-04,DSI06-040,AVERTISSEUR INCENDIE KLAXON,K,1,RENVOI_DSI05,MODELE NON PRECISE,"Schema partiel: reperes extremes et ellipses ne donnent pas une quantite physique; plan de niveau maitre, divergence modules a confirmer",
DSI06,I01-05,DSI06-033,AVERTISSEUR INCENDIE KLAXON,K,1,RENVOI_DSI05,MODELE NON PRECISE,"Schema partiel: reperes extremes et ellipses ne donnent pas une quantite physique; plan de niveau maitre, divergence modules a confirmer",
DSI06,I01-06,DSI06-034,AVERTISSEUR INCENDIE KLAXON,K,1,RENVOI_DSI05,MODELE NON PRECISE,"Schema partiel: reperes extremes et ellipses ne donnent pas une quantite physique; plan de niveau maitre, divergence modules a confirmer",
DSI06,I01-07,DSI06-035,AVERTISSEUR INCENDIE KLAXON,K,1,RENVOI_DSI05,MODELE NON PRECISE,"Schema partiel: reperes extremes et ellipses ne donnent pas une quantite physique; plan de niveau maitre, divergence modules a confirmer",
DSI06,I01-08,DSI06-036,AVERTISSEUR INCENDIE KLAXON,K,1,RENVOI_DSI05,MODELE NON PRECISE,"Schema partiel: reperes extremes et ellipses ne donnent pas une quantite physique; plan de niveau maitre, divergence modules a confirmer",
DSI06,I01-09,DSI06-032,AVERTISSEUR INCENDIE KLAXON,K,1,RENVOI_DSI05,MODELE NON PRECISE,"Schema partiel: reperes extremes et ellipses ne donnent pas une quantite physique; plan de niveau maitre, divergence modules a confirmer",
DSI06,I01-10,DSI06-031,AVERTISSEUR INCENDIE KLAXON,K,1,RENVOI_DSI05,MODELE NON PRECISE,"Schema partiel: reperes extremes et ellipses ne donnent pas une quantite physique; plan de niveau maitre, divergence modules a confirmer",
DSI06,I02-01,DSI06-044,DECLENCHEUR MANUEL ADRESSABLE,F,1,RENVOI_DSI05,MODELE NON PRECISE,"Schema partiel: reperes extremes et ellipses ne donnent pas une quantite physique; plan de niveau maitre, divergence modules a confirmer",
DSI06,I02-02,DSI06-043,DECLENCHEUR MANUEL ADRESSABLE,F,1,RENVOI_DSI05,MODELE NON PRECISE,"Schema partiel: reperes extremes et ellipses ne donnent pas une quantite physique; plan de niveau maitre, divergence modules a confirmer",
DSI06,I02-03,DSI06-028,DECLENCHEUR MANUEL ADRESSABLE,F,1,RENVOI_DSI05,MODELE NON PRECISE,"Schema partiel: reperes extremes et ellipses ne donnent pas une quantite physique; plan de niveau maitre, divergence modules a confirmer",
DSI06,I02-04,DSI06-027,DECLENCHEUR MANUEL ADRESSABLE,F,1,RENVOI_DSI05,MODELE NON PRECISE,"Schema partiel: reperes extremes et ellipses ne donnent pas une quantite physique; plan de niveau maitre, divergence modules a confirmer",
DSI06,I02-05,DSI06-024,DECLENCHEUR MANUEL ADRESSABLE,F,1,RENVOI_DSI05,MODELE NON PRECISE,"Schema partiel: reperes extremes et ellipses ne donnent pas une quantite physique; plan de niveau maitre, divergence modules a confirmer",
DSI06,I02-06,DSI06-023,DECLENCHEUR MANUEL ADRESSABLE,F,1,RENVOI_DSI05,MODELE NON PRECISE,"Schema partiel: reperes extremes et ellipses ne donnent pas une quantite physique; plan de niveau maitre, divergence modules a confirmer",
DSI06,I03-01,DSI06-002,DETECTEUR DE FUMEE ADRESSABLE,DF,1,RENVOI_DSI05,MODELE NON PRECISE,"Schema partiel: reperes extremes et ellipses ne donnent pas une quantite physique; plan de niveau maitre, divergence modules a confirmer",
DSI06,I03-02,DSI06-041,DETECTEUR DE FUMEE ADRESSABLE,DF,1,RENVOI_DSI05,MODELE NON PRECISE,"Schema partiel: reperes extremes et ellipses ne donnent pas une quantite physique; plan de niveau maitre, divergence modules a confirmer",
DSI06,I03-03,DSI06-042,DETECTEUR DE FUMEE ADRESSABLE,DF,1,RENVOI_DSI05,MODELE NON PRECISE,"Schema partiel: reperes extremes et ellipses ne donnent pas une quantite physique; plan de niveau maitre, divergence modules a confirmer",
DSI06,I03-04,DSI06-004,DETECTEUR DE FUMEE ADRESSABLE,DF,1,RENVOI_DSI05,MODELE NON PRECISE,"Schema partiel: reperes extremes et ellipses ne donnent pas une quantite physique; plan de niveau maitre, divergence modules a confirmer",
DSI06,I03-05,DSI06-025,DETECTEUR DE FUMEE ADRESSABLE,DF,1,RENVOI_DSI05,MODELE NON PRECISE,"Schema partiel: reperes extremes et ellipses ne donnent pas une quantite physique; plan de niveau maitre, divergence modules a confirmer",
DSI06,I03-06,DSI06-026,DETECTEUR DE FUMEE ADRESSABLE,DF,1,RENVOI_DSI05,MODELE NON PRECISE,"Schema partiel: reperes extremes et ellipses ne donnent pas une quantite physique; plan de niveau maitre, divergence modules a confirmer",
DSI06,I03-07,DSI06-019,DETECTEUR DE FUMEE ADRESSABLE,DF,1,RENVOI_DSI05,MODELE NON PRECISE,"Schema partiel: reperes extremes et ellipses ne donnent pas une quantite physique; plan de niveau maitre, divergence modules a confirmer",
DSI06,I03-08,DSI06-020,DETECTEUR DE FUMEE ADRESSABLE,DF,1,RENVOI_DSI05,MODELE NON PRECISE,"Schema partiel: reperes extremes et ellipses ne donnent pas une quantite physique; plan de niveau maitre, divergence modules a confirmer",
DSI06,I04-01,DSI06-045,DETECTEUR THERMIQUE 57C FIXE,DT,1,RENVOI_DSI05,MODELE NON PRECISE,"Schema partiel: reperes extremes et ellipses ne donnent pas une quantite physique; plan de niveau maitre, divergence modules a confirmer",
DSI06,I04-02,DSI06-046,DETECTEUR THERMIQUE 57C FIXE,DT,1,RENVOI_DSI05,MODELE NON PRECISE,"Schema partiel: reperes extremes et ellipses ne donnent pas une quantite physique; plan de niveau maitre, divergence modules a confirmer",
DSI06,I04-03,DSI06-029,DETECTEUR THERMIQUE 57C FIXE,DT,1,RENVOI_DSI05,MODELE NON PRECISE,"Schema partiel: reperes extremes et ellipses ne donnent pas une quantite physique; plan de niveau maitre, divergence modules a confirmer",
DSI06,I04-04,DSI06-030,DETECTEUR THERMIQUE 57C FIXE,DT,1,RENVOI_DSI05,MODELE NON PRECISE,"Schema partiel: reperes extremes et ellipses ne donnent pas une quantite physique; plan de niveau maitre, divergence modules a confirmer",
DSI06,I04-05,DSI06-022,DETECTEUR THERMIQUE 57C FIXE,DT,1,RENVOI_DSI05,MODELE NON PRECISE,"Schema partiel: reperes extremes et ellipses ne donnent pas une quantite physique; plan de niveau maitre, divergence modules a confirmer",
DSI06,I04-06,DSI06-021,DETECTEUR THERMIQUE 57C FIXE,DT,1,RENVOI_DSI05,MODELE NON PRECISE,"Schema partiel: reperes extremes et ellipses ne donnent pas une quantite physique; plan de niveau maitre, divergence modules a confirmer",
DSI06,I05-01,DSI06-048,MODULE ADRESSABLE DOUBLE,MA2,1,RENVOI_DSI05,MODELE NON PRECISE,"Schema partiel: reperes extremes et ellipses ne donnent pas une quantite physique; plan de niveau maitre, divergence modules a confirmer",
DSI06,I06-01,DSI06-047,MODULE ADRESSABLE SIMPLE,MA,1,RENVOI_DSI05,MODELE NON PRECISE,"Schema partiel: reperes extremes et ellipses ne donnent pas une quantite physique; plan de niveau maitre, divergence modules a confirmer",
DSI06,I06-02,DSI06-049,MODULE ADRESSABLE SIMPLE,MA,1,RENVOI_DSI05,MODELE NON PRECISE,"Schema partiel: reperes extremes et ellipses ne donnent pas une quantite physique; plan de niveau maitre, divergence modules a confirmer",
DSI06,I07-01,DSI06-009,MODULE ISOLATEUR BOUCLE ADRESSABLE,MIBA,1,INSTALLER,MODELE NON PRECISE,Quantite des symboles dessines seulement; configuration finale selon notes du diagramme et DSI09,
DSI06,I07-02,DSI06-010,MODULE ISOLATEUR BOUCLE ADRESSABLE,MIBA,1,INSTALLER,MODELE NON PRECISE,Quantite des symboles dessines seulement; configuration finale selon notes du diagramme et DSI09,
DSI06,I07-03,DSI06-011,MODULE ISOLATEUR BOUCLE ADRESSABLE,MIBA,1,INSTALLER,MODELE NON PRECISE,Quantite des symboles dessines seulement; configuration finale selon notes du diagramme et DSI09,
DSI06,I07-04,DSI06-014,MODULE ISOLATEUR BOUCLE ADRESSABLE,MIBA,1,INSTALLER,MODELE NON PRECISE,Quantite des symboles dessines seulement; configuration finale selon notes du diagramme et DSI09,
DSI06,I07-05,DSI06-006,MODULE ISOLATEUR BOUCLE ADRESSABLE,MIBA,1,INSTALLER,MODELE NON PRECISE,Quantite des symboles dessines seulement; configuration finale selon notes du diagramme et DSI09,
DSI06,I07-06,DSI06-013,MODULE ISOLATEUR BOUCLE ADRESSABLE,MIBA,1,INSTALLER,MODELE NON PRECISE,Quantite des symboles dessines seulement; configuration finale selon notes du diagramme et DSI09,
DSI06,I07-07,DSI06-012,MODULE ISOLATEUR BOUCLE ADRESSABLE,MIBA,1,INSTALLER,MODELE NON PRECISE,Quantite des symboles dessines seulement; configuration finale selon notes du diagramme et DSI09,
DSI06,I07-08,DSI06-008,MODULE ISOLATEUR BOUCLE ADRESSABLE,MIBA,1,INSTALLER,MODELE NON PRECISE,Quantite des symboles dessines seulement; configuration finale selon notes du diagramme et DSI09,
DSI06,I07-09,DSI06-005,MODULE ISOLATEUR BOUCLE ADRESSABLE,MIBA,1,INSTALLER,MODELE NON PRECISE,Quantite des symboles dessines seulement; configuration finale selon notes du diagramme et DSI09,
DSI06,I07-10,DSI06-015,MODULE ISOLATEUR BOUCLE ADRESSABLE,MIBA,1,INSTALLER,MODELE NON PRECISE,Quantite des symboles dessines seulement; configuration finale selon notes du diagramme et DSI09,
DSI06,I07-11,DSI06-007,MODULE ISOLATEUR BOUCLE ADRESSABLE,MIBA,1,INSTALLER,MODELE NON PRECISE,Quantite des symboles dessines seulement; configuration finale selon notes du diagramme et DSI09,
DSI06,I08-01,DSI06-003,PANNEAU ALARME INCENDIE,PAI,1,RENVOI_DSI05,MODELE NON PRECISE,"Schema partiel: reperes extremes et ellipses ne donnent pas une quantite physique; plan de niveau maitre, divergence modules a confirmer",
DSI06,I08-02,DSI06-001,PANNEAU ALARME INCENDIE,PAI,1,RENVOI_DSI05,MODELE NON PRECISE,"Schema partiel: reperes extremes et ellipses ne donnent pas une quantite physique; plan de niveau maitre, divergence modules a confirmer",
DSI06,I09-01,DSI06-016,RESISTANCE FIN DE LIGNE,RFL,1,INSTALLER,MODELE NON PRECISE,Quantite des symboles dessines seulement; configuration finale selon notes du diagramme et DSI09,
DSI06,I09-02,DSI06-017,RESISTANCE FIN DE LIGNE,RFL,1,INSTALLER,MODELE NON PRECISE,Quantite des symboles dessines seulement; configuration finale selon notes du diagramme et DSI09,
DSI06,I09-03,DSI06-018,"RESISTANCE FIN DE LIGNE Tous les symboles retenus ont un ancrage PDF exact. de quantite additionnelle; ne pas additionner plans, diagrammes et plans types logements. prescrits hors plan, repartition par site a confirmer; affiches et accessoires classes A/B et surveillance a distance contradictoires: reserves. Longueurs cables/conduits des fichiers et rendu PDF seulement. et ellipses ne sont pas un total appareils. MIBA et RFL ajoutes une seule fois; MA2",RFL dans bordereau complementaire. et depose ancien systeme versus MA simples a confirmer.,1 non quantifiables,INSTALLER sur ces diagrammes.,MODELE NON PRECISE,Quantite des symboles dessines seulement; configuration finale selon notes du diagramme et DSI09,
DSI07,I01-01,DSI07-061,AVERTISSEUR DE FUMEE AUTONOME 120V MURAL,A,1,RENVOI_LOGEMENTS,MODELE NON PRECISE,"120V montage mural, interconnexion3#14 suivant notes",
DSI07,I01-02,DSI07-062,AVERTISSEUR DE FUMEE AUTONOME 120V MURAL,A,1,RENVOI_LOGEMENTS,MODELE NON PRECISE,"120V montage mural, interconnexion3#14 suivant notes",
DSI07,I01-03,DSI07-063,AVERTISSEUR DE FUMEE AUTONOME 120V MURAL,A,1,RENVOI_LOGEMENTS,MODELE NON PRECISE,"120V montage mural, interconnexion3#14 suivant notes",
DSI07,I01-04,DSI07-064,AVERTISSEUR DE FUMEE AUTONOME 120V MURAL,A,1,RENVOI_LOGEMENTS,MODELE NON PRECISE,"120V montage mural, interconnexion3#14 suivant notes",
DSI07,I01-05,DSI07-065,AVERTISSEUR DE FUMEE AUTONOME 120V MURAL,A,1,RENVOI_LOGEMENTS,MODELE NON PRECISE,"120V montage mural, interconnexion3#14 suivant notes",
DSI07,I01-06,DSI07-066,AVERTISSEUR DE FUMEE AUTONOME 120V MURAL,A,1,RENVOI_LOGEMENTS,MODELE NON PRECISE,"120V montage mural, interconnexion3#14 suivant notes",
DSI07,I01-07,DSI07-060,AVERTISSEUR DE FUMEE AUTONOME 120V MURAL,A,1,RENVOI_LOGEMENTS,MODELE NON PRECISE,"120V montage mural, interconnexion3#14 suivant notes",
DSI07,I01-08,DSI07-067,AVERTISSEUR DE FUMEE AUTONOME 120V MURAL,A,1,RENVOI_LOGEMENTS,MODELE NON PRECISE,"120V montage mural, interconnexion3#14 suivant notes",
DSI07,I01-09,DSI07-068,AVERTISSEUR DE FUMEE AUTONOME 120V MURAL,A,1,RENVOI_LOGEMENTS,MODELE NON PRECISE,"120V montage mural, interconnexion3#14 suivant notes",
DSI07,I01-10,DSI07-069,AVERTISSEUR DE FUMEE AUTONOME 120V MURAL,A,1,RENVOI_LOGEMENTS,MODELE NON PRECISE,"120V montage mural, interconnexion3#14 suivant notes",
DSI07,I01-11,DSI07-070,AVERTISSEUR DE FUMEE AUTONOME 120V MURAL,A,1,RENVOI_LOGEMENTS,MODELE NON PRECISE,"120V montage mural, interconnexion3#14 suivant notes",
DSI07,I01-12,DSI07-071,AVERTISSEUR DE FUMEE AUTONOME 120V MURAL,A,1,RENVOI_LOGEMENTS,MODELE NON PRECISE,"120V montage mural, interconnexion3#14 suivant notes",
DSI07,I01-13,DSI07-034,AVERTISSEUR DE FUMEE AUTONOME 120V MURAL,A,1,RENVOI_LOGEMENTS,MODELE NON PRECISE,"120V montage mural, interconnexion3#14 suivant notes",
DSI07,I01-14,DSI07-035,AVERTISSEUR DE FUMEE AUTONOME 120V MURAL,A,1,RENVOI_LOGEMENTS,MODELE NON PRECISE,"120V montage mural, interconnexion3#14 suivant notes",
DSI07,I01-15,DSI07-036,AVERTISSEUR DE FUMEE AUTONOME 120V MURAL,A,1,RENVOI_LOGEMENTS,MODELE NON PRECISE,"120V montage mural, interconnexion3#14 suivant notes",
DSI07,I01-16,DSI07-037,AVERTISSEUR DE FUMEE AUTONOME 120V MURAL,A,1,RENVOI_LOGEMENTS,MODELE NON PRECISE,"120V montage mural, interconnexion3#14 suivant notes",
DSI07,I01-17,DSI07-033,AVERTISSEUR DE FUMEE AUTONOME 120V MURAL,A,1,RENVOI_LOGEMENTS,MODELE NON PRECISE,"120V montage mural, interconnexion3#14 suivant notes",
DSI07,I01-18,DSI07-038,AVERTISSEUR DE FUMEE AUTONOME 120V MURAL,A,1,RENVOI_LOGEMENTS,MODELE NON PRECISE,"120V montage mural, interconnexion3#14 suivant notes",
DSI07,I01-19,DSI07-039,AVERTISSEUR DE FUMEE AUTONOME 120V MURAL,A,1,RENVOI_LOGEMENTS,MODELE NON PRECISE,"120V montage mural, interconnexion3#14 suivant notes",
DSI07,I01-20,DSI07-040,AVERTISSEUR DE FUMEE AUTONOME 120V MURAL,A,1,RENVOI_LOGEMENTS,MODELE NON PRECISE,"120V montage mural, interconnexion3#14 suivant notes",
DSI07,I01-21,DSI07-041,AVERTISSEUR DE FUMEE AUTONOME 120V MURAL,A,1,RENVOI_LOGEMENTS,MODELE NON PRECISE,"120V montage mural, interconnexion3#14 suivant notes",
DSI07,I01-22,DSI07-042,AVERTISSEUR DE FUMEE AUTONOME 120V MURAL,A,1,RENVOI_LOGEMENTS,MODELE NON PRECISE,"120V montage mural, interconnexion3#14 suivant notes",
DSI07,I02-01,DSI07-114,AVERTISSEUR INCENDIE KLAXON,K,1,INSTALLER,MODELE NON PRECISE,Klaxon selon legende; sonore/visuel a confirmer au schema/devis,
DSI07,I02-02,DSI07-112,AVERTISSEUR INCENDIE KLAXON,K,1,INSTALLER,MODELE NON PRECISE,Klaxon selon legende; sonore/visuel a confirmer au schema/devis,
DSI07,I02-03,DSI07-110,AVERTISSEUR INCENDIE KLAXON,K,1,INSTALLER,MODELE NON PRECISE,Klaxon selon legende; sonore/visuel a confirmer au schema/devis,
DSI07,I02-04,DSI07-113,AVERTISSEUR INCENDIE KLAXON,K,1,INSTALLER,MODELE NON PRECISE,Klaxon selon legende; sonore/visuel a confirmer au schema/devis,
DSI07,I02-05,DSI07-111,AVERTISSEUR INCENDIE KLAXON,K,1,INSTALLER,MODELE NON PRECISE,Klaxon selon legende; sonore/visuel a confirmer au schema/devis,
DSI07,I02-06,DSI07-109,AVERTISSEUR INCENDIE KLAXON,K,1,INSTALLER,MODELE NON PRECISE,Klaxon selon legende; sonore/visuel a confirmer au schema/devis,
DSI07,I02-07,DSI07-108,AVERTISSEUR INCENDIE KLAXON,K,1,INSTALLER,MODELE NON PRECISE,Klaxon selon legende; sonore/visuel a confirmer au schema/devis,
DSI07,I02-08,DSI07-107,AVERTISSEUR INCENDIE KLAXON,K,1,INSTALLER,MODELE NON PRECISE,Klaxon selon legende; sonore/visuel a confirmer au schema/devis,
DSI07,I02-09,DSI07-115,AVERTISSEUR INCENDIE KLAXON,K,1,INSTALLER,MODELE NON PRECISE,Klaxon selon legende; sonore/visuel a confirmer au schema/devis,
DSI07,I02-10,DSI07-116,AVERTISSEUR INCENDIE KLAXON,K,1,INSTALLER,MODELE NON PRECISE,Klaxon selon legende; sonore/visuel a confirmer au schema/devis,
DSI07,I02-11,DSI07-117,AVERTISSEUR INCENDIE KLAXON,K,1,INSTALLER,MODELE NON PRECISE,Klaxon selon legende; sonore/visuel a confirmer au schema/devis,
DSI07,I02-12,DSI07-119,AVERTISSEUR INCENDIE KLAXON,K,1,INSTALLER,MODELE NON PRECISE,Klaxon selon legende; sonore/visuel a confirmer au schema/devis,
DSI07,I02-13,DSI07-118,AVERTISSEUR INCENDIE KLAXON,K,1,INSTALLER,MODELE NON PRECISE,Klaxon selon legende; sonore/visuel a confirmer au schema/devis,
DSI07,I02-14,DSI07-120,AVERTISSEUR INCENDIE KLAXON,K,1,INSTALLER,MODELE NON PRECISE,Klaxon selon legende; sonore/visuel a confirmer au schema/devis,
DSI07,I02-15,DSI07-079,AVERTISSEUR INCENDIE KLAXON,K,1,INSTALLER,MODELE NON PRECISE,Klaxon selon legende; sonore/visuel a confirmer au schema/devis,
DSI07,I02-16,DSI07-078,AVERTISSEUR INCENDIE KLAXON,K,1,INSTALLER,MODELE NON PRECISE,Klaxon selon legende; sonore/visuel a confirmer au schema/devis,
DSI07,I02-17,DSI07-097,AVERTISSEUR INCENDIE KLAXON,K,1,INSTALLER,MODELE NON PRECISE,Klaxon selon legende; sonore/visuel a confirmer au schema/devis,
DSI07,I02-18,DSI07-095,AVERTISSEUR INCENDIE KLAXON,K,1,INSTALLER,MODELE NON PRECISE,Klaxon selon legende; sonore/visuel a confirmer au schema/devis,
DSI07,I02-19,DSI07-090,AVERTISSEUR INCENDIE KLAXON,K,1,INSTALLER,MODELE NON PRECISE,Klaxon selon legende; sonore/visuel a confirmer au schema/devis,
DSI07,I02-20,DSI07-098,AVERTISSEUR INCENDIE KLAXON,K,1,INSTALLER,MODELE NON PRECISE,Klaxon selon legende; sonore/visuel a confirmer au schema/devis,
DSI07,I02-21,DSI07-096,AVERTISSEUR INCENDIE KLAXON,K,1,INSTALLER,MODELE NON PRECISE,Klaxon selon legende; sonore/visuel a confirmer au schema/devis,
DSI07,I02-22,DSI07-092,AVERTISSEUR INCENDIE KLAXON,K,1,INSTALLER,MODELE NON PRECISE,Klaxon selon legende; sonore/visuel a confirmer au schema/devis,
DSI07,I02-23,DSI07-080,AVERTISSEUR INCENDIE KLAXON,K,1,INSTALLER,MODELE NON PRECISE,Klaxon selon legende; sonore/visuel a confirmer au schema/devis,
DSI07,I02-24,DSI07-081,AVERTISSEUR INCENDIE KLAXON,K,1,INSTALLER,MODELE NON PRECISE,Klaxon selon legende; sonore/visuel a confirmer au schema/devis,
DSI07,I02-25,DSI07-075,AVERTISSEUR INCENDIE KLAXON,K,1,INSTALLER,MODELE NON PRECISE,Klaxon selon legende; sonore/visuel a confirmer au schema/devis,
DSI07,I02-26,DSI07-074,AVERTISSEUR INCENDIE KLAXON,K,1,INSTALLER,MODELE NON PRECISE,Klaxon selon legende; sonore/visuel a confirmer au schema/devis,
DSI07,I02-27,DSI07-089,AVERTISSEUR INCENDIE KLAXON,K,1,INSTALLER,MODELE NON PRECISE,Klaxon selon legende; sonore/visuel a confirmer au schema/devis,
DSI07,I02-28,DSI07-088,AVERTISSEUR INCENDIE KLAXON,K,1,INSTALLER,MODELE NON PRECISE,Klaxon selon legende; sonore/visuel a confirmer au schema/devis,
DSI07,I02-29,DSI07-099,AVERTISSEUR INCENDIE KLAXON,K,1,INSTALLER,MODELE NON PRECISE,Klaxon selon legende; sonore/visuel a confirmer au schema/devis,
DSI07,I02-30,DSI07-101,AVERTISSEUR INCENDIE KLAXON,K,1,INSTALLER,MODELE NON PRECISE,Klaxon selon legende; sonore/visuel a confirmer au schema/devis,
DSI07,I02-31,DSI07-100,AVERTISSEUR INCENDIE KLAXON,K,1,INSTALLER,MODELE NON PRECISE,Klaxon selon legende; sonore/visuel a confirmer au schema/devis,
DSI07,I02-32,DSI07-102,AVERTISSEUR INCENDIE KLAXON,K,1,INSTALLER,MODELE NON PRECISE,Klaxon selon legende; sonore/visuel a confirmer au schema/devis,
DSI07,I02-33,DSI07-103,AVERTISSEUR INCENDIE KLAXON,K,1,INSTALLER,MODELE NON PRECISE,Klaxon selon legende; sonore/visuel a confirmer au schema/devis,
DSI07,I02-34,DSI07-104,AVERTISSEUR INCENDIE KLAXON,K,1,INSTALLER,MODELE NON PRECISE,Klaxon selon legende; sonore/visuel a confirmer au schema/devis,
DSI07,I02-35,DSI07-091,AVERTISSEUR INCENDIE KLAXON,K,1,INSTALLER,MODELE NON PRECISE,Klaxon selon legende; sonore/visuel a confirmer au schema/devis,
DSI07,I03-01,DSI07-106,DECLENCHEUR MANUEL ADRESSABLE,F,1,INSTALLER,MODELE NON PRECISE,Selon DSI09; aucun fabricant/modele nomme,
DSI07,I03-02,DSI07-105,DECLENCHEUR MANUEL ADRESSABLE,F,1,INSTALLER,MODELE NON PRECISE,Selon DSI09; aucun fabricant/modele nomme,
DSI07,I03-03,DSI07-077,DECLENCHEUR MANUEL ADRESSABLE,F,1,INSTALLER,MODELE NON PRECISE,Selon DSI09; aucun fabricant/modele nomme,
DSI07,I03-04,DSI07-076,DECLENCHEUR MANUEL ADRESSABLE,F,1,INSTALLER,MODELE NON PRECISE,Selon DSI09; aucun fabricant/modele nomme,
DSI07,I03-05,DSI07-093,DECLENCHEUR MANUEL ADRESSABLE,F,1,INSTALLER,MODELE NON PRECISE,Selon DSI09; aucun fabricant/modele nomme,
DSI07,I03-06,DSI07-073,DECLENCHEUR MANUEL ADRESSABLE,F,1,INSTALLER,MODELE NON PRECISE,Selon DSI09; aucun fabricant/modele nomme,
DSI07,I03-07,DSI07-072,DECLENCHEUR MANUEL ADRESSABLE,F,1,INSTALLER,MODELE NON PRECISE,Selon DSI09; aucun fabricant/modele nomme,
DSI07,I03-08,DSI07-086,DECLENCHEUR MANUEL ADRESSABLE,F,1,INSTALLER,MODELE NON PRECISE,Selon DSI09; aucun fabricant/modele nomme,
DSI07,I03-09,DSI07-087,DECLENCHEUR MANUEL ADRESSABLE,F,1,INSTALLER,MODELE NON PRECISE,Selon DSI09; aucun fabricant/modele nomme,
DSI07,I03-10,DSI07-094,DECLENCHEUR MANUEL ADRESSABLE,F,1,INSTALLER,MODELE NON PRECISE,Selon DSI09; aucun fabricant/modele nomme,
DSI07,I04-01,DSI07-044,DETECTEUR DE FUMEE ADRESSABLE,DF,1,INSTALLER,MODELE NON PRECISE,Selon DSI09; aucun fabricant/modele nomme,
DSI07,I04-02,DSI07-045,DETECTEUR DE FUMEE ADRESSABLE,DF,1,INSTALLER,MODELE NON PRECISE,Selon DSI09; aucun fabricant/modele nomme,
DSI07,I04-03,DSI07-046,DETECTEUR DE FUMEE ADRESSABLE,DF,1,INSTALLER,MODELE NON PRECISE,Selon DSI09; aucun fabricant/modele nomme,
DSI07,I04-04,DSI07-047,DETECTEUR DE FUMEE ADRESSABLE,DF,1,INSTALLER,MODELE NON PRECISE,Selon DSI09; aucun fabricant/modele nomme,
DSI07,I04-05,DSI07-043,DETECTEUR DE FUMEE ADRESSABLE,DF,1,INSTALLER,MODELE NON PRECISE,Selon DSI09; aucun fabricant/modele nomme,
DSI07,I04-06,DSI07-020,DETECTEUR DE FUMEE ADRESSABLE,DF,1,INSTALLER,MODELE NON PRECISE,Selon DSI09; aucun fabricant/modele nomme,
DSI07,I04-07,DSI07-002,DETECTEUR DE FUMEE ADRESSABLE,DF,1,INSTALLER,MODELE NON PRECISE,Selon DSI09; aucun fabricant/modele nomme,
DSI07,I04-08,DSI07-004,DETECTEUR DE FUMEE ADRESSABLE,DF,1,INSTALLER,MODELE NON PRECISE,Selon DSI09; aucun fabricant/modele nomme,
DSI07,I04-09,DSI07-003,DETECTEUR DE FUMEE ADRESSABLE,DF,1,INSTALLER,MODELE NON PRECISE,Selon DSI09; aucun fabricant/modele nomme,
DSI07,I04-10,DSI07-017,DETECTEUR DE FUMEE ADRESSABLE,DF,1,INSTALLER,MODELE NON PRECISE,Selon DSI09; aucun fabricant/modele nomme,
DSI07,I04-11,DSI07-018,DETECTEUR DE FUMEE ADRESSABLE,DF,1,INSTALLER,MODELE NON PRECISE,Selon DSI09; aucun fabricant/modele nomme,
DSI07,I04-12,DSI07-001,DETECTEUR DE FUMEE ADRESSABLE,DF,1,INSTALLER,MODELE NON PRECISE,Selon DSI09; aucun fabricant/modele nomme,
DSI07,I04-13,DSI07-016,DETECTEUR DE FUMEE ADRESSABLE,DF,1,INSTALLER,MODELE NON PRECISE,Selon DSI09; aucun fabricant/modele nomme,
DSI07,I04-14,DSI07-019,DETECTEUR DE FUMEE ADRESSABLE,DF,1,INSTALLER,MODELE NON PRECISE,Selon DSI09; aucun fabricant/modele nomme,
DSI07,I05-01,DSI07-058,DETECTEUR THERMIQUE 57C FIXE,DT,1,INSTALLER,MODELE NON PRECISE,57C/135F fixe suivant legende,
DSI07,I05-02,DSI07-057,DETECTEUR THERMIQUE 57C FIXE,DT,1,INSTALLER,MODELE NON PRECISE,57C/135F fixe suivant legende,
DSI07,I05-03,DSI07-056,DETECTEUR THERMIQUE 57C FIXE,DT,1,INSTALLER,MODELE NON PRECISE,57C/135F fixe suivant legende,
DSI07,I05-04,DSI07-055,DETECTEUR THERMIQUE 57C FIXE,DT,1,INSTALLER,MODELE NON PRECISE,57C/135F fixe suivant legende,
DSI07,I05-05,DSI07-059,DETECTEUR THERMIQUE 57C FIXE,DT,1,INSTALLER,MODELE NON PRECISE,57C/135F fixe suivant legende,
DSI07,I05-06,DSI07-054,DETECTEUR THERMIQUE 57C FIXE,DT,1,INSTALLER,MODELE NON PRECISE,57C/135F fixe suivant legende,
DSI07,I05-07,DSI07-048,DETECTEUR THERMIQUE 57C FIXE,DT,1,INSTALLER,MODELE NON PRECISE,57C/135F fixe suivant legende,
DSI07,I05-08,DSI07-049,DETECTEUR THERMIQUE 57C FIXE,DT,1,INSTALLER,MODELE NON PRECISE,57C/135F fixe suivant legende,
DSI07,I05-09,DSI07-050,DETECTEUR THERMIQUE 57C FIXE,DT,1,INSTALLER,MODELE NON PRECISE,57C/135F fixe suivant legende,
DSI07,I05-10,DSI07-051,DETECTEUR THERMIQUE 57C FIXE,DT,1,INSTALLER,MODELE NON PRECISE,57C/135F fixe suivant legende,
DSI07,I05-11,DSI07-052,DETECTEUR THERMIQUE 57C FIXE,DT,1,INSTALLER,MODELE NON PRECISE,57C/135F fixe suivant legende,
DSI07,I05-12,DSI07-053,DETECTEUR THERMIQUE 57C FIXE,DT,1,INSTALLER,MODELE NON PRECISE,57C/135F fixe suivant legende,
DSI07,I05-13,DSI07-015,DETECTEUR THERMIQUE 57C FIXE,DT,1,INSTALLER,MODELE NON PRECISE,57C/135F fixe suivant legende,
DSI07,I05-14,DSI07-013,DETECTEUR THERMIQUE 57C FIXE,DT,1,INSTALLER,MODELE NON PRECISE,57C/135F fixe suivant legende,
DSI07,I05-15,DSI07-011,DETECTEUR THERMIQUE 57C FIXE,DT,1,INSTALLER,MODELE NON PRECISE,57C/135F fixe suivant legende,
DSI07,I05-16,DSI07-012,DETECTEUR THERMIQUE 57C FIXE,DT,1,INSTALLER,MODELE NON PRECISE,57C/135F fixe suivant legende,
DSI07,I05-17,DSI07-014,DETECTEUR THERMIQUE 57C FIXE,DT,1,INSTALLER,MODELE NON PRECISE,57C/135F fixe suivant legende,
DSI07,I05-18,DSI07-031,DETECTEUR THERMIQUE 57C FIXE,DT,1,INSTALLER,MODELE NON PRECISE,57C/135F fixe suivant legende,
DSI07,I05-19,DSI07-030,DETECTEUR THERMIQUE 57C FIXE,DT,1,INSTALLER,MODELE NON PRECISE,57C/135F fixe suivant legende,
DSI07,I05-20,DSI07-029,DETECTEUR THERMIQUE 57C FIXE,DT,1,INSTALLER,MODELE NON PRECISE,57C/135F fixe suivant legende,
DSI07,I05-21,DSI07-028,DETECTEUR THERMIQUE 57C FIXE,DT,1,INSTALLER,MODELE NON PRECISE,57C/135F fixe suivant legende,
DSI07,I05-22,DSI07-032,DETECTEUR THERMIQUE 57C FIXE,DT,1,INSTALLER,MODELE NON PRECISE,57C/135F fixe suivant legende,
DSI07,I05-23,DSI07-027,DETECTEUR THERMIQUE 57C FIXE,DT,1,INSTALLER,MODELE NON PRECISE,57C/135F fixe suivant legende,
DSI07,I05-24,DSI07-021,DETECTEUR THERMIQUE 57C FIXE,DT,1,INSTALLER,MODELE NON PRECISE,57C/135F fixe suivant legende,
DSI07,I05-25,DSI07-022,DETECTEUR THERMIQUE 57C FIXE,DT,1,INSTALLER,MODELE NON PRECISE,57C/135F fixe suivant legende,
DSI07,I05-26,DSI07-023,DETECTEUR THERMIQUE 57C FIXE,DT,1,INSTALLER,MODELE NON PRECISE,57C/135F fixe suivant legende,
DSI07,I05-27,DSI07-024,DETECTEUR THERMIQUE 57C FIXE,DT,1,INSTALLER,MODELE NON PRECISE,57C/135F fixe suivant legende,
DSI07,I05-28,DSI07-025,DETECTEUR THERMIQUE 57C FIXE,DT,1,INSTALLER,MODELE NON PRECISE,57C/135F fixe suivant legende,
DSI07,I05-29,DSI07-026,DETECTEUR THERMIQUE 57C FIXE,DT,1,INSTALLER,MODELE NON PRECISE,57C/135F fixe suivant legende,
DSI07,I05-30,DSI07-010,DETECTEUR THERMIQUE 57C FIXE,DT,1,INSTALLER,MODELE NON PRECISE,57C/135F fixe suivant legende,
DSI07,I05-31,DSI07-009,DETECTEUR THERMIQUE 57C FIXE,DT,1,INSTALLER,MODELE NON PRECISE,57C/135F fixe suivant legende,
DSI07,I05-32,DSI07-008,DETECTEUR THERMIQUE 57C FIXE,DT,1,INSTALLER,MODELE NON PRECISE,57C/135F fixe suivant legende,
DSI07,I05-33,DSI07-007,DETECTEUR THERMIQUE 57C FIXE,DT,1,INSTALLER,MODELE NON PRECISE,57C/135F fixe suivant legende,
DSI07,I05-34,DSI07-006,DETECTEUR THERMIQUE 57C FIXE,DT,1,INSTALLER,MODELE NON PRECISE,57C/135F fixe suivant legende,
DSI07,I05-35,DSI07-005,DETECTEUR THERMIQUE 57C FIXE,DT,1,INSTALLER,MODELE NON PRECISE,57C/135F fixe suivant legende,
DSI07,I06-01,DSI07-082,MODULE ADRESSABLE SIMPLE,MA,1,INSTALLER,MODELE NON PRECISE,Selon DSI09; aucun fabricant/modele nomme,
DSI07,I06-02,DSI07-083,MODULE ADRESSABLE SIMPLE,MA,1,INSTALLER,MODELE NON PRECISE,Selon DSI09; aucun fabricant/modele nomme,
DSI07,I06-03,DSI07-084,MODULE ADRESSABLE SIMPLE,MA,1,INSTALLER,MODELE NON PRECISE,Selon DSI09; aucun fabricant/modele nomme,
DSI07,I07-01,DSI07-121,PANNEAU ALARME INCENDIE,PAI,1,INSTALLER,MODELE NON PRECISE,Adressable; DSI09 configurations et surveillance contradictoires reservees,
DSI07,I08-01,DSI07-085,"RELAIS ADRESSABLE Tous les symboles retenus ont un ancrage PDF exact. de quantite additionnelle; ne pas additionner plans, diagrammes et plans types logements. prescrits hors plan, repartition par site a confirmer; affiches et accessoires classes A/B et surveillance a distance contradictoires: reserves. Longueurs cables/conduits des fichiers et rendu PDF seulement. logements; deux absences au RDC a confirmer. DT0.9 et K0.4 sont marques ?? sur",RA dans bordereau complementaire. et depose ancien systeme source. Deux F1.1 et deux F1.2,1 non quantifiables distincts; 15 klaxons,"INSTALLER sur ces diagrammes. RDC contre14 indices, K1.9 repete: numerotation",MODELE NON PRECISE a confirmer.,Selon DSI09; aucun fabricant/modele nomme,
DSI08,I01-01,DSI08-011,AVERTISSEUR INCENDIE KLAXON,K,1,RENVOI_DSI07,MODELE NON PRECISE,"Schema partiel: reperes extremes et ellipses ne donnent pas une quantite physique; plan de niveau maitre, divergence modules a confirmer",
DSI08,I01-02,DSI08-012,AVERTISSEUR INCENDIE KLAXON,K,1,RENVOI_DSI07,MODELE NON PRECISE,"Schema partiel: reperes extremes et ellipses ne donnent pas une quantite physique; plan de niveau maitre, divergence modules a confirmer",
DSI08,I01-03,DSI08-013,AVERTISSEUR INCENDIE KLAXON,K,1,RENVOI_DSI07,MODELE NON PRECISE,"Schema partiel: reperes extremes et ellipses ne donnent pas une quantite physique; plan de niveau maitre, divergence modules a confirmer",
DSI08,I01-04,DSI08-014,AVERTISSEUR INCENDIE KLAXON,K,1,RENVOI_DSI07,MODELE NON PRECISE,"Schema partiel: reperes extremes et ellipses ne donnent pas une quantite physique; plan de niveau maitre, divergence modules a confirmer",
DSI08,I01-05,DSI08-007,AVERTISSEUR INCENDIE KLAXON,K,1,RENVOI_DSI07,MODELE NON PRECISE,"Schema partiel: reperes extremes et ellipses ne donnent pas une quantite physique; plan de niveau maitre, divergence modules a confirmer",
DSI08,I01-06,DSI08-008,AVERTISSEUR INCENDIE KLAXON,K,1,RENVOI_DSI07,MODELE NON PRECISE,"Schema partiel: reperes extremes et ellipses ne donnent pas une quantite physique; plan de niveau maitre, divergence modules a confirmer",
DSI08,I01-07,DSI08-009,AVERTISSEUR INCENDIE KLAXON,K,1,RENVOI_DSI07,MODELE NON PRECISE,"Schema partiel: reperes extremes et ellipses ne donnent pas une quantite physique; plan de niveau maitre, divergence modules a confirmer",
DSI08,I01-08,DSI08-010,AVERTISSEUR INCENDIE KLAXON,K,1,RENVOI_DSI07,MODELE NON PRECISE,"Schema partiel: reperes extremes et ellipses ne donnent pas une quantite physique; plan de niveau maitre, divergence modules a confirmer",
DSI08,I01-09,DSI08-005,AVERTISSEUR INCENDIE KLAXON,K,1,RENVOI_DSI07,MODELE NON PRECISE,"Schema partiel: reperes extremes et ellipses ne donnent pas une quantite physique; plan de niveau maitre, divergence modules a confirmer",
DSI08,I01-10,DSI08-006,AVERTISSEUR INCENDIE KLAXON,K,1,RENVOI_DSI07,MODELE NON PRECISE,"Schema partiel: reperes extremes et ellipses ne donnent pas une quantite physique; plan de niveau maitre, divergence modules a confirmer",
DSI08,I02-01,DSI08-044,DECLENCHEUR MANUEL ADRESSABLE,F,1,RENVOI_DSI07,MODELE NON PRECISE,"Schema partiel: reperes extremes et ellipses ne donnent pas une quantite physique; plan de niveau maitre, divergence modules a confirmer",
DSI08,I02-02,DSI08-043,DECLENCHEUR MANUEL ADRESSABLE,F,1,RENVOI_DSI07,MODELE NON PRECISE,"Schema partiel: reperes extremes et ellipses ne donnent pas une quantite physique; plan de niveau maitre, divergence modules a confirmer",
DSI08,I02-03,DSI08-038,DECLENCHEUR MANUEL ADRESSABLE,F,1,RENVOI_DSI07,MODELE NON PRECISE,"Schema partiel: reperes extremes et ellipses ne donnent pas une quantite physique; plan de niveau maitre, divergence modules a confirmer",
DSI08,I02-04,DSI08-037,DECLENCHEUR MANUEL ADRESSABLE,F,1,RENVOI_DSI07,MODELE NON PRECISE,"Schema partiel: reperes extremes et ellipses ne donnent pas une quantite physique; plan de niveau maitre, divergence modules a confirmer",
DSI08,I02-05,DSI08-034,DECLENCHEUR MANUEL ADRESSABLE,F,1,RENVOI_DSI07,MODELE NON PRECISE,"Schema partiel: reperes extremes et ellipses ne donnent pas une quantite physique; plan de niveau maitre, divergence modules a confirmer",
DSI08,I02-06,DSI08-033,DECLENCHEUR MANUEL ADRESSABLE,F,1,RENVOI_DSI07,MODELE NON PRECISE,"Schema partiel: reperes extremes et ellipses ne donnent pas une quantite physique; plan de niveau maitre, divergence modules a confirmer",
DSI08,I03-01,DSI08-016,DETECTEUR DE FUMEE ADRESSABLE,DF,1,RENVOI_DSI07,MODELE NON PRECISE,"Schema partiel: reperes extremes et ellipses ne donnent pas une quantite physique; plan de niveau maitre, divergence modules a confirmer",
DSI08,I03-02,DSI08-041,DETECTEUR DE FUMEE ADRESSABLE,DF,1,RENVOI_DSI07,MODELE NON PRECISE,"Schema partiel: reperes extremes et ellipses ne donnent pas une quantite physique; plan de niveau maitre, divergence modules a confirmer",
DSI08,I03-03,DSI08-042,DETECTEUR DE FUMEE ADRESSABLE,DF,1,RENVOI_DSI07,MODELE NON PRECISE,"Schema partiel: reperes extremes et ellipses ne donnent pas une quantite physique; plan de niveau maitre, divergence modules a confirmer",
DSI08,I03-04,DSI08-017,DETECTEUR DE FUMEE ADRESSABLE,DF,1,RENVOI_DSI07,MODELE NON PRECISE,"Schema partiel: reperes extremes et ellipses ne donnent pas une quantite physique; plan de niveau maitre, divergence modules a confirmer",
DSI08,I03-05,DSI08-035,DETECTEUR DE FUMEE ADRESSABLE,DF,1,RENVOI_DSI07,MODELE NON PRECISE,"Schema partiel: reperes extremes et ellipses ne donnent pas une quantite physique; plan de niveau maitre, divergence modules a confirmer",
DSI08,I03-06,DSI08-036,DETECTEUR DE FUMEE ADRESSABLE,DF,1,RENVOI_DSI07,MODELE NON PRECISE,"Schema partiel: reperes extremes et ellipses ne donnent pas une quantite physique; plan de niveau maitre, divergence modules a confirmer",
DSI08,I03-07,DSI08-029,DETECTEUR DE FUMEE ADRESSABLE,DF,1,RENVOI_DSI07,MODELE NON PRECISE,"Schema partiel: reperes extremes et ellipses ne donnent pas une quantite physique; plan de niveau maitre, divergence modules a confirmer",
DSI08,I03-08,DSI08-030,DETECTEUR DE FUMEE ADRESSABLE,DF,1,RENVOI_DSI07,MODELE NON PRECISE,"Schema partiel: reperes extremes et ellipses ne donnent pas une quantite physique; plan de niveau maitre, divergence modules a confirmer",
DSI08,I04-01,DSI08-045,DETECTEUR THERMIQUE 57C FIXE,DT,1,RENVOI_DSI07,MODELE NON PRECISE,"Schema partiel: reperes extremes et ellipses ne donnent pas une quantite physique; plan de niveau maitre, divergence modules a confirmer",
DSI08,I04-02,DSI08-046,DETECTEUR THERMIQUE 57C FIXE,DT,1,RENVOI_DSI07,MODELE NON PRECISE,"Schema partiel: reperes extremes et ellipses ne donnent pas une quantite physique; plan de niveau maitre, divergence modules a confirmer",
DSI08,I04-03,DSI08-039,DETECTEUR THERMIQUE 57C FIXE,DT,1,RENVOI_DSI07,MODELE NON PRECISE,"Schema partiel: reperes extremes et ellipses ne donnent pas une quantite physique; plan de niveau maitre, divergence modules a confirmer",
DSI08,I04-04,DSI08-040,DETECTEUR THERMIQUE 57C FIXE,DT,1,RENVOI_DSI07,MODELE NON PRECISE,"Schema partiel: reperes extremes et ellipses ne donnent pas une quantite physique; plan de niveau maitre, divergence modules a confirmer",
DSI08,I04-05,DSI08-032,DETECTEUR THERMIQUE 57C FIXE,DT,1,RENVOI_DSI07,MODELE NON PRECISE,"Schema partiel: reperes extremes et ellipses ne donnent pas une quantite physique; plan de niveau maitre, divergence modules a confirmer",
DSI08,I04-06,DSI08-031,DETECTEUR THERMIQUE 57C FIXE,DT,1,RENVOI_DSI07,MODELE NON PRECISE,"Schema partiel: reperes extremes et ellipses ne donnent pas une quantite physique; plan de niveau maitre, divergence modules a confirmer",
DSI08,I05-01,DSI08-048,MODULE ADRESSABLE DOUBLE,MA2,1,RENVOI_DSI07,MODELE NON PRECISE,"Schema partiel: reperes extremes et ellipses ne donnent pas une quantite physique; plan de niveau maitre, divergence modules a confirmer",
DSI08,I06-01,DSI08-047,MODULE ADRESSABLE SIMPLE,MA,1,RENVOI_DSI07,MODELE NON PRECISE,"Schema partiel: reperes extremes et ellipses ne donnent pas une quantite physique; plan de niveau maitre, divergence modules a confirmer",
DSI08,I06-02,DSI08-049,MODULE ADRESSABLE SIMPLE,MA,1,RENVOI_DSI07,MODELE NON PRECISE,"Schema partiel: reperes extremes et ellipses ne donnent pas une quantite physique; plan de niveau maitre, divergence modules a confirmer",
DSI08,I07-01,DSI08-022,MODULE ISOLATEUR BOUCLE ADRESSABLE,MIBA,1,INSTALLER,MODELE NON PRECISE,Quantite des symboles dessines seulement; configuration finale selon notes du diagramme et DSI09,
DSI08,I07-02,DSI08-023,MODULE ISOLATEUR BOUCLE ADRESSABLE,MIBA,1,INSTALLER,MODELE NON PRECISE,Quantite des symboles dessines seulement; configuration finale selon notes du diagramme et DSI09,
DSI08,I07-03,DSI08-024,MODULE ISOLATEUR BOUCLE ADRESSABLE,MIBA,1,INSTALLER,MODELE NON PRECISE,Quantite des symboles dessines seulement; configuration finale selon notes du diagramme et DSI09,
DSI08,I07-04,DSI08-027,MODULE ISOLATEUR BOUCLE ADRESSABLE,MIBA,1,INSTALLER,MODELE NON PRECISE,Quantite des symboles dessines seulement; configuration finale selon notes du diagramme et DSI09,
DSI08,I07-05,DSI08-019,MODULE ISOLATEUR BOUCLE ADRESSABLE,MIBA,1,INSTALLER,MODELE NON PRECISE,Quantite des symboles dessines seulement; configuration finale selon notes du diagramme et DSI09,
DSI08,I07-06,DSI08-026,MODULE ISOLATEUR BOUCLE ADRESSABLE,MIBA,1,INSTALLER,MODELE NON PRECISE,Quantite des symboles dessines seulement; configuration finale selon notes du diagramme et DSI09,
DSI08,I07-07,DSI08-025,MODULE ISOLATEUR BOUCLE ADRESSABLE,MIBA,1,INSTALLER,MODELE NON PRECISE,Quantite des symboles dessines seulement; configuration finale selon notes du diagramme et DSI09,
DSI08,I07-08,DSI08-021,MODULE ISOLATEUR BOUCLE ADRESSABLE,MIBA,1,INSTALLER,MODELE NON PRECISE,Quantite des symboles dessines seulement; configuration finale selon notes du diagramme et DSI09,
DSI08,I07-09,DSI08-018,MODULE ISOLATEUR BOUCLE ADRESSABLE,MIBA,1,INSTALLER,MODELE NON PRECISE,Quantite des symboles dessines seulement; configuration finale selon notes du diagramme et DSI09,
DSI08,I07-10,DSI08-028,MODULE ISOLATEUR BOUCLE ADRESSABLE,MIBA,1,INSTALLER,MODELE NON PRECISE,Quantite des symboles dessines seulement; configuration finale selon notes du diagramme et DSI09,
DSI08,I07-11,DSI08-020,MODULE ISOLATEUR BOUCLE ADRESSABLE,MIBA,1,INSTALLER,MODELE NON PRECISE,Quantite des symboles dessines seulement; configuration finale selon notes du diagramme et DSI09,
DSI08,I08-01,DSI08-001,PANNEAU ALARME INCENDIE,PAI,1,RENVOI_DSI07,MODELE NON PRECISE,"Schema partiel: reperes extremes et ellipses ne donnent pas une quantite physique; plan de niveau maitre, divergence modules a confirmer",
DSI08,I08-02,DSI08-015,PANNEAU ALARME INCENDIE,PAI,1,RENVOI_DSI07,MODELE NON PRECISE,"Schema partiel: reperes extremes et ellipses ne donnent pas une quantite physique; plan de niveau maitre, divergence modules a confirmer",
DSI08,I09-01,DSI08-002,RESISTANCE FIN DE LIGNE,RFL,1,INSTALLER,MODELE NON PRECISE,Quantite des symboles dessines seulement; configuration finale selon notes du diagramme et DSI09,
DSI08,I09-02,DSI08-003,RESISTANCE FIN DE LIGNE,RFL,1,INSTALLER,MODELE NON PRECISE,Quantite des symboles dessines seulement; configuration finale selon notes du diagramme et DSI09,
DSI08,I09-03,DSI08-004,"RESISTANCE FIN DE LIGNE Tous les symboles retenus ont un ancrage PDF exact. de quantite additionnelle; ne pas additionner plans, diagrammes et plans types logements. prescrits hors plan, repartition par site a confirmer; affiches et accessoires classes A/B et surveillance a distance contradictoires: reserves. Longueurs cables/conduits des fichiers et rendu PDF seulement. et ellipses ne sont pas un total appareils. MIBA et RFL ajoutes une seule fois; MA2",RFL dans bordereau complementaire. et depose ancien systeme versus MA simples a confirmer.,1 non quantifiables,INSTALLER sur ces diagrammes.,MODELE NON PRECISE,Quantite des symboles dessines seulement; configuration finale selon notes du diagramme et DSI09,
E02,M01-01,E02-006,BOITE DE JONCTION,BJ,1,INSTALLER,MODELE NON PRECISE,Nouvelle boite vers distributions sous dalle EAC; dimensions non indiquees,
E02,M02-01,E02-025,BOITIER CONTROLE ECLAIRAGE,CTRL,1,INSTALLER,MODELE NON PRECISE,E15 section17 NEMA1 fabrication sur mesure; composants ci-dessous inclus,
E02,M03-01,E02-002,BOITIER DE MESURAGE,HQ,1,REMPLACER,MODELE NON PRECISE,1200x1200x300; coordination Hydro-Quebec,
E02,M04-01,E02-016,CHAUFFE-EAU - RACCORDEMENT,CE1,1,A PRECISER,MODELE NON PRECISE,10kW au schema propose et existant; meme appareil que vue salle. Fourniture chauffe-eau versus raccordement a confirmer,
E02,M04-02,E02-017,CHAUFFE-EAU - RACCORDEMENT,CE2,1,A PRECISER,MODELE NON PRECISE,10kW au schema propose et existant; meme appareil que vue salle. Fourniture chauffe-eau versus raccordement a confirmer,
E02,M04-03,E02-018,CHAUFFE-EAU - RACCORDEMENT,CE3,1,A PRECISER,MODELE NON PRECISE,10kW au schema propose et existant; meme appareil que vue salle. Fourniture chauffe-eau versus raccordement a confirmer,
E02,M05-01,E02-028,CONTACTEUR ECLAIRAGE,C,1,INSTALLER,MODELE NON PRECISE,"Bobine120V, contacts30A; quatre circuits representes et minimumdeux reserves E15; six contacts minimum a confirmer",CTRL
E02,M06-01,E02-046,DEPART FUSIBLE EXISTANT,COL6,1,ENLEVER,MODELE NON PRECISE,"125A3p ancien, aucune fourniture neuve",CDP-ANCIEN
E02,M06-02,E02-041,DEPART FUSIBLE EXISTANT,COL1,1,ENLEVER,MODELE NON PRECISE,"125A3p ancien, aucune fourniture neuve",CDP-ANCIEN
E02,M06-03,E02-042,DEPART FUSIBLE EXISTANT,COL2,1,ENLEVER,MODELE NON PRECISE,"110A3p ancien, aucune fourniture neuve",CDP-ANCIEN
E02,M06-04,E02-043,DEPART FUSIBLE EXISTANT,COL3,1,ENLEVER,MODELE NON PRECISE,"110A3p ancien, aucune fourniture neuve",CDP-ANCIEN
E02,M06-05,E02-044,DEPART FUSIBLE EXISTANT,COL4,1,ENLEVER,MODELE NON PRECISE,"110A3p ancien, aucune fourniture neuve",CDP-ANCIEN
E02,M06-06,E02-045,DEPART FUSIBLE EXISTANT,COL5,1,ENLEVER,MODELE NON PRECISE,"110A3p ancien, aucune fourniture neuve",CDP-ANCIEN
E02,M06-07,E02-047,DEPART FUSIBLE EXISTANT,PS,1,ENLEVER,MODELE NON PRECISE,"200A3p ancien, aucune fourniture neuve",CDP-ANCIEN
E02,M06-08,E02-048,DEPART FUSIBLE EXISTANT,CE-COMMUN,1,ENLEVER,MODELE NON PRECISE,"100A3p ancien, aucune fourniture neuve",CDP-ANCIEN
E02,M07-01,E02-007,DISJONCTEUR CDP,PRINCIPAL,1,INSTALLER,MODELE NON PRECISE,600A 3p; composant CDP,CDP
E02,M07-02,E02-008,DISJONCTEUR CDP,LOGEMENTS RDC,6,INSTALLER,MODELE NON PRECISE,70A3p; bloc TYPIQUE6X: six departs,CDP
E02,M07-03,E02-009,DISJONCTEUR CDP,LOGEMENTS 2E,6,INSTALLER,MODELE NON PRECISE,70A3p; bloc TYPIQUE6X: six departs,CDP
E02,M07-04,E02-010,DISJONCTEUR CDP,LOGEMENTS 3E,6,INSTALLER,MODELE NON PRECISE,70A3p; bloc TYPIQUE6X: six departs,CDP
E02,M07-05,E02-011,DISJONCTEUR CDP,PS,1,INSTALLER,MODELE NON PRECISE,200A3p; cedule55/57/59,CDP
E02,M07-06,E02-013,DISJONCTEUR CDP,CE1,1,INSTALLER,MODELE NON PRECISE,60A2p; cedule61/63,CDP
E02,M07-07,E02-014,DISJONCTEUR CDP,CE2,1,INSTALLER,MODELE NON PRECISE,60A2p; cedule65/67,CDP
E02,M07-08,E02-015,DISJONCTEUR CDP,CE3,1,INSTALLER,MODELE NON PRECISE,60A2p; cedule69/71,CDP
E02,M08-01,E02-012,DISJONCTEUR TRANSFERT TEMPORAIRE,TRANSFERT,1,TEMPORAIRE,MODELE NON PRECISE,200A3p; cedule56/58/60,CDP
E02,M09-01,E02-035,GENERATRICE TEMPORAIRE,G,1,TEMPORAIRE,MODELE NON PRECISE,Libelle source125VA 120/208V3ph4fils; unite/capacite a confirmer,
E02,M10-01,E02-052,MATS LIVRAISON - EXISTANT ET NOUVEAU,MATS,2,A PRECISER,MODELE NON PRECISE,Deux cercles dans salle: libelle existants et nouveaux; repartition a confirmer,
E02,M11-01,E02-038,MESURAGE EXISTANT,HQ-ANCIEN,1,ENLEVER,MODELE NON PRECISE,"Mesurage ancien a deposer, coordination Hydro-Quebec",
E02,M12-01,E02-026,MINUTERIE ASTRONOMIQUE,MIN,1,INSTALLER,MODELE NON PRECISE,120V contactsecSPDT NEMA1; programmation E15,CTRL
E02,M13-01,E02-005,PANNEAU DE SERVICE,S,1,REMPLACER,MODELE NON PRECISE,"200A 208V 3ph 4fils; nouveau62positions, ancien44positions",
E02,M14-01,E02-040,PANNEAU DE SERVICE EXISTANT,PS-ANCIEN,1,ENLEVER,MODELE NON PRECISE,200A44positions ancien; meme panneau que vue salle,
E02,M15-01,E02-004,PANNEAU DISTRIBUTION PRINCIPAL,CDP,1,REMPLACER,MODELE NON PRECISE,600A 120/208V 3ph 4fils; principal600A; 72positions cedule,
E02,M16-01,E02-039,PANNEAU DISTRIBUTION PRINCIPAL EXISTANT,CDP-ANCIEN,1,ENLEVER,MODELE NON PRECISE,600A3ph4fils; rectangle assemble ancre aux deux coins source opposes; composants ci-dessous,
E02,M17-01,E02-024,PANNEAU LOGEMENT - RENVOI,3E,6,RENVOI_LOGEMENTS_LOT_A,MODELE NON PRECISE,Six panneaux logements par etage deja compris dans releve lotA; symboles existants barres: portee a rapprocher,
E02,M17-02,E02-023,PANNEAU LOGEMENT - RENVOI,2E,6,RENVOI_LOGEMENTS_LOT_A,MODELE NON PRECISE,Six panneaux logements par etage deja compris dans releve lotA; symboles existants barres: portee a rapprocher,
E02,M17-03,E02-022,PANNEAU LOGEMENT - RENVOI,RDC,6,RENVOI_LOGEMENTS_LOT_A,MODELE NON PRECISE,Six panneaux logements par etage deja compris dans releve lotA; symboles existants barres: portee a rapprocher,
E02,M18-01,E02-032,PLAQUE LAMICOIDE,IDENTIFICATION,1,INSTALLER,MODELE NON PRECISE,SYSTEME DE CONTROLE ECLAIRAGE EXTERIEUR,CTRL
E02,M18-02,E02-033,PLAQUE LAMICOIDE,ALIMENTATION,1,INSTALLER,MODELE NON PRECISE,PANNEAU DE CONTROLE ALIMENTE,CTRL
E02,M18-03,E02-034,PLAQUE LAMICOIDE,ECLAIRAGE,1,INSTALLER,MODELE NON PRECISE,ECLAIRAGE EXTERIEUR,CTRL
E02,M19-01,E02-031,RELAIS REPRESENTE,R1,1,A PRECISER,MODELE NON PRECISE,Integre minuterie ou relais separe a confirmer,CTRL
E02,M20-01,E02-003,REPARTITEUR,REP,1,INSTALLER,MODELE NON PRECISE,600A 4fils; nouveau,
E02,M21-01,E02-019,SECTIONNEUR CHAUFFE-EAU,CE1,1,A PRECISER,E15 SCHNEIDER DU POUR NEUF,Sectionneur non fusible propose; calibre non inscrit. Ancien60A fusible distinct; conservation/remplacement a confirmer,
E02,M21-02,E02-020,SECTIONNEUR CHAUFFE-EAU,CE2,1,A PRECISER,E15 SCHNEIDER DU POUR NEUF,Sectionneur non fusible propose; calibre non inscrit. Ancien60A fusible distinct; conservation/remplacement a confirmer,
E02,M21-03,E02-021,SECTIONNEUR CHAUFFE-EAU,CE3,1,A PRECISER,E15 SCHNEIDER DU POUR NEUF,Sectionneur non fusible propose; calibre non inscrit. Ancien60A fusible distinct; conservation/remplacement a confirmer,
E02,M22-01,E02-049,SECTIONNEUR FUSIBLE EXISTANT,CE1,1,A PRECISER,MODELE NON PRECISE,60A2p fusible dans unifilaire existant; remplacement par sectionneur non fusible propose a confirmer,
E02,M22-02,E02-050,SECTIONNEUR FUSIBLE EXISTANT,CE2,1,A PRECISER,MODELE NON PRECISE,60A2p fusible dans unifilaire existant; remplacement par sectionneur non fusible propose a confirmer,
E02,M22-03,E02-051,SECTIONNEUR FUSIBLE EXISTANT,CE3,1,A PRECISER,MODELE NON PRECISE,60A2p fusible dans unifilaire existant; remplacement par sectionneur non fusible propose a confirmer,
E02,M23-01,E02-001,SECTIONNEUR PRINCIPAL,SP,1,REMPLACER,SCHNEIDER POWERPACT + MGL,600A 3p 4fils; E15 section12,
E02,M24-01,E02-037,SECTIONNEUR PRINCIPAL EXISTANT,SP-ANCIEN,1,ENLEVER,MODELE NON PRECISE,600A3p fusible; schema barre,
E02,M25-01,E02-036,SECTIONNEUR TEMPORAIRE FUSIBLE,TEMP250,1,TEMPORAIRE,MODELE NON PRECISE,250A3p; transition temporaire,
E02,M26-01,E02-027,SELECTEUR TROIS POSITIONS,SEL,1,INSTALLER,MODELE NON PRECISE,MANUEL ARRET AUTO,CTRL
E02,M27-01,E02-029,VOYANT DEL,V,1,INSTALLER,MODELE NON PRECISE,Vert panneau alimente,CTRL
E02,M27-02,E02-030,"VOYANT DEL les panneaux logements deja compris au lotA ne sont pas additionnes. Portee des dont principal et lien temporaire. Ces composants sont deja compris dans les reperes charges/circuits a preciser. Pas de renumerotation arbitraire. Voir fichier et dans salle: compter une seule fois. Fourniture versus raccordement selecteur, contacteur30A bobine120V avec quatre circuits dessines et deux et capacite a confirmer. Lien200A et sectionneur250A3P temporaires distincts du du schema sans echelle. Modeles, dimensions et configurations non specifies restent","R anciens panneaux barres a rapprocher du schema. Panneau S nouveau200A62positions:26 reconciliation. et traitement des sectionneurs anciens60A reserves minimum E15, voyants permanent. Deux mats libelle existants reserves.","1 des releves fusibles a rouge/vert, trois plaques et nouveaux:","INSTALLER logements. disjoncteurs divisionnaires (14x15A1P,1x15A2P,6x20A2P,5x30A2P). preciser. et un autocollant avertissement. R1 integre repartition a confirmer.",MODELE NON PRECISE ou separe a confirmer.,Rouge eclairage exterieur,CTRL
E07,M01-01,E07-007,BOITE DE JONCTION,BJ,1,INSTALLER,MODELE NON PRECISE,Nouvelle boite sur liaison du panneau PS vers distribution sous dalle existante; dimensions non indiquees,
E07,M02-01,E07-028,BOITIER CONTROLE ECLAIRAGE,CTRL,1,INSTALLER,FABRICATION SUR MESURE,"E15 section17: NEMA1, porte charniere et serrure; composants ci-dessous a integrer, pas un second ensemble",
E07,M03-01,E07-002,BOITIER DE MESURAGE,HQ,1,REMPLACER,MODELE NON PRECISE,1200 x 1200 x 300 au schema; E15 section14; exigences Hydro-Quebec,
E07,M04-01,E07-018,CHAUFFE-EAU EXISTANT,CE1,1,CONSERVER,EXISTANT - MODELE NON INDIQUE,"5 kW, EC au schema; raccordement electrique, appareil existant; deja figure dans vue salle",
E07,M04-02,E07-019,CHAUFFE-EAU EXISTANT,CE2,1,CONSERVER,EXISTANT - MODELE NON INDIQUE,"5 kW, EC au schema; raccordement electrique, appareil existant; deja figure dans vue salle",
E07,M04-03,E07-020,CHAUFFE-EAU EXISTANT,CE3,1,CONSERVER,EXISTANT - MODELE NON INDIQUE,"5 kW, EC au schema; raccordement electrique, appareil existant; deja figure dans vue salle",
E07,M05-01,E07-031,CONTACTEUR ECLAIRAGE,C,1,INSTALLER,MODELE NON PRECISE,"Bobine120 V, contacts30 A; quatre circuits representes et au moins deux contacts supplementaires selon E15; six contacts minimum a confirmer sur site",CTRL
E07,M06-01,E07-046,DEPART FUSIBLE EXISTANT,COLONNE1,1,ENLEVER,EXISTANT,"125 A 3 poles; depart de colonne existant, un ensemble et non trois fournitures nouvelles",CDP-ANCIEN
E07,M06-02,E07-047,DEPART FUSIBLE EXISTANT,COLONNE2,1,ENLEVER,EXISTANT,125 A 3 poles; depart de colonne existant,CDP-ANCIEN
E07,M06-03,E07-048,DEPART FUSIBLE EXISTANT,COLONNE3,1,ENLEVER,EXISTANT,125 A 3 poles; depart de colonne existant,CDP-ANCIEN
E07,M06-04,E07-049,DEPART FUSIBLE EXISTANT,COLONNE4,1,ENLEVER,EXISTANT,125 A 3 poles; depart de colonne existant,CDP-ANCIEN
E07,M06-05,E07-050,DEPART FUSIBLE EXISTANT,PS1-ANCIEN,1,A PRECISER,EXISTANT,"70 A 3 poles, nuage VERIFIER dans schema existant; protection du panneau PS1 conserve, traitement a confirmer lors remplacement CDP",CDP-ANCIEN
E07,M06-06,E07-051,DEPART FUSIBLE EXISTANT,PE-ANCIEN,1,ENLEVER,EXISTANT,100 A 3 poles; depart existant vers panneau E remplace,CDP-ANCIEN
E07,M06-07,E07-052,DEPART FUSIBLE EXISTANT,PS-ANCIEN,1,ENLEVER,EXISTANT,200 A 3 poles; depart existant vers panneau S remplace,CDP-ANCIEN
E07,M07-01,E07-008,DISJONCTEUR CDP,PRINCIPAL,1,INSTALLER,A ASSORTIR AU CDP,"500 A, 3 poles; inclus dans le CDP, ne pas compter une seconde fourniture du principal",CDP
E07,M07-02,E07-009,DISJONCTEUR CDP,LOGEMENTS RDC,4,INSTALLER,A ASSORTIR AU CDP,"70 A, 3 poles; bloc TYPIQUE 4X: quatre departs logements RDC",CDP
E07,M07-03,E07-010,DISJONCTEUR CDP,LOGEMENTS 2E,4,INSTALLER,A ASSORTIR AU CDP,"70 A, 3 poles; bloc TYPIQUE 4X: quatre departs logements 2e",CDP
E07,M07-04,E07-011,DISJONCTEUR CDP,LOGEMENTS 3E,4,INSTALLER,A ASSORTIR AU CDP,"70 A, 3 poles; bloc TYPIQUE 4X: quatre departs logements 3e",CDP
E07,M07-05,E07-012,DISJONCTEUR CDP,PS1,1,INSTALLER,A CONFIRMER,DIVERGENCE: 70 A 3 poles au schema; 100 A a la cedule CDP circuits43/45/47. Ne pas trancher,CDP
E07,M07-06,E07-013,DISJONCTEUR CDP,PE,1,INSTALLER,A ASSORTIR AU CDP,"100 A, 3 poles; cedule37/39/41",CDP
E07,M07-07,E07-014,DISJONCTEUR CDP,PS,1,INSTALLER,A ASSORTIR AU CDP,"200 A, 3 poles; cedule38/40/42",CDP
E07,M07-08,E07-015,DISJONCTEUR CDP,CE1,1,INSTALLER,A ASSORTIR AU CDP,"30 A, 2 poles; cedule49/51",CDP
E07,M07-09,E07-016,DISJONCTEUR CDP,CE2,1,INSTALLER,A ASSORTIR AU CDP,"30 A, 2 poles; cedule53/55",CDP
E07,M07-10,E07-017,DISJONCTEUR CDP,CE3,1,INSTALLER,A CONFIRMER,DIVERGENCE: 300 A 2 poles imprime au schema; 30 A a la cedule57/59. Ne pas remplacer la valeur source,CDP
E07,M08-01,E07-038,DISJONCTEUR TRANSFERT TEMPORAIRE,TRANSFERT,1,TEMPORAIRE,A ASSORTIR AU CDP,"200 A 3 poles, cedule44/46/48; lien de transfert de generatrice temporaire, distinct du depart PS",CDP
E07,M09-01,E07-039,GENERATRICE TEMPORAIRE,G,1,TEMPORAIRE,CAPACITE A CONFIRMER,"Source imprime 125VA, 120/208 V, 3 phases, 4 fils; unite et capacite a confirmer sans convertir en kVA par supposition",
E07,M10-01,E07-053,MATS LIVRAISON - EXISTANT ET NOUVEAU,MATS,2,A PRECISER,MODELE NON PRECISE,Deux cercles dans vue agrandie et libelle mats livraison existants et nouveaux; repartition exact existant/neuf et dimensions a confirmer,
E07,M11-01,E07-041,MESURAGE EXISTANT,HQ-ANCIEN,1,ENLEVER,EXISTANT,"Mesurage du schema existant barre; coordination Hydro-Quebec, aucune fourniture neuve dans cette ligne",
E07,M12-01,E07-029,MINUTERIE ASTRONOMIQUE,MIN,1,INSTALLER,MODELE NON PRECISE,"120 V, contact sec SPDT, boitier NEMA1; programmation comprise, E15 section17",CTRL
E07,M13-01,E07-006,PANNEAU DE SERVICE,E,1,REMPLACER,MODELE NON PRECISE,"E/PE, 100 A, 208 V, 3 phases, 4 fils; 24 positions cedule nouvelle; surface",
E07,M13-02,E07-005,PANNEAU DE SERVICE,S,1,REMPLACER,MODELE NON PRECISE,"S/PS, 200 A, 208 V, 3 phases, 4 fils; 48 positions cedule nouvelle; surface",
E07,M14-01,E07-024,PANNEAU DE SERVICE EXISTANT,PS1,1,CONSERVER,EXISTANT - MODELE NON INDIQUE,"EAC et cedule existant a conserver 200 A; meme appareil que repere E06 PS1, compter une fois",
E07,M14-02,E07-043,PANNEAU DE SERVICE EXISTANT,PE-ANCIEN,1,ENLEVER,EXISTANT,"Panneau E existant a remplacer, 100 A; meme repere E06 PE, depose distincte de fourniture nouvelle",
E07,M14-03,E07-042,PANNEAU DE SERVICE EXISTANT,PS-ANCIEN,1,ENLEVER,EXISTANT,"Panneau S existant a remplacer, 200 A; meme panneau que vue agrandie",
E07,M15-01,E07-004,PANNEAU DISTRIBUTION PRINCIPAL,CDP,1,REMPLACER,MODELE NON PRECISE,"600 A, 120/208 V, 3 phases, 4 fils; principal 500 A; E15 section15",
E07,M16-01,E07-044,PANNEAU DISTRIBUTION PRINCIPAL EXISTANT,CDP-ANCIEN,1,ENLEVER,EXISTANT,"600 A 120/208 V 3 phases 4 fils; ancien ensemble avec departs fusibles ci-dessous, compter une depose ensemble",
E07,M17-01,E07-027,PANNEAU LOGEMENT - RENVOI,PB 3E,4,RENVOI_E08,VOIR E08,"Quatre logements 3e typeB; deja comptes E08. Symboles existants barres sur E07: portee a rapprocher de E08, sans double comptage",
E07,M17-02,E07-026,PANNEAU LOGEMENT - RENVOI,PA 2E,4,RENVOI_E08,VOIR E08,"Quatre logements 2e typeA; deja comptes E08. Symboles existants barres sur E07: portee a rapprocher de E08, sans double comptage",
E07,M17-03,E07-025,PANNEAU LOGEMENT - RENVOI,PA RDC,4,RENVOI_E08,VOIR E08,"Quatre logements RDC typeA; deja comptes E08. Symboles existants barres sur E07: portee a rapprocher de E08, sans double comptage",
E07,M18-01,E07-035,PLAQUE LAMICOIDE,IDENTIFICATION,1,INSTALLER,TEXTE AU PLAN,SYSTEME DE CONTROLE ECLAIRAGE EXTERIEUR,CTRL
E07,M18-02,E07-036,PLAQUE LAMICOIDE,ALIMENTATION,1,INSTALLER,TEXTE AU PLAN,PANNEAU DE CONTROLE ALIMENTE,CTRL
E07,M18-03,E07-037,PLAQUE LAMICOIDE,ECLAIRAGE,1,INSTALLER,TEXTE AU PLAN,ECLAIRAGE EXTERIEUR,CTRL
E07,M19-01,E07-034,RELAIS REPRESENTE,R1,1,A PRECISER,MODELE NON PRECISE,"Symbole R1 et contact associe; composant integre a minuterie ou relais distinct a confirmer, ne pas presumer fourniture supplementaire",CTRL
E07,M20-01,E07-003,REPARTITEUR,REP,1,INSTALLER,MODELE NON PRECISE,"600 A, 4 fils; ne pas confondre avec ancien repartiteur 250 A",
E07,M21-01,E07-021,SECTIONNEUR CHAUFFE-EAU,CE1,1,A PRECISER,E15 SCHNEIDER SERIE DU POUR NEUF,Sectionneur sans fusible represente; conservation ou remplacement a confirmer; calibre non inscrit au symbole,
E07,M21-02,E07-022,SECTIONNEUR CHAUFFE-EAU,CE2,1,A PRECISER,E15 SCHNEIDER SERIE DU POUR NEUF,Sectionneur sans fusible represente; conservation ou remplacement a confirmer; calibre non inscrit au symbole,
E07,M21-03,E07-023,SECTIONNEUR CHAUFFE-EAU,CE3,1,A PRECISER,E15 SCHNEIDER SERIE DU POUR NEUF,Sectionneur sans fusible represente; conservation ou remplacement a confirmer; calibre non inscrit au symbole,
E07,M22-01,E07-001,SECTIONNEUR PRINCIPAL,SP,1,REMPLACER,SCHNEIDER POWERPACT + MGL,"500 A, 3 poles au schema; E15 section12; configuration exacte a confirmer",
E07,M23-01,E07-040,SECTIONNEUR PRINCIPAL EXISTANT,SP-ANCIEN,1,ENLEVER,EXISTANT,"500 A fusible 3 poles, schema existant barre; aucune fourniture neuve ajoutee",
E07,M24-01,E07-045,SECTIONNEUR TEMPORAIRE FUSIBLE,TEMP-250,1,TEMPORAIRE,MODELE NON PRECISE,"250 A 3 poles; liaison temporaire/transitoire, ne pas ajouter comme equipement permanent",
E07,M25-01,E07-030,SELECTEUR TROIS POSITIONS,SEL,1,INSTALLER,MODELE NON PRECISE,MANUEL - ARRET - AUTO; composant du controle exterieur,CTRL
E07,M26-01,E07-032,VOYANT DEL,V,1,INSTALLER,MODELE NON PRECISE,"Voyant vert panneau alimente, E15 section17",CTRL
E07,M26-02,E07-033,"VOYANT DEL par4: 12 departs de logements. Les panneaux logements sont deja compris principaux/departs dont lien temporaire200A; ces quantites reprennent les reperes par note sous cedule, details a preciser. Controle exterieur: autocollant avertissement CE3 300A schema/30A cedule; generatrice temporaire libelle125VA, capacite/unite representent les memes equipements: aucune multiplication par nombre de vues. dun unifilaire sans echelle. Les modeles non specifies et portees a preciser restent","R dans E08 et ne sont pas ajoutes du schema. S nouveau25 en facade,1 par boitier; trois plaques a confirmer; S1 conserve200A. Les trois chauffe-eau sont existants. reserves. Les elements temporaires",1 aux quantites des disjoncteurs divisionnaires lamicoides deja Voir E07-reserves.md. Deux mats sont sont distincts,"INSTALLER communs. Leur portee est a rapprocher des symboles (14x15A1P,1x15A2P,4x20A2P,6x30A2P). reperees. dessines sous le libelle existants et nouveaux; des installations permanentes.",MODELE NON PRECISE barres du schema existant E07. E nouveau16 disjoncteurs15A1P. Voir E07-composants-ensembles.csv; ne pas additionner repartition a confirmer.,"Voyant rouge eclairage exterieur, E15 section17 les recapitulations comme fournitures nouvelles.",CTRL
E10,M02-01,E10-024,BOITIER CONTROLE ECLAIRAGE,CTRL,1,INSTALLER,MODELE NON PRECISE,E15 section17 NEMA1; composants internes ci-dessous,
E10,M03-01,E10-002,BOITIER DE MESURAGE,HQ,1,REMPLACER,MODELE NON PRECISE,1200x1200x300; Hydro-Quebec,
E10,M04-01,E10-016,CHAUFFE-EAU - RACCORDEMENT,CE1,1,A PRECISER,MODELE NON PRECISE,"5kW ancien/propose et vue salle; une seule quantite physique, fourniture versus raccordement a confirmer",
E10,M04-02,E10-017,CHAUFFE-EAU - RACCORDEMENT,CE2,1,A PRECISER,MODELE NON PRECISE,"5kW ancien/propose et vue salle; une seule quantite physique, fourniture versus raccordement a confirmer",
E10,M04-03,E10-018,CHAUFFE-EAU - RACCORDEMENT,CE3,1,A PRECISER,MODELE NON PRECISE,"5kW ancien/propose et vue salle; une seule quantite physique, fourniture versus raccordement a confirmer",
E10,M05-01,E10-027,CONTACTEUR ECLAIRAGE,C,1,INSTALLER,MODELE NON PRECISE,Bobine120V contacts30A;4circuits dessines +2reserves minimum E15,CTRL
E10,M06-01,E10-041,DEPART FUSIBLE EXISTANT,COL1,1,ENLEVER,MODELE NON PRECISE,"100A3p ancien, aucune fourniture neuve",CDP-ANCIEN
E10,M06-02,E10-042,DEPART FUSIBLE EXISTANT,COL2,1,ENLEVER,MODELE NON PRECISE,"100A3p ancien, aucune fourniture neuve",CDP-ANCIEN
E10,M06-03,E10-043,DEPART FUSIBLE EXISTANT,COL3,1,ENLEVER,MODELE NON PRECISE,"100A3p ancien, aucune fourniture neuve",CDP-ANCIEN
E10,M06-04,E10-044,DEPART FUSIBLE EXISTANT,COL4,1,ENLEVER,MODELE NON PRECISE,"100A3p ancien, aucune fourniture neuve",CDP-ANCIEN
E10,M06-05,E10-045,DEPART FUSIBLE EXISTANT,COL5,1,ENLEVER,MODELE NON PRECISE,"100A3p ancien, aucune fourniture neuve",CDP-ANCIEN
E10,M06-06,E10-046,DEPART FUSIBLE EXISTANT,COL6,1,ENLEVER,MODELE NON PRECISE,"100A3p ancien, aucune fourniture neuve",CDP-ANCIEN
E10,M06-07,E10-047,DEPART FUSIBLE EXISTANT,PS,1,ENLEVER,MODELE NON PRECISE,"175A3p ancien, aucune fourniture neuve",CDP-ANCIEN
E10,M06-08,E10-048,DEPART FUSIBLE EXISTANT,PE,1,ENLEVER,MODELE NON PRECISE,"150A3p ancien, aucune fourniture neuve",CDP-ANCIEN
E10,M06-09,E10-049,DEPART FUSIBLE EXISTANT,CE-COMMUN,1,ENLEVER,MODELE NON PRECISE,"60A3p ancien, aucune fourniture neuve",CDP-ANCIEN
E10,M07-01,E10-007,DISJONCTEUR CDP,PRINCIPAL,1,INSTALLER,MODELE NON PRECISE,700A3p schema; DIVERGENCE600A cedule,CDP
E10,M07-02,E10-008,DISJONCTEUR CDP,LOGEMENTS RDC,12,INSTALLER,MODELE NON PRECISE,"70A3p, TYPIQUE12X:12 departs;24 au total contre18 dans cedule CDP",CDP
E10,M07-03,E10-009,DISJONCTEUR CDP,LOGEMENTS ETAGE,12,INSTALLER,MODELE NON PRECISE,"70A3p, TYPIQUE12X:12 departs;24 au total contre18 dans cedule CDP",CDP
E10,M07-04,E10-010,DISJONCTEUR CDP,PS,1,INSTALLER,MODELE NON PRECISE,200A3p; cedule55/57/59,CDP
E10,M07-05,E10-011,DISJONCTEUR CDP,PE,1,INSTALLER,MODELE NON PRECISE,200A3p schema; depart PE absent cedule CDP,CDP
E10,M07-06,E10-013,DISJONCTEUR CDP,CE1,1,INSTALLER,MODELE NON PRECISE,30A2p schema; DIVERGENCE60A cedule CDP,CDP
E10,M07-07,E10-014,DISJONCTEUR CDP,CE2,1,INSTALLER,MODELE NON PRECISE,30A2p schema; DIVERGENCE60A cedule CDP,CDP
E10,M07-08,E10-015,DISJONCTEUR CDP,CE3,1,INSTALLER,MODELE NON PRECISE,30A2p schema; DIVERGENCE60A cedule CDP,CDP
E10,M08-01,E10-012,DISJONCTEUR TRANSFERT TEMPORAIRE,TRANSFERT,1,TEMPORAIRE,MODELE NON PRECISE,200A3p; lien temporaire distinct du PE,CDP
E10,M09-01,E10-034,GENERATRICE TEMPORAIRE,G,1,TEMPORAIRE,MODELE NON PRECISE,Libelle125VA120/208V3ph4fils; unite et capacite a confirmer,
E10,M10-01,E10-053,MATS LIVRAISON - EXISTANT ET NOUVEAU,MATS,2,A PRECISER,MODELE NON PRECISE,"Deux cercles vue salle, repartition existant/neuf a preciser",
E10,M11-01,E10-037,MESURAGE EXISTANT,HQ-ANCIEN,1,ENLEVER,MODELE NON PRECISE,"Mesurage existant, coordination Hydro-Quebec",
E10,M12-01,E10-025,MINUTERIE ASTRONOMIQUE,MIN,1,INSTALLER,MODELE NON PRECISE,120V contactsecSPDT NEMA1 programmable,CTRL
E10,M13-01,E10-005,PANNEAU DE SERVICE,S,1,REMPLACER,MODELE NON PRECISE,200A208V3ph4fils62positions nouveau; ancien depart175A,
E10,M13-02,E10-006,PANNEAU DE SERVICE,E,1,REMPLACER,MODELE NON PRECISE,200A208V3ph4fils42positions nouveau; ancien depart150A; depart nouveau absent cedule CDP,
E10,M14-01,E10-039,PANNEAU DE SERVICE EXISTANT,PS-ANCIEN,1,ENLEVER,MODELE NON PRECISE,Panneau S existant a remplacer; ancien depart175A,
E10,M14-02,E10-040,PANNEAU DE SERVICE EXISTANT,PE-ANCIEN,1,ENLEVER,MODELE NON PRECISE,Panneau E existant a remplacer; ancien depart150A,
E10,M15-01,E10-004,PANNEAU DISTRIBUTION PRINCIPAL,CDP,1,REMPLACER,MODELE NON PRECISE,800A120/208V3ph4fils principal700A schema; DIVERGENCE cedule600A principal600A72positions,
E10,M16-01,E10-038,PANNEAU DISTRIBUTION PRINCIPAL EXISTANT,CDP-ANCIEN,1,ENLEVER,MODELE NON PRECISE,800A3ph4fils ancien; composants ci-dessous,
E10,M17-01,E10-023,PANNEAU LOGEMENT - RENVOI,ETAGE,12,RENVOI_E11,MODELE NON PRECISE,12 panneaux deja compris dans releve logements; source E11 avec multiplicateur lotC. Portee des anciens panneaux barres a rapprocher,
E10,M17-02,E10-022,PANNEAU LOGEMENT - RENVOI,RDC,12,RENVOI_E11,MODELE NON PRECISE,12 panneaux deja compris dans releve logements; source E11 avec multiplicateur lotC. Portee des anciens panneaux barres a rapprocher,
E10,M18-01,E10-031,PLAQUE LAMICOIDE,IDENTIFICATION,1,INSTALLER,MODELE NON PRECISE,SYSTEME DE CONTROLE ECLAIRAGE EXTERIEUR,CTRL
E10,M18-02,E10-032,PLAQUE LAMICOIDE,ALIMENTATION,1,INSTALLER,MODELE NON PRECISE,PANNEAU DE CONTROLE ALIMENTE,CTRL
E10,M18-03,E10-033,PLAQUE LAMICOIDE,ECLAIRAGE,1,INSTALLER,MODELE NON PRECISE,ECLAIRAGE EXTERIEUR,CTRL
E10,M19-01,E10-030,RELAIS REPRESENTE,R1,1,A PRECISER,MODELE NON PRECISE,Integre minuterie ou relais distinct a confirmer,CTRL
E10,M20-01,E10-003,REPARTITEUR,REP,1,INSTALLER,MODELE NON PRECISE,800A4fils au schema; calibre a confirmer avec CDP,
E10,M21-01,E10-019,SECTIONNEUR CHAUFFE-EAU,CE1,1,A PRECISER,E15 SCHNEIDER DU POUR NEUF,"Sectionneur non fusible propose, ancien30A fusible; remplacement/conservation et calibre a preciser",
E10,M21-02,E10-020,SECTIONNEUR CHAUFFE-EAU,CE2,1,A PRECISER,E15 SCHNEIDER DU POUR NEUF,"Sectionneur non fusible propose, ancien30A fusible; remplacement/conservation et calibre a preciser",
E10,M21-03,E10-021,SECTIONNEUR CHAUFFE-EAU,CE3,1,A PRECISER,E15 SCHNEIDER DU POUR NEUF,"Sectionneur non fusible propose, ancien30A fusible; remplacement/conservation et calibre a preciser",
E10,M22-01,E10-050,SECTIONNEUR FUSIBLE EXISTANT,CE1,1,A PRECISER,MODELE NON PRECISE,"30A2p fusible ancien; nouveau non fusible, portee a preciser",
E10,M22-02,E10-051,SECTIONNEUR FUSIBLE EXISTANT,CE2,1,A PRECISER,MODELE NON PRECISE,"30A2p fusible ancien; nouveau non fusible, portee a preciser",
E10,M22-03,E10-052,SECTIONNEUR FUSIBLE EXISTANT,CE3,1,A PRECISER,MODELE NON PRECISE,"30A2p fusible ancien; nouveau non fusible, portee a preciser",
E10,M23-01,E10-001,SECTIONNEUR PRINCIPAL,SP,1,REMPLACER,E15 SCHNEIDER POWERPACT + MGL,700A3p au schema; DIVERGENCE cedule principal600A; calibre a confirmer,
E10,M24-01,E10-036,SECTIONNEUR PRINCIPAL EXISTANT,SP-ANCIEN,1,ENLEVER,MODELE NON PRECISE,700A3p fusible ancien,
E10,M25-01,E10-035,SECTIONNEUR TEMPORAIRE FUSIBLE,TEMP250,1,TEMPORAIRE,MODELE NON PRECISE,250A3p transitoire,
E10,M26-01,E10-026,SELECTEUR TROIS POSITIONS,SEL,1,INSTALLER,MODELE NON PRECISE,MANUEL ARRET AUTO,CTRL
E10,M27-01,E10-028,VOYANT DEL,V,1,INSTALLER,MODELE NON PRECISE,Vert panneau alimente,CTRL
E10,M27-02,E10-029,"VOYANT DEL sans prix. Les quantites conservees, deposees et temporaires restent distinctes circuits litteraux conserves, aucune renumerotation arbitraire. PDF et ancrages source effectues. principal700A, CE30A, PE200A. Cedule:18 departs logements, CDP600A principal600A, valeurs40A1P inhabituelles preservees. Contacteur prises auto prescrit avec points Chauffe-eau5kW: fourniture versus raccordement reservee. Renvois logements","R de la fourniture neuve. CE60A, PE absent. Divergences interrogation: configuration reservee. sans double comptage.",1 NON RESOLUES.,INSTALLER,MODELE NON PRECISE,Rouge eclairage exterieur,CTRL
E13,M02-01,E13-024,BOITIER CONTROLE ECLAIRAGE,CTRL,1,INSTALLER,MODELE NON PRECISE,E15 section17 NEMA1; composants internes ci-dessous,
E13,M03-01,E13-002,BOITIER DE MESURAGE,HQ,1,REMPLACER,MODELE NON PRECISE,1200x1200x300; Hydro-Quebec,
E13,M04-01,E13-016,CHAUFFE-EAU - RACCORDEMENT,CE1,1,A PRECISER,MODELE NON PRECISE,"5kW ancien/propose et vue salle; une seule quantite physique, fourniture versus raccordement a confirmer",
E13,M04-02,E13-017,CHAUFFE-EAU - RACCORDEMENT,CE2,1,A PRECISER,MODELE NON PRECISE,"5kW ancien/propose et vue salle; une seule quantite physique, fourniture versus raccordement a confirmer",
E13,M04-03,E13-018,CHAUFFE-EAU - RACCORDEMENT,CE3,1,A PRECISER,MODELE NON PRECISE,"5kW ancien/propose et vue salle; une seule quantite physique, fourniture versus raccordement a confirmer",
E13,M05-01,E13-027,CONTACTEUR ECLAIRAGE,C,1,INSTALLER,MODELE NON PRECISE,Bobine120V contacts30A;4circuits dessines +2reserves minimum E15,CTRL
E13,M06-01,E13-041,DEPART FUSIBLE EXISTANT,COL1,1,ENLEVER,MODELE NON PRECISE,"100A3p ancien, aucune fourniture neuve",CDP-ANCIEN
E13,M06-02,E13-042,DEPART FUSIBLE EXISTANT,COL2,1,ENLEVER,MODELE NON PRECISE,"100A3p ancien, aucune fourniture neuve",CDP-ANCIEN
E13,M06-03,E13-043,DEPART FUSIBLE EXISTANT,COL3,1,ENLEVER,MODELE NON PRECISE,"100A3p ancien, aucune fourniture neuve",CDP-ANCIEN
E13,M06-04,E13-044,DEPART FUSIBLE EXISTANT,COL4,1,ENLEVER,MODELE NON PRECISE,"100A3p ancien, aucune fourniture neuve",CDP-ANCIEN
E13,M06-05,E13-045,DEPART FUSIBLE EXISTANT,COL5,1,ENLEVER,MODELE NON PRECISE,"100A3p ancien, aucune fourniture neuve",CDP-ANCIEN
E13,M06-06,E13-046,DEPART FUSIBLE EXISTANT,COL6,1,ENLEVER,MODELE NON PRECISE,"100A3p ancien, aucune fourniture neuve",CDP-ANCIEN
E13,M06-07,E13-047,DEPART FUSIBLE EXISTANT,PS,1,ENLEVER,MODELE NON PRECISE,"175A3p ancien, aucune fourniture neuve",CDP-ANCIEN
E13,M06-08,E13-048,DEPART FUSIBLE EXISTANT,PE,1,ENLEVER,MODELE NON PRECISE,"150A3p ancien, aucune fourniture neuve",CDP-ANCIEN
E13,M06-09,E13-049,DEPART FUSIBLE EXISTANT,CE-COMMUN,1,ENLEVER,MODELE NON PRECISE,"60A3p ancien, aucune fourniture neuve",CDP-ANCIEN
E13,M07-01,E13-007,DISJONCTEUR CDP,PRINCIPAL,1,INSTALLER,MODELE NON PRECISE,700A3p schema; DIVERGENCE600A cedule,CDP
E13,M07-02,E13-008,DISJONCTEUR CDP,LOGEMENTS RDC,12,INSTALLER,MODELE NON PRECISE,"70A3p, TYPIQUE12X:12 departs;24 au total contre18 dans cedule CDP",CDP
E13,M07-03,E13-009,DISJONCTEUR CDP,LOGEMENTS ETAGE,12,INSTALLER,MODELE NON PRECISE,"70A3p, TYPIQUE12X:12 departs;24 au total contre18 dans cedule CDP",CDP
E13,M07-04,E13-010,DISJONCTEUR CDP,PS,1,INSTALLER,MODELE NON PRECISE,200A3p; cedule55/57/59,CDP
E13,M07-05,E13-011,DISJONCTEUR CDP,PE,1,INSTALLER,MODELE NON PRECISE,200A3p schema; depart PE absent cedule CDP,CDP
E13,M07-06,E13-013,DISJONCTEUR CDP,CE1,1,INSTALLER,MODELE NON PRECISE,30A2p schema; DIVERGENCE60A cedule CDP,CDP
E13,M07-07,E13-014,DISJONCTEUR CDP,CE2,1,INSTALLER,MODELE NON PRECISE,30A2p schema; DIVERGENCE60A cedule CDP,CDP
E13,M07-08,E13-015,DISJONCTEUR CDP,CE3,1,INSTALLER,MODELE NON PRECISE,30A2p schema; DIVERGENCE60A cedule CDP,CDP
E13,M08-01,E13-012,DISJONCTEUR TRANSFERT TEMPORAIRE,TRANSFERT,1,TEMPORAIRE,MODELE NON PRECISE,200A3p; lien temporaire distinct du PE,CDP
E13,M09-01,E13-034,GENERATRICE TEMPORAIRE,G,1,TEMPORAIRE,MODELE NON PRECISE,Libelle125VA120/208V3ph4fils; unite et capacite a confirmer,
E13,M10-01,E13-053,MATS LIVRAISON - EXISTANT ET NOUVEAU,MATS,2,A PRECISER,MODELE NON PRECISE,"Deux cercles vue salle, repartition existant/neuf a preciser",
E13,M11-01,E13-037,MESURAGE EXISTANT,HQ-ANCIEN,1,ENLEVER,MODELE NON PRECISE,"Mesurage existant, coordination Hydro-Quebec",
E13,M12-01,E13-025,MINUTERIE ASTRONOMIQUE,MIN,1,INSTALLER,MODELE NON PRECISE,120V contactsecSPDT NEMA1 programmable,CTRL
E13,M13-01,E13-005,PANNEAU DE SERVICE,S,1,REMPLACER,MODELE NON PRECISE,200A208V3ph4fils62positions nouveau; ancien depart175A,
E13,M13-02,E13-006,PANNEAU DE SERVICE,E,1,REMPLACER,MODELE NON PRECISE,200A208V3ph4fils42positions nouveau; ancien depart150A; depart nouveau absent cedule CDP,
E13,M14-01,E13-039,PANNEAU DE SERVICE EXISTANT,PS-ANCIEN,1,ENLEVER,MODELE NON PRECISE,Panneau S existant a remplacer; ancien depart175A,
E13,M14-02,E13-040,PANNEAU DE SERVICE EXISTANT,PE-ANCIEN,1,ENLEVER,MODELE NON PRECISE,Panneau E existant a remplacer; ancien depart150A,
E13,M15-01,E13-004,PANNEAU DISTRIBUTION PRINCIPAL,CDP,1,REMPLACER,MODELE NON PRECISE,800A120/208V3ph4fils principal700A schema; DIVERGENCE cedule600A principal600A72positions,
E13,M16-01,E13-038,PANNEAU DISTRIBUTION PRINCIPAL EXISTANT,CDP-ANCIEN,1,ENLEVER,MODELE NON PRECISE,800A3ph4fils ancien; composants ci-dessous,
E13,M17-01,E13-023,PANNEAU LOGEMENT - RENVOI,ETAGE,12,RENVOI_E14,MODELE NON PRECISE,12 panneaux deja compris dans releve logements; source E14 avec multiplicateur lotD. Portee des anciens panneaux barres a rapprocher,
E13,M17-02,E13-022,PANNEAU LOGEMENT - RENVOI,RDC,12,RENVOI_E14,MODELE NON PRECISE,12 panneaux deja compris dans releve logements; source E14 avec multiplicateur lotD. Portee des anciens panneaux barres a rapprocher,
E13,M18-01,E13-031,PLAQUE LAMICOIDE,IDENTIFICATION,1,INSTALLER,MODELE NON PRECISE,SYSTEME DE CONTROLE ECLAIRAGE EXTERIEUR,CTRL
E13,M18-02,E13-032,PLAQUE LAMICOIDE,ALIMENTATION,1,INSTALLER,MODELE NON PRECISE,PANNEAU DE CONTROLE ALIMENTE,CTRL
E13,M18-03,E13-033,PLAQUE LAMICOIDE,ECLAIRAGE,1,INSTALLER,MODELE NON PRECISE,ECLAIRAGE EXTERIEUR,CTRL
E13,M19-01,E13-030,RELAIS REPRESENTE,R1,1,A PRECISER,MODELE NON PRECISE,Integre minuterie ou relais distinct a confirmer,CTRL
E13,M20-01,E13-003,REPARTITEUR,REP,1,INSTALLER,MODELE NON PRECISE,800A4fils au schema; calibre a confirmer avec CDP,
E13,M21-01,E13-019,SECTIONNEUR CHAUFFE-EAU,CE1,1,A PRECISER,E15 SCHNEIDER DU POUR NEUF,"Sectionneur non fusible propose, ancien30A fusible; remplacement/conservation et calibre a preciser",
E13,M21-02,E13-020,SECTIONNEUR CHAUFFE-EAU,CE2,1,A PRECISER,E15 SCHNEIDER DU POUR NEUF,"Sectionneur non fusible propose, ancien30A fusible; remplacement/conservation et calibre a preciser",
E13,M21-03,E13-021,SECTIONNEUR CHAUFFE-EAU,CE3,1,A PRECISER,E15 SCHNEIDER DU POUR NEUF,"Sectionneur non fusible propose, ancien30A fusible; remplacement/conservation et calibre a preciser",
E13,M22-01,E13-050,SECTIONNEUR FUSIBLE EXISTANT,CE1,1,A PRECISER,MODELE NON PRECISE,"30A2p fusible ancien; nouveau non fusible, portee a preciser",
E13,M22-02,E13-051,SECTIONNEUR FUSIBLE EXISTANT,CE2,1,A PRECISER,MODELE NON PRECISE,"30A2p fusible ancien; nouveau non fusible, portee a preciser",
E13,M22-03,E13-052,SECTIONNEUR FUSIBLE EXISTANT,CE3,1,A PRECISER,MODELE NON PRECISE,"30A2p fusible ancien; nouveau non fusible, portee a preciser",
E13,M23-01,E13-001,SECTIONNEUR PRINCIPAL,SP,1,REMPLACER,E15 SCHNEIDER POWERPACT + MGL,700A3p au schema; DIVERGENCE cedule principal600A; calibre a confirmer,
E13,M24-01,E13-036,SECTIONNEUR PRINCIPAL EXISTANT,SP-ANCIEN,1,ENLEVER,MODELE NON PRECISE,700A3p fusible ancien,
E13,M25-01,E13-035,SECTIONNEUR TEMPORAIRE FUSIBLE,TEMP250,1,TEMPORAIRE,MODELE NON PRECISE,250A3p transitoire,
E13,M26-01,E13-026,SELECTEUR TROIS POSITIONS,SEL,1,INSTALLER,MODELE NON PRECISE,MANUEL ARRET AUTO,CTRL
E13,M27-01,E13-028,VOYANT DEL,V,1,INSTALLER,MODELE NON PRECISE,Vert panneau alimente,CTRL
E13,M27-02,E13-029,"VOYANT DEL sans prix. Les quantites conservees, deposees et temporaires restent distinctes circuits litteraux conserves, aucune renumerotation arbitraire. PDF et ancrages source effectues. principal700A, CE30A, PE200A. Cedule:18 departs logements, CDP600A principal600A, valeurs40A1P inhabituelles preservees. Contacteur prises auto prescrit avec points Chauffe-eau5kW: fourniture versus raccordement reservee. Renvois logements","R de la fourniture neuve. CE60A, PE absent. Divergences interrogation: configuration reservee. sans double comptage.",1 NON RESOLUES.,INSTALLER,MODELE NON PRECISE,Rouge eclairage exterieur,CTRL
