label,marks_total,n_projects,top_ee_ensemble,ee_key
PRISE,32762,211,,
INT,6090,152,,
Compteur 1,4986,104,,
HAUT PARLEUR,4889,38,,
TH,4595,52,,
FIXT PL LOG,4560,2,,
TEL,4555,72,,
SORTIE TEL,3906,94,,
FIXT TYPE A,3658,83,,
LOG INT,2921,1,,
ECL,2726,2,,
KS,2691,11,,
GFI,2655,69,,
Prise 15A,2463,16,,
LO PRISE,2167,1,,
ENSEIGNE SORTIE,2151,100,,
FIXT TYPE B,2123,61,,
prise duplex 15A 120V,2115,19,ENS74EB26E819E18BF81,4PE prise 15A 120v
THERMOSTAT,2073,17,,
FIXTURE TYPE E1,2060,3,,
FIXT TYPE L1,2002,37,,
TETE DOUBLE,1855,106,,
EXIT,1736,100,,
RACCORD DIRECT,1722,65,,
KLAXON,1694,68,,
DETECTEUR,1514,29,,
FIXT TYPE D,1438,42,,
DETECTEUR FUMER,1404,36,,
FIXT TYPE C,1402,56,,
STATION MANUEL,1398,97,,
FIXT TYPE E,1395,40,,
SERPENTIN,1393,105,,
GRADATEUR,1338,74,,
PRISE 15/20,1315,33,,
Compteur 2,1232,45,,
52151,1224,18,,
INT 1 VOIE,1151,31,,
EXISTANT HAUT PARLEUR,1129,1,,
B1000W,1123,13,,
Compteur 7,1118,8,,
Fixt to Remove,1107,7,,
EXISTANT DETECTEUR,1107,1,,
Switch,1092,8,,
DECT AF1,1020,2,,
DETECTEUR AF1,1018,2,,
PRISE 15/20A,994,48,,
HOTTE,988,15,,
FIXT TYPE L6,970,21,,
L PRISE,957,3,,
1000W,953,22,,
PRISE 15A 125V,951,10,,
1250W,930,17,,
STROB,927,31,,
FIXT TYPE A1,918,19,,
DETECTEUR DF1,918,7,,
FIXT TYPE E1,916,21,,
FIXT TYPE MURAL,916,4,,
HP,910,35,,
prise,904,11,,
FIXT TYPE L-01,904,1,,
CAMERA,899,60,,
PRISE GFI,897,45,,
RELAIS,885,43,,
STRIP,877,4,,
tel/data,867,20,ENS16390E3ECF14C14B0,19PE
int enl,865,1,,
FIXT TYPE 84B,862,1,,
B300W,858,6,,
PRISE 15A,856,12,,
Compteur 6,850,11,,
AF1,837,1,,
CONTROL VENT,836,2,,
FIXTURE TYPE E2,828,4,,
FIXT TYPE L3,826,28,,
TV,809,35,,
FIXT TYPE F,805,41,,
DETECTEUR MOUVEMENT,791,29,,
MA,790,11,,
AF1-5,774,1,,
15,753,11,,
COND,745,7,,
TYPE E1,731,3,,
DETECTEUR GAINE,727,23,,
Potlight Apt.,726,1,,
HORN,721,40,,
4X4,705,26,,
300W,687,5,,
2X4 ENL,686,3,,
P,680,9,,
FIXT TYPE L2,665,26,,
INT 3 VOIE,660,25,,
PRISE SECHEUSE,659,18,,
PRISE POELE,647,18,,
MARCHE,645,1,,
ECHANGEUR,613,3,,
FIXT ENL,597,5,,
Type L4.1,591,1,,
LO PRISE CONTROLÉ,588,1,,
1500W,587,15,,
8X8,574,42,,
ENL FIXT 1X4,570,2,,
ENCASTRE,565,22,,
FIXT TYPE G,562,35,,
LAMPE TEMOIN,559,6,,
L INT,554,2,,
A,547,12,,
A PRISE,545,7,,
ECH,541,5,,
PRISE 5262SGW,541,1,,
FIXT RAIL,535,2,,
fixt enl,534,2,,
PIEZO,528,3,,
EVAP,528,4,,
PIAZO P,522,2,,
FIXT TYPE L4,515,22,,
FIXT TYPE D1A,506,3,,
TETE SIMPLE,502,58,,
500W,498,21,,
B1250W,495,8,,
FIXT TYPE L8,490,16,,
DECT DF1,488,2,,
SERV ENCASTRE,482,2,,
FIXTURE LT-F-B,474,2,,
FIXT TYPE H,473,31,,
DEMO,472,2,,
PRISE15A,465,1,,
FIXT TYPE B1,464,19,,
PRISE WP,464,12,,
LV,462,3,,
TYPE B,460,4,,
HP MURAL,457,2,,
AD FIXT A,456,2,,
JC PRISE,454,2,,
Compteur 4,452,21,,
30A NF,449,50,,
Prise to remove,438,3,,
KLAXON KS,438,2,,
FIXT TYPE L10,436,14,,
LOG HP S,432,1,,
PRISE ENL,430,6,,
STIP,426,1,,
LECTEUR CARTE,412,41,,
FIXT TYPE D1,410,14,,
PLINTHE B1000W,410,1,,
FIXT TYPE J2,409,5,,
FIXT TYPE E2,405,24,,
FIXT TYPE GAR,402,1,,
FIXT A,396,6,,
PTAC,394,2,,
FIXT TYPE L5,387,24,,
PRISE SERV,387,4,,
Compteur 3,386,27,,
DM,385,15,,
ET PRISE,382,1,,
MONUMENT PLANCHER,381,59,,
AF5 DECT,380,2,,
POELE,374,5,,
=TH,374,2,,
FIXT TYPE C1,372,17,,
Compteur 8,370,8,,
FIXT TYPE A2,365,12,,
52171,365,12,,
RACCORD PARTITION,363,8,,
Fixt à enlever,363,1,,
REV FIXT B,362,1,,
N PRISE 15A,360,1,,
PS,358,5,,
ADD1 AF-5,355,1,,
COMPOSANTE ENL,354,1,,
SECHEUSE,348,2,,
embassse,347,1,,
KLAXON STROB,346,25,,
ADD1 KS,344,1,,
FIXT TYPE D2,339,11,,
RAI,338,1,,
JC FIXTURE TYPE L1-3,336,2,,
LO PRISE GFI,334,1,,
1000w,324,2,,
FIXT RAIL L1,324,1,,
DF1,315,3,,
POT ENL,311,4,,
FA,310,2,,
FIXT TYPE 1X4 ENL,310,2,,
FIXT TYPE 1,307,5,,
fixt type pd1,304,1,,
FIXT TYPE L16,303,5,,
FIXT TYPE 90,302,1,,
FIXT TYPE AL3,302,1,,
FIXT TYPE RAIL,301,1,,
FIXT TYPE L1A,299,7,,
FIXT TYPE D4,298,8,,
Type A,296,9,,
WIFI,296,24,,
MISE A LA TERRE,296,4,,
ENL 1X4,293,2,,
ENL ENCASTRE,293,2,,
REV FIXT MURAL,292,1,,
FIXT TYPE L7,291,17,,
FIXT TYPE T1,289,1,,
DECT MOUV,287,13,,
FIXT TYPE E4,286,4,,
LOG DECT,286,1,,
C1 1000W,285,3,,
FIXT TYPE R1,283,8,,
286,275,1,,
SERV PRISE,275,3,,
PLINTHE B300W,275,1,,
RA,274,25,,
FIXT TYPE L1B,273,2,,
AD FIXT B,270,2,,
Thermostat,266,5,,
prise 15a,265,1,,
prise duplex 15/20A 120V,261,11,ENSE03A359013913CDE1,4PE prise CR20 120V
FIXT F1 ENL,255,1,,
750W,254,16,,
klaxon,254,5,,
Plinthe 1000W 240V,251,1,,
FIXT PASSAGE,251,1,,
MIA,249,8,,
30A NF WP,249,25,,
FIXT TYPE J,245,19,,
Compteur 5BOITE FIRE PROOF,245,1,,
ENL PRISE,245,4,,
SERV FIXT STRIP STA,244,2,,
RACCORD PARTITION TEL,244,2,,
Avertisseur Fumée,243,2,,
Tel/Data,242,2,,
Compteur 3BORNE,242,1,,
FIXT,241,4,,
2#12 Conn,240,10,,
CONDENSEUR,240,23,,
Piezo KS,240,1,,
PRISE 15/20A 125V,238,6,,
PRISE 15/125V,236,1,,
JC TEL,236,2,,
FIXT TYPE E3,235,13,,
B750W,234,12,,
TYPE B2,234,2,,
FIXT TYPE 2X4,232,6,,
SORTIE RESEAU,232,2,,
STATION,231,15,,
MRA,230,10,,
FIXT TYPE STRIP,230,2,,
PLAFONNIER SERV,230,1,,
SPLITTER,230,2,,
n int,230,1,,
B500W,229,9,,
FIXT TYPE 1X4,229,2,,
PES1000W,229,1,,
Type 1X4,229,1,,
Plug to Remove,228,1,,
INT B/V,226,9,,
FIXT TYPE STRIP GARAGE,225,1,,
ADD 2 L16,224,2,,
Prise GFi,221,1,,
12X12,220,39,,
TEL/DATA,220,3,,
6x6x4,219,14,,
FIXT TYPE I,219,10,,
SPOT 33L,218,1,,
Type L1,217,5,,
FIXT TYPE L9,216,14,,
GFI WP,216,7,,
LOG HP,216,1,,
FIXTURE TYPE E6,216,2,,
FIXT TYPE L,215,14,,
HP THEATRE,215,1,,
FIXT L1,215,4,,
GACHE,214,42,,
FIXT TYPE UE2,214,1,,
FIXT ENLEVER,213,2,,
BATTERIE UNIT 2T,212,36,,
DETECTEUR A FUMER,212,10,,
HAUT PARLEUR WP,212,1,,
B500,212,3,,
FIXT TYPE L1-1,212,2,,
STRIP ENL,211,3,,
EVAPORATEUR,211,15,,
BOITE,211,7,,
PLAFONNIER,211,2,,
COMM PRISE 15A,210,1,,
PATIO 1000W,210,1,,
FIXT 2X4 ENL,209,2,,
ENL FIXT TYPE 2X4,209,1,,
FIXT TYPE L12,208,9,,
B 1000W,208,2,,
FIXT TYPE S1,207,14,,
Compteur 5,206,16,,
VE,205,32,,
RWF 1500W,205,2,,
PORTE,204,12,,
EQUIP RACCORD,204,2,,
EE,204,3,,
FIXT TYPE D1B,202,3,,
PRISE MOBILIER,199,1,,
FIXT TYPE B3,197,5,,
MURAL,197,3,,
EVAPO,197,1,,
CLOCHE,196,29,,
DETECTEUR FUMER M,196,1,,
FIXTURE TYPE E,194,7,,
PRISE 15A 125V 1,194,2,,
FIXTURE TYPE L11,194,2,,
FIXT TYPE PASSAGE,193,1,,
LO TEL,193,1,,
Panneau,192,1,,
FIXT TYPE 2X2,191,8,,
ECL VALANCE,190,1,,
B1500W,189,6,,
TELPHONE,189,1,,
LB 3/4,189,1,,
PRISE ECH,189,1,,
PRISE A,189,1,,
FIXT TYPE D3,188,8,,
PANN BEL,188,1,,
ADD 2 L8,186,2,,
FIXT TYPE J1,184,4,,
PRISE GFI WP,184,6,,
B1000W patio,184,1,,
FIXT TYPE PASSAGE MURAL,184,1,,
ENL INT,184,3,,
FIXT TYPE S3,183,9,,
INT DECT,183,22,,
I,183,6,,
DETECTEUR PRESENCE,182,9,,
DD,182,11,,
TYPE F1,181,1,,
4x4,181,8,,
GFI 15/20A,180,4,,
FIXT TYPE L14,180,9,,
PES300W,179,1,,
Type S1,178,1,,
FIXT TYPE L11,178,13,,
DV,177,7,,
EXISTANT MIA,176,1,,
FIXT L3A,176,2,,
SERV MURAL,176,2,,
"Tel/Data 3/4""",175,5,,
12X12X4,174,12,,
FIXT TYPE L1-3,174,3,,
RUNNING MAN,174,4,,
FIXT TYPE STRIP RANGEMENT,174,1,,
tel to remove,173,1,,
PLAFONIER,173,1,,
HDMI,172,7,,
FIXT TYPE LS1,172,1,,
TYPE LS1,172,1,,
HAUT PARLEUR S,172,1,,
B 500W,172,5,,
CI 300W,172,2,,
PRISE USB,171,16,,
Prise 20A,170,12,,
FIXT TYPE L9P,170,3,,
8x8x4,169,16,,
FIXT TYPE X1,169,5,,
type 1,169,1,,
MODULE ADRESSABLE,167,5,,
FIXT TYPE Q1,166,4,,
2000W,166,13,,
FIXT TYPE 1X4 A,165,1,,
LR40,164,2,,
FIXT T2,164,1,,
Type B,162,7,,
SEREV PRISE,162,2,,
FIXT TYP L7,162,2,,
ENSEIGNE SORTIE 2T,161,10,,
L DETECTEUR B,160,1,,
B 300W,160,3,,
FIXT TYPE D3A,160,2,,
2,159,4,,
SORTIE TV,159,13,,
troue,159,1,,
Plug to remove,158,3,,
FIXT TYPE X,158,7,,
ENL STRIP 8pi,158,1,,
FIXT TYPE C3,157,6,,
SORTIE AV,157,3,,
LO PRISE GFI WP,156,1,,
FIXTURE TYPE  S1B,156,2,,
S,155,13,,
FIXT TYPE F1,154,7,,
REV FIXT PL,154,1,,
FIXT 1X4,153,2,,
B PRISE,153,6,,
L COAX,152,1,,
DETECTEUR COMBUSTION,151,4,,
FIXT TYPE K,150,20,,
TYPE A,150,6,,
FIXT E6,150,1,,
FIXT D,148,8,,
RACCORD DIRECT 3CCT,148,2,,
Compteur 2FIXT,148,1,,
FIXT TYPE L1-B,148,2,,
S PRISE,147,2,,
Tel à Enlever,146,1,,
FIXT A1,146,3,,
Boite Cable,146,1,,
DETECTEUR MOUV,145,13,,
BOITE CARRE 2-1/8PO KO 1/2-3/4PO (AI),144,3,LQE008445,IBE52171K
CO-1,144,2,,
EV-1,144,2,,
FIXT E1,144,2,,
C E1,144,1,,
FIXT SUR RAIL,144,1,,
FIXT TYPE L1-10,144,3,,
FIXTURE TYPE L1,144,4,,
LO CONENSEUR,144,1,,
FIXT TYPE E5,143,6,,
FIXT TYPE C2,142,13,,
B,142,11,,
TYPE B1,142,2,,
LO P3000,142,1,,
PP,141,10,,
PANN,141,4,,
DECT,141,5,,
HORN STROB,141,7,,
L 15/20,141,1,,
LO PRISE POELE,141,1,,
LO PRISE SÉCHEUSE,141,1,,
L3,140,2,,
ENL 2X4,140,2,,
PRISE IG,140,11,,
FIXT TYPE SP6,140,1,,
LO HOTTE,140,1,,
GRADATEUR DETECT,140,4,,
TYPE L1,139,2,,
LO TV,139,1,,
SUSP,139,1,,
ADD 2 L9P,138,2,,
C1 750W,138,2,,
VENTILO,137,3,,
COMM TYPE E1,137,1,,
HP RELO,136,12,,
COMM PRISE 15/20A,136,1,,
10Ft 2#12 Bx,135,1,,
prise duplex 15A 120V GFI,135,13,ENS904B2389107100B11,4PE prise 15A 120v
FIXT TYPE P1,135,7,,
END FEED,135,1,,
FIXT TYPE A4,135,3,,
2520 EV,134,1,,
STRIP 8pi,134,3,,
FIXT F3 ENL,134,1,,
TRIAC,133,14,,
COND TOIT,133,1,,
TYPE D,133,6,,
CONTACT PORTE,133,16,,
PRISE 20A,132,12,,
DETECTEUR PLAFOND,132,2,,
ADD 2 DECT MOUV,132,2,,
FIXT TYPE N1,131,7,,
FIXT TYPE F32,131,2,,
15A,131,2,,
FIXT TYPE R,130,9,,
FIXT  TYPE 2X4,130,1,,
DECTCTEUR FUME,130,2,,
VC,129,11,,
PULL BOX,128,5,,
WF1500W,127,4,,
FIXT TYPE L1 ENL,127,1,,
FIXT TYPE L15,126,5,,
L TELP,126,1,,
BORNE RECHARGE,126,6,,
CONN,126,3,,
FIXT RELO,125,3,,
e-6,125,1,,
LO EVAP,125,1,,
ENL FIXT 2X2,125,1,,
TEL POMPIER,124,5,,
ENCASTRE ENL,124,4,,
FIXT FS-14 RELO,124,1,,
ADD1 ARM,124,1,,
PERCEMENT MUR,124,1,,
Type S2,123,1,,
3VOIE,123,11,,
SORTIE TEL/DATA,123,5,,
FIXT TYPE 33,123,1,,
fs-14,123,1,,
DÉTECTEUR FUMÉE,123,8,,
FIXT TYPE N,122,15,,
L GFI 15/20,122,1,,
FIXT TRYPE L9,122,2,,
FIXT TYPE S6,121,6,,
LB1PO,121,1,,
FIXT TYPE L4A,120,4,,
FIXT L2,120,4,,
REV DECT MOUV,120,1,,
FIXT TYPE  L9,120,1,,
EXISTANT MRA,120,1,,
FIXT TYPE BD1,120,1,,
ENL H1,119,1,,
SERV  TYPE H,119,1,,
PLAQUE AUDIO,119,1,,
BOITE RACCORD,118,5,,
RI,118,2,,
DETCETUR INTEGRE,118,1,,
2#12 Motor EV-X,118,1,,
SERV ECL,118,1,,
RELAIS ADRESSABLE,117,3,,
B/V,117,1,,
Type E1,116,4,,
FIXT TYPE M,116,19,,
1 VOIE,116,4,,
WF1000W,116,2,,
RT,116,7,,
P10,116,2,,
PRISE COM,115,1,,
MAT,115,12,,
COUPLING,115,1,,
C ARM,115,1,,
R10 ARM,115,1,,
STRIP PARKING,114,1,,
FIXT TYPE Q3,114,2,,
Wall Fixt Apt.,114,1,,
FIXT TYPE P,113,8,,
POINT ARPENTEUR,113,1,,
PROJECTEUR,112,5,,
FIXT TYPE J3,112,4,,
LOG DECT APP,112,1,,
Prise Secheuse,112,1,,
Prise Cuisinière,112,1,,
Hotte,112,1,,
FIXTURE TYPE S3,112,4,,
DETECTEUR FUMÉ,112,3,,
FIXT TYPE L9.1,111,1,,
3 VOIE,111,15,,
FIXT TYPE CF,111,1,,
DP,111,3,,
FIXTURE TYPE A,111,6,,
Détecteur Fumée,110,6,,
BATTERIE UNIT,110,36,,
KLAXON K,110,2,,
FIXT TYPE LP4,110,2,,
DISJ 15A 1P 120V,109,1,,
FIXT TYPE D4B,109,3,,
FIXT 2X4,108,2,,
CF,108,1,,
PRISE 15A 1G,108,2,,
MONUMENT,107,12,,
FAN /HEATER/A/C,107,1,,
D PRISE,107,5,,
TÉLÉPHONE POMPIER,107,1,,
FIXTURE TYPE E3,107,3,,
Type L2.3,106,1,,
COLONNETTE,106,12,,
M,106,14,,
FIXT TYPE U,105,5,,
type 2,105,1,,
ADD1 L15,105,1,,
PL,105,1,,
Plinthe 300W 240V,105,1,,
EXISTANT STATION MANUEL,105,1,,
FIXT TY^PE A4,105,1,,
BOITE D 8X8X4PO CEMA1,104,8,LQE004735,HOFASE884
BOITE RACC A FEU,104,1,,
1750W,104,13,,
STATION DM,104,2,,
TYPE LR1,104,1,,
CONDENSEUR TOIT,104,2,,
FIXT TYPE L01,104,1,,
ECL TYPE 1,104,2,,
STRIP 8 pi,104,2,,
FIXT TYPE LR1,103,1,,
DISCONN,103,5,,
LAMPADAIRE,103,6,,
GROUND ROD,103,3,,
PC21 LB,103,1,,
BOITE 3000,103,1,,
prise enl,102,1,,
2x4 to install,101,1,,
JB,101,1,,
B300W 240V,101,1,,
12 ETA PRISE,101,1,,
1,100,5,,
PRISE 15/20A 120V,100,1,,
C,100,10,,
TYPE L9,100,1,,
FIXT TYPE L1-7,100,3,,
TYPE CE,100,1,,
FIXT TYTPE L1,100,1,,
4X4 ECL,100,2,,
Hp,99,2,,
FIXT TYPE D7,99,6,,
AW,99,1,,
FIXT TYPE 10,99,2,,
B500 240V,99,1,,
FIXT FG,99,1,,
POWER PACK,99,3,,
RACC FIXT,98,1,,
RM,98,13,,
FIXT TRYPE A1,98,1,,
COMM TYPE A1,98,1,,
PRISE ENLEVER,98,2,,
Drill,97,6,,
A/C UNIT,97,27,,
FIXT TYPE A3,97,7,,
RELAIS CH,97,4,,
SPOT SUR RAIL RELO,97,1,,
DT,97,5,,
HP 11 T1,97,1,,
B 1250W,97,3,,
A   F,97,1,,
L1,96,5,,
INTERRUPTEUR,96,4,,
RAIL T12,96,1,,
MR16,96,1,,
SORTIE TEL 1,96,1,,
Type E14,95,1,,
FIXTURE 2X4,95,1,,
BOITE J,95,1,,
HP 14 T1,95,1,,
fixt aa enl,95,1,,
SECTEUR,95,1,,
ADD D2,95,1,,
Type EXT3,94,1,,
CF1000W,94,2,,
FIXT TYPE G6,94,1,,
HP 9 T1,94,1,,
C A1,94,1,,
2#10 Motor (CO-X),94,1,,
DF1 Détecteur Fumée,94,1,,
fixt type e2,94,2,,
fixt type e1,94,2,,
MINI KLAXON,93,4,,
FIXT TYPE 104 STRIP,93,1,,
Klaxon,92,7,,
FIXT TYPE T2,92,1,,
FIXT TYPE A N,92,1,,
Compteur 1ENL INT,92,1,,
2#12 Motor,91,14,,
FIXT TYPE B2,91,12,,
T1,91,6,,
BOITE VOLUME,91,9,,
CASE LIGHTING,91,1,,
FIXT TYPE CL,91,1,,
COND SURFACE M,91,1,,
30A 240V NF WP,91,1,,
CHAUFFE-EAU,90,57,,
HP 16 T1,90,1,,
HP 10 T1,90,1,,
Type Wall,90,1,,
ADD 2 EXIT,90,2,,
PASSAGE ENCASTRE,90,1,,
TETE DOUBLE X4,90,2,,
DUPLEX,90,2,,
DAC-1,89,1,,
15A1P,89,1,,
Type L2,88,5,,
DEMO FIXT,87,2,,
2X4 RELO,87,1,,
SERVICE PRISE,87,1,,
Exit,86,6,,
FIXT B,86,4,,
OPERATEUR PORTE,86,22,,
MURAL SERV,86,1,,
exit,86,5,,
BORNE,86,4,,
C STROB,86,2,,
EXIT COMBO,85,11,,
ENL EXIT,85,6,,
15/20A,85,1,,
ETAG 1 PLAF,85,1,,
FIXT TYPE F4,84,2,,
E,84,9,,
MODULE DV,84,2,,
MODULE DD,84,2,,
AVERTISEUR INCENDIE,84,1,,
E PRISE,84,4,,
REV INT DECT,84,3,,
FIXT TYPE E1A,84,2,,
COMM TYPE E2,84,1,,
SERV TYPE C,84,1,,
ENL STRIP,84,2,,
DECTECTEUR,84,1,,
U2,84,4,,
FIXT TYPE R2,83,7,,
30A 600V NF,83,15,,
FIXT TYPE L2A,83,3,,
hp 15,83,1,,
FIXT TYPE L0,82,1,,
C PRISE,82,4,,
INT GRADATEUR,82,5,,
lb,82,1,,
dc08 fixt type l1,82,1,,
CONN TYPE B,82,2,,
Détecteur OS2,81,1,,
DETECTEUR F,81,5,,
GRADATEUR DECT,81,2,,
L PIEZO,81,1,,
3/4 LB,81,1,,
RCMS,81,1,,
FS14,81,1,,
FIXT STRIP ENL,81,1,,
DI,81,1,,
SEC HAUT PARLEUR,81,1,,
BOITE D 12X12X4PO CEMA1,80,7,LQE008444,HOFASE12124
USB,80,5,,
FIXT TYPE A6,80,4,,
CF1500W,80,2,,
GRADATEUR 0/10V,80,3,,
FIXT TYPE L13,80,7,,
FIXT TYPE ROND,80,1,,
FIXT  TYPE PS,80,2,,
MOTEUR EV-,80,1,,
Tel/Data 3/4,79,4,,
DF2,79,3,,
FIXT TYPE H1,79,10,,
BA,79,10,,
FIXT 2X2 ENLEVER,79,1,,
TYPE1,79,2,,
HP T1,79,1,,
HP 8 T1,79,1,,
n dect,79,1,,
BOUTON RELACHE,78,16,,
Compteur 12X4 EXISTANT,78,1,,
FIX DE LIGNE,78,1,,
B1750W,78,3,,
8x8,78,7,,
CAM,78,6,,
CMU1750W,78,1,,
FIXT E2,78,1,,
C E2,78,1,,
BOITE RACCORD CONNECTRAC,78,2,,
12x12x4,77,12,,
3#12 Motor,77,5,,
WF 2000W,77,5,,
J,77,7,,
Type A6,77,1,,
INT DM,77,3,,
add 10 piazo -,77,1,,
90 2PO,77,1,,
LUT Z10,77,1,,
Type L26,76,1,,
Type L25,76,1,,
VENTILATEUR,76,19,,
B1000W 240V,76,1,,
détecteur fumée,76,1,,
DETECTEUR FUMÉE,76,3,,
INX,75,4,,
DISCONN 30A NF,75,6,,
FIXT MURAL,75,3,,
PRISE NOUV,75,1,,
ECL ESCALIER,75,1,,
FIXT TYPE WD3,75,1,,
FIXT TYPE D6,74,6,,
RELO HAUT PARLEUR,74,2,,
TR,74,8,,
347 B1000W,74,2,,
PRISE 15/20 COM,74,1,,
2X4,74,2,,
FIXT TYPE L10B,74,1,,
DISCRETE POWER,74,1,,
12 ETA FIXT TYPE L7,74,1,,
EXISTANT,74,2,,
HP 12 T1,74,1,,
C DMO,74,1,,
ADD 2 HP,74,2,,
FIXTURE TYPE S1A,74,2,,
PLAQUE,73,1,,
Hp Musique,73,2,,
Switch to remove,73,2,,
prise 20a,73,2,,
RAIL T6,73,1,,
MOUV,73,1,,
COMM TYPE DECTM,73,1,,
RCFF,73,4,,
Type E4,72,1,,
DETECTEUR RELO,72,4,,
URG,72,2,,
ECL LOG,72,1,,
POT ENLEVER,72,2,,
PANN 100A 120/240V 40CCTC/A MAIN DISJ,72,1,,
SERV 15/20A,72,2,,
3 FIXT TYPE E1A,72,1,,
SERV CONDENSEUR,72,1,,
FIXT TYPE EO,72,1,,
L4A,71,1,,
SERV BORNE SIMPLE,71,1,,
P-3RL,71,1,,
FIXT TYPE BK,70,2,,
RACCORD DIRECT 1CCT,70,2,,
20A 1P,70,6,,
FIXT TYPE S,70,7,,
F,70,11,,
PRISE N,70,1,,
prise info,70,1,,
HP 19,70,1,,
RS,69,5,,
FIXT TYPE D5,69,5,,
BOITE AV,69,1,,
CN,69,2,,
WIF,69,3,,
REV CAMÉRA,69,1,,
FIXT TYPE DL2,69,1,,
N PRISE SERV,69,1,,
FIXTURE TYPE B,69,9,,
Dimmer,68,2,,
Fixt (pot) to remove,68,1,,
B 1500W,68,10,,
EXIT 2 TETE,68,6,,
TYPE E,68,4,,
FIXT TYPE L-03,68,1,,
OS,68,6,,
12 ETA FIXT TYPE 12,68,1,,
F PRISE,68,3,,
ADD 2 RA,68,2,,
FIXT TYPE PS,68,3,,
E 400W,68,1,,
FIXT TYPE FE,67,2,,
TYPE L3,67,2,,
FIXT TYPE CN,67,1,,
UC,67,2,,
fixt type i,67,1,,
i fixt,67,1,,
HP 6 T1,67,1,,
R4 DF1,67,1,,
SPOT RAIL,67,1,,
ENL PR,67,1,,
101 1000W,67,1,,
H,66,10,,
FIXT TYPE LP3,66,2,,
FIXT TYPE BB,66,5,,
3 FIXT R1,66,1,,
P1500W,66,2,,
FIXT TYPE A9,66,2,,
INT DETECT,66,5,,
FIXT TYPE 30X30 RELO,66,2,,
TYPE L4,65,2,,
HORN WP,65,6,,
WF2000W 240V,65,1,,
FIXT TYPE FL4,65,1,,
Type E5,64,1,,
FIXT TYPE N2,64,8,,
MOTEUR 600V,64,5,,
FIXT TYPE S2,64,8,,
FIXT TYPE 2X2 RELO,64,2,,
TEL TRAY,64,1,,
FILLER,64,1,,
3 FIXT TYPE S1,64,1,,
8T,64,1,,
SERV STRIP COMM,64,2,,
FIXTURE 2x2,64,2,,
AD 30X30XRELO,64,2,,
Switch à enlever,63,1,,
HP 7 T1,63,1,,
15A 120 V,63,1,,
AP CL  RACCORD,63,1,,
Compteur INT,63,1,,
FIXT TYPE D2A,63,2,,
FIXT TYPE G1,62,5,,
K,62,8,,
FIXT TYPE AA,62,3,,
L 3VOIE,62,1,,
PRISE 5-15R,62,1,,
HP 23,62,1,,
DEMOLITION,62,1,,
TV-,62,2,,
ADD4 2X4 RELO,61,1,,
FIXT TYPE L4B,61,3,,
FIXT EXIST 2X4,61,1,,
PRISE RELO,61,5,,
12 ETAGE TEL,61,1,,
N GFI,61,3,,
DETECTEUR CHALEUR,61,3,,
3 DETECTEUR OCCUP,61,1,,
GFI 15/20,61,5,,
REIST,61,1,,
52171K,61,1,,
GRADATEUR 1,61,1,,
Type E,60,3,,
HORLOGE,60,5,,
20,60,6,,
R,60,4,,
TYPE L8,60,2,,
DETECTEUR PHOTOCELL,60,1,,
ETAG SS1 STRIP,60,1,,
LOG TEL,60,1,,
HP 10,60,1,,
C L2,60,1,,
Prise 15A Surf,60,1,,
EXISTANT TEL POMPIER,60,1,,
FIXT TR5YPE STRIP ENL,60,1,,
ENL TETE SIMPLE,60,1,,
FIXT TYPE E2 RELO,60,2,,
AD E2 RELO,60,2,,
LUT  0/10V,60,1,,
Tel to remove,59,2,,
Type P2,59,2,,
INT/PR/GR,59,1,,
FIXT TYPE B1 INT,59,1,,
DECT MU,59,1,,
FIXT TYPE LR2A,59,1,,
TYPE LR2A,59,1,,
FIXT TYPE AW,59,1,,
Compteur 9,59,5,,
GRADATEUR DT,59,2,,
ORISE,59,1,,
N 1000W,59,2,,
hp 14,59,1,,
TEL ENL,59,1,,
SERV DECT,59,1,,
VCFF,59,3,,
Type A1,58,3,,
INT DECT PRESENCE,58,1,,
FIXT TYPE LS2B,58,1,,
TYPE LS2B,58,1,,
TYPE G,58,3,,
TYPE L2,58,2,,
6,58,5,,
FIXT TYPE E1B,58,1,,
ETAG 2 PLAF,58,1,,
FIXTR TYPE G,58,3,,
FIXT TYPE 4 pi,58,2,,
ADD1 SFD,58,1,,
WSP,58,1,,
PRISE EXIANT A ENLEVER,58,2,,
P1000,58,1,,
SEC INTERC,58,1,,
CH1,58,2,,
BOITE 8X8X4,58,2,,
FIXT LT-2B,58,2,,
POMPE,57,13,,
FIXT TYPE F3,57,4,,
HAUT PARLEUR PL,57,4,,
DEFROST,57,1,,
B INT,57,4,,
HP 9,57,1,,
ENCASTRE PASSAGE,57,1,,
COMM TYPE L2,57,1,,
Type L4.2,56,1,,
Cable Tray Supp,56,1,,
4,56,6,,
15A 1P,56,8,,
FIXT TYE A,56,1,,
TYPE L5,56,1,,
L STROB,56,2,,
fixt type a1,56,2,,
NF 30A,56,7,,
FIXTURE,56,2,,
A TH,56,6,,
201,56,1,,
N 300W,56,2,,
LOG MA,56,1,,
FIXT YPE FL1A,56,1,,
C A2,56,1,,
B1 1.25,56,2,,
STR SPX,56,2,,
B   A,56,1,,
FIXTURE C-LT-FS,56,2,,
ENSEIGNE SORTIE X1,56,2,,
PRISE 15/2A 125V,56,2,,
FIXT TYPE L2-20W,56,2,,
jc tete double,56,2,,
DP1 (Npp16),55,1,,
GRADATEUR 3 VOIE,55,11,,
DATA/TEL,55,1,,
L,55,6,,
FIXT TYPE SC1,55,1,,
FIXT TYPE 95,55,1,,
RAIL T8,55,1,,
A INT,55,4,,
k1,55,1,,
G PRISE,55,3,,
hp 17,55,1,,
NPP16,55,1,,
TYPE A2,55,1,,
FIXT TYPE ER6,55,1,,
FIXT E4,55,1,,
C BOUTON,55,1,,
MANCHON 1 1/4 po,55,1,,
C1 500W,55,2,,
FIXRURE TYPE E2,55,1,,
FIXT TYPE F2,54,6,,
SECHOIRE A MAIN,54,15,,
ADD KLAXON,54,2,,
FIXT TYPE EM,54,1,,
E1,54,4,,
L GFI WP,54,1,,
B1500W 240V,54,1,,
N TH,54,3,,
HP 20,54,1,,
S1A,54,1,,
FIXT TYPE S1 A,54,1,,
TEL M,54,1,,
BOUTON RELACHE REV4,54,1,,
ADD 2 L9,54,2,,
ECL TYPE 1 TOIL,54,2,,
FIXT TYPE LP29,54,1,,
Dimmer 0-10V,53,1,,
SPOT NOUVEAU,53,1,,
D/M,53,16,,
TYPE L10,53,1,,
PRISE URG,53,1,,
ETAF SS2 STRIP,53,1,,
FIXT TYPE U1,53,2,,
SERV KLAXON,53,1,,
ENL HP,53,2,,
RELAIS TRANSFO,53,4,,
A R2,53,1,,
ENL FIXT SURF,53,1,,
Type L2.2,52,1,,
VOLET MOTORIZER,52,8,,
PANNEAU REMPLACER,52,1,,
BOLLARD,52,2,,
TYPE LP1A,52,1,,
P1000W,52,5,,
PRI,52,1,,
SUSPENTION,52,1,,
B750W 240V,52,1,,
DÉTECTEUR GAINE,52,9,,
DETECTEUR FUMER PHOTO,52,1,,
FIXT TYPE DL1,52,1,,
10Ft Bx,52,1,,
RELO HP,52,8,,
FIXT A2,52,1,,
COMM TYPE A2,52,1,,
SERV STATION,52,1,,
ADD 2 U,52,2,,
DETECTEUR MURAL,52,2,,
ENL URG,52,1,,
90 DEGRE L1,52,1,,
P4,52,1,,
CH11 FIXT A1,52,2,,
ENL INT BV,52,1,,
GRADATEUR 1/10V,52,1,,
JC FIXTURE TYPE L1-7,52,2,,
PRISE 20A 125V,51,4,,
L-02,51,1,,
FIXT TYPE N-1,51,1,,
PRP,51,1,,
DEMO STRIP,51,1,,
BOITE RAB,51,1,,
TEL PARTITION,51,2,,
DETECT MOUV 2,51,1,,
mini klaxon,51,1,,
N POT LIGHT,51,1,,
HP 21,51,1,,
FIXT TYPE FL7,51,1,,
DTD,51,1,,
FIXT TYPE LO5F,51,1,,
Type EXT3A,50,1,,
PORTE GARAGE,50,14,,
DISCONN NF,50,3,,
CLAVIER,50,13,,
FIXT TYPE C4,50,5,,
COMM HAUT PARLEUR,50,1,,
FIXT TYPE LP1A,50,1,,
TYPE D2,50,2,,
FIXT TYPE D1W,50,1,,
D1W,50,1,,
TYPE L11,50,1,,
L INTERCOM,50,1,,
L HOTTE,50,2,,
L VE-,50,1,,
TEE,50,5,,
FIXT TYPE K2,50,3,,
hp,50,1,,
hp 12,50,1,,
FIXT 12 ENL,50,1,,
ADD 2 DECT,50,2,,
HP ENLEVER,50,2,,
CE17,50,1,,
FIXTURE  TYPE S2,50,1,,
SEC CONTACT PORTE,50,3,,
FIXTURE TYPE H C/A 3 TETE,50,2,,
JC FIXTURE TETE SIMPLE,50,2,,
JC PRISE IG,50,2,,
DETECTEUR OAC-OT,49,1,,
FIXT TYPE G2,49,4,,
AV,49,4,,
DETECTEUR AF5,49,1,,
AMPOULE,49,1,,
COMBO,49,8,,
L 30A,49,1,,
L 30A NF,49,1,,
L UAC-,49,1,,
L 30A WP,49,1,,
L VRE-,49,1,,
L BOITE TEL,49,1,,
Type A4,49,1,,
BOUTON POUSSOIRE,49,5,,
12 ETA INTER,49,1,,
hp 16,49,1,,
HP 6 ET,49,1,,
NOUV PRISE,49,2,,
FP24,49,1,,
fp-24,49,1,,
FIXT TYPE L06,49,1,,
DETECTEUR FUMER  VOLET,49,1,,
SW,49,1,,
L6,49,1,,
DECT FUMER,49,1,,
PRISE 15/20AS 125V,49,2,,
interrupteur  15A 347V,48,3,ENSE9AC3454F2101550C,4PE int. 15A 347V
DETECTEUR MOUVEMENT MURAL,48,1,,
fixt piscine,48,2,,
FIXT TYPE DM40,48,2,,
L 50A,48,1,,
L SE-,48,1,,
L UCD-,48,1,,
CHAUFFAGE,48,3,,
RETENU PORTE,48,5,,
FIXT H,48,4,,
PRISE 20A 120V,48,2,,
HP 24,48,1,,
HP 11,48,1,,
R4 KLAXON,48,1,,
ft-24,48,1,,
PRISE INV,48,1,,
BOUTON SORTIE,48,1,,
ZDTQ,48,1,,
P1,48,1,,
FIXT TYPE L2S,48,2,,
FIXT LL4,48,2,,
POSTE TRAVAIL,48,1,,
INTERRUPTEUR GRADATEUR,48,1,,
2#18 toilet conn,47,1,,
FIXT TYPE M1,47,9,,
TYPE D1,47,2,,
TYPE ENSEIGNE,47,1,,
GFI 20A,47,9,,
FIXT TYPE E7,47,5,,
recomp detecteur gaine,47,1,,
recomp temoin,47,1,,
FIXT TYPE FL2,47,1,,
ENL TEL,47,2,,
A  A,47,1,,
potlight to relo,46,1,,
Plinthe à enlever,46,1,,
BRASSEUR AIR,46,6,,
FIXT TYPE Q,46,7,,
D,46,10,,
encastre,46,3,,
FIXT TYPE Q2,46,3,,
P 20 347V,46,2,,
FIXT TYPE 84A,46,1,,
RTU,46,3,,
FIXT TYPE L1-5,46,3,,
KIT,46,1,,
24 ETA PRISE,46,1,,
hp 18,46,1,,
TYPE A2.1,46,1,,
COMM TYPE TOA,46,1,,
C TOA,46,1,,
Z10,46,2,,
PRISE GFI 20A,46,4,,
RELAIS RELO,46,1,,
JC FIXTURE TYPE L1-10,46,2,,
X1 RELO,46,2,,
Prise 15A GFI,45,8,,
"Manchon 3/4""",45,1,,
Type L12A,45,1,,
PRISE 15/20A GFI,45,10,,
A 750W,45,4,,
2X2 EXISTANT,45,1,,
RAIL R1,45,1,,
PRIS E 15A 125V,45,1,,
tete double,45,4,,
PRISE FS,45,1,,
INT N,45,2,,
24 ETA FIXT TYPE L7,45,1,,
RELO FT-24,45,1,,
Compteur FIXT TYPE L01,45,1,,
FIXT TOA,45,1,,
Compteur J HOOCK,45,1,,
30X30 RELO,45,1,,
SORTIE WIFI,44,2,,
FIXT TYPE L6.6,44,1,,
12x12,44,4,,
AVERTISEUR SONORE,44,2,,
FIXTT TYPE LS2A,44,1,,
EF,44,2,,
P7,44,2,,
FIXT TYPE L3A,44,5,,
HP 7,44,1,,
1X4 ENL,44,1,,
FIXT 2X4 RELO,44,2,,
PLATE LED,44,1,,
FIXT TYPE TOA,44,1,,
EXISTANT DECTEUR GAINE,44,1,,
ADD FIXT TYPE G,44,1,,
FIXTURE TYPE DR40,44,2,,
CI 1250W,44,2,,
JC BOITE VOLUME FIM,44,2,,
JC SERPENTIN,44,2,,
Type E2,43,4,,
TYPE 2.2,43,1,,
CO,43,3,,
INT DECT PR,43,3,,
FIXT TYPE A7,43,3,,
THERMOPOMPE,43,2,,
BORNE DE RECHARGE,43,5,,
DETECTEUR MOTION,43,4,,
HOR,43,2,,
FIXT TYPE 3,43,3,,
FIXT TYPE 8,43,2,,
DO,43,3,,
FIXT TYPE M N,43,1,,
FIXT TYPE 5,43,2,,
N TV,43,3,,
LOG STATION,43,1,,
TEL N,43,1,,
C KLAXON STROB,43,1,,
C DT,43,1,,
COMM DT,43,1,,
BOITE A CHARGEUR 15W QI,43,1,,
VOLET MOTORISER,43,9,,
FIXT TYPE B2X2,43,1,,
PRISE 15/20A   A,43,1,,
NF 30A 120V,42,3,,
sortie tel,42,5,,
dect 120,42,1,,
Compteur L,42,1,,
INT PRESENCE,42,3,,
N TEL,42,3,,
ETAG 3 PLAF,42,1,,
ETAG 5 PLAF,42,1,,
ETAG 6 PLAF,42,1,,
ETAG 7 PLAF,42,1,,
ETAG 8 PLAF,42,1,,
ETAG 9 PLAF,42,1,,
ETAG 10 PLAF,42,1,,
ETAG 4 PLAF,42,1,,
HP 22,42,1,,
FIXT TYPE DL7,42,1,,
FIXT TYPE S1B,42,1,,
R10 HORN,42,1,,
R10 AIM,42,1,,
31/2,42,1,,
TEE L1,42,1,,
FIXT TYPE SK,42,1,,
PRISE 15/20A -,42,2,,
tete double x4,42,2,,
C.4,42,2,,
STROB MURAL,42,2,,
FIXT TYPE L1-11,42,2,,
JC TH FMI,42,2,,
10Ft BX,41,1,,
CHAUFFE EAU,41,29,,
TH INT,41,6,,
gradateur,41,3,,
DROP,41,1,,
PRISE /6,41,1,,
FIXT TYPE L1-6,41,3,,
TYPE P ENL,41,1,,
ECL EXT,41,2,,
U,41,4,,
K PRISE,41,2,,
Compteur 11,41,3,,
TYPE UE1.1,41,1,,
DECTEUR MOUV,41,2,,
FIXTURE A,41,1,,
DETECTEUR FUMÉE EC,41,1,,
TYPE 2,40,2,,
FIXT TYPE F6,40,3,,
FIXT TYPE A1A,40,1,,
FIXT TYPE L-05,40,1,,
FIXT TYPE 4,40,3,,
FIXT TYPE 2X4 RELO,40,2,,
FIXT TYPE 6,40,2,,
FIXT TYPE ER2,40,1,,
TYPE D 1pi,40,1,,
FT24,40,1,,
SERV OS3,40,1,,
CDT,40,2,,
POINT ANCRAGE GR AVION,40,1,,
FIXT TYPE L1-02,40,1,,
U4,40,2,,
ICT1,40,1,,
ECL TYPE EX,40,2,,
ROOMS,40,2,,
Tel 3/4,39,2,,
Type S3,39,2,,
DROP 3/12-15pi,39,1,,
REF,39,4,,
LECTEUR,39,10,,
CARILLON,39,7,,
FIXT TYPE Z4,39,1,,
J PRISE,39,2,,
X1,39,3,,
station manuel,39,3,,
NPP PCD,39,1,,
FIXT TYPE ER3,39,1,,
HIGH BAY LED,39,1,,
FIXT L3,39,1,,
COMM TYPE L3,39,1,,
C L3,39,1,,
1X4,39,1,,
FIN LIGNE,39,2,,
FIXT TYPE 2X4 ENLEVER,39,1,,
Switch to Remove,38,1,,
V,38,5,,
SUSPENDU,38,3,,
FIXT TYPE A1 RELO,38,1,,
PRISE 20A SIMPLE,38,1,,
ADD4 N 2X4,38,1,,
1000W 347V,38,4,,
TH TS,38,2,,
SECHOIR,38,7,,
L1C,38,1,,
LIN,38,1,,
FIXT TYPE L20,38,4,,
FIXT TYPE 2,38,1,,
A TEL,38,6,,
FIXT B-1,38,1,,
ADD 2 L11,38,2,,
EXISTANT B,38,1,,
STX SPK,38,2,,
41/2,38,1,,
TETE J1,38,1,,
STRIP LED,38,1,,
tete simple,38,1,,
DETECTEUR D,38,1,,
RWF 2000W,38,1,,
WIRELESS ACCESS POINT,38,2,,
Type C,37,6,,
Type L6.1,37,1,,
Relais Triac,37,3,,
PRISE TOIT,37,8,,
LECTEUR DE CARTE,37,7,,
BR1,37,1,,
TYPE F2,37,2,,
TYPED F1,37,1,,
DETECTEUR MOUV A,37,1,,
FIXT TYPE 11,37,2,,
RAIL T4,37,1,,
A PRISE GFI,37,2,,
FIXT TYPE L2-B,37,1,,
PRISE MURAL,37,1,,
R4 AF1-5,37,1,,
TYPE W1,37,1,,
FIXT TYPE DL9,37,1,,
MURAL EXT,37,2,,
e-4,37,1,,
ADD1 L11,37,1,,
raccord,37,1,,
FIXT B2 8pi,37,1,,
SERV TYPE E,37,1,,
SERV TYPE W,37,1,,
MIS,37,3,,
C 1500,37,1,,
DETECTEUR 360,37,4,,
FIXT TYPE PD3,37,1,,
INT B/V EC,37,1,,
Ground Bar,36,3,,
Switch SW1,36,1,,
Prise 20A GFI Ext,36,2,,
AF-1,36,3,,
PRISE 15/20 125V,36,1,,
A 1 EXISTANT,36,1,,
FIXT TYPE A5,36,5,,
detecteur gaine,36,2,,
BOUTON,36,11,,
L8,36,1,,
1000W 600V 3PH,36,2,,
fixt pisc,36,2,,
P 25 347V,36,2,,
DM H,36,1,,
FIXT TYPE PA5,36,1,,
FIXT TYPE PA6,36,1,,
EXIT 2 T,36,3,,
N PRISE,36,2,,
HP 8,36,1,,
3 DECT 0/10V,36,1,,
n cloche,36,1,,
RACCORD BRASSEUR AIR,36,1,,
LECTEUR CARTE REV4,36,1,,
C CARTE RIDER,36,1,,
C L1,36,1,,
COMM TYPE L1,36,1,,
Plinthe 1000W 347V,36,1,,
FIXT YPE L17B,36,2,,
MODULE CONTROL URG,36,2,,
ADD 2 L17B,36,2,,
EXISTANT LAMPE TEMOIN,36,1,,
DETECTEUR PL,36,3,,
FIXT TYPE LO3A,36,1,,
RACCORD DIRECT TOILET,36,1,,
360,36,1,,
ENL DETECTEUR,36,1,,
P3,36,1,,
FIXTURE TYPE S7,36,2,,
SORTIE DATE,36,2,,
Exit X1,35,3,,
Prise dans Mobilié,35,1,,
INT MOUV,35,4,,
LC,35,5,,
G,35,9,,
A FIXT,35,1,,
FIXT TYPE LP5,35,2,,
int,35,6,,
OP,35,10,,
BR,35,3,,
Compteur 20,35,1,,
DEMO PRISE ENL,35,1,,
FIXT TPE L5,35,1,,
MAC,35,5,,
fixt type 17,35,1,,
DECT MURAL 0/10V,35,1,,
TETE DOUBLE MURAL,35,1,,
FIXT TYPE SUSPENDU,35,1,,
PRISE NOUVELLE,35,1,,
FIXTURE TYPE D,35,6,,
LO VENT,35,1,,
Misc to remove,34,2,,
PRISE 15/20AGFI,34,1,,
EXIT RELO,34,8,,
MONUMENT PLANCHER FM,34,1,,
MONUMENT PLANCHER 1 PR,34,1,,
TYPE L7,34,2,,
Compteur 1L9.1,34,1,,
A2,34,2,,
347 B1250W,34,2,,
30A 600V NF WP,34,9,,
SECHOIRE,34,6,,
TH T1G,34,2,,
ENL TYPE J,34,1,,
TRI,34,2,,
L2B,34,1,,
101 PRISE,34,2,,
RPP20,34,1,,
Type Potlight,34,1,,
N EV6,34,1,,
N PRISE WP,34,1,,
REVFIXTURE TYPE L1,34,2,,
REV PRISE 15/20A,34,2,,
DRIVER 0/10V,34,1,,
90 TYPE B,34,2,,
CT1,34,1,,
TETE SIMPLE 1,34,1,,
2510 1P,34,2,,
FIXT TYPE BD5,34,1,,
FIXTTYPE L5,34,2,,
JC FIXTURE TYPE A1,34,2,,
JC FIXTURE TYPE D-6B,34,2,,
fixt type fm-4,34,2,,
PRISE QUAD 1254,34,2,,
FIXT TYPE LP1 18pi,34,1,,
GR,33,1,,
10Ft 3/4 Emt 2w1v,33,1,,
Camera,33,4,,
Type E9,33,2,,
Fixt to remove,33,2,,
3,33,6,,
CR10,33,6,,
CHAUFFEAU,33,12,,
BDV,33,1,,
WALL WASHER,33,1,,
VENT,33,4,,
T,33,5,,
RAIL,33,2,,
gradateur dt,33,1,,
DEMO L4,33,1,,
BOITE TEL,33,1,,
FIXT TYPE 13,33,1,,
FIXT TYPE 75,33,1,,
Compteur 2haut parleur,33,1,,
FIXT TYPE Z,33,1,,
TH N,33,1,,
FIXT TYPE E1C,33,1,,
lecteur carte,33,3,,
FIXT TYPE CL20B,33,1,,
FIXT TYPE M3A,33,1,,
FIXT M3A,33,1,,
C X1,33,1,,
C Q,33,1,,
C M3A,33,1,,
M3A,33,1,,
N1500 WF,33,1,,
N 750W,33,1,,
DECT D,33,1,,
ENCASTRE LED,33,1,,
PRISE 5362-OTW,33,1,,
PRISE 15/20A 125V 1,33,2,,
SORTIE TEL PARTITION,32,3,,
FIXT TYPE W2,32,4,,
8X8X4,32,5,,
FIXT TYPE A8,32,3,,
ACC CONTACT PORTE,32,1,,
FIXT TYPE L-12,32,1,,
CABINET TEL,32,2,,
TH T1,32,2,,
THERM,32,2,,
BOUTON PANIC,32,2,,
FIXT TYPE P3,32,4,,
SUSPENDUE,32,2,,
fixt type z14,32,1,,
FIXT TYPE LU2,32,2,,
HORN N,32,1,,
A 1000W,32,5,,
I PRISE,32,2,,
ETAG SS2 PLAF,32,1,,
MURAL PASSAGE,32,1,,
FIXT TYPE D 1pi,32,2,,
FIXT C1,32,1,,
ADD1 AIM,32,1,,
C DETECTEUR,32,1,,
C AIM,32,1,,
C C1,32,1,,
COMM TYPE C1,32,1,,
COMM TYPE X1,32,1,,
ADD6 M3A,32,1,,
COMM M3A,32,1,,
N 500W,32,1,,
SERV VENT,32,2,,
SERV2250W,32,2,,
SERV BATTERIE UNIT 2T,32,2,,
FIXTURE B,32,1,,
PRISE 15A 125V  EXPLOSION PROOF,32,1,,
HAUT PARLEUR RELO,32,3,,
FIXTURE LT-E-B,32,2,,
PRISE G5262OTW,32,1,,
SEC HORLOGE,32,1,,
CH11 1VOIE,32,2,,
fixture type m4,32,1,,
PRISE 15/20A GFI WP,32,2,,
ADD INT 3 VOIE,32,2,,
AD FIXT B2,32,2,,
CHIEF PAC,32,2,,
TETE FIXT N7,32,2,,
Switch Maestro #MS-B102-XX,31,1,,
Tel/data 1 1/4,31,1,,
Type P6,31,1,,
S1000W,31,1,,
ADD4 INT PR,31,1,,
TYPE L6,31,2,,
ComL6-06,31,1,,
2500W,31,4,,
FIXT TYPE B.5,31,1,,
DECT MOUVEMENT,31,4,,
PARTITION,31,4,,
DECTF,31,1,,
FIXT TYPE N4,31,3,,
PRISE CCT SEPARE,31,1,,
FITXT TYPE C2,31,1,,
CORE FIXT TYPE L7,31,1,,
SS PRISE,31,1,,
C1 PRISE,31,1,,
E INT,31,3,,
C INT,31,3,,
WFI,31,2,,
FIXT TYPE EL1,31,1,,
ARM,31,1,,
R10 DECTEUR FUMER,31,1,,
SERV MX2,31,1,,
PA,31,5,,
FIXT TYPE   L2,31,1,,
RAIL L1  8 pi 2483,31,1,,
A RAIL L1 NOIR 2483,31,1,,
PRISE A RELO,31,1,,
ENL DETECTEUR FUMER EC,31,1,,
Type E3,30,4,,
Type L23,30,1,,
Phares Double X3,30,2,,
TYPE 1,30,1,,
MOTEUR,30,10,,
FIXT TYPE P2,30,9,,
FIXT TYPE R4,30,4,,
MV,30,1,,
INT DETECTEUR PR,30,1,,
PRISE 15/20 GFI,30,2,,
SORTIE CAMERA,30,1,,
FIXT N1,30,2,,
INTER,30,1,,
INT 3V,30,2,,
FIXT TYPE L-X,30,1,,
TYPE LR2B,30,1,,
TYPE LP3,30,1,,
FIXT 30X30,30,1,,
FIXT TYPE 94,30,1,,
B1250W 240V,30,1,,
FIXT TYPE L1-9A,30,1,,
PRISE DIFF 15A,30,1,,
4 1/2,30,1,,
FIXT EM,30,2,,
SERV PRISE 15A,30,1,,
Q,30,3,,
O PRISE,30,2,,
ETAG 3 MURAL,30,1,,
ETAG 5 MURAL,30,1,,
ETAG 7 MURAL,30,1,,
ETAG 8 MURAL,30,1,,
ETAG 9 MURAL,30,1,,
ETAG 10 MURAL,30,1,,
ETAG 4 MURAL,30,1,,
FIXT TYPE WW4,30,1,,
LMRP1,30,1,,
b borne,30,1,,
LOG A PRISE,30,1,,
LOG A1 PRISE,30,1,,
LOG K PR,30,1,,
FC 24,30,1,,
FIXT TYPE R7,30,1,,
ADD1 HP,30,1,,
ADD2 ARM,30,1,,
A 1500W,30,3,,
SERV COMBO UNIT 2 T,30,1,,
HP MUSIQUE,30,2,,
FIXT TYPE L7A,30,3,,
FIXT TYTPE L22,30,2,,
ADD 2 L22,30,2,,
PRISE CANCELLER,30,2,,
C   A,30,1,,
FIXT TYPE XB1,30,1,,
COUPL L1,30,1,,
PRISE-,30,2,,
P2,30,1,,
TP-,30,1,,
RELAIS RT,30,2,,
b 1000w 347v,30,1,,
RELO INTER,30,1,,
HAUT PARLEU MURAL,30,2,,
ADD N4W,30,2,,
DETECTEUR MOUVEMENT 360,30,2,,
A R1,30,1,,
Tel/data 3/4,29,2,,
BORNE ELECTRIQUE,29,1,,
11,29,1,,
FIXT TYPE M2,29,6,,
FIXT TYTPE LR2B,29,1,,
HP ENL,29,2,,
E2,29,2,,
7,29,4,,
FIXT TYPE CC,29,3,,
strip enl,29,1,,
B TH,29,4,,
DETCTEUR F,29,1,,
BATTERIE 2T,29,3,,
DETECTEUR PRESENCE G,29,1,,
TYPE17,29,1,,
lavabo,29,1,,
H PRISE,29,2,,
ETAG 2 MURAL,29,1,,
ETAG 6 MURAL,29,1,,
STATION MANUEL BOITIER SURF,29,1,,
DÉTECTEUR FUMER,29,4,,
LOG K1 PR,29,1,,
WAWP,29,1,,
C 4BT,29,1,,
V 120V,29,1,,
DETECYTEUR AF-1,29,1,,
FIXT TYPE L15A,29,3,,
INTERPHONE,29,1,,
Compteur 1 ETAGE,29,1,,
3#10 Motor,28,4,,
Type L3.2,28,1,,
Phares Double X4,28,1,,
Type E7,28,2,,
Plinthe B1 1250W,28,1,,
Plug 20A,28,1,,
FIXT TYPE W1,28,4,,
A1,28,2,,
PRISE 15/20 DFT,28,2,,
P 12 347V,28,2,,
INT ADD,28,1,,
INT ENL,28,4,,
PANN BELL,28,2,,
70,28,1,,
STRIP ENLEVER,28,2,,
FIXT TYPE F BAY N,28,1,,
FIXT TYPE 15,28,2,,
FIXT TRYPE C,28,1,,
COND 1/2,28,1,,
EXIT 2T AUTON,28,1,,
17,28,1,,
SERV FIXT E3,28,1,,
101,28,1,,
ETAG SS1 PLAF,28,1,,
F INT,28,3,,
TOIT PLAF,28,1,,
FIXT TYPE DL3,28,1,,
RELO,28,1,,
ADD LIB-6,28,1,,
LOG G PR,28,1,,
CD,28,1,,
NF WP 30A,28,1,,
MAD,28,1,,
RELO 2X4,28,2,,
SMOKE DAMPER,28,1,,
Compteur 15,28,1,,
COMM 4 BT,28,1,,
Type Wall Ext,28,1,,
FIXT F4 ENL,28,1,,
SER 1000W,28,1,,
ADD 2 MA,28,2,,
PH 51/2 PRISE,28,1,,
FIXTURE D,28,2,,
MOTEUR 1HP 120V,28,1,,
REV DÉTECTEUR A FUMER,28,2,,
PRISE 5362-S6W,28,1,,
CH5 FIXT A1,28,2,,
CH10,28,2,,
FIXT L2STR-18P15-Q/3C C/A GRILLAGE,28,1,,
PLINTHE A 500W,28,2,,
AD U,28,2,,
RELO VC,28,1,,
interrupteur  15A 120V,27,6,ENS9CA9981C195E71150,4PE int. 15A 120V
PLINTHE,27,4,,
Misc To remove,27,1,,
Détecteur OS3,27,1,,
FIXT TYPE T3,27,2,,
TYPE 1.1,27,1,,
FIXT TYPE A1 ADD2,27,1,,
INT 6 B FDW6TSB-W,27,1,,
RACCORD PLINTHE,27,1,,
FIXT TYPE C5,27,3,,
MOTEUR FRACT,27,5,,
FIXT TYPE L 14,27,1,,
SECHOIR A MAIN,27,5,,
e,27,2,,
FIXT TYPE F BAY RELO,27,1,,
EXIT 2T,27,4,,
A INT/6,27,1,,
FIXT TYPE L N,27,1,,
GRADATEUR N,27,2,,
BOITE S100WHCN,27,1,,
demo fixt,27,1,,
FIXT TYPE 7,27,2,,
N COND,27,2,,
TYPE G2,27,1,,
FIXT TYPE DL6,27,1,,
3 FIXT L1A-6,27,1,,
DETECTEUR MOUV PL,27,2,,
MOTEUR 208V,27,1,,
vfd,27,1,,
N ECH,27,1,,
EXISTANT DETECTEUR CHALEUR,27,1,,
INT 1VOIE,27,2,,
ENL HORN,27,1,,
FIXT TYYPE E4,27,1,,
FIXT L8,27,1,,
Type DEL3,26,1,,
Station Manuel,26,3,,
Switch S02,26,1,,
BOITE CARRE 1-1/2PO KO 1/2-3/4PO,26,1,LQE011995,IBE72151K
PIAZO,26,1,,
411/16X411/16,26,1,,
COUDE INT ALA4800,26,1,,
90,26,4,,
ENSEIGNE,26,3,,
LUMIERE SUR SOCLE,26,1,,
BOUTON HANDICAPER,26,3,,
2KW,26,7,,
4KW,26,5,,
MODULE SUPERVISION,26,3,,
P 10 347V,26,2,,
FIXT TYPE LT1A,26,1,,
DHP,26,1,,
INT RELO,26,3,,
ENLEVER STRIP,26,2,,
INT OS,26,1,,
STATION ANSUL,26,1,,
L1A,26,1,,
PES1250W,26,1,,
fixt type d,26,3,,
HP à enlever,26,1,,
RACCORD TOILET ELCTRIQUE,26,1,,
DEBIT,26,5,,
TEL POLE,26,1,,
5,26,3,,
CP1,26,2,,
12 ETA MONUMENT,26,1,,
SS2 PRISE,26,1,,
M PRISE,26,2,,
D INT,26,3,,
FIXT TYPE COLONNE,26,1,,
RELAIS PC17,26,1,,
TYPE J,26,3,,
3 LMRP1,26,1,,
WP,26,1,,
LOG E PR,26,1,,
LOG F PR,26,1,,
LOG F1 PR,26,1,,
LOG H PR,26,1,,
FIXT TYPE L25A,26,1,,
FIXT TYPE L6 ENL,26,1,,
FIXTURE L14,26,1,,
FIXT TYPE T4A,26,1,,
FIXT T4A,26,1,,
C T4A,26,1,,
add 10 horn +,26,1,,
COMM TYPE T4A,26,1,,
FIXT TYPE L6-3,26,1,,
ADD FIXT TYPE H,26,1,,
REV FIXT TYPE E4,26,2,,
FIXTURE LT-Q-B,26,2,,
A 1250W,26,2,,
ECL TYPE 1 HALL,26,2,,
SORTIE TÉL,26,2,,
FIXT TYPE L2-30W,26,2,,
FIXT TYPE N4W,26,2,,
ADD N4,26,2,,
FIXT LI- 5,26,2,,
Exit X3.2,25,1,,
Type L4,25,2,,
Plug 15A,25,1,,
WF1250W,25,3,,
DETECTEUR PR,25,2,,
FIXT TYPE F5,25,3,,
DETECTEUR DUCT,25,3,,
DETECTEUR MULTIFONCTION MTS12,25,1,,
14,25,1,,
MOTEUR 120V,25,5,,
POT RELO,25,4,,
BARRE MISE A LA TERRE,25,8,,
ADD4 FIXT E2,25,1,,
RJ45,25,2,,
30A NF 120V,25,3,,
B2000W,25,3,,
FIXT TYPE D2E,25,1,,
DEMO PRISE,25,1,,
PC,25,10,,
PRISE 15/20 UTILITAIRE,25,1,,
DÉTECTEUR MOUV,25,2,,
FIXT TYPE L3B,25,4,,
fixt type k2,25,1,,
FIXT E,25,4,,
FIXT TYPE E3A,25,3,,
ETAG 1 PRISE,25,1,,
DD PRISE,25,1,,
ETAG 1 MUR,25,1,,
LOG RAI,25,1,,
FIXT TYPEFL1,25,1,,
FIXT TYPE DL5,25,1,,
PRISE PL,25,1,,
GRILLE PROTEC,25,1,,
LOG E1 PR,25,1,,
RELO 2X4 EXT,25,1,,
AIM,25,1,,
c cr,25,1,,
add 10 strob piazo -,25,1,,
COMM TYPE MOA,25,1,,
SERV PRISE WP TOIT,25,1,,
HP CONSERVER,25,1,,
51/2 PRISE,25,1,,
CROIX,25,2,,
FIXTURE TYPE L18A,25,1,,
FIXTURE TYPE C,25,8,,
RWF 1250W,25,1,,
ENL FIXT EXT,25,1,,
Type J,24,2,,
Type L5,24,1,,
Type L8,24,2,,
Type E5 proj,24,1,,
UTA,24,10,,
FIXT TYPE DALS,24,1,,
FIXT DALS,24,1,,
1250W 347V,24,4,,
ENL FIXT F1A,24,1,,
72171 C/A 2G,24,1,,
P 5 347V,24,2,,
TYPE LS2A,24,1,,
MS,24,5,,
RELO PRISE,24,4,,
POTEAUX POUR LIGNE  ELECTRIQUE,24,1,,
CAMERA EXT,24,2,,
PRISE 15/20 GFI WP,24,1,,
GRD,24,2,,
PES1500W,24,1,,
Type H-40A,24,1,,
BOITE DANS FAUSSE,24,1,,
COND 2 TELEPHONE,24,1,,
2tel,24,1,,
FIXT TYPE D4A,24,1,,
FIXT TYPE D10,24,2,,
12 ETA FIXT TYPE L11,24,1,,
DETECTEUR PRESENCE C,24,1,,
3 1/2,24,1,,
FIXT P,24,3,,
1000W CBB,24,1,,
X PRISE,24,1,,
PCE11 DETECTEUR,24,1,,
NOUV TYPE A,24,1,,
10Ft 2#18 LVT,24,1,,
DETEC F,24,1,,
LOG J PR,24,1,,
FIXT TYPE L1C,24,1,,
RELO TYPE  E,24,1,,
n station,24,1,,
CABLO,24,1,,
B1 1.5KW,24,2,,
3CH PRISE,24,1,,
H   EC,24,1,,
ADD FIXT TYPE C,24,1,,
DETECTEUR MOUV DO,24,1,,
SERV1000W,24,2,,
DECTEUR AF1,24,2,,
DÉTECTEUR THERMIQUE,24,6,,
PRISE NOIRE,24,1,,
REV KLAXON STROB,24,2,,
ADD SERPENTIN,24,1,,
OS DT,24,1,,
ENL TEL/DATA,24,1,,
FIXTURE LT-C-W,24,2,,
FIXTURE LT-J-W,24,2,,
FIXTURE  LT-T2-B,24,2,,
RUNNING MAN 1,24,1,,
PRISE GFI 15A 125V,24,1,,
CH8 FIXT A1,24,2,,
RESTO PRISE,24,2,,
FIXT TYOE L1,24,1,,
FIXTURE TYPE A1,24,4,,
FIXT TYPE E1 RELO,24,2,,
FIXTURE TYPE S4B,24,2,,
INT 1 VOIE RELO,24,1,,
SEC DETECTEUR MOUVEMENT,24,2,,
JC EXIT,24,2,,
EN TYPE A,24,1,,
FIXT TYPE LP30,24,1,,
PRISE DEMO,23,1,,
Type C1,23,3,,
Type L3.3 - 3Ft,23,1,,
Type L3,23,5,,
Switch SW3,23,1,,
Exit X2,23,1,,
LUT Z10 (0-10v),23,1,,
EVAP 208V,23,1,,
A1000W,23,2,,
INT DECT MOUV,23,4,,
STRIP 4pi,23,3,,
FIXT TYPE A6A,23,1,,
GRAD,23,2,,
TETE URGENCE,23,2,,
FIXT TYPE N3,23,5,,
FIXT TYPE LS5,23,1,,
FIXT TYPE LP6B,23,1,,
TYPE LS5,23,1,,
TYPE 6B,23,1,,
TYPE 7B,23,1,,
CONN RAIL,23,2,,
FIXT TYTPE L,23,1,,
DECT MOUV PL,23,3,,
DEMO INT,23,1,,
CMU 1500W,23,1,,
BOITE SURFACE 6.6,23,1,,
ENCASTRE EXISTANT,23,2,,
fixt type f,23,2,,
FIXT TYPE D9,23,3,,
24 ETA TEL,23,1,,
DISCONN WP,23,2,,
KLAXON MINIATURE,23,4,,
FIXT TYPE L1A-6,23,1,,
ADD3 NOTE 17 WIFI,23,1,,
DECT RELO,23,2,,
PARTITION 4CCT,23,1,,
FIXT MOA,23,1,,
C MOA,23,1,,
Déclencheur Manuel,23,1,,
SERV EXIT,23,1,,
SERV RELAIS,23,2,,
C ECL,23,1,,
INV PRISE,23,1,,
B17,23,3,,
enl fixt type 2x4,23,1,,
FIXT TYPE C4B,23,1,,
CH1 500W,23,1,,
CONTACT MAGNETIQUE,23,3,,
FIXT TYPE RAIL L2,23,1,,
TETE DOUBLE 1,23,1,,
0/10V,23,1,,
FIXT TYPE L1A ENLEVER,23,1,,
Type H,22,2,,
Prise 15A Quad,22,3,,
Type SA,22,1,,
Type L5.1,22,1,,
Détecteur Présence CNT3,22,1,,
Disc Sw,22,2,,
DECT A,22,2,,
DETECTEUR OXC,22,1,,
ADD4 INT,22,1,,
DETECTEUR PRESENCE PL,22,1,,
URG 2 TETE,22,1,,
BORNE INT,22,2,,
C/O,22,4,,
FIXT TYTPE K-RB48,22,1,,
K-RB48,22,1,,
30A NF 600V,22,4,,
P 15 347V,22,2,,
FIXT TYPE LS3H,22,1,,
FIXT TYPE LP7B,22,1,,
TYPE LS3H,22,1,,
B1000W 347V,22,2,,
DETECTEUR THERMIQUE,22,9,,
TYPE 6,22,2,,
VT,22,3,,
SORTIE ALARME INTRUSION,22,1,,
GRDA,22,1,,
90 DEGRE,22,3,,
BOUTON PORTE,22,2,,
42CCT ENL,22,1,,
DRAIN,22,1,,
PRIS E 20A,22,1,,
CP4,22,1,,
DETECT MOUV 7,22,1,,
25 ET FIXT TYPE L12,22,1,,
POT N2,22,1,,
2500W 347V,22,2,,
TYPE4,22,1,,
AA PRISE,22,1,,
HH PRISE,22,1,,
ETAG 1 DECT,22,1,,
Compteur 10,22,4,,
R4 KS,22,1,,
FIXT TYPE P1A,22,2,,
DISC 30A F,22,1,,
FIXT N2,22,2,,
15/20,22,1,,
FIXT TYPE 1X4 RELO,22,1,,
FIXT TYPE T3A,22,1,,
FIXT TYPE Q25,22,1,,
PRISE 2320,22,1,,
FIXT Q25,22,1,,
FIXT T3A,22,1,,
C T3A,22,1,,
COMM TYPE T3A,22,1,,
COMM TYPE Q,22,1,,
EAM 6 DETAIL 13,22,1,,
ADD 2 L15A,22,2,,
HP A RELO,22,1,,
B15,22,3,,
dc08 fixt type l18a,22,1,,
dc08 fixt type l25,22,1,,
FIXT TYPE C4A,22,1,,
FIXT TYPE ENCASTRE DEL,22,1,,
FIXT TYPE L5A,22,1,,
B 1 VOIE,22,2,,
RAIL L1 3003,22,1,,
F-Prise 15 A,22,1,,
SORTIE DATA,22,1,,
RELO FIXT TYPE 2X4,22,1,,
2510 2P,22,2,,
VT 120 V,22,2,,
CH11 PRISE,22,1,,
FIXTURE TYPE EX,22,2,,
ECL TYPE 2 HALL,22,2,,
BARRE MULTIPRISE 6pi,22,2,,
C.3 GR,22,2,,
COMM CONTROL VOLUME,22,2,,
jc fixture type lx-10,22,2,,
JC OS4,22,2,,
JC KLAXON,22,2,,
AD FIXT TYPE A2,22,2,,
PERCEMENT PLANCHER PARTITION,22,2,,
fixt type s,22,1,,
Phares Double,21,2,,
Type S6,21,1,,
RAIL 96po,21,3,,
TETE DOUBLE RELO,21,3,,
FIXT TYPE R3,21,5,,
FIXT TYPE R6,21,4,,
HAUT PARLEUR FPA,21,1,,
ACC SIGNAL LUMINEUX,21,1,,
ACCES POINT,21,2,,
FIXT TYPE L9.2,21,1,,
ENL RAIL,21,1,,
N,21,4,,
DEMO 2X4,21,1,,
NF,21,1,,
CMU 2500W,21,1,,
FIXT C,21,4,,
INT OS4,21,3,,
DETECT MOUV 9,21,1,,
GFI COMPT,21,1,,
24 ETA INTER,21,1,,
201 INT,21,1,,
SER FIXT S4,21,1,,
401,21,1,,
201 PRISE,21,1,,
z prise,21,1,,
T PRISE,21,1,,
NN PRISE,21,1,,
J1 PRISE,21,1,,
Z1 PRISE,21,1,,
STATION MANUEL WP,21,1,,
TEL WP,21,1,,
3 ENSEIGNE SORTIE 2T,21,1,,
PO,21,3,,
ENCASTRE EXT,21,1,,
LOG D PRISE,21,1,,
LOG D1 PR,21,1,,
LOG D2 PR,21,1,,
FIXT 8A,21,1,,
C P8A,21,1,,
UC 15A,21,1,,
HP RELOC,21,1,,
4CH PRISE,21,1,,
PLINTHE P500,21,1,,
FIXT TYPE C2A,21,1,,
VAV,21,1,,
FIXT TYPE XA1,21,1,,
rev 2x2,21,1,,
FIXT TYPE CL11,21,1,,
GIRLANDE,21,1,,
BOITE PVC,21,1,,
SÉCHEUSE,21,1,,
ISOLATEUR,21,2,,
SECHE MAIN,21,4,,
CAMERA 1,21,1,,
SERRURE ELCT,21,1,,
FIXT TYPE DE8,21,1,,
FIXT TYPE PD5,21,1,,
PLAFOND,21,1,,
INT I VOIE,21,2,,
ENL INT BV EC,21,1,,
Monument to remove,20,1,,
Type EXT1,20,1,,
Klaxon / Strobe,20,2,,
LUT CDT Détecteur Présence,20,1,,
PRISE TV,20,2,,
CP,20,5,,
PRISE 30A 250V,20,6,,
1PRISE L5-15R,20,1,,
SECHOIR A MAIN DYSON,20,1,,
fixt type c,20,3,,
CTRL,20,2,,
80,20,2,,
411/16,20,1,,
L9.1,20,1,,
prise usb,20,2,,
KLAXON WP,20,5,,
INT PILOT,20,8,,
KH,20,1,,
60A NF WP,20,8,,
KEF,20,1,,
ANSUL RELAIS,20,1,,
GE,20,4,,
T2,20,2,,
FIXT TYPE L10A,20,1,,
CT2,20,2,,
WF1000W 240V,20,1,,
FIXTURE STRIP ENLEVER,20,1,,
VALVE,20,2,,
B 3 VOIE,20,4,,
RACCORD VC,20,1,,
BOLARD,20,4,,
fixt type 5,20,2,,
TYPE6,20,1,,
FIXT TYPE Z5,20,1,,
401 PRISE,20,1,,
BB PRISE,20,1,,
CC PRISE,20,1,,
EE PRISE,20,1,,
C1 INT,20,1,,
REC CE,20,1,,
PCE11 HAUT PARLEUR,20,1,,
TYPE M,20,5,,
FIXT TYPE WW3,20,1,,
4 VOIE,20,3,,
STATION CONTROL 1 ZONE,20,1,,
FIXT TYPE E7 DOUBLE,20,1,,
LOG B PRI,20,1,,
FN 14,20,1,,
L11 A,20,1,,
INT 1/10,20,1,,
ODC20,20,1,,
STEP LIGHT,20,1,,
COM TYPE 8A,20,1,,
C D,20,1,,
Compteur 17,20,1,,
fixt 4 PI,20,1,,
1RD,20,1,,
NXHNB2,20,1,,
PRISE U,20,1,,
AECL,20,1,,
ECL TEMP,20,1,,
INV F ECL,20,1,,
L3A,20,1,,
FIXT TYPE 3A,20,1,,
FIXT TYPE L13D,20,3,,
ADD 2 L8A,20,2,,
ADD TYPE E,20,1,,
fixt type l1,20,2,,
VIBX,20,2,,
FIXT TYPE F43,20,1,,
Compteur FIXT YPE L8,20,1,,
W OS,20,1,,
ADD FIXT TYPE A,20,1,,
PH 41/2 PRISE,20,1,,
P1250W,20,2,,
101 1000W PATIO,20,1,,
101 300W,20,1,,
REV GFI 15/220A WP,20,2,,
REV CAMERA,20,2,,
REV 45 DEGRÉ 12po HORIZ,20,2,,
RACCORD PORTE,20,1,,
FIXTURE TYPE G,20,3,,
A  B 750W,20,2,,
OPR,20,2,,
CH1 FIXT A1,20,2,,
FIXTURE TYPE S,20,2,,
FIXT TYPE U7,20,1,,
FIXTURE TYPE S4,20,1,,
FIXTURE TYPE S2,20,3,,
FIXT TYPE LX-2,20,2,,
BOITE 12X12X4,20,2,,
STUB UP,20,2,,
FIXT TYPE SR1,20,1,,
fixt type m,20,1,,
Détecteur Présence,19,3,,
Type DEL1,19,1,,
Disc Sw 100A 600V SF,19,1,,
Type E6,19,1,,
2520 PRISE,19,1,,
2620 PRISE,19,1,,
HORN RELO,19,10,,
RAIL 48po,19,1,,
FIXT TYPE L1-4,19,2,,
A500W,19,3,,
FIXT TYPE F1 EXTERIEUR,19,1,,
FIXT TYPE B1 ADD2,19,1,,
FIXT TYPE L-13,19,2,,
FIXT TYPE LP7A,19,1,,
TYPE6A,19,1,,
POTEAUX DE BOIS,19,2,,
MIR,19,3,,
ENL FIXT ENCASTRE,19,1,,
FIXT TYPE SC2,19,1,,
OS1,19,1,,
INT PRE,19,1,,
PES3 1000W,19,1,,
FIXT TYPE 58A,19,1,,
WF1500W 240V,19,1,,
D/M COMBINER,19,1,,
B FIXT PL,19,1,,
401 INT,19,1,,
H1 PRISE,19,1,,
L EVAP,19,2,,
H2 PRISE,19,1,,
FF PRISE,19,1,,
GG PRISE,19,1,,
X1 PRISE,19,1,,
ETAG 2 DECT,19,1,,
BV,19,4,,
BATTERIE EMA,19,1,,
3 INT PRES,19,1,,
FIXT TYPE W3,19,2,,
DETEC 360,19,1,,
CHANG 008 PRISE,19,1,,
RACCORD DIRECT PLANCHER,19,1,,
2X4 EXISTANT,19,1,,
ACH TYPE 2X4,19,1,,
ADD 2X4,19,1,,
SERV TYPE B,19,1,,
D ECL,19,1,,
N V SER,19,1,,
BR 500W,19,1,,
RAIL 72po,19,1,,
RAIL 48 po,19,1,,
5 CH PRISE,19,1,,
FIXT TYPÊ XB,19,1,,
COL,19,1,,
DÉTECTEUR PRÉSENCE 360,19,1,,
HAUT PARLEUR MURAL,19,4,,
ENL FIXT,19,1,,
FIXTURE TYPE L 25,19,1,,
NL,19,1,,
RSP-C-347-Z1,19,1,,
DÉTECTEUR FUMÉ,19,1,,
Type M,18,3,,
Type DEL4,18,1,,
Type E14A,18,1,,
PLINTHE 750W,18,6,,
RAIL 72,18,1,,
A1500W,18,2,,
FIXT TYPE S4,18,8,,
BATTERIE UNIT 2 TETE,18,9,,
ACC LECTEUR,18,1,,
L9.2,18,1,,
UNITE GAZ,18,2,,
3KW,18,3,,
FIXT TYPE LR4A,18,1,,
FIXT TYPE LP6A,18,1,,
TYPE LP2A,18,1,,
TYPE LP7C,18,1,,
20A 125V,18,1,,
ENLEVER ENCASTRE PLAF HAUT,18,1,,
L6-30R,18,2,,
FIXT TYPE EL-3,18,2,,
ENLEVER POT,18,1,,
FLOOD 33L,18,1,,
FIXT TYPE L18,18,1,,
POT MARQUIS,18,1,,
FIXT TYPE LU1,18,1,,
PARTITION TEL,18,1,,
FIXT N,18,2,,
SER TETE DOUBLE,18,1,,
C1 PLAF,18,1,,
C PLAF,18,1,,
B PLAF,18,1,,
A PLAF,18,1,,
HP PC-20,18,1,,
R4 STATION,18,1,,
R4 PS,18,1,,
2x4 relo,18,1,,
FIXT TYPEEL1,18,1,,
FIXT TYPE P9,18,1,,
BOITE CO/NO,18,1,,
W3 N,18,1,,
VFD,18,2,,
FN 24,18,1,,
DC,18,5,,
PCE,18,4,,
FIXT TYPE L04,18,1,,
FIXT TYPE L3-B,18,1,,
FIXT TYPE MOA,18,1,,
FIXT L6,18,1,,
C L6,18,1,,
COMM PRISE 15/20A GFI,18,1,,
COMM TYPE M2A,18,1,,
COMM TYPE D,18,1,,
COMM TYPE L6,18,1,,
CL,18,5,,
INT ORLO,18,1,,
RELO ENSEIGNE SORTIE,18,4,,
SERV MRA,18,1,,
F ECL,18,1,,
DETECTEUR DF2,18,1,,
ADD 2 L14,18,2,,
ADD 2 Q,18,2,,
ADD 2 L7A,18,2,,
2CH PRISE,18,1,,
FIXT TYPE LA,18,2,,
PH.1 ECL,18,1,,
CPRISE,18,1,,
FIXT TYPE LO3B,18,1,,
TV PAC525/526,18,1,,
quadruplex,18,1,,
SERV FIXTB EXT MURAL,18,2,,
LED SURFACE,18,1,,
FIXT TYPE L3.2,18,1,,
RAIL L1 2460,18,1,,
FIXT TYPE L17B,18,1,,
U3,18,2,,
SEC DECT MOUV,18,1,,
CHAUFFAGE RADIANT 15A 2P,18,2,,
ECL TYPE S HALL,18,2,,
BOITE BORNE FUTURE,18,2,,
FIXTURE S4A,18,2,,
MODULE INTERFACE,18,2,,
COM BA,18,2,,
FIXT TYPE LX-3,18,2,,
THERMOSTATS,18,1,,
FIXT EXISTANTE,17,1,,
Relais nLight CNT5,17,1,,
Détecteur Combustion,17,1,,
Type E11,17,1,,
MINUTERIE,17,13,,
PLINTHE 1250W,17,4,,
ECRAN E70,17,1,,
BOITE D 24X24X6PO CEMA1,17,1,LQE010549,HOFASE24246
60A F,17,5,,
FIXT TYPE LP7H,17,1,,
TYPE LR4A,17,1,,
TYPE LP7H,17,1,,
BLOCK ALIMENTATION,17,3,,
15A GFI DISJ,17,1,,
DETECTEUR DE GAINE,17,6,,
FIXT L4 ME18 302,17,1,,
DECT LUMINO,17,2,,
Type A5,17,1,,
FIXT TYPE P5,17,3,,
FIXT TYPE H6,17,2,,
INFEEDS,17,1,,
CH ENL,17,1,,
GRADATEUR B/V,17,1,,
A 3 VOIE,17,3,,
FIXT TYPE LU3,17,1,,
PRISE 15A CCT,17,1,,
15a,17,1,,
FIXT M,17,3,,
T DOUB,17,1,,
TH B/V,17,3,,
B GFI,17,4,,
U PRISE,17,1,,
QQ PRISE,17,1,,
MM PRISE,17,1,,
II PRISE,17,1,,
ETAG 5 DECT,17,1,,
ETAG 8 DECT,17,1,,
NOUV PRISE 15/20A,17,1,,
NOUV GFI 15/20A,17,1,,
FIXT TYPE WL1,17,1,,
FIXT TYPE WL,17,1,,
3 FIXT L1B-6,17,1,,
FIXT TYPE V7,17,2,,
ASP,17,1,,
SHU 5,17,1,,
B2000,17,3,,
ADD3 NOTE 16,17,1,,
FIXT TYPE CL1,17,2,,
R/T,17,1,,
LOG C PRISE,17,1,,
POWER STRIP,17,1,,
C H,17,1,,
FIXT F2 ENL,17,1,,
B ECL,17,1,,
SERV TYPE A,17,1,,
SERV ISO,17,1,,
SERV INT,17,4,,
N 1000W SER,17,1,,
V 3PHASE,17,1,,
C OS,17,1,,
CE32,17,1,,
21/2 PRISE,17,1,,
C 1 VOIE,17,2,,
KLAXON STROBE,17,1,,
SEC HORLOGE DOUBLE,17,1,,
INT BV 1,17,1,,
INT DECT MOUV 1,17,1,,
SUP,17,1,,
STATION EC,17,1,,
ENL TYPE F1,17,1,,
ENLEVER FIXT 2X4,17,1,,
LUT  4T16,17,1,,
20Ft BX,16,1,,
Disc Sw 30A 600V SF,16,3,,
Murale à Installer,16,1,,
Type SB,16,1,,
Type L4.3,16,1,,
Type L1.9,16,1,,
Switch CNT8,16,1,,
Type N1,16,1,,
Prise Quad G4000,16,1,,
Sortie Tel G4000,16,1,,
Handicap,16,1,,
PLINTHE 1000W,16,8,,
PLINTHE 1500W,16,6,,
AG,16,3,,
STATION MANUEL RELO,16,3,,
PIAZO STROB,16,1,,
A/C,16,2,,
VA,16,7,,
ADD STATION,16,2,,
ADD DETECTEUR,16,2,,
FIXT TYPE H2,16,3,,
BATTERIE UNIT 2TETE,16,5,,
haut parleur,16,2,,
MONUMENT PR/TEL,16,2,,
CM,16,2,,
DISJ NF,16,1,,
FIXT TYPE LF1,16,1,,
60A NF,16,9,,
FIXT TYPE X2,16,3,,
UCT,16,2,,
SM,16,3,,
VRE,16,2,,
30KVA,16,2,,
C 40 347V,16,2,,
DECT MOUV MURAL,16,2,,
TYPE 5,16,1,,
TETE 2,16,1,,
FIXT L4 ME18 303,16,1,,
p,16,2,,
FIXT TYPE 14,16,1,,
BOITE RACCORD PARTITION,16,1,,
5-20R,16,1,,
A FIXT PL,16,1,,
PL /6,16,1,,
BAR,16,1,,
FIXT TYPE D5A,16,2,,
detecteur f relo,16,1,,
RELO MINI KLAXON,16,1,,
STATION RELO,16,9,,
SÉCHOIRE,16,4,,
SORTIE ECL,16,2,,
FIXT TYPE EB,16,1,,
FIXT TYPE E6,16,3,,
P PRISE,16,1,,
R PRISE,16,1,,
ETG 2  PRISE,16,1,,
OO PRISE,16,1,,
LL PRISE,16,1,,
AA1 PRISE,16,1,,
ETAG 4 DECT,16,1,,
ETAG 7 DECT,16,1,,
ETAG 10 DECT,16,1,,
DETECTEUR A FAISCEAU,16,3,,
ET GFI,16,1,,
NOUV TYPE S1,16,1,,
GUIRLANDE,16,1,,
FIXT TYPE SCI,16,1,,
FIXT TYPE DL4,16,1,,
3 HORN,16,1,,
FIXT TYPE CL5A,16,1,,
LOG A1 TYPE A,16,1,,
FS24,16,1,,
FIXT 1X4 RELO,16,1,,
X2,16,1,,
SORTIE A/ FUTURE,16,1,,
COMM TYPE X2,16,1,,
C STATION MANUEL,16,1,,
C CONTACT PORTE,16,1,,
C KLAXON,16,2,,
C X2,16,1,,
C W2,16,1,,
COMM TYPE W2,16,1,,
ADD 6  M7,16,1,,
COMM M7,16,1,,
R10 STATION,16,1,,
TEL PL,16,1,,
E ECL,16,1,,
WP GFI,16,1,,
FIXT TYPE EXT MURAL,16,1,,
FIXT TYPE L11B,16,3,,
ADD 2 L16A,16,2,,
ADD 2 L13D,16,2,,
ADD 2 L5A,16,2,,
TR100,16,1,,
ADD2 TYPE G,16,1,,
PANNEAU TCAI,16,1,,
ADO,16,2,,
DETECTEUR MURAL /MINUT,16,2,,
B 25,16,2,,
boite,16,1,,
P5,16,2,,
D 1 VOIE,16,2,,
SERV INT 1 VOIE CLÉ,16,2,,
REV TETE DOUBLE,16,2,,
REV LECTEUR CARTE,16,2,,
REV WIFI,16,2,,
REV SORTIE TEL,16,2,,
REV COUDE 45 DEGRE 18po INTERNE,16,2,,
REV COUDE 45 DEGRÉ 18po EXTRENE,16,2,,
CONTROL AUDIO,16,1,,
ADD LC,16,1,,
BOITE 16X16X6,16,1,,
FIXTURE TYPE C3,16,1,,
1 1/4 po,16,1,,
FIXTURE LT-U-4pi,16,2,,
FIXTURE TL-U-B 6pi,16,2,,
TEE TYPE B,16,2,,
TEL/DATA -,16,2,,
SEC SIRENE,16,3,,
RG11,16,2,,
CH4 FIXT A1,16,2,,
CH10 FIXT A1,16,2,,
CH3 FIXT A1,16,2,,
CH6,16,2,,
PRISE GFI WP 15/20A,16,2,,
FIXT TYPE WS3,16,1,,
FIXT TYPE LL2,16,3,,
KLAXON EC,16,1,,
FIXT TYPE L2G,16,2,,
DÉTECTEUR FUMER CO,16,2,,
TETE TRIPLE,16,2,,
AD FIXT TYPE FM 12pi,16,2,,
PORTILLON PERCEMENT,16,2,,
AD 30X30 NOUV,16,2,,
BASE BETON,16,1,,
1x4 to relo,15,1,,
Disc Sw 30A 120V SF,15,3,,
Prise EXT,15,1,,
Prise 20A GFI,15,3,,
Type SD EGLO,15,1,,
DISCONN 30A 600V NF,15,5,,
VCFFM,15,1,,
2520 PRISE GFI,15,1,,
TP-15,15,1,,
A 500W,15,2,,
FIXT TYPE C2 ADD02,15,1,,
FIXT TYPE EXT F1,15,1,,
FIXT YPEG1,15,1,,
FIXT TYPE E ENCASTRE,15,1,,
POT,15,2,,
BOUTON PRESET,15,1,,
SORTIE MICRO,15,1,,
GRADATEUR 3VOIE,15,4,,
RELO STATION,15,9,,
DEMARREUR MANUEL,15,6,,
INTERCOM,15,6,,
COND 1PO,15,1,,
R FIXT,15,1,,
FIXT TYPE LS3B,15,1,,
FIXT TYPE LS4B,15,1,,
60A,15,2,,
TYPE LP5,15,1,,
TYPELS4B,15,1,,
TYPE LS3B,15,1,,
TYPE 7A,15,1,,
DETECTEUR THERMIQUE RELO,15,1,,
RELO 2X2,15,1,,
tete,15,1,,
FIXT TYPE  EXT C,15,1,,
FIXT TYPE SD1,15,1,,
HORN STROB EI,15,1,,
OUVRE PORTE,15,5,,
STA,15,2,,
PES500W,15,1,,
75KVA ENL,15,1,,
Exit 2F,15,1,,
PRISE 30A 120/250V,15,1,,
FIXT TYPE 84C,15,1,,
fixt type b8,15,1,,
fixt type j,15,1,,
1500W 347V,15,3,,
FIXT TYPE B2 RELO,15,1,,
DETECTEUR THERMIQUE 135 AJUS,15,1,,
VF,15,1,,
DETECTEUR DE MOUVEMENT,15,2,,
PRISE COURTOISIE,15,1,,
cp,15,1,,
O,15,3,,
D TEL,15,5,,
C TH,15,4,,
B TEL,15,5,,
Y PRISE,15,1,,
Q PRISE,15,1,,
V PRISE,15,1,,
W PRISE,15,1,,
QQ1 PRISE,15,1,,
ETAG 1 EXIT,15,1,,
ETAG 3 DECT,15,1,,
DD INT,15,1,,
ETAG 6 DECT,15,1,,
ETAG 9 DECT,15,1,,
TYPE G1,15,1,,
TYPE P1,15,1,,
NOUV TYPE L2,15,1,,
RACCORD DIRECT 15A 125V,15,1,,
FIXT TYPE ER4,15,1,,
KEY SWITCHT,15,1,,
RACCORD ENSEIGNE,15,1,,
S1B,15,1,,
DM2,15,1,,
LOG A TYPE A,15,1,,
LOG K TYPE A,15,1,,
LOG K1 TYPE A,15,1,,
AP F RACCORD,15,1,,
HP M,15,1,,
ADD1 DECT,15,1,,
FIXT TYPE EX1,15,1,,
FIXT W2,15,1,,
FIXT PLA,15,1,,
MONUMENT PLANCHER SURFACE,15,1,,
SERV TH,15,2,,
fixt type l3,15,2,,
fixt type 1x4 enl,15,1,,
FIXT TYPE L2-6,15,1,,
1.14 ECL,15,1,,
FIXT TYPE Y2 UB2,15,1,,
ECL URGENGE 2 TETES,15,1,,
CAMERA  MURAL,15,1,,
ENL TETE DOUBLE,15,2,,
ENL WIFI,15,1,,
ADD RELO WIFI,15,1,,
FIXTURE TYPE L 12,15,1,,
DECT 360,15,3,,
SEC VE,15,1,,
ADD BD1 RE,15,1,,
ENL STATION EC,15,1,,
A N4,15,1,,
A N4W,15,1,,
RACCORD PARTITION COND SURF,15,1,,
Disc Sw 30A 347V SF,14,1,,
16x16x6,14,7,,
2#10 Motor,14,4,,
Klaxon Strobe,14,1,,
Type X,14,2,,
Switch S01,14,1,,
"Tel 3/4""",14,2,,
Aérotherme to Conn,14,2,,
50Ft 3/4 Emt 3w1v,14,2,,
Type H1,14,2,,
COMBO EXIT,14,1,,
TYPE 2.1,14,1,,
B 1750W,14,2,,
HOTTE CIUSINE,14,1,,
LAVEUSE VAISELLE,14,1,,
PRISE 50A 250V,14,3,,
FIXT TYPE F7,14,2,,
ADD RA,14,1,,
A7.5,14,1,,
FIXT DEMO,14,1,,
ADD4 EXIT 2 TETE,14,1,,
detecteur combustion,14,1,,
DECT DF3,14,4,,
DETECTEUR DF3,14,4,,
CAMERA 360,14,2,,
FIXT Q1,14,1,,
FIXT TYPE L6D,14,2,,
CP 40 347V,14,2,,
FIXT TYPE LP7C,14,1,,
ENL F,14,1,,
AMPOULE URGENCE,14,1,,
ENLEVER POTEAUX EXISTANT C/A 1TETE,14,1,,
PULL BOX 24X24X6,14,1,,
FIXT TYPE EL-1,14,2,,
B2,14,1,,
ARE6425,14,1,,
KLAXON BAS NIVEAU,14,1,,
5-15R,14,1,,
COMPTEUR,14,2,,
fixt type b10,14,1,,
fixt type l,14,2,,
CLE,14,1,,
MOTEUR 2 HP 600V,14,3,,
PRIS E15/20A MICRO ONDE,14,1,,
FIXT TYPE K  N,14,1,,
FIXT TYPE L RELO,14,1,,
FIXT TYPE D8,14,3,,
5KW TEMP,14,1,,
EVAP COMM,14,1,,
ECH COMM,14,1,,
FIXT L,14,3,,
TYPE5,14,1,,
FIXT TYPE G5,14,1,,
101 INT,14,1,,
INT GRAD,14,3,,
ADD1 GRAD,14,1,,
D TV,14,5,,
D TH,14,4,,
C TEL,14,5,,
A TV,14,5,,
PP PRISE,14,1,,
T INT,14,1,,
F PLAF,14,1,,
E PLAF,14,1,,
D PLAF,14,1,,
8pi,14,1,,
3 FIXT TYPE P9,14,1,,
"Type H1 2'7""",14,1,,
SOUDEUSE 600V,14,1,,
INT AUTONOME JDRF,14,1,,
LOG A INT,14,1,,
LOG G INT,14,1,,
LOG K INT,14,1,,
30A 120V F,14,1,,
WAP,14,3,,
SECURITE,14,1,,
Compteur 1FIXT ENL,14,1,,
FIXT TYPE L02,14,1,,
CONTROL QUAIE,14,1,,
FIXT TYPE T2A,14,1,,
FIXT T2A,14,1,,
FIXT J3,14,1,,
C J3,14,1,,
C T2A,14,1,,
COMM PRISE TYPE A 20A 250V,14,1,,
COMM TYPE J3,14,1,,
COMM TYPE T2A,14,1,,
COMM TYPE 6BT,14,1,,
R10 HORN STROB,14,1,,
Plinthe 500W 240V,14,1,,
HI BAY,14,1,,
SERV DEBIT,14,1,,
SERV C 1250W,14,1,,
G ECL,14,1,,
N 1250W,14,1,,
FIXT TYPE L11E,14,2,,
ADD 2 L11 F,14,2,,
PANN FEU,14,1,,
MONUMENT RACCORD DIRECT,14,2,,
DT8035V,14,2,,
BOITE DE RACCORD PARTITION POWER,14,2,,
BOITE MURAL TEL PARTITION,14,2,,
FLECHE,14,2,,
P 300,14,1,,
1 CH PRISE,14,1,,
percement,14,1,,
Compteur SORTIE TEL,14,1,,
RELO PLINTHE,14,1,,
FIXT TYPE PS DOUBLE,14,1,,
FIXTURE STRIP ESCALIER,14,1,,
2.9 ECL,14,1,,
CO-NO2,14,1,,
MIL,14,1,,
RELO CONTACT PORTE,14,2,,
A I VOIE,14,1,,
TETE URG DOUBLE,14,2,,
INT DETECT PR,14,2,,
FIXT TYPE DE3,14,1,,
CH9 FIXT TYPE A1,14,2,,
CH2 FIXT A1,14,2,,
CH6 FIXT A1,14,2,,
CH3 1 VOIE,14,2,,
CH3,14,2,,
ECL TYPE 2,14,2,,
FIXT TYPE LL5,14,3,,
FIXT TYPE LL3,14,3,,
ADD BD1,14,1,,
C3 1500W,14,2,,
RWF1000W,14,1,,
ENLEVER INT,14,1,,
STATION MODIFIER,14,1,,
PLINTHE A2000W,14,1,,
PRISE COND ECL FIL BOITE  CONSERVE,14,1,,
PORTE GARAGE 3/4HP,14,2,,
RECEPTEUR A FAISCEAU,14,2,,
DETECT IRP C.1,14,2,,
DETECT C.4,14,2,,
JC RACCORD DIRECT,14,2,,
PLINTHE A 1500W,14,2,,
AD FIXT TYPE E,14,2,,
QUADRUPLEX,14,2,,
"Tel/Data 1""",13,3,,
XFO 24V,13,1,,
Prise 15A DDFT,13,1,,
Type H2,13,2,,
Détecteur Type A,13,1,,
BOITE DE RACCORD,13,2,,
FIST TYPE EXT W2,13,1,,
A5,13,1,,
MONUMENT PLANCHER ENCASTRE,13,4,,
BOUTON SONNETTE,13,8,,
fixt type b,13,3,,
enseigne sortie,13,3,,
prise duplex 15A 120V 1,13,1,ENS9074DBC3FD84B7149,4PE prise CR15  IG
DROP 4/12,13,2,,
PANN PR,13,1,,
ECRAN EM65,13,1,,
TYPE K,13,4,,
L7,13,2,,
FIXT TYPE L-21,13,1,,
C FIXT,13,1,,
RELO DISCONN,13,2,,
AF,13,2,,
DEMO ENL TETE URG,13,1,,
DEMO MURAL,13,1,,
60,13,1,,
d,13,2,,
Type C6,13,1,,
D/M RACCORD,13,1,,
fixt type e,13,3,,
FIXT TYPE P4,13,2,,
KLAX,13,1,,
OPERATEUR DE PORTE,13,5,,
FIXT TYPE SLUT,13,1,,
WF 2500W 240V,13,1,,
THERMO,13,1,,
B PRISE GFI,13,1,,
90DEGRE,13,2,,
12 ETA 8X8 P,13,1,,
TYPE3,13,1,,
201 FIXT E1,13,1,,
202 PRISE,13,1,,
BP,13,4,,
ADD 1 DECT PR,13,1,,
TA,13,6,,
ETG1 1250W,13,1,,
D GFI,13,4,,
A GFI,13,3,,
M1 PRISE,13,1,,
KK PRISE,13,1,,
K INT,13,1,,
J INT,13,1,,
ETAG 1 CAMERA,13,1,,
FIXT TYPE WW5,13,1,,
SP18,13,1,,
FIXT TYPE L1B-6,13,1,,
FIXT TYPE B12,13,1,,
LOG E INT,13,1,,
LOG G TYPE A,13,1,,
LOG H TYPE A,13,1,,
LOG J TYPE A,13,1,,
ADD1 L8,13,1,,
FIXYT TYPE L13,13,1,,
COMM TYPE H6,13,1,,
COMM 2BT,13,1,,
C 2BT,13,1,,
C 6BT,13,1,,
FIXT 8 pi UR,13,1,,
PRISE B PRISE MULTIPRISE USB,13,1,,
SERV TH R,13,1,,
SERV C 750W,13,1,,
KP4,13,1,,
CH1 1000W,13,1,,
PV,13,1,,
COMBO 2 TETE,13,1,,
2.5   ECL,13,1,,
S6 ECL,13,1,,
2.3 ECL,13,1,,
2.12 ECL,13,1,,
2.10 ECL,13,1,,
SERV PRISE WP,13,1,,
SERV INT DECT,13,1,,
THERMOSTAT PROGRAMM.,13,1,,
COUPE CIRCUIT 120/240V,13,1,,
ECL URGENCE 1 TETE,13,1,,
C5,13,1,,
MONUMENT PLANCHER ENCASTRE 15/20A,13,1,,
B7,13,1,,
HAUT PARLEUR PROJECTEUR,13,1,,
WELLMARK 410-1YY-SS-TUNNEL,13,1,,
"STATION ,ANUEL",13,1,,
F- Int 1 voie,13,1,,
CONTACT PORTE R,13,1,,
SEC LC,13,1,,
D1500W,13,1,,
ADD WS3,13,1,,
NOTE 1 ENLEVER COMPTEUR,13,1,,
RELO HORLOGE,13,1,,
SERP D2,13,1,,
FIXT LM04,13,1,,
DETECTEUR VCFF,13,1,,
TEL DEMO,12,1,,
Partitions 3cct,12,1,,
Disc Sw 200A 600V SF,12,1,,
Type L18,12,1,,
Type L16A,12,1,,
Plinthe B1 1500W,12,1,,
thermostat,12,1,,
A1250W,12,1,,
TIGE MISE A LA TERRE,12,3,,
FIXT TYPE R5,12,4,,
MI,12,1,,
A 2500W,12,2,,
TYPE S1,12,2,,
FIXT TYPE T,12,3,,
PANN CONTROL AUDIO,12,1,,
BOITE RACCORD 1CCT,12,1,,
DISJ 20A 1P 120V,12,1,,
PANN CONTROL,12,4,,
PRISE 208 3PH,12,1,,
DROP 6/12,12,1,,
DISCONN 600V,12,1,,
ECRAN E65,12,1,,
MONUMENT PLANCHER 1PR 2TEL,12,1,,
INT 3VOIE,12,3,,
STROB SONORRE,12,1,,
POWER OUTLET  D,12,1,,
FIXT TYPE L6.08,12,1,,
FIXT TYPE L12-2,12,1,,
Compteur 1L3,12,1,,
BRASSEUR D AIR,12,1,,
15A 1P DCAA,12,2,,
347V B750W,12,2,,
fixt balcon,12,2,,
fixt terrasse n,12,2,,
45KVA,12,3,,
FIXT TYPE LP2,12,2,,
15A IG,12,1,,
FIXT SUSPENDUE  FPA,12,1,,
15/20 GFI DISJ,12,1,,
DEMO RELO PRISE,12,1,,
PLINTHE C1500W,12,2,,
90 DEGRE TRAY,12,1,,
BOUTON DE SORTIE,12,1,,
15/20GFI,12,1,,
BOITE TIRAGE,12,1,,
Compteur HP,12,1,,
Type A7,12,1,,
FIXT TYTPE P2,12,1,,
P20,12,2,,
PRISE DIDIER,12,2,,
BORNE RECHARGE DOUBLE,12,1,,
B FIXT MURAL,12,1,,
GFI/6,12,1,,
DETECTEUR BRI DE VERRE,12,1,,
2X4 LED,12,1,,
24 ETA FIXT TYPE L11,12,1,,
5 1/2,12,1,,
3B UL-1,12,1,,
2F UL-1,12,1,,
FIXT G,12,4,,
FIXT Q,12,3,,
CBB300W,12,2,,
401 FIXT E1,12,1,,
204 PRISE,12,1,,
KLAXON MINI,12,1,,
010M -C1,12,1,,
ETAG 3 PRISE,12,1,,
ETAG 4 PRISE,12,1,,
ETAG 5 PRISE,12,1,,
ETAG 6 PRISE,12,1,,
ETAG 7 PRISE,12,1,,
ETAG 8 PRISE,12,1,,
ETAG 9 PRISE,12,1,,
ETAG 10  PRISE,12,1,,
ETAG SS2 EXIT,12,1,,
ETAF SS1 EXIT,12,1,,
Z INT,12,1,,
HH INT,12,1,,
GG INT,12,1,,
REV LC,12,1,,
PC21 PE RCEMENT MUR,12,1,,
DÉTECTEUR DE GAINE,12,1,,
TYPE C2,12,1,,
TYPE H,12,2,,
NOUV 30A NF,12,1,,
TYPE L,12,1,,
VARIATEUR VITESSE,12,4,,
SP21,12,1,,
TH INTEGRE,12,7,,
15 A 2P 120V,12,1,,
UNITE GAS,12,1,,
PRISE 15/20 WP,12,2,,
B2.500,12,1,,
FIXT TYPE CL2,12,2,,
LOG E TYPE A,12,1,,
LOG F TYPE A,12,1,,
LOG J INT,12,1,,
fn-14,12,1,,
BG,12,2,,
ER,12,1,,
FIXT TYPE L11 B,12,1,,
ADD1 L7,12,1,,
ADD 1 L11B,12,1,,
ADD 1 L11A 4,12,1,,
FIXT TYPE L53,12,1,,
FIXT TYPE P2B,12,1,,
FIXT P2B,12,1,,
C P2B,12,1,,
C DECT MOTION,12,1,,
C HP,12,1,,
ADD9 SPEA,12,1,,
ADD 7  BOITE RACCORD,12,1,,
DO RELO,12,1,,
ACH INT,12,1,,
meter 100a PL17,12,1,,
NF 60A 600V,12,1,,
F25A,12,1,,
A PRISE SECHEUSE,12,2,,
SERV TYPE K,12,1,,
SERV VE,12,1,,
SERV INT DECT PR,12,1,,
SW1,12,1,,
SERV DIRECT,12,1,,
SERV RM,12,1,,
AE 5KW,12,1,,
IVOIE,12,2,,
FIXT TYPE L9A,12,2,,
ADD 2 L20,12,2,,
ADD 2 TE-8,12,2,,
ADD 2 TS-24,12,2,,
ADD 2 TE-18,12,2,,
ADD 2 L5,12,2,,
ADD 2 L9A,12,2,,
EXISTANT TCAI,12,1,,
EXISTANT ISO,12,1,,
FIXT W,12,2,,
FIXT V,12,2,,
QMS,12,2,,
2RL,12,2,,
5RL,12,2,,
AXIS-M3086-V,12,2,,
B10,12,3,,
B12,12,3,,
dc08 fixt type l12,12,1,,
3CH ECL,12,1,,
4 CH ECL,12,1,,
EPC,12,1,,
KP,12,1,,
FIXT TYPE L5A-3,12,1,,
S.3 ECL,12,1,,
2.4 ECL,12,1,,
1.11 ECL,12,1,,
2.11 ECL,12,1,,
2.8 ECL,12,1,,
E ECL PL,12,1,,
RACCORD BORNE,12,1,,
rev prise 15/20a,12,1,,
CLAVIER CODE,12,1,,
RAIL TYPE J,12,1,,
ENL LAMPADAIRE,12,1,,
30A 600V NF 4X,12,1,,
REV FIXTURE TYPE E3,12,2,,
REV MOTEUR 2.1HP,12,2,,
REV RACCORD DIRECT,12,2,,
A RAIL L1 NOIR 3003,12,1,,
FIXTURE TYPE L2,12,4,,
I 1 VOIE,12,1,,
MULTIFONCTION,12,1,,
RESTE,12,2,,
CONN TYPE FS,12,2,,
AP,12,2,,
FIXT TYPE E3B,12,1,,
PRISE 20A GFI 125V,12,1,,
CD 600V,12,2,,
MOTEUR BC,12,2,,
CH7 FIXT A1,12,2,,
CH4 1VOIE,12,2,,
CH1 1VOIE,12,2,,
CH10 1 VOIE,12,2,,
CH2 1 VOIE,12,2,,
CH11 FIXT A2,12,2,,
CH6 1 VOIE,12,2,,
FIXTURE TYPE F23,12,2,,
OPÉRATEUR PORTE,12,4,,
ADD WD2,12,1,,
PLINTHE A1750W,12,1,,
ENL HIBAY RELO,12,1,,
dectecteur pr ec,12,1,,
FIXTURE TYPE S1 RELO,12,1,,
FIXTURE S5,12,2,,
DEVIDOIRE NSCR715-19-20J 50pi,12,2,,
FIXT TYPE L4-25W,12,2,,
C.2,12,2,,
C.3,12,2,,
SEC ANNONCIATEUR,12,2,,
SEC CONTACT MAGNETIQUE,12,2,,
SEC BOUTON VERROUIAGE,12,2,,
PANN CONTROL PC,12,2,,
9 RACCORD COMPRESSEUR PACK,12,2,,
COLONNETTE CAISSE FPA,12,2,,
JC PRISE USB,12,2,,
JC RELAIS,12,2,,
JC THERMOSTAT,12,2,,
FIXT TYPE LE-3,12,2,,
int 347v,12,2,,
AD LE3,12,2,,
AD E2,12,2,,
d2 serpentin,12,1,,
MONUMENT RELO,12,1,,
INT DEMO,11,1,,
Type K,11,1,,
Dimmer Leviton DSL,11,1,,
Control Panel to Conn,11,1,,
Type E4-8,11,1,,
Type L14A,11,1,,
Phare Doubles Y,11,1,,
DISCONN 30A 240V,11,1,,
2520 TH,11,1,,
2520  1VOIE,11,1,,
2620 1 VOIE,11,1,,
DECTEUR MA,11,1,,
DECT MA,11,1,,
tp-60,11,1,,
BOITE D 6X6X4PO CEMA1,11,1,LQE004733,HOFASE664
ADD4 FIXT TYPE E1,11,1,,
INTERFACE,11,2,,
PERCEMENT,11,1,,
CABLE 3/12 + 2/14 CONTACT,11,1,,
FIXT TYPE A4A,11,1,,
FIXT TYPE A2A,11,1,,
INT PR,11,2,,
FIXT TYPE LR2C,11,1,,
TYPE LR2C,11,1,,
ENL FIXT J WALL PACK,11,1,,
DECT 120V,11,1,,
strip relo,11,2,,
W,11,2,,
B3,11,1,,
VE TOIT,11,2,,
S3,11,2,,
.75P,11,1,,
lumiere columbia,11,1,,
FAN VE,11,1,,
PES 750W,11,1,,
relo strip,11,1,,
500VA 347/120 3R,11,1,,
66CCT,11,1,,
NOUVEAU HP,11,1,,
KLAXON RELO,11,3,,
FIXT TYPE PA7,11,1,,
FIXT TYPE SURFACE PL,11,1,,
STRIP RELO,11,3,,
MTI,11,1,,
ENSEIGNE SORTIE COMBO,11,6,,
WP HAUT PARLEUR,11,1,,
PRISE SÉCHEUSE,11,11,,
A FIXT MURAL,11,1,,
MURAL /6,11,1,,
FIXT TYPE A RELO N,11,1,,
DECT OCCUP,11,1,,
BOITE NSAV62M,11,1,,
interrupteur,11,2,,
FIXT TYPE W,11,3,,
2L UL1,11,1,,
2A UL-1,11,1,,
2E UL-1,11,1,,
TH LIGNE,11,1,,
SONNETTE,11,4,,
tdc,11,1,,
LECT GACHE BA,11,1,,
F TEL,11,3,,
E GFI,11,3,,
E TEL,11,4,,
C GFI,11,3,,
C TV,11,5,,
B TV,11,5,,
N SECHEUSE,11,2,,
N POELE,11,2,,
N HOTTE,11,2,,
G INT,11,2,,
S INT,11,1,,
J PLAF,11,1,,
H1 INT,11,1,,
X PLAF,11,1,,
X INT,11,1,,
H2 INT,11,1,,
BB INT,11,1,,
AA INT,11,1,,
JJ1 INT,11,1,,
JJ INT,11,1,,
FF INT,11,1,,
CC INT,11,1,,
TYPE C2.1,11,1,,
TYPE N,11,3,,
FIXT LP,11,1,,
MUSIC,11,1,,
FIXT TYPE F12,11,1,,
LOG A1 INT,11,1,,
LOG E1 INT,11,1,,
LOG H INT,11,1,,
FIXT TYPE L1E,11,1,,
GFI USB 15/20,11,1,,
PANN CONTROL FPA,11,1,,
EXIT TYPE 1 ENL,11,1,,
FIXT TYPE Q6,11,1,,
FIXT H6,11,1,,
FIXT L5,11,1,,
FIXT P1A,11,1,,
FIXT Q6,11,1,,
C P1A,11,1,,
C L5,11,1,,
P2B,11,1,,
P1A EXIST,11,1,,
30CD,11,1,,
COMM TYPE  P1A,11,1,,
COMM TYPE L5,11,1,,
COMM TYPE Q6,11,1,,
FIXT TYPE L6-2,11,1,,
DEYTECTEUR FUMER,11,1,,
INT DECT RELO,11,1,,
FIXT B2 3pi,11,1,,
SERV DECT GAINE,11,1,,
L5,11,1,,
N 1500W,11,1,,
FIXT TYPE L24,11,3,,
BR 300W RE,11,1,,
EXISTANT STROB,11,1,,
PRISE GFI 20A 125V,11,1,,
RAIL 96 po,11,1,,
4 CH 1 VOIE,11,1,,
5 CH ECL,11,1,,
LV1,11,1,,
FONE A PRISE,11,1,,
1.3 ECL,11,1,,
1.10 ECL,11,1,,
2.4 INT,11,1,,
2.7 ECL,11,1,,
2.1 ECL,11,1,,
1.4 ECL,11,1,,
1.7 ECL,11,1,,
1.8 ECL,11,1,,
2.8 INT,11,1,,
1.12 ECL,11,1,,
fixt type e wp,11,1,,
51/2 ECL PL,11,1,,
51/2 INT,11,1,,
rev sortie tel,11,1,,
CAMÉRA,11,2,,
RELAI TRIAC,11,1,,
MOTEUR UV 600V,11,1,,
RAIL L1  2438,11,1,,
A RAIL L1 NOIR 2438,11,1,,
FIXT TYPE L8A,11,1,,
AEX KW S,11,1,,
fa x4 type e,11,1,,
F- Eclairage C,11,1,,
L INT 1 VOIE,11,1,,
DETECTEUR MOUV INTRUSION,11,1,,
FIXT TYPE DE1,11,1,,
int 1 voie,11,1,,
RACCORD DIRECT 1 CCT 1,11,2,,
C4 2KW,11,3,,
FIXT TYPE BD3,11,1,,
FIXT TYPE STRIP C-10,11,1,,
TOIT,11,1,,
A E,11,1,,
A S7 RELO,11,1,,
Dimmer 0-10 Maestro #MS-Z101-WH,10,1,,
Exit X2.2,10,1,,
Poste Manel,10,1,,
Détecteur Thermique,10,1,,
Avertisseur Fumée 120V,10,1,,
Exit X,10,1,,
Prise 15A USB,10,2,,
Type L16,10,1,,
Switch LV c/a détecteur présence,10,2,,
PLINTHE 2000,10,1,,
PRISE 20A WP,10,2,,
FIXT TYPE T10,10,1,,
TYPE 3,10,1,,
2520  ECL,10,1,,
2620 ECL,10,1,,
FIXT TYPE SP,10,1,,
GACHE ELECT,10,3,,
DECT C,10,1,,
VENT TOILET,10,1,,
FIXT TYPE S7,10,2,,
DRPO 1PO/3/0,10,1,,
MONUMENT PLANCHER SINPLE,10,1,,
BOUTON REQUETE,10,3,,
PRISE 20A 480V 3PH,10,1,,
ECRAN ES65,10,1,,
PRISE USB2,10,1,,
TYPE F3,10,1,,
TYPE C5,10,1,,
POWER OUTLET D 2,10,1,,
RELO HORN,10,4,,
PORTE MOTORIZER,10,4,,
WF2000W,10,2,,
1250W 600V 3PH,10,2,,
CF2000W,10,2,,
CF1250W,10,2,,
1000W 208V,10,1,,
HUBNSAV62M,10,1,,
TH TA,10,2,,
VE-T,10,2,,
PANN CONTROL POMPE,10,4,,
FIXT TYPE LP1H,10,1,,
TYPE LP4,10,1,,
TYPEPLIH,10,1,,
BORNE DE RECHARGE RAPIDE,10,1,,
90degre,10,1,,
Compteur PORTE,10,1,,
DEMO CHAUFF ENL,10,1,,
DEMO TEL ENL,10,1,,
DEMO EXIT ENL,10,1,,
HUM,10,7,,
CPG,10,1,,
RESEAU,10,1,,
PRISE ME18,10,1,,
FIXT TYPE L2B,10,1,,
INT SINPLE,10,1,,
P15/20,10,1,,
075T,10,1,,
-RA,10,1,,
CMU2000W,10,1,,
EXIT WP,10,2,,
STATION WP,10,4,,
s,10,2,,
ENLEVER PRISE,10,1,,
PANN 42CCT 120/208V,10,1,,
NHP,10,1,,
porte,10,2,,
Compteur 1EXIT,10,1,,
FP ENL,10,1,,
PRISE TW,10,3,,
B750W 347V,10,2,,
MOTEUR 3/4 HP,10,2,,
A 3VOIE /6,10,1,,
FIXT TYPE E N,10,1,,
TYPE X1 N,10,1,,
PAC527F,10,1,,
FIXT TYPE LR10,10,1,,
FIXT TYPE L5-M,10,1,,
FIXT TYPE L5-S,10,1,,
l6-20r,10,1,,
FIXT TYPE D-7,10,1,,
FIXT TYPE D-6B,10,1,,
BATT UNIT 2T,10,1,,
FIXT TYPE D12,10,1,,
Compteur 1FIXT TYPE LU3,10,1,,
MOTEUR VE,10,4,,
PL 750 W,10,1,,
3A INT,10,1,,
3C UL-1,10,1,,
2G UL-1,10,1,,
2H1 UL-1,10,1,,
2H UL-1,10,1,,
2E INT,10,1,,
2I UL-1,10,1,,
2k ul-1,10,1,,
500W 347V,10,2,,
202 INT,10,1,,
204 INT,10,1,,
SERV D1000W,10,1,,
DR,10,1,,
GACHE ELECTRIQUE,10,2,,
D1 VNW,10,1,,
VAC-R RO4,10,1,,
lc,10,1,,
PRISE COMB,10,1,,
CH A10,10,1,,
E TH,10,3,,
C 1000W,10,3,,
ETAG 10 1250W,10,1,,
U INT,10,1,,
QQ INT,10,1,,
OO INT,10,1,,
MM INT,10,1,,
AA1 INT,10,1,,
X1 INT,10,1,,
ETAG SS1 KLAXON,10,1,,
II INT,10,1,,
EE INT,10,1,,
DD PLAF,10,1,,
ET VENT,10,1,,
NOUV TYPE L3,10,1,,
NOUV TETE DOUBLE,10,1,,
3 FIXT TYPE P4,10,1,,
3 FIXT L4E,10,1,,
FIXT TYPE B8,10,1,,
ENROULEUR,10,2,,
FIXT TYPE CL21,10,1,,
DM1,10,1,,
LOG C TYPE A,10,1,,
LOG D1 INT,10,1,,
LOG D2 TYP A,10,1,,
LOG E1 TYP A,10,1,,
LOG F INT,10,1,,
LOG F1 TYPE A,10,1,,
LOG K1 INT,10,1,,
RELO INT,10,3,,
FPS24,10,1,,
fps-24,10,1,,
MONUMENT 1 PRISE,10,1,,
N10,10,1,,
FIXT TYPE L8W,10,3,,
FIXT TYPE L52A,10,1,,
FIXT TYPE L09B,10,1,,
FIXT J1,10,3,,
SLEEVE 3 PO,10,1,,
COMM TYPE G,10,1,,
COMM TYPE M6A,10,1,,
COMM PRISE 15A TV,10,1,,
R10 STROB,10,1,,
FIXT 14 ENL,10,1,,
FIXT F8 ENL,10,1,,
FIXT TYPE B2 4pi,10,1,,
FIXT F9,10,1,,
BRASS ECL RFM-55W48LED4K-G2-4-HVU,10,1,,
SERV DP2,10,1,,
FIXT TYPE L 23,10,2,,
FIXT TYPE L19,10,3,,
ADD 2 L1,10,2,,
BR 750 W RE,10,1,,
BAN2 RELO 1X4,10,1,,
FIXT X,10,2,,
CONNECTRAC MONUM PR/TEL,10,2,,
FIXT TYPE SP1,10,1,,
1 VOIE SERV,10,1,,
P 1500,10,1,,
3CH 1VOIE,10,1,,
FIXT TYPE XX3-10,10,1,,
PL1000W,10,1,,
FIXT TYPE G4,10,1,,
E   F,10,1,,
A  G,10,1,,
S2 ECL,10,1,,
S.1 ECL,10,1,,
1.6 ECL,10,1,,
2.2 ECL,10,1,,
1.1 ECL,10,1,,
1.5 ECL,10,1,,
1.14 INT,10,1,,
GRADATEUR DECT PR,10,1,,
4 KW,10,1,,
FIXT TYPE L3 RAIL 16 PI,10,1,,
PRISE 20A GFI,10,1,,
RACCOR. ÉVAPORATEUR,10,1,,
INTERRUPTEUR PRÉSENCE,10,1,,
CONTROLEUR ÉCLAIRAGE,10,1,,
2X4 ENLEVER,10,1,,
DETCTEUR DF2,10,1,,
FIXT YPE L4.1,10,1,,
1HP 600V,10,1,,
REV ENSEIGNE SORTIE,10,2,,
REV DETECTEUR MOUVEMENT MURAL,10,2,,
REV D/M COMB 2.1HP,10,2,,
REV 90 DEGRÉ 12po 4po ech horizontal,10,2,,
REV 90 degré 12PO DESCENTE,10,2,,
SÉCHOIRE MAIN,10,1,,
RAIL L1 3025,10,1,,
A RAIL L1 NOIR  3048,10,1,,
A RAIL L1 NOIR 3025,10,1,,
4 T16,10,1,,
0-10V,10,1,,
DETECT DF2,10,1,,
1 1/2po,10,1,,
A FIXT TYPE C2,10,1,,
H 1 VOIE,10,1,,
O 1 VOIE,10,1,,
N 1 VOIE,10,1,,
K 1 VOIE,10,1,,
J 1 VOIE,10,1,,
ADD TEL,10,1,,
FIXTURE 1X4,10,1,,
ECL 1X4,10,1,,
INT DECTECTEUR MOUV,10,2,,
FIXTURE LT-T2-W,10,2,,
PRISE -,10,2,,
FIXT TYPE D3B,10,1,,
SEC BA,10,1,,
SEC DECT REQUETE,10,1,,
SÉCHOIR A MAIN,10,3,,
CH7 1VOIE,10,2,,
CH5 PRISE,10,1,,
DETECTEUR MOUVEMENT PL,10,2,,
EXT WD3,10,1,,
ADD WD3 RE,10,1,,
APPLIQUE MURAL EXT,10,1,,
fixt type l4,10,1,,
OSC-C-P,10,1,,
RALLOGE CABLE EXISTANT,10,1,,
FIXTURE TYPE M2,10,1,,
FIXTURE L3,10,2,,
FIXT TYPE L2-40W,10,2,,
C.1,10,2,,
C.1 GR,10,2,,
DETECT IRP C.3,10,2,,
BOITE JONCTION PL,10,2,,
FIXT TYPE L1 8,10,2,,
BOITE DE VOLUME FIM,10,2,,
SERPENTIN FIM,10,2,,
1 PANNEAU  PACK REF,10,2,,
JC FIXTURE TYPE L1-5,10,2,,
JC FIXTURE TYPE D7,10,2,,
JC MONUMENT PANCHER,10,2,,
JC STATIO MANUEL,10,2,,
JC DETECTEUR GAINE,10,2,,
JC RA,10,2,,
JC PRISE GFI TOIT,10,2,,
AD FIXT TYPE BB,10,2,,
ALARME SONNORE,10,2,,
SORTIE PLANCHER SOUS TABLE 1PO1 1/4PO,10,2,,
PRISE 30A 125/250V,10,2,,
AD 2X4 N2,10,2,,
RESEAUX IMP,10,1,,
ECRAN TACTIL,10,1,,
LUT  ODSDT,10,1,,
Type G,9,3,,
Type F,9,3,,
Prise 15A Plafond,9,1,,
Exit Bruno RM,9,1,,
Sèche Main,9,2,,
Boitier controle to remove,9,1,,
Boite Controle DMX,9,1,,
Exit X2.1,9,1,,
Batterie c/a Phares Double et Exit X3,9,1,,
Switch 3w,9,2,,
Détecteur OS1,9,1,,
Type L24,9,1,,
Type L11A,9,1,,
Switch S03,9,1,,
Switch S04,9,1,,
LUT 4T16,9,1,,
Type NS-S7,9,1,,
A2500W,9,1,,
TP-40,9,1,,
FIXT TYPE EXT W1,9,1,,
FIXT TYPE S5,9,5,,
serpentin,9,4,,
COLONNETTE A 2CCT 3T,9,1,,
DROP 4/10,9,2,,
ADD 4 KLAXON,9,1,,
FIXTURE TYPE E 3,9,1,,
PRISE L6-30R,9,4,,
CLAVIER NUM,9,2,,
ACC GACHE,9,1,,
INTR SIRENE,9,1,,
EVAPOR,9,1,,
L14-6,9,1,,
L14-2,9,1,,
MOTEUR 1/4 HP,9,3,,
VM,9,3,,
30A NF WP 2P,9,1,,
FIM,9,2,,
VE3,9,2,,
DEMO MONUMENT ET COND,9,1,,
FIXT TYPE LS3C,9,1,,
FIXT TYPE LS6B,9,1,,
INDICATEUR LUMINEUX,9,1,,
TYPE LS3C,9,1,,
ENSEIGNE LUMINEUSE,9,1,,
FIXT TYPE CE,9,1,,
HEATER 10KW 600V 15A,9,1,,
EXIT C/A 2T,9,1,,
PRISE EXISTANT,9,1,,
LAMPADAIRE TYPE A,9,2,,
B2500W,9,3,,
BRASSEUR ENL,9,1,,
FIXT TYPÊ L3,9,1,,
INT LV,9,1,,
I2,9,1,,
DEMO SERP ENL,9,1,,
DEMO TEL,9,1,,
SORTIE TEL ME18,9,1,,
PRISE ME18 203,9,1,,
gfi,9,3,,
-GAC,9,1,,
-BPE,9,1,,
30A FUSIBLE DISCONN,9,1,,
c 3,9,1,,
n,9,1,,
PANN 30CCT ENL,9,1,,
FIXTURE L7,9,1,,
CRD L1,9,1,,
HP NOUV,9,1,,
Type C4,9,1,,
FIXT TYPE 12,9,2,,
FIXT TYPE B RELO,9,1,,
d3,9,1,,
FIXTUE,9,1,,
P12,9,2,,
B KLAXON STR,9,1,,
A 300W,9,2,,
FIXT TYPE B1 N,9,1,,
TETE SIMPLE N,9,1,,
FIXT TYPE LR16,9,1,,
FIXR RTYPE L4,9,1,,
FIXT TYPE E6 RELO,9,1,,
klaxon strob,9,1,,
D/M 120V,9,2,,
VENT 4X4,9,1,,
24 ETA MONUMENT,9,1,,
MONUM OFR,9,1,,
PRISE ESCA,9,1,,
2L INT,9,1,,
2C UL-1,9,1,,
2D UL-1,9,1,,
2J UL-1,9,1,,
1E UL-1,9,1,,
PRISE 15A 125V CCT,9,1,,
PRISE 20A 120V CCT,9,1,,
SER KLAXON,9,1,,
101 FIXT E1,9,1,,
15/2,9,1,,
FIXT TYPE F RELO,9,1,,
FIXT TYPE AG,9,1,,
GMDS,9,1,,
FIXT TYPE E1E,9,1,,
CH A25,9,1,,
G TH,9,3,,
F TH,9,2,,
Y,9,1,,
M1,9,1,,
V INT,9,1,,
T PLAF,9,1,,
R INT,9,1,,
Q INT,9,1,,
P INT,9,1,,
O INT,9,1,,
N INT,9,1,,
M INT,9,1,,
L PLAF,9,1,,
K PLAF,9,1,,
I INT,9,1,,
H INT,9,1,,
W INT,9,1,,
Y INT,9,1,,
Z PLAF,9,1,,
QQ1 INT,9,1,,
PP INT,9,1,,
NN INT,9,1,,
BB PLAF,9,1,,
KK INT,9,1,,
AA PLAF,9,1,,
Z1 PLAF,9,1,,
Z1 INT,9,1,,
ETAG SS2 KLAXON,9,1,,
EE PLAF,9,1,,
INT M,9,3,,
CH GAS,9,1,,
FX1,9,1,,
NOUV TYPE M,9,1,,
PANN SOLAIRE,9,1,,
NOUV G/E,9,1,,
15A 1P 347V,9,1,,
INT DECT PRES,9,1,,
SHU 20,9,1,,
WF 1.5,9,1,,
LOG D1 TYPE A,9,1,,
LOG D TYPE A,9,1,,
LOG D INT,9,1,,
LOG D2 INT,9,1,,
LOG F1 INT,9,1,,
fs-24,9,1,,
N2,9,1,,
MONUMENT  ENCASTRE,9,1,,
RACCORD DIRECT PL,9,1,,
ADD1 L5P,9,1,,
RELO DETECTEUR,9,3,,
MINI WALL PACK 70W LED,9,1,,
FIXT TYPE M2A,9,1,,
FIXT B2,9,1,,
FIXT M2A,9,1,,
FIXT P2A,9,1,,
CONTACT PORTE REV4,9,1,,
C P2A,9,1,,
C M2A,9,1,,
C B2,9,1,,
ADD6 M2A,9,1,,
COMM TYPE B2,9,1,,
COMM MONUMENT PLANCHER 1 PRISE TYPE C,9,1,,
FIXT K1,9,3,,
FIXT HIBAY,9,1,,
strip,9,1,,
N3-1-C,9,1,,
ENL TRANSFO,9,1,,
A DECT,9,2,,
A 1W,9,1,,
B 2000W,9,3,,
SERV 50KW,9,1,,
SERV 60A NF WP 600V,9,1,,
SERVF 30A NF WP,9,1,,
D 1W,9,1,,
100A NF,9,5,,
SUITE PRISE,9,1,,
BR 1250W RE,9,1,,
45 12po,9,1,,
ECH 2 ECL,9,1,,
D/M 2510,9,4,,
XX-3B,9,1,,
1.2  ECL,9,1,,
1.13 ECL,9,1,,
1.10 INT,9,1,,
2.7 INT,9,1,,
2.9 INT,9,1,,
PH.1 INT,9,1,,
21/2 ECL PL,9,1,,
F ECL PL,9,1,,
D ECL PL,9,1,,
A 1VOIE,9,1,,
GACHE PORTE,9,1,,
RACCOR. PORTE,9,1,,
FIXTURE A2,9,1,,
FIXTURE W,9,1,,
STATION MANUELLE,9,1,,
CENCASTRE,9,1,,
B25,9,1,,
CAMERA TYPE 6,9,1,,
COLONNETTE C3,9,2,,
RELO STATION MANUEL,9,4,,
FIXT MURAL EXT,9,1,,
da x1 type e,9,1,,
ea x4 type e,9,1,,
ja x1 type e,9,1,,
la x3 type e,9,1,,
1po,9,1,,
B FIXT TYPE C3,9,1,,
G 1 VOIE,9,1,,
M 1 VOIE,9,1,,
FIXT TYPE D6A,9,1,,
ENL STATION MANUEL,9,2,,
FIXTURE TYPE F,9,5,,
SEC TROMPETTE,9,1,,
R 3/4 COND SEC,9,1,,
ID,9,1,,
CH8 PRISE,9,1,,
C1 1500W,9,2,,
ENL KLAXON EC,9,1,,
PLINTHE C2000W,9,1,,
FD,9,1,,
LUT 5RL,9,1,,
TH DEMO,8,1,,
Type D,8,2,,
Partitions 1ccts,8,2,,
2#12 Conn / no box,8,1,,
3#6 Motor,8,3,,
Rail 8Ft c/a 5 Proj,8,1,,
Exit X3.1,8,1,,
Type L2-2,8,1,,
Phares U,8,1,,
Cloche FA,8,1,,
Type E6B,8,1,,
b750w,8,1,,
2117 1 VOIE,8,1,,
2221 1 VOIE,8,1,,
2323 1 VOIE,8,1,,
STRIP LED 12pi TYPE R,8,1,,
FIXT TYPE L1-8,8,1,,
PRISE L5-20R DDFT,8,1,,
ADD S,8,1,,
B5,8,2,,
VOLET,8,3,,
FIXR RTYPE B,8,1,,
FIXT TYPE C6,8,2,,
PRISE 40A 480V 3PH,8,1,,
2X2 RELO,8,1,,
FIXT TYPE G2-6,8,1,,
rail 4PI,8,1,,
75KVA,8,4,,
FIXT TYPE A1B,8,1,,
FIXT TYPE J4,8,1,,
15/20 WP,8,1,,
PRISE 20A 250V,8,3,,
ACC BOUTON SORTIE,8,1,,
FIXT EXISTANT,8,1,,
FIXT EX3,8,1,,
FIXT 2X2,8,1,,
TYPE EK,8,1,,
FIXT TYPE L9.4,8,1,,
L9.4,8,1,,
LF1,8,1,,
DECT PL MOUV,8,1,,
HP INTERNE,8,1,,
GSM,8,6,,
K1,8,3,,
30A 208V WP,8,1,,
347V B2000W,8,2,,
fixt balcon ext,8,2,,
fixt exit terrasse,8,2,,
CAMERA SUR BRAS,8,2,,
C2 FIXT,8,1,,
30A NF 250V,8,1,,
CABLE CHAUFFANT,8,5,,
COND 3/4,8,1,,
TH TB,8,2,,
FIXT TYPE LS4H,8,1,,
TYPE C,8,2,,
TYPE LS4H,8,1,,
TYPE LP2,8,1,,
TYPE LT1A,8,1,,
SECHOIR 134W CONAIR,8,1,,
30A 600V F,8,4,,
FIXT TYPE DE-3,8,1,,
RELO TH,8,3,,
RELO 1X4,8,3,,
FIX TYPE L2,8,1,,
AMPOULE LED,8,1,,
EXIT ENL,8,2,,
fixt del,8,1,,
DEVIDOIRE BLANC,8,1,,
DECT GAINE,8,3,,
FIXT TYPE BN,8,1,,
BN,8,1,,
100A 600V F,8,3,,
MIRA,8,2,,
MAU,8,1,,
PRISE TW 15A PLAFOND GFI,8,1,,
15KW,8,1,,
FIA PORTE,8,1,,
1 HP,8,2,,
PRISE 20A ME18,8,1,,
SUPORT A FIXT,8,1,,
FIXT TYPE LIB,8,1,,
CC,8,2,,
PES2250W,8,1,,
2HP,8,2,,
D/M 2HP,8,1,,
CUM 1250W,8,1,,
10HP,8,4,,
a,8,2,,
h,8,1,,
1/2 HP,8,2,,
20CCT ENL,8,1,,
NOUVEL EXIT,8,1,,
Exit 1F,8,1,,
DECT PRESENCE,8,2,,
RAIL 5 pi,8,1,,
FIXT TYPE K4,8,1,,
lug,8,1,,
SUPPORT FIXTURE TIGE FILETER,8,1,,
FAN,8,2,,
fixt type b7,8,1,,
fixt tytpe b11,8,1,,
FIXT TYPE A RELO,8,1,,
B1750W 240V,8,1,,
STRIP 4pi N,8,1,,
COND 2 ELECTRIQUE,8,1,,
2celect,8,1,,
8,8,2,,
B SORTIE LEL,8,1,,
A KLAXON STR,8,1,,
TEL b/6,8,1,,
FIXT TYPE G N,8,1,,
FIXT TYPE M RELO N,8,1,,
6X6X4,8,1,,
END ECHEL,8,1,,
FIXT TYPE L1-8A,8,1,,
CP2,8,1,,
DETECT MOUV 8,8,1,,
TROMPETTE,8,1,,
TYPE V ENL,8,1,,
BOITE 8X8,8,2,,
CHANNEL 1,8,1,,
MV1 UL-1,8,1,,
fixt type k3,8,1,,
1H  UL1,8,1,,
1C UL-1,8,1,,
1D UL-1,8,1,,
3B INT,8,1,,
2A INT,8,1,,
1B UL-1,8,1,,
2G INT,8,1,,
2H1 INT,8,1,,
1G UL-1,8,1,,
1J UL-1,8,1,,
ENLEVER K,8,1,,
FIXT K,8,2,,
FIXT TYPE 24,8,1,,
FIXT TYPE LP1,8,1,,
SER DECTEUR FUMER,8,1,,
101 TEL,8,2,,
FIXT TYPE AD,8,1,,
FIXT TYPE CA,8,1,,
SPDH 10.5,8,1,,
CBB 1200W,8,1,,
ECL MURAL,8,1,,
FIXT TYPE E4B,8,1,,
SS2 VENT,8,1,,
SS VENT,8,1,,
G GFI,8,2,,
F GFI,8,2,,
E TV,8,4,,
H2,8,1,,
BB,8,1,,
TOIT PRISE,8,1,,
U PLAF,8,1,,
S PLAF,8,1,,
C 3 VOIE,8,3,,
X1 PLAF,8,1,,
HH PLAF,8,1,,
GG PLAF,8,1,,
FF PLAF,8,1,,
CC PLAF,8,1,,
ETAG 1 STATION MANUEL,8,1,,
ETAG 1  LC,8,1,,
REV BORNE,8,1,,
G/E,8,1,,
PC21 30 BOITIER TEL,8,1,,
PC21 PULL BOX 52171,8,1,,
TÉLÉPHONE POMPIER BOITIER SURF,8,1,,
TYPE SR,8,1,,
NOUV TYPE L1,8,1,,
NOUV TYPE S2,8,1,,
NOUV GFI 15/20 WP,8,1,,
RAIL TYPE K,8,1,,
FIXT TYPE ER1,8,1,,
SPEAKER MURAL,8,1,,
3 FIXT TYPE M1,8,1,,
FIXT TYPE L2-12,8,1,,
LMRD2,8,1,,
3 FIXT L2-6,8,1,,
3 TETE 2,8,1,,
3 STSTION 2ZONE,8,1,,
INT 2 ZONE,8,1,,
QUICK CONNECT 30A 600V,8,1,,
BARRE GRD,8,2,,
5-30R,8,1,,
DETECTEUR INT UI,8,1,,
FIXT TYPE CL14,8,1,,
B 1050W,8,1,,
20HP,8,4,,
PLAT LED 2X4,8,1,,
LOG B TYPE A,8,1,,
LOG C INT,8,1,,
LOG B INT,8,1,,
LOG F 3 V,8,1,,
LOG F1 3V,8,1,,
LOG K 3V,8,1,,
TETE SIMPLE PL,8,2,,
URG ENCASTRE,8,1,,
RELO FZ 24,8,1,,
GRADATEUR 3V,8,1,,
CUISINE 15A,8,1,,
FIXT TYPE R9,8,1,,
FIXT TYPE V8,8,1,,
15/20 USB,8,1,,
ADD 1 L11A,8,1,,
X3,8,1,,
PLATE GROUND,8,1,,
FIXT C2,8,1,,
P6A NOUV,8,1,,
C CAMÉRA,8,1,,
C X3,8,1,,
C C2,8,1,,
COMM PRISE 15/20A GRF,8,1,,
P2B EXIST,8,1,,
COMM TYPE P2B,8,1,,
COMM TYPE C2,8,1,,
COMM TYPE X3,8,1,,
dect,8,2,,
th,8,1,,
fixt exterieur,8,1,,
joint,8,1,,
EV-NH3 4X1/2 HP,8,1,,
A 1750W,8,3,,
B 1W,8,1,,
SERV 30A NF 120,8,1,,
SERV 2000W,8,1,,
C GFI 20A,8,2,,
C DECT,8,3,,
F 1W,8,1,,
INV F 1W,8,1,,
M WP SERV,8,1,,
ADD 2 L19,8,2,,
ADD 2 L24,8,2,,
ADD 2 DC,8,2,,
SQ PRISE,8,1,,
SK PRISE,8,1,,
ADD2 TYPE X,8,1,,
BR 750W,8,1,,
EXISTANT FIN LIGNE,8,1,,
EXISTANT CAB,8,1,,
tete double x2,8,1,,
FIXT O,8,2,,
zone 3/4/5/6/1/2/0/7,8,1,,
1CH ECL,8,1,,
ECH 2 1 VOIE,8,1,,
5 CH 1 VOIE,8,1,,
enlever encastre,8,1,,
FIXT TYPE L5A-1,8,1,,
FIXT TYPE L3C,8,1,,
CompteuSTATION MANUEL,8,1,,
B   F,8,1,,
ZONE A TEL/DATA,8,1,,
1.3 INT,8,1,,
S 1 ECL,8,1,,
S 1 INT,8,1,,
S.6 INT,8,1,,
1.4 INT,8,1,,
1.5 INT,8,1,,
1.9 ECL,8,1,,
FIXT TYPE 15 ENL,8,1,,
P25,8,1,,
A ECL PL,8,1,,
C ECL POL,8,1,,
PH 41/2 INT,8,1,,
PH 51/2 INT,8,1,,
TX,8,1,,
FIXT TYPE LO2A1,8,1,,
RACCORD DIRECT PARTITION 2 CCT,8,1,,
SERV1500W,8,2,,
SERV STRIP ASS,8,2,,
MODULE INTERFACE ECL,8,1,,
percement mur,8,1,,
fixt type 1x4,8,1,,
PRISE 100A 480V 3PH 4F,8,1,,
PRISE 60A 480V 3PH 4F EXPL,8,1,,
PRISE 60A 600V 3PH 4FEXPLO,8,1,,
PRISE 30A 600V 3PH 4F EXPL,8,1,,
MONUMENT PLANCHER SIMPLE,8,1,,
CAMÉRA 5,8,1,,
REV FIXTURE TYPE L2,8,2,,
REV STATION MANUEL,8,2,,
REV 45DEGRÉ 18po HORIZONTAL,8,2,,
REV TEE 12po,8,2,,
REV TEE 18po,8,2,,
REV MS4,8,2,,
REV COUDE 45 DEGRÉ 12po EXTERNE,8,2,,
REV COUDE 45 DEGRÉ 12po INTERNE,8,2,,
REV FIXT TYPE E8,8,2,,
HAUT PARLEUR COMM,8,1,,
COLONNETTE TYPE C1,8,1,,
RAIL L1 10 pi 3048,8,1,,
RAIL L1 3036,8,1,,
RAIL L1 2600,8,1,,
A RAIL L1 NOIR 3035,8,1,,
FIXT YPE A,8,1,,
20A,8,1,,
STROB HAMONIAC NOUVEAU,8,1,,
ga x4 type e,8,1,,
ka x3 type e,8,1,,
hb x1 type e,8,1,,
FIXTURE B1,8,1,,
A FIXT TYPE C3,8,1,,
I FIXT TYPE C3,8,1,,
L FIXT TYPE C3,8,1,,
GRILLE HP,8,1,,
MONUMENT TEL/PR,8,1,,
FIXTURE TYPE L9-5,8,1,,
PRISE 15/120V,8,1,,
FIXT TYPE STRIP RELO,8,1,,
MAIN SWITCH,8,2,,
FIXTURE C-LT-T1B,8,2,,
FIXTURE LT-U-B 8 pi,8,2,,
90 TYPE FS,8,2,,
MONUMENT PLANHER,8,2,,
PLINTHE 500W,8,4,,
TETE DOUBLE-,8,2,,
RUNNING MAN COMBO,8,2,,
INT 1 VOIE-,8,2,,
STATION MANUEL-,8,2,,
RELAIS-,8,2,,
SERPENTIN -,8,2,,
BOITE VOLUME -,8,2,,
TH BV-,8,2,,
FIXT TYPE DE2,8,1,,
SEC BOUTON HANDICAPÉ,8,1,,
C4 1500W,8,3,,
3/0   250MCM AL,8,1,,
BATTERIE UNIT 1T,8,1,,
CH9 3 VOIE,8,2,,
CH9 1 VOIE,8,2,,
CH9 TEL,8,2,,
CH7 3 VOIE,8,2,,
CH4 3 VOIE,8,2,,
CH1 3 VOIE,8,2,,
CH10 3 VOIE,8,2,,
CH8 1VOIE,8,2,,
CH8 3 VOIE,8,2,,
CH5 1 VOIE,8,2,,
CH5 3 VOIE,8,2,,
CH2 3 VOIE,8,2,,
CH11 3 VOIE,8,2,,
CH6 FIXT B2,8,2,,
CH6  3VOIE,8,2,,
CH3 FIXT B2,8,2,,
CH3 3 VOIE,8,2,,
CH4,8,2,,
CH5,8,2,,
CH7 PRISE,8,1,,
CH4 PRISE,8,1,,
CH10 PRISE,8,1,,
CH3 PRISE,8,1,,
FIXT TYPE MURAL RELO,8,2,,
CONSOL 3600W,8,2,,
DRI5000W,8,2,,
TETE DOUBLE U4,8,1,,
C4 3000W,8,2,,
C2 1500W,8,2,,
PB2,8,1,,
FIXTURE EXT RELO,8,1,,
ENL 2X4 RELO,8,1,,
FIXTURE TYPE S6,8,2,,
FIXT TYPE LL6,8,2,,
sec lecteur carte,8,2,,
PRISE 20A SIMPLETW,8,2,,
INT OS5,8,2,,
CHAUFFE-EAU FIM,8,2,,
PLINTHE 2 500W,8,2,,
CONTROL BRASSEUE AIR,8,2,,
P PORTE,8,2,,
KLAXON WP BLANC,8,2,,
PRISE GFI 20A POTEAU TOIT,8,2,,
MINUTERIE 24H,8,2,,
JC COMBO,8,2,,
JC OS1,8,2,,
JC VOLET MOTORISER,8,2,,
BOUTON HANDICAPE,8,2,,
SORTIE TRANSFERT,8,2,,
FIXT TYPE N7,8,2,,
AD N7,8,2,,
INTERRUPTEUR GRADATEUR FPA,8,1,,
HP EXISTANT,8,1,,
VC 30A,8,1,,
Klaxon to relo,7,3,,
Relais Triac 24V Stelpro RE306,7,1,,
Téléphone Alarme Incendie,7,1,,
Wifi,7,1,,
Tige MALT,7,1,,
Bolard,7,1,,
"Cable Tray ""T"" Connecteur 2x 24"" 1x12""",7,1,,
Type E8,7,2,,
Sèche-Main,7,2,,
Plug 20A QUAD,7,1,,
AEROTHERME,7,1,,
wf1000w,7,1,,
TYPE 4,7,2,,
2117 ECL,7,1,,
2221 ECL,7,1,,
2323 ECL,7,1,,
203 ECL,7,1,,
203 1 VOIE,7,1,,
PRISE MONUMENT,7,1,,
Compteur fixt type 2x4,7,1,,
DECTECTEUR PRESENCE,7,1,,
INT 4 VOIE,7,5,,
BASE LAMPADAIRE,7,1,,
MISE A LA TERRE ERHEGBA14224NN,7,1,,
ADD D,7,1,,
MV-DC1,7,1,,
MODULE ADRESSABLE CONTACT,7,1,,
RACCORD MOBILIER 2 CCT,7,1,,
SORTIE TEL MOBILIER,7,1,,
PERCEMENT PLANCHER,7,2,,
ADD4 B1,7,1,,
PANN ALARME,7,7,,
INTR CLAVIER,7,1,,
INTER G,7,1,,
TYPE Z1,7,1,,
FIXT TYPE F 6 pi,7,1,,
INT PORTE,7,2,,
FIXT TYPE L1.1,7,1,,
ONDULATEUR,7,4,,
FIXT TYPE L-20,7,1,,
FIXT TYPE L-06,7,1,,
D2,7,2,,
RACCORD DIRECT 120V,7,2,,
ENL FIXT H2,7,1,,
ENL FIXT INC1,7,1,,
TYPE LR5,7,1,,
TYPE LT1C,7,1,,
ENL K,7,1,,
PANN RELO,7,3,,
EV,7,1,,
LAMPADAIRE TYPEB,7,1,,
DECT F,7,2,,
DISCONN 30A NF 25V WP,7,1,,
30A,7,4,,
FIXT TYPE AF,7,1,,
RACCORD BANDE LED,7,1,,
BATT 2T,7,2,,
DMH,7,1,,
STATION GARAGE STI-1230F,7,1,,
REX,7,3,,
4X4 PVC,7,1,,
PRISE /RESEAUX,7,1,,
FIXT TYPE U2,7,2,,
DETECTEUR SECURITER,7,1,,
TAI,7,2,,
LAMPADAIRE ADD1,7,1,,
TYPE F,7,3,,
-LC,7,1,,
HY BAY RELO,7,1,,
UCD,7,2,,
PES 1750W,7,1,,
r,7,2,,
N 8X8,7,1,,
CRD L5,7,1,,
BOITE CANIVEAU,7,1,,
KLAXON EXISTANT,7,1,,
DETECTEUR B,7,1,,
MOTEUR EV,7,3,,
ENCASTRE EXTERIEUR,7,1,,
18X18X6,7,1,,
FIXT TYPE 48,7,1,,
SECTIONNEUR,7,2,,
SECTIONNEUR 100A,7,1,,
RACCORD 3/3,7,1,,
ENLEVER FIXT EXISTANTE,7,1,,
FIUXT TYPE P1,7,1,,
P17,7,2,,
MOTEUR 1/4 HP 120V,7,3,,
VENT PALME,7,1,,
FORCE FLOW,7,2,,
A SORTIE TEL,7,1,,
B SORTIE TV,7,1,,
B DECT 120V,7,1,,
A DECT 120V,7,1,,
B KLAXON,7,2,,
FIXT EXT,7,3,,
B B300W,7,2,,
TEL /6,7,1,,
INT P4,7,1,,
20a,7,1,,
PRISE 15/20 COMPT,7,1,,
CHANNEL 6,7,1,,
CORE FIXT YPE L1,7,1,,
CORE FIXT TPE L5,7,1,,
12ETA 12X12,7,1,,
FIXT TYPE UL-1,7,1,,
3A UL-1,7,1,,
2B UL-1,7,1,,
3C UNT,7,1,,
1F UL-1,7,1,,
1A UL-1,7,1,,
2H INT,7,1,,
2K INT,7,1,,
1I UL-1,7,1,,
ENSEIGNE EXT,7,2,,
TYPE9 60po,7,1,,
202 FIXT E1,7,1,,
204,7,1,,
202,7,1,,
201 TH,7,1,,
MANCHOM 2po,7,1,,
DETECTEUR P1.5R,7,1,,
FIXT TYPE BF1,7,1,,
CH A20,7,1,,
F TV,7,3,,
F 1000W,7,2,,
E 1000W,7,2,,
I GFI,7,2,,
Z,7,1,,
X,7,1,,
FF,7,1,,
HH,7,1,,
II,7,1,,
J1,7,1,,
V PLAF,7,1,,
R PLAF,7,1,,
O PLAF,7,1,,
N PLAF,7,1,,
M PLAF,7,1,,
H1 PLAF,7,1,,
ETAG 2 EXIT,7,1,,
M1 INT,7,1,,
H2 PLAF,7,1,,
QQ PLAF,7,1,,
OO PLAF,7,1,,
NN PLAF,7,1,,
MM PLAF,7,1,,
LL PLAF,7,1,,
LL INT,7,1,,
ETAG 3 EXIT,7,1,,
ETAG 5 EXIT,7,1,,
ETAG 6 EXIT,7,1,,
ETAG 7 EXIT,7,1,,
ETAG 8 EXIT,7,1,,
ETAG EXIT,7,1,,
AA1 PLAF,7,1,,
ETAG 10 EXIT,7,1,,
JJ1 PLAF,7,1,,
JJ PLAF,7,1,,
II PLAF,7,1,,
ETAG 4 EXIT,7,1,,
TOIT DECT,7,1,,
CA,7,3,,
PCE11 RAI,7,1,,
BATTERIE UNIT U3,7,2,,
NOUV DECT,7,1,,
NOUV RGB,7,1,,
NOUV LECTEUR CARTE,7,1,,
PORTE ELECTRIFIER,7,1,,
SORTIE DATA PL,7,1,,
3 LMRD2,7,1,,
ADD L1B-8,7,1,,
ADD E1B,7,1,,
ADD E1A,7,1,,
Type EMW,7,1,,
Wifi + 2#12 Conn,7,1,,
NF WP,7,2,,
BATTERIE UNT 2T,7,3,,
ECRAN TACTILE,7,1,,
ADD3 NOTE 15,7,1,,
FIXT TPE P1,7,1,,
DM5,7,1,,
CO/NO,7,1,,
P.C,7,1,,
PRST LAMPADAIRE,7,1,,
RELO FT14,7,1,,
RELO FM14,7,1,,
N8,7,1,,
CONTROL ECL,7,1,,
MONUMENT OPR,7,1,,
PRISE 303,7,1,,
ADD1 L13A,7,1,,
MR,7,1,,
RACCORD INFRA,7,1,,
INFRAROUGE,7,1,,
FIXT P3A,7,1,,
PCP REV4,7,1,,
P2A NOUV,7,1,,
COMM TYPE P2A,7,1,,
R10 DECTTEUR GAINE,7,1,,
Prise Ext,7,1,,
OPERATERATEUR PORTE,7,1,,
CH CHARGEUR BATTERIE,7,1,,
LAMPADAIRE PH2,7,1,,
SKA PRISE,7,1,,
ADD2 PRISE,7,1,,
45 18po,7,1,,
PLATE LED 2X4,7,1,,
dc08 fixt type l 19-5,7,1,,
TH SERVICE,7,1,,
1CH 1VOIE,7,1,,
FIXT TYPE R21,7,1,,
16-S,7,1,,
PNE,7,1,,
P 2,7,1,,
ZONE C CUISI 15/20,7,1,,
1.2 INT,7,1,,
S. 1 INT,7,1,,
1.13  INT,7,1,,
S .3 INT,7,1,,
S 5 ECL,7,1,,
1.6 INT,7,1,,
2.1 INT,7,1,,
2.2 INT,7,1,,
1.1 INT,7,1,,
2.3 INT,7,1,,
S.4 ECL,7,1,,
1.7 INT,7,1,,
1.11 INT,7,1,,
2.12 INT,7,1,,
2.11 INT,7,1,,
1.12,7,1,,
51/2,7,1,,
21/2 INT,7,1,,
B ECL PL,7,1,,
20A 125V GFI WP,7,1,,
BOUTON E/S PORTE,7,1,,
INTERRUPTEUR NF 60A 120/240V,7,1,,
C10,7,1,,
HAUT  PARLEUR,7,1,,
MOTEUR VAV,7,1,,
P 3RL,7,1,,
RELO 1X4 FIXT,7,1,,
aa x12 type e,7,1,,
ba x4 type e,7,1,,
ha x1 type e,7,1,,
na x3 type e,7,1,,
ab x15 type e,7,1,,
bb x6 type e,7,1,,
fb x3 type e,7,1,,
2 po,7,1,,
D FIXT TYPE C3,7,1,,
E 1 VOIE,7,1,,
J FIXT TYPE C3,7,1,,
N FIXT TYPE C3,7,1,,
BOUTON  R,7,1,,
FIXTURE TYPE L26,7,1,,
C4 1000W,7,1,,
C4 500W,7,1,,
CH1 PRISE,7,1,,
CH6 PRISE,7,1,,
ENSEIGNE SORTIE U3,7,1,,
STRIP 1X4 RELO,7,1,,
INT CLÉ,7,1,,
ENL 1X4 RELO,7,1,,
Compteur 30A NF RELO,7,1,,
FUSIBLE 20A,7,1,,
FIXT TYPE ENCASTRE A-1,7,1,,
FG,7,1,,
SERPENTIN D1,7,1,,
CHAUFF RF,7,1,,
GFI 15A,7,1,,
LUT  3RL,7,1,,
LUT  6S,7,1,,
Type D1 + 10 Projecteurs,6,1,,
Potlight to relo,6,1,,
Partitions to remove,6,1,,
Disc Sw 30A 208V SF,6,4,,
Type SD Lotus,6,1,,
Rail 12Ft c/a 8 Proj,6,1,,
Dimmer Détect Présence,6,1,,
Compte Personne,6,1,,
Misc to Remove,6,1,,
Disj 250A,6,1,,
Relais Adressable,6,2,,
Module Adressable de Transmission,6,1,,
Plinthe A7,6,1,,
Potlight Liteline Luna,6,1,,
Type L13,6,1,,
Type L3A,6,1,,
Type EXT2,6,1,,
Détecteur Présence LV,6,2,,
PowerPack,6,2,,
Module Surveillance Doubles,6,2,,
Gound ROD,6,2,,
Type P,6,1,,
Type W,6,1,,
Type V,6,1,,
LUT QMS,6,1,,
LUT 2RL Switch 2 Boutons,6,1,,
LUT 5RL Switch 5 Boutons,6,1,,
Monument Connectrac (Flex) 1xTel 1x Racc Mob,6,1,,
wifi,6,1,,
Type P3,6,1,,
Type K4,6,1,,
Phare Simple U,6,1,,
Phare Simple X,6,1,,
Exit V,6,1,,
Plinthe B 500W,6,1,,
PLINTHE 1750W,6,1,,
DISCONN 30A 3PH,6,1,,
FAN TOILET,6,1,,
PLINTHE 2250W,6,1,,
interrupteur  3 way 15A 347V,6,3,ENS70AB1935194109940,4PE int. 3W 15A 347V
2520 GFI WP,6,1,,
vent,6,1,,
DF3,6,3,,
FIXT TYPE LM1,6,2,,
TRAPPE ACCES 24X24,6,1,,
DISCONN 30A 600V NF WP,6,2,,
A 2000W,6,3,,
ADD STROB,6,1,,
PHOTOCELL,6,4,,
12,6,2,,
TRANSFO,6,3,,
30 A 347/600V F,6,1,,
RELAIS CHAUFF RELO,6,1,,
DISJ 20A 2P,6,1,,
fixt type a,6,1,,
COLONNETTE E 2CCT 12T,6,1,,
WF 1500 C/A TH,6,1,,
ADD4 FIXT B3,6,1,,
ADD4 FIXT TYPE L1,6,1,,
ADD4 2X2 RELO,6,1,,
ADD4 RACCORD DIRECT,6,1,,
PRISE G,6,1,,
CE-3,6,1,,
MOTEUR 7.5 HP 600V,6,1,,
PLINTHE ESCALIER,6,1,,
FIXT TYPE A5A,6,1,,
EFV,6,2,,
ACC SORTIE TRANSF,6,1,,
ACC BARRE PANIQUE,6,1,,
ACC REQUETE,6,1,,
URG 1 TETE,6,1,,
TYPE N4,6,1,,
TYPE N5,6,1,,
POWER OUTLET,6,1,,
L6-08,6,1,,
Compteur 1 TH,6,1,,
2510,6,4,,
SOTRTIE TEL,6,1,,
K2,6,1,,
PRISE GFI 15/20,6,1,,
TRANSFO 200KVA 600/120/240V,6,2,,
750W 347V,6,5,,
percement plancher,6,1,,
N FGIXT,6,1,,
K-UA72 FIXT,6,1,,
ENL FIXT F6,6,1,,
ENL FIXT H3,6,1,,
STORE,6,1,,
UD-2,6,2,,
FIXT TYPE LT2,6,1,,
FIXT TYPE LT1S,6,1,,
TYPE LT2,6,1,,
Compteur 1RELO SECHE MAIN,6,1,,
WF 1.5KW,6,1,,
FP,6,1,,
RELO TEL/DATA,6,1,,
POTEAUX 2 TETE ENLEVER,6,1,,
relo prise,6,2,,
PRISE 20A TOIT,6,3,,
RELO CAMERA,6,4,,
PRISE WP 20A GFI TOIT,6,1,,
CR,6,1,,
FIXT TYPE L8-1,6,1,,
A3,6,2,,
1KW,6,2,,
DEMO SERPENTIN,6,1,,
HORN EI,6,1,,
BPREX,6,1,,
PONT ROULANT,6,2,,
INT347,6,1,,
DETECTEUR DE BRIS,6,1,,
FORCE FLOW 5KW,6,1,,
FERME PORTE,6,1,,
EXTT,6,1,,
1.5P,6,1,,
PES3 1250W,6,1,,
3/4 HP,6,4,,
STROB WP,6,2,,
c inv,6,1,,
c,6,1,,
a1,6,1,,
N DECT,6,2,,
8X8 N,6,1,,
CRD L7,6,1,,
BOITE DE REGARD,6,1,,
MONTE MURAL,6,1,,
FIXT TYPE 63,6,1,,
NPP16 D EFP,6,1,,
d1,6,1,,
ECHANGEUR AIR,6,4,,
A/C 3,6,1,,
LUMINAIRE LED,6,1,,
STATION MNUEL,6,1,,
A SORTIE TV,6,1,,
A FIXT EXT,6,2,,
FIXT TYPE A1 N,6,1,,
TETE DOUBLE N,6,1,,
FIXT TYPE ENCASTRE,6,1,,
FIXT TYPE D-8B,6,1,,
SP3,6,1,,
SP,6,1,,
5M,6,1,,
DETECT MOUV 3,6,1,,
PRISE 15/20A WP,6,1,,
B 4000W,6,2,,
PRISE 240V,6,1,,
HDMI 12 ETA,6,1,,
150KVA 600/120/240V,6,1,,
STUDIO,6,1,,
1H  INT,6,1,,
2B INT,6,1,,
1B INT,6,1,,
1A INT,6,1,,
2F INT,6,1,,
2I INT,6,1,,
1J INT,6,1,,
1E INT,6,1,,
FIXT TYPE 9 60po,6,1,,
2000W 347V,6,2,,
TYPE7,6,1,,
FIXT TYPE LA0,6,1,,
FIXT TYPE Z0,6,1,,
SER FIXT TYPE S3,6,1,,
201 GFI,6,1,,
201 TEL,6,1,,
401 TH,6,1,,
30,6,1,,
FIXT TYPE Y POT,6,1,,
SPDH 7.5,6,1,,
tv,6,1,,
CH A15,6,1,,
type 3,6,1,,
G TEL,6,3,,
G TV,6,3,,
M GFI,6,2,,
H GFI,6,2,,
D 1000W,6,2,,
C1 GFI,6,1,,
C1 TH,6,1,,
I TH,6,2,,
J GFI,6,2,,
J TH,6,2,,
K GFI,6,2,,
K TH,6,2,,
O GFI,6,2,,
L GFI,6,2,,
L TEL,6,2,,
L TH,6,2,,
AA,6,1,,
GG,6,1,,
TOIT 500W,6,1,,
G PLAF,6,1,,
Q PLAF,6,1,,
P PLAF,6,1,,
I PLAF,6,1,,
H PLAF,6,1,,
ETAG 1 MUR EXT,6,1,,
W PLAF,6,1,,
Y PLAF,6,1,,
MI FIXT PLAF,6,1,,
QQ1 PLAF,6,1,,
PP PLAF,6,1,,
KK PLAF,6,1,,
ETAG SS1 DECT,6,1,,
ETAG MODULE,6,1,,
ETAG 3 MODULE,6,1,,
ETAG 4  MODULE,6,1,,
ETAG 5 MODULE,6,1,,
ETAG 6 MODULE,6,1,,
ETAG 7 MODULE,6,1,,
ETAG 8 MODULE,6,1,,
ETAG 9 MODULE,6,1,,
ETAG 10 MODULE,6,1,,
TOIT KLAXON,6,1,,
ETAG 1 MODULE,6,1,,
ETAG SS1 CAMERA,6,1,,
NIVELEUR QUAI,6,4,,
NOUV 2500W,6,1,,
FIXT TYPE P10,6,1,,
3 FIXT E2,6,1,,
3 LMRD1,6,1,,
"Type Y2 23'8""",6,1,,
FIXT TYPE W4,6,1,,
EXIT 2T WP,6,1,,
FIXT TYPE CL20A,6,1,,
FIXT TYPE CL18,6,1,,
CLOCHE RELO,6,5,,
FIXT TYPE EXT3,6,1,,
LOG A TYPE D,6,1,,
LOG K TYPE D,6,1,,
COUPE F,6,1,,
FIXT FD 24,6,1,,
BO,6,2,,
INT 303,6,1,,
FIXT TYPE L11 A,6,1,,
ADD 1 L8W,6,1,,
ADD1 EXIT,6,1,,
FIXT ENCASTRE RELO,6,1,,
FIXT TYPE L01E,6,1,,
FIXT TYPE L01D,6,1,,
FIXT TYPE L09,6,1,,
DETECTEUR TH,6,1,,
SORTIE,6,1,,
400W WALL PACK LED,6,1,,
BARRE GROUND,6,2,,
FIXT TYPE P2A,6,1,,
FIXT M6A,6,1,,
ADD216X16X6,6,1,,
C DETECTEUR GAINE,6,1,,
C 8BT,6,1,,
C P3A,6,1,,
C M6A,6,1,,
P7A EXIST,6,1,,
COMM TYPE P3A,6,1,,
FIXT F16 ENL,6,1,,
STROB HORN,6,1,,
FIXT 4 pi UR,6,1,,
FIXT TYPE A 2X2,6,1,,
ADD 2x2,6,1,,
N3-1-E,6,1,,
30A F 600V,6,1,,
F35A,6,1,,
F40A,6,1,,
F15A,6,1,,
F 150A,6,1,,
PUIT TYPE PA-01 FPA,6,1,,
RELO COND  2PO EAM7,6,1,,
B DECT,6,2,,
SERV MI,6,1,,
SERV C 1750W,6,1,,
C 1W,6,1,,
E 1W,6,1,,
15HP,6,3,,
RELO SECTIONNEUR,6,2,,
ADD 2 L11B,6,2,,
ADD 2 L8W,6,2,,
ADD 2 L11G,6,2,,
ADD 2 STATION,6,2,,
ADD 2 POMPIER,6,2,,
CQ PRISE,6,1,,
CQSOFA PRISE,6,1,,
CK PRISE,6,1,,
CKA PRISE,6,1,,
SUITE ECL,6,1,,
ADD2 P3,6,1,,
FIXT TYPE FPA,6,1,,
ADD TYPE W,6,1,,
MRA INTERC,6,1,,
EXISTANT HORN,6,1,,
FIXT R,6,2,,
FIXT U,6,2,,
5WH,6,2,,
B1 .75WW,6,2,,
SEN,6,2,,
INTP,6,2,,
STI-SA5500-B,6,2,,
STROBERPC,6,2,,
FIXT TYPE ENCASTRE TYPE A,6,1,,
SORTIE ASPIRATEUR,6,1,,
RC1,6,2,,
B 7,6,2,,
V/T,6,1,,
PRISE GFI SERV,6,1,,
MOTEUR VT 120V,6,1,,
FIXT TYPE C2D,6,1,,
F EC,6,1,,
FIXT TYPE L2-4,6,1,,
Compteur MA,6,1,,
S 2 INT,6,1,,
S 5 INT,6,1,,
1.9 INT,6,1,,
1.8 INT,6,1,,
2.10 INT,6,1,,
BORNE INST,6,1,,
MOTEUR 1HP,6,1,,
CE20,6,1,,
PH 51/2 ECL PL,6,1,,
PH 41/2 ECL PL,6,1,,
FIXT TYPE XG,6,1,,
MD,6,1,,
rev fixt type b,6,1,,
rev relo prise,6,1,,
SERTV AG2,6,2,,
PLINTHE 1050W SRC,6,1,,
RSP ECL,6,1,,
FIXTURE E,6,1,,
PLINTHE ALUX 3 500W 208V,6,1,,
DETECTEUR DP3,6,1,,
FIXT TYPE L3.1,6,1,,
FIXT TYPE L4.2,6,1,,
PRISE GFI NOIRE,6,1,,
SÉSOIRE A MAIN,6,1,,
B22,6,1,,
A4,6,1,,
BRASSEUR AIR 2HP 600V,6,1,,
CAMÉRA 4,6,1,,
FIXT TYPE S5  11,6,1,,
REV FIXTURE TYPE E2,6,2,,
REV DETECTEUR MOUVEMENT PLAFOND,6,2,,
REV GIF 15/20A,6,2,,
REV MOTEUR 40HP,6,2,,
REV D/M 120V,6,2,,
REV FLAT ELBOW 18po X4 ECH,6,2,,
REV 90 DEGRE INTERNE 12po,6,2,,
REV 90 DEGRÉ INTERNE  18po,6,2,,
REV RÉDUIT  18po A 12po,6,2,,
REV RÉDUIT 12po A 8po,6,2,,
REV 90DEGRÉ EXTERNE  8po descente,6,2,,
THERMOSTAT ECW-GF,6,2,,
TROUSSE DÉMARRAGE RAYCLIC-PC,6,2,,
RACCORD ELECTRONIQUE,6,1,,
COLONNETTE C4,6,2,,
RAIL  L1 3092,6,1,,
RAIL L1 2062,6,1,,
A RAIL L1 NOIR 3092,6,1,,
FIXT TYPE DL,6,1,,
SPEAKER,6,1,,
FIXT TYPE TS24,6,1,,
FIXT TYPE TE-8,6,1,,
FIXT TYPE TE-18,6,1,,
REMPLACE STROB HAMONIAC,6,1,,
FIXT 1X4 A RELO,6,1,,
STRIP A RELO,6,1,,
FIXT 1X4 NOUV,6,1,,
PARTITION ENLEVER,6,1,,
ca x4 type e,6,1,,
ma x3 type e,6,1,,
cb x4 type e,6,1,,
db x4 type e,6,1,,
eb x3 type e,6,1,,
gb x3 type e,6,1,,
PRISE WP TOIT,6,1,,
H FIXT TYPE C3,6,1,,
M FIXT TYPE C3,6,1,,
O FIXT TYPE C3,6,1,,
K FIXT TYPE C3,6,1,,
FIXT TYPE D8A,6,2,,
RETENUE PORTE,6,1,,
FIXT TYTPE L1-06,6,1,,
FIXT TYPE U4,6,1,,
PRISE PLAFOND,6,1,,
TM T103,6,2,,
LIGHT BOX,6,2,,
U1,6,2,,
TC,6,2,,
TH BV,6,2,,
B 2500W,6,2,,
PRISE 15/20A GFI -,6,2,,
MOTEUR VE-,6,2,,
FIXT TYPE D2B,6,1,,
BATTERIE UNIT U3 2T,6,1,,
FIXT TYPE D4E,6,1,,
VANNE,6,1,,
C2 2KW,6,1,,
350MCM  500MCM AL,6,1,,
INT 1 VOIE 1,6,1,,
A 4000W C/A TH,6,1,,
GARDE STROB,6,1,,
ISO,6,1,,
prise toit,6,2,,
VENT 120V,6,2,,
VE 600V,6,2,,
30A NF 120V WP,6,2,,
CH7 TEL,6,2,,
CH11 STROB,6,2,,
CH11 DECT,6,2,,
CH6 FIXT B4,6,2,,
CH3 FIXT B4,6,2,,
CH7,6,2,,
CH8,6,2,,
CH9,6,2,,
CH11,6,2,,
CH9 PRISE,6,1,,
CH2 PRISE,6,1,,
CH11 - TEL,6,1,,
MODULE DE COMMANDE ALARME,6,2,,
RESTO IFRA 120V 9A,6,2,,
ECL TYPE S1 HALL,6,2,,
tete simple x5,6,2,,
ENSEIGNE SORTIE X3,6,2,,
BATTERIE UNIT X2,6,2,,
C5  5 KW,6,2,,
SORTIE VIDEOSURVEILLANCE,6,1,,
PLINTHE A1500W,6,1,,
ENL BATTERIE UNIT 2T,6,1,,
FIXTURE TYPE E1 RELO,6,1,,
FIXTURE M1 MURAL,6,1,,
FIXTURE L 4,6,2,,
PLINTHE C1750W,6,1,,
RELO DETCTEUR FUMER,6,1,,
POTEAU,6,2,,
PLINTHE A 750W,6,2,,
AL STROB MURAL WP,6,2,,
DDC,6,2,,
RIDEAU AIR,6,2,,
2 2500W,6,2,,
JC 1 1000W,6,2,,
JC SÉCHOIRE,6,2,,
JC OPERATEUR PORTE,6,2,,
FIXTURE TYPE B1,6,2,,
FIXT TYPE AS,6,2,,
P 1500W,6,2,,
AD FIXT TYPE C,6,2,,
AD FIXT TYPE AS,6,2,,
AD FIXT TYPE M,6,2,,
FIXT LT-9,6,2,,
FIXT B RELO,6,2,,
A N1,6,1,,
A LE,6,1,,
FIXT TYPE LP1 26 pi,6,1,,
FIXT TYPE LM05,6,1,,
15A 1P 120V,6,1,,
Type D3 c/a 12 Projecteurs,5,1,,
Exit to Relo,5,3,,
Relais FA,5,2,,
Prise GFI,5,1,,
20Ft BX #10,5,1,,
Détecteur de gaine,5,2,,
Type B (Murale),5,1,,
Ventilateur,5,1,,
Type L1.7,5,1,,
Type L1.5,5,1,,
Sèche-main,5,1,,
Switch CNT6,5,1,,
Détecteur Présence CNT4,5,1,,
Détecteur Présence CI-24 LeGrand,5,1,,
"Manchon 4"" Hilti CP653BA",5,1,,
Exit X3,5,1,,
BG1 (NBRG8),5,1,,
Type L13A,5,1,,
Type E16,5,1,,
Phare Double,5,1,,
Plug 15A GFI,5,1,,
Plug 15A QUAD,5,1,,
FIXT TYPE T11,5,1,,
2520 PRISE POELE,5,1,,
2520 PRISE SECHEUSE,5,1,,
2520 HOTTE,5,1,,
RELO TETE DOUBLE,5,1,,
FIXT D1,5,1,,
A2000W,5,1,,
FIXT TYPE S9,5,2,,
DISCONN 100A 600V NF,5,3,,
GRILLAGE PROTECTION,5,1,,
B500W 347V,5,2,,
DANDY DPP-R-RT C/A 20A GFI WP,5,1,,
FIXT TYPE S11,5,1,,
FIXT TYPE S10,5,1,,
FIXT TYPE S13,5,1,,
FIXT TYPE R12,5,1,,
MONUMENT PLANCHER 2P1T,5,3,,
NF 600V,5,2,,
DISJ 15A 1P 347V,5,1,,
COLONNETTE F 1X40A 480 1X20A 120V,5,1,,
PRISE 20A 125V SUR POTEAUX,5,1,,
ADD4 E3,5,1,,
C/E,5,3,,
ECRAN E85,5,1,,
BOITE 52171,5,1,,
DECT FERMETURE MUR,5,1,,
MOTEUR 20HP 600V,5,3,,
MOTEUR 1.5HP 600V,5,2,,
FIXT TYPE A4B,5,1,,
DMC,5,1,,
RACCORD PARTITION 2CCT,5,1,,
TYPE NK,5,1,,
TYPE X8,5,1,,
TYPE Z2,5,1,,
VE-1,5,4,,
Compteur 1L6-01,5,1,,
FIXT TYPE L-18,5,1,,
FIXT TYPE L-04,5,1,,
CONTACTEUR,5,3,,
FIXT TYPE L-11,5,1,,
AE 2250,5,1,,
1250W SERV,5,1,,
15A 2P,5,3,,
LAMPADAIRE L3,5,2,,
LAMPADAIRE L1,5,2,,
5KW,5,5,,
ENL FIXT FC1,5,1,,
ENL F3,5,1,,
DM4,5,3,,
ASSC,5,3,,
FIXT TYPE LR5,5,1,,
FIXT TYPE LP1C,5,1,,
TYPE LP1C,5,1,,
CAF,5,1,,
RELO MURAL,5,2,,
DECT A FUMER,5,1,,
dect relo,5,1,,
FIXT L4,5,2,,
BOITE GRD,5,2,,
FIXT TYPE B.3,5,1,,
FIXT TYPE Q 10,5,1,,
GRAFFIX EYES,5,1,,
DECT T,5,1,,
P500W,5,1,,
FIXT TYPE SD2,5,1,,
5/6,5,1,,
D/M WP,5,1,,
DATA,5,1,,
PLINTHE 2000W 208V,5,1,,
PRISE POTEAUS TOIT,5,1,,
DEMO GRADATEUR,5,1,,
SOUDEUSE,5,2,,
AE,5,2,,
INT ME18 303,5,1,,
FIXT TYPE U5,5,1,,
BOUTON APPEL,5,1,,
CONTROL ACCES,5,2,,
T SIMPL,5,1,,
DECTT,5,1,,
HU,5,2,,
lumiere exterieur,5,1,,
PES2000W,5,1,,
AM2000W,5,1,,
FIXT TYPE L11 LED BANDE,5,1,,
GARDE TH,5,1,,
dinv,5,1,,
t,5,2,,
l,5,1,,
m,5,1,,
q,5,1,,
o,5,1,,
n1,5,1,,
g,5,2,,
p inv,5,1,,
o inv,5,1,,
l inv,5,1,,
5 HP,5,2,,
RAIL COUPL,5,1,,
PETITE SUSPENTION,5,1,,
enl pot,5,1,,
RELO KLAXON,5,2,,
30 KVA 600/120/208V,5,1,,
35A 3P 600V,5,1,,
RAIL 8 pi,5,1,,
RELOP PLINTHE,5,1,,
bx 2/12 chauff 30,5,1,,
FIXT TYPE H7,5,2,,
FIXT TYPE L17,5,1,,
HORN STROB WP,5,1,,
HT,5,1,,
LT,5,1,,
d2,5,1,,
pp120v,5,1,,
30A 600V WP NF,5,1,,
30A F,5,3,,
PORTE ELECT,5,1,,
A DECT FUMER,5,1,,
B DECT FUMER,5,1,,
B FIXT EXT,5,1,,
B TETE A/C,5,1,,
A HOTTE,5,5,,
B SECHEUSE,5,5,,
B HOTTE,5,5,,
A B1000,5,1,,
A RELAIS,5,3,,
A B1500W,5,2,,
a 1000w,5,1,,
b 300w,5,1,,
EXIT RELO N,5,1,,
STATION N,5,1,,
FIXT TPE E4,5,1,,
EXIT C/A 2TETE,5,1,,
INT TOILETTE,5,1,,
FIXT TOILETTE,5,1,,
CHANNEL 11,5,1,,
CAMERA RELO,5,2,,
ENSEIGNE SORTIE 12ETA,5,1,,
MANCHON COUPE FEU 2PO,5,1,,
ENSEIGNE SORTIE C/A 2T,5,1,,
PL 1500W ESCA,5,1,,
MV1 INT,5,1,,
3A DECT A,5,1,,
3B DECTA,5,1,,
3C DECT A,5,1,,
2C INT,5,1,,
2D INT,5,1,,
1I INT,5,1,,
FIXT F,5,3,,
fixt type 20,5,1,,
fixt type 21,5,1,,
TYPE20,5,1,,
DECT FUMER COMBINER CO,5,1,,
FIXT TYPE Z1,5,1,,
201 3 VOIE,5,1,,
204 FIXT E1,5,1,,
401 3 VOIE,5,1,,
SER KLAXON STROB,5,1,,
SERV EV-3,5,1,,
SERV CD-3,5,1,,
101 TH,5,2,,
401 TEL,5,1,,
FIXT TYPE Y,5,1,,
SERPENTIN RELO,5,3,,
CBB 1050W,5,1,,
LUMIERE AU SOL RELO,5,1,,
GU,5,1,,
FIXT TYPE E3C,5,1,,
FIXT TYPE BF3,5,1,,
M 15/20A,5,2,,
H 15/20A,5,2,,
H TEL,5,2,,
D 15/20A,5,2,,
X 500W,5,1,,
J TEL,5,2,,
K 15/20A,5,2,,
K TEL,5,2,,
O 15/20A,5,2,,
N 15/20A,5,2,,
L 15/20A,5,2,,
P 1000W,5,3,,
ETAG SS2 DECT,5,1,,
ETAG 2 KLAXON,5,1,,
ETAG 3 KLAXON,5,1,,
ETAG 4 KLAXON,5,1,,
ETAG 5  KLAXON,5,1,,
ETAG 6 KLAXON,5,1,,
ETAG 7 KLAXON,5,1,,
ETAG 8 KLAXON,5,1,,
ETAG 9 KLAXON,5,1,,
AA1 DECT AF1,5,1,,
AA1 KS,5,1,,
ETAG 10 KLAXON,5,1,,
ETAG SS2 CAMERA,5,1,,
ETAG 1 KLAXON,5,1,,
E KS,5,2,,
D KS,5,2,,
C KS,5,2,,
B KS,5,2,,
A KS,5,2,,
F KS,5,2,,
ETAG 2 CAMERA,5,1,,
ETAG 3 CAMERA,5,1,,
ETAG 4 CAMERA,5,1,,
ETAG 5 CAMERA,5,1,,
ETAG 6 CAMERA,5,1,,
ETAG 7 CAMERA,5,1,,
ETAG 8 CAMERA,5,1,,
ETAG 9 CAMERA,5,1,,
ETAG 10 CAMERA,5,1,,
LOG DEC GAINE,5,1,,
PCE13 HAUT PARLEUR,5,1,,
PC21 15 STATION,5,1,,
ET EVAP,5,1,,
PRISE WP GFI,5,1,,
TYPE P,5,2,,
DISCONN 60A 600V NF WP,5,2,,
NOUV ENSEIGNE SORTIE,5,1,,
NOUV DECT MOUV,5,1,,
32pi,5,1,,
TETE DOUBLE NOUV,5,1,,
3 FIXT TYPE P1A,5,1,,
HORN A,5,1,,
Type H2E,5,1,,
52c13,5,1,,
FIXT TYPE P2-1,5,1,,
SHU 10,5,1,,
CEU,5,1,,
ADD 3 NOTE 14,5,1,,
FIXT TYPE CL6,5,1,,
B 750W,5,2,,
1/4 HP,5,1,,
LOG A DECTA,5,1,,
LOG A1 TYPE D,5,1,,
LOG A1 DECTA,5,1,,
LOG G TYPE D,5,1,,
LOG K DECT A,5,1,,
LOG K1 DECT A,5,1,,
BOITE BORNE,5,1,,
FN 18,5,1,,
FIXT E8,5,1,,
ft-22,5,1,,
e-8,5,1,,
N11,5,1,,
N12,5,1,,
FIXT TYPE V4,5,1,,
SERPENTINS,5,1,,
ADD1 U,5,1,,
FIXT TYPE L28,5,1,,
FIXT TYPE L01A,5,1,,
CHAUFFAGE GAZ,5,1,,
FIXT TYPE L9-A,5,1,,
FIXT TYPE L9-B,5,1,,
CompDETECTEUR FUMER,5,1,,
RACCORD UV,5,1,,
FIXT TYPE P3B,5,1,,
PLINTHE 9.1,5,1,,
FIXT M5B,5,1,,
FIXT P7A,5,1,,
FIXT R4,5,1,,
FIXT R1,5,1,,
FIXT R3,5,1,,
FIXT R6,5,1,,
FIXT R5,5,1,,
FIXT R2,5,1,,
COMM TYPE 8BT,5,1,,
C P7A,5,1,,
C R1,5,1,,
C R2,5,1,,
C R3,5,1,,
C R4,5,1,,
C R6,5,1,,
C R5,5,1,,
C G,5,1,,
P7A NOUVEAU,5,1,,
fixt type p9,5,1,,
COMM TYPE  P7A,5,1,,
COMM TYPE P9,5,1,,
COMM TYPE R1,5,1,,
COMM TYPE R3,5,1,,
COMM TYPE R2,5,1,,
COMM TYPE R4,5,1,,
COMM TYPE R5,5,1,,
COMM TYPE R6,5,1,,
FIXT J6,5,1,,
EXIT X1,5,1,,
MIROIR,5,1,,
ACH TYPE 2X2,5,1,,
ACH POT,5,1,,
D DETECT,5,1,,
N VM,5,1,,
POMPE 3PH,5,1,,
SQ ECL,5,1,,
SK ECL,5,1,,
SKA ECL,5,1,,
DETECT F,5,1,,
ADD2 30A NF,5,1,,
RELO POT,5,1,,
RELO EXIT,5,2,,
enseigne sortie x3,5,1,,
detecteur mouv mural,5,1,,
MOTEUR 2.1 HP 600V,5,1,,
D/M COMB 2.1 HP 600V,5,1,,
FIXT TYPE E9,5,1,,
zone 8/9/10,5,1,,
dc08 fixt type l3,5,1,,
dc08 fixt type L 5,5,1,,
dc08 fixt type l26,5,1,,
3CH DECT A,5,1,,
PRISE 30A 125V,5,1,,
FIXT YPE L2-12,5,1,,
HW,5,1,,
DT1,5,1,,
NT,5,1,,
2.5 INT,5,1,,
SERP10,5,1,,
T17,5,1,,
P15,5,1,,
51/2 TEL,5,1,,
PH 51/2 TEL,5,1,,
A GFI 20A,5,1,,
FIXT TYPE LO1B,5,1,,
ENSEIGNE EXIIT UE1,5,1,,
PLINTHE 900W SRC,5,1,,
PLINTHE 450W CBB,5,1,,
RACC. CONDENSATEUR,5,1,,
DÉTECTEUR FUMÉE / MONOXYDE,5,1,,
FIXTURE C,5,1,,
SIM ECL,5,1,,
DETECTEUR DP1,5,1,,
A8,5,1,,
RACCORD GPU ITW 1400 TECK,5,1,,
MOTEUR 1 HP 120V,5,2,,
MOTEUR VA,5,3,,
45 DEGRE,5,1,,
Compteur A RAIL L1 NOIR 3093,5,1,,
A RAIL L1 NOIR 4572,5,1,,
FIXT TYPE PL,5,1,,
Q RL 5,5,1,,
INT B/V 5 SCENE,5,1,,
INT EAD,5,1,,
SERPENTIN A RELO,5,1,,
hb x1 type d,5,1,,
C FIXT TYPE C3,5,1,,
E FIXT TYPE C3,5,1,,
G FIXT TYPE C3,5,1,,
F- Eclairage L,5,1,,
F - Thermostat,5,1,,
ENL MOTEUR,5,1,,
FIXT U3,5,1,,
MONUMENT PLANCHER PRISE,5,1,,
BOUTON POUSSOIR RELO,5,1,,
RELO DRS,5,1,,
DRS RELO,5,1,,
FIXTURE TYPE L3,5,1,,
FIXTURE  TYPE L5,5,1,,
PRISE 5262 C/A HBLSS263R,5,1,,
SEC CLAVIER,5,3,,
C2 2000W,5,1,,
CH9 PRISE USB,5,1,,
CH11 GFI,5,1,,
FIXT STRIP RELO,5,1,,
EXIT U1,5,1,,
ADD PD5 RE,5,1,,
ADD PD3,5,1,,
ADD PD5,5,1,,
ADD WD3 R,5,1,,
HPEXT,5,1,,
CL1,5,1,,
DETECT MOUV,5,1,,
WST-C-3D,5,1,,
ENL KLAXON STROB EC,5,1,,
FIXTURE TYPE F1,5,3,,
DETECTEUR GAINE RELO,5,1,,
FIXT TYPE B-2,5,1,,
A N7,5,1,,
A N2,5,1,,
led ebenist,5,1,,
FIXT TYPE LP8,5,1,,
ENL RAIL ECL,5,1,,
RACCORD PARTITION MURAL,5,1,,
Switch LV,4,1,,
Barre MALT,4,4,,
Dimmer 0-10 Lutron Diva,4,1,,
Sonnerie,4,1,,
Prise EXT 20A,4,1,,
Battery,4,4,,
Type SC,4,1,,
Phares double,4,1,,
Phares double to Relo,4,1,,
Phares Simple,4,1,,
Dimmer Leviton DSL 3w,4,1,,
Type L1.3,4,1,,
Type L1.4,4,1,,
Type L1.2,4,1,,
Type L1.6,4,1,,
Type L5.2,4,1,,
Type L1.1,4,1,,
Type L3.4 - 16Ft,4,1,,
Hp to relo,4,1,,
Disj 150A,4,1,,
Type L6,4,1,,
12x12x4 PVC,4,1,,
Cloche FA to Relo,4,1,,
Plinthe A10W,4,1,,
Aérotherme A30,4,1,,
Exit LS-1-W-U,4,1,,
Type L17,4,1,,
Type E15,4,1,,
Switch c/a détecteur présence,4,2,,
Prise 20A GFI sur poteau,4,2,,
Plinthe 1000W,4,2,,
CAB-1 15A to Conn,4,2,,
Type O,4,1,,
Type J1,4,1,,
Phare Simple,4,1,,
Prise 15A Seulement,4,1,,
"Tel/data 2""",4,1,,
Type S5,4,1,,
Plinthe C 500W,4,1,,
WF500W,4,1,,
COMPRESSEUR,4,3,,
MOTEUR MUA 600V 15A,4,1,,
B-01,4,1,,
2520 AF-5,4,1,,
2620 AF-5,4,1,,
HORN EXISTANT,4,2,,
FIXT TYPE SG2,4,2,,
FIXT TYPE SP2,4,2,,
FIXT TYPE LM2,4,2,,
RACCORD PL PARTITION,4,1,,
V TOILET,4,1,,
E1000W,4,1,,
BORNE DE RECHARGE FUTURE,4,1,,
FIXT TYPE VT1,4,2,,
PRISE L5-20R,4,1,,
FIXT TYPE B2 ADD2,4,1,,
FIXT TYPE EXT E1,4,1,,
TYPE C1,4,2,,
ARCX,4,1,,
PRISE 2310,4,1,,
A10,4,1,,
LAMPADAIRE L1M1,4,1,,
interrupteur  3 way 15A 120V,4,1,ENS8A1385CA9112E9210,4PE int. 3W 15A 120V
EVACUATEUR,4,2,,
METER,4,2,,
BATTERIE UNIT C/A 2 TETE,4,1,,
ENSEIGNE SORTIE C/A 2 TETE,4,1,,
FIXT TYPE G3,4,2,,
DETECTEUR LUMIN,4,1,,
disconn 30a nf,4,2,,
RACCORD PARTITION ELECTRIFIER,4,1,,
BATTERIE UNIT C/A 2T,4,2,,
PRISE 30A 480V 3PH,4,1,,
DISCONN 30A 208V NF,4,1,,
DISCONN 60A 600V NF,4,3,,
ADD4 FIXT A,4,1,,
ADD4 GRADATEUR,4,1,,
INT C/A DECXT,4,1,,
CAPTEUR ECL,4,1,,
90 rail,4,1,,
JOINER 6po FEEDER,4,1,,
DETECTEUR DE PRESENCE INTRU,4,1,,
ALARME SONORE,4,1,,
BOUTON PANIQUE,4,1,,
PANN CONTROL PORTE,4,2,,
CE-1,4,1,,
CE-2,4,1,,
30A 3P,4,1,,
INT/,4,1,,
CH 1500W 347V,4,1,,
Compteur 50,4,1,,
DISCONN 60A 120/208V NF,4,1,,
BR2,4,1,,
FIXT EX5,4,1,,
TYPE H3,4,1,,
DETECT KETRA,4,1,,
TYPE X6,4,1,,
PERCEMENT 2 po X12po,4,1,,
VENTILATEUR N,4,1,,
FIXT TYPE B 2X2,4,1,,
Compteur 1LF1,4,1,,
L13-6,4,1,,
L13-2,4,1,,
L16,4,1,,
FIXT TYPE L-07,4,1,,
ANN,4,4,,
D1,4,2,,
RACCORD DIRECT 208V,4,1,,
20A 2P,4,3,,
TRANSFO 75KVA 600/120/208V,4,2,,
TRANSFO 30KVA 600/120/208V,4,2,,
meter 30x30x10,4,2,,
TSS 2500KVA,4,2,,
2250W,4,3,,
750W 600V,4,2,,
UNITE AF-1,4,2,,
DA,4,2,,
COND 3/16 DECT,4,2,,
MODULE DA,4,2,,
FIXT TYPE KUA36,4,1,,
DECTEUR FUMER,4,2,,
LAMPADAIRE L2,4,2,,
ASPIRATEUR,4,3,,
60A 2P NF WP,4,1,,
FIXT TYPE FC1,4,1,,
FIXT TYPE T16,4,1,,
CME,4,2,,
VE-M,4,2,,
VR-T,4,2,,
FIXT TYPE WG,4,2,,
FIXT TYPE BLP,4,2,,
P 15 347VN,4,2,,
CP 30 347V,4,2,,
C 20 208V,4,2,,
FIXT TYPE LS4A,4,1,,
175A,4,1,,
50A,4,2,,
TYPE LS4A,4,1,,
RELO CLOCHE 10po WP,4,1,,
FIXT TYPE B1E,4,1,,
YTPE 5,4,1,,
fixt l16,4,1,,
relo fixt,4,1,,
HORN SONOR,4,1,,
BOUTON CARILLON,4,1,,
interrupteur  3 way 15A 347V 1,4,1,ENS70AB1935194109940,4PE int. 3W 15A 347V
TYPE X,4,2,,
C EXT,4,1,,
PRISE 20A 125V TOIT,4,1,,
100A,4,3,,
RELAIS ALARME,4,2,,
CLOCHE 10po,4,1,,
MOTEUR VT,4,1,,
100A NFWF,4,1,,
B1,4,1,,
1.5KW,4,1,,
EC,4,1,,
BORNE DE RECHARGE FPA,4,1,,
DEMO TH ENL,4,1,,
DEMO 500W,4,1,,
DEMO 15/20,4,1,,
A VENT,4,2,,
DEMO L2,4,1,,
TR PLINTHE,4,1,,
FIXT L7 ME18 303,4,1,,
30A NF 6+00V,4,1,,
TEL P,4,1,,
FORCE FLOW 2KW,4,2,,
L2A,4,1,,
L1B,4,1,,
SERP,4,1,,
EA,4,1,,
CMU1000W,4,1,,
3 NHP,4,1,,
COAX,4,1,,
CONTROLEUR,4,1,,
u,4,1,,
i,4,1,,
a2,4,1,,
a3,4,1,,
a4,4,1,,
n inv,4,1,,
AE2000W,4,1,,
BR.,4,1,,
200A F,4,1,,
30A NF CHANG 3,4,1,,
HP N,4,1,,
Motor et Etc. à Enlever,4,1,,
Monument à Enlever,4,1,,
Type A3,4,1,,
Prise 15 USB,4,1,,
exit combo,4,1,,
SYST B4,4,1,,
SYST 2,4,1,,
FIXT TYPE AG3,4,1,,
WPD,4,1,,
MONUMENT PLANCHER TEL,4,1,,
CONTROL PORTE,4,2,,
SERP ENL,4,1,,
COND 1/2 C/A 3/12,4,1,,
WF2KW,4,1,,
RELO LAMPADAIRE,4,2,,
MODULE S,4,1,,
MODULE DEBIT,4,1,,
FIXT TYPE 76,4,1,,
16.232,4,1,,
fixt type z13,4,1,,
Compteur STROB RELO,4,1,,
INT MOUV D1,4,1,,
B1250W 347V,4,1,,
L5-30R,4,2,,
E 2000W,4,2,,
MOTEUR 1/2 HP 600V,4,3,,
1050W 347V,4,1,,
A KLAXON,4,1,,
A TETE A/C,4,1,,
A SECHEUSE,4,4,,
B POELE,4,4,,
B PP1000,4,1,,
B B150W,4,1,,
B B1000W,4,1,,
a 300w,4,1,,
b 1000w,4,1,,
b pp1000w,4,1,,
b 1500w,4,1,,
PRISE FRIGO,4,1,,
15A3P,4,1,,
FIXT TYPE B RELO N,4,1,,
FIXT TYPE P N,4,1,,
FIXT TYPE L9-7,4,2,,
FIXT TYPE L9-10,4,2,,
FIXT TYPE LR-22,4,1,,
l6-30r,4,1,,
INT OS1,4,1,,
DISCONN 600V WP,4,1,,
IPR,4,1,,
CP3,4,1,,
DETECT MOUV 6,4,1,,
PANN POMPE,4,2,,
COLONNE DE SCAN,4,1,,
GFI MURAL,4,1,,
TH RELO,4,2,,
WF,4,1,,
DETECTEUR FUMER 120V,4,1,,
1C DECT A,4,1,,
1C INT,4,1,,
1D INT,4,1,,
3B 3VOIE,4,1,,
2A 3VOIE,4,1,,
2D DECT A,4,1,,
1F INT,4,1,,
2H1 DECT A,4,1,,
2H DECT A,4,1,,
2F DECT A,4,1,,
2F 3 VOIE,4,1,,
4000W 347V,4,1,,
9 -60,4,1,,
FIXT TYPE Z2,4,1,,
500W B,4,1,,
201 FIXT P1,4,1,,
201 FIXT E2,4,1,,
201 DECT A,4,1,,
202 3VOIE,4,1,,
401 FIXT P1,4,1,,
SER BATTERIE UNIT,4,1,,
101 FIXT P1,4,1,,
20/2P,4,1,,
25/2P,4,1,,
SPDH 9,4,1,,
SPDH 13.5,4,1,,
ADD 1 INT,4,1,,
ADD 1 INT B/V,4,1,,
DETECTEUR OAC-DT1,4,1,,
2TLB-ES1,4,1,,
CBB450W,4,1,,
CBB1500W,4,1,,
SECT 30A NF,4,1,,
FIXT TYPE E6A,4,1,,
SS2 25KW,4,1,,
ETAG 1500W,4,1,,
M TEL,4,2,,
H TH,4,2,,
D HOTTE,4,4,,
C1 TEL,4,1,,
C HOTTE,4,4,,
A POELE,4,4,,
D SECHEUSE,4,4,,
I 15/20A,4,2,,
I TEL,4,2,,
I TV,4,2,,
J 15/20A,4,2,,
J TV,4,2,,
J 1000W,4,1,,
K TV,4,2,,
O TEL,4,2,,
O TH,4,2,,
L TV,4,2,,
P GFI,4,1,,
T TEL,4,1,,
U GFI,4,1,,
LL GFI,4,1,,
LL 1000W,4,1,,
DD TEL,4,1,,
EE GFI,4,1,,
D 3 VOIE,4,2,,
E 3 VOIE,4,2,,
ETAG SS2 MODULE,4,1,,
ETAG SS1 MODULE,4,1,,
X DECT AF1,4,1,,
X KS,4,1,,
AA DECT AF1,4,1,,
AA KS,4,1,,
TOIT MODULE,4,1,,
T KS,4,1,,
T DECT AF1,4,1,,
PC21 BOITIER TEL WP 44,4,1,,
TYPE W,4,1,,
R4 DF2,4,1,,
TYPE P2,4,1,,
NOUV INT B/V,4,1,,
NOUV RACCORD DIRECT,4,1,,
NOUV CAMERA,4,1,,
TYPE O,4,2,,
PRISE DFT  15A 120V,4,1,,
36pi,4,1,,
20pi,4,1,,
12PI,4,1,,
RELO DETECTEUR ANTIVOL,4,1,,
CAMERA WP,4,1,,
BOUCLE VERROUILLAGE,4,1,,
ENCASTRE CARRE,4,1,,
3 FIXT TYPE S2,4,1,,
FIXT TYPE L1A-8,4,1,,
LMRD3,4,1,,
3 FIXT P3,4,1,,
3 FIXT L4F,4,1,,
3 FIXT L2-12,4,1,,
"Type H1 1'7""",4,1,,
Type EX-1G,4,1,,
"Type A1 12'5""",4,1,,
Type D1,4,1,,
"Type Y2 7'7""",4,1,,
"Type Y2 7'6""",4,1,,
SHU 7.5,4,1,,
B1000,4,1,,
ADD 3 NOTE 13,4,1,,
bp,4,1,,
FIXT TTYPE L12A,4,1,,
B1350W,4,1,,
AXIS,4,1,,
FIXT TYPE EXT1,4,1,,
TETE DOUBLE WP,4,1,,
MA2,4,1,,
LOG A TEL,4,1,,
LOG A 3V,4,1,,
LOG A1 TEL,4,1,,
LOG E TYP D,4,1,,
LOG E DECT A,4,1,,
LOG E1 DECT A,4,1,,
LOG F TYPE D,4,1,,
LOG F DECT A,4,1,,
LOG F1TYPE D,4,1,,
LOG F1 DECT A,4,1,,
LOG G DECT A,4,1,,
LOG H TYPE D,4,1,,
LOG H 3V,4,1,,
LOG J TYPE D,4,1,,
LOG J DECT A,4,1,,
LOG K GFI,4,1,,
LOG K TEL,4,1,,
LOG K1 TEL,4,1,,
LOG K1 3V,4,1,,
UNIT,4,2,,
TYPE FF,4,1,,
FIXT TYPE L1D,4,1,,
RELO FT 22,4,1,,
FIXT CD,4,1,,
FIXT TYPE FD 14,4,1,,
FT22,4,1,,
ft-14,4,1,,
EX-HP,4,1,,
BREAK GLASS,4,1,,
N19,4,1,,
N7,4,1,,
CUISINE 15/20,4,1,,
CUISINE GFI,4,1,,
FIXT TYPE R8,4,1,,
FIXT TYPE Y1,4,1,,
FIXT TYPE K3,4,2,,
FIXT TYPE K1,4,1,,
FIXT TYPE A3 303,4,1,,
TEL 303,4,1,,
U LUT-ALCR-D,4,1,,
ADD1 L1312,4,1,,
MURAL ENL,4,1,,
ENL EVAP,4,1,,
GRADATEUR 0/10,4,1,,
FIXT TYPE L07,4,1,,
GRADATEUR 0/10 DECT,4,1,,
SORTIE INFO,4,1,,
BOUTON OUVRE PORTE,4,1,,
DECT INT,4,1,,
FIXT TYPE L5 ENL,4,1,,
SIGNALISATION PORTE,4,1,,
MAGNETIC SWICHT,4,1,,
AV BOX,4,1,,
FIXT TYPE M1A,4,1,,
FIXT TYPE MOB,4,1,,
FIXT  B1,4,1,,
FIXT MOB,4,1,,
FIXT M1A,4,1,,
RACCORD ACCES CONTROL,4,1,,
ADD2 WIFI,4,1,,
Compteur 14,4,1,,
C M5B,4,1,,
C MOB,4,1,,
C M1A,4,1,,
C B1,4,1,,
C K,4,1,,
COMM PRISE 15A GFI,4,1,,
75CD,4,1,,
COMM TYPE B1,4,1,,
COMM TYPE K,4,1,,
COMM TYPE J1,4,1,,
COMM TYPE H7,4,1,,
COMM TYPE M1A,4,1,,
COMM TYPE MOB,4,1,,
ADD7 PRISE,4,1,,
COMM PRISE 15/20A CR,4,1,,
MOTEUR 1/2 HP 120V,4,2,,
SC 1.8,4,1,,
FIXT B2 2pi,4,1,,
500w,4,2,,
monox,4,1,,
plinthe ch,4,1,,
wf,4,1,,
INTERR,4,1,,
ADD INTERRUPTEUR,4,1,,
60A F 600V,4,1,,
FIXT TYPE ENCASTRE RELO,4,1,,
RACCORD C/E,4,2,,
CO-T-01,4,1,,
A PRISE 15/20,4,2,,
A KLAXON STROB,4,1,,
SERV CE,4,1,,
C 1500W,4,2,,
D RELAIS,4,2,,
D KLAXON,4,1,,
D 1500W,4,1,,
E RELAIS,4,2,,
E DECT,4,2,,
F DECT,4,1,,
G 1W,4,1,,
INV TH,4,1,,
INV F DECT,4,1,,
N 1500W SER,4,1,,
UNE 3 PH,4,1,,
SER 1500W,4,1,,
BOLARD PRISE,4,1,,
1/3 HP 120,4,2,,
FIXT TYPE L 26,4,2,,
FIXT TYPE L25,4,2,,
INT 4VOIE,4,2,,
BOITIER BORNR DIN,4,2,,
MOTEUR 60HP,4,2,,
CHAUFFAGE TYPE A,4,2,,
ADD 2 L17A,4,2,,
ADD 2 L26,4,2,,
ADD 2 L23,4,2,,
ADD 2 L25,4,2,,
SQ TEL,4,1,,
SQ INT,4,1,,
SK INT,4,1,,
SKA GFI,4,1,,
SKA TEL,4,1,,
SUITE GFI,4,1,,
SUITE INT,4,1,,
BATTERIE 144W,4,1,,
DTQ DIM,4,1,,
FIXT TYPE O,4,1,,
ADD2 TYPE Y,4,1,,
ADD 2 1000W RELAIS,4,1,,
PRISE WP T,4,1,,
D/M WP 30A,4,1,,
PORTE E1,4,1,,
enseigne feu ne pas entre,4,1,,
MOTEUR 1/3 HP 120V,4,1,,
D/M 1/3  1PH,4,1,,
DESCENTE 18po,4,1,,
DESCENTE 12po,4,1,,
FIXT J2,4,2,,
FIXT T,4,2,,
WDT,4,2,,
3RL,4,2,,
SMS,4,2,,
A DSC SD15W,4,2,,
MONUMENT PLANCHER DOUBLE,4,1,,
MONUMENT SIMPLE,4,1,,
zone 104 /105  /106,4,1,,
SOUMIS,4,1,,
zone 16/17/14/15,4,1,,
RC2,4,2,,
C 15,4,2,,
B 5,4,2,,
A5000W,4,1,,
B 300,4,1,,
MOTEUR 1HP 240V,4,1,,
D/M COMB,4,1,,
P 1250,4,1,,
3CH PIAZO,4,1,,
5 CH DECT A,4,1,,
PRISE GFI WP TOIT,4,1,,
SER,4,1,,
DECTEUR CONSERVER,4,1,,
FIXT TYPE L5A -2,4,1,,
ZONE A QUADRUPLEX,4,1,,
2.9 DM,4,1,,
PH.1 DM,4,1,,
ADD FIXT TYPE E,4,1,,
ADD FIXT TYPE B,4,1,,
FIXT TYPE BO-2,4,1,,
DDECTEUR GAINE,4,1,,
PRISE TOIT 20A,4,1,,
PH 41/2 GFI,4,1,,
PH 51/2 3 VOIE,4,1,,
PH 41/2 3 VOIE,4,1,,
51/2 KS,4,1,,
PH 51/2 KS,4,1,,
PH 51/2 DECT F,4,1,,
51/2 DECT F,4,1,,
PH 41/2 TEL,4,1,,
PH 51/2 TV,4,1,,
EXT-1,4,1,,
C LO1,4,1,,
FIXT TYPE LO6B,4,1,,
FIXT TYPE LO3,4,1,,
FIXT TYPE LO4G,4,1,,
MONUMENT TYPE A,4,1,,
PRISE 20A IMP,4,2,,
BOITE RACCORD 3CCT,4,2,,
rev prise gfi,4,1,,
détrecteur de gaine,4,1,,
P2000W,4,2,,
THERMOSTAT BASSE TENSION,4,1,,
INTERRUPTEUR UNIPOLAIRE,4,1,,
NQ15,4,1,,
TRIAC ALUX3RE153T208V,4,1,,
COND 1po,4,1,,
Compteur RELO FIXT 2X4,4,1,,
FIXT TYPE L7.3,4,1,,
FIXT TYPE L5.1,4,1,,
PRISE 15/20A NOIRE,4,1,,
D/M COMB 2HP 600V,4,2,,
RACCORD C/O,4,1,,
detecteur 360,4,1,,
FIXT TYPE BOLARD,4,1,,
RUBAN HZDR300,4,2,,
REV FIXTURE TYPE E1,4,2,,
REV MINUTERIE,4,2,,
REV B 3000W 347V,4,2,,
REV MOTEUR 1/3 HP 120V,4,2,,
REV CHAUFFE-EAU,4,2,,
REV 30A NF HUB,4,2,,
REV D/M COMB 40HP,4,2,,
REV SECTINNEUR 30A NF,4,2,,
REV D/M COB 15A 600V,4,2,,
REV KLAXON,4,2,,
REV DÉTECTEUR FUMÉ,4,2,,
REV BOUTON URGENCE FPA,4,2,,
REV INT DEBIT,4,2,,
REV H RACK,4,2,,
REV DESCENT 18 PO,4,2,,
REV MR4,4,2,,
BOITIER 4X,4,2,,
REV 45 DEGRÉ HORIZONTAL 8po,4,2,,
CABLE CHAUFFANT 5XLE2 208V 5Wpi,4,2,,
EPISSURE EN T RAYCLIC-T,4,2,,
RELO MOTEUR 2HP,4,2,,
PERCEMENT MUR (5),4,2,,
FIXT TYPR D,4,1,,
P 2000W,4,1,,
RAIL L1 2337,4,1,,
RAIL L1 2732,4,1,,
RAIL L1 3276,4,1,,
RAIL L2 2438,4,1,,
RAIL L1 2205,4,1,,
A RAIL L1 NOIR 2337,4,1,,
A RAIL L1 NOIR 2732,4,1,,
A RAIL L1 NOIR 3276,4,1,,
A RAIL L2 NOIR 2438,4,1,,
A RAIL L1 NOIR 4267,4,1,,
A RAIL L1 NOIR 4921,4,1,,
OS DT6S,4,1,,
P  S,4,1,,
FIXT TYPE L16A,4,1,,
DC NOUV,4,1,,
FIXT TYPE 1X4 ENLV,4,1,,
ba x6 type d,4,1,,
da x1 type d,4,1,,
ea x4 type d,4,1,,
fa x4 type d,4,1,,
fa x4 th,4,1,,
fa x4 strob,4,1,,
ja x1 type d,4,1,,
ka x3 type d,4,1,,
bb x6 type d,4,1,,
cb x4 type d,4,1,,
db x4 type d,4,1,,
FIXTURE TYPE W2,4,1,,
SERV B 1500W,4,1,,
SERV PRISE TOIT,4,1,,
A STROB,4,1,,
A PRISE 15/20A,4,1,,
C PRISE 15/20A,4,1,,
I FIXT TYPE C2,4,1,,
G PRISE 15/20A,4,1,,
F- Detecteur Batterie/120,4,1,,
F - Strob log,4,1,,
F- TV,4,1,,
L RELAIS,4,1,,
N RELAIS,4,1,,
UC-1,4,1,,
ADD PRISE 20A RATELIERE,4,1,,
FIXT TYPE L1-07,4,1,,
FIXT U5,4,1,,
RELO GACHE,4,1,,
ENL CONTACT PORTE,4,1,,
GACHE R,4,1,,
FIXTURE TYPE L9 -6,4,1,,
FIXTURE TYPE L 16,4,1,,
fixt l9-7,4,1,,
THERMOSTAT RELO,4,1,,
HP PL RELO,4,1,,
RELO BOITE CONTROL ACCESS,4,1,,
PERCEMENT PLANCHER LECTEUR,4,1,,
CONTACTEUR 12 POLE 30A,4,2,,
INVERTER,4,2,,
CROIX TYPE B,4,2,,
TEE TYPE FS,4,2,,
FIXTURE LT-J-B,4,2,,
BATERIE 2TETE,4,2,,
TETE URG SIMPLE,4,2,,
PRISE WP-,4,2,,
INT DETECT PR-,4,2,,
T -,4,2,,
FIXT TYPE DE4/B-1,4,1,,
COMBO U4,4,1,,
ct3,4,1,,
FIXT TYPE D4D,4,1,,
SEC OPERATEUR PORTE,4,1,,
SEC CONTROL ACCES,4,1,,
SEC TROMPETTE C/A GARDE,4,1,,
C2 3000W,4,1,,
2/0   4/0 AL,4,1,,
D 2500W,4,1,,
PMP-002B,4,1,,
GARDE HP,4,1,,
UAF 30A,4,2,,
MOTEUR HU,4,2,,
CH9 FIXT TYPE A2,4,2,,
CH9 FIXT TYPE B4,4,2,,
CH9 FIXT TYPE B2,4,2,,
CH9 FIXT TYPE B1,4,2,,
CH9 STROB,4,2,,
CH9 4 VOIE,4,2,,
CH7 FIXT B4,4,2,,
CH7 FIXT B2,4,2,,
CH7 FIXT B1,4,2,,
CH7 FIXT A2,4,2,,
CH7 STROB,4,2,,
CH7 4VOIE,4,2,,
CH4 FIXT A2,4,2,,
CH4 FIXT B1,4,2,,
CH4 FIXT B2,4,2,,
CH4 FIXT B4,4,2,,
CH4 4 VOIE,4,2,,
CH4 STROB,4,2,,
CH1 FIXT A2,4,2,,
CH1 FIXT B1,4,2,,
CH1 FIXT B2,4,2,,
CH1 FIXT B4,4,2,,
CH1 STROB,4,2,,
CH1 4 VOIE,4,2,,
CH10 FIXT A2,4,2,,
CH10 FIXT B1,4,2,,
CH10 FIXY B2,4,2,,
CH10 FIXT B4,4,2,,
CH10 4 VOIE,4,2,,
CH10 STROB,4,2,,
CH8 FIXT B1,4,2,,
CH8 FIXT A2,4,2,,
CH8 FIXT B4,4,2,,
CH8 FIXT B2,4,2,,
CH8 STROB,4,2,,
CH8 4 VOIE,4,2,,
CH5 FIXT A2,4,2,,
CH5 FIXT B1,4,2,,
CH5 FIXT B2,4,2,,
CH5 STROB,4,2,,
CH2 FIXT B1,4,2,,
CH2 FIXT A2,4,2,,
CH2 FIXT B4,4,2,,
CH2 FIXT B2,4,2,,
CH2 4 VOIE,4,2,,
CH2 STROB,4,2,,
CH11 FIXT B1,4,2,,
CH11 FIXT B2,4,2,,
CH11 FIXT B4,4,2,,
CH11 FIXT B8,4,2,,
CH6 FIXT B1,4,2,,
CH6 FIXT A2,4,2,,
CH6 4 VOIE,4,2,,
CH6 STROB,4,2,,
CH3 FIXT A2,4,2,,
CH3 FIXT B1,4,2,,
CH3 STROB,4,2,,
CH3 4 VOIE,4,2,,
CH9-TEL,4,1,,
CH2 PRISE USB,4,1,,
CABINET 4000W,4,2,,
WF3000W,4,2,,
DRI 3000W,4,2,,
SÉCHOIR,4,2,,
THERMOSTAT TB,4,2,,
RESTO 55 INFRA 800W 120V,4,2,,
RESTO 11 HESATING CABINET16.7A 120V,4,2,,
RESTO 15 IMPRIMANTE,4,2,,
RESTO 45 IMPRIMANTE,4,2,,
RESTO 100 IMPRIMANTE,4,2,,
RESTO TEL,4,2,,
ECL TYPE 2X4 HALL,4,2,,
ADD PD3 RE,4,1,,
MOTEUR EF,4,1,,
fixt type l14,4,2,,
CHAUFFE-EAU 200A 600V,4,2,,
DISCONN 200A 600V NF,4,2,,
EVG,4,1,,
serv gfi wp,4,1,,
INT GR,4,1,,
MOTEUR VE-1,4,4,,
INT WST-C-1,4,1,,
FIXT TYPE 2X2 ENL,4,1,,
FIXT TYPE 2X4 ENL,4,1,,
FIXTURE TYPE A2,4,2,,
FIXTURE TYPE M3,4,1,,
FIXTURE TYPE L3360,4,2,,
PLINTHE C500W,4,1,,
FIXT TYPE LL5 LAMPADAIRE,4,2,,
PLINTHE F 1500W,4,2,,
FORCE FLOW E 2000W,4,2,,
PRISE 15A WP 120V,4,2,,
CHAUFFE - EAU,4,2,,
ÉCHANGEUR AIR,4,2,,
LP-01,4,2,,
LAVEUSEA LINGE,4,2,,
FIXT TYPE LL1,4,2,,
SEC OP,4,2,,
RATELIER,4,2,,
FIXT TYPE DUCT LIGHT,4,2,,
1500W WF,4,2,,
HR2,4,2,,
5 3000W,4,2,,
8 BRQ,4,2,,
SELECTEUR HOA,4,2,,
NF 600A,4,2,,
JC FIXTURE TYPE A3,4,2,,
JC FIXTURE TYPE L1-4,4,2,,
jC fixture type l1-6,4,2,,
JC BATTERIE UNIT 2T,4,2,,
JC 1 1750W,4,2,,
JC 1 2000W,4,2,,
JC 1 1500W,4,2,,
JC 3 500W,4,2,,
JC CHAUFFE-EAU FMI,4,2,,
JC 30A NF,4,2,,
JC SONNETTE,4,2,,
PLINTHE A 900W,4,2,,
THERMOSTAT PLANCHER CHAUFFANT,4,2,,
TETE QUADRUPLE,4,2,,
COLONNET ALUM,4,2,,
FIXT TYPE LE,4,2,,
FIXT TYPE LN2,4,2,,
FIXT TYPE S7 RELO,4,2,,
HAUT PARLEUR MURAL RELO,4,2,,
AD S7 RELO,4,2,,
AD N3,4,2,,
AD LE,4,2,,
INTERRUTEUR,4,1,,
SORTIE ELECT POUR LED FPA,4,1,,
NOTE 2 RACCORD BAND DE LED FPA,4,1,,
3  MODIFICATION SUPPORT FIXATION P2/P3/P4,4,1,,
MICRO ONDE,4,2,,
FIXT LI-2,4,2,,
FIXT TYPE L05F,4,1,,
FIXT TYPE LP1 16pi,4,1,,
FIXT TYPE LP7,4,1,,
FIXT TYPE LP6,4,1,,
FIXT TYPE LP1 24 pi,4,1,,
fixt type lp11 18PI,4,1,,
20A 1P 120V,4,1,,
PRISE 15A 125V PL ENROULEUR,4,1,,
"Sleeve 3""",3,1,,
Monument Wellmark Encastré 1x Prise 2x Sortie data,3,1,,
Disc Sw 30A 208V SF WP,3,2,,
Panel Mod,3,2,,
Plinthe Stelpro ALUX3 1250W 347V,3,1,,
Plinthe Stelpro ALUX3 1500W 347V,3,1,,
3#8 Motor,3,3,,
Type L3.4 - 6Ft,3,1,,
Station Manuel to relo,3,2,,
Disc Sw 200A 600V Fused,3,1,,
"Cable Tray 90D 24""",3,1,,
"Cable Tray ""T"" Connecteur 3x 24""",3,1,,
"Cable Tray 90D 12""",3,1,,
Détecteur Présence CNT1,3,1,,
Détecteur Présence CNT2,3,1,,
Switch CNT7,3,1,,
Panneau Annonciateur,3,1,,
Type L7,3,1,,
Plinthe C2 120V 600W,3,1,,
Disc Sw 30A 240V SF,3,1,,
Battery RGS24S144-2-LD14,3,1,,
Monument T&B 668-S,3,1,,
Dsic Sw 30A 600V SF,3,1,,
Man Starter 120V 1hp,3,1,,
Panel to Remove,3,1,,
Battery LSC-28-W-2-LD2,3,1,,
Hp to Remove,3,1,,
Switch SSW,3,1,,
Type L19,3,1,,
Type P5,3,1,,
Type R,3,1,,
Type U,3,1,,
LUT 5WH,3,1,,
Plinthe B1 750W,3,1,,
FA Cloche,3,1,,
FA Station Manuelle,3,1,,
Monument Connectrac (InCarpet 3.7) 2xPrises 1xtel,3,1,,
Type A3G,3,1,,
Type P1,3,1,,
Détecteur Type C,3,1,,
Lutron Maestro,3,1,,
Carillon,3,1,,
"Tel/Data 2""",3,1,,
CO-,3,1,,
S EVAP,3,2,,
S GFI WP,3,1,,
STE MUAA060211 2KW,3,1,,
WF 500W,3,1,,
2620 GFI,3,1,,
2620 TH,3,1,,
fixt wh,3,1,,
INT BV,3,1,,
PLINTHE RELO,3,2,,
D5000W,3,1,,
TETE URG 2,3,1,,
A1750W,3,1,,
FIXT TYPE B1 EXTERIEUR,3,1,,
POTEAUX HQ,3,3,,
FIXT TYPE S14,3,2,,
FIXT TYPE S12,3,2,,
FIXT TYPE F8,3,3,,
MOTEUR 2HP 600V,3,2,,
COUVERT PROTECTEUR STATION,3,1,,
ADD DETECT DUCT,3,1,,
FIXT TYPE EXT P1,3,1,,
PRISE 30A 3P L14-30R 9430,3,1,,
LAMPADIRE L2M3,3,1,,
LAMPADAIRE L3M1,3,1,,
ECH-1,3,3,,
BOITE MOBIOLIER 4CCT,3,1,,
BOITE MOBILIER 2CCT,3,1,,
FIXT TYPÊ C7,3,1,,
DISJ 20A 347V 1P,3,1,,
monument plancher,3,3,,
COLONNETTE B 2CCT 120V 6T,3,1,,
RELO PANN 42CCT 120/208V,3,2,,
ADD4 FIXT TYPE L2,3,1,,
ADD4 FIXT S1,3,1,,
ADD4 SE,3,1,,
ADD4 BDV,3,1,,
LELEPHONE POMPIER,3,1,,
CABLE 3/10 +2/14 CONTACT,3,1,,
10HP 600V,3,1,,
CI.R,3,1,,
MOTEUR 10HP,3,2,,
VE-E,3,3,,
BOITE D 12X12X6PO CEMA1,3,1,LQE011273,HOFASE12126
TYPE H2,3,1,,
FIXT TYPE B 8pi,3,1,,
FIXT TYPE B 9pi,3,1,,
FIXT TYPE J 3pi,3,1,,
MOTEUR 1/4HP 600V,3,1,,
DEMARREUR MANUEL 600V,3,1,,
30A 2P,3,3,,
15A 3P 600V,3,1,,
STORE MOTORIZER,3,1,,
ECRAN RESERVATION,3,1,,
FIXT TYPR L9.3,3,1,,
L9.3,3,1,,
L1.1,3,1,,
P-20,3,1,,
BOITE IPEXH887,3,1,,
INT 347V,3,2,,
MOTEUR VE 120V,3,1,,
PAI,3,3,,
FIXT TYPE L96,3,1,,
FIXT TYPE KL60,3,1,,
KL60,3,1,,
KUA-60,3,1,,
K-UA 36 FIXT,3,1,,
ENSEIGNE EXTERIEUR,3,2,,
PRISE SIMPLE,3,1,,
FIXT TYPE FC4,3,1,,
INT PR 347V,3,1,,
DM3,3,3,,
7.5 KW,3,3,,
FIXT TYPE LS7,3,1,,
FIXT TYPE LS6A,3,1,,
TYPE LR4B,3,1,,
TYPE LS7,3,1,,
TYPE LT1S,3,1,,
RELO STROB 10po,3,1,,
B2000W 347V,3,1,,
RELO BRASSEUR AIR,3,1,,
CO2,3,1,,
GFI 20A 120V,3,1,,
RELAIS ASSC,3,1,,
FIXT TYPE E 6,3,1,,
FIXT TYPE E 9,3,1,,
1/6 HP,3,2,,
30A TW 125V,3,1,,
LAMPADAIRE TYPE N,3,1,,
EXIT S2 WP,3,1,,
NF 120V,3,1,,
RELO AE,3,1,,
STRIP 24po,3,1,,
FIXT TYPE D2W,3,1,,
D2W,3,1,,
30 KVA,3,1,,
A/C UNIT DISCONN,3,1,,
EUH1,3,1,,
FIXT TYPE EL-2,3,1,,
RELO HP EXT,3,1,,
VA1,3,3,,
UV,3,1,,
10KW,3,2,,
LAMPADAIRE P2,3,2,,
DEMO TR,3,1,,
DEMO L7,3,1,,
DEMO L8,3,1,,
V WP,3,1,,
INT 347 3V,3,1,,
SERPENTIN ME18,3,1,,
SERPENTIN ME18 203,3,1,,
GRADATEUR ME18 302,3,1,,
INT ME18 302,3,1,,
FIXT L8 ME18 303,3,1,,
moteur ve,3,1,,
PCP,3,2,,
RIDEAUX AIR,3,3,,
A LED,3,1,,
TOILE MOTORIZER,3,1,,
L2C,3,1,,
LAMPADAIRE DOUBLE ENLEVER,3,1,,
MOTEUR F,3,1,,
1/3 HP,3,2,,
fuse 250a,3,1,,
fuse 200a,3,1,,
v1,3,1,,
v2,3,1,,
v,3,1,,
c1,3,1,,
c2,3,1,,
c3,3,1,,
c4,3,1,,
b1,3,1,,
AP 500W,3,1,,
FIXT TYPE L11 ENCASTRE,3,1,,
FIXT TYPPE G,3,1,,
45 KVA ENL,3,1,,
FUMER,3,1,,
Colonette 4ccts,3,1,,
contacteur,3,2,,
SYST 1,3,1,,
Compteur 1SECHE MAIN,3,1,,
BOITE PVC ENFOUI SOL,3,1,,
FIXT TYTPE S4,3,1,,
DETECTEUR MOUV C,3,1,,
FIXT TYPE 19B,3,1,,
FIXT TYPE 19A,3,1,,
CCCCCCARTE ACCES,3,1,,
APPLIQUE MURAL,3,2,,
PARTITION ELECTRIFIER,3,1,,
FIXT TYPE 85B,3,1,,
SECTIONNEUR S2,3,1,,
TW 15A,3,1,,
COLONNETTE HUB,3,1,,
STATIONMANUEL,3,1,,
HEATER,3,1,,
DFT,3,2,,
COLONNETTE AL,3,1,,
F3000W,3,1,,
CONTROLEUR PORTE,3,1,,
BATTERIE 2 TETE,3,1,,
MOTEUR V,3,1,,
NF 30A 600V WP,3,1,,
MOTEUR 7.5HP,3,2,,
MOTEUR 3 HP 600V,3,3,,
VC-01,3,3,,
ENSEIGNE SORTIE 2 TETE,3,1,,
ENROULEUR EXISTANT,3,1,,
600W 347V,3,1,,
GRADATEUR 0/10V DECT,3,1,,
M RELO,3,1,,
DETECTEUR 197,3,1,,
DECTEUR 135,3,1,,
SÉCHOIRE A MAIN,3,1,,
A VENT TOIL,3,1,,
B VENT TOIL,3,1,,
POMPE 1/2HP,3,2,,
A PP1000,3,1,,
A 10KW,3,3,,
B B1250W,3,2,,
a 750w,3,1,,
a pp1000w,3,1,,
PRISE MICRO ONDE,3,1,,
15A1P 120V,3,1,,
D/M COMB 30A 600V FPA,3,1,,
DECT COMBUSTION,3,1,,
FIXT TYPE L9-4,3,1,,
END,3,1,,
TEE ECHEL,3,1,,
FIXT TYPE L1-7A,3,1,,
ENSEIGNE MURAL,3,1,,
MANCHON COUPE FEU 1po,3,1,,
BOITE SYNNERTECK,3,1,,
DETECT MOUV 5,3,1,,
PRISE L5-30R,3,2,,
D/M COMBINER 3HP,3,1,,
CHAUFFAGE B,3,1,,
PASS FIXT TYPE L7,3,1,,
VENT 8X8,3,1,,
VE01,3,1,,
DETECTEUR AC,3,1,,
2L DECT A,3,1,,
3B P,3,1,,
2A DECT A,3,1,,
2B DECT A,3,1,,
3C P,3,1,,
2C DECT A,3,1,,
2G DECT A,3,1,,
2E DECT A,3,1,,
2I DECT A,3,1,,
1G INT,3,1,,
2J DECT A,3,1,,
2K DECT A,3,1,,
1E DECT A,3,1,,
FIXT ER,3,1,,
BOITE PARASOLE,3,1,,
WF3000W 347V,3,1,,
RACCORD DIRECT 15A,3,1,,
CBB 1250W,3,1,,
CBB2000W,3,1,,
PRISE 30A 120/240V,3,1,,
PRISE 50A 240V,3,1,,
201 FIXT M2,3,1,,
201 KLAXON,3,1,,
401 DECT A,3,1,,
SER DECT MOUV,3,1,,
101 PRISE GFI,3,1,,
204 GFI,3,1,,
204 TEL,3,1,,
204 TH,3,1,,
202 GFI,3,1,,
202 TEL,3,1,,
202 TH,3,1,,
401 GFI,3,1,,
FIXT TYPE AB,3,1,,
ComGFI,3,1,,
SPDH 12,3,1,,
VE-01,3,3,,
T SIMP,3,1,,
DETECTEUR CAC-DT,3,1,,
SLD010,3,1,,
D1N,3,1,,
4000W SOR,3,1,,
horloge,3,1,,
FIXT TYPE E5A,3,1,,
RACCORD EV,3,1,,
SS2 POMPE,3,1,,
G  WF1000W,3,1,,
ETAG1 750W,3,1,,
M TV,3,2,,
M TH,3,2,,
H TV,3,2,,
F POELE,3,3,,
F HOTTE,3,3,,
E HOTTE,3,3,,
E 15/20A,3,2,,
D 300W,3,2,,
D EVAP,3,3,,
C1 300W,3,1,,
C 300W,3,2,,
C POELE,3,3,,
C EVAP,3,3,,
B EVAP,3,3,,
B 15/20A,3,2,,
A EVAP,3,3,,
X GFI,3,1,,
X TEL,3,1,,
X TH,3,1,,
Z GFI,3,1,,
Z TH,3,1,,
Z 750W,3,1,,
Y GFI,3,1,,
G 1000W,3,2,,
C SECHEUSE,3,3,,
E SECHEUSE,3,3,,
F SECHEUSE,3,3,,
H1 GFI,3,1,,
H1 TEL,3,1,,
H1 TN,3,1,,
O TV,3,2,,
M1 GFI,3,1,,
Q GFI,3,1,,
R GFI,3,1,,
S GFI,3,1,,
T GFI,3,1,,
T TH,3,1,,
U TEL,3,1,,
W GFI,3,1,,
H2 GFI,3,1,,
H2 TEL,3,1,,
H2 TH,3,1,,
QQ1 GFI,3,1,,
QQ GFI,3,1,,
PP GFI,3,1,,
OO GFI,3,1,,
NN GFI,3,1,,
NN TH,3,1,,
NN TEL,3,1,,
MM GFI,3,1,,
BB GFI,3,1,,
BB TH,3,1,,
BB TEL,3,1,,
KK GFI,3,1,,
AA GFI,3,1,,
AA TEL,3,1,,
AA TH,3,1,,
CC GFI,3,1,,
DD GFI,3,1,,
DD TH,3,1,,
EE TH,3,1,,
EE 1000W,3,1,,
EE TEL,3,1,,
FF GFI,3,1,,
FF TH,3,1,,
GG GFI,3,1,,
GG TEL,3,1,,
GG TH,3,1,,
HH GFI,3,1,,
HH H,3,1,,
HH TEL,3,1,,
II GFI,3,1,,
J1 GFI,3,1,,
J1 TEL,3,1,,
J1 TH,3,1,,
X1 GFI,3,1,,
X1 TH,3,1,,
X1 TEL,3,1,,
X1 1000W,3,1,,
Z1 GFI,3,1,,
Z1 TEL,3,1,,
Z1 TH,3,1,,
AA1 GFI,3,1,,
TOIT V,3,1,,
F MURAL,3,2,,
TOIT EXIT 2T,3,1,,
Z DECT AF1,3,1,,
Z KS,3,1,,
ETAG2 STATION,3,1,,
H1 DECT AF1,3,1,,
H1 KS,3,1,,
ETAG 3 STATION,3,1,,
H2 KS,3,1,,
H2 DECT AF1,3,1,,
QQ DECT AF1,3,1,,
QQ KS,3,1,,
NN KS,3,1,,
NN DECT AF1,3,1,,
BB DECT AF1,3,1,,
BB KS,3,1,,
CETAG STATION,3,1,,
JJ1 KS,3,1,,
JJ1 DECT AF1,3,1,,
JJ KLAXON,3,1,,
JJ DETEC AF1,3,1,,
HH DECT AF1,3,1,,
HH KS,3,1,,
GG DECT AF1,3,1,,
GG KS,3,1,,
FF DECT AF1,3,1,,
FF KS,3,1,,
EE KS,3,1,,
EE DECT AF1,3,1,,
DD DECT AF1,3,1,,
DD KS,3,1,,
CC DECT AF1,3,1,,
CC KS,3,1,,
ETAG 5 STATION,3,1,,
ETAG 6 STATION,3,1,,
ETAG 7 STATION,3,1,,
ETAG 8 STATION,3,1,,
ETAG 9 STATION,3,1,,
Z1 DECT AF1,3,1,,
Z1 KS,3,1,,
ETAG 10 STATION,3,1,,
X1 DECT AF1,3,1,,
X1 KS,3,1,,
ETAG 1 DECT AF1,3,1,,
U KS,3,1,,
S KS,3,1,,
S DECT AF1,3,1,,
C1 KS,3,1,,
C1 DECT AF1,3,1,,
C DECT AF1,3,1,,
B DECT AF1,3,1,,
A DECT AF1,3,1,,
J DECT AF1,3,1,,
J KS,3,1,,
K DECT AF1,3,1,,
K KS,3,1,,
L DECT AF1,3,1,,
L KS,3,1,,
CLV,3,1,,
CRÉDIT STATION,3,1,,
REFLECTEUR,3,1,,
PC21 31 BOITIER TEL,3,1,,
PC21 BOITIER TEL WP 46,3,1,,
STATION MANUEL CRÉDIT,3,1,,
HP 17 T1,3,1,,
BOILER,3,1,,
NPS80,3,1,,
TYPE U,3,1,,
TYPE Q,3,1,,
EXIT US,3,1,,
NOUV INT,3,1,,
NOUV HORN,3,1,,
NOUV STATION,3,1,,
NOUV GRADATEUR B/V EXT,3,1,,
NOUV SERPENTIN,3,1,,
NOUV AEI,3,1,,
NOUV CE,3,1,,
BATTERIA UNIT 2 T,3,1,,
28pi,3,1,,
140pi,3,1,,
16pi,3,1,,
FIXT TYPE LU,3,1,,
COLONNETTE CP2,3,1,,
ENSEIGNE INTERIEUR,3,1,,
PRISE C/A CABE TIRE,3,1,,
B 4KW,3,1,,
D.9KW,3,1,,
BUZZER,3,2,,
RACCORD DIRECT NEON,3,1,,
MUA,3,2,,
P6,3,1,,
FIXT TY^PE L4D,3,1,,
FIXT TYPE P6,3,1,,
FIXT TYPE P8,3,1,,
LUMRD1,3,1,,
30A 2P 120V,3,1,,
"Type H1 1'1""",3,1,,
CHAUFFE-EAU 100GAL,3,1,,
BORNE DE RECHARGE 50A 120/208V,3,1,,
SHU 3,3,1,,
WF 3,3,1,,
B1500,3,1,,
VUH 20,3,1,,
CH,3,2,,
BS,3,1,,
ra,3,1,,
op,3,1,,
FIXT TYPE L12B,3,1,,
POINT ACCES,3,1,,
LOG C TYPE C,3,1,,
LOG C GFI,3,1,,
LOG D TYPE D,3,1,,
LOG D GFI,3,1,,
LOG A TYPE C,3,1,,
LOG A GFI,3,1,,
LOG A1 TYPE C,3,1,,
LOG A1 GFI,3,1,,
LOG B GFI,3,1,,
LOG D1 TYPD,3,1,,
LOG D1 GFI,3,1,,
LOG D2 TYP D,3,1,,
LOG D2 GFI,3,1,,
LOG E TYP C,3,1,,
LOG E GFI,3,1,,
LOG E TEL,3,1,,
LOG E1 TYP D,3,1,,
LOG E1 GFI,3,1,,
LOG E1 TEL,3,1,,
LOG F GFI,3,1,,
LOG F TYPE C,3,1,,
LOG F TEL,3,1,,
LOG F1 GFI,3,1,,
LOG F1 TEL,3,1,,
LOG G GFI,3,1,,
LOG G TYPE C,3,1,,
LOG G TEL,3,1,,
LOG H TYPE C,3,1,,
LOG H DECT A,3,1,,
LOG H TEL,3,1,,
LOG J GFI,3,1,,
LOG J TEL,3,1,,
LOG K TYPE C,3,1,,
LOG K1 TYPE C,3,1,,
LOG K1 TYPE D,3,1,,
LOG K1 GFI,3,1,,
fs-14t,3,1,,
N3,3,1,,
N5,3,1,,
N6,3,1,,
CUISINE RACCORD DIRECT,3,1,,
FIXT TYPE X3,3,1,,
FIXT TYPE B3 303,3,1,,
GFI 303,3,1,,
FIXT TYPE V6,3,1,,
QSM2,3,1,,
ADD1 INT,3,1,,
ADD1 Q,3,1,,
FIXT TYPE L53A,3,1,,
FIXT TYPE L08,3,1,,
FIXT TYPE L11A,3,1,,
DEMARREUR COMBINER,3,1,,
DEMAREUR MANUEL,3,1,,
COVERTISEUR FPA,3,1,,
TRANSFO FPA,3,1,,
60A 600V NF,3,2,,
SIRENE INTRUSION,3,1,,
FIXT TYOE L14,3,1,,
RACCORD FUTURE,3,1,,
X4,3,1,,
15A USB,3,1,,
CHAUFF 3.1,3,1,,
FIXT TYPE P1C,3,1,,
FIXT P3B,3,1,,
FIXT P5A,3,1,,
FIXT P1C,3,1,,
ADD 224X24X6,3,1,,
COMM TYPE X4,3,1,,
C P5A,3,1,,
C P1C,3,1,,
C X4,3,1,,
C L4,3,1,,
C J1,3,1,,
SLEEVE 2 PO,3,1,,
P1C EXIST,3,1,,
COMM TYPE P1C,3,1,,
COMM TYPE L7,3,1,,
COMM TYPE L4,3,1,,
COMM TYPE M5C,3,1,,
COMM PRISE 15A USB,3,1,,
COMM MONUMENT TYPE B,3,1,,
FIXT TYPE J5,3,1,,
DMS,3,1,,
INT RERLO,3,1,,
FIXT 3 pi UR,3,1,,
FIXT N1 4pi,3,1,,
BHU,3,1,,
wf2000w,3,1,,
plinthe,3,1,,
DOUCHE,3,1,,
SURFACE,3,1,,
MONUMENT ENL,3,1,,
EV-NH3 3X1/2 HP,3,1,,
NIV,3,1,,
N3-1-F,3,1,,
F 400A,3,1,,
A ECL +,3,1,,
A 20A GFI,3,1,,
B 20A GFI,3,1,,
B PRISE 20A,3,2,,
B RELAIS,3,2,,
SERV TYPE  Q WP,3,1,,
SERV EXIT WP,3,1,,
SERV VOLET MOTO,3,1,,
SERV 2KW F,3,1,,
C 20A,3,2,,
C RELAIS,3,2,,
D 20A,3,2,,
D GFI 20A,3,1,,
D POELE,3,3,,
D ECL +,3,1,,
F GFI 20A,3,1,,
F KLAXON,3,1,,
G GFI 20A,3,1,,
G DECT,3,2,,
G RELAIS,3,2,,
INV GFI 20A,3,1,,
INV TV,3,1,,
INV KLAXON,3,1,,
INV F TEL,3,1,,
INV F INT,3,1,,
N AG,3,1,,
N UNE,3,1,,
N EV8,3,1,,
AG 120V,3,1,,
EV-8,3,1,,
LAMPADAIRE PH1,3,1,,
LAMPADAIRE PH 3,3,1,,
FIXT TYPE L8W2,3,3,,
SQ GFI,3,1,,
SK GFI,3,1,,
SK TEL,3,1,,
SKA INT,3,1,,
CQ INT,3,1,,
CQ ECL,3,1,,
CQSOFA INT,3,1,,
CQSOFA ECL,3,1,,
CK TEL,3,1,,
CK ECL,3,1,,
CKA ECL,3,1,,
SUITE TEL,3,1,,
ADD 2 TEL,3,1,,
UC-1 30A,3,1,,
AFFICHEUR ANNONCIATEUR,3,1,,
UNITE DE CONTROL SYST,3,1,,
EXISTANT TAI,3,1,,
EXISTANT CAI,3,1,,
boite 2 hr feu,3,1,,
RELO STRIP,3,2,,
LAMPADAIRE POTEAUX BOIS,3,1,,
fixt type e3,3,1,,
D 2000W,3,2,,
MOTEUR PORTE GARAGE,3,3,,
STRUCTURE CANTRUS,3,1,,
90 18po,3,1,,
90 12po,3,1,,
EXIT 2T EXISTANT RELO,3,1,,
FIXT TYPE WH,3,1,,
Compteur NOUV SORTIE TEL,3,1,,
dc08 fixt type l6,3,1,,
dc08 fixt type l8,3,1,,
dc08 fixt type l9-12,3,1,,
dc08 fixt type 16,3,1,,
B 500,3,1,,
3CH GFI,3,1,,
ECH 2 PIAZO,3,1,,
ECH2 DECT A,3,1,,
4 CH PIAZO,3,1,,
4 CH DECT A,3,1,,
5 CH PIAZO,3,1,,
5 CH 3 VOIE,3,1,,
disj 150a 14ka power line 3,3,1,,
FIXT TYPE L4-16,3,1,,
FIXT TYPE R22,3,1,,
PL 2000W,3,1,,
PLINTHE CHAUFFANTE,3,1,,
KP-6,3,1,,
FIXT TYPE 105,3,1,,
BOITE VULUME,3,1,,
FIXT TYPE WPD,3,3,,
H    F,3,1,,
E    D,3,1,,
E    G,3,1,,
F   D2,3,1,,
B   E,3,1,,
S.4 INT,3,1,,
1.14 DM,3,1,,
PH.1 EXT,3,1,,
SERVICE GFI,3,1,,
SERV TEL,3,2,,
station,3,1,,
FIXT BO-1,3,1,,
BASE LAMPADAIRE BO-2,3,1,,
MOTEUR 2 HP,3,2,,
T28,3,1,,
T21,3,1,,
T19,3,1,,
T13,3,1,,
21/2 TEL,3,1,,
E  GFI,3,1,,
51/2 GFI,3,1,,
PH 41/2 KS,3,1,,
D DECT F,3,1,,
PH 41/2 DECT F,3,1,,
F DECT F,3,1,,
E DECT F,3,1,,
PH 41/2 TV,3,1,,
51/2 TV,3,1,,
30A F15,3,1,,
A LO1,3,1,,
A LO8,3,1,,
B LO1,3,1,,
B LO8,3,1,,
B PIAZO,3,1,,
B DETECTEUR,3,1,,
B T,3,1,,
C LO8,3,1,,
C PIAZO,3,1,,
D LO1,3,1,,
FIXT TYPE LO4B,3,1,,
FIXT TYPE LO1E,3,1,,
rev fixt trype a,3,1,,
rev gradateur,3,1,,
rev prise,3,1,,
FIXT TYPE L3 6.6 2TETE,3,1,,
BOUTON SONNETTE 12V,3,1,,
RELAI PORTE,3,1,,
MONITEUR CAMÉRA,3,1,,
PLINTHE 450W SRC,3,1,,
PLINTHE 750W SRC,3,1,,
FIXTURE GR,3,1,,
BATTERIE PACK 2 TETE,3,1,,
GRADATEUR 3 VOIES,3,1,,
MODULE ADRESS SUPERVISION,3,1,,
RELAIS VOLET AI,3,1,,
DETECTEUR DP2,3,1,,
GFI A,3,1,,
PRISE CONTROLE  A,3,1,,
101 PRISE CONTROLE,3,1,,
ECL PL,3,1,,
FIXT TYPE L8.1,3,1,,
FIXT TYPE L7.2,3,1,,
C2,3,1,,
BOITE RACCORD MONUMENT,3,1,,
RACCORD DIRECT CONVOYEUR BAGAGE,3,1,,
MOTEUR 5HP 600V,3,1,,
PDI,3,2,,
PCA,3,2,,
FIXT TYPE S3 9,3,1,,
DM 360,3,1,,
CONVERTISEUR 3,3,1,,
TIRET,3,1,,
LUMIERE APPEL,3,1,,
RACCORD TRANSF ET INT ROBINETTERIE,3,1,,
P500,3,1,,
RA-03 2KW,3,1,,
COLONNETTEC2,3,1,,
COLONNETTE C5,3,1,,
DISCONN WP 30A,3,1,,
RAIL L2 3048,3,1,,
DÉTECTEUR MOUVEMENT,3,1,,
FIXT TYPE DDL,3,1,,
INT B/V 3,3,1,,
FIXT TYPE L11 G,3,1,,
INT 3 VOI,3,1,,
REX NOUV,3,1,,
LECTEUR NOUV,3,1,,
DETECTEUR REQUETTE NOUV,3,1,,
SORTIE DATA RELO,3,1,,
RELO LECTEUR CARTE,3,2,,
MODULE ADRESSABLE NOUVEAU,3,1,,
INT 3 VOIE EAD,3,1,,
FIXT TYPE L22A,3,1,,
ALIMENTATION PORTE,3,1,,
BATTERIE UNIT 1 TETE,3,1,,
aa x12 type d,3,1,,
ba x4 th,3,1,,
ba x4 strob,3,1,,
da x1 strob,3,1,,
da x1 th,3,1,,
ea x4 th,3,1,,
ea x4 strob,3,1,,
ga x4 type d,3,1,,
ha x1 type d,3,1,,
ja x1 th,3,1,,
ja x1 strob,3,1,,
ka x3th,3,1,,
ka x3 strob,3,1,,
la x3 type d,3,1,,
ma x3 type d,3,1,,
na x3 type d,3,1,,
ab x15 type d,3,1,,
bb th x6,3,1,,
bb x6 strob,3,1,,
cb x4 th,3,1,,
cb x4 strob,3,1,,
db x4 th,3,1,,
db x4 strob,3,1,,
eb x3 type d,3,1,,
fb x3 type d,3,1,,
gb x3 type d,3,1,,
gbx3 th,3,1,,
gb x3 strob,3,1,,
hb x1 th,3,1,,
hb x1 strob,3,1,,
FIXTURE TYPE W1,3,1,,
A FIXT TYPE C1,3,1,,
A FIXT TYPE L3,3,1,,
B FIXT TYPE L3,3,1,,
C FIXT TYPE L3,3,1,,
D B1250W,3,1,,
B STROB,3,1,,
D DECT,3,1,,
D STROB,3,1,,
I FIXT TYPE L3,3,1,,
H FIXT TYPE L3,3,1,,
I DECT,3,1,,
I STROB,3,1,,
F-Prise Cont,3,1,,
F- GFI 15/20,3,1,,
F-Prise 20 A,3,1,,
F- Relai,3,1,,
L FIXT TYPE C2,3,1,,
L FIXT TYPE L3,3,1,,
M FIXT TYPE L3,3,1,,
O FIXT TYPE L3,3,1,,
K FIXT TYPE L3,3,1,,
N FIXT TYPE L3,3,1,,
K RELAIS,3,1,,
L DECT,3,1,,
N STROB,3,1,,
K DECT,3,1,,
K STROB,3,1,,
J DECT,3,1,,
J STROB,3,1,,
ACCUMULATEUR 3 ZONE,3,1,,
D/M FPA,3,1,,
CONTACTEUR ECL,3,1,,
PMI,3,2,,
ENL CAM,3,1,,
ADD PRISE,3,1,,
UB-1,3,3,,
ENL ENSEIGNE SORTIE,3,1,,
CHAUFFAGE MURAL RELO,3,1,,
LECTEUR RELO,3,1,,
RELO OPERATEUR,3,1,,
OPÉRATEUR R,3,1,,
STATION R,3,1,,
ENSEIGNE R,3,1,,
FIXTURE TYPE L4,3,2,,
FIXTURE TYPE L6,3,1,,
FIXTURE TYPE L9 -7,3,1,,
FIXTURE TYPE L9 -12,3,1,,
FIXTURE TYPE L8,3,1,,
FIXTURE TYPE L 13,3,1,,
DÉTECTEUR,3,1,,
FIXT TYPE DE7/B-1,3,1,,
FIXT TYPE D1C,3,1,,
ICT2,3,1,,
SEC RELAIS RELACHE,3,1,,
C1 4000W,3,1,,
C4 2000W,3,3,,
D 750W,3,1,,
THERMOSTAT 1,3,1,,
PRISE GFI WP 1,3,1,,
TP-200,3,1,,
SONDE BT,3,1,,
A 2250W,3,1,,
CH7 USB,3,1,,
CH7- TEL,3,1,,
CH4 USB,3,1,,
CH4 TEL,3,1,,
CH1 PRISE USB,3,1,,
CH1 -TEL,3,1,,
CH2 TEL-,3,1,,
CH5 -TEL,3,1,,
CH8 -TEL,3,1,,
CH10 TEL-,3,1,,
CH3 -TEL,3,1,,
CH6 USB,3,1,,
CH6 TEL-,3,1,,
SERV PRISE GFI WP,3,1,,
FIXT  TYPE L2,3,1,,
SORTIE CONTROL BATIMENT,3,1,,
INT WST-C-3,3,1,,
NOTE 4 TRANSFO MONO 25KV/347/600V 500KVA,3,1,,
BUSS DUCT3000A,3,1,,
TRANSFO 1250KVA 25KV/600V,3,1,,
ENL DETECT PR,3,1,,
FUSIBLE 45A,3,1,,
FUSIBLE 300A,3,1,,
RELO BOUTON,3,1,,
PORTE K,3,1,,
ENSEIGNE SORTIE E05,3,1,,
FIXT TYPE ENCASTRE E-5,3,1,,
FIXT TYPE C-4,3,1,,
FIXT TYPE F-4,3,1,,
BATTERIE UNIT RELO,3,1,,
INT 0/10V,3,1,,
1/3 hp,3,1,,
l05n,3,1,,
FIXT TYPE LP1 20 pi,3,1,,
FIXT TYPE LP10 9pi10po,3,1,,
ENL MONUMENT,3,1,,
BOITE RACCORD 120V,2,1,,
Type B12,2,1,,
2x2 to Relo,2,1,,
Prise Simple,2,1,,
Chauffe-Eau,2,1,,
Détecteur Monoxyde de Carbone,2,1,,
Détecteur Présence c/a Interrupteur,2,1,,
AUXBOX + 2#12 Conn,2,1,,
2#8 Motor,2,2,,
Disc Sw 60A 208V SF,2,2,,
Module de Surveillance double,2,1,,
Switch Détect Présence,2,1,,
Station Manuelle,2,1,,
Station Manuelle to Relo,2,1,,
Type L3.1 - 23Ft,2,1,,
Type L3.3 - 5Ft,2,1,,
Type L3.1 - 40Ft,2,1,,
Type L3.4 - 21Ft,2,1,,
Prise to relo,2,1,,
Cable Chauffant,2,1,,
Wall Fixt to remove,2,1,,
Disj 300A,2,1,,
Disj 50A,2,1,,
Disj 400A,2,1,,
Batterie /c Phares Double X2,2,1,,
2#10 Conn,2,1,,
Plinthe C1 347V 1500W c/a therm int,2,1,,
"Tel/Data 1 1/4""",2,1,,
Plinthe A10,2,1,,
Plinthe A10 CBW,2,1,,
Monument T&B 668-S #8,2,1,,
Prise TL 30A,2,1,,
Battery RGS-72-1-LD2,2,1,,
Détecteur Fumée à relocaliser,2,1,,
"Dimmer Lutron ""N""",2,1,,
Prise 30A 2P,2,1,,
Colonette 2ccts,2,2,,
Luminaire Mural Banker,2,1,,
Switch SW2,2,1,,
Type L22,2,1,,
Type L15,2,1,,
Type L14,2,1,,
Détecteur OS4,2,1,,
DE1 (Npp16),2,1,,
PS1,2,1,,
Type E6A,2,1,,
Phares Double X2,2,2,,
Minuterie,2,2,,
CAB-2 3#8,2,2,,
CAB-3 3#1/0,2,2,,
AMU-01 3#10,2,2,,
Thermostat Cable Chauffant,2,2,,
Panneau d'alarme Incendie,2,2,,
Cloche,2,2,,
Disjoncteur pour Sous-Station 800A 3P 600V 100kA,2,2,,
Disc Sw 800A 600V 3ph 4F Fused,2,2,,
30x30x10,2,2,,
XFO 600-120/208V 3ph 4F 45KVA,2,2,,
Panel PS-1,2,2,,
Panel PP-1,2,2,,
Inverseur 347/600V 800A 3ph 4F 25kA,2,2,,
Camlock 347/600V 800A 3ph 4F,2,2,,
Boite Jonction Teck à Triplex,2,2,,
Disjoncteur 200A 3P 600V Iline,2,2,,
Type L,2,1,,
Type J2,2,1,,
Type K2,2,2,,
LUT WDT Détecteur Présence,2,1,,
LUT 3RL Switch 3 Boutons,2,1,,
LUT OS Détecteur Présence,2,1,,
PA Module Puissance,2,1,,
LUT CL,2,1,,
Monument Wiremold 8AT2PAA 1xQuad 1xTel,2,1,,
Manual Starter 120V 1hp,2,1,,
Plug 20A GFI Au Toit,2,1,,
2#12 Opérateur porte,2,1,,
Plinthe C 1750W,2,1,,
WF 1000W,2,1,,
PLINTHE 2500W,2,1,,
DISCONN 200A NF,2,1,,
DISCONN 100A 600V,2,1,,
DISCONN 30A 600V,2,1,,
PLINTHE 1250,2,1,,
2520 TEL,2,1,,
2117 AF1-5,2,1,,
2221 AF-5,2,1,,
2223 AF-5,2,1,,
2423 AF-5,2,1,,
TETE DOUBLE CONSERVER,2,1,,
COMBO EXISTANT,2,1,,
FIXT TYPE SG1,2,2,,
RAIL 60po,2,1,,
fixt type lm4,2,1,,
fict type 2x2,2,1,,
DISJ 200A 250V 3P,2,1,,
TREX,2,1,,
PANN 5 GRADATEUR,2,1,,
A750W,2,1,,
MANUEL STATION,2,1,,
LECT CARTE,2,1,,
SORTIE 2T,2,1,,
FIXT T YPE S11,2,1,,
PRISE 50A 250V 3PH TW,2,1,,
BOITIER CAMLOCK,2,2,,
CHUDIERE 100A,2,1,,
CHAUDIERE 100A 600V,2,1,,
TP-30,2,1,,
PRISE 2710,2,1,,
REF 20A 600V,2,1,,
A/C UNIT 100A 600V,2,1,,
DISCONN 100A 600V NF WP,2,1,,
PANN ANNONCIATEUR,2,2,,
E 5000W ADD,2,1,,
C 750W PL 347V,2,1,,
E 750W 347V,2,1,,
FIXT TYPE C1 ADD2,2,1,,
FIXT EXT P2,2,1,,
FIXT TYPE EXT B1,2,1,,
FIXT TYPE ST,2,1,,
FIXT TYPE F16,2,1,,
FIXT TYPE R24,2,1,,
BOUTON URGENCE,2,2,,
C75,2,1,,
E50,2,1,,
E7.5,2,1,,
ENSEIGNE SORTIE C/A TETE ET BATTERIE,2,1,,
CHAUFF 10KW PL,2,1,,
VT 1HP,2,1,,
SPLITTER  347/600V,2,1,,
BOITE MOBILIER 3CCT,2,1,,
PRISE 30A 240V 9330,2,1,,
CARILLON C/A BOUTON,2,1,,
chauffe eau,2,2,,
DETECTEUR A FUMER AUTONOME,2,1,,
DISJ 25A 3P 600V,2,1,,
FIXT TYPE E SUSP,2,1,,
FIXT TYYPE E2,2,1,,
COLONNETTE C 2CCT 9T,2,1,,
DROP 3/12,2,2,,
1X4 NOUVEAU,2,1,,
TRANSFO 30KVA,2,2,,
ADD4 DETECTEUR MOUV PL,2,1,,
ADD4 EXIT,2,1,,
ADD4 STATION,2,1,,
ADD4 PRISE,2,1,,
ADD4 CE3/DISCONN,2,1,,
ADD4 CHAUFFE-EAU,2,1,,
ORD POSTE SECUR,2,1,,
RACCORD ERV,2,1,,
ECRAN ES70,2,1,,
30A NF 2P,2,1,,
HUMIDIFICATEUR 20A 600V,2,1,,
RF 144.5KW,2,1,,
112.5KVA,2,1,,
50,2,1,,
CH 275KW 600V,2,1,,
DISCONN 400A 600V,2,1,,
UPS 10KW 120/208V,2,1,,
PRISE 50A 250V CS8365C,2,1,,
C7.T4,2,1,,
C3.T1,2,1,,
C5.T5,2,1,,
MOTEUR 75HP,2,1,,
MOTEUR 1 HP,2,1,,
CAMLOCK 200A 120/208V,2,2,,
C4.T4,2,1,,
C4.T2,2,1,,
C4.T3,2,1,,
VA-1,2,2,,
MAG,2,1,,
1/2 HP 120V,2,2,,
CE-,2,1,,
30HP 600V,2,1,,
ACC INTERPHONE,2,1,,
FIXT EX6,2,1,,
FIXT TYPE MAXLITE,2,1,,
FIXT MAXLITE,2,1,,
URG BATT 2T,2,1,,
TYPE N2,2,1,,
TYPE L55,2,1,,
DECT INFRAROUGE,2,1,,
DECT L,2,1,,
TYPE AL,2,1,,
TYPE AR,2,1,,
FIXT TYPE C 2X4,2,1,,
FIXT TYPE B 12.6 pi,2,1,,
FIXT TYPE J 3.6 pi,2,1,,
fixt type k,2,1,,
TEL POMPIER RELO,2,1,,
FIXT TYPE 6 RELO,2,1,,
ENCASTRE  TYPE E,2,1,,
INT MAITRE,2,2,,
TRACK LIGHT,2,1,,
POWER OUTLET T 3,2,1,,
SORTIE ECL MURAL,2,1,,
KEY PAD,2,2,,
ALARM GATE,2,1,,
FIXT TYPE L 15,2,1,,
PROJECTEUR NUMERIQUE,2,1,,
PRISE 30A L630R,2,1,,
RELO TEL POMPIER,2,1,,
TOILE,2,1,,
AE 100,2,1,,
FIXT TYPE N-2,2,1,,
RELAIS B/V ECL,2,1,,
1000W SERV,2,1,,
750W SERV,2,1,,
1500W SERV,2,1,,
PLAQUE MISE A LA TERRE,2,1,,
P 1.5,2,1,,
30A NF WP 600V,2,2,,
20A 1P DCAA,2,2,,
40A 2P,2,2,,
TRANSFO 1121/2KVA 600/120/208V,2,2,,
auget 600a 347/600V 3PH4F,2,2,,
500W 600V 3PH,2,2,,
750W 600V 3PH,2,2,,
347 B750W,2,2,,
347V B500W,2,2,,
B2250W,2,2,,
CHEMIN CABLE QUIK LOC 6X2,2,1,,
FIXT TYPE KUA60,2,1,,
FIXT TYPE L120,2,1,,
FIXT TYPE K-UA118,2,1,,
FIXT TYPE L240,2,1,,
K-UA118 FIXT,2,1,,
L120,2,1,,
L240 FIXT,2,1,,
AFFICHEUR,2,1,,
ENL F10A,2,1,,
FIXT TYPE FC2,2,1,,
INT PR 120V,2,1,,
PERCEMENT 4po,2,1,,
DM-1,2,2,,
UA-T,2,2,,
VE-HC,2,2,,
VE-LV,2,2,,
4.5KW,2,2,,
BOUTON DE PORTE,2,2,,
VE-EAU,2,2,,
SED-1,2,2,,
MONTE CHARGE,2,2,,
DM-2,2,2,,
PC3,2,2,,
PC4,2,2,,
PECD2,2,2,,
P 7 347V,2,2,,
C 30 347V,2,2,,
C 20 347V,2,2,,
C 50 600V 3PH,2,2,,
CP 50 347V,2,2,,
FIXT TYPE LS3A,2,1,,
FIXT TYPE RA,2,1,,
FIXT TYPE LS4C,2,1,,
FIXT TYPE LT1B,2,1,,
FIXT TYPE LT1C,2,1,,
TYPE LP9,2,1,,
TYPE LS4C,2,1,,
TYPE LS3A,2,1,,
TYPE LR3,2,1,,
100A 347/600V,2,1,,
PRISE 20A TOIT WP,2,1,,
SPLITTER 100A,2,2,,
CT,2,1,,
RELO STATION WP,2,1,,
CLOCHE 10poWP,2,1,,
CHARGEUR LIFT 30A 600V,2,1,,
COMPACTEUR 600V 30A,2,1,,
B1500W 347V,2,2,,
RACCORD EF,2,1,,
100A NF WP,2,2,,
RETE  NU MAGNETIQUE,2,1,,
relo l8,2,1,,
GRD ROD,2,1,,
CONTACTEUR 8 POLE 8903-L-G80,2,1,,
90A RAIL,2,1,,
PROTEGER LAMPADAIRE,2,1,,
FIXT TYPE B.2,2,1,,
FIXT TYPE B.1,2,1,,
RELAIS B/V,2,1,,
GRX,2,1,,
INT ECRAN MOTORIZER,2,1,,
NF30A,2,1,,
CONTROLEUR VITESSE,2,1,,
FIXT EXT TYPE T,2,1,,
VE-1 600V,2,1,,
DISCONN 600VNF,2,1,,
AC 3KW,2,1,,
RIDEAUX AIR 20KW,2,1,,
CABLECHAUFFANT C/A SONDE,2,1,,
FM1D14A-24,2,1,,
150VA 120/24V,2,1,,
ET2115CP,2,1,,
250VA 120/24V,2,1,,
30a f,2,1,,
60a f,2,1,,
interrupteur  4 way 15A 347V,2,1,ENS0A68F20F115FB1070,4PE int. 4W 15A 347V
FIXT ENL EXISTANT,2,1,,
prise wp,2,1,,
d/m cr10,2,1,,
INF,2,1,,
AE RELO,2,1,,
INT 347 DECT,2,1,,
LAMPADAIRE SIMPLE,2,1,,
LAMPADAIRE DOUBLE,2,1,,
SERPEN TIN,2,1,,
LUSTRE ENL,2,1,,
30A WP,2,2,,
MOTEUR PO,2,1,,
W OFFICE,2,1,,
BLOC ALIMENTATION APS-480-24,2,1,,
LAMPADAIRE RELO,2,1,,
LAPADAIRE EXISTANT,2,1,,
STERE253T,2,1,,
2.5KW,2,1,,
"SM,",2,1,,
4KW M,2,1,,
DEMO INT ENL,2,1,,
DEMO CHAUFFEAU ENL,2,1,,
DISCONN ENL,2,1,,
DEMO RELO SOUDEUSE,2,1,,
AE03,2,1,,
DEMO 750,2,1,,
DEMO SM,2,1,,
DEMO T,2,1,,
DEMO UR02,2,1,,
KLAXON STROB EXP,2,1,,
INT EI,2,1,,
COM,2,2,,
WF 4000W,2,2,,
PRISE 50A 208V,2,1,,
DIMMER,2,1,,
PLINTHE 500W ME18,2,1,,
TEL ME18 203,2,1,,
GFI ME18 203,2,1,,
500W ME18 203,2,1,,
750WME18 203,2,1,,
TH ME18 203,2,1,,
FIXT L2 ME18 302,2,1,,
FIXT L2 ME18 303,2,1,,
FIXT L9 ME18 303,2,1,,
GRADATEUR ME18 303,2,1,,
a/c unit,2,1,,
PRISE EI TOIT,2,1,,
TEMOIN URGENCE,2,1,,
BOUTON URGENCE ET AFFICHAGE,2,1,,
B LED,2,1,,
C LED,2,1,,
HOTTE POELE,2,1,,
EAU,2,1,,
PR2CCT,2,1,,
REALIMENTER LAMPADAIRE,2,1,,
disj 15a 1p,2,1,,
UAC,2,2,,
SE-02,2,1,,
PES3 500W,2,1,,
AM 2000W,2,2,,
CABLE CHAUFFANT SERIE 500,2,1,,
meter 100a 600v,2,1,,
j1,2,1,,
d inv,2,1,,
h inv,2,1,,
PP4 1750W,2,1,,
CABLE CHAUF 2000W 150,2,1,,
CABLE CHAUF 1500W 124,2,1,,
fixt type G,2,1,,
camera,2,1,,
in,2,1,,
ENLEVER EXIT,2,1,,
CHAUFFAGE ENLEVER,2,1,,
ENLEVER 2X4,2,1,,
ENLEVER BATTERIE UNIT,2,1,,
ENSEIGNE SORTIE NOUVEAU,2,1,,
Type C2,2,1,,
Type C3A,2,1,,
Tel 1 1/4,2,1,,
type n1,2,1,,
fixt type n2,2,1,,
TRANSFO 30 kva,2,1,,
DISCONN 60A 250V F,2,1,,
FOUR 60A,2,1,,
SYST 13,2,1,,
SYST B8,2,1,,
SYST B2,2,1,,
SYST 26,2,1,,
RECEPT 30A 4P5F 3PH 120/208V ENCASTRE NOIR,2,1,LQE005029,HUBHBL2810
lampadaire relo,2,1,,
batterie unit,2,2,,
cable chauffant fps-2c/agrkp,2,1,,
ancrage,2,1,,
RELO DETECTEUR MOUVEMENT,2,1,,
TYPE E1 RELO,2,1,,
RELO RADIANT,2,1,,
DETECTEUR MONOXIDE,2,1,,
FIXT EXTERIEUR MURAL,2,1,,
WF 2KW,2,1,,
POT RELO 2,2,1,,
RELO SUSPENDU,2,1,,
FIXT TYPE KOMFORT,2,1,,
REEL PLAFOND,2,1,,
L15-20R,2,1,,
POWER POLE,2,1,,
fixt ty^pe f,2,1,,
NPODMA 4P DX,2,1,,
MONUMENT S1PT4X4AL,2,1,,
pp347v,2,1,,
CONN 2 TROUE THO,2,1,,
BORNE DE RECJHARGE,2,1,,
INT PRES,2,1,,
POMPE A FU,2,1,,
E2000W,2,1,,
G15,2,1,,
P22,2,1,,
C20,2,2,,
C15,2,2,,
MOTEUR 30HP,2,1,,
MOTEUR 1/6 HP 120V,2,1,,
MOTEUR 5 HP 600V,2,2,,
MOTEUR THD,2,1,,
900W 347V,2,1,,
RELO BRASSEUR,2,1,,
PRISE LAVEUSE,2,2,,
A DISCONN,2,1,,
B DISCONN,2,1,,
A CONDENSEUR,2,2,,
A FIXT MURAL FLUO,2,1,,
B FIXT FLUO,2,1,,
DEBIT/VANNE,2,1,,
B B750W,2,2,,
A20KW,2,1,,
a 1500w,2,1,,
b 750w,2,1,,
50A 3P,2,1,,
D/M COMB 120V 30A,2,1,,
DISCONN NF 120V,2,1,,
FIXT TYPE J RELO N,2,1,,
TETE DOUBLE RELO N,2,1,,
RA N,2,1,,
FIXT TYPE L9-6,2,1,,
FIXT TYPE L9-5,2,2,,
TRANSFO 2KVA,2,1,,
FIXT TYPE L8-120,2,1,,
OFFSET,2,1,,
BOUTON M22PVL,2,1,,
G5,2,1,,
RC,2,1,,
FIXT TYPE LX-9A,2,1,,
CHAUFFAGE BUH,2,1,,
TRANSFO 125KVA 600/480V,2,1,,
ASSC 100KVAAC,2,1,,
DISJ 150A 600V 3P C/A SHUNT,2,1,,
PANN PDU FPA,2,1,,
CONDENSEUR 5 HP 600V,2,1,,
DISCONN 30A 600V NF RELO,2,1,,
SERVEUR FPA,2,1,,
PRISE PLAFOND CAM,2,1,,
CCT DIDIÉ ROBONET,2,1,,
BOITIER CONTROL,2,1,,
FIXT TYPE D11,2,1,,
PANN HOTTE,2,2,,
C 500W,2,1,,
30A F 120V,2,1,,
CONTROL VRV,2,1,,
3/4 hp 120v,2,1,,
SORTIE HDMI,2,1,,
DM RELO,2,1,,
RACC A/C UNIT,2,1,,
30 A NF WP,2,1,,
12 ETA FIXT TYPE L10,2,1,,
24 ETA FIXT TYPE L10,2,1,,
ENSEIGNE SORTIE  BATT 2T,2,1,,
HAUT PARLEUR STROB,2,1,,
MOTEUR PORTE,2,1,,
PL 1000W,2,1,,
PL 500W,2,1,,
PL 1500W,2,1,,
DETECTEUR FT,2,1,,
MV1 DECT AC,2,1,,
MV1 3 VOIE,2,1,,
2LUL4,2,1,,
2L P,2,1,,
2L 3VOIE,2,1,,
1H  DECT A,2,1,,
1H  3 VOIE,2,1,,
FIXT J,2,2,,
3A P,2,1,,
3A 3VOIE,2,1,,
1C P,2,1,,
IC 3 VOIE,2,1,,
1D DECTEUR A,2,1,,
1D 3 VOIE,2,1,,
3B UL-4,2,1,,
2A UL-4,2,1,,
2A P,2,1,,
2B P,2,1,,
3C 3 VOIE,2,1,,
2C P,2,1,,
2C 3 VOIE,2,1,,
1B DECT A,2,1,,
1B 3 VOIE,2,1,,
2D P,2,1,,
2D 3 VOIE,2,1,,
2G UL-4,2,1,,
2G P,2,1,,
2G 3 VOIE,2,1,,
1F P,2,1,,
1F DECT A,2,1,,
1F 3 VOIE,2,1,,
2H1 UL-4,2,1,,
2H1 P,2,1,,
2H1 3VOIE,2,1,,
1A DECT A,2,1,,
1A 3 VOIE,2,1,,
2H UL-4,2,1,,
2H 3 VOIE,2,1,,
2H P,2,1,,
2E UL-4,2,1,,
2E P,2,1,,
2E 3 VOIE,2,1,,
2F P,2,1,,
2I P,2,1,,
2I 3 VOIE,2,1,,
1G DECT A,2,1,,
1G 3 VOIE,2,1,,
1J DECT A,2,1,,
2J P,2,1,,
2k ul-4,2,1,,
2k p,2,1,,
2K 3 VOIE,2,1,,
1E P,2,1,,
1E 3 VOIE,2,1,,
1I DECT A,2,1,,
1I 3 VOIE,2,1,,
fixt type 22,2,1,,
fixt type 19,2,1,,
FIXT TYPE 8  9pi,2,1,,
FIXT TYPE 18,2,1,,
L5-20P,2,1,,
L15-30P,2,1,,
TYPE10,2,1,,
TYPE12,2,1,,
TYPE21,2,1,,
TYPE8 108po,2,1,,
ENSEIGNE N,2,1,,
10,2,1,,
21,2,1,,
8 9PI,2,1,,
FIXT TYPE LA1,2,1,,
FIXT TYPE LA2,2,1,,
FIXT TYPE LA 3,2,1,,
FIXT TYPE LB4,2,1,,
VE-2,2,2,,
1050W SCR,2,1,,
1500W SCR,2,1,,
SCR500W,2,1,,
201 FIXT S1,2,1,,
SER EXIT 2T,2,1,,
SER STATION MANUEL,2,1,,
SER MA,2,1,,
202 FIXT P1,2,1,,
202 FIXT S1,2,1,,
202 FIXT E2,2,1,,
202 DECT A,2,1,,
204 FIXT P1,2,1,,
204 FIXT S1,2,1,,
204 FIXT E2,2,1,,
204 DECT A,2,1,,
204 3 VOIE,2,1,,
SER DETECTEUR FUMER,2,1,,
401 FIXT M2,2,1,,
401 FIXT S1,2,1,,
401 KLAXON,2,1,,
401 FIXT E2,2,1,,
101 FIXT S1,2,1,,
101 FIXT E2,2,1,,
101 3VOIE,2,1,,
101 DECT A,2,1,,
101 PRISE 15/20,2,1,,
101 POELE,2,2,,
101 HOTTE,2,2,,
101 CHAUFFE-EAU,2,2,,
101 A750W,2,1,,
SERV D500W,2,1,,
SERV CHAUFFE EAU,2,1,,
SERV 30A NF,2,1,,
SERV ECH,2,1,,
201 15/20,2,1,,
201 VE-1,2,1,,
201 B1250W,2,1,,
201 A1000W,2,1,,
201 C500W,2,1,,
204 15/20A,2,1,,
202 15/20A,2,1,,
SERV GFI,2,1,,
SERV E4000W,2,1,,
401 15/20A,2,1,,
401 A1250W,2,1,,
401 C500W,2,1,,
SERV VA-1,2,1,,
SERV SE-1,2,1,,
MANCHON 3po,2,1,,
1104,2,1,,
FIXT TYPE BA,2,1,,
FIXT TYPE DC,2,1,,
SPDH 6,2,1,,
ADD 1 GR B/V,2,1,,
ADD 1 INT PR,2,1,,
DETECTEUR FUMER CO,2,1,,
D1 ODW,2,1,,
OCC RJ45,2,1,,
RC3D,2,1,,
VENT VE,2,1,,
CLAVIER INTRUSION,2,1,,
PRISE SEPARE,2,1,,
BARRIERE RELO,2,1,,
CONTROL PLOMBERIE,2,1,,
BATTERIE UNIT 2T SLA06036-2N3W,2,1,,
CH A12,2,1,,
SS2 1000W,2,1,,
SS 1000W,2,1,,
G HOTTE,2,2,,
G POELE,2,2,,
G 300W,2,1,,
M 300W,2,2,,
M 1500W,2,1,,
F 300W,2,1,,
F EVAP,2,2,,
E POELE,2,2,,
E EVAP,2,2,,
E 300W,2,1,,
C1 POELE,2,1,,
C COND,2,2,,
B COND,2,2,,
A WF1000W,2,1,,
A COND,2,1,,
X 1000W,2,1,,
Z TEL,2,1,,
Z 1000W,2,1,,
Y TH,2,1,,
Y TEL,2,1,,
G SECHEUSE,2,2,,
H1 1000W,2,1,,
K 1000W,2,1,,
L 1000W,2,1,,
P TH,2,1,,
P TEL,2,1,,
Q TEL,2,1,,
R TEL,2,1,,
S TEL,2,1,,
S TH,2,1,,
T TV,2,1,,
T 1000W,2,1,,
U TH,2,1,,
V GFI,2,1,,
V TEL,2,1,,
V TH,2,1,,
W TEL,2,1,,
W TH,2,1,,
M1 TH,2,1,,
ETAG 2 1000W,2,1,,
H2 1000W,2,1,,
QQ1 TEL,2,1,,
QQ1 TH,2,1,,
QQ TH,2,1,,
QQ TEL,2,1,,
PP TH,2,1,,
PP TEL,2,1,,
OO TEL,2,1,,
OO TH,2,1,,
OO 1000W,2,1,,
NN 1000W,2,1,,
MM TEL,2,1,,
MM TH,2,1,,
LL TEL,2,1,,
LL TH,2,1,,
BB 1000W,2,1,,
KK TEL,2,1,,
KK TH,2,1,,
AA 1000W,2,1,,
CC TEL,2,1,,
CC TH,2,1,,
DD TV,2,1,,
DD 1000W,2,1,,
EE 500W,2,1,,
FF TEL,2,1,,
FF TV,2,1,,
FF 1000W,2,1,,
GG 1000W,2,1,,
HH TV,2,1,,
HH 1000W,2,1,,
II TH,2,1,,
II TEL,2,1,,
J1 1000W,2,1,,
JJ,2,1,,
Z1,2,1,,
AA1,2,1,,
X1 500W,2,1,,
Z1 1000W,2,1,,
Z1 750W,2,1,,
AA1 TH,2,1,,
AA1 TEL,2,1,,
TOIT GFI,2,1,,
SS2 INT,2,1,,
E MUR,2,1,,
D MUR,2,1,,
C1 MUR,2,1,,
C1 3VOIE,2,1,,
C MUR,2,1,,
Compteur C 3 VOIE,2,1,,
B MUR,2,1,,
Compteur B 3 VOIE,2,1,,
A MUR,2,1,,
ETAG 1 MUR FLUO,2,1,,
C1 3 VOIE,2,1,,
F 3 VOIE,2,1,,
X 3 VOIE,2,1,,
X1 3 VOIE,2,1,,
Z1 3 VOIE,2,1,,
TOIT EXIT,2,1,,
TOIT STRIP,2,1,,
TOIT INT,2,1,,
ETAG SS2 STATION MANUEL,2,1,,
ETAG SS1 STATION MANUEL,2,1,,
Y KS,2,1,,
Y DECT AF1,2,1,,
W KS,2,1,,
W DECT AF1,2,1,,
QQ1 DECT AF1,2,1,,
Q1 KS,2,1,,
PP DECT AF1,2,1,,
PP KS,2,1,,
OO DECT AF1,2,1,,
OO KS,2,1,,
MM DECT AF1,2,1,,
MM KS,2,1,,
LL KS,2,1,,
LL DECT AF1,2,1,,
KK DET AF1,2,1,,
KK KS,2,1,,
M1 DECT AF-5,2,1,,
M1 KS,2,1,,
EE 3 VOIE,2,1,,
II DECT AF1,2,1,,
II KS,2,1,,
TOIT STATION,2,1,,
G DECT AF1,2,1,,
G KS,2,1,,
V DECT AF1,2,1,,
U DECT AF1,2,1,,
R DECT AF1,2,1,,
R KS,2,1,,
E DECT AF1,2,1,,
D DECT AF1,2,1,,
F DECT AF1,2,1,,
H DECT AF1,2,1,,
H KS,2,1,,
I DECT AF1,2,1,,
I KS,2,1,,
M DECT AF1,2,1,,
M KS,2,1,,
N KS,2,1,,
N DECT AF1,2,1,,
O KS,2,1,,
O DECT AF1,2,1,,
P DECT AF1,2,1,,
P KS,2,1,,
Q KS,2,1,,
Q DECT AF1,2,1,,
TOIT CAMERA,2,1,,
TOIT LC,2,1,,
UH-1 18 KW,2,1,,
Compteur 12,2,2,,
Compteur 13,2,2,,
1750w,2,1,,
ET HOTTE,2,1,,
ET POELE,2,1,,
ET COND,2,1,,
ET ECH,2,1,,
TYPE V,2,1,,
TYPE T,2,1,,
TYPE Z,2,1,,
TYPE W2,2,1,,
EXIT US-1,2,1,,
FORCE FLOW 3000W,2,1,,
SECHOIRE MAIN,2,1,,
NOUV GRADATEUR B/V,2,1,,
NOUV 3 VOIE,2,1,,
NOUV VE,2,1,,
NOUV SECHOIRE,2,1,,
NOUV 2250W,2,1,,
NOUV AE-02,2,1,,
FIXT TYPE D 70,2,1,,
FIXT TYPE D 35,2,1,,
RAIL 8 pi 4TETE,2,1,,
PRISE PROJECTEUR,2,1,,
TYPE C 1X4,2,1,,
100pi,2,1,,
4pi,2,1,,
24pi,2,1,,
40pi,2,1,,
108pi,2,1,,
84pi,2,1,,
CP5 COLONNETTE 5X5,2,1,,
RIDEAUX AIR FPA,2,1,,
SONDE,2,1,,
BT,2,1,,
60ANF WP,2,1,,
AUTOMATION SYST,2,1,,
LECTEUR N,2,1,,
STATION CLOISON,2,1,,
UC MURAL,2,1,,
FIXT TYPE L4C,2,1,,
UNITE BATTERIE,2,1,,
3 BATTERIE,2,1,,
3 LMRD3,2,1,,
"Type A1 7'5""",2,1,,
"Type Y2 7'2""",2,1,,
"Type Y2 24'5""",2,1,,
"Type Y2 12'3""",2,1,,
"Type LG 84.45""",2,1,,
FOUR,2,2,,
FRAISEUSE 600V,2,1,,
POMPE ESSENCE,2,1,,
FIXT TYPE S2A,2,1,,
BAT 2T,2,1,,
6-30R,2,1,,
COMPR,2,1,,
B800,2,1,,
FIXT TYPE CL5B,2,1,,
FIXT TYPE CL19A,2,1,,
WSD-3501,2,1,,
B900W,2,1,,
D 4000W,2,1,,
C 750W,2,1,,
ACT 600V,2,1,,
FIXT TYPE EXT4,2,1,,
COMBO WP,2,1,,
PANN 10 ENTRE,2,1,,
LOG D1 TYPE C,2,1,,
LOG C TEL,2,1,,
LOG C DECT A,2,1,,
LOG C  3 VOIE,2,1,,
LOG D TYPE C,2,1,,
LOG D DECT A,2,1,,
LOG D 3V,2,1,,
LOG D TEL,2,1,,
LOG A1 3V,2,1,,
LOG B TYP D,2,1,,
LOG B TYP C,2,1,,
LOG B DECTA,2,1,,
LOG B 3V,2,1,,
LOG B TEL,2,1,,
LOG D1 DECT A,2,1,,
LOG D1 TEL,2,1,,
LOG D1 3V,2,1,,
LOG D2 TYP C,2,1,,
LOG D2 TEL,2,1,,
LOG D2 DECTA,2,1,,
LOG D2 3V,2,1,,
LOG E 3V,2,1,,
LOG E1 TYP C,2,1,,
LOG E1 INT 3V,2,1,,
LOG F1 TYPE C,2,1,,
LOG G 3V,2,1,,
LOG J TYPE C,2,1,,
LOG J 3V,2,1,,
LOG K VENT,2,1,,
RG,2,1,,
PC -CH,2,1,,
DEM,2,2,,
GFI TOIT,2,1,,
SECHOIRE A RELO,2,1,,
BATTERIE UNT 2T RELO,2,1,,
COUPE D,2,1,,
RELO FS24T,2,1,,
FS 22,2,1,,
RELO PANN,2,1,,
FN-18,2,1,,
FS-22,2,1,,
MONUMENT QUAD/TEL,2,1,,
SDC,2,1,,
VS,2,1,,
HS,2,1,,
RACCORD DHWH,2,1,,
EF-1,2,2,,
SI,2,1,,
N1,2,1,,
N16,2,1,,
CUISINE LV,2,1,,
CUISINE 20A TW,2,1,,
FIXT TYPE Y2,2,1,,
GRADATEUR 303,2,1,,
FIXT TYPE A2 303,2,1,,
FIXT TYPE C1 303,2,1,,
FIXT TYPE B4 303,2,1,,
PRISE USB 303,2,1,,
FIXT TYPE V9,2,1,,
FIXT TYPE V1,2,2,,
FIXT TYPE V2,2,2,,
disconn nf 30a,2,1,,
30A NF VE1,2,1,,
FIXT TYPE L52,2,1,,
FIXT TYPE L50,2,1,,
FIXT TYPE L06B,2,1,,
FIXT TYPE L30,2,1,,
FIXT TYPE L05E,2,1,,
GRADATEUR WP,2,1,,
FIXT TYPE L01C,2,1,,
FIXT TYPE L08A,2,1,,
POT ENCASTRE,2,1,,
PRISE 230V,2,1,,
CHARGEUR,2,1,,
FIXT TYPE L4 ENL,2,1,,
pl-2,2,1,,
AE-03,2,1,,
FIXT TYPE E1-A,2,1,,
EXIT C/A BATTERIE,2,1,,
CHAUFF 2000W 347V,2,1,,
FIXT TYPE P3A,2,1,,
BOX 2G,2,1,,
RACCORD DIRECT 30A 600V,2,1,,
RF,2,1,,
DOAS,2,1,,
FIXT TYPE P1B,2,1,,
FIXT W1,2,1,,
FIXT P1B,2,1,,
FIXT P6A,2,1,,
FIXT P4A,2,1,,
FIXT H7,2,1,,
FIXT N3,2,1,,
FIXT M4A,2,1,,
C P1B,2,1,,
C P4A,2,1,,
C P6A,2,1,,
C SDECT,2,1,,
C 1BT,2,1,,
C W1,2,1,,
C N3,2,1,,
C N2,2,1,,
C P3B,2,1,,
C M5D,2,1,,
C V1,2,1,,
crtl,2,1,,
SLEEVE 6PO,2,1,,
P2A  EXIST,2,1,,
P5A  EXIST,2,1,,
P1B EXIST,2,1,,
add10 clavier relo,2,1,,
add 10 horn serite relo,2,1,,
add 10 relo pcp,2,1,,
COMM TYPE P1B,2,1,,
COMM TYPE P6A,2,1,,
COMM TYPE P4A,2,1,,
ADD6 MOA,2,1,,
COMM TYPE W1,2,1,,
COMM TYPE V1,2,1,,
COMM TYPE P3B,2,1,,
COMM TYPE  X1,2,1,,
COMM TYPE INT,2,1,,
COMM TYPE GR/DECT,2,1,,
COMM CRTL,2,1,,
COMM TYPE N2,2,1,,
COMM TYPE N3,2,1,,
CONN PRISE 15A CR,2,1,,
ADD7 A/V,2,1,,
CARTE ACCES,2,1,,
112x 15Ft 3#1/0 AL BX,2,1,,
KLAXON ALARME,2,1,,
DMP,2,1,,
A 2KW,2,1,,
P2 500W,2,1,,
BATTERIE 24HRS UPS,2,1,,
AS6750W,2,1,,
FIXT F15 ENL,2,1,,
fan,2,1,,
2kw,2,1,,
ACH PETIT POT,2,1,,
ADD INT,2,1,,
ADD 3 WAY,2,1,,
ADD BATTERIE UNIT 2T,2,1,,
ADD BATTERIE 2T,2,1,,
LAVEUSE,2,2,,
BOITE TIRAGE TEJ/PRISE,2,1,,
2RD,2,1,,
THERMOSTAT CABLE CH,2,1,,
N3-1-B,2,1,,
200A F 600V,2,1,,
200A NF,2,1,,
VE-01 VARIATEUR VITESSE,2,1,,
VE-T-02,2,1,,
BRAS L3,2,1,,
A 4W,2,1,,
A RACCORD DIRECT,2,2,,
B ECL +,2,1,,
B 3W,2,1,,
SERV KLAXON WP,2,1,,
SERV 5KW PL,2,1,,
SERV TA,2,1,,
SERV C 1500W,2,1,,
SERV POMPE 600V,2,1,,
SERV VE-12,2,1,,
C ECL+,2,1,,
C 3W,2,1,,
D 3W,2,1,,
D 500W,2,1,,
E 20A,2,1,,
E KLAXON,2,1,,
E 3W,2,1,,
E 750W,2,1,,
F ECL+,2,1,,
F 20A,2,1,,
F 3W,2,1,,
F 1500W,2,1,,
G 20A,2,1,,
G KLAXON,2,1,,
G 3W,2,1,,
INV F ECL+,2,1,,
INV F 20A,2,1,,
INV F 3W,2,1,,
INV F 1000W,2,1,,
INV F 1500W,2,1,,
N CO8,2,1,,
N 1750W,2,1,,
SER  750W,2,1,,
BOUILLOIRE,2,1,,
BOUTON ESSAIS C ETB,2,1,,
G ALARM,2,1,,
FIXT TYPE L 21,2,2,,
IES,2,2,,
FIXT TYPE LEA,2,2,,
OPS,2,2,,
MAS,2,2,,
INT K,2,2,,
100HP,2,2,,
1/8 HP 120,2,2,,
.1HP,2,2,,
.06HP,2,2,,
017HP,2,2,,
SECTIONNEUR 100HP CONTACT,2,2,,
CHAUFFAGE TYPE B,2,2,,
CHAUFFAGE TYPE C,2,2,,
15/20 GFI,2,2,,
ADD 2 L20-15,2,2,,
ADD 2 L20-35,2,2,,
ADD 2 IES,2,2,,
ADD 2 L21,2,2,,
ADD 2 L2,2,2,,
ADD 2 L7B,2,2,,
SQ RCFF,2,1,,
SK RCFF,2,1,,
SKA RCFF,2,1,,
CQ TEL,2,1,,
CQ GFI,2,1,,
CQ RCFF,2,1,,
CQSOFA GFI,2,1,,
CQSOFA TEL,2,1,,
CQSOFA RCFF,2,1,,
CK GFI,2,1,,
CK RCFF,2,1,,
CK INT,2,1,,
CKA GFI,2,1,,
CKA INT,2,1,,
CKA RCFF,2,1,,
CKA TEL,2,1,,
SUITE DECT D,2,1,,
SUITE RCFF,2,1,,
SUITE TV,2,1,,
SUITE STROB,2,1,,
SUITE SERP,2,1,,
ADD2 P2,2,1,,
ADD2 INT,2,1,,
ADD 2 TYPE H,2,1,,
BR 2000W,2,1,,
BR 1000W,2,1,,
ADD 2510,2,1,,
ADD 2 PRISE,2,1,,
ADD2 PRISE 250V,2,1,,
ADD 2 PRISE TOIT,2,1,,
PANNEAU ANNONCIATEUR PRINCIPAL,2,1,,
PREACTION,2,1,,
fixt type l2,2,1,,
detecteur mouv pl,2,1,,
INT C/A DECT,2,1,,
MOTEUR 40HP 600V,2,1,,
D/M COMB 40HP 600V,2,1,,
FIXT K2,2,2,,
FIXT Y,2,2,,
4T16,2,2,,
4A5,2,2,,
QP5,2,2,,
IO,2,2,,
B1 1.KW,2,2,,
POKE THRU 8AT2PAA X3,2,2,,
POKE THRU 8T2PAA,2,2,,
BARRE MISEA LA TERRE,2,2,,
WS,2,2,,
CBP,2,2,,
LOCK BOX,2,2,,
SUB,2,1,,
CONTROL VOLUME,2,2,,
MONUMENT TEL,2,1,,
DRI 40,2,1,,
RAIL 60 po,2,1,,
FIXT TYPE LM4,2,1,,
FIXT TYPE PLATE LED 2X2,2,1,,
zone 108/106,2,1,,
zone 18/19,2,1,,
zone 23/24,2,1,,
C 30,2,2,,
ENSEIGNE SORTIE WP,2,2,,
dc08 fixt type l4,2,1,,
dc08 fixt type l7,2,1,,
dc08  fixt type l 19-7,2,1,,
dc08 fixt type l13,2,1,,
dc08 fixt type l14,2,1,,
dc08 fixt type l15,2,1,,
dc08 fixt type l9-8,2,1,,
dc08 fixt type l23-21,2,1,,
AEROTHERME 1/6HP 120V,2,1,,
MOTEUR 11/2 HP 208V,2,1,,
B 1500,2,1,,
PRISE 15/20 SERV,2,1,,
CONTACTEUR ECL 4POLE,2,1,,
3CH 15/20 GFI,2,1,,
3CH TV,2,1,,
3CH 15/20A,2,1,,
3CH 3 VOIE,2,1,,
1 CH 15/20A,2,1,,
1CH 15/20 GFI,2,1,,
1CH GFI,2,1,,
1CH DECTA,2,1,,
1CH TV,2,1,,
1CH PIAZO,2,1,,
ECH 2 15/20A GFI,2,1,,
ECH 2 15/2A,2,1,,
ECH2 GFI,2,1,,
ECH 2 TV,2,1,,
4CH GFI,2,1,,
4 CH 15/20A,2,1,,
4 CH TV,2,1,,
5 CH GFI,2,1,,
5 CH 15/20A,2,1,,
5 CH TV,2,1,,
A/C 1,2,1,,
A/C 2,2,1,,
RELO SECHOIRE A MAIN,2,1,,
BOUTON CLOCHE,2,1,,
FIXT TYPE L4-20,2,1,,
FIXT TYPE L4A-12,2,1,,
FIXT TYPE S1-71,2,1,,
K EC,2,1,,
BARRE LED SUSOENDUE,2,1,,
VENTILATEUR TOILETTE,2,1,,
FIXT TYPE L2-16,2,1,,
FIXT TYPE LC,2,1,,
HUB,2,2,,
A   D2,2,1,,
C   E,2,1,,
B   D,2,1,,
F   F,2,1,,
I   F,2,1,,
D   H,2,1,,
BRVE 19KW,2,1,,
UC TOIT,2,1,,
ZONE C CUISINE PRISE,2,1,,
ZONE C CUISI GFI,2,1,,
ZONE B PARTITION SORTIE MURAL CCT,2,1,,
ZONE B SORTIE MURAL TEL,2,1,,
1.3 DM,2,1,,
S 2 DM,2,1,,
2.5 3VOIE,2,1,,
2.5 DM,2,1,,
2.1 3VOIE,2,1,,
2.2 3 VOIE,2,1,,
S.6 DM,2,1,,
1.4 DM,2,1,,
1.1 DM,2,1,,
2.3 3VOIE,2,1,,
1.8 3VOIE,2,1,,
1.8 DM,2,1,,
1.11 3 V OIE,2,1,,
1.11 DM,2,1,,
2.10 3 VOIE,2,1,,
2.8 DM,2,1,,
1.12 3 VOIE,2,1,,
TYPE  M ENLEVER,2,1,,
INT DECT ENL,2,1,,
ADD FIXT TYPE RAIL 23pi,2,1,,
ADD FIXT TYPE M,2,1,,
MOTEUR 3HP,2,1,,
MOTEUR 1/2HP,2,1,,
SER FE30,2,1,,
SER FE60,2,1,,
T 4,2,1,,
21/2,2,1,,
CE15,2,1,,
T26,2,1,,
T3,2,1,,
T23,2,1,,
T4,2,1,,
MOTEUR 1/3 HP  120V,2,1,,
21/2 GFI,2,1,,
21/2 DECT CO,2,1,,
21/2 KS,2,1,,
PH 51/2 GFI,2,1,,
PH 51/2 POELE,2,1,,
PH 51/2 EXT ECL,2,1,,
PH 41/2 EXT ECL,2,1,,
A DECT F,2,1,,
B DECF F,2,1,,
C DECT F,2,1,,
E MURAL,2,1,,
51/2 MURAL,2,1,,
PH 41/2 SORTIE ECL,2,1,,
PH 51/2 SORTIE ECL,2,1,,
DRI2000W,2,1,,
A LO4,2,1,,
A DECT C/O,2,1,,
A PIAZO,2,1,,
A THERM,2,1,,
B LO4,2,1,,
B LO5,2,1,,
B L06,2,1,,
B 100W,2,2,,
C LO4,2,1,,
C LO5,2,1,,
C LO6,2,1,,
C I VOIE,2,1,,
FIXT TYPE LO5D,2,1,,
FIXT TYPE LO3C,2,1,,
FIXT TYPE LO5A,2,1,,
FIXT TYPE LO6A,2,1,,
FIXT TYPE LO5P,2,1,,
FIXT TYPE LO4I,2,1,,
MONUMENT TYPE E,2,1,,
MONUMENT PL F,2,1,,
raccord direct,2,1,,
SERV P1,2,2,,
BOITE RELO,2,1,,
CONTROLEUR PLANCHER CHAUFF.,2,1,,
DRAGON 2000W,2,1,,
PLINTHE 750W CBB,2,1,,
POWERPAK LEVITON,2,1,,
boite 8x8x4,2,1,,
disconn 30a f 120c,2,1,,
FIXT TYPE TYPE J 3 TETE RAIL 4pi,2,1,,
RELAIS TRIAC,2,1,,
101 GFI,2,1,,
101PRISE 15/20,2,1,,
FIXT S1 1T S2,2,1,,
prise relo,2,1,,
relo tel,2,1,,
BATTERI UNIT 2T,2,1,,
FIXT TYPE L7.1,2,1,,
FIXT TYPE L8.2,2,1,,
B20,2,1,,
D10,2,1,,
RACCORD DIRECT 20A 120V,2,1,,
Compteur D/M COMB 1/4 HP IPH EXPLOS,2,1,,
CAB,2,2,,
AMPLIFICATEUR,2,1,,
FIXT TYPE 11 ET 13,2,1,,
FIXT TYPE S5 10,2,1,,
FIXT TYPE S3 4,2,1,,
REV FIXTURE TYPE L3,2,2,,
REV BATTERIE UNIT 2T,2,2,,
REV PP,2,2,,
REV PPG,2,2,,
REV HORLOGE,2,2,,
REV INT DETECTEUR B/V,2,2,,
REV A15000W 600V,2,2,,
REV A 10000W 600V,2,2,,
REV BOITIER CAMLOCK CLK-1,2,2,,
REV BARRE MISE A LA TERRE,2,2,,
REV MOTEUR 3 HP,2,2,,
REV MOTEUR 1 HP,2,2,,
REV EFV 3HP,2,2,,
REV CAB -2,2,2,,
REV CAB-3,2,2,,
REV RACCORD AMU-01,2,2,,
REV FIXT TYPE E5,2,2,,
REV FIXT TYPE E7,2,2,,
SECTIONNEUR POMPE 40HP WP,2,2,,
SECTIONNEUR MOTEUR 2.1 HP,2,2,,
REV  FIXT TYPE  E6,2,2,,
CABLE CHAUFFANT 8W 240V 8XLE2,2,2,,
RELO MOTEUR 40HP,2,2,,
RELO MOTEUR 7.5 HP,2,2,,
RELO MOTEUR 1 HP,2,2,,
RELO PANN CONTROL ULTRA-FILTR,2,2,,
DISJ 15A3P PRL3A  (6),2,2,,
PVC 3poTEL,2,2,,
TWIN 15-15A1P PRL1A (7),2,2,,
DISJ 203P SIEMEN P2 (8),2,2,,
DISJ 15A3P SIEMENS P2 18KA (9),2,2,,
PLINTHE A 2000W 347V,2,1,,
MOTEUR 2HP,2,1,,
PLINTHE A 1000W 347V,2,1,,
VOLUME,2,1,,
P 1250W,2,1,,
P 750W,2,1,,
P 2500W,2,1,,
DISCON 30A NF,2,1,,
RAIL L1 12 pi 3804,2,1,,
RAIL L1 2508,2,1,,
RAIL L1 2501,2,1,,
RAIL L1 2393,2,1,,
RAIL L1 3073,2,1,,
RAIL L2 2440,2,1,,
A RAIL L1 NOIR 2508,2,1,,
A RAIL L1 NOIR 2062,2,1,,
A RAIL L1 NOIR 2501,2,1,,
A RAIL L1 NOIR 3804,2,1,,
A RAIL L1 NOIR 2393,2,1,,
A RAIL L2 NOIR 2440,2,1,,
A RAIL L1 NOIR 4831,2,1,,
A RAIL L1 NOIR 5201,2,1,,
FE,2,1,,
FFH,2,1,,
DH,2,1,,
BBH,2,1,,
FIXT TYPE L17 A,2,1,,
Compteur GRADATEUR 3 VOIE,2,1,,
INT B/V 4,2,1,,
60HP,2,1,,
LECT,2,1,,
EAR KLAXON,2,1,,
RELO ALIMENTATION,2,1,,
ALIMENTATION RELO,2,1,,
RWF 1250W 347V,2,1,,
B500W 347V C/A TH,2,1,,
aa x12 th,2,1,,
aa x12 strob,2,1,,
ca x4 type d,2,1,,
ca x4 th,2,1,,
ca x4 strob,2,1,,
da x1 750w,2,1,,
fa x10 750w,2,1,,
ga x4 th,2,1,,
ga x4 strob,2,1,,
ha x1 strob,2,1,,
ha x1 th,2,1,,
ja x1 750w,2,1,,
la x3 th,2,1,,
la x3 strob,2,1,,
ma x3 strob,2,1,,
na x3 strob,2,1,,
na x3 th,2,1,,
ab x15 th,2,1,,
ab x15 strob,2,1,,
bb x6 750w,2,1,,
cb x4 500w,2,1,,
cb x4 750w,2,1,,
db x4 750w,2,1,,
eb x3 th,2,1,,
eb x3 strob,2,1,,
fb x3 th,2,1,,
fb x3 strob,2,1,,
gb x5 750w,2,1,,
COLONNETTE C1,2,1,,
VAV-1,2,1,,
CE,2,1,,
FIXTURE S4,2,1,,
SERV SHU15KW,2,1,,
D/M COMB 1/4HP 120V,2,1,,
CR10 1/6 HP,2,1,,
MOTEUR 1/6HP,2,1,,
SERV RWF2000W,2,1,,
SERV B1000W,2,1,,
DETECT GAI,2,1,,
A FIXT TYPE L4,2,1,,
B FIXT TYPE C1,2,1,,
B FIXT TYPE C2,2,1,,
B FIXT TYPE L4,2,1,,
C FIXT TYPE L4,2,1,,
D FIXT TYPE C1,2,1,,
D FIXT TYPE L3,2,1,,
E FIXT TYPE C2,2,1,,
E FIXT TYPE L4,2,1,,
E FIXT TYPE L3,2,1,,
A B300W,2,1,,
E B1500W,2,1,,
E STROB,2,1,,
G FIXT TYPE L4,2,1,,
G FIXT TYPE L3,2,1,,
I FIXT TYPE C1,2,1,,
I FIXT TYPE L4,2,1,,
H FIXT TYPE L4,2,1,,
H RELAIS,2,1,,
I B300W,2,1,,
I RELAIS,2,1,,
G STROB,2,1,,
H DECT,2,1,,
H STROB,2,1,,
G 3 VOIE,2,1,,
I 3 VOIE,2,1,,
F- Raccord direct,2,1,,
F- B1500W,2,1,,
F- B 300 W,2,1,,
F- INT 3 V,2,1,,
L FIXT TYPE L4,2,1,,
O FIXT TYPE L4,2,1,,
O FIXT TYPE C2,2,1,,
J FIXT TYPE L4,2,1,,
J FIXT TYPE C1,2,1,,
J FIXT TYPE L3,2,1,,
J FIXT TYPE B,2,1,,
K FIXT TYPE C1,2,1,,
K FIXT TYPE L4,2,1,,
N FIXT TYPE C1,2,1,,
N FIXT TYPE L4,2,1,,
L B1250W,2,1,,
L B500W,2,1,,
M RELAIS,2,1,,
O RELAIS,2,1,,
J RELAIS,2,1,,
K B1000W,2,1,,
N B1250W,2,1,,
M DECT,2,1,,
M STROB,2,1,,
O DECT,2,1,,
O STROB,2,1,,
N 3 VOIE,2,1,,
K 3 VOIE,2,1,,
J 3 VOIE,2,1,,
GRADATEUR C/A GARDE,2,1,,
SECT 60A NF,2,1,,
4.8KW,2,1,,
ENL IC,2,1,,
FIXTURE TYPE L7,2,1,,
FIXTURE TYPE L 15,2,1,,
FIXTURE TYPE L 14,2,1,,
FIXTURE TYPE L 23,2,1,,
FIXTURE TYPE L 9-3,2,1,,
fixt l9-12,2,1,,
fixt l9-5,2,1,,
fixt l9-4,2,1,,
fixt l9-3,2,1,,
fixt l9-8,2,1,,
DÉTECTEUR RELO,2,1,,
BOITIER POUR DRIVER,2,1,,
BOUTON OUVERTURE PORTE,2,1,,
PORTE MOTORISER,2,1,,
TIROIR 60A 600V,2,1,,
VARIATEUR DE VITESSE 20HP,2,1,,
TIROIR 60A 600V F MCC,2,1,,
25HP,2,1,,
VFD 25HP,2,1,,
SERPENTIN 7.5KW,2,1,,
ENLEVER SERPENTIN,2,1,,
DETECTEUR MOUN RELO,2,1,,
CONTACTEUR C3,2,2,,
CONTACTEUR C4,2,2,,
EXIT U3,2,2,,
UB2 BATTERIE UNIT 2T,2,2,,
EF MOTEUR,2,2,,
DISC 30A,2,2,,
CHAUFFAGE H10.5,2,2,,
KLAXON SECURITE,2,2,,
V/C,2,2,,
DETECTEUR PRESEN,2,2,,
CONDENSEUR -,2,2,,
30A NF WP-,2,2,,
CH 4KW 347V,2,2,,
VOLET MOTORISER -,2,2,,
TV -,2,2,,
EVAPORATEUR -,2,2,,
TA -,2,2,,
FIXT TYPE D8B,2,1,,
BOITIER CONTR ECL G1,2,1,,
FIXT TYPR D4C,2,1,,
SEC BOITIER 450X450X150 CENDREX BTV C/A LOCKET PLE,2,1,,
C4 750W,2,1,,
CONTACTEUR 30A 600VC/A TRANSFO SEL,2,1,,
40HP 600V,2,1,,
FT 40HP,2,1,,
VARIATEUR 40HP 60V,2,1,,
C2 1KW,2,1,,
FIXT TYPE M3,2,1,,
C 1500W C/A TH,2,1,,
C 4000W,2,1,,
PANIER,2,1,,
GARDE STATION,2,1,,
CARDE CAMERA,2,1,,
GARDE WIFI,2,1,,
GARDE HOR,2,1,,
BOUTON POUR GACHE,2,1,,
CD-N4-01 25A,2,2,,
CH9 FIXT TYPE,2,2,,
CH9 DETECTEUR,2,2,,
CH9 TV,2,2,,
CH7 FIXT C1,2,2,,
CH7 DECT,2,2,,
CH7 TV,2,2,,
CH4 FIXT C1,2,2,,
CH4 DECT,2,2,,
CH1 FIXT C1,2,2,,
CH1 DECT,2,2,,
CH10 FIXT C1,2,2,,
CH10 DECT,2,2,,
CH8 DECT,2,2,,
CH5 FIXT B4,2,2,,
CH5 DECT,2,2,,
CH2 FIXT C1,2,2,,
CH2 DECT,2,2,,
CH11 FIXT B5,2,2,,
CH11 FIXT B6,2,2,,
CH11 FIXT B7,2,2,,
CH11 FIXT C2,2,2,,
CH11 FIXT C3,2,2,,
CH11 4 VOIE,2,2,,
CH11 VENT,2,2,,
CH6 FIXT C1,2,2,,
CH6 DECT,2,2,,
CH3 FIXT C1,2,2,,
CH3 DECT,2,2,,
CH5 FIXT D2,2,2,,
CH11 FIXT D2,2,2,,
CH2,2,2,,
DECT MOUV 360,2,1,,
CH7 GFI,2,1,,
CH4 GFI,2,1,,
CH1 GFI,2,1,,
CH2 GFI,2,1,,
CH 5 GFI,2,1,,
CH5 USB,2,1,,
CH5 -TV,2,1,,
CH8 USB,2,1,,
CH8 GFI,2,1,,
CH10 USB,2,1,,
CH10 GFI,2,1,,
CH3 USB,2,1,,
CH3 GFI,2,1,,
CH6 GFI,2,1,,
CH11 USB,2,1,,
CH11 -TV,2,1,,
B 6000W,2,1,,
MOTEUR E-5,2,1,,
FIXTURE TYPE DM40,2,2,,
WF4000W,2,2,,
DRI 10000W,2,2,,
DRI4000W,2,2,,
MONUMENT PLANCHER 3P1T,2,2,,
TRANSFO 150VA 120/24V,2,2,,
TS,2,2,,
30A   NF WP,2,2,,
RESTO ROBO 12A 120V,2,2,,
RESTO MARMITE 41.6A 208V 15KW 3PH,2,2,,
RESTO29  FRITEUSE,2,2,,
RESTO 30 PLAQUE,2,2,,
RESTO 31 PLAQUE,2,2,,
RESTO 32 SALAMNTE,2,2,,
RESTO 33 CUISINIERE,2,2,,
RESTO 35 GRILLE,2,2,,
RESTO 36 FOUR 2.2KW 208V 1PH,2,2,,
RESTO 44 MICRO ONDE 13A 120V,2,2,,
RESTO 46 REF 280W 120V,2,2,,
RESTO 48 RECHAU 1100W,2,2,,
RESTO 51 RECHAU 700W 120V,2,2,,
RESTO 53 COMPT REF 280W 120V,2,2,,
RESTO 64 RECHAU SOUPE 6.7A 120V,2,2,,
RESTO 66 MOULIN CAFE,2,2,,
RESTO 67 MACHINE CAFE,2,2,,
RESTO 70 MACHINE GLASS 120V 20A,2,2,,
RESTO 78 LAVE VAISELLE 208V 3PH 5.2KW,2,2,,
RESTO 101 MACHINE GLASSE 120V,2,2,,
RESTO 102 REF BREVAGE 120,2,2,,
RESTO 104 BIERE 120V 3.6A,2,2,,
RESTO 105 REF BREV 120V 3.9A,2,2,,
RESTO 107 ESPRESSO 220V 20A,2,2,,
RESTO 117 LAVE VAISELLE 35A 208V 1PH,2,2,,
RESTO 4 CONGELATEUR 120V 1HP 20A,2,2,,
RESTO 9 CH REF,2,2,,
RESTO 10 CH CONGE,2,2,,
RESTO 56 COMPT REF,2,2,,
RESTO 103 PRISE 20A,2,2,,
RESTO 106 PRISE 20A,2,2,,
RESTO 108 MOULIN CAFE,2,2,,
ENSEIGNE FPA,2,2,,
ECL FIXTURE TYPE S2,2,2,,
BATTERIE UNIT UB 2T,2,1,,
EXIT U2 2T,2,1,,
FIXT TYPE LL4,2,1,,
CHAUFF D40,2,1,,
klaxon wp,2,2,,
INT 1 VOIE WP,2,2,,
PRIE 15/20A WP,2,2,,
C5 20KW,2,2,,
VE-01 600V,2,2,,
PS-01 600V,2,2,,
PS -03 600V,2,2,,
PS-02 600V,2,2,,
PS-04 600V,2,2,,
DISCONN 30A 120V F,2,2,,
D/M 600V VE-01,2,2,,
MOTEUR 15HP 600C,2,2,,
WF 4000W 347V,2,1,,
B 300W 347V,2,1,,
LAMPADAIRE D1,2,1,,
VIDEO,2,1,,
FIXT 1X4 ENLEVER,2,1,,
TAP BOX,2,1,,
NOTE 4 8XCORFLEX 500MCM,2,1,,
ENLEVER COMPTEUR,2,1,,
CHEMIN CABLE,2,1,,
FORCE FLOW 6000A B,2,1,,
RELO SECTIONNEUR 200A 208V,2,1,,
GRADATEUR 1VOIE,2,2,,
FORCE FLOW 2000W,2,2,,
TH MURAL,2,2,,
MOTEUR ECA-1,2,2,,
MOTEUR VS-1,2,2,,
ENL GRADATEUR,2,1,,
ENL INT EC,2,1,,
TROMPETTE RELO,2,1,,
tete double relo,2,1,,
PLINTHE C750W,2,1,,
PRISE RACK,2,1,,
FIXT TYPE 1X4  H,2,1,,
FIXT TYPE C-8,2,1,,
SERPENTIN 15KW 600V,2,1,,
RELO INT 3 VOIE,2,1,,
R/A,2,1,,
RELO PROJECTEUR,2,1,,
RELO WIFI,2,1,,
PLINTHE F 500W,2,2,,
PLINTHE A 2000W,2,2,,
PLINTHE F 2500W,2,2,,
PLINTHE B 500W,2,2,,
BUH D 4000W,2,2,,
DRI C5000W,2,2,,
DRI B2000W,2,2,,
BUH D 5000W,2,2,,
PALAN 600V,2,2,,
PRISE AU TOIT,2,2,,
VE-02,2,2,,
CPA,2,2,,
DU-01,2,2,,
DHU-01,2,2,,
VFV,2,2,,
PR-01,2,2,,
MODULE GRADATION,2,2,,
AL HAUT PARLEUR WP MURAL,2,2,,
SEC SERRURE ELCT,2,2,,
INTERCOM EXT,2,2,,
FIXT TYPE LX-1,2,2,,
MOTEUR P1 FIM,2,2,,
PLINTHE 2 1000W,2,2,,
MOTEUR VE-4 FIM,2,2,,
MOTEUR VE-8 FIM,2,2,,
CONTROL VENTILATEUR,2,2,,
CABLE CHAUFFANTMARQUISE,2,2,,
4 25KW,2,2,,
6 60KW,2,2,,
4 1500W,2,2,,
3 750W,2,2,,
VA-1 FIM,2,2,,
55 MONUMENT PLANCHER,2,2,,
9  SCIE A VIANDE,2,2,,
1 COMPACTEUR,2,2,,
18 COMPACTEUR DÉCHET,2,2,,
17 CHARGEUR BATTERIE,2,2,,
13 HACHOIRE,2,2,,
20 ÉTUVE,2,2,,
25 FOUR,2,2,,
13B  HACHOIR,2,2,,
5 CONCASSEUR,2,2,,
14 HACHOIRE 10HP,2,2,,
PC POMPE HUILE FIM,2,2,,
MOTEUR P2 FIM,2,2,,
MOTEUR VE-9 FIM,2,2,,
MOTEUR PER-01 FIM,2,2,,
ELECTROAIMANT,2,2,,
BOITE 18X18X6,2,2,,
MD10,2,2,,
PACK 400A,2,2,,
REFRODISSEUR 60A,2,2,,
400A NF,2,2,,
5 CABLE CHAUFFANT RAC,2,2,,
6 INT PORTE RAC,2,2,,
7 CONTROL PRESSION RAC,2,2,,
8 SONDE REF,2,2,,
17 COUVERT STATION EDSTI 1200,2,2,,
SOLÉNOIDE,2,2,,
MOTEUR VE-2 FIM,2,2,,
MOTEUR VE-6 FIM,2,2,,
MOTEUR VE-7 FIM,2,2,,
AC-4 FIM,2,2,,
MOTEUR VE-1 FIM,2,2,,
AC-1 FIM,2,2,,
AC-2 FIM,2,2,,
AC-3 FIM,2,2,,
JC FIXTURE TYPE A2,2,2,,
JC FIXTURE LI-9,2,2,,
JC DETECTEUR FUMÉE,2,2,,
JC 1250W,2,2,,
JC 4 15KW,2,2,,
JC 4 40KW,2,2,,
JC NIVELEUR QUAI,2,2,,
JC PORTE GARAGE,2,2,,
JC BOUTON SONNETTE,2,2,,
JC VE 2 FMI,2,2,,
JC MINUTERIE,2,2,,
JC AC 1  FMI,2,2,,
JC AC-2 FMI,2,2,,
JC AC-3 FMI,2,2,,
JC AC-4  FMI,2,2,,
JC VE-1 FMI,2,2,,
JC AC-5 FMI,2,2,,
JC PHOCELL,2,2,,
RELO FORCE FLOW,2,2,,
UNITER POUVOIR 1800W,2,2,,
MONTROL ECL MAITRE,2,2,,
UNITE 300W,2,2,,
F2,2,1,,
PRISE 15A SIMPLE,2,2,,
VT-02,2,2,,
MINUTERIE TORK ENCASTRE,2,2,,
H-01,2,2,,
H-02,2,2,,
POMPE CIRCULATRICE,2,2,,
AD FIXT TYPE D 78po,2,2,,
AD FIXT TYPE D 38po,2,2,,
AD FIXT TYPE FM4pi,2,2,,
DEM 87W,2,2,,
LAMPE TEMIOIN APPEL,2,2,,
DECLENCHEUR APPEL,2,2,,
FIXT TYPE N5,2,2,,
FIXT TYPE N6,2,2,,
ENCASTRE RELO,2,2,,
AD N6,2,2,,
PRISE 30A 250V SECHEUSE,2,1,,
INT VENTILATEUR,2,1,,
SORTIE FIXT OPERATION,2,1,,
VENTILATEUR TOILET,2,1,,
POTEAUX 20pi C/A BOITIER CAMERA,2,1,,
6  FIXT TYPE P1,2,1,,
BOITE TIRAGE TYPE A,2,1,,
RE,2,1,,
drive 5hp 600v fpa,2,1,,
moteur 5 hp 600v,2,1,,
BOUTON DE REQUETE,2,1,,
DISJ 30A F,2,1,,
3/10,2,1,,
LAVE-VAISEILLE,2,2,,
FRIGO,2,2,,
FONTAINE EAU,2,2,,
LUMINEUX PORTE,2,2,,
PANN ELECTRONIC,2,2,,
FIXT TYPE LI-18,2,2,,
TYPE F RELO,2,2,,
A N3,2,1,,
A LE =,2,1,,
A LN2,2,1,,
l05m,2,1,,
FIXT TYPE LP1 13pi,2,1,,
FIXT TYPE LP1 14pi,2,1,,
FIXT TYPE LP1 12pi,2,1,,
FIXT TYPE LP1 8pi,2,1,,
fixt type lp16s,2,1,,
BOITE RACCORD BACK LIT,2,1,,
DÉTECTEUR MOUV RELO,2,1,,
INT 3 VOIE B/V,2,1,,
POT REALIMENTE,2,1,,
RACCORD HUM,2,1,,
LUT  2,2,1,,
LUT ELV,2,1,,
MONUMENT DE TABLE,1,1,,
Exit Type X1,1,1,,
Type B4,1,1,,
Type D2 + 8 Projecteurs,1,1,,
Power Pack,1,1,,
Switch c/a Détecteur Présence,1,1,,
"Monument Wellmark FM4-11XX-B-2 1/2""",1,1,,
"Monument Wellmark Evolution 8"" Poke-Thru",1,1,,
Tel Plafond,1,1,,
2x4 to Relo,1,1,,
Détecteur Présence Lutron #LOS-CDT-2000-WH,1,1,,
Battery + phares double,1,1,,
Monument Wellmark Encastré 2x Prise 1x Sortie data,1,1,,
Monument Wellmark Encastré 1x Prise 1x Sortie data,1,1,,
Ply wood ignifuge,1,1,,
Détecteur Présence Plafond,1,1,,
30Ft 3/4 Emt 2w1v,1,1,,
Controleur DMC IPLAYER 3 de Color Kinectics,1,1,,
Aéroconvecteur Stelpro DR 2KW 347V,1,1,,
2#10 Hwt,1,1,,
Aéroconvecteur Stelpro DR 600V,1,1,,
Plinthe Stelpro ALUX3 2000W 347V,1,1,,
Plinthe Stelpro ALUX3 1000W 347V,1,1,,
Plinthe Stelpro ALUX3 1750W 347V,1,1,,
Plinthe Stelpro ALUX3 750W 347V,1,1,,
Convecteur Stelpro MIR 500W 347V,1,1,,
Mag Starter 208V 60A,1,1,,
Disc Sw 30A 120V SF WP,1,1,,
Battery c/a Phares double,1,1,,
Type SE Chandelier,1,1,,
Klaxon to Relo,1,1,,
Klaxon / strobe,1,1,,
Switch Detect Présence Leviton ODS15,1,1,,
Minuterie Intermatic ET1125,1,1,,
Battery c/a exit et Phares double,1,1,,
Type L1.8,1,1,,
Type DEL2,1,1,,
Type L3.5 - 16ft,1,1,,
Type L3.5 - 23Ft,1,1,,
Type L3.5 - 10Ft,1,1,,
Type L3.1 - 56Ft,1,1,,
16x16x4,1,1,,
Type L3.4 - 17Ft,1,1,,
Type L3.4 - 26Ft,1,1,,
Twistlock 30A,1,1,,
Démarreur Combiné 30A 600V,1,1,,
Disj 800A,1,1,,
Disj 125A,1,1,,
Disj 200A,1,1,,
Disc Sw 30A 600V Fused,1,1,,
Disc Sw 60A 600V Fused,1,1,,
XFO 600-120/240V 15kVA 1ph,1,1,,
Disj 1200A,1,1,,
Disj 60A,1,1,,
XFO 600-120/240V 150kVA 1ph,1,1,,
XFO 600-120/240V 100kVA 1ph,1,1,,
Armoire pour Transformateur Type A 750x750x250mm,1,1,,
"Cable Tray Adapt 24"" to 12""",1,1,,
"Cable Tray ""X"" Connecteur 4x 24""",1,1,,
Poteau HQ,1,1,,
Switch CNT11,1,1,,
Switch CNT10,1,1,,
Relais nLight CNT3,1,1,,
Switch CNT9,1,1,,
Panneau d'Alarme Incendie,1,1,,
2#6 Motor,1,1,,
3#8 Conn,1,1,,
Prise 15A DDFT EXT,1,1,,
Type E4-24,1,1,,
Type E10,1,1,,
Switch c/a Détect Présence,1,1,,
Aéroconvecteur DRR,1,1,,
Monument T&B 668-S #9,1,1,,
Partitions to Remove,1,1,,
Monument Surf 1x Prise 1x Sortie Tel,1,1,,
Manual Starter 120V 1HP,1,1,,
Prise Quad to Relo,1,1,,
Trappe d'accès,1,1,,
SC1 (Necy),1,1,,
Type L11,1,1,,
Type EXT1A,1,1,,
DP2,1,1,,
Type L20,1,1,,
Switch SW4,1,1,,
Switch S05,1,1,,
Type K1,1,1,,
Type Q,1,1,,
LUT 4A5,1,1,,
LUT QP5,1,1,,
LUT IO,1,1,,
LUT PS,1,1,,
Type Y,1,1,,
Plinthe B1 1000W,1,1,,
Prise 15A to relo,1,1,,
FA Cloche to relo,1,1,,
FA Station Manuelle to relo,1,1,,
Monument Connectrac (InCarpet 3.7) 1xHDMI 1x Tel 3,1,1,,
Monument Connectrac (InCarpet 3.7) 1xHDMI 1x Tel 2,1,1,,
Monument Connectrac (InCarpet 3.7) 1xTel 1x Racc M,1,1,,
Monument to Remove,1,1,,
Type M1,1,1,,
Type H6,1,1,,
Type H7,1,1,,
Type R2,1,1,,
Battery Z,1,1,,
Détecteur Type B,1,1,,
Switch WSX PDT WH,1,1,,
Switch nPODM 2P DX WH,1,1,,
Plug 15A GFI QUAD,1,1,,
Plug 20A GFI,1,1,,
Plug 30A TL,1,1,,
Plinthe D 500W,1,1,,
Plinthe D 2500W,1,1,,
Plinthe C 1250W,1,1,,
Plinthe C 2000W,1,1,,
Plinthe C 750W,1,1,,
Plinthe B 1250W,1,1,,
Plinthe B 750W,1,1,,
Plinthe C 1000W,1,1,,
Plinthe H 750W c/a therm int,1,1,,
Monument Wellmark,1,1,,
Aéroconvecteur F 4KW,1,1,,
Bouton,1,1,,
Prise Leviton T5633-E,1,1,,
ADD Disc Sw 30A 208V SF,1,1,,
WF 2500 W,1,1,,
POMPE A FEU,1,1,,
PANNEAU CONTROL POMPE,1,1,,
DISCONN 200A 600V,1,1,,
S1750W,1,1,,
S 500W,1,1,,
S 750W,1,1,,
pc,1,1,,
WF750W,1,1,,
2620 GFI WP,1,1,,
2620 HOTTE,1,1,,
2620 PRISE POELE,1,1,,
2620 PRISE SECHEUSE,1,1,,
RAIL TYPE W,1,1,,
EXIT COMBO RELO,1,1,,
STSTION RELO,1,1,,
STATION EXISTANT,1,1,,
RAIL 24po,1,1,,
fixt type lm3,1,1,,
FIXT TYPE L PL,1,1,,
PANN RELAIS,1,1,,
SERPENTIN ADD1,1,1,,
FIXT C 33pi,1,1,,
FIXT C 26pi,1,1,,
FIXT C 60pi,1,1,,
C2000W,1,1,,
SYSTEM P1,1,1,,
SYSTEME P2,1,1,,
VENTILATEUR VE1,1,1,,
CABLE 35KW,1,1,,
VENTILATEUR VA1,1,1,,
PANN MONOXIDE,1,1,,
PORTE GARAGE 1HP,1,1,,
UNIT BAT,1,1,,
EXIT C A 2 TETE,1,1,,
A2250W,1,1,,
FIXT TYPE T147,1,1,,
COFFFRET SEMI ENCASTRE,1,1,,
GROUND ROD NUM 4 ETAMER PROTEUR DE CABLE,1,1,,
FIXT TYP R6,1,1,,
PRISE 30A 125V 2613,1,1,,
PRISE 30A 250V 2623,1,1,,
PRISE L6-15R,1,1,,
PRISE L6-15R DDFT,1,1,,
D/M POUR HOTTE 15A 120V,1,1,,
POMPE SURPRESSION,1,1,,
PRISE 4710,1,1,,
UAN 30A 600V,1,1,,
VE15A 600V,1,1,,
CO 15A 208V 1PH,1,1,,
DISCONN 30A 240V NF WP,1,1,,
Compteur PANN ALARME,1,1,,
INT 3VOIE ARRET-AUTO-MANUEL,1,1,,
PHOTOCELL PARAGON CW201-00,1,1,,
MINUTERIE PARAGON EL 7100/120,1,1,,
CONTACTEUR ECL 8903-L-G40,1,1,,
C 4000W 347V PL,1,1,,
E 4000W 347V,1,1,,
C 7.5W 347V,1,1,,
FIXT TYPE EXT T-147,1,1,,
FIXT BAR,1,1,,
IRTR,1,1,,
EXPS-15V,1,1,,
UIM,1,1,,
FIXT TYPE F48,1,1,,
FIXT TYPE R10,1,1,,
PRISE L6-30R 9330,1,1,,
PRISE L5-30R 9308,1,1,,
SUPPORT A PANN,1,1,,
PRISE L6 15R  5661,1,1,,
PRIE 50A 250V 3P 4F,1,1,,
E40,1,1,,
C40,1,1,,
C7.5,1,1,,
LAPADAIRE L4M2,1,1,,
LAMPADAIRE L2M2,1,1,,
POTEAUX BOIS HQ,1,1,,
BATTERIE UNIT C/A 1TETE,1,1,,
INT DETECTEUR,1,1,,
30A 250V WP NF,1,1,,
CC-1,1,1,,
WF2500W,1,1,,
PP-1,1,1,,
200A 347/600V F,1,1,,
PANN PS 1,1,1,,
PANN PS-2,1,1,,
TRANSFO TX-2,1,1,,
TRANSFO TX-3,1,1,,
PANN PS-3,1,1,,
INT WP,1,1,,
LPINTHE RELO,1,1,,
FIXT TYPE F1 6T,1,1,,
FIXT TYPE G3 4pi,1,1,,
DISCONN 30A 120V NF,1,1,,
FIXT TYPE C 8,1,1,,
moteur vt,1,1,,
CARILLON ET BOUTON,1,1,,
DISJ 100A 3P,1,1,,
DISJ 20A 3P 600V,1,1,,
DISJ 100A 3P 600V,1,1,,
MOTEUR FRACTIONEL,1,1,,
INT DECT MOU,1,1,,
COLONNETTE J 1X40A 480V 1X15A 120 1X63A 480V,1,1,,
COLONNETTE G 2X15A 120V 1X20A220V6T,1,1,,
CLONETTE H 2X15A120 1X20 220V 9T,1,1,,
COLONNETTE D 2X 15A 120V 10T,1,1,,
COLONNETTE I 1X40A 480 1X 20A 480V 1X 20A 120V,1,1,,
APE 6KW,1,1,,
WF4KW C/A TH,1,1,,
DROP 4/8,1,1,,
UAF-03  15A 600V,1,1,,
A/C -06   40A 600V,1,1,,
UAF-02  15A 600V,1,1,,
UAF-01 15A 600V,1,1,,
VE-01 120V,1,1,,
VE-02 15A 208V 1PH,1,1,,
VE-04 15A 120V,1,1,,
VE-03 15A 120V,1,1,,
VE-05 15A 208V,1,1,,
RE-1,1,1,,
RELO TRANSFO 30KVA 600/120/208V,1,1,,
RELO PANN 66CCT 120/208V,1,1,,
RELO PANN 48CCT 120/208V,1,1,,
RELO TRANSFO 45KVA,1,1,,
PANN 42CCT 347/600V,1,1,,
DISCONN 100A 600V F,1,1,,
MOTEUR VE-2,1,1,,
ADD4 FIXT TYPE L5,1,1,,
ADD4 FIXT ZA,1,1,,
ADD4 L4,1,1,,
ADD4 FIXT L44,1,1,,
ADD4 FIXT L3,1,1,,
FIXT TYPE A 4,1,1,,
DMX,1,1,,
RELO DECTEUR FUMER,1,1,,
ECRAN MOBILE,1,1,,
CE-4,1,1,,
CONTACT TAMPER,1,1,,
ECRAN EM70,1,1,,
BOITE CENDREX BTA 12X12,1,1,,
100A 3P,1,1,,
225A 3P,1,1,,
30A 1P,1,1,,
CH 2000W 347V,1,1,,
CH 1000W 347V,1,1,,
40,1,1,,
MOTEUR 6HP 600V,1,1,,
AEROTHERME TOIT,1,1,,
TP1 72.1KW,1,1,,
150 KVA,1,1,,
15HP 600V,1,1,,
RELO UPS 30KW 120/208V,1,1,,
TRANSFERT 800A 347/600V 30KA AUTO,1,1,,
GEN SET 505KW 347/600V,1,1,,
FIXT TYPE V,1,1,,
FIXT TYPE B4,1,1,,
BR3,1,1,,
FIXT TYPE A7A,1,1,,
C6.T6,1,1,,
Compteur 1C2.R,1,1,,
C5.T6,1,1,,
C10.T2,1,1,,
C9.T1,1,1,,
PLYWOOD4X8X3/4,1,1,,
C8.P,1,1,,
PANN ALARME INCENDIE,1,1,,
FIXT TYPE RAIL 16pi 9TETE,1,1,,
FIXT LITELINE,1,1,,
TYPE L42,1,1,,
TYPE L51,1,1,,
TYPE X3,1,1,,
APE30,1,1,,
SECHOIRE A MAIN RELO,1,1,,
GRADATEUR MANUEL,1,1,,
PANN ENLEVER,1,1,,
fixt type j 7PI,1,1,,
fixt type j 4.6PI,1,1,,
FIXT TYPE L 4.6pi,1,1,,
PRISE 30A250V,1,1,,
FIXT TYPE 5 FPA,1,1,,
CONTROLER ALARM SYSTEME,1,1,,
AV RACK TYPE 18U,1,1,,
FLOOR BOX SIMON,1,1,,
SUSPENTION TRANSFO,1,1,,
WF 400W C/A TH,1,1,,
TRAFIC COUNTER,1,1,,
PRISE 50A 250V 14-50,1,1,,
Compteur 1L9.2,1,1,,
L15,1,1,,
L10,1,1,,
GRAFIX EYES,1,1,,
BOUTON POUSOIR,1,1,,
ELECTRO AIMANT,1,1,,
BARRE PANIQUE,1,1,,
STATION BLEU,1,1,,
UC1,1,1,,
FIXT TYPE L-14,1,1,,
FIXT TYPE L-15,1,1,,
POTEAUX,1,1,,
PRISE 120/240V 20A,1,1,,
DEMARREUR COMB WP,1,1,,
DEMARREUR COMB,1,1,,
HOTTE CUISINE 3PH,1,1,,
AC2.5,1,1,,
ACI  4.,1,1,,
AC1  2.,1,1,,
P0C,1,1,,
PRISE 20A DFT WP,1,1,,
UNITE UAF-1,1,1,,
FIXT TYPE L198,1,1,,
FIXT TYPE L222,1,1,,
FIXT TYPE K-UA 66,1,1,,
BATTERIE UNIT C/A 2 T,1,1,,
FIXT TYPE L204,1,1,,
1250W 208V,1,1,,
750W 208V,1,1,,
1500W 208V,1,1,,
L212 FIXT,1,1,,
L-222 FIXT,1,1,,
L 96 FIXT,1,1,,
KUA66 FIXT,1,1,,
L204 FIXT,1,1,,
ENL POTEAU,1,1,,
750W C/A TH,1,1,,
4KW 600V C/A TH,1,1,,
500W 208V,1,1,,
MONUMENT ENCASTRE,1,1,,
ENL FIXT R1,1,1,,
CLAVIER LUTRON,1,1,,
MODULE LUTRON,1,1,,
GRAFIX EYE,1,1,,
MODULE STORE,1,1,,
CONTROL STORE,1,1,,
FIXT TYPE LR3,1,1,,
FIXT TYPE LT1R,1,1,,
MOTEUR 20HP,1,1,,
DRIVE 20HP,1,1,,
FIXT  LT1S,1,1,,
60A 600V F,1,1,,
PMV,1,1,,
PTT,1,1,,
PTE,1,1,,
CONVOYEUR,1,1,,
RP S,1,1,,
A/C 9 20A 600V,1,1,,
A/C 8 20A 600V,1,1,,
A/C 7 20A 600V,1,1,,
A/C 6 20A 600V,1,1,,
A/C 10 15A 600V,1,1,,
HUM 2 15A 600V,1,1,,
A/C 3 120V 20A,1,1,,
ARC 2 30A 600V,1,1,,
CLA RELO,1,1,,
RELO CAR,1,1,,
DISCONN 30A 208V,1,1,,
DISCONN 120V,1,1,,
BOUTON SONNETTE RELO,1,1,,
PANN ALARM MODIFIER,1,1,,
DETECTEURB DE GAINE,1,1,,
MINUTERIE RELO,1,1,,
FIX TYPE L11,1,1,,
fixt l1,1,1,,
MINUTERIE  T103 40A,1,1,,
RAIL8pi,1,1,,
RAIL 4pi,1,1,,
RELO CLOCHE,1,1,,
CAISSON ET PLAQUE  DESSUS BASE 3-9,1,1,,
RELO LAMPADAIRE 2TET,1,1,,
RELO BASE LAMPADAIRE,1,1,,
FIXT TYPE B.4,1,1,,
150A 3P,1,1,,
12/12,1,1,,
relo hp,1,1,,
relo dect,1,1,,
dect mouv,1,1,,
MISE A LA TERRE HQ,1,1,,
SECTIONNEUR 800A 347/600V F WP,1,1,,
HP WP,1,1,,
PRISE 20A 3P 4F TW,1,1,,
ITA,1,1,,
100VA  120/24V,1,1,,
FIXT MOBILIER RACCORD,1,1,,
RELO AE10,1,1,,
relo prise generatrice,1,1,,
DEMARREUR MAGNER COMB,1,1,,
60A 600V,1,1,,
DG-1,1,1,,
EAC-1 600V,1,1,,
RELO DEPOUSSIEREUR,1,1,,
relo conduit et 11 fils existant,1,1,,
RELO PRISE GENERATRICE,1,1,,
DECT PRE PL,1,1,,
40A2P,1,1,,
40A 208V  3PH,1,1,,
CHAUF,1,1,,
DECT BRIE VERRE,1,1,,
30KVA 600/120/208V,1,1,,
PANN 42CCT,1,1,,
200A,1,1,,
60A WP,1,1,,
100A WP,1,1,,
400A 600V F,1,1,,
60A  600V F,1,1,,
48X48X12,1,1,,
DISCONN 30A,1,1,,
AVERTISEUR SONORE ET VISUEL,1,1,,
EUH3,1,1,,
EUH4,1,1,,
EUH2,1,1,,
EUH5,1,1,,
BATTERIE UNIT 150W,1,1,,
BATTERIE UNIT 100W,1,1,,
CAMERA AVIGILON,1,1,,
STEWF6008CTW,1,1,,
FIXT TYPE L7-1,1,1,,
BRG2,1,1,,
BRG3,1,1,,
B3U,1,1,,
BRG5,1,1,,
B2U,1,1,,
BRG4,1,1,,
CHAUFFE,1,1,,
PALAN,1,1,,
5KWPL,1,1,,
POTEAUX 25pi,1,1,,
DEMO ECHANGEUR ENL,1,1,,
DEMO COND,1,1,,
DEMO ENL BAT,1,1,,
AE04,1,1,,
VT01,1,1,,
AE01,1,1,,
DDC1,1,1,,
DEMO VE-07,1,1,,
MODULE INC,1,1,,
STATION EI,1,1,,
TR EI,1,1,,
CLOCHE EXT,1,1,,
DEMO L3,1,1,,
DEMO L9,1,1,,
3 HP,1,1,,
PJ1,1,1,,
P1-01,1,1,,
DISCONN 30A NF EI,1,1,,
20A 250V,1,1,,
IH,1,1,,
DROP 27/12,1,1,,
DROP 23/12,1,1,,
8X8 PVC,1,1,,
DROP 15/12,1,1,,
DROP 21/12,1,1,,
DEMO MONUMENT,1,1,,
COLONNETTE 4 PRISE /4 TEL,1,1,,
C 1250W,1,1,,
PLINTHE C600W,1,1,,
PLINTHE C2100W,1,1,,
RELAIS ME18,1,1,,
GFI 20A ME18,1,1,,
MONUMENT PL P/T /TV ME18,1,1,,
CHAUFFEAU ME18,1,1,,
DISCONN 30A NF ME18,1,1,,
RACCORD PC/01 ME18,1,1,,
RACCORD UR/02 ME18,1,1,,
THERMOSTAT ME18,1,1,,
SECTIONNEUR 30A 600V NF ME18,1,1,,
12X12X4 ME18,1,1,,
RACCORD CHARGEUR ME18,1,1,,
NF ME18 30A,1,1,,
FIXT L3 ME18 302,1,1,,
TCAI,1,1,,
FIXT TYPE EXT,1,1,,
FONTAINE,1,1,,
prise secheuse,1,1,,
S4,1,1,,
EXT,1,1,,
BAT,1,1,,
1.AC,1,1,,
1.5AC,1,1,,
.5P,1,1,,
contact porte,1,1,,
gel-sa937-SW001,1,1,,
AM4000W,1,1,,
APE4000W,1,1,,
APE 2000W,1,1,,
FAN T1,1,1,,
BR-1.5,1,1,,
BR 1.6,1,1,,
BR 1.7,1,1,,
BR 1.8,1,1,,
VRC-03,1,1,,
PES3 1500W,1,1,,
A 15/20,1,1,,
A 50A 250V,1,1,,
auget 400a 347/600v,1,1,,
meter box,1,1,,
barre ground,1,1,,
b,1,1,,
y,1,1,,
f2,1,1,,
k,1,1,,
w,1,1,,
j,1,1,,
f,1,1,,
g1,1,1,,
g2,1,1,,
g3,1,1,,
g inv,1,1,,
g1 inv,1,1,,
g2 inv,1,1,,
g3 inv,1,1,,
j inv,1,1,,
b inv,1,1,,
15 hp,1,1,,
pes3 750w,1,1,,
FIXT TYPE L 12,1,1,,
pa1-8,1,1,,
rail 72po,1,1,,
RAIL 51po,1,1,,
RAIL 80po,1,1,,
SORTIE CABLE VIDEO,1,1,,
ENLEVER CLAVIER,1,1,,
ENLEVER PLINTHE,1,1,,
ENLEVER CHAUFFE EAU,1,1,,
15 KVA ENL,1,1,,
1121/2 KVA ENL,1,1,,
HAUT PARLEUR NOUVEAU,1,1,,
UPS à enlever,1,1,,
Type D2-12ft,1,1,,
Type D1-15ft,1,1,,
Type D1-7ft,1,1,,
Type D1-11ft,1,1,,
Type I,1,1,,
ve,1,1,,
boite raccord,1,1,,
control vitesse,1,1,,
STROB KLAXON,1,1,,
DISCONN 30A 250V F,1,1,,
SYST 27,1,1,,
SYST 10,1,1,,
RAIL 63po,1,1,,
ECL INTEGRE,1,1,,
FIXT TYPE C8,1,1,,
INT B,1,1,,
enseigne tim relo,1,1,,
prise 5280-b,1,1,,
DISCONN 100A NF,1,1,,
50A 3P 600V,1,1,,
25A 3P 600V,1,1,,
RAIL 2 TETE,1,1,,
3000W,1,1,,
UNTER AU TOIT 30A,1,1,,
UNITER AU TOIT 60A,1,1,,
PANN 400A 120/208V 72CCT,1,1,,
PANN D2UPS1 154,1,1,,
PANN DUPS1 153,1,1,,
DISCONN I2UPS1 152,1,1,,
DISCONN I2UPS1 151,1,1,,
COLONNETTE 30TP-4WH 2PR 2DATA,1,1,,
RELO COND 3/12,1,1,,
barre mise a la terre,1,1,,
DR4KW 347V,1,1,,
FIXT TYPE E RAIL,1,1,,
RELO EV,1,1,,
RELO CD,1,1,,
RELO VE2,1,1,,
DR 5KW,1,1,,
400A 347/600V F,1,1,,
METER 400A,1,1,,
TRANSFO 45KVA 600/10/208V,1,1,,
PANN 347/600V,1,1,,
PANN 120/208V,1,1,,
SHU15KW,1,1,,
DRR5KW,1,1,,
MT,1,1,,
BOITE CAMERA,1,1,,
FIXT TYPE VONN EXPRESSION,1,1,,
FAN PL,1,1,,
plinthe 750w,1,1,,
SECTIONNEUR 60A,1,1,,
RACCORD 3/6,1,1,,
AIR WARMER,1,1,,
fixt type g,1,1,,
FITURE TYPE A,1,1,,
PRIS,1,1,,
TRANSFO B/V,1,1,,
PANNEAU,1,1,,
DECT HUILE ENL,1,1,,
C1000W,1,1,,
F2000W,1,1,,
POMPE APPOINT,1,1,,
ELEMENT CHAUF,1,1,,
F1500W,1,1,,
E1500W,1,1,,
G20,1,1,,
G10,1,1,,
G12,1,1,,
C12,1,1,,
MOTEUR 1/3 HP 1230V,1,1,,
MOTEUR 1/3 HP 600V,1,1,,
MOTEUR 10 HP 600V,1,1,,
CO-01,1,1,,
VRE-01,1,1,,
WF8KW,1,1,,
CABLE CHAUFFANT SECM STCPW5,1,1,,
WF4KW 347V,1,1,,
1200W 347V,1,1,,
SUSPENDUE 3 TETE,1,1,,
UPDT,1,1,,
PRISE POLE,1,1,,
A DECT MOUV,1,1,,
B DECT MOUV,1,1,,
B POMPE,1,1,,
B ASSENCEUR,1,1,,
B CAN STAT,1,1,,
B VE STAT,1,1,,
B CONDENSEUR,1,1,,
B CHAUFFEAU,1,1,,
A CHAUFFEAU,1,1,,
A POMPE,1,1,,
A ASSENCEUR,1,1,,
A VE CAN STAT,1,1,,
A CAN STAT,1,1,,
A POLE,1,1,,
PORTE MOTO,1,1,,
VE GARAGE,1,1,,
A D 2000,1,1,,
B D2000,1,1,,
A B 1750W,1,1,,
A B 2500W,1,1,,
B B2500W,1,1,,
A B2250W,1,1,,
a 1750w,1,1,,
a 2500w,1,1,,
b 1250w,1,1,,
b 2500w,1,1,,
a 1250w,1,1,,
CHAUFFAGE RELO,1,1,,
CHAUFFAGE B1500W,1,1,,
90A 3P,1,1,,
MOTEUR 1HP 600V,1,1,,
MOTEUR 1/4 HP 600V,1,1,,
MOTEUR .2 HP 120V,1,1,,
ALARME AUDITIVE,1,1,,
AEROTHERME 120V,1,1,,
HUMIDIFICATEUR,1,1,,
D/M COMB 30A 600V,1,1,,
FIXT TYPE R1 N,1,1,,
FIXT TYPE R2 N,1,1,,
FIXT TYPE R3 N,1,1,,
FIXT TYPE Q N,1,1,,
FIXT TYPE O N,1,1,,
MA N,1,1,,
RELO PANN LUTRON N,1,1,,
WALLMATE 32 RPVISUAL,1,1,,
FIXT TYPE LS-10,1,1,,
FIXT TYPE LS-6,1,1,,
FIXT TYPE L8 292,1,1,,
moteur 600v,1,1,,
X ECHEL,1,1,,
DRC,1,1,,
RC3,1,1,,
PST,1,1,,
DSTS,1,1,,
MOTEUR CENTRA AIR 20HP 600V,1,1,,
PC 20HP,1,1,,
BOITE DE PLANCHER,1,1,,
FIXT TYPE D5B,1,1,,
DETECT MOUV 1,1,1,,
detecteur t,1,1,,
CH 84 KW,1,1,,
CH 3000W D,1,1,,
MINI KLAXON WP,1,1,,
COMPTEUR ELECTRONIQUEMPCX2,1,1,,
3hp 208v,1,1,,
TRANSFERT MANUEL,1,1,,
MODULE XLR,1,1,,
15a 347 1p,1,1,,
15a 2p 347v,1,1,,
15/20 MURAL,1,1,,
Compteur 1PRISE 20A 125V 20RA,1,1,,
PRISE L30R,1,1,,
RD-1 19.5KW,1,1,,
RESEAU IP,1,1,,
FIXT TYPE TETE SIMPLE,1,1,,
BOUTON ARRET,1,1,,
DB,1,1,,
TRANSFO 45KVA 600/120/208V,1,1,,
TRANSFO 15KVA 600/120/208V,1,1,,
CONTENEUR,1,1,,
MV1 UL-2,1,1,,
MV2 UL-3,1,1,,
MV UL-4,1,1,,
MV1 GRAD,1,1,,
MV1 PS,1,1,,
MV1 P,1,1,,
FIXT TYPE UL-4,1,1,,
2L UL3,1,1,,
2L UL2,1,1,,
2L UL5,1,1,,
2L PS,1,1,,
2L GRADATEUR,1,1,,
1H  UL-3,1,1,,
1H  UL2,1,1,,
1H  PS,1,1,,
1H  P,1,1,,
1H   GRADATEUR,1,1,,
3A UL-2,1,1,,
3A UL-3,1,1,,
3A PS,1,1,,
3A 4 VOIE,1,1,,
3A GRADATEUR,1,1,,
1C UL-3,1,1,,
1C PS,1,1,,
1C UL-4,1,1,,
3A UL-4,1,1,,
1C GRADATEUR,1,1,,
1D UL-5,1,1,,
1D UL4,1,1,,
1D UL-3,1,1,,
1D P,1,1,,
1D PS,1,1,,
1D GRADATEUR,1,1,,
3B UL-3,1,1,,
3B UL-2,1,1,,
3B UL-5,1,1,,
3B PS,1,1,,
3B GRAD,1,1,,
2A UL-2,1,1,,
2A UL-3,1,1,,
2A UL-5,1,1,,
2A PS,1,1,,
2A 3 VOIE,1,1,,
2B UL-2,1,1,,
2B UL-3,1,1,,
2B UL-4,1,1,,
2B PS,1,1,,
2B GRAD,1,1,,
3C UL-2,1,1,,
3C UL-3,1,1,,
3C UL-4,1,1,,
3C PS,1,1,,
3C GRAD,1,1,,
2C UL-2,1,1,,
2C UL-3,1,1,,
2C UL-4,1,1,,
2C PS,1,1,,
2C GRAD,1,1,,
1B UL-2,1,1,,
1B UL-3,1,1,,
1B UL-4,1,1,,
1B P,1,1,,
1B PS,1,1,,
1B GRAD,1,1,,
2D UL-2,1,1,,
2D UL-3,1,1,,
2D UL-4,1,1,,
2D PS,1,1,,
2D GRAD,1,1,,
2G UL-2,1,1,,
2G UL-3,1,1,,
2G PS,1,1,,
2G GRDA,1,1,,
1F UL-2,1,1,,
1F UL-3,1,1,,
1F UL-4,1,1,,
1F PS,1,1,,
1F GRAD,1,1,,
1 H1 UL-2,1,1,,
2 H1 UL-3,1,1,,
2H1 PS,1,1,,
2H1 GRDA,1,1,,
1A UL-2,1,1,,
1A UL-3,1,1,,
1A UL-4,1,1,,
1A UL-5,1,1,,
1 P,1,1,,
1A PS,1,1,,
1A GRAD,1,1,,
2H UL-2,1,1,,
2H UL-3,1,1,,
2H PS,1,1,,
2H GRAD,1,1,,
2  UL-2,1,1,,
2E UL-3,1,1,,
2E UL-5,1,1,,
2E PS,1,1,,
2E GRAD,1,1,,
2F UL-2,1,1,,
2F UL-3,1,1,,
2F UL-4,1,1,,
2F PS,1,1,,
2F GRAD,1,1,,
2I UL-2,1,1,,
2I UL-3,1,1,,
2I UL-4,1,1,,
2I PS,1,1,,
2I GRAD,1,1,,
1G UL-2,1,1,,
1G UL-3,1,1,,
1G UL-4,1,1,,
1G UL-5,1,1,,
1G P,1,1,,
1G PS,1,1,,
1G GRAD,1,1,,
1J UL-2,1,1,,
1J UL-3,1,1,,
1J UL-4,1,1,,
1J P,1,1,,
1J PS,1,1,,
1J GRAD,1,1,,
2J UL-2,1,1,,
2J UL-3,1,1,,
2J UL-4,1,1,,
2J UL-5,1,1,,
2J PS,1,1,,
2k ul-2,1,1,,
2k ul-3,1,1,,
2k ps,1,1,,
2K GRAD,1,1,,
1E UL-2,1,1,,
1E UL-3,1,1,,
1E UL-4,1,1,,
1E PS,1,1,,
1E GRAD,1,1,,
1I UL-2,1,1,,
1I UL-3,1,1,,
1I UL-4,1,1,,
1I P,1,1,,
1I PS,1,1,,
1I GRAD,1,1,,
RAIL EM,1,1,,
FIXT TYPPE 9 25pi,1,1,,
FIXT TYPE 9  8.8pi,1,1,,
FIXT TYPE 9  32 po,1,1,,
FIXT TYPE 9  68po,1,1,,
FIXT TYPE 9 9.8pi,1,1,,
FIXT TYPE 9 62po,1,1,,
FIXT TYPE 9  58po,1,1,,
FIXT TYPE 9 11pi,1,1,,
FIXT TYPE 9 74po,1,1,,
FIXT TYPE 9  98po,1,1,,
FIXT TYPE 8 72po,1,1,,
SHU2000W 347V,1,1,,
L6-20P,1,1,,
RACCORD DIRECT 3/10,1,1,,
TYPE11,1,1,,
TYPE9 11pi,1,1,,
TYPE9 98po,1,1,,
TYPE8 11pi,1,1,,
TYPE9 9.8pi,1,1,,
TYPE9 58po,1,1,,
TYPE9 11.4pi,1,1,,
TYPE9 32po,1,1,,
TYPE9 68po,1,1,,
TYPE 9 25pi,1,1,,
TYPE 9 23pi,1,1,,
9-58,1,1,,
9-11.4,1,1,,
9 -20.3,1,1,,
9 -21.8,1,1,,
9 - 11PI,1,1,,
9 -52,1,1,,
9 -68,1,1,,
9 -32,1,1,,
8 -72,1,1,,
9 -98,1,1,,
FIXT TYPE LB3,1,1,,
FIXT TYPE LA4,1,1,,
FIXT TYPE G9,1,1,,
DETECTEUR THERM,1,1,,
DRI1000W,1,1,,
2000W CBB,1,1,,
1200W SCR,1,1,,
CBB 2500W,1,1,,
SCR1250W,1,1,,
SCR750W,1,1,,
CBB500W,1,1,,
UTA1,1,1,,
PRISE 30A 240V,1,1,,
PRISE 30A 120V,1,1,,
DISJ 600V,1,1,,
PRISE 50A 120/240V,1,1,,
PRISE 30A 600V,1,1,,
201 FIXT L1,1,1,,
201 KLAXON STROB,1,1,,
202 FIXT M2,1,1,,
202 FIXT L1,1,1,,
202 KLAXON STROB,1,1,,
204 FIXT M2,1,1,,
204 FIXT L1,1,1,,
204 KLAXON STROB,1,1,,
401 FIXT S2,1,1,,
401 KLAXON STROB,1,1,,
101 FIXT M2,1,1,,
101 FIXT L1,1,1,,
101 KLAXON,1,1,,
101 KLAXON STROB,1,1,,
101 SECHEUSE,1,1,,
101 ES-1,1,1,,
101 EV-1,1,1,,
101 CD-1,1,1,,
101 30A NF,1,1,,
101 BOITE 3000,1,1,,
101 B1250W,1,1,,
101 A500W,1,1,,
201 POELE,1,1,,
201 SECHEUSE,1,1,,
201 CHAUFF,1,1,,
201 30A NF,1,1,,
201 EV-2,1,1,,
201 HOTTE,1,1,,
201 ES-1,1,1,,
201 CD-2,1,1,,
201 3000,1,1,,
204 POEL,1,1,,
204 SECHEUSE,1,1,,
204 CD-1,1,1,,
2044 EV-1,1,1,,
204 HOTTE,1,1,,
204 ES-1,1,1,,
204 B125W,1,1,,
204 A500W,1,1,,
204 A1000W,1,1,,
202 POELE,1,1,,
202 SECHEUSE,1,1,,
202 EV-1,1,1,,
202 ES-1,1,1,,
202 HOTTE,1,1,,
202 3000,1,1,,
202 CD-1,1,1,,
202 B1250W,1,1,,
202 A1000W,1,1,,
202 A500W,1,1,,
401 POELE,1,1,,
401 SECHEUSE,1,1,,
401 CHAUFF,1,1,,
401 NF 30A,1,1,,
401 VE-1,1,1,,
401 HOTTE,1,1,,
401 ES-1,1,1,,
401 EV-2,1,1,,
401 CD-2,1,1,,
401 B1250W,1,1,,
401 A 1000W,1,1,,
401 3000,1,1,,
TETE SIMPLE RELO,1,1,,
BOITE VOLUME RELO,1,1,,
POMPE RELO,1,1,,
PANN N,1,1,,
DISCONN 600A208V,1,1,,
PRISE ISTAR,1,1,,
ISTAR,1,1,,
FIXT TYPE BD,1,1,,
FIXT TYPE BF,1,1,,
A 7.5,1,1,,
B 4.5W,1,1,,
DETECTEUR OAC DT1R,1,1,,
INT PRESENCE 0/10,1,1,,
RD4,1,1,,
DRI 4000W,1,1,,
CBB1000W,1,1,,
CONTACTEUR ASP,1,1,,
DISC NF,1,1,,
CBB 750W,1,1,,
MOTEUR EV-1,1,1,,
BOITE CAMLOCK,1,1,,
TSS,1,1,,
DECT PR,1,1,,
FIXT TYPE BF5F,1,1,,
FIXT TYPE BF5G,1,1,,
FIXT TYPE BF5H,1,1,,
FIXT TYPE BFI,1,1,,
FIXT TYPE BF5J,1,1,,
FIXT TYPE BF4,1,1,,
RACCORD VRE,1,1,,
CH A 5,1,1,,
CH A17,1,1,,
G COND,1,1,,
G EVAP,1,1,,
G 15/20A,1,1,,
G WF1000W,1,1,,
ETAG1 500W,1,1,,
C1,1,1,,
M POELE,1,1,,
M SECHEUSE,1,1,,
M COND,1,1,,
M EVAP,1,1,,
M HOTTE,1,1,,
H SECHEUSE,1,1,,
H POELE,1,1,,
H EVAP,1,1,,
H COND,1,1,,
H HOTTE,1,1,,
H 300W,1,1,,
H 1000W,1,1,,
H WF2000W,1,1,,
ETAG 1 1000W,1,1,,
F 15/20A,1,1,,
F COND,1,1,,
F WF1000W,1,1,,
E COND,1,1,,
E WF1000W,1,1,,
D COND,1,1,,
D WF1000W,1,1,,
C1 TV,1,1,,
C1 EVAP,1,1,,
C1 COND,1,1,,
C1 WF1000W,1,1,,
C1 HOTTE,1,1,,
C1 15/20A,1,1,,
C WF1000W,1,1,,
C 15/20A,1,1,,
B WF1000W,1,1,,
A 15/20A,1,1,,
X 15/20A,1,1,,
X SECHEUSE,1,1,,
X POELE,1,1,,
X HOTTE,1,1,,
X 300W,1,1,,
X COND,1,1,,
X EVAP,1,1,,
X TV,1,1,,
Z 15/20a,1,1,,
Z POELE,1,1,,
Z SECHEUSE,1,1,,
Z 300W,1,1,,
Z HOTTE,1,1,,
Z COND,1,1,,
Z EVAP,1,1,,
Z TV,1,1,,
Y POELE,1,1,,
Y SECH,1,1,,
Y 15/20A,1,1,,
Y TV,1,1,,
Y HOTTE,1,1,,
Y COND,1,1,,
Y EVAP,1,1,,
Y 1000W,1,1,,
Y 300W,1,1,,
Y WF1500W,1,1,,
C1 SHESEUSE,1,1,,
H1 15/20A,1,1,,
H1 SECHEUSE,1,1,,
H1 POELE,1,1,,
H1 HOTTE,1,1,,
H1 TV,1,1,,
H1 ECH,1,1,,
H1 COND,1,1,,
H1 300W,1,1,,
H1 WF1250W,1,1,,
I SECHEUSE,1,1,,
I POELE,1,1,,
I EVAP,1,1,,
I COND,1,1,,
I HOTTE,1,1,,
I 300W,1,1,,
I 1000W,1,1,,
I WF1750W,1,1,,
J HOTTE,1,1,,
J  POELE,1,1,,
J SECHEUSE,1,1,,
J EVAP,1,1,,
J COND,1,1,,
J 300W,1,1,,
K SECHEUSE,1,1,,
K POELE,1,1,,
K HOTTE,1,1,,
K COND,1,1,,
K EVAP,1,1,,
K 300W,1,1,,
K WF 1750W,1,1,,
O HOTTE,1,1,,
O POELE,1,1,,
O SECHEUSE,1,1,,
O EVAP,1,1,,
O COND,1,1,,
O 300W,1,1,,
O 1000W,1,1,,
O WF 1750W,1,1,,
N EVAP,1,1,,
N WF1500W,1,1,,
L POELE,1,1,,
L SECHEUSE,1,1,,
L COND,1,1,,
L 300W,1,1,,
L 500W,1,1,,
L 1250W,1,1,,
M1 15/20A,1,1,,
M1 SECHEUSE,1,1,,
M1 POELE,1,1,,
M1 HOTTE,1,1,,
M1 EVAP,1,1,,
P 15/20A,1,1,,
P COND,1,1,,
P TV,1,1,,
P EVAP,1,1,,
P POELE,1,1,,
P HOTTE,1,1,,
P 300W,1,1,,
P WF2000W,1,1,,
Q 15/20A,1,1,,
Q SECHEUSE,1,1,,
Q POELE,1,1,,
Q HOTTE,1,1,,
Q EVAP,1,1,,
Q TV,1,1,,
Q COND,1,1,,
Q 300W,1,1,,
Q 1000W,1,1,,
Q WF1500W,1,1,,
Q TH,1,1,,
R 15/20A,1,1,,
R SECHEUSE,1,1,,
R POELE,1,1,,
R HOTTE,1,1,,
R TV,1,1,,
R EVAP,1,1,,
R COND,1,1,,
R 1000W,1,1,,
R 300W,1,1,,
R WF1750W,1,1,,
R TH,1,1,,
S 15/20A,1,1,,
S POELE,1,1,,
S SECHEUSE,1,1,,
S HOTTE,1,1,,
S TV,1,1,,
S COND,1,1,,
S 300W,1,1,,
S 1000W,1,1,,
S WF1750W,1,1,,
T POELE,1,1,,
T HOTTE,1,1,,
T SECHEUSE,1,1,,
T 15/20A,1,1,,
T COND,1,1,,
T EVAP,1,1,,
T 300W,1,1,,
T WF1750W,1,1,,
U SECHEUSE,1,1,,
U POELE,1,1,,
U HOTTE,1,1,,
U 15/20A,1,1,,
U TV,1,1,,
U EVAP,1,1,,
U COND,1,1,,
U 300W,1,1,,
U 1000W,1,1,,
U WF2000W,1,1,,
V 15/20A,1,1,,
V POELE,1,1,,
V SECHEUSE,1,1,,
V HOTTE,1,1,,
V TV,1,1,,
V COND,1,1,,
V 300W,1,1,,
V 1000W,1,1,,
V EVAP,1,1,,
V WF 1750W,1,1,,
W 15/20A,1,1,,
W POELE,1,1,,
W SECHEUSE,1,1,,
W COND,1,1,,
W EVAP,1,1,,
W TV,1,1,,
W HOTTE,1,1,,
W 300W,1,1,,
W 1000W,1,1,,
W WF1750W,1,1,,
M1 COND,1,1,,
M1 1000W,1,1,,
M1 300W,1,1,,
M1 WF1750W,1,1,,
H1,1,1,,
H2 SECHEUSE,1,1,,
H2 POELE,1,1,,
H2 HOTTE,1,1,,
H2 15/20A,1,1,,
H2 TV,1,1,,
H2 300W,1,1,,
H2 EVAP,1,1,,
H2 COND,1,1,,
QQ1 15/20A,1,1,,
QQ1 EVAP,1,1,,
QQ1 COND,1,1,,
QQ1 TV,1,1,,
QQ1 SECHEUSE,1,1,,
QQ1 POELE,1,1,,
QQ1 HOTTE,1,1,,
QQ1 300W,1,1,,
QQ1 1000W,1,1,,
QQ1 WF1750W,1,1,,
QQ SECHEUSE,1,1,,
QQ POELE,1,1,,
QQ 15/20A,1,1,,
QQ EVAP,1,1,,
QQ COND,1,1,,
QQ TV,1,1,,
QQ HOTTE,1,1,,
QQ 300W,1,1,,
QQ 1000W,1,1,,
QQ WF1750W,1,1,,
PP 15/20A,1,1,,
PP COND,1,1,,
PP EVAP,1,1,,
PP TV,1,1,,
PP HOTTE,1,1,,
PP POELE,1,1,,
PP SECHEUSE,1,1,,
PP 300W,1,1,,
PP 100W,1,1,,
PP WF 1500W,1,1,,
OO 15/20A,1,1,,
OO POELE,1,1,,
OO HOTTE,1,1,,
OO SECHEUSE,1,1,,
OO COND,1,1,,
OO EVAP,1,1,,
OO TV,1,1,,
OO 300W,1,1,,
OO WF1000W,1,1,,
OO,1,1,,
QQ,1,1,,
QQ1,1,1,,
NN,1,1,,
NN 15/20A,1,1,,
NN POELE,1,1,,
NN SECHEUSE,1,1,,
NN HOTTE,1,1,,
NN EVAP,1,1,,
NN COND,1,1,,
NN 300W,1,1,,
NN WF1000W,1,1,,
NN TV,1,1,,
MM,1,1,,
MM 15/20A,1,1,,
MM HOTTE,1,1,,
MM POELE,1,1,,
MM SECHEUSE,1,1,,
MM TV,1,1,,
MM COND,1,1,,
MM EVAP,1,1,,
MM 1000W,1,1,,
MM 300W,1,1,,
MM WF1750W,1,1,,
LL,1,1,,
LL POELE,1,1,,
LL SECHEUSE,1,1,,
LL 15/20A,1,1,,
LL COND,1,1,,
LL EVAP,1,1,,
LL TV,1,1,,
LL 300W,1,1,,
LL HOTTE,1,1,,
BB 15/20A,1,1,,
BB POELE,1,1,,
BB SECHEUSE,1,1,,
BB TV,1,1,,
BB COND,1,1,,
BB EVAP,1,1,,
BB HOTTE,1,1,,
BB 300W,1,1,,
BB WF1250W,1,1,,
KK,1,1,,
KK 15/20A,1,1,,
KK POELE,1,1,,
KK SECHEUSE,1,1,,
KK TV,1,1,,
KK COND,1,1,,
KK EVAP,1,1,,
KK 300W,1,1,,
KK 1000W,1,1,,
KK WF17560W,1,1,,
KK HOTTE,1,1,,
AA 15/230A,1,1,,
AA COND,1,1,,
AA EVAP,1,1,,
AA TV,1,1,,
AA POELE,1,1,,
AA SECHEUSE,1,1,,
AA HOTTE,1,1,,
AA 300W,1,1,,
AA WF1500W,1,1,,
CC 15/20A,1,1,,
CC POELE,1,1,,
CC SECHEUSE,1,1,,
CC HOTTE,1,1,,
CC COND,1,1,,
CC EVAP,1,1,,
CC TV,1,1,,
CC 300W,1,1,,
CC 1000W,1,1,,
CC WF1750W,1,1,,
DD POELE,1,1,,
DD SECHEUSE,1,1,,
DD 15/20A,1,1,,
DD COND,1,1,,
DD EVAP,1,1,,
DD HOTTE,1,1,,
DD 300W,1,1,,
DD WF1750W,1,1,,
EE POELE,1,1,,
EE SECHEUSE,1,1,,
EE 15/20A,1,1,,
EE HOTTE,1,1,,
Compteur EE TV,1,1,,
EE EVAP,1,1,,
EE COND,1,1,,
EE 300W,1,1,,
FF 15/20A,1,1,,
FF POELE,1,1,,
FF SECHEUSE,1,1,,
FF COND,1,1,,
FF EVAP,1,1,,
FF HOTTE,1,1,,
FF 300W,1,1,,
FF WF1000W,1,1,,
Compteur GG,1,1,,
GG 15/20A,1,1,,
GG HOTTTE,1,1,,
GG POELE,1,1,,
GG SECHEUSE,1,1,,
GG TV,1,1,,
GG COND,1,1,,
GG EVAP,1,1,,
GG 300W,1,1,,
GG WF1500W,1,1,,
HH 15/20A,1,1,,
HH POELE,1,1,,
HH SECHEUSE,1,1,,
HH HOTTE,1,1,,
HH EVAP,1,1,,
HH COND,1,1,,
HH 300W,1,1,,
HH WF1250W,1,1,,
II 15/20A,1,1,,
II POELE,1,1,,
II SECHEUSE,1,1,,
II HOTTE,1,1,,
II COND,1,1,,
II EVAP,1,1,,
II 1000W,1,1,,
II 300W,1,1,,
II WF1750W,1,1,,
J1 POELE,1,1,,
J1 HOTTE,1,1,,
J1 SECHEUSE,1,1,,
J1 15/20A,1,1,,
J1 TV,1,1,,
J1 EVAP,1,1,,
J1 COND,1,1,,
J1 300W,1,1,,
J1 WF1500W,1,1,,
X1 POELE,1,1,,
X1 SECHEUSE,1,1,,
X1 15/20A,1,1,,
X1 HOTTE,1,1,,
X1 COND,1,1,,
X1 EVAP,1,1,,
X1 TV,1,1,,
X1 300W,1,1,,
Z1 15/20A,1,1,,
Z1 POELE,1,1,,
Z1 SECHEUSE,1,1,,
Z1 HOTTE,1,1,,
Z1 COND,1,1,,
Z1 EVAP,1,1,,
Z1 TV,1,1,,
Z1 300W,1,1,,
Z1 500W,1,1,,
AA1 15/20A,1,1,,
AA1 HOTTE,1,1,,
AA1 POELE,1,1,,
AA1 SECHEUSE,1,1,,
AA1 COND,1,1,,
AA1 EVAP,1,1,,
AA1 TV,1,1,,
AA1 300W,1,1,,
AA1 1000W,1,1,,
AA1 WF 1750W,1,1,,
TOIT 1250W,1,1,,
TOIT 1750W,1,1,,
TOIT THERMOLEC,1,1,,
TOIT AF-1,1,1,,
G MURAL,1,1,,
V MUR,1,1,,
U MUR,1,1,,
T MURAL,1,1,,
S MUR,1,1,,
R MUR,1,1,,
Q MUR,1,1,,
P MUR,1,1,,
O MUR,1,1,,
N MUR,1,1,,
M MUR,1,1,,
L MUR,1,1,,
K MUR,1,1,,
J MURAL,1,1,,
I  MURAL,1,1,,
H MURAL,1,1,,
H1 MURAL,1,1,,
W MURAL,1,1,,
Y MURAL,1,1,,
Z MURAL,1,1,,
X MURAL,1,1,,
M1 FIXT MURAL,1,1,,
H2 MURAL,1,1,,
QQ1 MURAL,1,1,,
QQ MURAL,1,1,,
PP MURAL,1,1,,
OO MURAL,1,1,,
NN MURAL,1,1,,
MM MURAL,1,1,,
LL MURAL,1,1,,
BB MURAL,1,1,,
KK MURAL,1,1,,
AA MURAL,1,1,,
AA1 MURAL,1,1,,
X1 MURAL,1,1,,
Z1 MURAL,1,1,,
ETAG SS1 GSM,1,1,,
JJ1 MURAL,1,1,,
JJ1,1,1,,
JJ MURAL,1,1,,
II MURAL,1,1,,
HH MURAL,1,1,,
GG MURAL,1,1,,
FF MURAL,1,1,,
EE MURAL,1,1,,
DD MURAL,1,1,,
CC MURAL,1,1,,
ETAG SS2 LC,1,1,,
V KS,1,1,,
ETAG SS1 LC,1,1,,
ETAG 2 LC,1,1,,
MEH-2,1,1,,
ARC-1,1,1,,
ROOF TOP,1,1,,
MEH-1,1,1,,
RETENU VEHICULE,1,1,,
PORTE OVR HEAD,1,1,,
MEH-3,1,1,,
NF 60A 600V WP,1,1,,
LOG LAMPE TEMOIN,1,1,,
LOG HORN,1,1,,
9,1,1,,
a17,1,1,,
a6,1,1,,
f4,1,1,,
c16,1,1,,
n5,1,1,,
n6,1,1,,
n13,1,1,,
k19,1,1,,
a11,1,1,,
HP C21,1,1,,
HP E21,1,1,,
HP K21,1,1,,
b5,1,1,,
n11,1,1,,
c11,1,1,,
c17,1,1,,
b5hp,1,1,,
L20,1,1,,
H20,1,1,,
DECT C17,1,1,,
PCE13 DETECTEUR A FUMER,1,1,,
PCE 13 STATIO,1,1,,
PC21 32 BOITIER TEL,1,1,,
RELAIS VA1,1,1,,
PC21 DETECTEUR DE GAINE VA-1,1,1,,
PC21 BOITIER TEL WP 45,1,1,,
WF 1000W 347V,1,1,,
CO-4,1,1,,
ET TV,1,1,,
ET 3KW,1,1,,
ET 2KW,1,1,,
R4 DF3,1,1,,
TYPE S,1,1,,
A/C UNT,1,1,,
15 KW,1,1,,
2 KW,1,1,,
NOUV BATT 2T,1,1,,
NOUV DECT FUMER,1,1,,
NOUV STROB WP,1,1,,
NOUV STROB,1,1,,
NOUV GRADATEUR DECT PRES,1,1,,
NOUV MINUTERIE,1,1,,
NOUV CONTACTEUR,1,1,,
NOUV AC-02,1,1,,
NOUV ECH,1,1,,
NOUV PECR,1,1,,
NOUV D/M,1,1,,
NOUV AC-1,1,1,,
NOUV 600A 600V,1,1,,
NOUV WIFI,1,1,,
NOUV AMPLIF,1,1,,
FIXT D 108,1,1,,
FIXT TYPE D 40,1,1,,
30 NF,1,1,,
RAIL 4 pi 3TETE,1,1,,
TOILE PROJECTION,1,1,,
RAIL 10 pi 6TETE,1,1,,
AEROTHERME C1000 PLAFOND,1,1,,
FOUR 125A 208C 3PH,1,1,,
15/20A 125V,1,1,,
DIRECT 15A 208V,1,1,,
124pi,1,1,,
44pi,1,1,,
92pi,1,1,,
27pi,1,1,,
RELO RIDEAUX AIR,1,1,,
RELO 100A NF,1,1,,
ECL COMPTOIR MENUISERIE,1,1,,
12X12X4 GRD,1,1,,
WF3kw347V SURF C/A TH,1,1,,
GRADATEUR DL9,1,1,,
B 6KW,1,1,,
C 8KW,1,1,,
C8K,1,1,,
30A 250V F,1,1,,
PANN CONTROL CLOISION,1,1,,
MOTEUR 11/4HP,1,1,,
3 RELO STATION,1,1,,
INT 4 ZONE,1,1,,
INT 3 ZONE,1,1,,
ADD L1A 4,1,1,,
CHAUF P1,1,1,,
Type EX-2G,1,1,,
Type EX-1,1,1,,
"Type Y2 22'10""",1,1,,
Type LD-2 8',1,1,,
Type LD-2 6',1,1,,
Type LD-2 4',1,1,,
"Type A1 12'11""",1,1,,
Switch c/a Detect,1,1,,
Hwt 2#12,1,1,,
GRINDER,1,1,,
PERCEUSE 600V,1,1,,
PRESS 600V,1,1,,
BRAS CAPTATION,1,1,,
SHEAR 600V,1,1,,
PLIEUSE 600V,1,1,,
CUT OFF 600V,1,1,,
CABINE SABLAGE 120V,1,1,,
ROULEUSE 600V,1,1,,
SERTISEUSE 120V,1,1,,
CABINE TRAITEMENT 600V,1,1,,
SABLEUSE 600V,1,1,,
PERCEUSE COLONNE 600V,1,1,,
H- CEGIELSKI 600V,1,1,,
DONEX FLEX 600V,1,1,,
TOUR COLCHESTER,1,1,,
TOS TRENCIN 600V,1,1,,
TOUR 600V,1,1,,
GRINDER 600V,1,1,,
AYCE MACHINE 600V,1,1,,
DO ALL MACHINE 600V,1,1,,
DEPOUSSIEREUR 120V,1,1,,
TABLE PLASMA 400A 600V,1,1,,
BULLER VERTICAL,1,1,,
MORRISON MACHINE,1,1,,
VERIN,1,1,,
THERMOLEC 14KW,1,1,,
DEMONTE PNEU,1,1,,
SOCLE TSS,1,1,,
FIXT TYPE M4,1,1,,
FIXT TYPE S1C,1,1,,
FIXT TYPE S1D,1,1,,
FIXT TYPE D23,1,1,,
DECT THERM,1,1,,
FIXT TYPE B28,1,1,,
DISC 60A F,1,1,,
SHU 15,1,1,,
L14-30P,1,1,,
AD,1,1,,
CoUAF,1,1,,
ADD3 NOTE 10,1,1,,
ADD3 NOTE 11,1,1,,
ADD3 NOTE 9,1,1,,
FIXT TYPE CL19C,1,1,,
FIXT TYPE CL 19B,1,1,,
FIXT TYPE CL19D,1,1,,
BATTERIE 24V,1,1,,
PP1,1,1,,
A 8000W,1,1,,
A 4000W,1,1,,
1.5HP,1,1,,
REF-1,1,1,,
RL-1,1,1,,
CD-1,1,1,,
SERPENTIN 230KW,1,1,,
FIXT EXT2,1,1,,
MURAL ASS,1,1,,
FIXT EXT6,1,1,,
LOG C TYPE D,1,1,,
LOG C TYPE E,1,1,,
LOG C POELE,1,1,,
LOG C HOTTE,1,1,,
LOG C SECHEUSE,1,1,,
LOG C PRISE SIMP,1,1,,
LOG C EA-1,1,1,,
LOG C VENT,1,1,,
LOG D TYPE B,1,1,,
LOG D TYPE E,1,1,,
LOG D SECHEUSE,1,1,,
LOG D SIMP,1,1,,
LOG D POELE,1,1,,
LOG D HOT,1,1,,
LOG D VENT,1,1,,
LOG D EA,1,1,,
LOG D TV,1,1,,
LOG C TV,1,1,,
LOG A TYPE B,1,1,,
LOG A POELE,1,1,,
LOG A HOT,1,1,,
LOG A SECH,1,1,,
LOG A SIMP,1,1,,
LOG A VENT,1,1,,
LOG A TV,1,1,,
LOG A EA,1,1,,
LOG A1 TYPEB,1,1,,
LOG A1 SECH,1,1,,
LOG A1 POEL,1,1,,
LOG A1 HOT,1,1,,
LOG A1 VENT,1,1,,
LOG A1 EA,1,1,,
LOG A1 SIMP,1,1,,
LOG A1 TV,1,1,,
LOG B TYP B,1,1,,
LOG B TYP E,1,1,,
LOG B SECH,1,1,,
LOG B POEL,1,1,,
LOG B HOT,1,1,,
LOG B VENT,1,1,,
LOG B EA,1,1,,
LOG B SIMP,1,1,,
LOG B TV,1,1,,
LOG D1 TYPB,1,1,,
LOG D1 TYPE,1,1,,
LOG D1 SIMP,1,1,,
LOG D1 SECH,1,1,,
LOG D1 POEL,1,1,,
LOG D1 HOT,1,1,,
LOG D1 VENT,1,1,,
LOG D1 EA,1,1,,
LOG D1 TV,1,1,,
LOG D2 TYP B,1,1,,
LOG D2 TYP E,1,1,,
LOG D2 POEL,1,1,,
LOG D2 SECH,1,1,,
LOG D2 SIMP,1,1,,
LOG D2 EA,1,1,,
LOG D2 TV,1,1,,
LOG D2 HOT,1,1,,
LOG D2 VENT,1,1,,
LOG E TYP B,1,1,,
LOG E VENT,1,1,,
LOG E EA,1,1,,
LOG E POEL,1,1,,
LOG E SECH,1,1,,
LOG E PRB S,1,1,,
LOG E TV,1,1,,
LOG E HOT,1,1,,
LOG E1 TYP B,1,1,,
LOG E1 TYP E,1,1,,
LOG E1 SECH,1,1,,
LOG E1 SIMP,1,1,,
LOG E1 PO,1,1,,
LOG E1 HOT,1,1,,
LOG E1 EA,1,1,,
LOG E1 VENT,1,1,,
LOG E1 TV,1,1,,
LOG F TYPE B,1,1,,
LOG F SECHEUSE,1,1,,
LOG F POELE,1,1,,
LOG F HOT,1,1,,
LOG F SIMP,1,1,,
LOG F TV,1,1,,
LOG F1 TYPE B,1,1,,
LOG F1 TYPE E,1,1,,
LOG F1 POELE,1,1,,
LOG F1 HOT,1,1,,
LOG F1 SECH,1,1,,
LOG F1 SIMP,1,1,,
LOG F1 EA,1,1,,
LOG F1 TV,1,1,,
LOG F EA,1,1,,
LOG F1 VENT,1,1,,
LOG F VENT,1,1,,
LOG G TYPE B,1,1,,
LOG G POELE,1,1,,
LOG G SECH,1,1,,
LOG G SIMP,1,1,,
LOG G HOT,1,1,,
LOG G TV,1,1,,
LOG G EA,1,1,,
LOG G VENT,1,1,,
LOG H TYPE B,1,1,,
LOG H POEL,1,1,,
LOG H SECH,1,1,,
LOG H SIMP,1,1,,
LOG H TV,1,1,,
LOG H EA,1,1,,
LOG H HOT,1,1,,
LOG H VENT,1,1,,
LOG J TYPE B,1,1,,
LOG J POEL,1,1,,
LOG J SECH,1,1,,
LOG J SIM,1,1,,
LOG J EA,1,1,,
LOG J HOT,1,1,,
LOG J VENT,1,1,,
LOG J TV,1,1,,
LOG K TYPE B,1,1,,
LOG K POEL,1,1,,
LOG K SEC,1,1,,
LOG K EA,1,1,,
LOG K TV,1,1,,
LOG K SIM,1,1,,
LOG K HOT,1,1,,
LOG K1 TYPE B,1,1,,
LOG K1 SIMP,1,1,,
LOG K1 SECH,1,1,,
LOG K1 POEL,1,1,,
LOG K1 HOT,1,1,,
LOG K1 VENT,1,1,,
LOG K1 TV,1,1,,
LOG K1 EA,1,1,,
AF-3,1,1,,
AF 4,1,1,,
F1,1,1,,
NF WP 30A 600V,1,1,,
MOTEUR RELO,1,1,,
600X600,1,1,,
POTEAU CAMERA N,1,1,,
WO-WA FIXT,1,1,,
MA RELO,1,1,,
FS 14T,1,1,,
WB,1,1,,
SK,1,1,,
INV,1,1,,
N17,1,1,,
N20,1,1,,
CUISINE 50A TW,1,1,,
P.G.3,1,1,,
p.g.3,1,1,,
MOTEUR 1/8HP,1,1,,
P.G.2,1,1,,
FIXT TYPE A4 303,1,1,,
FIXT TYPE C5 303,1,1,,
FIXT TYPE C2 303,1,1,,
FIXT TYPE C3 303,1,1,,
FIXT TYPE B2 303,1,1,,
FIXT TYPE V5,1,1,,
FIXT TYPE V3,1,1,,
5 hp 600v,1,1,,
7.5 hp 600v,1,1,,
moteur,1,1,,
3/4 3/12,1,1,,
100A F,1,1,,
ADD1 L13 -24,1,1,,
ADD1 L13-6,1,1,,
ADD 1 DETECT,1,1,,
RELO DECTECTEUR,1,1,,
FLASH-TITE PRISE,1,1,,
60A NF 4X,1,1,,
FIXT TYPE L50A,1,1,,
FIXT TYPE L50B,1,1,,
FIXT TYPE L54A,1,1,,
FIXT TYPE L54B,1,1,,
FIXT TYPE L54C,1,1,,
FIXT TYPE L54,1,1,,
FIXT TYPE L54D,1,1,,
FIXT TYPE L55,1,1,,
FIXT TYPE L25C,1,1,,
FIXT TYPE L04A,1,1,,
FIXT T YPE L5A,1,1,,
FIXT TYPE L5B,1,1,,
FIXT TYPE L12C,1,1,,
FIXT TYPE L25B,1,1,,
FIXT TYPE L04D,1,1,,
FIXT TYPE L04B,1,1,,
FIXT TYPE L04C,1,1,,
1F,1,1,,
L14,1,1,,
PS3,1,1,,
CHAUFF D,1,1,,
CHAUFF C,1,1,,
CHAUFF C 1000W,1,1,,
CHAUFF A1,1,1,,
CHAUFF A,1,1,,
CHAUFF B,1,1,,
BOUTON BARRE PANIQUE,1,1,,
SOCLE,1,1,,
45 KVA,1,1,,
PANN 200A,1,1,,
AE-02,1,1,,
PL-3,1,1,,
VA-01,1,1,,
300VA,1,1,,
cloche ext,1,1,,
STU,1,1,,
PRISE 2510,1,1,,
RACCORD 60A 600V,1,1,,
CM-000 MOTOR,1,1,,
FL1,1,1,,
PO1-GLR,1,1,,
PO1-GLC,1,1,,
RG1-GLF,1,1,,
PO2-GLR,1,1,,
HUM1,1,1,,
PO2-GLC,1,1,,
PO1-GLF,1,1,,
PO3-ERS,1,1,,
PO1-CBT,1,1,,
PO2-CBT,1,1,,
PO1-ERS,1,1,,
PO2-ERS,1,1,,
FCU1-006,1,1,,
FCU1-012,1,1,,
FCU1-003,1,1,,
AHU1-002,1,1,,
FCU1-007,1,1,,
RF1-GLF,1,1,,
CHAUFF 7.1,1,1,,
CHAUFF 5.1,1,1,,
2710,1,1,,
VA5,1,1,,
FIXT M5D,1,1,,
Compteur 5FIXT V2,1,1,,
FIXT V1,1,1,,
ADD 2 STATION MANUEL,1,1,,
ADD2 30A NF WP,1,1,,
FIXT 8B,1,1,,
COMM TYPE 8B,1,1,,
C CLAVIER,1,1,,
C P8B,1,1,,
C M4A,1,1,,
C M5A,1,1,,
C J1 7 pi,1,1,,
SLEEVE 5PO,1,1,,
sleeve 4po,1,1,,
COMM PRISE 15A 208V TYPE C,1,1,,
COMM PRISE 20A 208C 1PH TYPE D,1,1,,
COMM INT IVOIE,1,1,,
add10 contact -,1,1,,
COND 2 PO EMT DATA,1,1,,
COMM PRISE TYPE F 20A 120/208VL21R,1,1,,
Compteur 16,1,1,,
COMM TYPE V2,1,1,,
COMM PRIE 30A250V TYPE B,1,1,,
COMM MONUMENT TYPE A,1,1,,
MONUMENT PLAMCHER,1,1,,
38x 15Ft 3#1/0 AL BX 1,1,1,,
18x15Ft 2#10 Teck,1,1,,
94x 15Ft 3#1/0 AL BX,1,1,,
36x15Ft 2#10 Teck,1,1,,
76x 15Ft 3#1/0 AL BX,1,1,,
54x15Ft 2#10 Teck,1,1,,
58x 15Ft 3#1/0 AL BX,1,1,,
72x15Ft 2#10 Teck,1,1,,
40x 15Ft 3#1/0 AL BX,1,1,,
90x15Ft 2#10 Teck,1,1,,
22x 15Ft 3#1/0 AL BX 1,1,1,,
101x15Ft 2#10 Teck,1,1,,
11x 15Ft 3#1/0 AL BX,1,1,,
112x15Ft 2#10 Teck,1,1,,
3#8,1,1,,
1X4 Wall Elevator,1,1,,
Pann Ann,1,1,,
Détect Fumée et Monoxyde,1,1,,
FUT NO 1,1,1,,
FUT NO2,1,1,,
BATTERIE UNIT T,1,1,,
VA3 600V,1,1,,
VRC1 600V,1,1,,
P2 1000W,1,1,,
CONTROLEUR ACCES,1,1,,
UB-1 X2,1,1,,
AS7 1000W,1,1,,
PANNEAU CONTROL NIVELEUR,1,1,,
AMA 900W,1,1,,
UID8465/10,1,1,,
UTA.5T-T.01,1,1,,
GRADATEUR RELO,1,1,,
FIXT F10 ENL,1,1,,
2000w,1,1,,
wf1500w,1,1,,
patio 2000w,1,1,,
wf1500,1,1,,
RELO VENTILATEUR,1,1,,
NX4,1,1,,
NX6,1,1,,
NX120,1,1,,
VA1 3/4 HP,1,1,,
2000W C/A,1,1,,
VE2,1,1,,
N3-1-A,1,1,,
VE1,1,1,,
UTA3,1,1,,
UTA 1,1,1,,
UTA2,1,1,,
EV-NH3 2X1/2HP,1,1,,
EV-NH3 6X1/2 HP,1,1,,
PLANCHER CHAUFFANT 306 RAYSOL-2,1,1,,
PLANCHER CHAUFFANT 240RAYSOL-2,1,1,,
EV-01,1,1,,
COMPACTEUR,1,1,,
CD-01,1,1,,
POMPE HYDRO,1,1,,
N3-1 -D,1,1,,
AUGET 200A 347/600V,1,1,,
400A NF 600V,1,1,,
AUGET 400A 347/600V,1,1,,
PANN 400A 347/600V 30KA 16DISJ,1,1,,
RACCORD EV-01,1,1,,
BRAS L2,1,1,,
A CENTRE TABLE,1,1,,
A 1KW F,1,1,,
A IC,1,1,,
A BOITE BEL,1,1,,
A A/C UNIT,1,1,,
B POEL,1,1,,
B ECL TABLE,1,1,,
B BELL,1,1,,
B IC,1,1,,
B ECL EXT,1,1,,
B A/C UNIT,1,1,,
B RACCORD,1,1,,
B 1KW F,1,1,,
SERV BATTERIE 2 T,1,1,,
SERV CO,1,1,,
SERV C 500W,1,1,,
SERV UAC-01,1,1,,
SERV 60A WP 600V NF,1,1,,
C LAVEUSE,1,1,,
C POLE,1,1,,
C ECL TABLE,1,1,,
C ECL EXT,1,1,,
C RACCORD,1,1,,
IC,1,1,,
C BELL,1,1,,
C 100W,1,1,,
C A/C UNIT,1,1,,
C 1 KW F,1,1,,
D ECL EXT,1,1,,
D ECL TABLE,1,1,,
D IC,1,1,,
D 4W,1,1,,
D RACCORD,1,1,,
D 1KW F,1,1,,
D A/C UNIT,1,1,,
D BEL,1,1,,
E ECL+,1,1,,
E ECL TABLE,1,1,,
E ECL EXT,1,1,,
E RACCORD,1,1,,
E BELL,1,1,,
E IC,1,1,,
E 1KW F,1,1,,
E A/C UNIT,1,1,,
F ECL EXT,1,1,,
F ECL TABLE,1,1,,
F RACCORD,1,1,,
F BELL,1,1,,
F IC,1,1,,
F RELAIS,1,1,,
F 4W,1,1,,
F A/C UNIOT,1,1,,
F 1KW F,1,1,,
G ECL TABLE,1,1,,
G ECL EXT,1,1,,
G RACCORD,1,1,,
G ECL+,1,1,,
G IC,1,1,,
G A/C UNIT,1,1,,
G 1KW F,1,1,,
G 1500W,1,1,,
G 750W,1,1,,
G BELL,1,1,,
G 4W,1,1,,
INV ECL TABLE,1,1,,
INV F RACCORD,1,1,,
INV F POELE,1,1,,
INV F IC,1,1,,
INV HOTTE,1,1,,
INV F RELAIS,1,1,,
INV ECL EXT,1,1,,
INV F A/C UNIT,1,1,,
INV F BELL,1,1,,
INV F SECHEUSE,1,1,,
INV F 4 W,1,1,,
INV  F 1 KW F,1,1,,
L-1,1,1,,
D-1,1,1,,
N 750W SER,1,1,,
COND 8,1,1,,
KICK 100W,1,1,,
SER 1250W,1,1,,
SQ TV,1,1,,
SQ GRADATEUR,1,1,,
SQ STROB,1,1,,
SQ DECT D,1,1,,
SQ TYPE A,1,1,,
SQ PRISE 20A,1,1,,
SQ PLAQUE CH,1,1,,
SQ TH,1,1,,
SQ SERPENTIN,1,1,,
SK 20A,1,1,,
SK TYPE A,1,1,,
SK GRADA,1,1,,
SK PLAQUE,1,1,,
SK TV,1,1,,
SK TH,1,1,,
SK DECT D,1,1,,
SK SERP,1,1,,
SK STROB,1,1,,
SKA TYPE A,1,1,,
SKA TH,1,1,,
SKA GRAD,1,1,,
SKA PLAQUE,1,1,,
SKA DECT D,1,1,,
SKA STROB,1,1,,
SKA SERP,1,1,,
SKA TV,1,1,,
CQ GRAD,1,1,,
CQ TYPE A,1,1,,
CQ DECT D,1,1,,
CQ SERP,1,1,,
CQ STROB,1,1,,
CQ TV,1,1,,
CQTEL,1,1,,
CQSOFA TV,1,1,,
CQSOFA GRADA,1,1,,
CQSOFA TYPE A,1,1,,
CQSOFA DECT D,1,1,,
CQSOFA STROB,1,1,,
CK TV,1,1,,
CK TYPE A,1,1,,
CK SERP,1,1,,
CK STROB,1,1,,
CK DECT D,1,1,,
CK GRAD,1,1,,
CKA 20A,1,1,,
CKA TYPE A,1,1,,
CKA SERP,1,1,,
CKA GRAD,1,1,,
CKA TV,1,1,,
CKA DECT D,1,1,,
CKA STROB,1,1,,
SUITE PLAQUE,1,1,,
SUITE 20A,1,1,,
SUITE GRAD,1,1,,
SUITE TYPE A,1,1,,
SUITE TH,1,1,,
ADD DETEC,1,1,,
ADD TYPE B,1,1,,
ADD2 GRADATEUR,1,1,,
SHU1500W,1,1,,
SHU 1000W,1,1,,
SHU 2200W,1,1,,
PRISE 50A 208V 3PH,1,1,,
ADD 2 CHAUFF 500W C/A TH,1,1,,
ADD 2 DETEC F,1,1,,
CA-1,1,1,,
COND -1,1,1,,
SERPENTIN 100A,1,1,,
UAF-1 30A,1,1,,
ADD2 VE5,1,1,,
PANNEAU COMMUNICATEUR,1,1,,
POSTE GRAPHIQUE,1,1,,
COMMUNICATEUR D ALARME,1,1,,
EMETTEUR R1,1,1,,
CAI,1,1,,
PORTE E2,1,1,,
REFLECTEUR R2,1,1,,
EXP,1,1,,
PANN EXPENSION,1,1,,
RELO LECTEUR,1,1,,
RELO FIXT TYPE C,1,1,,
batterie x1,1,1,,
ppg,1,1,,
D 3000W,1,1,,
RACCORD AMU-01,1,1,,
CAMLOCK,1,1,,
CAB 3 146KW RACCORD,1,1,,
CAB 2 RACCORD   72KW,1,1,,
INTERRUPTEUR DÉBIT,1,1,,
PCI,1,1,,
AUTOMATE,1,1,,
BAS,1,1,,
TEE 18po,1,1,,
TEE 2po,1,1,,
MONTE 18po,1,1,,
MONTE 12po,1,1,,
DRI50,1,1,,
COMPTE PERSONNE,1,1,,
RACCORD A/C UNIT,1,1,,
BUZZER CAISSE,1,1,,
RAIL 24 po,1,1,,
FIXYT TYPE LM3,1,1,,
zone 103 102  /101,1,1,,
zone 107,1,1,,
CANCEL,1,1,,
zone13,1,1,,
zone 11,1,1,,
zone20,1,1,,
zone 12,1,1,,
zone 21,1,1,,
zone 22,1,1,,
dc08 fixt ype l 24,1,1,,
dc08 fixtype l 19 -6,1,1,,
dc08 fixt type l9-3,1,1,,
PORTE GARAGE 3/4 HP,1,1,,
VE 3/4 HP 600V,1,1,,
MOTEUR 1/2 HP 120V ASC,1,1,,
MOTEUR 300W 120V,1,1,,
M/C,1,1,,
B 1000,1,1,,
CH TYPE F2KW,1,1,,
VP,1,1,,
VALVE MOTORIZER,1,1,,
COMPTEUR EAU,1,1,,
VE SALLE 1/4HP,1,1,,
PANN CO,1,1,,
P750,1,1,,
3CH SECHEUSE,1,1,,
3CH POELE,1,1,,
3CH HOTTE,1,1,,
3CH ECH,1,1,,
ECH 3 TEL,1,1,,
3CH P3000,1,1,,
1CH ECH,1,1,,
1CH HOTTE,1,1,,
1CH POELE,1,1,,
1CH SECHEUSE,1,1,,
1CH TEL,1,1,,
ECH 2 POELE,1,1,,
ECH 2 SECHEUSE,1,1,,
ECH 2 HOTTE,1,1,,
ECH 2 ECH,1,1,,
ECH 2 TEL,1,1,,
1CH P3000,1,1,,
ECH2 P3000,1,1,,
4 CH 15/20A GFI,1,1,,
4 CH HOTTE,1,1,,
4 CH POELE,1,1,,
4 CH SECHEUSE,1,1,,
4 CH TEL,1,1,,
4 CH P3000,1,1,,
5 CH 15/20A GFI,1,1,,
5 CH PRISE POELE,1,1,,
5 CH HOTTE,1,1,,
5 CH SECHEUSE,1,1,,
5 CH ECH,1,1,,
5 CH P3000,1,1,,
5 CH TEL,1,1,,
PLINTHE P1000,1,1,,
D/M POMPE 1.5 HP 600V,1,1,,
FIXT TYTPE S1-55,1,1,,
FIXT TYPE XX3A,1,1,,
FIXT TYPE BI-14,1,1,,
FIXT TYPE B1-8,1,1,,
BATTERIE UNIT 1T 72W,1,1,,
FIXTURE ESCALIER,1,1,,
CHAUFFEAU -EAU,1,1,,
FIXT TYPE L2-8,1,1,,
KP8,1,1,,
ZUML,1,1,,
PSU,1,1,,
DL,1,1,,
CH1 1500W,1,1,,
FIXT TYPE IA,1,1,,
FIXT TYPE ME K1,1,1,,
D    E,1,1,,
A   H,1,1,,
D   B,1,1,,
G   H,1,1,,
C   D,1,1,,
POELEVEN4,1,1,,
PANN INCENDIE EXISTANT,1,1,,
SF RELAIS,1,1,,
ZONE C CUISI TEL,1,1,,
ZONE D   PRISE,1,1,,
1.3 EXT,1,1,,
S 2 EXT,1,1,,
2.5 EXT,1,1,,
1.2 DM,1,1,,
S.1 EXT,1,1,,
S.1 DM,1,1,,
1.2  EXT,1,1,,
1.13 EXT,1,1,,
1.13 DM,1,1,,
1.10 EXT,1,1,,
1.10 DM,1,1,,
S .3 EXT,1,1,,
S .3 DM,1,1,,
2.4 DM,1,1,,
2.4 EXT,1,1,,
S 5 EXT,1,1,,
2.7 EXT,1,1,,
S 1E XT,1,1,,
1.6 EXT,1,1,,
2.1 EXT,1,1,,
2.2 EXT,1,1,,
S06 EXT,1,1,,
1.4 EXT,1,1,,
1.1 EXT,1,1,,
2.3 EXT,1,1,,
S.4 EXT,1,1,,
S.4 DM,1,1,,
1.5 EXT,1,1,,
1.5 DM,1,1,,
1.7 EXT,1,1,,
1.7 DM,1,1,,
1.14 EXT,1,1,,
2.9 EXT,1,1,,
1.9 DM,1,1,,
1.9 EXT,1,1,,
1.8 EXT,1,1,,
1.11 EXT,1,1,,
2.12 DM,1,1,,
2.12 EXT,1,1,,
2.11 DM,1,1,,
2.11 EXT,1,1,,
2.10 DM,1,1,,
2.10 EXT,1,1,,
2.8 EXT,1,1,,
1.12 DM,1,1,,
1.12 EXT,1,1,,
SERV 2KW,1,1,,
SERV 2.5KW,1,1,,
SERV DECTEUR MOUVEMENT,1,1,,
SERV VENT TOIL,1,1,,
SERV .5KW,1,1,,
SERV HOTTE,1,1,,
SERV POELE,1,1,,
SERV PR/TEL,1,1,,
boite joint,1,1,,
ADD RAIL 56pi,1,1,,
ADD FIXT TYPE RAIL 21pi,1,1,,
ADD FIXT TYPE L,1,1,,
MOTEUR 1.5 HP,1,1,,
MOTEUR 3/4HP,1,1,,
SER FS30,1,1,,
SER P7,1,1,,
FIXT TYPE GE WP,1,1,,
MCA,1,1,,
VR2 1HP,1,1,,
A/6C 6 208V,1,1,,
T20,1,1,,
T22,1,1,,
T5,1,1,,
T10,1,1,,
T18,1,1,,
T29,1,1,,
T25,1,1,,
T8,1,1,,
T6,1,1,,
T24,1,1,,
T9,1,1,,
T7,1,1,,
T14,1,1,,
T30,1,1,,
CE60,1,1,,
CE40,1,1,,
DECT THER,1,1,,
FIXT ELV,1,1,,
3 HP 600V,1,1,,
21/2 SECHEUSE,1,1,,
21/2 POELE,1,1,,
21/2 TV,1,1,,
21/2 MURAL,1,1,,
21/2 EVAP,1,1,,
21/2 SORTIE PL,1,1,,
21/2 HOTTE,1,1,,
21/2 VR,1,1,,
21/2 P3000,1,1,,
51/2 SECHEUSE,1,1,,
PH 51/2 SECHEUSE,1,1,,
PH 41/2 SECHEUSE,1,1,,
PH 4/12 POELE,1,1,,
A EXT ECL,1,1,,
B EXT ECL,1,1,,
C EXT ECL,1,1,,
D EXT ECL,1,1,,
E EXT ECL,1,1,,
F EXT ECL,1,1,,
51/2 EXT ECL,1,1,,
51/2 POELE,1,1,,
A MURAL T,1,1,,
B MURAL,1,1,,
C MURAL,1,1,,
D MURAL,1,1,,
PH 41/2 MURAL,1,1,,
PH 51/2 MURAL,1,1,,
51/2 HOTTE,1,1,,
PH 41/2 HOTTE,1,1,,
PH 51/2 HOTTE,1,1,,
51/2 EVAP,1,1,,
PH 41/2 EVAP,1,1,,
PH 51/2 EVAP,1,1,,
A VR,1,1,,
B VR,1,1,,
C VR,1,1,,
D VR,1,1,,
E VR,1,1,,
F VR,1,1,,
51/2 VR,1,1,,
PH 41/2 VR,1,1,,
PH 51/2 VR,1,1,,
A P3000,1,1,,
B P3000,1,1,,
C P3000,1,1,,
D P3000,1,1,,
E P3000,1,1,,
F P3000,1,1,,
51/2 P3000,1,1,,
PH 41/2 P3000,1,1,,
PH 51/2 P3000,1,1,,
A SORTI ECL,1,1,,
B SORTIE ECL,1,1,,
C SORTIE ECL,1,1,,
D SORTIE ECL,1,1,,
E SORTIE ECL,1,1,,
F SORTIE ECL,1,1,,
51/2 SORTIE ECL,1,1,,
51/2 VENTILATREUR,1,1,,
E VENTILATEUR,1,1,,
20KW,1,1,,
DR2 4000W,1,1,,
CO.ECD,1,1,,
100A WP NF,1,1,,
COND 12,1,1,,
PRISE WP 20A TOIT,1,1,,
DETECTEUR UTA,1,1,,
A PD3 1000W,1,1,,
A B12 1500W,1,1,,
A B7 300W,1,1,,
A  GFI WP,1,1,,
A PRISE 20A,1,1,,
A LO5,1,1,,
A FIXT X,1,1,,
A 30A NF,1,1,,
A LO6,1,1,,
A ECH,1,1,,
A RT,1,1,,
B FIXT X,1,1,,
B PD6 1500W,1,1,,
B RRT,1,1,,
B ECH,1,1,,
B NF30A,1,1,,
B 3000,1,1,,
A 3000,1,1,,
B GFI WP,1,1,,
C TYPE X,1,1,,
C GFI WP,1,1,,
C 30A NF,1,1,,
C RTT,1,1,,
C ECH,1,1,,
C VENT,1,1,,
C PD6 1750W,1,1,,
C 3000,1,1,,
D LO5,1,1,,
D FIXT X,1,1,,
X DECT,1,1,,
D GFI WP,1,1,,
D 30A NF,1,1,,
D CONDENSEUR,1,1,,
D LO6,1,1,,
D ECH,1,1,,
D RTT,1,1,,
D PIAZO,1,1,,
D 3000,1,1,,
D PD7 2000W,1,1,,
FIXT TYPE LO2A2,1,1,,
FIXT TYPE LO4D,1,1,,
FIXT TYPE LO1D,1,1,,
FIXT TYPE LXX,1,1,,
FIXT TYPE LO4J,1,1,,
BATTERIE UNIT UB2,1,1,,
FIXT TYPE Y1 UB1,1,1,,
FIXT TYPE LO4H,1,1,,
INT SM,1,1,,
CS1 001,1,1,,
MONUMENT PL A,1,1,,
MONUMENT PL E,1,1,,
1/3 HP 120V,1,1,,
rev relo batterie unit,1,1,,
rev klaxon,1,1,,
UC-2,1,1,,
FIXT TYPE L3 4 PI 1 TETE,1,1,,
PRISE 250V,1,1,,
NOUVEL FIXTURE FPA,1,1,,
CLAVIER ALARME-INCENDIE,1,1,,
CARRILLON 12V,1,1,,
PLINTHE 1500W SRC,1,1,,
RACCOR. HUMIDIFACTEUR,1,1,,
RACCOR. HOTTE,1,1,,
RACCOR. INTRUSION,1,1,,
RACCOR. CONTRÔLEUR ECH,1,1,,
BOUTON POUSS. PORTE,1,1,,
HAUT-PARLEUR ALARME,1,1,,
PLINTHE 300W CBB,1,1,,
RACCOR. ÉCHANGEUR,1,1,,
INTERRUPTEUR 120/240V 30A,1,1,,
RACCOR. CHAUFFE-EAU,1,1,,
PLINTHE 600W SRC,1,1,,
COMMUTATEUR ETHERNET,1,1,,
FIXTURE ASCENSEUR,1,1,,
ASSC PAI,1,1,,
PRISE A MODIFIER,1,1,,
perecement dalle,1,1,,
raccord controleur,1,1,,
relais adressable,1,1,,
FIXT TYPE RAIL 9TETE,1,1,,
1/15 HP,1,1,,
101 SÉCHEUSE,1,1,,
101 ECHANGEUR AIR,1,1,,
101 EVAPORATEUR,1,1,,
Compteur 101 GFI WP,1,1,,
101 CONDENSEUR,1,1,,
101 TV,1,1,,
101 P3000,1,1,,
CONNECTRAC,1,1,,
ENL COLONNETTE,1,1,,
connectrac,1,1,,
FIXT TYPE L3.3,1,1,,
FIXT TYPE L4.5,1,1,,
FIXT TYPE L4.4,1,1,,
FIXT TYPE L5.2,1,1,,
FIXT TYPE L5.3,1,1,,
FIXT TYPE L4.3,1,1,,
FIXT TYPE H3,1,1,,
R1,1,1,,
D5,1,1,,
C7,1,1,,
1/16 HP,1,1,,
RACCORD CONVOYEUR,1,1,,
A12,1,1,,
A6,1,1,,
RC EV 04,1,1,,
RACCORD CABINET SABLAGE,1,1,,
D/M 1/2HP,1,1,,
RACCORD DIRECT UFC-30M CONV FREQ,1,1,,
C25,1,1,,
DEM COMB 1/2 HP 600V,1,1,,
MOTEUR 2.5HP 120V,1,1,,
A9,1,1,,
RACCORD DIRECT 20A 125V,1,1,,
MOTEUR 186 HP 120V,1,1,,
D/M 1/4 HP 1PH,1,1,,
C 3,1,1,,
FIXT TYPE S3 9 13,1,1,,
FIXT TYPE S3 6,1,1,,
AÉROCONVECTEUR  B 347V,1,1,,
PLINTHE D 500W 347V,1,1,,
VA2,1,1,,
PLINTHJE A 2500W 347V,1,1,,
PLINTHE A 1250W 347V,1,1,,
VA3,1,1,,
MOTEUR 1/3 HP,1,1,,
ECRAN,1,1,,
P2250W,1,1,,
PAS,1,1,,
RTU-03,1,1,,
CON-TEL,1,1,,
RTU-02,1,1,,
RUT-01,1,1,,
ECH-01,1,1,,
D/M WP  ECH,1,1,,
HORN SECURITE,1,1,,
STATION SECURITE,1,1,,
FIXT TYPE   11,1,1,,
BUH 7.5KW,1,1,,
A RAIL L2 NOIR 3048,1,1,,
A RAIL L1 NOIR 1265,1,1,,
INT 1 VOIE MASTER,1,1,,
CTL,1,1,,
TIMER,1,1,,
TRANSFO 30KVA RELO,1,1,,
DHWH,1,1,,
QT5WH,1,1,,
QP5 2 E,1,1,,
ELI,1,1,,
DRIVER ON/OFF,1,1,,
QSE-CI-NWK-E,1,1,,
QSE-IO,1,1,,
FIXT TYPE L7B,1,1,,
INT B/V 2 CLAVIER Q TOUCH,1,1,,
FIXT TYPE L21,1,1,,
MODULE CAPTEUR,1,1,,
VE 100HP,1,1,,
1/8 HP 120V,1,1,,
10 HP,1,1,,
IT,1,1,,
DECT M,1,1,,
RELO BARRE PANIC,1,1,,
RELO OPERATEUR PORTE,1,1,,
HORLOGE RELO,1,1,,
EAR MODULE ADRESSABLE,1,1,,
RELO MODULE ADRESSABLE,1,1,,
POT  A RELO,1,1,,
INT A RELO,1,1,,
POT E7,1,1,,
FIXT TYPE L23,1,1,,
RACCORD VE13,1,1,,
FIXT MURAL LOG EXT,1,1,,
WF 4000W 347V C/A TH,1,1,,
RWF 2000W 347V C/A TH,1,1,,
DRII 4000w 347V C/W TH,1,1,,
aa x12 type f,1,1,,
aa x12 300w,1,1,,
aa x12 750w,1,1,,
aa x4 900w spdh,1,1,,
aa x3 1050w spdh,1,1,,
aa x6 750w spdh,1,1,,
ba x4 type f,1,1,,
ba x4 500w,1,1,,
ba x4 750w,1,1,,
ba x3 1000w,1,1,,
ba x2 750w spdh,1,1,,
ba x1 1050w,1,1,,
ba x1 1000w,1,1,,
ca x4 type c,1,1,,
ca x4 300w,1,1,,
ca x4 750w,1,1,,
ca x2 750w spdh,1,1,,
ca x1 900w spdh,1,1,,
ca x1 1050w spdh,1,1,,
ca x4 type f,1,1,,
da x1 type f,1,1,,
da x1 type c,1,1,,
da x1 300w,1,1,,
da x1 900w spdh,1,1,,
ea x4 type f,1,1,,
ea x4 750w,1,1,,
ea x4 1000w,1,1,,
ea x2 750w spdh,1,1,,
ea x1 1200w spdh,1,1,,
ea 1050w spdh,1,1,,
ea x4 300w,1,1,,
fa x4 type c,1,1,,
fa x4 type f,1,1,,
fa x6 1000w,1,1,,
fa x4 900w spdh,1,1,,
ga x4 type f,1,1,,
ga x4 750w,1,1,,
ga x4 300w,1,1,,
ga x2 1050w spdh,1,1,,
ga x2 750w spdh,1,1,,
ha x1 type f,1,1,,
ha x1 300w,1,1,,
ha x1 900w spdh,1,1,,
ha x1 750w,1,1,,
ja x1 type c,1,1,,
ja x1 type f,1,1,,
ja x1 1000w,1,1,,
ja x1 300w,1,1,,
ja x1 1050w spdh,1,1,,
ka x3 type c,1,1,,
ka x3 type f,1,1,,
ka x4 750w,1,1,,
ka x2 500w,1,1,,
ka x3 300w,1,1,,
ka x2 1050w spdh,1,1,,
ka x1 750w spdh,1,1,,
la x3 300w,1,1,,
la x3 750w,1,1,,
la x1 1000w,1,1,,
la x2 500w,1,1,,
la x2 900w spdh,1,1,,
la x1 1200w spdh,1,1,,
ma x3 300w,1,1,,
ma x2 500w,1,1,,
ma x3 750w,1,1,,
ma x1 1000w,1,1,,
ma x2 750w spdh,1,1,,
ma x1 900w spdh,1,1,,
ma x3 th,1,1,,
ma x3 type f,1,1,,
na x3 750w,1,1,,
na x3 300w,1,1,,
na x2 750w spdh,1,1,,
na x1 1050w spdh,1,1,,
na x3 type c,1,1,,
na x3 type f,1,1,,
ab x15 300w,1,1,,
ab x15 750w,1,1,,
ab x15 900w spdh,1,1,,
ab x2 750w spdh,1,1,,
ab x4 1050w spdh,1,1,,
ab x15 type f,1,1,,
db x 4 300w,1,1,,
bb x6 type f,1,1,,
bb x6 300w,1,1,,
bb 750w x2 spdh,1,1,,
bb x6 1050w spdh,1,1,,
cb x4 type f,1,1,,
cb x2 spdh 600w,1,1,,
cb x2 spdh 1050w,1,1,,
db x4 type f,1,1,,
db x2 750w,1,1,,
db x2 500w,1,1,,
db x3 750w spdh,1,1,,
db x1 900w,1,1,,
eb x3 type f,1,1,,
eb x3 type c,1,1,,
eb x3 500w,1,1,,
eb x3 750w,1,1,,
eb x2 750w spdh,1,1,,
eb x1 1050w spdh,1,1,,
fb x3 type f,1,1,,
fb x3 500w,1,1,,
fb x 3 750w,1,1,,
fb x3 750w spdh,1,1,,
fb x3 300w,1,1,,
gb x3 300w,1,1,,
gb x3 1200w spdh,1,1,,
gb x3 1000w,1,1,,
gb x3 type f,1,1,,
hb x1 type f,1,1,,
hb x1 750w,1,1,,
hb x1 1000w,1,1,,
hb x1 300w,1,1,,
hb x1 500w,1,1,,
hb x1 1050w spdh,1,1,,
MOTEUR H,1,1,,
CHAUFFAGE 3KW,1,1,,
PR,1,1,,
FIXTURE TYPE L,1,1,,
SERV SHU 50KW,1,1,,
SERV WF4K,1,1,,
SERV SH1000W,1,1,,
SERV B1250W,1,1,,
SERV B2000W,1,1,,
SERV B 2250W,1,1,,
1/4 HP 120V,1,1,,
SERV MOTEUR ASS,1,1,,
UA 60A,1,1,,
SERV 60A NF WP,1,1,,
A FIXT TYPE B,1,1,,
B FIXT TYPE B,1,1,,
C FIXT TYPE C1,1,1,,
C FIXT TYPE B,1,1,,
D FIXT TYPE C2,1,1,,
D FIXT TYPE L4,1,1,,
D FIXT TYPE B,1,1,,
E FIXT TYPE C1,1,1,,
E FIXT TYPE B,1,1,,
A  B2000W,1,1,,
A B1250W,1,1,,
A B1000W,1,1,,
B B1500W,1,1,,
B MR500W,1,1,,
C B1250W,1,1,,
C B2000W,1,1,,
C MR500W,1,1,,
C B300W,1,1,,
D B300W,1,1,,
D B750W,1,1,,
D MR1500W,1,1,,
E B500W,1,1,,
E B300W,1,1,,
E MR500W,1,1,,
A MINUTERIE,1,1,,
B MINUTERIE,1,1,,
B VENT,1,1,,
B RACCORD DIRECT,1,1,,
C RACCORD DIRECT,1,1,,
D RACCORD DIRECT,1,1,,
E RACCORD DIRECT,1,1,,
G FIXT TYPE C1,1,1,,
G FIXT TYPE B,1,1,,
I FIXT TYPE B,1,1,,
H FIXT TYPE C1,1,1,,
H FIXT TYPE C2,1,1,,
H FIXT TYPE B,1,1,,
G B1750W,1,1,,
G B1250W,1,1,,
G B300W,1,1,,
G MR500W,1,1,,
H B750W,1,1,,
H B1500W,1,1,,
H B300W,1,1,,
H MR1500W,1,1,,
I B1500W,1,1,,
I B1250W,1,1,,
I B750W,1,1,,
I MR1500W,1,1,,
F MINUTERIE,1,1,,
G RACCORD DIRECT,1,1,,
I MINUTERIE,1,1,,
I RACCORD DIRECT,1,1,,
I VENT,1,1,,
H VENT,1,1,,
H RACCORD DIRECT,1,1,,
F-GFI 15/20 WP,1,1,,
F-B1250W,1,1,,
F-B 500W,1,1,,
F- MIR 500W,1,1,,
F- MIR 1500 W,1,1,,
F- Eclairage B,1,1,,
F - Intercom,1,1,,
F -Prise Poele 50 A,1,1,,
F - P3000,1,1,,
F- Prise Tel,1,1,,
L FIXT TYPE B,1,1,,
M FIXT TYPE B,1,1,,
M FIXT TYPE L4,1,1,,
M FIXT TYPE C1,1,1,,
O FIXT TYPE C1,1,1,,
O FGIXT TYPE B,1,1,,
K FIXT TYPE C2,1,1,,
K FIXT TYPE B,1,1,,
N FIXT TYPE C2,1,1,,
N FIXT TYPE B,1,1,,
L B750W,1,1,,
L B300W,1,1,,
L MR500W,1,1,,
M B1250W,1,1,,
M 750W,1,1,,
M MR1500W,1,1,,
O B1250W,1,1,,
O B1500W,1,1,,
O B300W,1,1,,
O MR500W,1,1,,
J B2250W,1,1,,
J B2000W,1,1,,
J B1500W,1,1,,
J B1250W,1,1,,
J B300W,1,1,,
K B1500W,1,1,,
K B2250W,1,1,,
K B1250W,1,1,,
K B300W,1,1,,
N B2250W,1,1,,
N B1000W,1,1,,
N B500W,1,1,,
N B300W,1,1,,
N MR500W,1,1,,
M RACCORD DIRECT,1,1,,
O RACCORD DIRECT,1,1,,
N RACCORD DIRECT,1,1,,
K RACCORD DIRECT,1,1,,
J RACCORD DIRECT,1,1,,
L RACCORD DIRECT,1,1,,
DETECTEUR T,1,1,,
ENL BATTERIE UNIT,1,1,,
ENL PANN ALARME,1,1,,
3KW A,1,1,,
POMPE PC-3,1,1,,
CHAUDIERE,1,1,,
POMPE PC-2,1,1,,
POMPE PC-1,1,1,,
VARIATEUR POMPE,1,1,,
PANNEAU CONTROL,1,1,,
MOTEUR VC-1,1,1,,
POMPE 120V,1,1,,
BRULEUR,1,1,,
CH-2,1,1,,
2KW A,1,1,,
4KW A,1,1,,
2 KW C,1,1,,
URE-01,1,1,,
ECL URE-01,1,1,,
ADD SÉCHEUSE,1,1,,
FIXT TYPE U6,1,1,,
SENSER,1,1,,
ENL CHAUFFAGE PLAFOND,1,1,,
ENL OPERATEUR PORTE,1,1,,
FIXTURE TYPE L24,1,1,,
FIXTURE TYPE L9 23,1,1,,
FIXTURE TYPE L 24,1,1,,
FIXTURE TYPE L 11,1,1,,
FIXTURE TYPE L19,1,1,,
FIXTURE TYPE L17,1,1,,
FIXTURE TYPE E4,1,1,,
C3000W,1,1,,
C1500W,1,1,,
GRADATEUR K-Q1-UDL-000WH,1,1,,
FIXTURE TYPE H,1,1,,
TIROIR 25HP ENL,1,1,,
TIROIR 5 HP VR,1,1,,
DISJ 20A 3P PRL3A,1,1,,
FIXT TYPE DE5/B-1,1,1,,
PANN CONT ECL EXT,1,1,,
FIXT TYPE D8C,1,1,,
FIXT TYPE D8D,1,1,,
FIXT TYPE D8E,1,1,,
FIXT TYPE D8F,1,1,,
LEV 5371,1,1,,
TVSS,1,1,,
MOTEUR 2HP RIDEAU,1,1,,
RELAIS 2 POLE 120V,1,1,,
DETECTEUR THERMOVÉLOCIMÉTRIQUE,1,1,,
C1A 6000W,1,1,,
C1A 4000W,1,1,,
C1 4KW,1,1,,
C1 8KW,1,1,,
VE-01 1/8HP,1,1,,
VA-01 3/4HP,1,1,,
PANN RA,1,1,,
CIRCULATEUR,1,1,,
VT 1/2HP,1,1,,
PANN NAPPE,1,1,,
PANN FOSSE ASC,1,1,,
VA-03 1/8HP,1,1,,
PANN DETECTION DELUGE,1,1,,
VT-02 1/2HP,1,1,,
VA-02 1/8 HP,1,1,,
PANN PPM-01,1,1,,
PANN PSS-N-04,1,1,,
PANN PSS-N-02,1,1,,
PANN PSS-N-07,1,1,,
PANN PPM-N-02,1,1,,
PANN PSS-N-09,1,1,,
C4 1750W,1,1,,
C2 4KW,1,1,,
SYST-01,1,1,,
PANN PPM-N-03,1,1,,
PANN PSS-N-11,1,1,,
4/0   300MCM AL,1,1,,
1/0   3/0 AL,1,1,,
CON-001,1,1,,
PRISE 20A 125V WP TOIT,1,1,,
D 1750W,1,1,,
PRISE SÉCHEUSE 1,1,1,,
PRISE POELE 1,1,1,,
EV-001,1,1,,
MOTEUR PECD-1,1,1,,
VE-002,1,1,,
HUM-002,1,1,,
HUM-001,1,1,,
CH-1,1,1,,
RIDEAU DIVISEUR,1,1,,
SPR-1,1,1,,
GARDE LECTUR,1,1,,
HOB,1,1,,
BOITIER POUR PASSERELLE BORNE,1,1,,
CH9 -TV,1,1,,
CH9 WIFI,1,1,,
CH7 WIFI,1,1,,
CH7 -TV,1,1,,
CH4 -TV,1,1,,
CH4 WIFI,1,1,,
CH1 WIFI,1,1,,
CH1 -TV,1,1,,
CH2 WIFI,1,1,,
CH2 -TV,1,1,,
CH5 WIFI,1,1,,
CH8-TV,1,1,,
CH8 WIFI,1,1,,
CH10 -TV,1,1,,
CH10 WIFI,1,1,,
CH3 -TV,1,1,,
CH3 WIFI,1,1,,
CH6 -TV,1,1,,
CH6 WIFI,1,1,,
CH11- VENT,1,1,,
CH11 WIFI,1,1,,
RELO PHOTOCELL,1,1,,
INT CLE,1,1,,
RELO DETECTEUR FUMÉE,1,1,,
RELO STROB,1,1,,
PRISE L14-50R,1,1,,
RELO PANN 107-1,1,1,,
MOTEUR HC-01,1,1,,
monumen plancher,1,1,,
EXIT UB2 2T,1,1,,
EXT BD3,1,1,,
ADD BD3 RE,1,1,,
ADD BD3,1,1,,
ADD BD3 R,1,1,,
ADD WD2 R,1,1,,
V-15,1,1,,
V-9,1,1,,
EA-1,1,1,,
serv af-2,1,1,,
V-8,1,1,,
AG-1B,1,1,,
V-7,1,1,,
V-13,1,1,,
V-6,1,1,,
V-2B,1,1,,
V-16,1,1,,
V-14C,1,1,,
P--1A,1,1,,
V-5A,1,1,,
V-5B,1,1,,
COND YOGA,1,1,,
AG-1A,1,1,,
V-12,1,1,,
V-3,1,1,,
V-2A,1,1,,
V-14B,1,1,,
P-1B,1,1,,
V-11,1,1,,
V-14A,1,1,,
V-10,1,1,,
P-3,1,1,,
P-4,1,1,,
P-2B,1,1,,
P-2A,1,1,,
V-2C,1,1,,
V-1B,1,1,,
V-1A,1,1,,
V-1D,1,1,,
V-1C,1,1,,
V-4,1,1,,
COND BUREAU,1,1,,
COND CONF,1,1,,
P.R,1,1,,
T4000W,1,1,,
T1500W,1,1,,
MOTEUR .5 HP 120V,1,1,,
MOTEUR .25HP 120V,1,1,,
MOTEUR VC,1,1,,
MOTEUR ECH,1,1,,
MOTEUR VE-3,1,1,,
MOTEUR VA-2,1,1,,
MOTEUR PERC,1,1,,
SORTIE MICROPHONE,1,1,,
INT WST-C-5D,1,1,,
NOTE 4 8X CORFLEX 350MCM ENL,1,1,,
NOTE 6 ENLEVER AUGET,1,1,,
NOTE 3 RACCORD BARRE BLINDER,1,1,,
INT 25KV RELO,1,1,,
DISTR 600V,1,1,,
TRANSFO 1000KVA,1,1,,
SECTIONNEUR 25KV,1,1,,
TRAY 25KV,1,1,,
PLINTHE A 1250W,1,1,,
SERPENTIN SYST 02-01,1,1,,
SERPENTIN SYST 01-01,1,1,,
SERPENTIN SYST 01-02,1,1,,
SERPENTIN SYST 02-2,1,1,,
CONTACTEUR 30A 208V 2POLE,1,1,,
RELO PANPD-2N,1,1,,
RELO PANN PSS-PE,1,1,,
RELO AUGET 200A 120/08V,1,1,,
PLINTHE A2500W,1,1,,
PLINTHE A2250W,1,1,,
PLINTHE A500W,1,1,,
SYST A1-,1,1,,
SERPENTIN A1-1,1,1,,
SERPENTIN A2-1,1,1,,
SYSTEME A2,1,1,,
SECTIONNEUR 100A 600V F,1,1,,
SECTIONNEUR 200A 600V F,1,1,,
AUGET 400A 600V,1,1,,
BOITIER 3 BOUTON POUSSOIRE,1,1,,
SECTIONNEUR 30A 600V NF,1,1,,
SYST -01,1,1,,
60A 600V NF WP,1,1,,
TP-14,1,1,,
SERPENTIN -A1-2,1,1,,
VA-4 RELO,1,1,,
VR-4 RELO,1,1,,
VA-1 RELO,1,1,,
VR-1 RELO,1,1,,
VR-7 RELO,1,1,,
VR-2 RELO,1,1,,
VA-2 RELO,1,1,,
VA-3 RELO,1,1,,
VR-3 RELO,1,1,,
SERP-2 RELO,1,1,,
SERP-A3 RELO,1,1,,
SERP-A4.1,1,1,,
SERP-A4.2,1,1,,
DISJ BAB3030,1,1,,
DISJ 20A 1P SQD,1,1,,
SERP-A4 RELO,1,1,,
SERP-A1 RELO,1,1,,
RELO 60A NF,1,1,,
VA-5 RELO,1,1,,
RELO CHAUFFE-EAU,1,1,,
RELO CIRCULATEUR,1,1,,
RELO SERP A1-1,1,1,,
RELO SERP A1-3,1,1,,
INT EC,1,1,,
RELO PMI,1,1,,
RELO CONSOL INT,1,1,,
exit relo,1,1,,
INTERRUPTEUR RELO,1,1,,
FORCE FLOW W6000W,1,1,,
DRI D5000W,1,1,,
HAUT PARLEUR TROMPETTE,1,1,,
PLINTHE C1000W,1,1,,
CONTROL CL-01,1,1,,
TOILE MOTORISER,1,1,,
ECRAN BRIGHTSING,1,1,,
FIXT TYPE STRIP 4 p i,1,1,,
FIXTURE TYPE A - SENSOR,1,1,,
FIXT TYPE D-1,1,1,,
FIXT TYPE C-6,1,1,,
PRISE 30A 600V 3PH,1,1,,
DRI 2000W 347V,1,1,,
UE-PT-01 15A,1,1,,
SERPENTIN 60KW 600V,1,1,,
VA-H1 600V,1,1,,
UE-PT-02,1,1,,
CHAUFFE-EAU 600V,1,1,,
BUH 3KW 347V C/A TH,1,1,,
VE-H1,1,1,,
D/M CONBINER 120V 30A,1,1,,
RELO F3,1,1,,
RELAIS CHAUFFAGE,1,1,,
ENL PLINTHE,1,1,,
OEIL MAGIQUE,1,1,,
PANN CENTRAL ALARME,1,1,,
Compteur 1FIXT TYPE S1,1,1,,
FIXT YPE S2,1,1,,
4  POTEAUX 20pi,1,1,,
BASE DE BETON POTEAUX 14pi,1,1,,
5  POTEAUX 20pi C/A 1 ECL,1,1,,
6  MODIFICATION SUPPORT FIXT P1,1,1,,
7 POTEAUX 30pi SUR BASE BETON 1 X ECL,1,1,,
POTEAUX 20pi SUR NOUVELLE BASE C/A ECL,1,1,,
10  POTEAUX 30pi c/a fixt et pann cam,1,1,,
11 modif support poteaux ext,1,1,,
couper cond pvc,1,1,,
13  modif poteau  ecl p1 pann cam,1,1,,
14 modif sup ecl cam,1,1,,
15 poteau 30PI SUR BASE BETON,1,1,,
16 LB ACIER C/A 2 COND,1,1,,
BOITE TIRAGE 450X450 C/A COND 2 PO,1,1,,
box pour transfo 25kv 1500kva nema 4,1,1,,
moteur 3/4 hp 600v,1,1,,
AUGET 100A,1,1,,
DISJ 60A,1,1,,
DISJ 50A 3P 35KA,1,1,,
relo tANSFO 30KVA 600/120/208V,1,1,,
RELO DISCONN 60A 600V,1,1,,
A LN +,1,1,,
A LN -,1,1,,
A L4,1,1,,
A N5,1,1,,
A N6,1,1,,
FIXT YPE LP1 36 PI,1,1,,
FIXT TYPE LP1 28pi,1,1,,
FIXT TYPE LP1 11PI,1,1,,
FIXT TYPE LP9 5pi10po,1,1,,
FIXT TYPE LP12,1,1,,
FIXT TYPE LP1 10pi,1,1,,
FIXTTYPE LP1 28pi,1,1,,
FIXT TYPE LP1 22pi,1,1,,
fixttype lp12 18 PI,1,1,,
fixt type lp16m,1,1,,
fixt type kit lp13,1,1,,
FIXT TYPE LP9 10pi,1,1,,
FIXT TYPE LP10 12pi,1,1,,
FIXT TYPE LP12 12pi,1,1,,
FIXT TYPE LP12 26 pi,1,1,,
FIXT TYPE LP9 45pi,1,1,,
FIXT TYPE LP12 12pi3po,1,1,,
STRIP LIGHT AMG,1,1,,
FIXT TYPE LM03,1,1,,
60A 3P,1,1,,
FIXT TYPE LP9 4 pi,1,1,,
FIXT TYPE LM02,1,1,,
FIXTR TYPE B2,1,1,,
RELAIS 1 ZONE,1,1,,
RELAIS 2 ZONE,1,1,,
FIXTURE L4,1,1,,
PRISE 6-50P,1,1,,
PRISE 6 15P,1,1,,
PRISE 6 20P,1,1,,
MODULE ADRESSABE HOTTE,1,1,,
RELO BOUTON HOTTE,1,1,,
LAVE VAISELLE 250V,1,1,,
MOTEUR EA 250V,1,1,,
COMPRESSEUR CH FROIDE,1,1,,
PC-1,1,1,,
DÉMARREUR COMBINER,1,1,,
LUT  4A5,1,1,,
LUT  QP5 2-E,1,1,,
LUT  ELI,1,1,,
